timestamp,phase,round,episode,opponent,epsilon,outcome,p1_moves,p2_moves
2025-11-27T08:26:44.390706+00:00,run_start,0,0,,1.0,,,
2025-11-27T08:26:56.655751+00:00,train,1,1,self,1.0,0,94,
2025-11-27T08:26:56.656046+00:00,train,1,2,self,1.0,0,100,
2025-11-27T08:26:56.656559+00:00,train,1,3,self,1.0,0,96,
2025-11-27T08:26:56.656738+00:00,train,1,4,self,1.0,0,98,
2025-11-27T08:26:56.656912+00:00,train,1,5,self,1.0,0,98,
2025-11-27T08:26:56.657072+00:00,train,1,6,self,1.0,0,99,
2025-11-27T08:26:56.657225+00:00,train,1,7,self,1.0,0,94,
2025-11-27T08:26:56.657375+00:00,train,1,8,self,1.0,0,100,
2025-11-27T08:26:56.657529+00:00,train,1,9,self,1.0,0,100,
2025-11-27T08:26:56.657682+00:00,train,1,10,self,1.0,0,100,
2025-11-27T08:26:56.657831+00:00,train,1,11,self,1.0,0,96,
2025-11-27T08:26:56.657979+00:00,train,1,12,self,1.0,0,100,
2025-11-27T08:26:56.658125+00:00,train,1,13,self,1.0,0,83,
2025-11-27T08:26:56.658270+00:00,train,1,14,self,1.0,0,100,
2025-11-27T08:26:56.658415+00:00,train,1,15,self,1.0,0,99,
2025-11-27T08:26:56.658566+00:00,train,1,16,self,1.0,0,100,
2025-11-27T08:26:56.658775+00:00,train,1,17,self,1.0,0,92,
2025-11-27T08:26:56.658961+00:00,train,1,18,self,1.0,0,100,
2025-11-27T08:26:56.659121+00:00,train,1,19,self,1.0,0,96,
2025-11-27T08:26:56.659274+00:00,train,1,20,self,1.0,0,98,
2025-11-27T08:26:56.659421+00:00,train,1,21,self,1.0,0,95,
2025-11-27T08:26:56.659566+00:00,train,1,22,self,1.0,0,99,
2025-11-27T08:26:56.659709+00:00,train,1,23,self,1.0,0,87,
2025-11-27T08:26:56.659851+00:00,train,1,24,self,1.0,0,99,
2025-11-27T08:26:56.660004+00:00,train,1,25,self,1.0,0,92,
2025-11-27T08:26:56.660147+00:00,train,1,26,self,1.0,0,99,
2025-11-27T08:26:56.660288+00:00,train,1,27,self,1.0,0,99,
2025-11-27T08:26:56.660428+00:00,train,1,28,self,1.0,0,100,
2025-11-27T08:26:56.660568+00:00,train,1,29,self,1.0,0,94,
2025-11-27T08:26:56.660708+00:00,train,1,30,self,1.0,0,94,
2025-11-27T08:26:56.660848+00:00,train,1,31,self,1.0,0,97,
2025-11-27T08:26:56.660988+00:00,train,1,32,self,1.0,0,97,
2025-11-27T08:26:56.661128+00:00,train,1,33,self,1.0,0,91,
2025-11-27T08:26:56.661271+00:00,train,1,34,self,1.0,0,100,
2025-11-27T08:26:56.661412+00:00,train,1,35,self,1.0,0,95,
2025-11-27T08:26:56.661552+00:00,train,1,36,self,1.0,0,100,
2025-11-27T08:26:56.661691+00:00,train,1,37,self,1.0,0,93,
2025-11-27T08:26:56.661832+00:00,train,1,38,self,1.0,0,100,
2025-11-27T08:26:56.661971+00:00,train,1,39,self,1.0,0,88,
2025-11-27T08:26:56.662111+00:00,train,1,40,self,1.0,0,97,
2025-11-27T08:26:56.662250+00:00,train,1,41,self,1.0,0,85,
2025-11-27T08:26:56.662389+00:00,train,1,42,self,1.0,0,94,
2025-11-27T08:26:56.662530+00:00,train,1,43,self,1.0,0,87,
2025-11-27T08:26:56.662669+00:00,train,1,44,self,1.0,0,98,
2025-11-27T08:26:56.662809+00:00,train,1,45,self,1.0,0,96,
2025-11-27T08:26:56.662948+00:00,train,1,46,self,1.0,0,100,
2025-11-27T08:26:56.663088+00:00,train,1,47,self,1.0,0,84,
2025-11-27T08:26:56.663228+00:00,train,1,48,self,1.0,0,96,
2025-11-27T08:26:56.663368+00:00,train,1,49,self,1.0,0,88,
2025-11-27T08:26:56.663508+00:00,train,1,50,self,1.0,0,99,
2025-11-27T08:26:56.663648+00:00,train,1,51,self,1.0,0,87,
2025-11-27T08:26:56.663789+00:00,train,1,52,self,1.0,0,93,
2025-11-27T08:26:56.663928+00:00,train,1,53,self,1.0,0,95,
2025-11-27T08:26:56.664069+00:00,train,1,54,self,1.0,0,95,
2025-11-27T08:26:56.664209+00:00,train,1,55,self,1.0,0,87,
2025-11-27T08:26:56.664350+00:00,train,1,56,self,1.0,0,99,
2025-11-27T08:26:56.664492+00:00,train,1,57,self,1.0,0,94,
2025-11-27T08:26:56.664633+00:00,train,1,58,self,1.0,0,98,
2025-11-27T08:26:56.664774+00:00,train,1,59,self,1.0,0,96,
2025-11-27T08:26:56.664913+00:00,train,1,60,self,1.0,0,100,
2025-11-27T08:26:56.665054+00:00,train,1,61,self,1.0,0,92,
2025-11-27T08:26:56.665194+00:00,train,1,62,self,1.0,0,100,
2025-11-27T08:26:56.665335+00:00,train,1,63,self,1.0,0,94,
2025-11-27T08:26:56.665475+00:00,train,1,64,self,1.0,0,95,
2025-11-27T08:26:56.665616+00:00,train,1,65,self,1.0,0,86,
2025-11-27T08:26:56.665768+00:00,train,1,66,self,1.0,0,94,
2025-11-27T08:26:56.665902+00:00,train,1,67,self,1.0,0,93,
2025-11-27T08:26:56.666121+00:00,train,1,68,self,1.0,0,99,
2025-11-27T08:26:56.666270+00:00,train,1,69,self,1.0,0,87,
2025-11-27T08:26:56.666409+00:00,train,1,70,self,1.0,0,99,
2025-11-27T08:26:56.666549+00:00,train,1,71,self,1.0,0,95,
2025-11-27T08:26:56.666688+00:00,train,1,72,self,1.0,0,100,
2025-11-27T08:26:56.666825+00:00,train,1,73,self,1.0,0,97,
2025-11-27T08:26:56.666963+00:00,train,1,74,self,1.0,0,99,
2025-11-27T08:26:56.667101+00:00,train,1,75,self,1.0,0,95,
2025-11-27T08:26:56.667239+00:00,train,1,76,self,1.0,0,97,
2025-11-27T08:26:56.667376+00:00,train,1,77,self,1.0,0,96,
2025-11-27T08:26:56.667514+00:00,train,1,78,self,1.0,0,99,
2025-11-27T08:26:56.667653+00:00,train,1,79,self,1.0,0,83,
2025-11-27T08:26:56.667792+00:00,train,1,80,self,1.0,0,99,
2025-11-27T08:26:56.667930+00:00,train,1,81,self,1.0,0,92,
2025-11-27T08:26:56.668067+00:00,train,1,82,self,1.0,0,98,
2025-11-27T08:26:56.668204+00:00,train,1,83,self,1.0,0,97,
2025-11-27T08:26:56.668342+00:00,train,1,84,self,1.0,0,100,
2025-11-27T08:26:56.668481+00:00,train,1,85,self,1.0,0,91,
2025-11-27T08:26:56.668618+00:00,train,1,86,self,1.0,0,98,
2025-11-27T08:26:56.668761+00:00,train,1,87,self,1.0,0,97,
2025-11-27T08:26:56.668900+00:00,train,1,88,self,1.0,0,100,
2025-11-27T08:26:56.669039+00:00,train,1,89,self,1.0,0,82,
2025-11-27T08:26:56.669176+00:00,train,1,90,self,1.0,0,99,
2025-11-27T08:26:56.669314+00:00,train,1,91,self,1.0,0,95,
2025-11-27T08:26:56.669452+00:00,train,1,92,self,1.0,0,96,
2025-11-27T08:26:56.669588+00:00,train,1,93,self,1.0,0,87,
2025-11-27T08:26:56.669726+00:00,train,1,94,self,1.0,0,99,
2025-11-27T08:26:56.669862+00:00,train,1,95,self,1.0,0,89,
2025-11-27T08:26:56.669999+00:00,train,1,96,self,1.0,0,95,
2025-11-27T08:26:56.670136+00:00,train,1,97,self,1.0,0,88,
2025-11-27T08:26:56.670275+00:00,train,1,98,self,1.0,0,95,
2025-11-27T08:26:56.670411+00:00,train,1,99,self,1.0,0,94,
2025-11-27T08:26:56.670547+00:00,train,1,100,self,1.0,0,96,
2025-11-27T08:26:56.670685+00:00,train,1,101,self,1.0,0,98,
2025-11-27T08:26:56.670822+00:00,train,1,102,self,1.0,0,98,
2025-11-27T08:26:56.670959+00:00,train,1,103,self,1.0,0,90,
2025-11-27T08:26:56.671095+00:00,train,1,104,self,1.0,0,94,
2025-11-27T08:26:56.671234+00:00,train,1,105,self,1.0,0,97,
2025-11-27T08:26:56.671371+00:00,train,1,106,self,1.0,0,99,
2025-11-27T08:26:56.671509+00:00,train,1,107,self,1.0,0,95,
2025-11-27T08:26:56.671646+00:00,train,1,108,self,1.0,0,100,
2025-11-27T08:26:56.671783+00:00,train,1,109,self,1.0,0,88,
2025-11-27T08:26:56.671919+00:00,train,1,110,self,1.0,0,94,
2025-11-27T08:26:56.672056+00:00,train,1,111,self,1.0,0,85,
2025-11-27T08:26:56.672193+00:00,train,1,112,self,1.0,0,98,
2025-11-27T08:26:56.672330+00:00,train,1,113,self,1.0,0,94,
2025-11-27T08:26:56.672466+00:00,train,1,114,self,1.0,0,98,
2025-11-27T08:26:56.672604+00:00,train,1,115,self,1.0,0,89,
2025-11-27T08:26:56.672741+00:00,train,1,116,self,1.0,0,99,
2025-11-27T08:26:56.672878+00:00,train,1,117,self,1.0,0,93,
2025-11-27T08:26:56.673015+00:00,train,1,118,self,1.0,0,99,
2025-11-27T08:26:56.673151+00:00,train,1,119,self,1.0,0,82,
2025-11-27T08:26:56.673290+00:00,train,1,120,self,1.0,0,99,
2025-11-27T08:26:56.673428+00:00,train,1,121,self,1.0,0,96,
2025-11-27T08:26:56.673566+00:00,train,1,122,self,1.0,0,100,
2025-11-27T08:26:56.673703+00:00,train,1,123,self,1.0,0,99,
2025-11-27T08:26:56.673841+00:00,train,1,124,self,1.0,0,100,
2025-11-27T08:26:56.673979+00:00,train,1,125,self,1.0,0,93,
2025-11-27T08:26:56.674114+00:00,train,1,126,self,1.0,0,99,
2025-11-27T08:26:56.674260+00:00,train,1,127,self,1.0,0,87,
2025-11-27T08:26:56.674398+00:00,train,1,128,self,1.0,0,99,
2025-11-27T08:26:56.674534+00:00,train,1,129,self,1.0,0,96,
2025-11-27T08:26:56.674673+00:00,train,1,130,self,1.0,0,97,
2025-11-27T08:26:56.674811+00:00,train,1,131,self,1.0,0,93,
2025-11-27T08:26:56.674949+00:00,train,1,132,self,1.0,0,94,
2025-11-27T08:26:56.675087+00:00,train,1,133,self,1.0,0,98,
2025-11-27T08:26:56.675225+00:00,train,1,134,self,1.0,0,100,
2025-11-27T08:26:56.675442+00:00,train,1,135,self,1.0,0,98,
2025-11-27T08:26:56.675593+00:00,train,1,136,self,1.0,0,100,
2025-11-27T08:26:56.675739+00:00,train,1,137,self,1.0,0,97,
2025-11-27T08:26:56.675886+00:00,train,1,138,self,1.0,0,100,
2025-11-27T08:26:56.676031+00:00,train,1,139,self,1.0,0,93,
2025-11-27T08:26:56.676177+00:00,train,1,140,self,1.0,0,97,
2025-11-27T08:26:56.676330+00:00,train,1,141,self,1.0,0,98,
2025-11-27T08:26:56.676475+00:00,train,1,142,self,1.0,0,100,
2025-11-27T08:26:56.676629+00:00,train,1,143,self,1.0,0,98,
2025-11-27T08:26:56.676780+00:00,train,1,144,self,1.0,0,98,
2025-11-27T08:26:56.676926+00:00,train,1,145,self,1.0,0,94,
2025-11-27T08:26:56.677078+00:00,train,1,146,self,1.0,0,100,
2025-11-27T08:26:56.677223+00:00,train,1,147,self,1.0,0,85,
2025-11-27T08:26:56.677369+00:00,train,1,148,self,1.0,0,93,
2025-11-27T08:26:56.677516+00:00,train,1,149,self,1.0,0,100,
2025-11-27T08:26:56.677662+00:00,train,1,150,self,1.0,0,100,
2025-11-27T08:26:56.677807+00:00,train,1,151,self,1.0,0,83,
2025-11-27T08:26:56.677952+00:00,train,1,152,self,1.0,0,85,
2025-11-27T08:26:56.678097+00:00,train,1,153,self,1.0,0,90,
2025-11-27T08:26:56.678241+00:00,train,1,154,self,1.0,0,96,
2025-11-27T08:26:56.678387+00:00,train,1,155,self,1.0,0,90,
2025-11-27T08:26:56.678531+00:00,train,1,156,self,1.0,0,96,
2025-11-27T08:26:56.678676+00:00,train,1,157,self,1.0,0,92,
2025-11-27T08:26:56.678826+00:00,train,1,158,self,1.0,0,96,
2025-11-27T08:26:56.678970+00:00,train,1,159,self,1.0,0,98,
2025-11-27T08:26:56.679115+00:00,train,1,160,self,1.0,0,100,
2025-11-27T08:26:56.679259+00:00,train,1,161,self,1.0,0,92,
2025-11-27T08:26:56.679404+00:00,train,1,162,self,1.0,0,100,
2025-11-27T08:26:56.679548+00:00,train,1,163,self,1.0,0,90,
2025-11-27T08:26:56.679692+00:00,train,1,164,self,1.0,0,97,
2025-11-27T08:26:56.679835+00:00,train,1,165,self,1.0,0,90,
2025-11-27T08:26:56.679980+00:00,train,1,166,self,1.0,0,100,
2025-11-27T08:26:56.680125+00:00,train,1,167,self,1.0,0,95,
2025-11-27T08:26:56.680269+00:00,train,1,168,self,1.0,0,99,
2025-11-27T08:26:56.680413+00:00,train,1,169,self,1.0,0,99,
2025-11-27T08:26:56.680557+00:00,train,1,170,self,1.0,0,100,
2025-11-27T08:26:56.680700+00:00,train,1,171,self,1.0,0,98,
2025-11-27T08:26:56.680845+00:00,train,1,172,self,1.0,0,99,
2025-11-27T08:26:56.680989+00:00,train,1,173,self,1.0,0,94,
2025-11-27T08:26:56.681132+00:00,train,1,174,self,1.0,0,94,
2025-11-27T08:26:56.681278+00:00,train,1,175,self,1.0,0,88,
2025-11-27T08:26:56.681422+00:00,train,1,176,self,1.0,0,97,
2025-11-27T08:26:56.681566+00:00,train,1,177,self,1.0,0,96,
2025-11-27T08:26:56.681709+00:00,train,1,178,self,1.0,0,99,
2025-11-27T08:26:56.681852+00:00,train,1,179,self,1.0,0,88,
2025-11-27T08:26:56.681997+00:00,train,1,180,self,1.0,0,100,
2025-11-27T08:26:56.682140+00:00,train,1,181,self,1.0,0,96,
2025-11-27T08:26:56.682284+00:00,train,1,182,self,1.0,0,100,
2025-11-27T08:26:56.682428+00:00,train,1,183,self,1.0,0,89,
2025-11-27T08:26:56.682572+00:00,train,1,184,self,1.0,0,99,
2025-11-27T08:26:56.682717+00:00,train,1,185,self,1.0,0,96,
2025-11-27T08:26:56.682861+00:00,train,1,186,self,1.0,0,99,
2025-11-27T08:26:56.683005+00:00,train,1,187,self,1.0,0,83,
2025-11-27T08:26:56.683148+00:00,train,1,188,self,1.0,0,96,
2025-11-27T08:26:56.683292+00:00,train,1,189,self,1.0,0,96,
2025-11-27T08:26:56.683436+00:00,train,1,190,self,1.0,0,96,
2025-11-27T08:26:56.683579+00:00,train,1,191,self,1.0,0,97,
2025-11-27T08:26:56.683723+00:00,train,1,192,self,1.0,0,100,
2025-11-27T08:26:56.683867+00:00,train,1,193,self,1.0,0,94,
2025-11-27T08:26:56.684012+00:00,train,1,194,self,1.0,0,100,
2025-11-27T08:26:56.684157+00:00,train,1,195,self,1.0,0,98,
2025-11-27T08:26:56.684301+00:00,train,1,196,self,1.0,0,98,
2025-11-27T08:26:56.684445+00:00,train,1,197,self,1.0,0,93,
2025-11-27T08:26:56.684589+00:00,train,1,198,self,1.0,0,97,
2025-11-27T08:26:56.684732+00:00,train,1,199,self,1.0,0,97,
2025-11-27T08:26:56.684876+00:00,train,1,200,self,1.0,0,99,
2025-11-27T08:26:56.685020+00:00,train,1,201,self,1.0,0,91,
2025-11-27T08:26:56.685223+00:00,train,1,202,self,1.0,0,91,
2025-11-27T08:26:56.685368+00:00,train,1,203,self,1.0,0,100,
2025-11-27T08:26:56.685512+00:00,train,1,204,self,1.0,0,100,
2025-11-27T08:26:56.685655+00:00,train,1,205,self,1.0,0,89,
2025-11-27T08:26:56.685799+00:00,train,1,206,self,1.0,0,99,
2025-11-27T08:26:56.685944+00:00,train,1,207,self,1.0,0,96,
2025-11-27T08:26:56.686089+00:00,train,1,208,self,1.0,0,98,
2025-11-27T08:26:56.686234+00:00,train,1,209,self,1.0,0,99,
2025-11-27T08:26:56.686379+00:00,train,1,210,self,1.0,0,99,
2025-11-27T08:26:56.686530+00:00,train,1,211,self,1.0,0,89,
2025-11-27T08:26:56.686675+00:00,train,1,212,self,1.0,0,98,
2025-11-27T08:26:56.686819+00:00,train,1,213,self,1.0,0,91,
2025-11-27T08:26:56.686963+00:00,train,1,214,self,1.0,0,95,
2025-11-27T08:26:56.687107+00:00,train,1,215,self,1.0,0,97,
2025-11-27T08:26:56.687250+00:00,train,1,216,self,1.0,0,100,
2025-11-27T08:26:56.687394+00:00,train,1,217,self,1.0,0,89,
2025-11-27T08:26:56.687537+00:00,train,1,218,self,1.0,0,90,
2025-11-27T08:26:56.687683+00:00,train,1,219,self,1.0,0,98,
2025-11-27T08:26:56.687827+00:00,train,1,220,self,1.0,0,98,
2025-11-27T08:26:56.687971+00:00,train,1,221,self,1.0,0,95,
2025-11-27T08:26:56.688114+00:00,train,1,222,self,1.0,0,96,
2025-11-27T08:26:56.688258+00:00,train,1,223,self,1.0,0,89,
2025-11-27T08:26:56.688402+00:00,train,1,224,self,1.0,0,94,
2025-11-27T08:26:56.688546+00:00,train,1,225,self,1.0,0,87,
2025-11-27T08:26:56.688690+00:00,train,1,226,self,1.0,0,94,
2025-11-27T08:26:56.688837+00:00,train,1,227,self,1.0,0,98,
2025-11-27T08:26:56.688981+00:00,train,1,228,self,1.0,0,99,
2025-11-27T08:26:56.689126+00:00,train,1,229,self,1.0,0,95,
2025-11-27T08:26:56.689269+00:00,train,1,230,self,1.0,0,100,
2025-11-27T08:26:56.689412+00:00,train,1,231,self,1.0,0,99,
2025-11-27T08:26:56.689555+00:00,train,1,232,self,1.0,0,99,
2025-11-27T08:26:56.689699+00:00,train,1,233,self,1.0,0,85,
2025-11-27T08:26:56.689843+00:00,train,1,234,self,1.0,0,99,
2025-11-27T08:26:56.689986+00:00,train,1,235,self,1.0,0,97,
2025-11-27T08:26:56.690131+00:00,train,1,236,self,1.0,0,98,
2025-11-27T08:26:56.690276+00:00,train,1,237,self,1.0,0,96,
2025-11-27T08:26:56.690420+00:00,train,1,238,self,1.0,0,99,
2025-11-27T08:26:56.690564+00:00,train,1,239,self,1.0,0,99,
2025-11-27T08:26:56.690708+00:00,train,1,240,self,1.0,0,100,
2025-11-27T08:26:56.690852+00:00,train,1,241,self,1.0,0,98,
2025-11-27T08:26:56.690996+00:00,train,1,242,self,1.0,0,100,
2025-11-27T08:26:56.691141+00:00,train,1,243,self,1.0,0,94,
2025-11-27T08:26:56.691288+00:00,train,1,244,self,1.0,0,100,
2025-11-27T08:26:56.691433+00:00,train,1,245,self,1.0,0,88,
2025-11-27T08:26:56.691577+00:00,train,1,246,self,1.0,0,95,
2025-11-27T08:26:56.691733+00:00,train,1,247,self,1.0,0,93,
2025-11-27T08:26:56.691873+00:00,train,1,248,self,1.0,0,97,
2025-11-27T08:26:56.692012+00:00,train,1,249,self,1.0,0,80,
2025-11-27T08:26:56.692151+00:00,train,1,250,self,1.0,0,98,
2025-11-27T08:26:56.692290+00:00,train,1,251,self,1.0,0,86,
2025-11-27T08:26:56.692429+00:00,train,1,252,self,1.0,0,96,
2025-11-27T08:26:56.692569+00:00,train,1,253,self,1.0,0,96,
2025-11-27T08:26:56.692731+00:00,train,1,254,self,1.0,0,100,
2025-11-27T08:26:56.692872+00:00,train,1,255,self,1.0,0,93,
2025-11-27T08:26:56.693012+00:00,train,1,256,self,1.0,0,98,
2025-11-27T08:26:56.693152+00:00,train,1,257,self,1.0,0,92,
2025-11-27T08:26:56.693292+00:00,train,1,258,self,1.0,0,100,
2025-11-27T08:26:56.693433+00:00,train,1,259,self,1.0,0,91,
2025-11-27T08:26:56.693572+00:00,train,1,260,self,1.0,0,96,
2025-11-27T08:26:56.693713+00:00,train,1,261,self,1.0,0,94,
2025-11-27T08:26:56.693857+00:00,train,1,262,self,1.0,0,96,
2025-11-27T08:26:56.693998+00:00,train,1,263,self,1.0,0,98,
2025-11-27T08:26:56.694139+00:00,train,1,264,self,1.0,0,100,
2025-11-27T08:26:56.694279+00:00,train,1,265,self,1.0,0,100,
2025-11-27T08:26:56.694420+00:00,train,1,266,self,1.0,0,100,
2025-11-27T08:26:56.694559+00:00,train,1,267,self,1.0,0,87,
2025-11-27T08:26:56.694713+00:00,train,1,268,self,1.0,0,91,
2025-11-27T08:26:56.694897+00:00,train,1,269,self,1.0,0,89,
2025-11-27T08:26:56.695035+00:00,train,1,270,self,1.0,0,92,
2025-11-27T08:26:56.695171+00:00,train,1,271,self,1.0,0,96,
2025-11-27T08:26:56.695308+00:00,train,1,272,self,1.0,0,99,
2025-11-27T08:26:56.695444+00:00,train,1,273,self,1.0,0,80,
2025-11-27T08:26:56.695580+00:00,train,1,274,self,1.0,0,92,
2025-11-27T08:26:56.695716+00:00,train,1,275,self,1.0,0,92,
2025-11-27T08:26:56.695852+00:00,train,1,276,self,1.0,0,100,
2025-11-27T08:26:56.695989+00:00,train,1,277,self,1.0,0,91,
2025-11-27T08:26:56.696124+00:00,train,1,278,self,1.0,0,100,
2025-11-27T08:26:56.696260+00:00,train,1,279,self,1.0,0,100,
2025-11-27T08:26:56.696396+00:00,train,1,280,self,1.0,0,100,
2025-11-27T08:26:56.696532+00:00,train,1,281,self,1.0,0,91,
2025-11-27T08:26:56.696673+00:00,train,1,282,self,1.0,0,99,
2025-11-27T08:26:56.696810+00:00,train,1,283,self,1.0,0,94,
2025-11-27T08:26:56.696945+00:00,train,1,284,self,1.0,0,97,
2025-11-27T08:26:56.697081+00:00,train,1,285,self,1.0,0,93,
2025-11-27T08:26:56.697216+00:00,train,1,286,self,1.0,0,97,
2025-11-27T08:26:56.697352+00:00,train,1,287,self,1.0,0,89,
2025-11-27T08:26:56.697488+00:00,train,1,288,self,1.0,0,98,
2025-11-27T08:26:56.697623+00:00,train,1,289,self,1.0,0,85,
2025-11-27T08:26:56.697772+00:00,train,1,290,self,1.0,0,95,
2025-11-27T08:26:56.697903+00:00,train,1,291,self,1.0,0,95,
2025-11-27T08:26:56.698035+00:00,train,1,292,self,1.0,0,97,
2025-11-27T08:26:56.698168+00:00,train,1,293,self,1.0,0,92,
2025-11-27T08:26:56.698299+00:00,train,1,294,self,1.0,0,96,
2025-11-27T08:26:56.698431+00:00,train,1,295,self,1.0,0,83,
2025-11-27T08:26:56.698562+00:00,train,1,296,self,1.0,0,99,
2025-11-27T08:26:56.698694+00:00,train,1,297,self,1.0,0,83,
2025-11-27T08:26:56.698826+00:00,train,1,298,self,1.0,0,94,
2025-11-27T08:26:56.698957+00:00,train,1,299,self,1.0,0,92,
2025-11-27T08:26:56.699089+00:00,train,1,300,self,1.0,0,100,
2025-11-27T08:26:56.699220+00:00,train,1,301,self,1.0,0,95,
2025-11-27T08:26:56.699352+00:00,train,1,302,self,1.0,0,97,
2025-11-27T08:26:56.699483+00:00,train,1,303,self,1.0,0,98,
2025-11-27T08:26:56.699615+00:00,train,1,304,self,1.0,0,99,
2025-11-27T08:26:56.699747+00:00,train,1,305,self,1.0,0,98,
2025-11-27T08:26:56.699878+00:00,train,1,306,self,1.0,0,100,
2025-11-27T08:26:56.700009+00:00,train,1,307,self,1.0,0,92,
2025-11-27T08:26:56.700141+00:00,train,1,308,self,1.0,0,97,
2025-11-27T08:26:56.700272+00:00,train,1,309,self,1.0,0,98,
2025-11-27T08:26:56.700403+00:00,train,1,310,self,1.0,0,100,
2025-11-27T08:26:56.700535+00:00,train,1,311,self,1.0,0,81,
2025-11-27T08:26:56.700667+00:00,train,1,312,self,1.0,0,99,
2025-11-27T08:26:56.700798+00:00,train,1,313,self,1.0,0,95,
2025-11-27T08:26:56.700930+00:00,train,1,314,self,1.0,0,98,
2025-11-27T08:26:56.701062+00:00,train,1,315,self,1.0,0,97,
2025-11-27T08:26:56.701195+00:00,train,1,316,self,1.0,0,99,
2025-11-27T08:26:56.701327+00:00,train,1,317,self,1.0,0,90,
2025-11-27T08:26:56.701458+00:00,train,1,318,self,1.0,0,97,
2025-11-27T08:26:56.701589+00:00,train,1,319,self,1.0,0,93,
2025-11-27T08:26:56.701720+00:00,train,1,320,self,1.0,0,98,
2025-11-27T08:26:56.701852+00:00,train,1,321,self,1.0,0,92,
2025-11-27T08:26:56.701982+00:00,train,1,322,self,1.0,0,94,
2025-11-27T08:26:56.702112+00:00,train,1,323,self,1.0,0,95,
2025-11-27T08:26:56.702298+00:00,train,1,324,self,1.0,0,100,
2025-11-27T08:26:56.702452+00:00,train,1,325,self,1.0,0,84,
2025-11-27T08:26:56.702596+00:00,train,1,326,self,1.0,0,100,
2025-11-27T08:26:56.702739+00:00,train,1,327,self,1.0,0,95,
2025-11-27T08:26:56.702875+00:00,train,1,328,self,1.0,0,98,
2025-11-27T08:26:56.703007+00:00,train,1,329,self,1.0,0,98,
2025-11-27T08:26:56.703139+00:00,train,1,330,self,1.0,0,100,
2025-11-27T08:26:56.703269+00:00,train,1,331,self,1.0,0,98,
2025-11-27T08:26:56.703452+00:00,train,1,332,self,1.0,0,98,
2025-11-27T08:26:56.703606+00:00,train,1,333,self,1.0,0,96,
2025-11-27T08:26:56.703748+00:00,train,1,334,self,1.0,0,100,
2025-11-27T08:26:56.703884+00:00,train,1,335,self,1.0,0,74,
2025-11-27T08:26:56.704079+00:00,train,1,336,self,1.0,0,98,
2025-11-27T08:26:56.704219+00:00,train,1,337,self,1.0,0,97,
2025-11-27T08:26:56.704354+00:00,train,1,338,self,1.0,0,100,
2025-11-27T08:26:56.704488+00:00,train,1,339,self,1.0,0,93,
2025-11-27T08:26:56.704621+00:00,train,1,340,self,1.0,0,98,
2025-11-27T08:26:56.704754+00:00,train,1,341,self,1.0,0,80,
2025-11-27T08:26:56.704887+00:00,train,1,342,self,1.0,0,99,
2025-11-27T08:26:56.705019+00:00,train,1,343,self,1.0,0,98,
2025-11-27T08:26:56.705151+00:00,train,1,344,self,1.0,0,99,
2025-11-27T08:26:56.705282+00:00,train,1,345,self,1.0,0,92,
2025-11-27T08:26:56.705413+00:00,train,1,346,self,1.0,0,98,
2025-11-27T08:26:56.705544+00:00,train,1,347,self,1.0,0,98,
2025-11-27T08:26:56.705674+00:00,train,1,348,self,1.0,0,100,
2025-11-27T08:26:56.705806+00:00,train,1,349,self,1.0,0,99,
2025-11-27T08:26:56.705936+00:00,train,1,350,self,1.0,0,99,
2025-11-27T08:26:56.706067+00:00,train,1,351,self,1.0,0,93,
2025-11-27T08:26:56.706198+00:00,train,1,352,self,1.0,0,97,
2025-11-27T08:26:56.706329+00:00,train,1,353,self,1.0,0,96,
2025-11-27T08:26:56.706459+00:00,train,1,354,self,1.0,0,98,
2025-11-27T08:26:56.706590+00:00,train,1,355,self,1.0,0,95,
2025-11-27T08:26:56.706720+00:00,train,1,356,self,1.0,0,99,
2025-11-27T08:26:56.706857+00:00,train,1,357,self,1.0,0,97,
2025-11-27T08:26:56.706988+00:00,train,1,358,self,1.0,0,100,
2025-11-27T08:26:56.707118+00:00,train,1,359,self,1.0,0,75,
2025-11-27T08:26:56.707248+00:00,train,1,360,self,1.0,0,99,
2025-11-27T08:26:56.707379+00:00,train,1,361,self,1.0,0,95,
2025-11-27T08:26:56.707509+00:00,train,1,362,self,1.0,0,100,
2025-11-27T08:26:56.707640+00:00,train,1,363,self,1.0,0,93,
2025-11-27T08:26:56.707769+00:00,train,1,364,self,1.0,0,99,
2025-11-27T08:26:56.707901+00:00,train,1,365,self,1.0,0,96,
2025-11-27T08:26:56.708047+00:00,train,1,366,self,1.0,0,97,
2025-11-27T08:26:56.708179+00:00,train,1,367,self,1.0,0,89,
2025-11-27T08:26:56.708310+00:00,train,1,368,self,1.0,0,99,
2025-11-27T08:26:56.708440+00:00,train,1,369,self,1.0,0,96,
2025-11-27T08:26:56.708571+00:00,train,1,370,self,1.0,0,98,
2025-11-27T08:26:56.708702+00:00,train,1,371,self,1.0,0,87,
2025-11-27T08:26:56.708901+00:00,train,1,372,self,1.0,0,97,
2025-11-27T08:26:56.709057+00:00,train,1,373,self,1.0,0,87,
2025-11-27T08:26:56.709202+00:00,train,1,374,self,1.0,0,95,
2025-11-27T08:26:56.709343+00:00,train,1,375,self,1.0,0,99,
2025-11-27T08:26:56.709481+00:00,train,1,376,self,1.0,0,99,
2025-11-27T08:26:56.709616+00:00,train,1,377,self,1.0,0,96,
2025-11-27T08:26:56.709750+00:00,train,1,378,self,1.0,0,99,
2025-11-27T08:26:56.709884+00:00,train,1,379,self,1.0,0,75,
2025-11-27T08:26:56.710021+00:00,train,1,380,self,1.0,0,95,
2025-11-27T08:26:56.710154+00:00,train,1,381,self,1.0,0,87,
2025-11-27T08:26:56.710286+00:00,train,1,382,self,1.0,0,100,
2025-11-27T08:26:56.710419+00:00,train,1,383,self,1.0,0,100,
2025-11-27T08:26:56.710551+00:00,train,1,384,self,1.0,0,100,
2025-11-27T08:26:56.710683+00:00,train,1,385,self,1.0,0,92,
2025-11-27T08:26:56.710816+00:00,train,1,386,self,1.0,0,99,
2025-11-27T08:26:56.710948+00:00,train,1,387,self,1.0,0,94,
2025-11-27T08:26:56.711082+00:00,train,1,388,self,1.0,0,100,
2025-11-27T08:26:56.711216+00:00,train,1,389,self,1.0,0,93,
2025-11-27T08:26:56.711351+00:00,train,1,390,self,1.0,0,94,
2025-11-27T08:26:56.711484+00:00,train,1,391,self,1.0,0,96,
2025-11-27T08:26:56.711617+00:00,train,1,392,self,1.0,0,99,
2025-11-27T08:26:56.711760+00:00,train,1,393,self,1.0,0,96,
2025-11-27T08:26:56.711889+00:00,train,1,394,self,1.0,0,98,
2025-11-27T08:26:56.712018+00:00,train,1,395,self,1.0,0,90,
2025-11-27T08:26:56.712147+00:00,train,1,396,self,1.0,0,99,
2025-11-27T08:26:56.712275+00:00,train,1,397,self,1.0,0,98,
2025-11-27T08:26:56.712403+00:00,train,1,398,self,1.0,0,99,
2025-11-27T08:26:56.712532+00:00,train,1,399,self,1.0,0,99,
2025-11-27T08:26:56.712673+00:00,train,1,400,self,1.0,0,100,
2025-11-27T08:26:56.712797+00:00,train,1,401,self,1.0,0,89,
2025-11-27T08:26:56.712922+00:00,train,1,402,self,1.0,0,96,
2025-11-27T08:26:56.713098+00:00,train,1,403,self,1.0,0,99,
2025-11-27T08:26:56.713222+00:00,train,1,404,self,1.0,0,100,
2025-11-27T08:26:56.713348+00:00,train,1,405,self,1.0,0,95,
2025-11-27T08:26:56.713471+00:00,train,1,406,self,1.0,0,98,
2025-11-27T08:26:56.713593+00:00,train,1,407,self,1.0,0,93,
2025-11-27T08:26:56.713727+00:00,train,1,408,self,1.0,0,94,
2025-11-27T08:26:56.713845+00:00,train,1,409,self,1.0,0,96,
2025-11-27T08:26:56.713963+00:00,train,1,410,self,1.0,0,98,
2025-11-27T08:26:56.714081+00:00,train,1,411,self,1.0,0,95,
2025-11-27T08:26:56.714199+00:00,train,1,412,self,1.0,0,99,
2025-11-27T08:26:56.714317+00:00,train,1,413,self,1.0,0,95,
2025-11-27T08:26:56.714436+00:00,train,1,414,self,1.0,0,100,
2025-11-27T08:26:56.714553+00:00,train,1,415,self,1.0,0,97,
2025-11-27T08:26:56.714671+00:00,train,1,416,self,1.0,0,98,
2025-11-27T08:26:56.714804+00:00,train,1,417,self,1.0,0,81,
2025-11-27T08:26:56.714919+00:00,train,1,418,self,1.0,0,99,
2025-11-27T08:26:56.715033+00:00,train,1,419,self,1.0,0,83,
2025-11-27T08:26:56.715148+00:00,train,1,420,self,1.0,0,100,
2025-11-27T08:26:56.715263+00:00,train,1,421,self,1.0,0,96,
2025-11-27T08:26:56.715377+00:00,train,1,422,self,1.0,0,96,
2025-11-27T08:26:56.715492+00:00,train,1,423,self,1.0,0,95,
2025-11-27T08:26:56.715606+00:00,train,1,424,self,1.0,0,99,
2025-11-27T08:26:56.715733+00:00,train,1,425,self,1.0,0,92,
2025-11-27T08:26:56.715843+00:00,train,1,426,self,1.0,0,99,
2025-11-27T08:26:56.715955+00:00,train,1,427,self,1.0,0,90,
2025-11-27T08:26:56.716066+00:00,train,1,428,self,1.0,0,97,
2025-11-27T08:26:56.716178+00:00,train,1,429,self,1.0,0,97,
2025-11-27T08:26:56.716288+00:00,train,1,430,self,1.0,0,98,
2025-11-27T08:26:56.716400+00:00,train,1,431,self,1.0,0,86,
2025-11-27T08:26:56.716512+00:00,train,1,432,self,1.0,0,92,
2025-11-27T08:26:56.716623+00:00,train,1,433,self,1.0,0,88,
2025-11-27T08:26:56.716745+00:00,train,1,434,self,1.0,0,99,
2025-11-27T08:26:56.716853+00:00,train,1,435,self,1.0,0,93,
2025-11-27T08:26:56.716961+00:00,train,1,436,self,1.0,0,96,
2025-11-27T08:26:56.717069+00:00,train,1,437,self,1.0,0,95,
2025-11-27T08:26:56.717178+00:00,train,1,438,self,1.0,0,95,
2025-11-27T08:26:56.717286+00:00,train,1,439,self,1.0,0,99,
2025-11-27T08:26:56.717395+00:00,train,1,440,self,1.0,0,99,
2025-11-27T08:26:56.717503+00:00,train,1,441,self,1.0,0,84,
2025-11-27T08:26:56.717651+00:00,train,1,442,self,1.0,0,100,
2025-11-27T08:26:56.717815+00:00,train,1,443,self,1.0,0,95,
2025-11-27T08:26:56.717942+00:00,train,1,444,self,1.0,0,100,
2025-11-27T08:26:56.718076+00:00,train,1,445,self,1.0,0,100,
2025-11-27T08:26:56.718195+00:00,train,1,446,self,1.0,0,100,
2025-11-27T08:26:56.718328+00:00,train,1,447,self,1.0,0,98,
2025-11-27T08:26:56.718444+00:00,train,1,448,self,1.0,0,100,
2025-11-27T08:26:56.718574+00:00,train,1,449,self,1.0,0,92,
2025-11-27T08:26:56.718687+00:00,train,1,450,self,1.0,0,98,
2025-11-27T08:26:56.718802+00:00,train,1,451,self,1.0,0,89,
2025-11-27T08:26:56.718916+00:00,train,1,452,self,1.0,0,93,
2025-11-27T08:26:56.719029+00:00,train,1,453,self,1.0,0,98,
2025-11-27T08:26:56.719141+00:00,train,1,454,self,1.0,0,98,
2025-11-27T08:26:56.719270+00:00,train,1,455,self,1.0,0,96,
2025-11-27T08:26:56.719379+00:00,train,1,456,self,1.0,0,98,
2025-11-27T08:26:56.719509+00:00,train,1,457,self,1.0,0,94,
2025-11-27T08:26:56.719619+00:00,train,1,458,self,1.0,0,100,
2025-11-27T08:26:56.719774+00:00,train,1,459,self,1.0,0,95,
2025-11-27T08:26:56.719902+00:00,train,1,460,self,1.0,0,99,
2025-11-27T08:26:56.720023+00:00,train,1,461,self,1.0,0,92,
2025-11-27T08:26:56.720138+00:00,train,1,462,self,1.0,0,100,
2025-11-27T08:26:56.720249+00:00,train,1,463,self,1.0,0,92,
2025-11-27T08:26:56.720359+00:00,train,1,464,self,1.0,0,98,
2025-11-27T08:26:56.720467+00:00,train,1,465,self,1.0,0,93,
2025-11-27T08:26:56.720575+00:00,train,1,466,self,1.0,0,100,
2025-11-27T08:26:56.720682+00:00,train,1,467,self,1.0,0,95,
2025-11-27T08:26:56.720789+00:00,train,1,468,self,1.0,0,100,
2025-11-27T08:26:56.720896+00:00,train,1,469,self,1.0,0,97,
2025-11-27T08:26:56.721050+00:00,train,1,470,self,1.0,0,100,
2025-11-27T08:26:56.721159+00:00,train,1,471,self,1.0,0,99,
2025-11-27T08:26:56.721266+00:00,train,1,472,self,1.0,0,100,
2025-11-27T08:26:56.721372+00:00,train,1,473,self,1.0,0,98,
2025-11-27T08:26:56.721479+00:00,train,1,474,self,1.0,0,99,
2025-11-27T08:26:56.721586+00:00,train,1,475,self,1.0,0,88,
2025-11-27T08:26:56.721692+00:00,train,1,476,self,1.0,0,96,
2025-11-27T08:26:56.721799+00:00,train,1,477,self,1.0,0,75,
2025-11-27T08:26:56.721906+00:00,train,1,478,self,1.0,0,94,
2025-11-27T08:26:56.722012+00:00,train,1,479,self,1.0,0,88,
2025-11-27T08:26:56.722119+00:00,train,1,480,self,1.0,0,100,
2025-11-27T08:26:56.722225+00:00,train,1,481,self,1.0,0,92,
2025-11-27T08:26:56.722331+00:00,train,1,482,self,1.0,0,98,
2025-11-27T08:26:56.722436+00:00,train,1,483,self,1.0,0,85,
2025-11-27T08:26:56.722543+00:00,train,1,484,self,1.0,0,100,
2025-11-27T08:26:56.722649+00:00,train,1,485,self,1.0,0,88,
2025-11-27T08:26:56.722755+00:00,train,1,486,self,1.0,0,94,
2025-11-27T08:26:56.722861+00:00,train,1,487,self,1.0,0,91,
2025-11-27T08:26:56.722967+00:00,train,1,488,self,1.0,0,96,
2025-11-27T08:26:56.723073+00:00,train,1,489,self,1.0,0,82,
2025-11-27T08:26:56.723179+00:00,train,1,490,self,1.0,0,94,
2025-11-27T08:26:56.723285+00:00,train,1,491,self,1.0,0,99,
2025-11-27T08:26:56.723391+00:00,train,1,492,self,1.0,0,99,
2025-11-27T08:26:56.723497+00:00,train,1,493,self,1.0,0,95,
2025-11-27T08:26:56.723603+00:00,train,1,494,self,1.0,0,95,
2025-11-27T08:26:56.723709+00:00,train,1,495,self,1.0,0,97,
2025-11-27T08:26:56.723815+00:00,train,1,496,self,1.0,0,99,
2025-11-27T08:26:56.723922+00:00,train,1,497,self,1.0,0,91,
2025-11-27T08:26:56.724028+00:00,train,1,498,self,1.0,0,97,
2025-11-27T08:26:56.724134+00:00,train,1,499,self,1.0,0,90,
2025-11-27T08:26:56.724240+00:00,train,1,500,self,1.0,0,94,
2025-11-27T08:26:56.726490+00:00,train,1,501,self,1.0,0,99,
2025-11-27T08:26:56.726622+00:00,train,1,502,self,1.0,0,99,
2025-11-27T08:26:56.726730+00:00,train,1,503,self,1.0,0,92,
2025-11-27T08:26:56.726838+00:00,train,1,504,self,1.0,0,97,
2025-11-27T08:26:56.727034+00:00,train,1,505,self,1.0,0,94,
2025-11-27T08:26:56.727179+00:00,train,1,506,self,1.0,0,98,
2025-11-27T08:26:56.727333+00:00,train,1,507,self,1.0,0,99,
2025-11-27T08:26:56.727458+00:00,train,1,508,self,1.0,0,100,
2025-11-27T08:26:56.727620+00:00,train,1,509,self,1.0,0,93,
2025-11-27T08:26:56.727753+00:00,train,1,510,self,1.0,0,98,
2025-11-27T08:26:56.727876+00:00,train,1,511,self,1.0,0,93,
2025-11-27T08:26:56.727995+00:00,train,1,512,self,1.0,0,98,
2025-11-27T08:26:56.728155+00:00,train,1,513,self,1.0,0,94,
2025-11-27T08:26:56.728282+00:00,train,1,514,self,1.0,0,97,
2025-11-27T08:26:56.728444+00:00,train,1,515,self,1.0,0,90,
2025-11-27T08:26:56.728582+00:00,train,1,516,self,1.0,0,100,
2025-11-27T08:26:56.728728+00:00,train,1,517,self,1.0,0,91,
2025-11-27T08:26:56.728854+00:00,train,1,518,self,1.0,0,98,
2025-11-27T08:26:56.728974+00:00,train,1,519,self,1.0,0,93,
2025-11-27T08:26:56.729137+00:00,train,1,520,self,1.0,0,94,
2025-11-27T08:26:56.729266+00:00,train,1,521,self,1.0,0,91,
2025-11-27T08:26:56.729431+00:00,train,1,522,self,1.0,0,100,
2025-11-27T08:26:56.729566+00:00,train,1,523,self,1.0,0,96,
2025-11-27T08:26:56.729760+00:00,train,1,524,self,1.0,0,100,
2025-11-27T08:26:56.729896+00:00,train,1,525,self,1.0,0,88,
2025-11-27T08:26:56.730061+00:00,train,1,526,self,1.0,0,95,
2025-11-27T08:26:56.730199+00:00,train,1,527,self,1.0,0,79,
2025-11-27T08:26:56.730327+00:00,train,1,528,self,1.0,0,97,
2025-11-27T08:26:56.730451+00:00,train,1,529,self,1.0,0,90,
2025-11-27T08:26:56.730573+00:00,train,1,530,self,1.0,0,94,
2025-11-27T08:26:56.730708+00:00,train,1,531,self,1.0,0,96,
2025-11-27T08:26:56.730830+00:00,train,1,532,self,1.0,0,99,
2025-11-27T08:26:56.730954+00:00,train,1,533,self,1.0,0,98,
2025-11-27T08:26:56.731075+00:00,train,1,534,self,1.0,0,100,
2025-11-27T08:26:56.731196+00:00,train,1,535,self,1.0,0,89,
2025-11-27T08:26:56.731319+00:00,train,1,536,self,1.0,0,99,
2025-11-27T08:26:56.731485+00:00,train,1,537,self,1.0,0,97,
2025-11-27T08:26:56.731608+00:00,train,1,538,self,1.0,0,99,
2025-11-27T08:26:56.731748+00:00,train,1,539,self,1.0,0,95,
2025-11-27T08:26:56.731874+00:00,train,1,540,self,1.0,0,97,
2025-11-27T08:26:56.732002+00:00,train,1,541,self,1.0,0,89,
2025-11-27T08:26:56.732128+00:00,train,1,542,self,1.0,0,100,
2025-11-27T08:26:56.732253+00:00,train,1,543,self,1.0,0,97,
2025-11-27T08:26:56.732378+00:00,train,1,544,self,1.0,0,100,
2025-11-27T08:26:56.732502+00:00,train,1,545,self,1.0,0,90,
2025-11-27T08:26:56.732641+00:00,train,1,546,self,1.0,0,97,
2025-11-27T08:26:56.732768+00:00,train,1,547,self,1.0,0,88,
2025-11-27T08:26:56.732896+00:00,train,1,548,self,1.0,0,100,
2025-11-27T08:26:56.733022+00:00,train,1,549,self,1.0,0,98,
2025-11-27T08:26:56.733150+00:00,train,1,550,self,1.0,0,100,
2025-11-27T08:26:56.733277+00:00,train,1,551,self,1.0,0,95,
2025-11-27T08:26:56.733405+00:00,train,1,552,self,1.0,0,97,
2025-11-27T08:26:56.733532+00:00,train,1,553,self,1.0,0,98,
2025-11-27T08:26:56.733675+00:00,train,1,554,self,1.0,0,100,
2025-11-27T08:26:56.733806+00:00,train,1,555,self,1.0,0,91,
2025-11-27T08:26:56.733937+00:00,train,1,556,self,1.0,0,97,
2025-11-27T08:26:56.734068+00:00,train,1,557,self,1.0,0,98,
2025-11-27T08:26:56.734199+00:00,train,1,558,self,1.0,0,99,
2025-11-27T08:26:56.734330+00:00,train,1,559,self,1.0,0,98,
2025-11-27T08:26:56.734460+00:00,train,1,560,self,1.0,0,99,
2025-11-27T08:26:56.734592+00:00,train,1,561,self,1.0,0,99,
2025-11-27T08:26:56.734739+00:00,train,1,562,self,1.0,0,100,
2025-11-27T08:26:56.734873+00:00,train,1,563,self,1.0,0,90,
2025-11-27T08:26:56.735008+00:00,train,1,564,self,1.0,0,100,
2025-11-27T08:26:56.735144+00:00,train,1,565,self,1.0,0,95,
2025-11-27T08:26:56.735278+00:00,train,1,566,self,1.0,0,98,
2025-11-27T08:26:56.735413+00:00,train,1,567,self,1.0,0,88,
2025-11-27T08:26:56.735550+00:00,train,1,568,self,1.0,0,89,
2025-11-27T08:26:56.735685+00:00,train,1,569,self,1.0,0,94,
2025-11-27T08:26:56.735820+00:00,train,1,570,self,1.0,0,97,
2025-11-27T08:26:56.735954+00:00,train,1,571,self,1.0,0,96,
2025-11-27T08:26:56.736089+00:00,train,1,572,self,1.0,0,98,
2025-11-27T08:26:56.736224+00:00,train,1,573,self,1.0,0,98,
2025-11-27T08:26:56.736359+00:00,train,1,574,self,1.0,0,100,
2025-11-27T08:26:56.736495+00:00,train,1,575,self,1.0,0,97,
2025-11-27T08:26:56.736630+00:00,train,1,576,self,1.0,0,99,
2025-11-27T08:26:56.736765+00:00,train,1,577,self,1.0,0,75,
2025-11-27T08:26:56.736900+00:00,train,1,578,self,1.0,0,100,
2025-11-27T08:26:56.737035+00:00,train,1,579,self,1.0,0,93,
2025-11-27T08:26:56.737170+00:00,train,1,580,self,1.0,0,99,
2025-11-27T08:26:56.737306+00:00,train,1,581,self,1.0,0,92,
2025-11-27T08:26:56.737441+00:00,train,1,582,self,1.0,0,99,
2025-11-27T08:26:56.737576+00:00,train,1,583,self,1.0,0,89,
2025-11-27T08:26:56.737711+00:00,train,1,584,self,1.0,0,95,
2025-11-27T08:26:56.737846+00:00,train,1,585,self,1.0,0,96,
2025-11-27T08:26:56.737982+00:00,train,1,586,self,1.0,0,100,
2025-11-27T08:26:56.738118+00:00,train,1,587,self,1.0,0,94,
2025-11-27T08:26:56.738254+00:00,train,1,588,self,1.0,0,99,
2025-11-27T08:26:56.738390+00:00,train,1,589,self,1.0,0,97,
2025-11-27T08:26:56.738538+00:00,train,1,590,self,1.0,0,100,
2025-11-27T08:26:56.738677+00:00,train,1,591,self,1.0,0,94,
2025-11-27T08:26:56.738818+00:00,train,1,592,self,1.0,0,100,
2025-11-27T08:26:56.738954+00:00,train,1,593,self,1.0,0,93,
2025-11-27T08:26:56.739091+00:00,train,1,594,self,1.0,0,94,
2025-11-27T08:26:56.739230+00:00,train,1,595,self,1.0,0,96,
2025-11-27T08:26:56.739371+00:00,train,1,596,self,1.0,0,96,
2025-11-27T08:26:56.739507+00:00,train,1,597,self,1.0,0,86,
2025-11-27T08:26:56.739645+00:00,train,1,598,self,1.0,0,98,
2025-11-27T08:26:56.739782+00:00,train,1,599,self,1.0,0,79,
2025-11-27T08:26:56.739920+00:00,train,1,600,self,1.0,0,89,
2025-11-27T08:26:56.740055+00:00,train,1,601,self,1.0,0,89,
2025-11-27T08:26:56.740192+00:00,train,1,602,self,1.0,0,100,
2025-11-27T08:26:56.740333+00:00,train,1,603,self,1.0,0,86,
2025-11-27T08:26:56.740531+00:00,train,1,604,self,1.0,0,94,
2025-11-27T08:26:56.740677+00:00,train,1,605,self,1.0,0,98,
2025-11-27T08:26:56.740817+00:00,train,1,606,self,1.0,0,99,
2025-11-27T08:26:56.741014+00:00,train,1,607,self,1.0,0,87,
2025-11-27T08:26:56.741171+00:00,train,1,608,self,1.0,0,98,
2025-11-27T08:26:56.741314+00:00,train,1,609,self,1.0,0,85,
2025-11-27T08:26:56.741453+00:00,train,1,610,self,1.0,0,100,
2025-11-27T08:26:56.741589+00:00,train,1,611,self,1.0,0,83,
2025-11-27T08:26:56.741723+00:00,train,1,612,self,1.0,0,93,
2025-11-27T08:26:56.741855+00:00,train,1,613,self,1.0,0,92,
2025-11-27T08:26:56.741990+00:00,train,1,614,self,1.0,0,99,
2025-11-27T08:26:56.742205+00:00,train,1,615,self,1.0,0,85,
2025-11-27T08:26:56.742375+00:00,train,1,616,self,1.0,0,93,
2025-11-27T08:26:56.742523+00:00,train,1,617,self,1.0,0,93,
2025-11-27T08:26:56.742665+00:00,train,1,618,self,1.0,0,100,
2025-11-27T08:26:56.742806+00:00,train,1,619,self,1.0,0,89,
2025-11-27T08:26:56.742943+00:00,train,1,620,self,1.0,0,98,
2025-11-27T08:26:56.743077+00:00,train,1,621,self,1.0,0,100,
2025-11-27T08:26:56.743211+00:00,train,1,622,self,1.0,0,100,
2025-11-27T08:26:56.743406+00:00,train,1,623,self,1.0,0,85,
2025-11-27T08:26:56.743567+00:00,train,1,624,self,1.0,0,99,
2025-11-27T08:26:56.743729+00:00,train,1,625,self,1.0,0,82,
2025-11-27T08:26:56.743872+00:00,train,1,626,self,1.0,0,99,
2025-11-27T08:26:56.744012+00:00,train,1,627,self,1.0,0,96,
2025-11-27T08:26:56.744150+00:00,train,1,628,self,1.0,0,100,
2025-11-27T08:26:56.744288+00:00,train,1,629,self,1.0,0,99,
2025-11-27T08:26:56.744425+00:00,train,1,630,self,1.0,0,100,
2025-11-27T08:26:56.744560+00:00,train,1,631,self,1.0,0,93,
2025-11-27T08:26:56.744709+00:00,train,1,632,self,1.0,0,94,
2025-11-27T08:26:56.744840+00:00,train,1,633,self,1.0,0,96,
2025-11-27T08:26:56.744971+00:00,train,1,634,self,1.0,0,99,
2025-11-27T08:26:56.745102+00:00,train,1,635,self,1.0,0,87,
2025-11-27T08:26:56.745234+00:00,train,1,636,self,1.0,0,96,
2025-11-27T08:26:56.745367+00:00,train,1,637,self,1.0,0,96,
2025-11-27T08:26:56.745499+00:00,train,1,638,self,1.0,0,99,
2025-11-27T08:26:56.745630+00:00,train,1,639,self,1.0,0,95,
2025-11-27T08:26:56.745771+00:00,train,1,640,self,1.0,0,99,
2025-11-27T08:26:56.745899+00:00,train,1,641,self,1.0,0,92,
2025-11-27T08:26:56.746026+00:00,train,1,642,self,1.0,0,94,
2025-11-27T08:26:56.746155+00:00,train,1,643,self,1.0,0,96,
2025-11-27T08:26:56.746282+00:00,train,1,644,self,1.0,0,96,
2025-11-27T08:26:56.746455+00:00,train,1,645,self,1.0,0,97,
2025-11-27T08:26:56.746597+00:00,train,1,646,self,1.0,0,98,
2025-11-27T08:26:56.746741+00:00,train,1,647,self,1.0,0,96,
2025-11-27T08:26:56.746926+00:00,train,1,648,self,1.0,0,100,
2025-11-27T08:26:56.747287+00:00,train,1,649,self,1.0,0,97,
2025-11-27T08:26:56.747461+00:00,train,1,650,self,1.0,0,98,
2025-11-27T08:26:56.747600+00:00,train,1,651,self,1.0,0,90,
2025-11-27T08:26:56.747743+00:00,train,1,652,self,1.0,0,99,
2025-11-27T08:26:56.747872+00:00,train,1,653,self,1.0,0,80,
2025-11-27T08:26:56.747999+00:00,train,1,654,self,1.0,0,100,
2025-11-27T08:26:56.748179+00:00,train,1,655,self,1.0,0,99,
2025-11-27T08:26:56.748327+00:00,train,1,656,self,1.0,0,100,
2025-11-27T08:26:56.748459+00:00,train,1,657,self,1.0,0,96,
2025-11-27T08:26:56.748586+00:00,train,1,658,self,1.0,0,98,
2025-11-27T08:26:56.748786+00:00,train,1,659,self,1.0,0,93,
2025-11-27T08:26:56.748928+00:00,train,1,660,self,1.0,0,99,
2025-11-27T08:26:56.749077+00:00,train,1,661,self,1.0,0,95,
2025-11-27T08:26:56.749208+00:00,train,1,662,self,1.0,0,99,
2025-11-27T08:26:56.749337+00:00,train,1,663,self,1.0,0,84,
2025-11-27T08:26:56.749531+00:00,train,1,664,self,1.0,0,99,
2025-11-27T08:26:56.749714+00:00,train,1,665,self,1.0,0,95,
2025-11-27T08:26:56.749872+00:00,train,1,666,self,1.0,0,100,
2025-11-27T08:26:56.750004+00:00,train,1,667,self,1.0,0,98,
2025-11-27T08:26:56.750128+00:00,train,1,668,self,1.0,0,100,
2025-11-27T08:26:56.750249+00:00,train,1,669,self,1.0,0,96,
2025-11-27T08:26:56.750368+00:00,train,1,670,self,1.0,0,98,
2025-11-27T08:26:56.750540+00:00,train,1,671,self,1.0,0,93,
2025-11-27T08:26:56.750660+00:00,train,1,672,self,1.0,0,95,
2025-11-27T08:26:56.750788+00:00,train,1,673,self,1.0,0,99,
2025-11-27T08:26:56.750901+00:00,train,1,674,self,1.0,0,99,
2025-11-27T08:26:56.751011+00:00,train,1,675,self,1.0,0,82,
2025-11-27T08:26:56.751121+00:00,train,1,676,self,1.0,0,93,
2025-11-27T08:26:56.751230+00:00,train,1,677,self,1.0,0,96,
2025-11-27T08:26:56.751340+00:00,train,1,678,self,1.0,0,99,
2025-11-27T08:26:56.751449+00:00,train,1,679,self,1.0,0,97,
2025-11-27T08:26:56.751559+00:00,train,1,680,self,1.0,0,98,
2025-11-27T08:26:56.751681+00:00,train,1,681,self,1.0,0,95,
2025-11-27T08:26:56.751787+00:00,train,1,682,self,1.0,0,100,
2025-11-27T08:26:56.751893+00:00,train,1,683,self,1.0,0,89,
2025-11-27T08:26:56.752019+00:00,train,1,684,self,1.0,0,99,
2025-11-27T08:26:56.752127+00:00,train,1,685,self,1.0,0,91,
2025-11-27T08:26:56.752235+00:00,train,1,686,self,1.0,0,93,
2025-11-27T08:26:56.752342+00:00,train,1,687,self,1.0,0,96,
2025-11-27T08:26:56.752450+00:00,train,1,688,self,1.0,0,100,
2025-11-27T08:26:56.752557+00:00,train,1,689,self,1.0,0,87,
2025-11-27T08:26:56.752664+00:00,train,1,690,self,1.0,0,99,
2025-11-27T08:26:56.752771+00:00,train,1,691,self,1.0,0,86,
2025-11-27T08:26:56.752878+00:00,train,1,692,self,1.0,0,88,
2025-11-27T08:26:56.752985+00:00,train,1,693,self,1.0,0,84,
2025-11-27T08:26:56.753092+00:00,train,1,694,self,1.0,0,97,
2025-11-27T08:26:56.753198+00:00,train,1,695,self,1.0,0,88,
2025-11-27T08:26:56.753321+00:00,train,1,696,self,1.0,0,94,
2025-11-27T08:26:56.753433+00:00,train,1,697,self,1.0,0,97,
2025-11-27T08:26:56.753546+00:00,train,1,698,self,1.0,0,98,
2025-11-27T08:26:56.753653+00:00,train,1,699,self,1.0,0,86,
2025-11-27T08:26:56.753760+00:00,train,1,700,self,1.0,0,100,
2025-11-27T08:26:56.753867+00:00,train,1,701,self,1.0,0,98,
2025-11-27T08:26:56.753974+00:00,train,1,702,self,1.0,0,100,
2025-11-27T08:26:56.754080+00:00,train,1,703,self,1.0,0,98,
2025-11-27T08:26:56.754264+00:00,train,1,704,self,1.0,0,98,
2025-11-27T08:26:56.754406+00:00,train,1,705,self,1.0,0,92,
2025-11-27T08:26:56.754526+00:00,train,1,706,self,1.0,0,94,
2025-11-27T08:26:56.754639+00:00,train,1,707,self,1.0,0,100,
2025-11-27T08:26:56.754766+00:00,train,1,708,self,1.0,0,100,
2025-11-27T08:26:56.754877+00:00,train,1,709,self,1.0,0,91,
2025-11-27T08:26:56.754987+00:00,train,1,710,self,1.0,0,100,
2025-11-27T08:26:56.755097+00:00,train,1,711,self,1.0,0,90,
2025-11-27T08:26:56.755293+00:00,train,1,712,self,1.0,0,92,
2025-11-27T08:26:56.755445+00:00,train,1,713,self,1.0,0,94,
2025-11-27T08:26:56.755577+00:00,train,1,714,self,1.0,0,99,
2025-11-27T08:26:56.755713+00:00,train,1,715,self,1.0,0,99,
2025-11-27T08:26:56.755837+00:00,train,1,716,self,1.0,0,100,
2025-11-27T08:26:56.755959+00:00,train,1,717,self,1.0,0,97,
2025-11-27T08:26:56.756074+00:00,train,1,718,self,1.0,0,100,
2025-11-27T08:26:56.756197+00:00,train,1,719,self,1.0,0,99,
2025-11-27T08:26:56.756312+00:00,train,1,720,self,1.0,0,100,
2025-11-27T08:26:56.756433+00:00,train,1,721,self,1.0,0,92,
2025-11-27T08:26:56.756550+00:00,train,1,722,self,1.0,0,100,
2025-11-27T08:26:56.756690+00:00,train,1,723,self,1.0,0,96,
2025-11-27T08:26:56.756805+00:00,train,1,724,self,1.0,0,99,
2025-11-27T08:26:56.756920+00:00,train,1,725,self,1.0,0,98,
2025-11-27T08:26:56.757035+00:00,train,1,726,self,1.0,0,100,
2025-11-27T08:26:56.757149+00:00,train,1,727,self,1.0,0,95,
2025-11-27T08:26:56.757264+00:00,train,1,728,self,1.0,0,99,
2025-11-27T08:26:56.757378+00:00,train,1,729,self,1.0,0,95,
2025-11-27T08:26:56.757493+00:00,train,1,730,self,1.0,0,98,
2025-11-27T08:26:56.757672+00:00,train,1,731,self,1.0,0,97,
2025-11-27T08:26:56.757838+00:00,train,1,732,self,1.0,0,100,
2025-11-27T08:26:56.757982+00:00,train,1,733,self,1.0,0,99,
2025-11-27T08:26:56.758113+00:00,train,1,734,self,1.0,0,100,
2025-11-27T08:26:56.758240+00:00,train,1,735,self,1.0,0,95,
2025-11-27T08:26:56.758367+00:00,train,1,736,self,1.0,0,97,
2025-11-27T08:26:56.758491+00:00,train,1,737,self,1.0,0,90,
2025-11-27T08:26:56.758724+00:00,train,1,738,self,1.0,0,96,
2025-11-27T08:26:56.758914+00:00,train,1,739,self,1.0,0,89,
2025-11-27T08:26:56.759061+00:00,train,1,740,self,1.0,0,93,
2025-11-27T08:26:56.759206+00:00,train,1,741,self,1.0,0,94,
2025-11-27T08:26:56.759339+00:00,train,1,742,self,1.0,0,97,
2025-11-27T08:26:56.759468+00:00,train,1,743,self,1.0,0,99,
2025-11-27T08:26:56.759596+00:00,train,1,744,self,1.0,0,100,
2025-11-27T08:26:56.759808+00:00,train,1,745,self,1.0,0,96,
2025-11-27T08:26:56.760002+00:00,train,1,746,self,1.0,0,99,
2025-11-27T08:26:56.760173+00:00,train,1,747,self,1.0,0,96,
2025-11-27T08:26:56.760319+00:00,train,1,748,self,1.0,0,99,
2025-11-27T08:26:56.760459+00:00,train,1,749,self,1.0,0,80,
2025-11-27T08:26:56.760594+00:00,train,1,750,self,1.0,0,98,
2025-11-27T08:26:56.760724+00:00,train,1,751,self,1.0,0,96,
2025-11-27T08:26:56.760870+00:00,train,1,752,self,1.0,0,96,
2025-11-27T08:26:56.761003+00:00,train,1,753,self,1.0,0,95,
2025-11-27T08:26:56.761136+00:00,train,1,754,self,1.0,0,98,
2025-11-27T08:26:56.761267+00:00,train,1,755,self,1.0,0,94,
2025-11-27T08:26:56.761396+00:00,train,1,756,self,1.0,0,95,
2025-11-27T08:26:56.761525+00:00,train,1,757,self,1.0,0,97,
2025-11-27T08:26:56.761656+00:00,train,1,758,self,1.0,0,100,
2025-11-27T08:26:56.761785+00:00,train,1,759,self,1.0,0,99,
2025-11-27T08:26:56.761914+00:00,train,1,760,self,1.0,0,99,
2025-11-27T08:26:56.762043+00:00,train,1,761,self,1.0,0,98,
2025-11-27T08:26:56.762172+00:00,train,1,762,self,1.0,0,100,
2025-11-27T08:26:56.762301+00:00,train,1,763,self,1.0,0,97,
2025-11-27T08:26:56.762430+00:00,train,1,764,self,1.0,0,99,
2025-11-27T08:26:56.762558+00:00,train,1,765,self,1.0,0,94,
2025-11-27T08:26:56.762687+00:00,train,1,766,self,1.0,0,95,
2025-11-27T08:26:56.762814+00:00,train,1,767,self,1.0,0,99,
2025-11-27T08:26:56.762942+00:00,train,1,768,self,1.0,0,99,
2025-11-27T08:26:56.763069+00:00,train,1,769,self,1.0,0,94,
2025-11-27T08:26:56.763197+00:00,train,1,770,self,1.0,0,95,
2025-11-27T08:26:56.763325+00:00,train,1,771,self,1.0,0,98,
2025-11-27T08:26:56.763454+00:00,train,1,772,self,1.0,0,100,
2025-11-27T08:26:56.763583+00:00,train,1,773,self,1.0,0,86,
2025-11-27T08:26:56.763711+00:00,train,1,774,self,1.0,0,99,
2025-11-27T08:26:56.763839+00:00,train,1,775,self,1.0,0,97,
2025-11-27T08:26:56.763966+00:00,train,1,776,self,1.0,0,100,
2025-11-27T08:26:56.764093+00:00,train,1,777,self,1.0,0,100,
2025-11-27T08:26:56.764221+00:00,train,1,778,self,1.0,0,100,
2025-11-27T08:26:56.764349+00:00,train,1,779,self,1.0,0,92,
2025-11-27T08:26:56.764477+00:00,train,1,780,self,1.0,0,98,
2025-11-27T08:26:56.764605+00:00,train,1,781,self,1.0,0,94,
2025-11-27T08:26:56.764732+00:00,train,1,782,self,1.0,0,100,
2025-11-27T08:26:56.764861+00:00,train,1,783,self,1.0,0,97,
2025-11-27T08:26:56.764988+00:00,train,1,784,self,1.0,0,100,
2025-11-27T08:26:56.765115+00:00,train,1,785,self,1.0,0,97,
2025-11-27T08:26:56.765242+00:00,train,1,786,self,1.0,0,100,
2025-11-27T08:26:56.765371+00:00,train,1,787,self,1.0,0,95,
2025-11-27T08:26:56.765498+00:00,train,1,788,self,1.0,0,100,
2025-11-27T08:26:56.765626+00:00,train,1,789,self,1.0,0,90,
2025-11-27T08:26:56.765755+00:00,train,1,790,self,1.0,0,99,
2025-11-27T08:26:56.765881+00:00,train,1,791,self,1.0,0,94,
2025-11-27T08:26:56.766009+00:00,train,1,792,self,1.0,0,99,
2025-11-27T08:26:56.766137+00:00,train,1,793,self,1.0,0,93,
2025-11-27T08:26:56.766265+00:00,train,1,794,self,1.0,0,98,
2025-11-27T08:26:56.766465+00:00,train,1,795,self,1.0,0,100,
2025-11-27T08:26:56.766665+00:00,train,1,796,self,1.0,0,100,
2025-11-27T08:26:56.767109+00:00,train,1,797,self,1.0,0,96,
2025-11-27T08:26:56.767386+00:00,train,1,798,self,1.0,0,98,
2025-11-27T08:26:56.767760+00:00,train,1,799,self,1.0,0,77,
2025-11-27T08:26:56.768052+00:00,train,1,800,self,1.0,0,99,
2025-11-27T08:26:56.768312+00:00,train,1,801,self,1.0,0,87,
2025-11-27T08:26:56.768570+00:00,train,1,802,self,1.0,0,96,
2025-11-27T08:26:56.768845+00:00,train,1,803,self,1.0,0,83,
2025-11-27T08:26:56.769074+00:00,train,1,804,self,1.0,0,94,
2025-11-27T08:26:56.769425+00:00,train,1,805,self,1.0,0,98,
2025-11-27T08:26:56.769761+00:00,train,1,806,self,1.0,0,99,
2025-11-27T08:26:56.770104+00:00,train,1,807,self,1.0,0,84,
2025-11-27T08:26:56.770323+00:00,train,1,808,self,1.0,0,99,
2025-11-27T08:26:56.770487+00:00,train,1,809,self,1.0,0,94,
2025-11-27T08:26:56.770664+00:00,train,1,810,self,1.0,0,99,
2025-11-27T08:26:56.770881+00:00,train,1,811,self,1.0,0,94,
2025-11-27T08:26:56.771059+00:00,train,1,812,self,1.0,0,95,
2025-11-27T08:26:56.771262+00:00,train,1,813,self,1.0,0,88,
2025-11-27T08:26:56.771638+00:00,train,1,814,self,1.0,0,99,
2025-11-27T08:26:56.772018+00:00,train,1,815,self,1.0,0,94,
2025-11-27T08:26:56.772400+00:00,train,1,816,self,1.0,0,100,
2025-11-27T08:26:56.772711+00:00,train,1,817,self,1.0,0,86,
2025-11-27T08:26:56.772940+00:00,train,1,818,self,1.0,0,86,
2025-11-27T08:26:56.773110+00:00,train,1,819,self,1.0,0,97,
2025-11-27T08:26:56.773299+00:00,train,1,820,self,1.0,0,100,
2025-11-27T08:26:56.773461+00:00,train,1,821,self,1.0,0,99,
2025-11-27T08:26:56.773611+00:00,train,1,822,self,1.0,0,100,
2025-11-27T08:26:56.773791+00:00,train,1,823,self,1.0,0,94,
2025-11-27T08:26:56.773979+00:00,train,1,824,self,1.0,0,98,
2025-11-27T08:26:56.774204+00:00,train,1,825,self,1.0,0,99,
2025-11-27T08:26:56.774430+00:00,train,1,826,self,1.0,0,100,
2025-11-27T08:26:56.774644+00:00,train,1,827,self,1.0,0,95,
2025-11-27T08:26:56.774808+00:00,train,1,828,self,1.0,0,98,
2025-11-27T08:26:56.774960+00:00,train,1,829,self,1.0,0,94,
2025-11-27T08:26:56.775108+00:00,train,1,830,self,1.0,0,98,
2025-11-27T08:26:56.775253+00:00,train,1,831,self,1.0,0,85,
2025-11-27T08:26:56.775416+00:00,train,1,832,self,1.0,0,100,
2025-11-27T08:26:56.775629+00:00,train,1,833,self,1.0,0,85,
2025-11-27T08:26:56.775800+00:00,train,1,834,self,1.0,0,99,
2025-11-27T08:26:56.775985+00:00,train,1,835,self,1.0,0,100,
2025-11-27T08:26:56.776228+00:00,train,1,836,self,1.0,0,100,
2025-11-27T08:26:56.776441+00:00,train,1,837,self,1.0,0,71,
2025-11-27T08:26:56.776644+00:00,train,1,838,self,1.0,0,96,
2025-11-27T08:26:56.776823+00:00,train,1,839,self,1.0,0,97,
2025-11-27T08:26:56.776973+00:00,train,1,840,self,1.0,0,99,
2025-11-27T08:26:56.777171+00:00,train,1,841,self,1.0,0,87,
2025-11-27T08:26:56.777335+00:00,train,1,842,self,1.0,0,100,
2025-11-27T08:26:56.777484+00:00,train,1,843,self,1.0,0,92,
2025-11-27T08:26:56.777626+00:00,train,1,844,self,1.0,0,96,
2025-11-27T08:26:56.777764+00:00,train,1,845,self,1.0,0,93,
2025-11-27T08:26:56.777901+00:00,train,1,846,self,1.0,0,100,
2025-11-27T08:26:56.778036+00:00,train,1,847,self,1.0,0,94,
2025-11-27T08:26:56.778172+00:00,train,1,848,self,1.0,0,98,
2025-11-27T08:26:56.778308+00:00,train,1,849,self,1.0,0,97,
2025-11-27T08:26:56.778440+00:00,train,1,850,self,1.0,0,98,
2025-11-27T08:26:56.778573+00:00,train,1,851,self,1.0,0,89,
2025-11-27T08:26:56.778722+00:00,train,1,852,self,1.0,0,100,
2025-11-27T08:26:56.778860+00:00,train,1,853,self,1.0,0,88,
2025-11-27T08:26:56.778996+00:00,train,1,854,self,1.0,0,91,
2025-11-27T08:26:56.779131+00:00,train,1,855,self,1.0,0,90,
2025-11-27T08:26:56.779273+00:00,train,1,856,self,1.0,0,100,
2025-11-27T08:26:56.779410+00:00,train,1,857,self,1.0,0,96,
2025-11-27T08:26:56.779545+00:00,train,1,858,self,1.0,0,100,
2025-11-27T08:26:56.779682+00:00,train,1,859,self,1.0,0,99,
2025-11-27T08:26:56.779817+00:00,train,1,860,self,1.0,0,99,
2025-11-27T08:26:56.779952+00:00,train,1,861,self,1.0,0,99,
2025-11-27T08:26:56.780088+00:00,train,1,862,self,1.0,0,100,
2025-11-27T08:26:56.780223+00:00,train,1,863,self,1.0,0,92,
2025-11-27T08:26:56.780367+00:00,train,1,864,self,1.0,0,94,
2025-11-27T08:26:56.780504+00:00,train,1,865,self,1.0,0,90,
2025-11-27T08:26:56.780640+00:00,train,1,866,self,1.0,0,94,
2025-11-27T08:26:56.780789+00:00,train,1,867,self,1.0,0,100,
2025-11-27T08:26:56.780921+00:00,train,1,868,self,1.0,0,100,
2025-11-27T08:26:56.781052+00:00,train,1,869,self,1.0,0,97,
2025-11-27T08:26:56.781184+00:00,train,1,870,self,1.0,0,99,
2025-11-27T08:26:56.781316+00:00,train,1,871,self,1.0,0,97,
2025-11-27T08:26:56.781516+00:00,train,1,872,self,1.0,0,100,
2025-11-27T08:26:56.781654+00:00,train,1,873,self,1.0,0,99,
2025-11-27T08:26:56.781790+00:00,train,1,874,self,1.0,0,100,
2025-11-27T08:26:56.781925+00:00,train,1,875,self,1.0,0,96,
2025-11-27T08:26:56.782060+00:00,train,1,876,self,1.0,0,97,
2025-11-27T08:26:56.782195+00:00,train,1,877,self,1.0,0,92,
2025-11-27T08:26:56.782330+00:00,train,1,878,self,1.0,0,100,
2025-11-27T08:26:56.782465+00:00,train,1,879,self,1.0,0,92,
2025-11-27T08:26:56.782600+00:00,train,1,880,self,1.0,0,94,
2025-11-27T08:26:56.782734+00:00,train,1,881,self,1.0,0,87,
2025-11-27T08:26:56.782870+00:00,train,1,882,self,1.0,0,100,
2025-11-27T08:26:56.783004+00:00,train,1,883,self,1.0,0,96,
2025-11-27T08:26:56.783138+00:00,train,1,884,self,1.0,0,97,
2025-11-27T08:26:56.783273+00:00,train,1,885,self,1.0,0,97,
2025-11-27T08:26:56.783407+00:00,train,1,886,self,1.0,0,100,
2025-11-27T08:26:56.783542+00:00,train,1,887,self,1.0,0,92,
2025-11-27T08:26:56.783677+00:00,train,1,888,self,1.0,0,94,
2025-11-27T08:26:56.783811+00:00,train,1,889,self,1.0,0,93,
2025-11-27T08:26:56.783945+00:00,train,1,890,self,1.0,0,98,
2025-11-27T08:26:56.784112+00:00,train,1,891,self,1.0,0,94,
2025-11-27T08:26:56.784255+00:00,train,1,892,self,1.0,0,97,
2025-11-27T08:26:56.784392+00:00,train,1,893,self,1.0,0,95,
2025-11-27T08:26:56.784530+00:00,train,1,894,self,1.0,0,99,
2025-11-27T08:26:56.784673+00:00,train,1,895,self,1.0,0,93,
2025-11-27T08:26:56.784817+00:00,train,1,896,self,1.0,0,97,
2025-11-27T08:26:56.784965+00:00,train,1,897,self,1.0,0,97,
2025-11-27T08:26:56.785112+00:00,train,1,898,self,1.0,0,98,
2025-11-27T08:26:56.785259+00:00,train,1,899,self,1.0,0,94,
2025-11-27T08:26:56.785398+00:00,train,1,900,self,1.0,0,100,
2025-11-27T08:26:56.785532+00:00,train,1,901,self,1.0,0,95,
2025-11-27T08:26:56.785668+00:00,train,1,902,self,1.0,0,96,
2025-11-27T08:26:56.785802+00:00,train,1,903,self,1.0,0,84,
2025-11-27T08:26:56.786070+00:00,train,1,904,self,1.0,0,99,
2025-11-27T08:26:56.786256+00:00,train,1,905,self,1.0,0,90,
2025-11-27T08:26:56.786429+00:00,train,1,906,self,1.0,0,99,
2025-11-27T08:26:56.786585+00:00,train,1,907,self,1.0,0,93,
2025-11-27T08:26:56.786736+00:00,train,1,908,self,1.0,0,96,
2025-11-27T08:26:56.786893+00:00,train,1,909,self,1.0,0,94,
2025-11-27T08:26:56.787042+00:00,train,1,910,self,1.0,0,96,
2025-11-27T08:26:56.787189+00:00,train,1,911,self,1.0,0,98,
2025-11-27T08:26:56.787334+00:00,train,1,912,self,1.0,0,99,
2025-11-27T08:26:56.787485+00:00,train,1,913,self,1.0,0,95,
2025-11-27T08:26:56.787633+00:00,train,1,914,self,1.0,0,100,
2025-11-27T08:26:56.787779+00:00,train,1,915,self,1.0,0,94,
2025-11-27T08:26:56.787928+00:00,train,1,916,self,1.0,0,96,
2025-11-27T08:26:56.788081+00:00,train,1,917,self,1.0,0,96,
2025-11-27T08:26:56.788227+00:00,train,1,918,self,1.0,0,97,
2025-11-27T08:26:56.788373+00:00,train,1,919,self,1.0,0,88,
2025-11-27T08:26:56.788525+00:00,train,1,920,self,1.0,0,99,
2025-11-27T08:26:56.788686+00:00,train,1,921,self,1.0,0,99,
2025-11-27T08:26:56.788828+00:00,train,1,922,self,1.0,0,99,
2025-11-27T08:26:56.788968+00:00,train,1,923,self,1.0,0,91,
2025-11-27T08:26:56.789109+00:00,train,1,924,self,1.0,0,95,
2025-11-27T08:26:56.789250+00:00,train,1,925,self,1.0,0,97,
2025-11-27T08:26:56.789391+00:00,train,1,926,self,1.0,0,99,
2025-11-27T08:26:56.789530+00:00,train,1,927,self,1.0,0,93,
2025-11-27T08:26:56.789672+00:00,train,1,928,self,1.0,0,97,
2025-11-27T08:26:56.789813+00:00,train,1,929,self,1.0,0,97,
2025-11-27T08:26:56.789954+00:00,train,1,930,self,1.0,0,100,
2025-11-27T08:26:56.790093+00:00,train,1,931,self,1.0,0,78,
2025-11-27T08:26:56.790231+00:00,train,1,932,self,1.0,0,98,
2025-11-27T08:26:56.790381+00:00,train,1,933,self,1.0,0,95,
2025-11-27T08:26:56.790523+00:00,train,1,934,self,1.0,0,99,
2025-11-27T08:26:56.790750+00:00,train,1,935,self,1.0,0,91,
2025-11-27T08:26:56.790953+00:00,train,1,936,self,1.0,0,95,
2025-11-27T08:26:56.791111+00:00,train,1,937,self,1.0,0,92,
2025-11-27T08:26:56.791258+00:00,train,1,938,self,1.0,0,97,
2025-11-27T08:26:56.791458+00:00,train,1,939,self,1.0,0,97,
2025-11-27T08:26:56.791597+00:00,train,1,940,self,1.0,0,100,
2025-11-27T08:26:56.791737+00:00,train,1,941,self,1.0,0,79,
2025-11-27T08:26:56.791873+00:00,train,1,942,self,1.0,0,100,
2025-11-27T08:26:56.792008+00:00,train,1,943,self,1.0,0,95,
2025-11-27T08:26:56.792141+00:00,train,1,944,self,1.0,0,100,
2025-11-27T08:26:56.792273+00:00,train,1,945,self,1.0,0,85,
2025-11-27T08:26:56.792403+00:00,train,1,946,self,1.0,0,100,
2025-11-27T08:26:56.792533+00:00,train,1,947,self,1.0,0,98,
2025-11-27T08:26:56.792664+00:00,train,1,948,self,1.0,0,99,
2025-11-27T08:26:56.792793+00:00,train,1,949,self,1.0,0,96,
2025-11-27T08:26:56.792924+00:00,train,1,950,self,1.0,0,98,
2025-11-27T08:26:56.793123+00:00,train,1,951,self,1.0,0,90,
2025-11-27T08:26:56.793276+00:00,train,1,952,self,1.0,0,100,
2025-11-27T08:26:56.793420+00:00,train,1,953,self,1.0,0,85,
2025-11-27T08:26:56.793558+00:00,train,1,954,self,1.0,0,98,
2025-11-27T08:26:56.793693+00:00,train,1,955,self,1.0,0,87,
2025-11-27T08:26:56.793827+00:00,train,1,956,self,1.0,0,100,
2025-11-27T08:26:56.793959+00:00,train,1,957,self,1.0,0,92,
2025-11-27T08:26:56.794089+00:00,train,1,958,self,1.0,0,99,
2025-11-27T08:26:56.794264+00:00,train,1,959,self,1.0,0,89,
2025-11-27T08:26:56.794432+00:00,train,1,960,self,1.0,0,97,
2025-11-27T08:26:56.794576+00:00,train,1,961,self,1.0,0,97,
2025-11-27T08:26:56.794714+00:00,train,1,962,self,1.0,0,100,
2025-11-27T08:26:56.794849+00:00,train,1,963,self,1.0,0,96,
2025-11-27T08:26:56.794982+00:00,train,1,964,self,1.0,0,97,
2025-11-27T08:26:56.795114+00:00,train,1,965,self,1.0,0,68,
2025-11-27T08:26:56.795245+00:00,train,1,966,self,1.0,0,95,
2025-11-27T08:26:56.795376+00:00,train,1,967,self,1.0,0,93,
2025-11-27T08:26:56.795505+00:00,train,1,968,self,1.0,0,100,
2025-11-27T08:26:56.795635+00:00,train,1,969,self,1.0,0,86,
2025-11-27T08:26:56.795764+00:00,train,1,970,self,1.0,0,100,
2025-11-27T08:26:56.795893+00:00,train,1,971,self,1.0,0,96,
2025-11-27T08:26:56.796022+00:00,train,1,972,self,1.0,0,97,
2025-11-27T08:26:56.796151+00:00,train,1,973,self,1.0,0,94,
2025-11-27T08:26:56.796279+00:00,train,1,974,self,1.0,0,98,
2025-11-27T08:26:56.796408+00:00,train,1,975,self,1.0,0,97,
2025-11-27T08:26:56.796537+00:00,train,1,976,self,1.0,0,100,
2025-11-27T08:26:56.796665+00:00,train,1,977,self,1.0,0,95,
2025-11-27T08:26:56.796794+00:00,train,1,978,self,1.0,0,99,
2025-11-27T08:26:56.796922+00:00,train,1,979,self,1.0,0,95,
2025-11-27T08:26:56.797050+00:00,train,1,980,self,1.0,0,98,
2025-11-27T08:26:56.797178+00:00,train,1,981,self,1.0,0,96,
2025-11-27T08:26:56.797306+00:00,train,1,982,self,1.0,0,100,
2025-11-27T08:26:56.797435+00:00,train,1,983,self,1.0,0,97,
2025-11-27T08:26:56.797563+00:00,train,1,984,self,1.0,0,99,
2025-11-27T08:26:56.797691+00:00,train,1,985,self,1.0,0,92,
2025-11-27T08:26:56.797820+00:00,train,1,986,self,1.0,0,100,
2025-11-27T08:26:56.797948+00:00,train,1,987,self,1.0,0,94,
2025-11-27T08:26:56.798077+00:00,train,1,988,self,1.0,0,95,
2025-11-27T08:26:56.798206+00:00,train,1,989,self,1.0,0,94,
2025-11-27T08:26:56.798335+00:00,train,1,990,self,1.0,0,95,
2025-11-27T08:26:56.798463+00:00,train,1,991,self,1.0,0,96,
2025-11-27T08:26:56.798592+00:00,train,1,992,self,1.0,0,100,
2025-11-27T08:26:56.798736+00:00,train,1,993,self,1.0,0,88,
2025-11-27T08:26:56.798866+00:00,train,1,994,self,1.0,0,100,
2025-11-27T08:26:56.798994+00:00,train,1,995,self,1.0,0,94,
2025-11-27T08:26:56.799124+00:00,train,1,996,self,1.0,0,95,
2025-11-27T08:26:56.799252+00:00,train,1,997,self,1.0,0,83,
2025-11-27T08:26:56.799380+00:00,train,1,998,self,1.0,0,96,
2025-11-27T08:26:56.799507+00:00,train,1,999,self,1.0,0,100,
2025-11-27T08:26:56.799635+00:00,train,1,1000,self,1.0,0,100,
2025-11-27T08:26:56.802833+00:00,train,1,1001,self,1.0,0,95,
2025-11-27T08:26:56.803124+00:00,train,1,1002,self,1.0,0,99,
2025-11-27T08:26:56.803299+00:00,train,1,1003,self,1.0,0,98,
2025-11-27T08:26:56.803453+00:00,train,1,1004,self,1.0,0,100,
2025-11-27T08:26:56.803676+00:00,train,1,1005,self,1.0,0,96,
2025-11-27T08:26:56.803848+00:00,train,1,1006,self,1.0,0,100,
2025-11-27T08:26:56.804000+00:00,train,1,1007,self,1.0,0,86,
2025-11-27T08:26:56.804154+00:00,train,1,1008,self,1.0,0,99,
2025-11-27T08:26:56.804314+00:00,train,1,1009,self,1.0,0,91,
2025-11-27T08:26:56.804464+00:00,train,1,1010,self,1.0,0,99,
2025-11-27T08:26:56.804612+00:00,train,1,1011,self,1.0,0,91,
2025-11-27T08:26:56.804759+00:00,train,1,1012,self,1.0,0,100,
2025-11-27T08:26:56.804910+00:00,train,1,1013,self,1.0,0,94,
2025-11-27T08:26:56.805059+00:00,train,1,1014,self,1.0,0,98,
2025-11-27T08:26:56.805206+00:00,train,1,1015,self,1.0,0,97,
2025-11-27T08:26:56.805354+00:00,train,1,1016,self,1.0,0,98,
2025-11-27T08:26:56.805587+00:00,train,1,1017,self,1.0,0,98,
2025-11-27T08:26:56.805757+00:00,train,1,1018,self,1.0,0,99,
2025-11-27T08:26:56.805913+00:00,train,1,1019,self,1.0,0,86,
2025-11-27T08:26:56.806064+00:00,train,1,1020,self,1.0,0,96,
2025-11-27T08:26:56.806211+00:00,train,1,1021,self,1.0,0,86,
2025-11-27T08:26:56.806356+00:00,train,1,1022,self,1.0,0,92,
2025-11-27T08:26:56.806500+00:00,train,1,1023,self,1.0,0,85,
2025-11-27T08:26:56.806642+00:00,train,1,1024,self,1.0,0,98,
2025-11-27T08:26:56.806785+00:00,train,1,1025,self,1.0,0,94,
2025-11-27T08:26:56.806928+00:00,train,1,1026,self,1.0,0,96,
2025-11-27T08:26:56.807070+00:00,train,1,1027,self,1.0,0,94,
2025-11-27T08:26:56.807211+00:00,train,1,1028,self,1.0,0,97,
2025-11-27T08:26:56.807353+00:00,train,1,1029,self,1.0,0,99,
2025-11-27T08:26:56.807494+00:00,train,1,1030,self,1.0,0,99,
2025-11-27T08:26:56.807636+00:00,train,1,1031,self,1.0,0,94,
2025-11-27T08:26:56.807777+00:00,train,1,1032,self,1.0,0,99,
2025-11-27T08:26:56.807953+00:00,train,1,1033,self,1.0,0,94,
2025-11-27T08:26:56.808148+00:00,train,1,1034,self,1.0,0,97,
2025-11-27T08:26:56.808316+00:00,train,1,1035,self,1.0,0,96,
2025-11-27T08:26:56.808497+00:00,train,1,1036,self,1.0,0,98,
2025-11-27T08:26:56.808844+00:00,train,1,1037,self,1.0,0,96,
2025-11-27T08:26:56.809059+00:00,train,1,1038,self,1.0,0,98,
2025-11-27T08:26:56.809247+00:00,train,1,1039,self,1.0,0,88,
2025-11-27T08:26:56.809544+00:00,train,1,1040,self,1.0,0,99,
2025-11-27T08:26:56.809767+00:00,train,1,1041,self,1.0,0,89,
2025-11-27T08:26:56.810043+00:00,train,1,1042,self,1.0,0,98,
2025-11-27T08:26:56.810218+00:00,train,1,1043,self,1.0,0,88,
2025-11-27T08:26:56.810417+00:00,train,1,1044,self,1.0,0,100,
2025-11-27T08:26:56.810597+00:00,train,1,1045,self,1.0,0,80,
2025-11-27T08:26:56.810767+00:00,train,1,1046,self,1.0,0,97,
2025-11-27T08:26:56.810930+00:00,train,1,1047,self,1.0,0,86,
2025-11-27T08:26:56.811098+00:00,train,1,1048,self,1.0,0,92,
2025-11-27T08:26:56.811253+00:00,train,1,1049,self,1.0,0,97,
2025-11-27T08:26:56.811414+00:00,train,1,1050,self,1.0,0,99,
2025-11-27T08:26:56.811573+00:00,train,1,1051,self,1.0,0,99,
2025-11-27T08:26:56.811778+00:00,train,1,1052,self,1.0,0,100,
2025-11-27T08:26:56.811965+00:00,train,1,1053,self,1.0,0,79,
2025-11-27T08:26:56.812128+00:00,train,1,1054,self,1.0,0,96,
2025-11-27T08:26:56.812284+00:00,train,1,1055,self,1.0,0,98,
2025-11-27T08:26:56.812436+00:00,train,1,1056,self,1.0,0,99,
2025-11-27T08:26:56.812586+00:00,train,1,1057,self,1.0,0,98,
2025-11-27T08:26:56.812736+00:00,train,1,1058,self,1.0,0,99,
2025-11-27T08:26:56.812885+00:00,train,1,1059,self,1.0,0,97,
2025-11-27T08:26:56.813031+00:00,train,1,1060,self,1.0,0,100,
2025-11-27T08:26:56.813177+00:00,train,1,1061,self,1.0,0,96,
2025-11-27T08:26:56.813322+00:00,train,1,1062,self,1.0,0,100,
2025-11-27T08:26:56.813551+00:00,train,1,1063,self,1.0,0,90,
2025-11-27T08:26:56.813719+00:00,train,1,1064,self,1.0,0,99,
2025-11-27T08:26:56.813882+00:00,train,1,1065,self,1.0,0,92,
2025-11-27T08:26:56.814035+00:00,train,1,1066,self,1.0,0,92,
2025-11-27T08:26:56.814187+00:00,train,1,1067,self,1.0,0,95,
2025-11-27T08:26:56.814336+00:00,train,1,1068,self,1.0,0,97,
2025-11-27T08:26:56.814573+00:00,train,1,1069,self,1.0,0,93,
2025-11-27T08:26:56.814774+00:00,train,1,1070,self,1.0,0,98,
2025-11-27T08:26:56.814999+00:00,train,1,1071,self,1.0,0,97,
2025-11-27T08:26:56.815161+00:00,train,1,1072,self,1.0,0,100,
2025-11-27T08:26:56.815319+00:00,train,1,1073,self,1.0,0,90,
2025-11-27T08:26:56.815475+00:00,train,1,1074,self,1.0,0,95,
2025-11-27T08:26:56.815628+00:00,train,1,1075,self,1.0,0,100,
2025-11-27T08:26:56.815780+00:00,train,1,1076,self,1.0,0,100,
2025-11-27T08:26:56.815931+00:00,train,1,1077,self,1.0,0,94,
2025-11-27T08:26:56.816082+00:00,train,1,1078,self,1.0,0,100,
2025-11-27T08:26:56.816232+00:00,train,1,1079,self,1.0,0,95,
2025-11-27T08:26:56.816382+00:00,train,1,1080,self,1.0,0,99,
2025-11-27T08:26:56.816533+00:00,train,1,1081,self,1.0,0,98,
2025-11-27T08:26:56.816683+00:00,train,1,1082,self,1.0,0,99,
2025-11-27T08:26:56.816833+00:00,train,1,1083,self,1.0,0,99,
2025-11-27T08:26:56.816984+00:00,train,1,1084,self,1.0,0,99,
2025-11-27T08:26:56.817135+00:00,train,1,1085,self,1.0,0,83,
2025-11-27T08:26:56.817285+00:00,train,1,1086,self,1.0,0,90,
2025-11-27T08:26:56.817436+00:00,train,1,1087,self,1.0,0,97,
2025-11-27T08:26:56.817586+00:00,train,1,1088,self,1.0,0,99,
2025-11-27T08:26:56.817748+00:00,train,1,1089,self,1.0,0,94,
2025-11-27T08:26:56.817892+00:00,train,1,1090,self,1.0,0,100,
2025-11-27T08:26:56.818037+00:00,train,1,1091,self,1.0,0,100,
2025-11-27T08:26:56.818186+00:00,train,1,1092,self,1.0,0,100,
2025-11-27T08:26:56.818333+00:00,train,1,1093,self,1.0,0,98,
2025-11-27T08:26:56.818479+00:00,train,1,1094,self,1.0,0,100,
2025-11-27T08:26:56.818623+00:00,train,1,1095,self,1.0,0,99,
2025-11-27T08:26:56.818771+00:00,train,1,1096,self,1.0,0,100,
2025-11-27T08:26:56.818917+00:00,train,1,1097,self,1.0,0,97,
2025-11-27T08:26:56.819061+00:00,train,1,1098,self,1.0,0,97,
2025-11-27T08:26:56.819207+00:00,train,1,1099,self,1.0,0,87,
2025-11-27T08:26:56.819351+00:00,train,1,1100,self,1.0,0,97,
2025-11-27T08:26:56.819496+00:00,train,1,1101,self,1.0,0,93,
2025-11-27T08:26:56.819640+00:00,train,1,1102,self,1.0,0,94,
2025-11-27T08:26:56.819785+00:00,train,1,1103,self,1.0,0,95,
2025-11-27T08:26:56.819929+00:00,train,1,1104,self,1.0,0,100,
2025-11-27T08:26:56.820073+00:00,train,1,1105,self,1.0,0,86,
2025-11-27T08:26:56.820218+00:00,train,1,1106,self,1.0,0,100,
2025-11-27T08:26:56.820362+00:00,train,1,1107,self,1.0,0,87,
2025-11-27T08:26:56.820506+00:00,train,1,1108,self,1.0,0,100,
2025-11-27T08:26:56.820664+00:00,train,1,1109,self,1.0,0,98,
2025-11-27T08:26:56.820815+00:00,train,1,1110,self,1.0,0,100,
2025-11-27T08:26:56.820956+00:00,train,1,1111,self,1.0,0,91,
2025-11-27T08:26:56.821095+00:00,train,1,1112,self,1.0,0,99,
2025-11-27T08:26:56.821236+00:00,train,1,1113,self,1.0,0,99,
2025-11-27T08:26:56.821381+00:00,train,1,1114,self,1.0,0,99,
2025-11-27T08:26:56.821522+00:00,train,1,1115,self,1.0,0,93,
2025-11-27T08:26:56.821663+00:00,train,1,1116,self,1.0,0,100,
2025-11-27T08:26:56.821807+00:00,train,1,1117,self,1.0,0,84,
2025-11-27T08:26:56.821955+00:00,train,1,1118,self,1.0,0,87,
2025-11-27T08:26:56.822105+00:00,train,1,1119,self,1.0,0,100,
2025-11-27T08:26:56.822256+00:00,train,1,1120,self,1.0,0,100,
2025-11-27T08:26:56.822411+00:00,train,1,1121,self,1.0,0,93,
2025-11-27T08:26:56.822583+00:00,train,1,1122,self,1.0,0,96,
2025-11-27T08:26:56.822729+00:00,train,1,1123,self,1.0,0,99,
2025-11-27T08:26:56.822876+00:00,train,1,1124,self,1.0,0,100,
2025-11-27T08:26:56.823130+00:00,train,1,1125,self,1.0,0,95,
2025-11-27T08:26:56.823307+00:00,train,1,1126,self,1.0,0,98,
2025-11-27T08:26:56.823458+00:00,train,1,1127,self,1.0,0,92,
2025-11-27T08:26:56.823602+00:00,train,1,1128,self,1.0,0,100,
2025-11-27T08:26:56.823741+00:00,train,1,1129,self,1.0,0,98,
2025-11-27T08:26:56.823877+00:00,train,1,1130,self,1.0,0,98,
2025-11-27T08:26:56.824015+00:00,train,1,1131,self,1.0,0,86,
2025-11-27T08:26:56.824149+00:00,train,1,1132,self,1.0,0,94,
2025-11-27T08:26:56.824283+00:00,train,1,1133,self,1.0,0,93,
2025-11-27T08:26:56.824451+00:00,train,1,1134,self,1.0,0,100,
2025-11-27T08:26:56.824589+00:00,train,1,1135,self,1.0,0,86,
2025-11-27T08:26:56.824725+00:00,train,1,1136,self,1.0,0,100,
2025-11-27T08:26:56.824977+00:00,train,1,1137,self,1.0,0,86,
2025-11-27T08:26:56.825120+00:00,train,1,1138,self,1.0,0,94,
2025-11-27T08:26:56.825257+00:00,train,1,1139,self,1.0,0,91,
2025-11-27T08:26:56.825395+00:00,train,1,1140,self,1.0,0,95,
2025-11-27T08:26:56.825708+00:00,train,1,1141,self,1.0,0,79,
2025-11-27T08:26:56.825964+00:00,train,1,1142,self,1.0,0,81,
2025-11-27T08:26:56.826169+00:00,train,1,1143,self,1.0,0,89,
2025-11-27T08:26:56.826330+00:00,train,1,1144,self,1.0,0,100,
2025-11-27T08:26:56.826483+00:00,train,1,1145,self,1.0,0,98,
2025-11-27T08:26:56.826635+00:00,train,1,1146,self,1.0,0,100,
2025-11-27T08:26:56.826786+00:00,train,1,1147,self,1.0,0,98,
2025-11-27T08:26:56.826931+00:00,train,1,1148,self,1.0,0,100,
2025-11-27T08:26:56.827074+00:00,train,1,1149,self,1.0,0,100,
2025-11-27T08:26:56.827212+00:00,train,1,1150,self,1.0,0,100,
2025-11-27T08:26:56.827349+00:00,train,1,1151,self,1.0,0,92,
2025-11-27T08:26:56.827486+00:00,train,1,1152,self,1.0,0,98,
2025-11-27T08:26:56.827622+00:00,train,1,1153,self,1.0,0,93,
2025-11-27T08:26:56.827762+00:00,train,1,1154,self,1.0,0,99,
2025-11-27T08:26:56.827908+00:00,train,1,1155,self,1.0,0,83,
2025-11-27T08:26:56.828045+00:00,train,1,1156,self,1.0,0,99,
2025-11-27T08:26:56.828183+00:00,train,1,1157,self,1.0,0,97,
2025-11-27T08:26:56.828319+00:00,train,1,1158,self,1.0,0,98,
2025-11-27T08:26:56.828455+00:00,train,1,1159,self,1.0,0,98,
2025-11-27T08:26:56.828591+00:00,train,1,1160,self,1.0,0,100,
2025-11-27T08:26:56.828738+00:00,train,1,1161,self,1.0,0,96,
2025-11-27T08:26:56.828870+00:00,train,1,1162,self,1.0,0,99,
2025-11-27T08:26:56.829003+00:00,train,1,1163,self,1.0,0,84,
2025-11-27T08:26:56.829135+00:00,train,1,1164,self,1.0,0,99,
2025-11-27T08:26:56.829267+00:00,train,1,1165,self,1.0,0,93,
2025-11-27T08:26:56.829398+00:00,train,1,1166,self,1.0,0,96,
2025-11-27T08:26:56.829530+00:00,train,1,1167,self,1.0,0,95,
2025-11-27T08:26:56.829662+00:00,train,1,1168,self,1.0,0,96,
2025-11-27T08:26:56.829794+00:00,train,1,1169,self,1.0,0,97,
2025-11-27T08:26:56.829926+00:00,train,1,1170,self,1.0,0,99,
2025-11-27T08:26:56.830058+00:00,train,1,1171,self,1.0,0,91,
2025-11-27T08:26:56.830189+00:00,train,1,1172,self,1.0,0,98,
2025-11-27T08:26:56.830320+00:00,train,1,1173,self,1.0,0,98,
2025-11-27T08:26:56.830451+00:00,train,1,1174,self,1.0,0,100,
2025-11-27T08:26:56.830583+00:00,train,1,1175,self,1.0,0,99,
2025-11-27T08:26:56.830714+00:00,train,1,1176,self,1.0,0,100,
2025-11-27T08:26:56.830845+00:00,train,1,1177,self,1.0,0,94,
2025-11-27T08:26:56.830977+00:00,train,1,1178,self,1.0,0,99,
2025-11-27T08:26:56.831107+00:00,train,1,1179,self,1.0,0,97,
2025-11-27T08:26:56.831237+00:00,train,1,1180,self,1.0,0,100,
2025-11-27T08:26:56.831369+00:00,train,1,1181,self,1.0,0,89,
2025-11-27T08:26:56.831500+00:00,train,1,1182,self,1.0,0,94,
2025-11-27T08:26:56.831631+00:00,train,1,1183,self,1.0,0,86,
2025-11-27T08:26:56.831763+00:00,train,1,1184,self,1.0,0,93,
2025-11-27T08:26:56.831893+00:00,train,1,1185,self,1.0,0,73,
2025-11-27T08:26:56.832024+00:00,train,1,1186,self,1.0,0,97,
2025-11-27T08:26:56.832155+00:00,train,1,1187,self,1.0,0,98,
2025-11-27T08:26:56.832287+00:00,train,1,1188,self,1.0,0,100,
2025-11-27T08:26:56.832417+00:00,train,1,1189,self,1.0,0,96,
2025-11-27T08:26:56.832549+00:00,train,1,1190,self,1.0,0,98,
2025-11-27T08:26:56.832680+00:00,train,1,1191,self,1.0,0,92,
2025-11-27T08:26:56.832811+00:00,train,1,1192,self,1.0,0,96,
2025-11-27T08:26:56.832943+00:00,train,1,1193,self,1.0,0,85,
2025-11-27T08:26:56.833074+00:00,train,1,1194,self,1.0,0,99,
2025-11-27T08:26:56.833206+00:00,train,1,1195,self,1.0,0,87,
2025-11-27T08:26:56.833338+00:00,train,1,1196,self,1.0,0,96,
2025-11-27T08:26:56.833469+00:00,train,1,1197,self,1.0,0,93,
2025-11-27T08:26:56.833601+00:00,train,1,1198,self,1.0,0,95,
2025-11-27T08:26:56.833734+00:00,train,1,1199,self,1.0,0,96,
2025-11-27T08:26:56.833866+00:00,train,1,1200,self,1.0,0,99,
2025-11-27T08:26:56.833999+00:00,train,1,1201,self,1.0,0,90,
2025-11-27T08:26:56.834131+00:00,train,1,1202,self,1.0,0,96,
2025-11-27T08:26:56.834267+00:00,train,1,1203,self,1.0,0,94,
2025-11-27T08:26:56.834401+00:00,train,1,1204,self,1.0,0,100,
2025-11-27T08:26:56.834535+00:00,train,1,1205,self,1.0,0,95,
2025-11-27T08:26:56.834683+00:00,train,1,1206,self,1.0,0,97,
2025-11-27T08:26:56.834813+00:00,train,1,1207,self,1.0,0,96,
2025-11-27T08:26:56.834942+00:00,train,1,1208,self,1.0,0,98,
2025-11-27T08:26:56.835072+00:00,train,1,1209,self,1.0,0,88,
2025-11-27T08:26:56.835202+00:00,train,1,1210,self,1.0,0,99,
2025-11-27T08:26:56.835332+00:00,train,1,1211,self,1.0,0,83,
2025-11-27T08:26:56.835475+00:00,train,1,1212,self,1.0,0,88,
2025-11-27T08:26:56.835610+00:00,train,1,1213,self,1.0,0,93,
2025-11-27T08:26:56.835773+00:00,train,1,1214,self,1.0,0,98,
2025-11-27T08:26:56.835908+00:00,train,1,1215,self,1.0,0,96,
2025-11-27T08:26:56.836043+00:00,train,1,1216,self,1.0,0,97,
2025-11-27T08:26:56.836178+00:00,train,1,1217,self,1.0,0,98,
2025-11-27T08:26:56.836312+00:00,train,1,1218,self,1.0,0,100,
2025-11-27T08:26:56.836446+00:00,train,1,1219,self,1.0,0,100,
2025-11-27T08:26:56.836582+00:00,train,1,1220,self,1.0,0,100,
2025-11-27T08:26:56.836742+00:00,train,1,1221,self,1.0,0,98,
2025-11-27T08:26:56.836875+00:00,train,1,1222,self,1.0,0,100,
2025-11-27T08:26:56.837007+00:00,train,1,1223,self,1.0,0,92,
2025-11-27T08:26:56.837136+00:00,train,1,1224,self,1.0,0,100,
2025-11-27T08:26:56.837267+00:00,train,1,1225,self,1.0,0,96,
2025-11-27T08:26:56.837397+00:00,train,1,1226,self,1.0,0,98,
2025-11-27T08:26:56.837529+00:00,train,1,1227,self,1.0,0,92,
2025-11-27T08:26:56.837660+00:00,train,1,1228,self,1.0,0,98,
2025-11-27T08:26:56.837789+00:00,train,1,1229,self,1.0,0,95,
2025-11-27T08:26:56.837919+00:00,train,1,1230,self,1.0,0,95,
2025-11-27T08:26:56.838054+00:00,train,1,1231,self,1.0,0,97,
2025-11-27T08:26:56.838245+00:00,train,1,1232,self,1.0,0,99,
2025-11-27T08:26:56.838403+00:00,train,1,1233,self,1.0,0,98,
2025-11-27T08:26:56.838549+00:00,train,1,1234,self,1.0,0,100,
2025-11-27T08:26:56.838793+00:00,train,1,1235,self,1.0,0,92,
2025-11-27T08:26:56.838970+00:00,train,1,1236,self,1.0,0,96,
2025-11-27T08:26:56.839122+00:00,train,1,1237,self,1.0,0,89,
2025-11-27T08:26:56.839267+00:00,train,1,1238,self,1.0,0,99,
2025-11-27T08:26:56.839409+00:00,train,1,1239,self,1.0,0,98,
2025-11-27T08:26:56.839548+00:00,train,1,1240,self,1.0,0,100,
2025-11-27T08:26:56.839685+00:00,train,1,1241,self,1.0,0,99,
2025-11-27T08:26:56.839822+00:00,train,1,1242,self,1.0,0,100,
2025-11-27T08:26:56.839957+00:00,train,1,1243,self,1.0,0,86,
2025-11-27T08:26:56.840117+00:00,train,1,1244,self,1.0,0,93,
2025-11-27T08:26:56.840313+00:00,train,1,1245,self,1.0,0,96,
2025-11-27T08:26:56.840474+00:00,train,1,1246,self,1.0,0,100,
2025-11-27T08:26:56.840626+00:00,train,1,1247,self,1.0,0,95,
2025-11-27T08:26:56.840773+00:00,train,1,1248,self,1.0,0,100,
2025-11-27T08:26:56.840919+00:00,train,1,1249,self,1.0,0,92,
2025-11-27T08:26:56.841063+00:00,train,1,1250,self,1.0,0,100,
2025-11-27T08:26:56.841206+00:00,train,1,1251,self,1.0,0,95,
2025-11-27T08:26:56.841346+00:00,train,1,1252,self,1.0,0,96,
2025-11-27T08:26:56.841488+00:00,train,1,1253,self,1.0,0,99,
2025-11-27T08:26:56.841631+00:00,train,1,1254,self,1.0,0,100,
2025-11-27T08:26:56.841772+00:00,train,1,1255,self,1.0,0,97,
2025-11-27T08:26:56.841915+00:00,train,1,1256,self,1.0,0,99,
2025-11-27T08:26:56.842056+00:00,train,1,1257,self,1.0,0,84,
2025-11-27T08:26:56.842196+00:00,train,1,1258,self,1.0,0,93,
2025-11-27T08:26:56.842336+00:00,train,1,1259,self,1.0,0,91,
2025-11-27T08:26:56.842523+00:00,train,1,1260,self,1.0,0,94,
2025-11-27T08:26:56.842700+00:00,train,1,1261,self,1.0,0,99,
2025-11-27T08:26:56.842852+00:00,train,1,1262,self,1.0,0,100,
2025-11-27T08:26:56.842998+00:00,train,1,1263,self,1.0,0,97,
2025-11-27T08:26:56.843138+00:00,train,1,1264,self,1.0,0,99,
2025-11-27T08:26:56.843275+00:00,train,1,1265,self,1.0,0,100,
2025-11-27T08:26:56.843411+00:00,train,1,1266,self,1.0,0,100,
2025-11-27T08:26:56.843544+00:00,train,1,1267,self,1.0,0,99,
2025-11-27T08:26:56.843678+00:00,train,1,1268,self,1.0,0,99,
2025-11-27T08:26:56.843814+00:00,train,1,1269,self,1.0,0,96,
2025-11-27T08:26:56.843948+00:00,train,1,1270,self,1.0,0,98,
2025-11-27T08:26:56.844082+00:00,train,1,1271,self,1.0,0,96,
2025-11-27T08:26:56.844214+00:00,train,1,1272,self,1.0,0,98,
2025-11-27T08:26:56.844347+00:00,train,1,1273,self,1.0,0,96,
2025-11-27T08:26:56.844480+00:00,train,1,1274,self,1.0,0,99,
2025-11-27T08:26:56.844611+00:00,train,1,1275,self,1.0,0,96,
2025-11-27T08:26:56.844743+00:00,train,1,1276,self,1.0,0,98,
2025-11-27T08:26:56.844875+00:00,train,1,1277,self,1.0,0,99,
2025-11-27T08:26:56.845009+00:00,train,1,1278,self,1.0,0,99,
2025-11-27T08:26:56.845142+00:00,train,1,1279,self,1.0,0,95,
2025-11-27T08:26:56.845274+00:00,train,1,1280,self,1.0,0,98,
2025-11-27T08:26:56.845406+00:00,train,1,1281,self,1.0,0,99,
2025-11-27T08:26:56.845545+00:00,train,1,1282,self,1.0,0,100,
2025-11-27T08:26:56.845676+00:00,train,1,1283,self,1.0,0,99,
2025-11-27T08:26:56.845808+00:00,train,1,1284,self,1.0,0,100,
2025-11-27T08:26:56.845939+00:00,train,1,1285,self,1.0,0,93,
2025-11-27T08:26:56.846071+00:00,train,1,1286,self,1.0,0,99,
2025-11-27T08:26:56.846203+00:00,train,1,1287,self,1.0,0,87,
2025-11-27T08:26:56.846335+00:00,train,1,1288,self,1.0,0,97,
2025-11-27T08:26:56.846467+00:00,train,1,1289,self,1.0,0,91,
2025-11-27T08:26:56.846599+00:00,train,1,1290,self,1.0,0,100,
2025-11-27T08:26:56.846731+00:00,train,1,1291,self,1.0,0,96,
2025-11-27T08:26:56.846865+00:00,train,1,1292,self,1.0,0,97,
2025-11-27T08:26:56.846998+00:00,train,1,1293,self,1.0,0,90,
2025-11-27T08:26:56.847130+00:00,train,1,1294,self,1.0,0,99,
2025-11-27T08:26:56.847262+00:00,train,1,1295,self,1.0,0,94,
2025-11-27T08:26:56.847394+00:00,train,1,1296,self,1.0,0,98,
2025-11-27T08:26:56.847527+00:00,train,1,1297,self,1.0,0,92,
2025-11-27T08:26:56.847659+00:00,train,1,1298,self,1.0,0,98,
2025-11-27T08:26:56.847790+00:00,train,1,1299,self,1.0,0,95,
2025-11-27T08:26:56.847921+00:00,train,1,1300,self,1.0,0,100,
2025-11-27T08:26:56.848056+00:00,train,1,1301,self,1.0,0,92,
2025-11-27T08:26:56.848188+00:00,train,1,1302,self,1.0,0,100,
2025-11-27T08:26:56.848319+00:00,train,1,1303,self,1.0,0,88,
2025-11-27T08:26:56.848450+00:00,train,1,1304,self,1.0,0,99,
2025-11-27T08:26:56.848581+00:00,train,1,1305,self,1.0,0,91,
2025-11-27T08:26:56.848714+00:00,train,1,1306,self,1.0,0,98,
2025-11-27T08:26:56.848850+00:00,train,1,1307,self,1.0,0,99,
2025-11-27T08:26:56.848981+00:00,train,1,1308,self,1.0,0,99,
2025-11-27T08:26:56.849113+00:00,train,1,1309,self,1.0,0,92,
2025-11-27T08:26:56.849244+00:00,train,1,1310,self,1.0,0,98,
2025-11-27T08:26:56.849375+00:00,train,1,1311,self,1.0,0,95,
2025-11-27T08:26:56.849506+00:00,train,1,1312,self,1.0,0,96,
2025-11-27T08:26:56.849637+00:00,train,1,1313,self,1.0,0,91,
2025-11-27T08:26:56.849769+00:00,train,1,1314,self,1.0,0,98,
2025-11-27T08:26:56.849900+00:00,train,1,1315,self,1.0,0,93,
2025-11-27T08:26:56.850031+00:00,train,1,1316,self,1.0,0,99,
2025-11-27T08:26:56.850161+00:00,train,1,1317,self,1.0,0,97,
2025-11-27T08:26:56.850292+00:00,train,1,1318,self,1.0,0,99,
2025-11-27T08:26:56.850423+00:00,train,1,1319,self,1.0,0,97,
2025-11-27T08:26:56.850555+00:00,train,1,1320,self,1.0,0,100,
2025-11-27T08:26:56.850686+00:00,train,1,1321,self,1.0,0,99,
2025-11-27T08:26:56.850817+00:00,train,1,1322,self,1.0,0,99,
2025-11-27T08:26:56.850948+00:00,train,1,1323,self,1.0,0,96,
2025-11-27T08:26:56.851079+00:00,train,1,1324,self,1.0,0,99,
2025-11-27T08:26:56.851210+00:00,train,1,1325,self,1.0,0,96,
2025-11-27T08:26:56.851341+00:00,train,1,1326,self,1.0,0,98,
2025-11-27T08:26:56.851472+00:00,train,1,1327,self,1.0,0,93,
2025-11-27T08:26:56.851604+00:00,train,1,1328,self,1.0,0,98,
2025-11-27T08:26:56.851736+00:00,train,1,1329,self,1.0,0,94,
2025-11-27T08:26:56.851867+00:00,train,1,1330,self,1.0,0,100,
2025-11-27T08:26:56.851998+00:00,train,1,1331,self,1.0,0,96,
2025-11-27T08:26:56.852130+00:00,train,1,1332,self,1.0,0,99,
2025-11-27T08:26:56.852261+00:00,train,1,1333,self,1.0,0,97,
2025-11-27T08:26:56.852393+00:00,train,1,1334,self,1.0,0,99,
2025-11-27T08:26:56.852526+00:00,train,1,1335,self,1.0,0,100,
2025-11-27T08:26:56.852671+00:00,train,1,1336,self,1.0,0,100,
2025-11-27T08:26:56.852799+00:00,train,1,1337,self,1.0,0,96,
2025-11-27T08:26:56.852927+00:00,train,1,1338,self,1.0,0,97,
2025-11-27T08:26:56.853054+00:00,train,1,1339,self,1.0,0,93,
2025-11-27T08:26:56.853182+00:00,train,1,1340,self,1.0,0,97,
2025-11-27T08:26:56.853309+00:00,train,1,1341,self,1.0,0,97,
2025-11-27T08:26:56.853437+00:00,train,1,1342,self,1.0,0,98,
2025-11-27T08:26:56.853564+00:00,train,1,1343,self,1.0,0,96,
2025-11-27T08:26:56.853705+00:00,train,1,1344,self,1.0,0,100,
2025-11-27T08:26:56.853828+00:00,train,1,1345,self,1.0,0,83,
2025-11-27T08:26:56.853952+00:00,train,1,1346,self,1.0,0,95,
2025-11-27T08:26:56.854077+00:00,train,1,1347,self,1.0,0,96,
2025-11-27T08:26:56.854205+00:00,train,1,1348,self,1.0,0,98,
2025-11-27T08:26:56.854328+00:00,train,1,1349,self,1.0,0,98,
2025-11-27T08:26:56.854452+00:00,train,1,1350,self,1.0,0,98,
2025-11-27T08:26:56.854576+00:00,train,1,1351,self,1.0,0,97,
2025-11-27T08:26:56.854700+00:00,train,1,1352,self,1.0,0,98,
2025-11-27T08:26:56.854835+00:00,train,1,1353,self,1.0,0,97,
2025-11-27T08:26:56.854956+00:00,train,1,1354,self,1.0,0,99,
2025-11-27T08:26:56.855101+00:00,train,1,1355,self,1.0,0,87,
2025-11-27T08:26:56.855227+00:00,train,1,1356,self,1.0,0,99,
2025-11-27T08:26:56.855349+00:00,train,1,1357,self,1.0,0,92,
2025-11-27T08:26:56.855487+00:00,train,1,1358,self,1.0,0,94,
2025-11-27T08:26:56.855662+00:00,train,1,1359,self,1.0,0,89,
2025-11-27T08:26:56.855817+00:00,train,1,1360,self,1.0,0,98,
2025-11-27T08:26:56.855946+00:00,train,1,1361,self,1.0,0,99,
2025-11-27T08:26:56.856071+00:00,train,1,1362,self,1.0,0,100,
2025-11-27T08:26:56.856194+00:00,train,1,1363,self,1.0,0,96,
2025-11-27T08:26:56.856317+00:00,train,1,1364,self,1.0,0,98,
2025-11-27T08:26:56.856521+00:00,train,1,1365,self,1.0,0,97,
2025-11-27T08:26:56.856665+00:00,train,1,1366,self,1.0,0,98,
2025-11-27T08:26:56.856811+00:00,train,1,1367,self,1.0,0,94,
2025-11-27T08:26:56.856938+00:00,train,1,1368,self,1.0,0,100,
2025-11-27T08:26:56.857065+00:00,train,1,1369,self,1.0,0,94,
2025-11-27T08:26:56.857189+00:00,train,1,1370,self,1.0,0,97,
2025-11-27T08:26:56.857330+00:00,train,1,1371,self,1.0,0,93,
2025-11-27T08:26:56.857453+00:00,train,1,1372,self,1.0,0,99,
2025-11-27T08:26:56.857642+00:00,train,1,1373,self,1.0,0,90,
2025-11-27T08:26:56.857792+00:00,train,1,1374,self,1.0,0,97,
2025-11-27T08:26:56.857918+00:00,train,1,1375,self,1.0,0,97,
2025-11-27T08:26:56.858038+00:00,train,1,1376,self,1.0,0,98,
2025-11-27T08:26:56.858157+00:00,train,1,1377,self,1.0,0,81,
2025-11-27T08:26:56.858273+00:00,train,1,1378,self,1.0,0,96,
2025-11-27T08:26:56.858388+00:00,train,1,1379,self,1.0,0,99,
2025-11-27T08:26:56.858504+00:00,train,1,1380,self,1.0,0,100,
2025-11-27T08:26:56.858618+00:00,train,1,1381,self,1.0,0,95,
2025-11-27T08:26:56.858732+00:00,train,1,1382,self,1.0,0,98,
2025-11-27T08:26:56.858857+00:00,train,1,1383,self,1.0,0,94,
2025-11-27T08:26:56.858968+00:00,train,1,1384,self,1.0,0,97,
2025-11-27T08:26:56.859078+00:00,train,1,1385,self,1.0,0,93,
2025-11-27T08:26:56.859188+00:00,train,1,1386,self,1.0,0,100,
2025-11-27T08:26:56.859298+00:00,train,1,1387,self,1.0,0,93,
2025-11-27T08:26:56.859408+00:00,train,1,1388,self,1.0,0,98,
2025-11-27T08:26:56.859518+00:00,train,1,1389,self,1.0,0,80,
2025-11-27T08:26:56.859626+00:00,train,1,1390,self,1.0,0,89,
2025-11-27T08:26:56.859736+00:00,train,1,1391,self,1.0,0,82,
2025-11-27T08:26:56.859845+00:00,train,1,1392,self,1.0,0,98,
2025-11-27T08:26:56.859955+00:00,train,1,1393,self,1.0,0,82,
2025-11-27T08:26:56.860064+00:00,train,1,1394,self,1.0,0,100,
2025-11-27T08:26:56.860174+00:00,train,1,1395,self,1.0,0,90,
2025-11-27T08:26:56.860283+00:00,train,1,1396,self,1.0,0,98,
2025-11-27T08:26:56.860393+00:00,train,1,1397,self,1.0,0,98,
2025-11-27T08:26:56.860502+00:00,train,1,1398,self,1.0,0,99,
2025-11-27T08:26:56.860612+00:00,train,1,1399,self,1.0,0,92,
2025-11-27T08:26:56.860722+00:00,train,1,1400,self,1.0,0,98,
2025-11-27T08:26:56.860833+00:00,train,1,1401,self,1.0,0,80,
2025-11-27T08:26:56.860961+00:00,train,1,1402,self,1.0,0,97,
2025-11-27T08:26:56.861072+00:00,train,1,1403,self,1.0,0,93,
2025-11-27T08:26:56.861183+00:00,train,1,1404,self,1.0,0,100,
2025-11-27T08:26:56.861293+00:00,train,1,1405,self,1.0,0,95,
2025-11-27T08:26:56.861403+00:00,train,1,1406,self,1.0,0,100,
2025-11-27T08:26:56.861513+00:00,train,1,1407,self,1.0,0,87,
2025-11-27T08:26:56.861623+00:00,train,1,1408,self,1.0,0,89,
2025-11-27T08:26:56.861734+00:00,train,1,1409,self,1.0,0,97,
2025-11-27T08:26:56.861845+00:00,train,1,1410,self,1.0,0,98,
2025-11-27T08:26:56.861955+00:00,train,1,1411,self,1.0,0,93,
2025-11-27T08:26:56.862085+00:00,train,1,1412,self,1.0,0,97,
2025-11-27T08:26:56.862200+00:00,train,1,1413,self,1.0,0,100,
2025-11-27T08:26:56.862321+00:00,train,1,1414,self,1.0,0,100,
2025-11-27T08:26:56.862432+00:00,train,1,1415,self,1.0,0,96,
2025-11-27T08:26:56.862542+00:00,train,1,1416,self,1.0,0,100,
2025-11-27T08:26:56.862652+00:00,train,1,1417,self,1.0,0,98,
2025-11-27T08:26:56.862763+00:00,train,1,1418,self,1.0,0,99,
2025-11-27T08:26:56.862873+00:00,train,1,1419,self,1.0,0,85,
2025-11-27T08:26:56.862983+00:00,train,1,1420,self,1.0,0,97,
2025-11-27T08:26:56.863093+00:00,train,1,1421,self,1.0,0,89,
2025-11-27T08:26:56.863203+00:00,train,1,1422,self,1.0,0,96,
2025-11-27T08:26:56.863313+00:00,train,1,1423,self,1.0,0,88,
2025-11-27T08:26:56.863423+00:00,train,1,1424,self,1.0,0,100,
2025-11-27T08:26:56.863534+00:00,train,1,1425,self,1.0,0,91,
2025-11-27T08:26:56.863644+00:00,train,1,1426,self,1.0,0,100,
2025-11-27T08:26:56.863754+00:00,train,1,1427,self,1.0,0,96,
2025-11-27T08:26:56.863863+00:00,train,1,1428,self,1.0,0,98,
2025-11-27T08:26:56.863973+00:00,train,1,1429,self,1.0,0,89,
2025-11-27T08:26:56.864082+00:00,train,1,1430,self,1.0,0,95,
2025-11-27T08:26:56.864191+00:00,train,1,1431,self,1.0,0,96,
2025-11-27T08:26:56.864301+00:00,train,1,1432,self,1.0,0,100,
2025-11-27T08:26:56.864410+00:00,train,1,1433,self,1.0,0,99,
2025-11-27T08:26:56.864520+00:00,train,1,1434,self,1.0,0,99,
2025-11-27T08:26:56.864630+00:00,train,1,1435,self,1.0,0,100,
2025-11-27T08:26:56.864739+00:00,train,1,1436,self,1.0,0,100,
2025-11-27T08:26:56.864848+00:00,train,1,1437,self,1.0,0,95,
2025-11-27T08:26:56.864957+00:00,train,1,1438,self,1.0,0,99,
2025-11-27T08:26:56.865066+00:00,train,1,1439,self,1.0,0,91,
2025-11-27T08:26:56.865176+00:00,train,1,1440,self,1.0,0,93,
2025-11-27T08:26:56.865286+00:00,train,1,1441,self,1.0,0,100,
2025-11-27T08:26:56.865396+00:00,train,1,1442,self,1.0,0,100,
2025-11-27T08:26:56.865505+00:00,train,1,1443,self,1.0,0,94,
2025-11-27T08:26:56.865614+00:00,train,1,1444,self,1.0,0,98,
2025-11-27T08:26:56.865723+00:00,train,1,1445,self,1.0,0,97,
2025-11-27T08:26:56.865833+00:00,train,1,1446,self,1.0,0,99,
2025-11-27T08:26:56.865942+00:00,train,1,1447,self,1.0,0,95,
2025-11-27T08:26:56.866051+00:00,train,1,1448,self,1.0,0,97,
2025-11-27T08:26:56.866160+00:00,train,1,1449,self,1.0,0,92,
2025-11-27T08:26:56.866269+00:00,train,1,1450,self,1.0,0,99,
2025-11-27T08:26:56.866379+00:00,train,1,1451,self,1.0,0,95,
2025-11-27T08:26:56.866488+00:00,train,1,1452,self,1.0,0,98,
2025-11-27T08:26:56.866604+00:00,train,1,1453,self,1.0,0,90,
2025-11-27T08:26:56.866714+00:00,train,1,1454,self,1.0,0,97,
2025-11-27T08:26:56.866823+00:00,train,1,1455,self,1.0,0,89,
2025-11-27T08:26:56.866932+00:00,train,1,1456,self,1.0,0,99,
2025-11-27T08:26:56.867041+00:00,train,1,1457,self,1.0,0,89,
2025-11-27T08:26:56.867151+00:00,train,1,1458,self,1.0,0,99,
2025-11-27T08:26:56.867260+00:00,train,1,1459,self,1.0,0,97,
2025-11-27T08:26:56.867370+00:00,train,1,1460,self,1.0,0,97,
2025-11-27T08:26:56.867485+00:00,train,1,1461,self,1.0,0,97,
2025-11-27T08:26:56.867595+00:00,train,1,1462,self,1.0,0,98,
2025-11-27T08:26:56.867704+00:00,train,1,1463,self,1.0,0,96,
2025-11-27T08:26:56.867833+00:00,train,1,1464,self,1.0,0,99,
2025-11-27T08:26:56.867945+00:00,train,1,1465,self,1.0,0,92,
2025-11-27T08:26:56.868055+00:00,train,1,1466,self,1.0,0,99,
2025-11-27T08:26:56.868165+00:00,train,1,1467,self,1.0,0,85,
2025-11-27T08:26:56.868275+00:00,train,1,1468,self,1.0,0,94,
2025-11-27T08:26:56.868385+00:00,train,1,1469,self,1.0,0,95,
2025-11-27T08:26:56.868495+00:00,train,1,1470,self,1.0,0,100,
2025-11-27T08:26:56.868604+00:00,train,1,1471,self,1.0,0,95,
2025-11-27T08:26:56.868713+00:00,train,1,1472,self,1.0,0,99,
2025-11-27T08:26:56.868824+00:00,train,1,1473,self,1.0,0,81,
2025-11-27T08:26:56.868934+00:00,train,1,1474,self,1.0,0,95,
2025-11-27T08:26:56.869044+00:00,train,1,1475,self,1.0,0,91,
2025-11-27T08:26:56.869153+00:00,train,1,1476,self,1.0,0,99,
2025-11-27T08:26:56.869263+00:00,train,1,1477,self,1.0,0,89,
2025-11-27T08:26:56.869372+00:00,train,1,1478,self,1.0,0,99,
2025-11-27T08:26:56.869482+00:00,train,1,1479,self,1.0,0,98,
2025-11-27T08:26:56.869592+00:00,train,1,1480,self,1.0,0,100,
2025-11-27T08:26:56.869701+00:00,train,1,1481,self,1.0,0,90,
2025-11-27T08:26:56.869811+00:00,train,1,1482,self,1.0,0,92,
2025-11-27T08:26:56.869923+00:00,train,1,1483,self,1.0,0,88,
2025-11-27T08:26:56.870032+00:00,train,1,1484,self,1.0,0,100,
2025-11-27T08:26:56.870141+00:00,train,1,1485,self,1.0,0,96,
2025-11-27T08:26:56.870251+00:00,train,1,1486,self,1.0,0,99,
2025-11-27T08:26:56.870361+00:00,train,1,1487,self,1.0,0,99,
2025-11-27T08:26:56.870470+00:00,train,1,1488,self,1.0,0,100,
2025-11-27T08:26:56.870580+00:00,train,1,1489,self,1.0,0,95,
2025-11-27T08:26:56.870689+00:00,train,1,1490,self,1.0,0,100,
2025-11-27T08:26:56.870798+00:00,train,1,1491,self,1.0,0,99,
2025-11-27T08:26:56.870954+00:00,train,1,1492,self,1.0,0,100,
2025-11-27T08:26:56.871083+00:00,train,1,1493,self,1.0,0,95,
2025-11-27T08:26:56.871203+00:00,train,1,1494,self,1.0,0,96,
2025-11-27T08:26:56.871320+00:00,train,1,1495,self,1.0,0,94,
2025-11-27T08:26:56.871434+00:00,train,1,1496,self,1.0,0,99,
2025-11-27T08:26:56.871546+00:00,train,1,1497,self,1.0,0,96,
2025-11-27T08:26:56.871658+00:00,train,1,1498,self,1.0,0,99,
2025-11-27T08:26:56.871786+00:00,train,1,1499,self,1.0,0,95,
2025-11-27T08:26:56.871935+00:00,train,1,1500,self,1.0,0,98,
2025-11-27T08:26:56.874887+00:00,train,1,1501,self,1.0,0,93,
2025-11-27T08:26:56.875021+00:00,train,1,1502,self,1.0,0,96,
2025-11-27T08:26:56.875220+00:00,train,1,1503,self,1.0,0,88,
2025-11-27T08:26:56.875361+00:00,train,1,1504,self,1.0,0,100,
2025-11-27T08:26:56.875516+00:00,train,1,1505,self,1.0,0,96,
2025-11-27T08:26:56.875641+00:00,train,1,1506,self,1.0,0,97,
2025-11-27T08:26:56.875804+00:00,train,1,1507,self,1.0,0,98,
2025-11-27T08:26:56.875936+00:00,train,1,1508,self,1.0,0,100,
2025-11-27T08:26:56.876103+00:00,train,1,1509,self,1.0,0,87,
2025-11-27T08:26:56.876241+00:00,train,1,1510,self,1.0,0,94,
2025-11-27T08:26:56.876368+00:00,train,1,1511,self,1.0,0,98,
2025-11-27T08:26:56.876491+00:00,train,1,1512,self,1.0,0,100,
2025-11-27T08:26:56.876661+00:00,train,1,1513,self,1.0,0,90,
2025-11-27T08:26:56.876874+00:00,train,1,1514,self,1.0,0,95,
2025-11-27T08:26:56.877006+00:00,train,1,1515,self,1.0,0,88,
2025-11-27T08:26:56.877129+00:00,train,1,1516,self,1.0,0,99,
2025-11-27T08:26:56.877261+00:00,train,1,1517,self,1.0,0,95,
2025-11-27T08:26:56.877418+00:00,train,1,1518,self,1.0,0,97,
2025-11-27T08:26:56.877550+00:00,train,1,1519,self,1.0,0,93,
2025-11-27T08:26:56.877673+00:00,train,1,1520,self,1.0,0,96,
2025-11-27T08:26:56.877827+00:00,train,1,1521,self,1.0,0,94,
2025-11-27T08:26:56.877949+00:00,train,1,1522,self,1.0,0,96,
2025-11-27T08:26:56.878069+00:00,train,1,1523,self,1.0,0,99,
2025-11-27T08:26:56.878189+00:00,train,1,1524,self,1.0,0,99,
2025-11-27T08:26:56.878305+00:00,train,1,1525,self,1.0,0,95,
2025-11-27T08:26:56.878489+00:00,train,1,1526,self,1.0,0,97,
2025-11-27T08:26:56.878625+00:00,train,1,1527,self,1.0,0,75,
2025-11-27T08:26:56.878766+00:00,train,1,1528,self,1.0,0,100,
2025-11-27T08:26:56.878890+00:00,train,1,1529,self,1.0,0,93,
2025-11-27T08:26:56.879034+00:00,train,1,1530,self,1.0,0,97,
2025-11-27T08:26:56.879159+00:00,train,1,1531,self,1.0,0,93,
2025-11-27T08:26:56.879283+00:00,train,1,1532,self,1.0,0,95,
2025-11-27T08:26:56.879401+00:00,train,1,1533,self,1.0,0,97,
2025-11-27T08:26:56.879521+00:00,train,1,1534,self,1.0,0,99,
2025-11-27T08:26:56.879638+00:00,train,1,1535,self,1.0,0,94,
2025-11-27T08:26:56.879778+00:00,train,1,1536,self,1.0,0,100,
2025-11-27T08:26:56.879899+00:00,train,1,1537,self,1.0,0,77,
2025-11-27T08:26:56.880020+00:00,train,1,1538,self,1.0,0,95,
2025-11-27T08:26:56.880139+00:00,train,1,1539,self,1.0,0,92,
2025-11-27T08:26:56.880259+00:00,train,1,1540,self,1.0,0,99,
2025-11-27T08:26:56.880380+00:00,train,1,1541,self,1.0,0,96,
2025-11-27T08:26:56.880499+00:00,train,1,1542,self,1.0,0,100,
2025-11-27T08:26:56.880619+00:00,train,1,1543,self,1.0,0,93,
2025-11-27T08:26:56.880755+00:00,train,1,1544,self,1.0,0,100,
2025-11-27T08:26:56.880878+00:00,train,1,1545,self,1.0,0,99,
2025-11-27T08:26:56.881001+00:00,train,1,1546,self,1.0,0,100,
2025-11-27T08:26:56.881124+00:00,train,1,1547,self,1.0,0,89,
2025-11-27T08:26:56.881247+00:00,train,1,1548,self,1.0,0,94,
2025-11-27T08:26:56.881370+00:00,train,1,1549,self,1.0,0,93,
2025-11-27T08:26:56.881492+00:00,train,1,1550,self,1.0,0,100,
2025-11-27T08:26:56.881616+00:00,train,1,1551,self,1.0,0,91,
2025-11-27T08:26:56.881814+00:00,train,1,1552,self,1.0,0,100,
2025-11-27T08:26:56.881968+00:00,train,1,1553,self,1.0,0,100,
2025-11-27T08:26:56.882145+00:00,train,1,1554,self,1.0,0,100,
2025-11-27T08:26:56.882315+00:00,train,1,1555,self,1.0,0,87,
2025-11-27T08:26:56.882466+00:00,train,1,1556,self,1.0,0,95,
2025-11-27T08:26:56.882633+00:00,train,1,1557,self,1.0,0,100,
2025-11-27T08:26:56.882821+00:00,train,1,1558,self,1.0,0,100,
2025-11-27T08:26:56.882973+00:00,train,1,1559,self,1.0,0,99,
2025-11-27T08:26:56.883167+00:00,train,1,1560,self,1.0,0,100,
2025-11-27T08:26:56.883319+00:00,train,1,1561,self,1.0,0,97,
2025-11-27T08:26:56.883461+00:00,train,1,1562,self,1.0,0,99,
2025-11-27T08:26:56.883599+00:00,train,1,1563,self,1.0,0,88,
2025-11-27T08:26:56.883751+00:00,train,1,1564,self,1.0,0,91,
2025-11-27T08:26:56.883889+00:00,train,1,1565,self,1.0,0,99,
2025-11-27T08:26:56.884026+00:00,train,1,1566,self,1.0,0,100,
2025-11-27T08:26:56.884163+00:00,train,1,1567,self,1.0,0,79,
2025-11-27T08:26:56.884300+00:00,train,1,1568,self,1.0,0,95,
2025-11-27T08:26:56.884436+00:00,train,1,1569,self,1.0,0,97,
2025-11-27T08:26:56.884570+00:00,train,1,1570,self,1.0,0,98,
2025-11-27T08:26:56.884706+00:00,train,1,1571,self,1.0,0,97,
2025-11-27T08:26:56.884840+00:00,train,1,1572,self,1.0,0,97,
2025-11-27T08:26:56.884975+00:00,train,1,1573,self,1.0,0,74,
2025-11-27T08:26:56.885110+00:00,train,1,1574,self,1.0,0,93,
2025-11-27T08:26:56.885245+00:00,train,1,1575,self,1.0,0,88,
2025-11-27T08:26:56.885379+00:00,train,1,1576,self,1.0,0,92,
2025-11-27T08:26:56.885512+00:00,train,1,1577,self,1.0,0,97,
2025-11-27T08:26:56.885647+00:00,train,1,1578,self,1.0,0,99,
2025-11-27T08:26:56.885782+00:00,train,1,1579,self,1.0,0,93,
2025-11-27T08:26:56.885917+00:00,train,1,1580,self,1.0,0,98,
2025-11-27T08:26:56.886051+00:00,train,1,1581,self,1.0,0,96,
2025-11-27T08:26:56.886186+00:00,train,1,1582,self,1.0,0,98,
2025-11-27T08:26:56.886321+00:00,train,1,1583,self,1.0,0,94,
2025-11-27T08:26:56.886456+00:00,train,1,1584,self,1.0,0,99,
2025-11-27T08:26:56.886590+00:00,train,1,1585,self,1.0,0,97,
2025-11-27T08:26:56.886736+00:00,train,1,1586,self,1.0,0,98,
2025-11-27T08:26:56.886867+00:00,train,1,1587,self,1.0,0,94,
2025-11-27T08:26:56.887004+00:00,train,1,1588,self,1.0,0,100,
2025-11-27T08:26:56.887135+00:00,train,1,1589,self,1.0,0,97,
2025-11-27T08:26:56.887265+00:00,train,1,1590,self,1.0,0,98,
2025-11-27T08:26:56.887395+00:00,train,1,1591,self,1.0,0,87,
2025-11-27T08:26:56.887527+00:00,train,1,1592,self,1.0,0,95,
2025-11-27T08:26:56.887658+00:00,train,1,1593,self,1.0,0,92,
2025-11-27T08:26:56.887788+00:00,train,1,1594,self,1.0,0,93,
2025-11-27T08:26:56.887918+00:00,train,1,1595,self,1.0,0,95,
2025-11-27T08:26:56.888050+00:00,train,1,1596,self,1.0,0,98,
2025-11-27T08:26:56.888185+00:00,train,1,1597,self,1.0,0,88,
2025-11-27T08:26:56.888321+00:00,train,1,1598,self,1.0,0,99,
2025-11-27T08:26:56.888463+00:00,train,1,1599,self,1.0,0,93,
2025-11-27T08:26:56.888599+00:00,train,1,1600,self,1.0,0,96,
2025-11-27T08:26:56.888732+00:00,train,1,1601,self,1.0,0,98,
2025-11-27T08:26:56.888862+00:00,train,1,1602,self,1.0,0,99,
2025-11-27T08:26:56.889021+00:00,train,1,1603,self,1.0,0,91,
2025-11-27T08:26:56.889201+00:00,train,1,1604,self,1.0,0,95,
2025-11-27T08:26:56.889351+00:00,train,1,1605,self,1.0,0,99,
2025-11-27T08:26:56.889495+00:00,train,1,1606,self,1.0,0,100,
2025-11-27T08:26:56.889634+00:00,train,1,1607,self,1.0,0,97,
2025-11-27T08:26:56.889772+00:00,train,1,1608,self,1.0,0,100,
2025-11-27T08:26:56.889912+00:00,train,1,1609,self,1.0,0,98,
2025-11-27T08:26:56.890047+00:00,train,1,1610,self,1.0,0,100,
2025-11-27T08:26:56.890181+00:00,train,1,1611,self,1.0,0,96,
2025-11-27T08:26:56.890315+00:00,train,1,1612,self,1.0,0,99,
2025-11-27T08:26:56.890448+00:00,train,1,1613,self,1.0,0,95,
2025-11-27T08:26:56.890581+00:00,train,1,1614,self,1.0,0,97,
2025-11-27T08:26:56.890719+00:00,train,1,1615,self,1.0,0,74,
2025-11-27T08:26:56.890853+00:00,train,1,1616,self,1.0,0,100,
2025-11-27T08:26:56.890986+00:00,train,1,1617,self,1.0,0,93,
2025-11-27T08:26:56.891118+00:00,train,1,1618,self,1.0,0,99,
2025-11-27T08:26:56.891251+00:00,train,1,1619,self,1.0,0,94,
2025-11-27T08:26:56.891383+00:00,train,1,1620,self,1.0,0,98,
2025-11-27T08:26:56.891514+00:00,train,1,1621,self,1.0,0,98,
2025-11-27T08:26:56.891646+00:00,train,1,1622,self,1.0,0,99,
2025-11-27T08:26:56.891777+00:00,train,1,1623,self,1.0,0,95,
2025-11-27T08:26:56.891908+00:00,train,1,1624,self,1.0,0,100,
2025-11-27T08:26:56.892039+00:00,train,1,1625,self,1.0,0,79,
2025-11-27T08:26:56.892175+00:00,train,1,1626,self,1.0,0,87,
2025-11-27T08:26:56.892306+00:00,train,1,1627,self,1.0,0,94,
2025-11-27T08:26:56.892437+00:00,train,1,1628,self,1.0,0,99,
2025-11-27T08:26:56.892568+00:00,train,1,1629,self,1.0,0,96,
2025-11-27T08:26:56.892699+00:00,train,1,1630,self,1.0,0,99,
2025-11-27T08:26:56.892830+00:00,train,1,1631,self,1.0,0,96,
2025-11-27T08:26:56.892961+00:00,train,1,1632,self,1.0,0,100,
2025-11-27T08:26:56.893094+00:00,train,1,1633,self,1.0,0,99,
2025-11-27T08:26:56.893224+00:00,train,1,1634,self,1.0,0,100,
2025-11-27T08:26:56.893355+00:00,train,1,1635,self,1.0,0,99,
2025-11-27T08:26:56.893486+00:00,train,1,1636,self,1.0,0,99,
2025-11-27T08:26:56.893617+00:00,train,1,1637,self,1.0,0,88,
2025-11-27T08:26:56.893748+00:00,train,1,1638,self,1.0,0,97,
2025-11-27T08:26:56.893878+00:00,train,1,1639,self,1.0,0,95,
2025-11-27T08:26:56.894010+00:00,train,1,1640,self,1.0,0,100,
2025-11-27T08:26:56.894141+00:00,train,1,1641,self,1.0,0,89,
2025-11-27T08:26:56.894271+00:00,train,1,1642,self,1.0,0,98,
2025-11-27T08:26:56.894402+00:00,train,1,1643,self,1.0,0,97,
2025-11-27T08:26:56.894533+00:00,train,1,1644,self,1.0,0,99,
2025-11-27T08:26:56.894664+00:00,train,1,1645,self,1.0,0,91,
2025-11-27T08:26:56.894796+00:00,train,1,1646,self,1.0,0,96,
2025-11-27T08:26:56.894926+00:00,train,1,1647,self,1.0,0,92,
2025-11-27T08:26:56.895057+00:00,train,1,1648,self,1.0,0,94,
2025-11-27T08:26:56.895188+00:00,train,1,1649,self,1.0,0,90,
2025-11-27T08:26:56.895319+00:00,train,1,1650,self,1.0,0,100,
2025-11-27T08:26:56.895450+00:00,train,1,1651,self,1.0,0,96,
2025-11-27T08:26:56.895581+00:00,train,1,1652,self,1.0,0,97,
2025-11-27T08:26:56.895712+00:00,train,1,1653,self,1.0,0,97,
2025-11-27T08:26:56.895843+00:00,train,1,1654,self,1.0,0,99,
2025-11-27T08:26:56.895974+00:00,train,1,1655,self,1.0,0,98,
2025-11-27T08:26:56.896106+00:00,train,1,1656,self,1.0,0,99,
2025-11-27T08:26:56.896238+00:00,train,1,1657,self,1.0,0,90,
2025-11-27T08:26:56.896369+00:00,train,1,1658,self,1.0,0,97,
2025-11-27T08:26:56.896500+00:00,train,1,1659,self,1.0,0,97,
2025-11-27T08:26:56.896631+00:00,train,1,1660,self,1.0,0,99,
2025-11-27T08:26:56.896763+00:00,train,1,1661,self,1.0,0,95,
2025-11-27T08:26:56.896894+00:00,train,1,1662,self,1.0,0,99,
2025-11-27T08:26:56.897026+00:00,train,1,1663,self,1.0,0,95,
2025-11-27T08:26:56.897161+00:00,train,1,1664,self,1.0,0,100,
2025-11-27T08:26:56.897294+00:00,train,1,1665,self,1.0,0,97,
2025-11-27T08:26:56.897500+00:00,train,1,1666,self,1.0,0,98,
2025-11-27T08:26:56.897658+00:00,train,1,1667,self,1.0,0,88,
2025-11-27T08:26:56.897804+00:00,train,1,1668,self,1.0,0,100,
2025-11-27T08:26:56.897944+00:00,train,1,1669,self,1.0,0,93,
2025-11-27T08:26:56.898081+00:00,train,1,1670,self,1.0,0,97,
2025-11-27T08:26:56.898217+00:00,train,1,1671,self,1.0,0,92,
2025-11-27T08:26:56.898352+00:00,train,1,1672,self,1.0,0,100,
2025-11-27T08:26:56.898488+00:00,train,1,1673,self,1.0,0,98,
2025-11-27T08:26:56.898623+00:00,train,1,1674,self,1.0,0,98,
2025-11-27T08:26:56.898759+00:00,train,1,1675,self,1.0,0,95,
2025-11-27T08:26:56.898893+00:00,train,1,1676,self,1.0,0,100,
2025-11-27T08:26:56.899026+00:00,train,1,1677,self,1.0,0,97,
2025-11-27T08:26:56.899159+00:00,train,1,1678,self,1.0,0,98,
2025-11-27T08:26:56.899292+00:00,train,1,1679,self,1.0,0,89,
2025-11-27T08:26:56.899425+00:00,train,1,1680,self,1.0,0,91,
2025-11-27T08:26:56.899558+00:00,train,1,1681,self,1.0,0,99,
2025-11-27T08:26:56.899691+00:00,train,1,1682,self,1.0,0,100,
2025-11-27T08:26:56.899824+00:00,train,1,1683,self,1.0,0,93,
2025-11-27T08:26:56.899957+00:00,train,1,1684,self,1.0,0,94,
2025-11-27T08:26:56.900089+00:00,train,1,1685,self,1.0,0,93,
2025-11-27T08:26:56.900222+00:00,train,1,1686,self,1.0,0,96,
2025-11-27T08:26:56.900355+00:00,train,1,1687,self,1.0,0,96,
2025-11-27T08:26:56.900487+00:00,train,1,1688,self,1.0,0,98,
2025-11-27T08:26:56.900620+00:00,train,1,1689,self,1.0,0,98,
2025-11-27T08:26:56.900758+00:00,train,1,1690,self,1.0,0,98,
2025-11-27T08:26:56.900891+00:00,train,1,1691,self,1.0,0,92,
2025-11-27T08:26:56.901024+00:00,train,1,1692,self,1.0,0,100,
2025-11-27T08:26:56.901156+00:00,train,1,1693,self,1.0,0,80,
2025-11-27T08:26:56.901288+00:00,train,1,1694,self,1.0,0,91,
2025-11-27T08:26:56.901421+00:00,train,1,1695,self,1.0,0,99,
2025-11-27T08:26:56.901554+00:00,train,1,1696,self,1.0,0,99,
2025-11-27T08:26:56.901686+00:00,train,1,1697,self,1.0,0,98,
2025-11-27T08:26:56.901817+00:00,train,1,1698,self,1.0,0,99,
2025-11-27T08:26:56.901949+00:00,train,1,1699,self,1.0,0,95,
2025-11-27T08:26:56.902081+00:00,train,1,1700,self,1.0,0,97,
2025-11-27T08:26:56.902214+00:00,train,1,1701,self,1.0,0,96,
2025-11-27T08:26:56.902346+00:00,train,1,1702,self,1.0,0,96,
2025-11-27T08:26:56.902478+00:00,train,1,1703,self,1.0,0,89,
2025-11-27T08:26:56.902610+00:00,train,1,1704,self,1.0,0,95,
2025-11-27T08:26:56.902742+00:00,train,1,1705,self,1.0,0,92,
2025-11-27T08:26:56.902873+00:00,train,1,1706,self,1.0,0,96,
2025-11-27T08:26:56.903005+00:00,train,1,1707,self,1.0,0,95,
2025-11-27T08:26:56.903138+00:00,train,1,1708,self,1.0,0,97,
2025-11-27T08:26:56.903269+00:00,train,1,1709,self,1.0,0,91,
2025-11-27T08:26:56.903401+00:00,train,1,1710,self,1.0,0,91,
2025-11-27T08:26:56.903533+00:00,train,1,1711,self,1.0,0,88,
2025-11-27T08:26:56.903679+00:00,train,1,1712,self,1.0,0,95,
2025-11-27T08:26:56.903807+00:00,train,1,1713,self,1.0,0,88,
2025-11-27T08:26:56.903935+00:00,train,1,1714,self,1.0,0,95,
2025-11-27T08:26:56.904062+00:00,train,1,1715,self,1.0,0,91,
2025-11-27T08:26:56.904212+00:00,train,1,1716,self,1.0,0,100,
2025-11-27T08:26:56.904386+00:00,train,1,1717,self,1.0,0,87,
2025-11-27T08:26:56.904532+00:00,train,1,1718,self,1.0,0,97,
2025-11-27T08:26:56.904683+00:00,train,1,1719,self,1.0,0,95,
2025-11-27T08:26:56.904814+00:00,train,1,1720,self,1.0,0,96,
2025-11-27T08:26:56.904943+00:00,train,1,1721,self,1.0,0,85,
2025-11-27T08:26:56.905070+00:00,train,1,1722,self,1.0,0,98,
2025-11-27T08:26:56.905196+00:00,train,1,1723,self,1.0,0,100,
2025-11-27T08:26:56.905321+00:00,train,1,1724,self,1.0,0,100,
2025-11-27T08:26:56.905446+00:00,train,1,1725,self,1.0,0,75,
2025-11-27T08:26:56.905570+00:00,train,1,1726,self,1.0,0,96,
2025-11-27T08:26:56.905707+00:00,train,1,1727,self,1.0,0,88,
2025-11-27T08:26:56.905828+00:00,train,1,1728,self,1.0,0,96,
2025-11-27T08:26:56.905948+00:00,train,1,1729,self,1.0,0,94,
2025-11-27T08:26:56.906072+00:00,train,1,1730,self,1.0,0,100,
2025-11-27T08:26:56.906192+00:00,train,1,1731,self,1.0,0,96,
2025-11-27T08:26:56.906314+00:00,train,1,1732,self,1.0,0,96,
2025-11-27T08:26:56.906434+00:00,train,1,1733,self,1.0,0,98,
2025-11-27T08:26:56.906555+00:00,train,1,1734,self,1.0,0,99,
2025-11-27T08:26:56.906689+00:00,train,1,1735,self,1.0,0,96,
2025-11-27T08:26:56.906805+00:00,train,1,1736,self,1.0,0,96,
2025-11-27T08:26:56.906922+00:00,train,1,1737,self,1.0,0,91,
2025-11-27T08:26:56.907039+00:00,train,1,1738,self,1.0,0,100,
2025-11-27T08:26:56.907156+00:00,train,1,1739,self,1.0,0,90,
2025-11-27T08:26:56.907273+00:00,train,1,1740,self,1.0,0,95,
2025-11-27T08:26:56.907390+00:00,train,1,1741,self,1.0,0,100,
2025-11-27T08:26:56.907507+00:00,train,1,1742,self,1.0,0,100,
2025-11-27T08:26:56.907630+00:00,train,1,1743,self,1.0,0,99,
2025-11-27T08:26:56.907747+00:00,train,1,1744,self,1.0,0,100,
2025-11-27T08:26:56.907874+00:00,train,1,1745,self,1.0,0,95,
2025-11-27T08:26:56.907989+00:00,train,1,1746,self,1.0,0,99,
2025-11-27T08:26:56.908103+00:00,train,1,1747,self,1.0,0,95,
2025-11-27T08:26:56.908217+00:00,train,1,1748,self,1.0,0,97,
2025-11-27T08:26:56.908331+00:00,train,1,1749,self,1.0,0,98,
2025-11-27T08:26:56.908445+00:00,train,1,1750,self,1.0,0,100,
2025-11-27T08:26:56.908559+00:00,train,1,1751,self,1.0,0,94,
2025-11-27T08:26:56.908675+00:00,train,1,1752,self,1.0,0,99,
2025-11-27T08:26:56.908801+00:00,train,1,1753,self,1.0,0,88,
2025-11-27T08:26:56.908912+00:00,train,1,1754,self,1.0,0,93,
2025-11-27T08:26:56.909022+00:00,train,1,1755,self,1.0,0,94,
2025-11-27T08:26:56.909133+00:00,train,1,1756,self,1.0,0,98,
2025-11-27T08:26:56.909244+00:00,train,1,1757,self,1.0,0,97,
2025-11-27T08:26:56.909355+00:00,train,1,1758,self,1.0,0,99,
2025-11-27T08:26:56.909466+00:00,train,1,1759,self,1.0,0,100,
2025-11-27T08:26:56.909577+00:00,train,1,1760,self,1.0,0,100,
2025-11-27T08:26:56.909700+00:00,train,1,1761,self,1.0,0,99,
2025-11-27T08:26:56.909808+00:00,train,1,1762,self,1.0,0,99,
2025-11-27T08:26:56.909916+00:00,train,1,1763,self,1.0,0,89,
2025-11-27T08:26:56.910024+00:00,train,1,1764,self,1.0,0,93,
2025-11-27T08:26:56.910132+00:00,train,1,1765,self,1.0,0,90,
2025-11-27T08:26:56.910240+00:00,train,1,1766,self,1.0,0,94,
2025-11-27T08:26:56.910348+00:00,train,1,1767,self,1.0,0,86,
2025-11-27T08:26:56.910455+00:00,train,1,1768,self,1.0,0,98,
2025-11-27T08:26:56.910563+00:00,train,1,1769,self,1.0,0,91,
2025-11-27T08:26:56.910672+00:00,train,1,1770,self,1.0,0,98,
2025-11-27T08:26:56.910783+00:00,train,1,1771,self,1.0,0,99,
2025-11-27T08:26:56.910890+00:00,train,1,1772,self,1.0,0,100,
2025-11-27T08:26:56.910998+00:00,train,1,1773,self,1.0,0,98,
2025-11-27T08:26:56.911106+00:00,train,1,1774,self,1.0,0,98,
2025-11-27T08:26:56.911215+00:00,train,1,1775,self,1.0,0,93,
2025-11-27T08:26:56.911323+00:00,train,1,1776,self,1.0,0,100,
2025-11-27T08:26:56.911431+00:00,train,1,1777,self,1.0,0,95,
2025-11-27T08:26:56.911539+00:00,train,1,1778,self,1.0,0,96,
2025-11-27T08:26:56.911647+00:00,train,1,1779,self,1.0,0,100,
2025-11-27T08:26:56.911755+00:00,train,1,1780,self,1.0,0,100,
2025-11-27T08:26:56.911863+00:00,train,1,1781,self,1.0,0,99,
2025-11-27T08:26:56.911971+00:00,train,1,1782,self,1.0,0,100,
2025-11-27T08:26:56.912079+00:00,train,1,1783,self,1.0,0,93,
2025-11-27T08:26:56.912187+00:00,train,1,1784,self,1.0,0,98,
2025-11-27T08:26:56.912295+00:00,train,1,1785,self,1.0,0,95,
2025-11-27T08:26:56.912403+00:00,train,1,1786,self,1.0,0,98,
2025-11-27T08:26:56.912511+00:00,train,1,1787,self,1.0,0,95,
2025-11-27T08:26:56.912619+00:00,train,1,1788,self,1.0,0,99,
2025-11-27T08:26:56.912728+00:00,train,1,1789,self,1.0,0,90,
2025-11-27T08:26:56.912837+00:00,train,1,1790,self,1.0,0,95,
2025-11-27T08:26:56.912944+00:00,train,1,1791,self,1.0,0,98,
2025-11-27T08:26:56.913053+00:00,train,1,1792,self,1.0,0,98,
2025-11-27T08:26:56.913161+00:00,train,1,1793,self,1.0,0,95,
2025-11-27T08:26:56.913269+00:00,train,1,1794,self,1.0,0,100,
2025-11-27T08:26:56.913377+00:00,train,1,1795,self,1.0,0,83,
2025-11-27T08:26:56.913487+00:00,train,1,1796,self,1.0,0,89,
2025-11-27T08:26:56.913596+00:00,train,1,1797,self,1.0,0,83,
2025-11-27T08:26:56.913704+00:00,train,1,1798,self,1.0,0,98,
2025-11-27T08:26:56.913812+00:00,train,1,1799,self,1.0,0,86,
2025-11-27T08:26:56.913919+00:00,train,1,1800,self,1.0,0,99,
2025-11-27T08:26:56.914062+00:00,train,1,1801,self,1.0,0,91,
2025-11-27T08:26:56.914208+00:00,train,1,1802,self,1.0,0,94,
2025-11-27T08:26:56.914332+00:00,train,1,1803,self,1.0,0,99,
2025-11-27T08:26:56.914448+00:00,train,1,1804,self,1.0,0,99,
2025-11-27T08:26:56.914620+00:00,train,1,1805,self,1.0,0,90,
2025-11-27T08:26:56.914759+00:00,train,1,1806,self,1.0,0,97,
2025-11-27T08:26:56.914886+00:00,train,1,1807,self,1.0,0,78,
2025-11-27T08:26:56.915009+00:00,train,1,1808,self,1.0,0,84,
2025-11-27T08:26:56.915142+00:00,train,1,1809,self,1.0,0,96,
2025-11-27T08:26:56.915260+00:00,train,1,1810,self,1.0,0,97,
2025-11-27T08:26:56.915395+00:00,train,1,1811,self,1.0,0,84,
2025-11-27T08:26:56.915512+00:00,train,1,1812,self,1.0,0,100,
2025-11-27T08:26:56.915644+00:00,train,1,1813,self,1.0,0,91,
2025-11-27T08:26:56.915760+00:00,train,1,1814,self,1.0,0,95,
2025-11-27T08:26:56.915922+00:00,train,1,1815,self,1.0,0,93,
2025-11-27T08:26:56.916085+00:00,train,1,1816,self,1.0,0,100,
2025-11-27T08:26:56.916202+00:00,train,1,1817,self,1.0,0,90,
2025-11-27T08:26:56.916317+00:00,train,1,1818,self,1.0,0,100,
2025-11-27T08:26:56.916442+00:00,train,1,1819,self,1.0,0,89,
2025-11-27T08:26:56.916554+00:00,train,1,1820,self,1.0,0,100,
2025-11-27T08:26:56.916672+00:00,train,1,1821,self,1.0,0,91,
2025-11-27T08:26:56.916784+00:00,train,1,1822,self,1.0,0,100,
2025-11-27T08:26:56.916902+00:00,train,1,1823,self,1.0,0,98,
2025-11-27T08:26:56.917016+00:00,train,1,1824,self,1.0,0,100,
2025-11-27T08:26:56.917131+00:00,train,1,1825,self,1.0,0,93,
2025-11-27T08:26:56.917242+00:00,train,1,1826,self,1.0,0,98,
2025-11-27T08:26:56.917357+00:00,train,1,1827,self,1.0,0,98,
2025-11-27T08:26:56.917471+00:00,train,1,1828,self,1.0,0,98,
2025-11-27T08:26:56.917586+00:00,train,1,1829,self,1.0,0,95,
2025-11-27T08:26:56.917711+00:00,train,1,1830,self,1.0,0,97,
2025-11-27T08:26:56.917827+00:00,train,1,1831,self,1.0,0,95,
2025-11-27T08:26:56.917939+00:00,train,1,1832,self,1.0,0,97,
2025-11-27T08:26:56.918056+00:00,train,1,1833,self,1.0,0,95,
2025-11-27T08:26:56.918170+00:00,train,1,1834,self,1.0,0,99,
2025-11-27T08:26:56.918281+00:00,train,1,1835,self,1.0,0,78,
2025-11-27T08:26:56.918398+00:00,train,1,1836,self,1.0,0,100,
2025-11-27T08:26:56.918509+00:00,train,1,1837,self,1.0,0,89,
2025-11-27T08:26:56.918626+00:00,train,1,1838,self,1.0,0,99,
2025-11-27T08:26:56.918738+00:00,train,1,1839,self,1.0,0,89,
2025-11-27T08:26:56.918856+00:00,train,1,1840,self,1.0,0,98,
2025-11-27T08:26:56.918988+00:00,train,1,1841,self,1.0,0,90,
2025-11-27T08:26:56.919100+00:00,train,1,1842,self,1.0,0,93,
2025-11-27T08:26:56.919259+00:00,train,1,1843,self,1.0,0,96,
2025-11-27T08:26:56.919387+00:00,train,1,1844,self,1.0,0,99,
2025-11-27T08:26:56.919560+00:00,train,1,1845,self,1.0,0,86,
2025-11-27T08:26:56.919701+00:00,train,1,1846,self,1.0,0,95,
2025-11-27T08:26:56.919829+00:00,train,1,1847,self,1.0,0,92,
2025-11-27T08:26:56.919951+00:00,train,1,1848,self,1.0,0,95,
2025-11-27T08:26:56.920070+00:00,train,1,1849,self,1.0,0,86,
2025-11-27T08:26:56.920188+00:00,train,1,1850,self,1.0,0,94,
2025-11-27T08:26:56.920305+00:00,train,1,1851,self,1.0,0,99,
2025-11-27T08:26:56.920420+00:00,train,1,1852,self,1.0,0,100,
2025-11-27T08:26:56.920538+00:00,train,1,1853,self,1.0,0,98,
2025-11-27T08:26:56.920655+00:00,train,1,1854,self,1.0,0,99,
2025-11-27T08:26:56.920766+00:00,train,1,1855,self,1.0,0,67,
2025-11-27T08:26:56.920885+00:00,train,1,1856,self,1.0,0,97,
2025-11-27T08:26:56.920996+00:00,train,1,1857,self,1.0,0,95,
2025-11-27T08:26:56.921113+00:00,train,1,1858,self,1.0,0,99,
2025-11-27T08:26:56.921224+00:00,train,1,1859,self,1.0,0,88,
2025-11-27T08:26:56.921341+00:00,train,1,1860,self,1.0,0,100,
2025-11-27T08:26:56.921451+00:00,train,1,1861,self,1.0,0,87,
2025-11-27T08:26:56.921570+00:00,train,1,1862,self,1.0,0,92,
2025-11-27T08:26:56.921680+00:00,train,1,1863,self,1.0,0,90,
2025-11-27T08:26:56.921797+00:00,train,1,1864,self,1.0,0,94,
2025-11-27T08:26:56.921907+00:00,train,1,1865,self,1.0,0,93,
2025-11-27T08:26:56.922023+00:00,train,1,1866,self,1.0,0,99,
2025-11-27T08:26:56.922134+00:00,train,1,1867,self,1.0,0,96,
2025-11-27T08:26:56.922249+00:00,train,1,1868,self,1.0,0,100,
2025-11-27T08:26:56.922359+00:00,train,1,1869,self,1.0,0,93,
2025-11-27T08:26:56.922476+00:00,train,1,1870,self,1.0,0,95,
2025-11-27T08:26:56.922586+00:00,train,1,1871,self,1.0,0,98,
2025-11-27T08:26:56.922706+00:00,train,1,1872,self,1.0,0,98,
2025-11-27T08:26:56.922818+00:00,train,1,1873,self,1.0,0,96,
2025-11-27T08:26:56.922931+00:00,train,1,1874,self,1.0,0,97,
2025-11-27T08:26:56.923047+00:00,train,1,1875,self,1.0,0,90,
2025-11-27T08:26:56.923161+00:00,train,1,1876,self,1.0,0,98,
2025-11-27T08:26:56.923275+00:00,train,1,1877,self,1.0,0,91,
2025-11-27T08:26:56.923388+00:00,train,1,1878,self,1.0,0,98,
2025-11-27T08:26:56.923504+00:00,train,1,1879,self,1.0,0,91,
2025-11-27T08:26:56.923614+00:00,train,1,1880,self,1.0,0,93,
2025-11-27T08:26:56.923730+00:00,train,1,1881,self,1.0,0,92,
2025-11-27T08:26:56.923840+00:00,train,1,1882,self,1.0,0,97,
2025-11-27T08:26:56.923956+00:00,train,1,1883,self,1.0,0,95,
2025-11-27T08:26:56.924066+00:00,train,1,1884,self,1.0,0,96,
2025-11-27T08:26:56.924182+00:00,train,1,1885,self,1.0,0,89,
2025-11-27T08:26:56.924292+00:00,train,1,1886,self,1.0,0,90,
2025-11-27T08:26:56.924408+00:00,train,1,1887,self,1.0,0,92,
2025-11-27T08:26:56.924517+00:00,train,1,1888,self,1.0,0,97,
2025-11-27T08:26:56.924633+00:00,train,1,1889,self,1.0,0,92,
2025-11-27T08:26:56.924751+00:00,train,1,1890,self,1.0,0,98,
2025-11-27T08:26:56.924863+00:00,train,1,1891,self,1.0,0,93,
2025-11-27T08:26:56.924976+00:00,train,1,1892,self,1.0,0,95,
2025-11-27T08:26:56.925089+00:00,train,1,1893,self,1.0,0,93,
2025-11-27T08:26:56.925207+00:00,train,1,1894,self,1.0,0,96,
2025-11-27T08:26:56.925318+00:00,train,1,1895,self,1.0,0,96,
2025-11-27T08:26:56.925431+00:00,train,1,1896,self,1.0,0,100,
2025-11-27T08:26:56.925544+00:00,train,1,1897,self,1.0,0,100,
2025-11-27T08:26:56.925661+00:00,train,1,1898,self,1.0,0,100,
2025-11-27T08:26:56.925771+00:00,train,1,1899,self,1.0,0,97,
2025-11-27T08:26:56.925887+00:00,train,1,1900,self,1.0,0,98,
2025-11-27T08:26:56.925997+00:00,train,1,1901,self,1.0,0,95,
2025-11-27T08:26:56.926113+00:00,train,1,1902,self,1.0,0,95,
2025-11-27T08:26:56.926227+00:00,train,1,1903,self,1.0,0,96,
2025-11-27T08:26:56.926343+00:00,train,1,1904,self,1.0,0,98,
2025-11-27T08:26:56.926453+00:00,train,1,1905,self,1.0,0,97,
2025-11-27T08:26:56.926569+00:00,train,1,1906,self,1.0,0,100,
2025-11-27T08:26:56.926679+00:00,train,1,1907,self,1.0,0,96,
2025-11-27T08:26:56.926796+00:00,train,1,1908,self,1.0,0,100,
2025-11-27T08:26:56.926906+00:00,train,1,1909,self,1.0,0,98,
2025-11-27T08:26:56.927019+00:00,train,1,1910,self,1.0,0,99,
2025-11-27T08:26:56.927136+00:00,train,1,1911,self,1.0,0,91,
2025-11-27T08:26:56.927247+00:00,train,1,1912,self,1.0,0,99,
2025-11-27T08:26:56.927360+00:00,train,1,1913,self,1.0,0,98,
2025-11-27T08:26:56.927473+00:00,train,1,1914,self,1.0,0,99,
2025-11-27T08:26:56.927585+00:00,train,1,1915,self,1.0,0,99,
2025-11-27T08:26:56.927699+00:00,train,1,1916,self,1.0,0,100,
2025-11-27T08:26:56.927822+00:00,train,1,1917,self,1.0,0,94,
2025-11-27T08:26:56.927933+00:00,train,1,1918,self,1.0,0,99,
2025-11-27T08:26:56.928049+00:00,train,1,1919,self,1.0,0,89,
2025-11-27T08:26:56.928159+00:00,train,1,1920,self,1.0,0,93,
2025-11-27T08:26:56.928277+00:00,train,1,1921,self,1.0,0,100,
2025-11-27T08:26:56.928387+00:00,train,1,1922,self,1.0,0,100,
2025-11-27T08:26:56.928503+00:00,train,1,1923,self,1.0,0,91,
2025-11-27T08:26:56.928613+00:00,train,1,1924,self,1.0,0,98,
2025-11-27T08:26:56.928728+00:00,train,1,1925,self,1.0,0,97,
2025-11-27T08:26:56.928838+00:00,train,1,1926,self,1.0,0,99,
2025-11-27T08:26:56.928957+00:00,train,1,1927,self,1.0,0,93,
2025-11-27T08:26:56.929071+00:00,train,1,1928,self,1.0,0,99,
2025-11-27T08:26:56.929190+00:00,train,1,1929,self,1.0,0,98,
2025-11-27T08:26:56.929300+00:00,train,1,1930,self,1.0,0,99,
2025-11-27T08:26:56.929419+00:00,train,1,1931,self,1.0,0,95,
2025-11-27T08:26:56.929532+00:00,train,1,1932,self,1.0,0,97,
2025-11-27T08:26:56.929649+00:00,train,1,1933,self,1.0,0,91,
2025-11-27T08:26:56.929759+00:00,train,1,1934,self,1.0,0,95,
2025-11-27T08:26:56.929877+00:00,train,1,1935,self,1.0,0,95,
2025-11-27T08:26:56.929986+00:00,train,1,1936,self,1.0,0,97,
2025-11-27T08:26:56.930102+00:00,train,1,1937,self,1.0,0,97,
2025-11-27T08:26:56.930213+00:00,train,1,1938,self,1.0,0,100,
2025-11-27T08:26:56.930326+00:00,train,1,1939,self,1.0,0,83,
2025-11-27T08:26:56.930439+00:00,train,1,1940,self,1.0,0,97,
2025-11-27T08:26:56.930552+00:00,train,1,1941,self,1.0,0,93,
2025-11-27T08:26:56.930666+00:00,train,1,1942,self,1.0,0,97,
2025-11-27T08:26:56.930779+00:00,train,1,1943,self,1.0,0,97,
2025-11-27T08:26:56.930892+00:00,train,1,1944,self,1.0,0,97,
2025-11-27T08:26:56.931005+00:00,train,1,1945,self,1.0,0,93,
2025-11-27T08:26:56.931121+00:00,train,1,1946,self,1.0,0,95,
2025-11-27T08:26:56.931232+00:00,train,1,1947,self,1.0,0,96,
2025-11-27T08:26:56.931348+00:00,train,1,1948,self,1.0,0,96,
2025-11-27T08:26:56.931457+00:00,train,1,1949,self,1.0,0,86,
2025-11-27T08:26:56.931574+00:00,train,1,1950,self,1.0,0,95,
2025-11-27T08:26:56.931683+00:00,train,1,1951,self,1.0,0,90,
2025-11-27T08:26:56.931799+00:00,train,1,1952,self,1.0,0,96,
2025-11-27T08:26:56.931909+00:00,train,1,1953,self,1.0,0,89,
2025-11-27T08:26:56.932025+00:00,train,1,1954,self,1.0,0,100,
2025-11-27T08:26:56.932135+00:00,train,1,1955,self,1.0,0,96,
2025-11-27T08:26:56.932251+00:00,train,1,1956,self,1.0,0,99,
2025-11-27T08:26:56.932361+00:00,train,1,1957,self,1.0,0,88,
2025-11-27T08:26:56.932474+00:00,train,1,1958,self,1.0,0,94,
2025-11-27T08:26:56.932587+00:00,train,1,1959,self,1.0,0,94,
2025-11-27T08:26:56.932700+00:00,train,1,1960,self,1.0,0,96,
2025-11-27T08:26:56.932813+00:00,train,1,1961,self,1.0,0,88,
2025-11-27T08:26:56.932926+00:00,train,1,1962,self,1.0,0,94,
2025-11-27T08:26:56.933040+00:00,train,1,1963,self,1.0,0,96,
2025-11-27T08:26:56.933152+00:00,train,1,1964,self,1.0,0,100,
2025-11-27T08:26:56.933268+00:00,train,1,1965,self,1.0,0,93,
2025-11-27T08:26:56.933378+00:00,train,1,1966,self,1.0,0,100,
2025-11-27T08:26:56.933494+00:00,train,1,1967,self,1.0,0,97,
2025-11-27T08:26:56.933604+00:00,train,1,1968,self,1.0,0,100,
2025-11-27T08:26:56.933719+00:00,train,1,1969,self,1.0,0,87,
2025-11-27T08:26:56.933828+00:00,train,1,1970,self,1.0,0,100,
2025-11-27T08:26:56.933944+00:00,train,1,1971,self,1.0,0,94,
2025-11-27T08:26:56.934054+00:00,train,1,1972,self,1.0,0,100,
2025-11-27T08:26:56.934170+00:00,train,1,1973,self,1.0,0,99,
2025-11-27T08:26:56.934280+00:00,train,1,1974,self,1.0,0,100,
2025-11-27T08:26:56.934396+00:00,train,1,1975,self,1.0,0,99,
2025-11-27T08:26:56.934506+00:00,train,1,1976,self,1.0,0,99,
2025-11-27T08:26:56.934620+00:00,train,1,1977,self,1.0,0,98,
2025-11-27T08:26:56.934733+00:00,train,1,1978,self,1.0,0,98,
2025-11-27T08:26:56.934846+00:00,train,1,1979,self,1.0,0,92,
2025-11-27T08:26:56.934959+00:00,train,1,1980,self,1.0,0,93,
2025-11-27T08:26:56.935073+00:00,train,1,1981,self,1.0,0,95,
2025-11-27T08:26:56.935186+00:00,train,1,1982,self,1.0,0,97,
2025-11-27T08:26:56.935299+00:00,train,1,1983,self,1.0,0,92,
2025-11-27T08:26:56.935415+00:00,train,1,1984,self,1.0,0,96,
2025-11-27T08:26:56.935525+00:00,train,1,1985,self,1.0,0,95,
2025-11-27T08:26:56.935641+00:00,train,1,1986,self,1.0,0,99,
2025-11-27T08:26:56.935751+00:00,train,1,1987,self,1.0,0,84,
2025-11-27T08:26:56.935867+00:00,train,1,1988,self,1.0,0,93,
2025-11-27T08:26:56.935977+00:00,train,1,1989,self,1.0,0,87,
2025-11-27T08:26:56.936093+00:00,train,1,1990,self,1.0,0,99,
2025-11-27T08:26:56.936202+00:00,train,1,1991,self,1.0,0,97,
2025-11-27T08:26:56.936318+00:00,train,1,1992,self,1.0,0,99,
2025-11-27T08:26:56.936429+00:00,train,1,1993,self,1.0,0,94,
2025-11-27T08:26:56.936546+00:00,train,1,1994,self,1.0,0,98,
2025-11-27T08:26:56.936656+00:00,train,1,1995,self,1.0,0,90,
2025-11-27T08:26:56.936769+00:00,train,1,1996,self,1.0,0,91,
2025-11-27T08:26:56.936890+00:00,train,1,1997,self,1.0,0,96,
2025-11-27T08:26:56.937003+00:00,train,1,1998,self,1.0,0,99,
2025-11-27T08:26:56.937113+00:00,train,1,1999,self,1.0,0,97,
2025-11-27T08:26:56.937231+00:00,train,1,2000,self,1.0,0,100,
