timestamp,phase,round,episode,opponent,epsilon,outcome,p1_moves,p2_moves
2025-11-27T08:07:28.020148+00:00,run_start,0,0,,1.0,,,
2025-11-27T08:07:52.983629+00:00,train,1,1,self,1.0,0,79,
2025-11-27T08:07:52.984890+00:00,train,1,2,self,1.0,0,93,
2025-11-27T08:07:52.985099+00:00,train,1,3,self,1.0,0,96,
2025-11-27T08:07:52.985298+00:00,train,1,4,self,1.0,0,98,
2025-11-27T08:07:52.985478+00:00,train,1,5,self,1.0,0,93,
2025-11-27T08:07:52.985648+00:00,train,1,6,self,1.0,0,99,
2025-11-27T08:07:52.985798+00:00,train,1,7,self,1.0,0,99,
2025-11-27T08:07:52.985953+00:00,train,1,8,self,1.0,0,100,
2025-11-27T08:07:52.986099+00:00,train,1,9,self,1.0,0,88,
2025-11-27T08:07:52.986244+00:00,train,1,10,self,1.0,0,98,
2025-11-27T08:07:52.986387+00:00,train,1,11,self,1.0,0,99,
2025-11-27T08:07:52.986532+00:00,train,1,12,self,1.0,0,100,
2025-11-27T08:07:52.986675+00:00,train,1,13,self,1.0,0,93,
2025-11-27T08:07:52.986818+00:00,train,1,14,self,1.0,0,94,
2025-11-27T08:07:52.986961+00:00,train,1,15,self,1.0,0,98,
2025-11-27T08:07:52.987104+00:00,train,1,16,self,1.0,0,99,
2025-11-27T08:07:52.987254+00:00,train,1,17,self,1.0,0,92,
2025-11-27T08:07:52.987401+00:00,train,1,18,self,1.0,0,98,
2025-11-27T08:07:52.987544+00:00,train,1,19,self,1.0,0,100,
2025-11-27T08:07:52.987688+00:00,train,1,20,self,1.0,0,100,
2025-11-27T08:07:52.987834+00:00,train,1,21,self,1.0,0,81,
2025-11-27T08:07:52.987976+00:00,train,1,22,self,1.0,0,92,
2025-11-27T08:07:52.988119+00:00,train,1,23,self,1.0,0,94,
2025-11-27T08:07:52.988263+00:00,train,1,24,self,1.0,0,99,
2025-11-27T08:07:52.988407+00:00,train,1,25,self,1.0,0,96,
2025-11-27T08:07:52.988550+00:00,train,1,26,self,1.0,0,97,
2025-11-27T08:07:52.988693+00:00,train,1,27,self,1.0,0,99,
2025-11-27T08:07:52.988835+00:00,train,1,28,self,1.0,0,99,
2025-11-27T08:07:52.988977+00:00,train,1,29,self,1.0,0,86,
2025-11-27T08:07:52.989119+00:00,train,1,30,self,1.0,0,95,
2025-11-27T08:07:52.989261+00:00,train,1,31,self,1.0,0,95,
2025-11-27T08:07:52.989408+00:00,train,1,32,self,1.0,0,99,
2025-11-27T08:07:52.989553+00:00,train,1,33,self,1.0,0,94,
2025-11-27T08:07:52.989696+00:00,train,1,34,self,1.0,0,95,
2025-11-27T08:07:52.989839+00:00,train,1,35,self,1.0,0,98,
2025-11-27T08:07:52.989982+00:00,train,1,36,self,1.0,0,100,
2025-11-27T08:07:52.990124+00:00,train,1,37,self,1.0,0,87,
2025-11-27T08:07:52.990267+00:00,train,1,38,self,1.0,0,93,
2025-11-27T08:07:52.990414+00:00,train,1,39,self,1.0,0,95,
2025-11-27T08:07:52.990558+00:00,train,1,40,self,1.0,0,96,
2025-11-27T08:07:52.990701+00:00,train,1,41,self,1.0,0,90,
2025-11-27T08:07:52.990843+00:00,train,1,42,self,1.0,0,93,
2025-11-27T08:07:52.990986+00:00,train,1,43,self,1.0,0,96,
2025-11-27T08:07:52.991128+00:00,train,1,44,self,1.0,0,100,
2025-11-27T08:07:52.991272+00:00,train,1,45,self,1.0,0,92,
2025-11-27T08:07:52.991414+00:00,train,1,46,self,1.0,0,99,
2025-11-27T08:07:52.991556+00:00,train,1,47,self,1.0,0,99,
2025-11-27T08:07:52.991700+00:00,train,1,48,self,1.0,0,100,
2025-11-27T08:07:52.991843+00:00,train,1,49,self,1.0,0,99,
2025-11-27T08:07:52.991986+00:00,train,1,50,self,1.0,0,100,
2025-11-27T08:07:52.992130+00:00,train,1,51,self,1.0,0,100,
2025-11-27T08:07:52.992274+00:00,train,1,52,self,1.0,0,100,
2025-11-27T08:07:52.992417+00:00,train,1,53,self,1.0,0,91,
2025-11-27T08:07:52.992561+00:00,train,1,54,self,1.0,0,93,
2025-11-27T08:07:52.992704+00:00,train,1,55,self,1.0,0,93,
2025-11-27T08:07:52.992848+00:00,train,1,56,self,1.0,0,100,
2025-11-27T08:07:52.992991+00:00,train,1,57,self,1.0,0,89,
2025-11-27T08:07:52.993135+00:00,train,1,58,self,1.0,0,96,
2025-11-27T08:07:52.993278+00:00,train,1,59,self,1.0,0,98,
2025-11-27T08:07:52.993422+00:00,train,1,60,self,1.0,0,99,
2025-11-27T08:07:52.993566+00:00,train,1,61,self,1.0,0,97,
2025-11-27T08:07:52.993711+00:00,train,1,62,self,1.0,0,97,
2025-11-27T08:07:52.993855+00:00,train,1,63,self,1.0,0,100,
2025-11-27T08:07:52.993998+00:00,train,1,64,self,1.0,0,100,
2025-11-27T08:07:52.994141+00:00,train,1,65,self,1.0,0,89,
2025-11-27T08:07:52.994284+00:00,train,1,66,self,1.0,0,96,
2025-11-27T08:07:52.994428+00:00,train,1,67,self,1.0,0,100,
2025-11-27T08:07:52.994658+00:00,train,1,68,self,1.0,0,100,
2025-11-27T08:07:52.994809+00:00,train,1,69,self,1.0,0,85,
2025-11-27T08:07:52.994982+00:00,train,1,70,self,1.0,0,89,
2025-11-27T08:07:52.995137+00:00,train,1,71,self,1.0,0,91,
2025-11-27T08:07:52.995289+00:00,train,1,72,self,1.0,0,94,
2025-11-27T08:07:52.995452+00:00,train,1,73,self,1.0,0,96,
2025-11-27T08:07:52.995600+00:00,train,1,74,self,1.0,0,99,
2025-11-27T08:07:52.995748+00:00,train,1,75,self,1.0,0,100,
2025-11-27T08:07:52.995893+00:00,train,1,76,self,1.0,0,100,
2025-11-27T08:07:52.996043+00:00,train,1,77,self,1.0,0,88,
2025-11-27T08:07:52.996188+00:00,train,1,78,self,1.0,0,94,
2025-11-27T08:07:52.996332+00:00,train,1,79,self,1.0,0,98,
2025-11-27T08:07:52.996475+00:00,train,1,80,self,1.0,0,100,
2025-11-27T08:07:52.996624+00:00,train,1,81,self,1.0,0,89,
2025-11-27T08:07:52.996768+00:00,train,1,82,self,1.0,0,90,
2025-11-27T08:07:52.996912+00:00,train,1,83,self,1.0,0,94,
2025-11-27T08:07:52.997056+00:00,train,1,84,self,1.0,0,95,
2025-11-27T08:07:52.997209+00:00,train,1,85,self,1.0,0,82,
2025-11-27T08:07:52.997353+00:00,train,1,86,self,1.0,0,87,
2025-11-27T08:07:52.997497+00:00,train,1,87,self,1.0,0,100,
2025-11-27T08:07:52.997641+00:00,train,1,88,self,1.0,0,100,
2025-11-27T08:07:52.997799+00:00,train,1,89,self,1.0,0,91,
2025-11-27T08:07:52.997944+00:00,train,1,90,self,1.0,0,96,
2025-11-27T08:07:52.998088+00:00,train,1,91,self,1.0,0,97,
2025-11-27T08:07:52.998233+00:00,train,1,92,self,1.0,0,100,
2025-11-27T08:07:52.998382+00:00,train,1,93,self,1.0,0,91,
2025-11-27T08:07:52.998527+00:00,train,1,94,self,1.0,0,97,
2025-11-27T08:07:52.998684+00:00,train,1,95,self,1.0,0,98,
2025-11-27T08:07:52.998828+00:00,train,1,96,self,1.0,0,99,
2025-11-27T08:07:52.998973+00:00,train,1,97,self,1.0,0,91,
2025-11-27T08:07:52.999112+00:00,train,1,98,self,1.0,0,96,
2025-11-27T08:07:52.999253+00:00,train,1,99,self,1.0,0,100,
2025-11-27T08:07:52.999393+00:00,train,1,100,self,1.0,0,100,
2025-11-27T08:07:52.999533+00:00,train,1,101,self,1.0,0,94,
2025-11-27T08:07:52.999681+00:00,train,1,102,self,1.0,0,98,
2025-11-27T08:07:52.999821+00:00,train,1,103,self,1.0,0,99,
2025-11-27T08:07:52.999963+00:00,train,1,104,self,1.0,0,99,
2025-11-27T08:07:53.000107+00:00,train,1,105,self,1.0,0,94,
2025-11-27T08:07:53.000248+00:00,train,1,106,self,1.0,0,95,
2025-11-27T08:07:53.000388+00:00,train,1,107,self,1.0,0,96,
2025-11-27T08:07:53.000527+00:00,train,1,108,self,1.0,0,98,
2025-11-27T08:07:53.000667+00:00,train,1,109,self,1.0,0,88,
2025-11-27T08:07:53.000807+00:00,train,1,110,self,1.0,0,92,
2025-11-27T08:07:53.000946+00:00,train,1,111,self,1.0,0,94,
2025-11-27T08:07:53.001092+00:00,train,1,112,self,1.0,0,98,
2025-11-27T08:07:53.001242+00:00,train,1,113,self,1.0,0,92,
2025-11-27T08:07:53.001382+00:00,train,1,114,self,1.0,0,96,
2025-11-27T08:07:53.001522+00:00,train,1,115,self,1.0,0,99,
2025-11-27T08:07:53.001662+00:00,train,1,116,self,1.0,0,100,
2025-11-27T08:07:53.001801+00:00,train,1,117,self,1.0,0,96,
2025-11-27T08:07:53.001940+00:00,train,1,118,self,1.0,0,98,
2025-11-27T08:07:53.002079+00:00,train,1,119,self,1.0,0,100,
2025-11-27T08:07:53.002220+00:00,train,1,120,self,1.0,0,100,
2025-11-27T08:07:53.002364+00:00,train,1,121,self,1.0,0,93,
2025-11-27T08:07:53.002503+00:00,train,1,122,self,1.0,0,94,
2025-11-27T08:07:53.002641+00:00,train,1,123,self,1.0,0,99,
2025-11-27T08:07:53.002781+00:00,train,1,124,self,1.0,0,100,
2025-11-27T08:07:53.002920+00:00,train,1,125,self,1.0,0,82,
2025-11-27T08:07:53.003059+00:00,train,1,126,self,1.0,0,90,
2025-11-27T08:07:53.003198+00:00,train,1,127,self,1.0,0,91,
2025-11-27T08:07:53.003337+00:00,train,1,128,self,1.0,0,93,
2025-11-27T08:07:53.003481+00:00,train,1,129,self,1.0,0,95,
2025-11-27T08:07:53.003620+00:00,train,1,130,self,1.0,0,99,
2025-11-27T08:07:53.003760+00:00,train,1,131,self,1.0,0,99,
2025-11-27T08:07:53.003901+00:00,train,1,132,self,1.0,0,100,
2025-11-27T08:07:53.004041+00:00,train,1,133,self,1.0,0,87,
2025-11-27T08:07:53.004215+00:00,train,1,134,self,1.0,0,95,
2025-11-27T08:07:53.004463+00:00,train,1,135,self,1.0,0,99,
2025-11-27T08:07:53.004628+00:00,train,1,136,self,1.0,0,100,
2025-11-27T08:07:53.004775+00:00,train,1,137,self,1.0,0,95,
2025-11-27T08:07:53.004917+00:00,train,1,138,self,1.0,0,97,
2025-11-27T08:07:53.005055+00:00,train,1,139,self,1.0,0,98,
2025-11-27T08:07:53.005192+00:00,train,1,140,self,1.0,0,100,
2025-11-27T08:07:53.005327+00:00,train,1,141,self,1.0,0,86,
2025-11-27T08:07:53.005462+00:00,train,1,142,self,1.0,0,93,
2025-11-27T08:07:53.005605+00:00,train,1,143,self,1.0,0,95,
2025-11-27T08:07:53.005775+00:00,train,1,144,self,1.0,0,98,
2025-11-27T08:07:53.005974+00:00,train,1,145,self,1.0,0,87,
2025-11-27T08:07:53.006125+00:00,train,1,146,self,1.0,0,99,
2025-11-27T08:07:53.006270+00:00,train,1,147,self,1.0,0,99,
2025-11-27T08:07:53.006410+00:00,train,1,148,self,1.0,0,100,
2025-11-27T08:07:53.006547+00:00,train,1,149,self,1.0,0,81,
2025-11-27T08:07:53.006683+00:00,train,1,150,self,1.0,0,88,
2025-11-27T08:07:53.006817+00:00,train,1,151,self,1.0,0,88,
2025-11-27T08:07:53.006958+00:00,train,1,152,self,1.0,0,98,
2025-11-27T08:07:53.007093+00:00,train,1,153,self,1.0,0,72,
2025-11-27T08:07:53.007228+00:00,train,1,154,self,1.0,0,95,
2025-11-27T08:07:53.007363+00:00,train,1,155,self,1.0,0,97,
2025-11-27T08:07:53.007496+00:00,train,1,156,self,1.0,0,97,
2025-11-27T08:07:53.007629+00:00,train,1,157,self,1.0,0,91,
2025-11-27T08:07:53.007763+00:00,train,1,158,self,1.0,0,92,
2025-11-27T08:07:53.007899+00:00,train,1,159,self,1.0,0,98,
2025-11-27T08:07:53.008038+00:00,train,1,160,self,1.0,0,99,
2025-11-27T08:07:53.008171+00:00,train,1,161,self,1.0,0,97,
2025-11-27T08:07:53.008305+00:00,train,1,162,self,1.0,0,98,
2025-11-27T08:07:53.008439+00:00,train,1,163,self,1.0,0,99,
2025-11-27T08:07:53.008572+00:00,train,1,164,self,1.0,0,99,
2025-11-27T08:07:53.008705+00:00,train,1,165,self,1.0,0,89,
2025-11-27T08:07:53.008839+00:00,train,1,166,self,1.0,0,90,
2025-11-27T08:07:53.008973+00:00,train,1,167,self,1.0,0,96,
2025-11-27T08:07:53.009110+00:00,train,1,168,self,1.0,0,100,
2025-11-27T08:07:53.009243+00:00,train,1,169,self,1.0,0,97,
2025-11-27T08:07:53.009375+00:00,train,1,170,self,1.0,0,99,
2025-11-27T08:07:53.009507+00:00,train,1,171,self,1.0,0,100,
2025-11-27T08:07:53.009640+00:00,train,1,172,self,1.0,0,100,
2025-11-27T08:07:53.009773+00:00,train,1,173,self,1.0,0,95,
2025-11-27T08:07:53.009905+00:00,train,1,174,self,1.0,0,96,
2025-11-27T08:07:53.010037+00:00,train,1,175,self,1.0,0,100,
2025-11-27T08:07:53.010175+00:00,train,1,176,self,1.0,0,100,
2025-11-27T08:07:53.010308+00:00,train,1,177,self,1.0,0,85,
2025-11-27T08:07:53.010441+00:00,train,1,178,self,1.0,0,97,
2025-11-27T08:07:53.010574+00:00,train,1,179,self,1.0,0,97,
2025-11-27T08:07:53.010706+00:00,train,1,180,self,1.0,0,98,
2025-11-27T08:07:53.010839+00:00,train,1,181,self,1.0,0,92,
2025-11-27T08:07:53.010971+00:00,train,1,182,self,1.0,0,96,
2025-11-27T08:07:53.011103+00:00,train,1,183,self,1.0,0,99,
2025-11-27T08:07:53.011240+00:00,train,1,184,self,1.0,0,99,
2025-11-27T08:07:53.011372+00:00,train,1,185,self,1.0,0,90,
2025-11-27T08:07:53.011504+00:00,train,1,186,self,1.0,0,95,
2025-11-27T08:07:53.011635+00:00,train,1,187,self,1.0,0,96,
2025-11-27T08:07:53.011767+00:00,train,1,188,self,1.0,0,99,
2025-11-27T08:07:53.011899+00:00,train,1,189,self,1.0,0,89,
2025-11-27T08:07:53.012031+00:00,train,1,190,self,1.0,0,90,
2025-11-27T08:07:53.012162+00:00,train,1,191,self,1.0,0,97,
2025-11-27T08:07:53.012300+00:00,train,1,192,self,1.0,0,100,
2025-11-27T08:07:53.012431+00:00,train,1,193,self,1.0,0,91,
2025-11-27T08:07:53.012564+00:00,train,1,194,self,1.0,0,94,
2025-11-27T08:07:53.012696+00:00,train,1,195,self,1.0,0,100,
2025-11-27T08:07:53.012828+00:00,train,1,196,self,1.0,0,100,
2025-11-27T08:07:53.012961+00:00,train,1,197,self,1.0,0,87,
2025-11-27T08:07:53.013093+00:00,train,1,198,self,1.0,0,94,
2025-11-27T08:07:53.013226+00:00,train,1,199,self,1.0,0,100,
2025-11-27T08:07:53.013363+00:00,train,1,200,self,1.0,0,100,
2025-11-27T08:07:53.013495+00:00,train,1,201,self,1.0,0,92,
2025-11-27T08:07:53.013697+00:00,train,1,202,self,1.0,0,98,
2025-11-27T08:07:53.013830+00:00,train,1,203,self,1.0,0,99,
2025-11-27T08:07:53.013960+00:00,train,1,204,self,1.0,0,99,
2025-11-27T08:07:53.014091+00:00,train,1,205,self,1.0,0,83,
2025-11-27T08:07:53.014230+00:00,train,1,206,self,1.0,0,91,
2025-11-27T08:07:53.014367+00:00,train,1,207,self,1.0,0,97,
2025-11-27T08:07:53.014498+00:00,train,1,208,self,1.0,0,98,
2025-11-27T08:07:53.014629+00:00,train,1,209,self,1.0,0,87,
2025-11-27T08:07:53.014759+00:00,train,1,210,self,1.0,0,94,
2025-11-27T08:07:53.014891+00:00,train,1,211,self,1.0,0,96,
2025-11-27T08:07:53.015021+00:00,train,1,212,self,1.0,0,100,
2025-11-27T08:07:53.015152+00:00,train,1,213,self,1.0,0,82,
2025-11-27T08:07:53.015283+00:00,train,1,214,self,1.0,0,95,
2025-11-27T08:07:53.015417+00:00,train,1,215,self,1.0,0,100,
2025-11-27T08:07:53.015549+00:00,train,1,216,self,1.0,0,100,
2025-11-27T08:07:53.015679+00:00,train,1,217,self,1.0,0,95,
2025-11-27T08:07:53.015810+00:00,train,1,218,self,1.0,0,99,
2025-11-27T08:07:53.015941+00:00,train,1,219,self,1.0,0,100,
2025-11-27T08:07:53.016077+00:00,train,1,220,self,1.0,0,100,
2025-11-27T08:07:53.016208+00:00,train,1,221,self,1.0,0,94,
2025-11-27T08:07:53.016338+00:00,train,1,222,self,1.0,0,95,
2025-11-27T08:07:53.016474+00:00,train,1,223,self,1.0,0,97,
2025-11-27T08:07:53.016604+00:00,train,1,224,self,1.0,0,98,
2025-11-27T08:07:53.016734+00:00,train,1,225,self,1.0,0,96,
2025-11-27T08:07:53.016873+00:00,train,1,226,self,1.0,0,98,
2025-11-27T08:07:53.017005+00:00,train,1,227,self,1.0,0,99,
2025-11-27T08:07:53.017138+00:00,train,1,228,self,1.0,0,99,
2025-11-27T08:07:53.017268+00:00,train,1,229,self,1.0,0,96,
2025-11-27T08:07:53.017399+00:00,train,1,230,self,1.0,0,99,
2025-11-27T08:07:53.017534+00:00,train,1,231,self,1.0,0,100,
2025-11-27T08:07:53.017676+00:00,train,1,232,self,1.0,0,100,
2025-11-27T08:07:53.017802+00:00,train,1,233,self,1.0,0,82,
2025-11-27T08:07:53.017933+00:00,train,1,234,self,1.0,0,99,
2025-11-27T08:07:53.018061+00:00,train,1,235,self,1.0,0,99,
2025-11-27T08:07:53.018188+00:00,train,1,236,self,1.0,0,99,
2025-11-27T08:07:53.018314+00:00,train,1,237,self,1.0,0,90,
2025-11-27T08:07:53.018458+00:00,train,1,238,self,1.0,0,95,
2025-11-27T08:07:53.018587+00:00,train,1,239,self,1.0,0,98,
2025-11-27T08:07:53.018716+00:00,train,1,240,self,1.0,0,100,
2025-11-27T08:07:53.018844+00:00,train,1,241,self,1.0,0,89,
2025-11-27T08:07:53.018973+00:00,train,1,242,self,1.0,0,96,
2025-11-27T08:07:53.019101+00:00,train,1,243,self,1.0,0,97,
2025-11-27T08:07:53.019228+00:00,train,1,244,self,1.0,0,100,
2025-11-27T08:07:53.019356+00:00,train,1,245,self,1.0,0,91,
2025-11-27T08:07:53.019485+00:00,train,1,246,self,1.0,0,95,
2025-11-27T08:07:53.019614+00:00,train,1,247,self,1.0,0,97,
2025-11-27T08:07:53.019744+00:00,train,1,248,self,1.0,0,100,
2025-11-27T08:07:53.019871+00:00,train,1,249,self,1.0,0,93,
2025-11-27T08:07:53.019999+00:00,train,1,250,self,1.0,0,97,
2025-11-27T08:07:53.020128+00:00,train,1,251,self,1.0,0,98,
2025-11-27T08:07:53.020256+00:00,train,1,252,self,1.0,0,100,
2025-11-27T08:07:53.020385+00:00,train,1,253,self,1.0,0,91,
2025-11-27T08:07:53.020514+00:00,train,1,254,self,1.0,0,98,
2025-11-27T08:07:53.020643+00:00,train,1,255,self,1.0,0,99,
2025-11-27T08:07:53.020772+00:00,train,1,256,self,1.0,0,100,
2025-11-27T08:07:53.020901+00:00,train,1,257,self,1.0,0,89,
2025-11-27T08:07:53.021028+00:00,train,1,258,self,1.0,0,97,
2025-11-27T08:07:53.021154+00:00,train,1,259,self,1.0,0,97,
2025-11-27T08:07:53.021280+00:00,train,1,260,self,1.0,0,99,
2025-11-27T08:07:53.021405+00:00,train,1,261,self,1.0,0,91,
2025-11-27T08:07:53.021532+00:00,train,1,262,self,1.0,0,98,
2025-11-27T08:07:53.021658+00:00,train,1,263,self,1.0,0,99,
2025-11-27T08:07:53.021785+00:00,train,1,264,self,1.0,0,100,
2025-11-27T08:07:53.021911+00:00,train,1,265,self,1.0,0,97,
2025-11-27T08:07:53.022042+00:00,train,1,266,self,1.0,0,99,
2025-11-27T08:07:53.022169+00:00,train,1,267,self,1.0,0,99,
2025-11-27T08:07:53.022295+00:00,train,1,268,self,1.0,0,100,
2025-11-27T08:07:53.022474+00:00,train,1,269,self,1.0,0,91,
2025-11-27T08:07:53.022603+00:00,train,1,270,self,1.0,0,98,
2025-11-27T08:07:53.022729+00:00,train,1,271,self,1.0,0,99,
2025-11-27T08:07:53.022855+00:00,train,1,272,self,1.0,0,99,
2025-11-27T08:07:53.022986+00:00,train,1,273,self,1.0,0,88,
2025-11-27T08:07:53.023112+00:00,train,1,274,self,1.0,0,91,
2025-11-27T08:07:53.023238+00:00,train,1,275,self,1.0,0,100,
2025-11-27T08:07:53.023364+00:00,train,1,276,self,1.0,0,100,
2025-11-27T08:07:53.023489+00:00,train,1,277,self,1.0,0,82,
2025-11-27T08:07:53.023628+00:00,train,1,278,self,1.0,0,84,
2025-11-27T08:07:53.023749+00:00,train,1,279,self,1.0,0,94,
2025-11-27T08:07:53.023870+00:00,train,1,280,self,1.0,0,100,
2025-11-27T08:07:53.023997+00:00,train,1,281,self,1.0,0,96,
2025-11-27T08:07:53.024118+00:00,train,1,282,self,1.0,0,99,
2025-11-27T08:07:53.024239+00:00,train,1,283,self,1.0,0,99,
2025-11-27T08:07:53.024360+00:00,train,1,284,self,1.0,0,99,
2025-11-27T08:07:53.024481+00:00,train,1,285,self,1.0,0,92,
2025-11-27T08:07:53.024603+00:00,train,1,286,self,1.0,0,94,
2025-11-27T08:07:53.024723+00:00,train,1,287,self,1.0,0,94,
2025-11-27T08:07:53.024845+00:00,train,1,288,self,1.0,0,98,
2025-11-27T08:07:53.024971+00:00,train,1,289,self,1.0,0,88,
2025-11-27T08:07:53.025092+00:00,train,1,290,self,1.0,0,92,
2025-11-27T08:07:53.025213+00:00,train,1,291,self,1.0,0,97,
2025-11-27T08:07:53.025334+00:00,train,1,292,self,1.0,0,100,
2025-11-27T08:07:53.025455+00:00,train,1,293,self,1.0,0,97,
2025-11-27T08:07:53.025576+00:00,train,1,294,self,1.0,0,97,
2025-11-27T08:07:53.025698+00:00,train,1,295,self,1.0,0,99,
2025-11-27T08:07:53.025819+00:00,train,1,296,self,1.0,0,99,
2025-11-27T08:07:53.025945+00:00,train,1,297,self,1.0,0,88,
2025-11-27T08:07:53.026066+00:00,train,1,298,self,1.0,0,98,
2025-11-27T08:07:53.026187+00:00,train,1,299,self,1.0,0,99,
2025-11-27T08:07:53.026307+00:00,train,1,300,self,1.0,0,100,
2025-11-27T08:07:53.026428+00:00,train,1,301,self,1.0,0,89,
2025-11-27T08:07:53.026549+00:00,train,1,302,self,1.0,0,92,
2025-11-27T08:07:53.026681+00:00,train,1,303,self,1.0,0,96,
2025-11-27T08:07:53.026798+00:00,train,1,304,self,1.0,0,97,
2025-11-27T08:07:53.026921+00:00,train,1,305,self,1.0,0,94,
2025-11-27T08:07:53.027044+00:00,train,1,306,self,1.0,0,98,
2025-11-27T08:07:53.027167+00:00,train,1,307,self,1.0,0,98,
2025-11-27T08:07:53.027284+00:00,train,1,308,self,1.0,0,99,
2025-11-27T08:07:53.027402+00:00,train,1,309,self,1.0,0,84,
2025-11-27T08:07:53.027519+00:00,train,1,310,self,1.0,0,96,
2025-11-27T08:07:53.027636+00:00,train,1,311,self,1.0,0,98,
2025-11-27T08:07:53.027753+00:00,train,1,312,self,1.0,0,100,
2025-11-27T08:07:53.027882+00:00,train,1,313,self,1.0,0,89,
2025-11-27T08:07:53.028000+00:00,train,1,314,self,1.0,0,93,
2025-11-27T08:07:53.028118+00:00,train,1,315,self,1.0,0,94,
2025-11-27T08:07:53.028236+00:00,train,1,316,self,1.0,0,99,
2025-11-27T08:07:53.028358+00:00,train,1,317,self,1.0,0,92,
2025-11-27T08:07:53.028476+00:00,train,1,318,self,1.0,0,94,
2025-11-27T08:07:53.028594+00:00,train,1,319,self,1.0,0,96,
2025-11-27T08:07:53.028712+00:00,train,1,320,self,1.0,0,100,
2025-11-27T08:07:53.028834+00:00,train,1,321,self,1.0,0,94,
2025-11-27T08:07:53.028953+00:00,train,1,322,self,1.0,0,98,
2025-11-27T08:07:53.029071+00:00,train,1,323,self,1.0,0,99,
2025-11-27T08:07:53.029188+00:00,train,1,324,self,1.0,0,99,
2025-11-27T08:07:53.029306+00:00,train,1,325,self,1.0,0,95,
2025-11-27T08:07:53.029424+00:00,train,1,326,self,1.0,0,96,
2025-11-27T08:07:53.029543+00:00,train,1,327,self,1.0,0,98,
2025-11-27T08:07:53.029661+00:00,train,1,328,self,1.0,0,99,
2025-11-27T08:07:53.029784+00:00,train,1,329,self,1.0,0,92,
2025-11-27T08:07:53.029902+00:00,train,1,330,self,1.0,0,95,
2025-11-27T08:07:53.030020+00:00,train,1,331,self,1.0,0,95,
2025-11-27T08:07:53.030137+00:00,train,1,332,self,1.0,0,99,
2025-11-27T08:07:53.030255+00:00,train,1,333,self,1.0,0,94,
2025-11-27T08:07:53.030372+00:00,train,1,334,self,1.0,0,96,
2025-11-27T08:07:53.030490+00:00,train,1,335,self,1.0,0,97,
2025-11-27T08:07:53.030670+00:00,train,1,336,self,1.0,0,100,
2025-11-27T08:07:53.030790+00:00,train,1,337,self,1.0,0,91,
2025-11-27T08:07:53.030908+00:00,train,1,338,self,1.0,0,94,
2025-11-27T08:07:53.031027+00:00,train,1,339,self,1.0,0,97,
2025-11-27T08:07:53.031145+00:00,train,1,340,self,1.0,0,98,
2025-11-27T08:07:53.031263+00:00,train,1,341,self,1.0,0,83,
2025-11-27T08:07:53.031488+00:00,train,1,342,self,1.0,0,95,
2025-11-27T08:07:53.031615+00:00,train,1,343,self,1.0,0,96,
2025-11-27T08:07:53.031788+00:00,train,1,344,self,1.0,0,98,
2025-11-27T08:07:53.031972+00:00,train,1,345,self,1.0,0,96,
2025-11-27T08:07:53.032119+00:00,train,1,346,self,1.0,0,97,
2025-11-27T08:07:53.032257+00:00,train,1,347,self,1.0,0,97,
2025-11-27T08:07:53.032392+00:00,train,1,348,self,1.0,0,99,
2025-11-27T08:07:53.032523+00:00,train,1,349,self,1.0,0,98,
2025-11-27T08:07:53.032652+00:00,train,1,350,self,1.0,0,98,
2025-11-27T08:07:53.032781+00:00,train,1,351,self,1.0,0,98,
2025-11-27T08:07:53.032914+00:00,train,1,352,self,1.0,0,100,
2025-11-27T08:07:53.033041+00:00,train,1,353,self,1.0,0,96,
2025-11-27T08:07:53.033167+00:00,train,1,354,self,1.0,0,99,
2025-11-27T08:07:53.033295+00:00,train,1,355,self,1.0,0,99,
2025-11-27T08:07:53.033422+00:00,train,1,356,self,1.0,0,100,
2025-11-27T08:07:53.033548+00:00,train,1,357,self,1.0,0,84,
2025-11-27T08:07:53.033674+00:00,train,1,358,self,1.0,0,89,
2025-11-27T08:07:53.033801+00:00,train,1,359,self,1.0,0,99,
2025-11-27T08:07:53.033932+00:00,train,1,360,self,1.0,0,100,
2025-11-27T08:07:53.034058+00:00,train,1,361,self,1.0,0,92,
2025-11-27T08:07:53.034185+00:00,train,1,362,self,1.0,0,98,
2025-11-27T08:07:53.034311+00:00,train,1,363,self,1.0,0,100,
2025-11-27T08:07:53.034439+00:00,train,1,364,self,1.0,0,100,
2025-11-27T08:07:53.034566+00:00,train,1,365,self,1.0,0,96,
2025-11-27T08:07:53.034692+00:00,train,1,366,self,1.0,0,99,
2025-11-27T08:07:53.034871+00:00,train,1,367,self,1.0,0,99,
2025-11-27T08:07:53.035003+00:00,train,1,368,self,1.0,0,100,
2025-11-27T08:07:53.035132+00:00,train,1,369,self,1.0,0,89,
2025-11-27T08:07:53.035298+00:00,train,1,370,self,1.0,0,94,
2025-11-27T08:07:53.035453+00:00,train,1,371,self,1.0,0,97,
2025-11-27T08:07:53.035591+00:00,train,1,372,self,1.0,0,99,
2025-11-27T08:07:53.035722+00:00,train,1,373,self,1.0,0,98,
2025-11-27T08:07:53.035849+00:00,train,1,374,self,1.0,0,99,
2025-11-27T08:07:53.035978+00:00,train,1,375,self,1.0,0,99,
2025-11-27T08:07:53.036108+00:00,train,1,376,self,1.0,0,100,
2025-11-27T08:07:53.036229+00:00,train,1,377,self,1.0,0,83,
2025-11-27T08:07:53.036349+00:00,train,1,378,self,1.0,0,90,
2025-11-27T08:07:53.036469+00:00,train,1,379,self,1.0,0,95,
2025-11-27T08:07:53.036589+00:00,train,1,380,self,1.0,0,99,
2025-11-27T08:07:53.036708+00:00,train,1,381,self,1.0,0,84,
2025-11-27T08:07:53.036827+00:00,train,1,382,self,1.0,0,94,
2025-11-27T08:07:53.036946+00:00,train,1,383,self,1.0,0,96,
2025-11-27T08:07:53.037069+00:00,train,1,384,self,1.0,0,98,
2025-11-27T08:07:53.037188+00:00,train,1,385,self,1.0,0,86,
2025-11-27T08:07:53.037312+00:00,train,1,386,self,1.0,0,94,
2025-11-27T08:07:53.037432+00:00,train,1,387,self,1.0,0,97,
2025-11-27T08:07:53.037551+00:00,train,1,388,self,1.0,0,99,
2025-11-27T08:07:53.037670+00:00,train,1,389,self,1.0,0,84,
2025-11-27T08:07:53.037790+00:00,train,1,390,self,1.0,0,96,
2025-11-27T08:07:53.037912+00:00,train,1,391,self,1.0,0,97,
2025-11-27T08:07:53.038036+00:00,train,1,392,self,1.0,0,99,
2025-11-27T08:07:53.038155+00:00,train,1,393,self,1.0,0,92,
2025-11-27T08:07:53.038276+00:00,train,1,394,self,1.0,0,94,
2025-11-27T08:07:53.038395+00:00,train,1,395,self,1.0,0,97,
2025-11-27T08:07:53.038515+00:00,train,1,396,self,1.0,0,99,
2025-11-27T08:07:53.038634+00:00,train,1,397,self,1.0,0,72,
2025-11-27T08:07:53.038754+00:00,train,1,398,self,1.0,0,96,
2025-11-27T08:07:53.038872+00:00,train,1,399,self,1.0,0,97,
2025-11-27T08:07:53.038996+00:00,train,1,400,self,1.0,0,98,
2025-11-27T08:07:53.039115+00:00,train,1,401,self,1.0,0,91,
2025-11-27T08:07:53.039234+00:00,train,1,402,self,1.0,0,95,
2025-11-27T08:07:53.039409+00:00,train,1,403,self,1.0,0,95,
2025-11-27T08:07:53.039530+00:00,train,1,404,self,1.0,0,100,
2025-11-27T08:07:53.039649+00:00,train,1,405,self,1.0,0,94,
2025-11-27T08:07:53.039768+00:00,train,1,406,self,1.0,0,95,
2025-11-27T08:07:53.039892+00:00,train,1,407,self,1.0,0,100,
2025-11-27T08:07:53.040011+00:00,train,1,408,self,1.0,0,100,
2025-11-27T08:07:53.040130+00:00,train,1,409,self,1.0,0,79,
2025-11-27T08:07:53.040248+00:00,train,1,410,self,1.0,0,90,
2025-11-27T08:07:53.040368+00:00,train,1,411,self,1.0,0,99,
2025-11-27T08:07:53.040487+00:00,train,1,412,self,1.0,0,99,
2025-11-27T08:07:53.040605+00:00,train,1,413,self,1.0,0,85,
2025-11-27T08:07:53.040724+00:00,train,1,414,self,1.0,0,99,
2025-11-27T08:07:53.040848+00:00,train,1,415,self,1.0,0,99,
2025-11-27T08:07:53.040966+00:00,train,1,416,self,1.0,0,100,
2025-11-27T08:07:53.041085+00:00,train,1,417,self,1.0,0,89,
2025-11-27T08:07:53.041204+00:00,train,1,418,self,1.0,0,94,
2025-11-27T08:07:53.041323+00:00,train,1,419,self,1.0,0,99,
2025-11-27T08:07:53.041446+00:00,train,1,420,self,1.0,0,99,
2025-11-27T08:07:53.041579+00:00,train,1,421,self,1.0,0,82,
2025-11-27T08:07:53.041695+00:00,train,1,422,self,1.0,0,90,
2025-11-27T08:07:53.041816+00:00,train,1,423,self,1.0,0,93,
2025-11-27T08:07:53.041932+00:00,train,1,424,self,1.0,0,94,
2025-11-27T08:07:53.042048+00:00,train,1,425,self,1.0,0,91,
2025-11-27T08:07:53.042163+00:00,train,1,426,self,1.0,0,94,
2025-11-27T08:07:53.042277+00:00,train,1,427,self,1.0,0,96,
2025-11-27T08:07:53.042392+00:00,train,1,428,self,1.0,0,97,
2025-11-27T08:07:53.042507+00:00,train,1,429,self,1.0,0,86,
2025-11-27T08:07:53.042622+00:00,train,1,430,self,1.0,0,94,
2025-11-27T08:07:53.042742+00:00,train,1,431,self,1.0,0,95,
2025-11-27T08:07:53.042857+00:00,train,1,432,self,1.0,0,99,
2025-11-27T08:07:53.042972+00:00,train,1,433,self,1.0,0,92,
2025-11-27T08:07:53.043088+00:00,train,1,434,self,1.0,0,93,
2025-11-27T08:07:53.043202+00:00,train,1,435,self,1.0,0,95,
2025-11-27T08:07:53.043319+00:00,train,1,436,self,1.0,0,99,
2025-11-27T08:07:53.043435+00:00,train,1,437,self,1.0,0,90,
2025-11-27T08:07:53.043551+00:00,train,1,438,self,1.0,0,95,
2025-11-27T08:07:53.043774+00:00,train,1,439,self,1.0,0,98,
2025-11-27T08:07:53.043922+00:00,train,1,440,self,1.0,0,99,
2025-11-27T08:07:53.044057+00:00,train,1,441,self,1.0,0,92,
2025-11-27T08:07:53.044188+00:00,train,1,442,self,1.0,0,94,
2025-11-27T08:07:53.044316+00:00,train,1,443,self,1.0,0,99,
2025-11-27T08:07:53.044439+00:00,train,1,444,self,1.0,0,100,
2025-11-27T08:07:53.044625+00:00,train,1,445,self,1.0,0,96,
2025-11-27T08:07:53.044779+00:00,train,1,446,self,1.0,0,97,
2025-11-27T08:07:53.044908+00:00,train,1,447,self,1.0,0,98,
2025-11-27T08:07:53.045030+00:00,train,1,448,self,1.0,0,98,
2025-11-27T08:07:53.045150+00:00,train,1,449,self,1.0,0,90,
2025-11-27T08:07:53.045269+00:00,train,1,450,self,1.0,0,91,
2025-11-27T08:07:53.045386+00:00,train,1,451,self,1.0,0,93,
2025-11-27T08:07:53.045502+00:00,train,1,452,self,1.0,0,96,
2025-11-27T08:07:53.045618+00:00,train,1,453,self,1.0,0,96,
2025-11-27T08:07:53.045734+00:00,train,1,454,self,1.0,0,99,
2025-11-27T08:07:53.045856+00:00,train,1,455,self,1.0,0,99,
2025-11-27T08:07:53.045971+00:00,train,1,456,self,1.0,0,100,
2025-11-27T08:07:53.046086+00:00,train,1,457,self,1.0,0,83,
2025-11-27T08:07:53.046202+00:00,train,1,458,self,1.0,0,96,
2025-11-27T08:07:53.046318+00:00,train,1,459,self,1.0,0,97,
2025-11-27T08:07:53.046433+00:00,train,1,460,self,1.0,0,99,
2025-11-27T08:07:53.046548+00:00,train,1,461,self,1.0,0,77,
2025-11-27T08:07:53.046679+00:00,train,1,462,self,1.0,0,98,
2025-11-27T08:07:53.046803+00:00,train,1,463,self,1.0,0,100,
2025-11-27T08:07:53.046921+00:00,train,1,464,self,1.0,0,100,
2025-11-27T08:07:53.047041+00:00,train,1,465,self,1.0,0,85,
2025-11-27T08:07:53.047159+00:00,train,1,466,self,1.0,0,96,
2025-11-27T08:07:53.047278+00:00,train,1,467,self,1.0,0,98,
2025-11-27T08:07:53.047397+00:00,train,1,468,self,1.0,0,99,
2025-11-27T08:07:53.047526+00:00,train,1,469,self,1.0,0,94,
2025-11-27T08:07:53.047708+00:00,train,1,470,self,1.0,0,98,
2025-11-27T08:07:53.047829+00:00,train,1,471,self,1.0,0,99,
2025-11-27T08:07:53.047948+00:00,train,1,472,self,1.0,0,99,
2025-11-27T08:07:53.048068+00:00,train,1,473,self,1.0,0,79,
2025-11-27T08:07:53.048187+00:00,train,1,474,self,1.0,0,96,
2025-11-27T08:07:53.048306+00:00,train,1,475,self,1.0,0,96,
2025-11-27T08:07:53.048426+00:00,train,1,476,self,1.0,0,97,
2025-11-27T08:07:53.048547+00:00,train,1,477,self,1.0,0,89,
2025-11-27T08:07:53.048673+00:00,train,1,478,self,1.0,0,93,
2025-11-27T08:07:53.048793+00:00,train,1,479,self,1.0,0,94,
2025-11-27T08:07:53.048912+00:00,train,1,480,self,1.0,0,100,
2025-11-27T08:07:53.049031+00:00,train,1,481,self,1.0,0,86,
2025-11-27T08:07:53.049151+00:00,train,1,482,self,1.0,0,95,
2025-11-27T08:07:53.049270+00:00,train,1,483,self,1.0,0,97,
2025-11-27T08:07:53.049389+00:00,train,1,484,self,1.0,0,99,
2025-11-27T08:07:53.049508+00:00,train,1,485,self,1.0,0,89,
2025-11-27T08:07:53.049643+00:00,train,1,486,self,1.0,0,93,
2025-11-27T08:07:53.049758+00:00,train,1,487,self,1.0,0,99,
2025-11-27T08:07:53.049874+00:00,train,1,488,self,1.0,0,100,
2025-11-27T08:07:53.049989+00:00,train,1,489,self,1.0,0,89,
2025-11-27T08:07:53.050105+00:00,train,1,490,self,1.0,0,90,
2025-11-27T08:07:53.050221+00:00,train,1,491,self,1.0,0,94,
2025-11-27T08:07:53.050336+00:00,train,1,492,self,1.0,0,98,
2025-11-27T08:07:53.050451+00:00,train,1,493,self,1.0,0,87,
2025-11-27T08:07:53.050571+00:00,train,1,494,self,1.0,0,95,
2025-11-27T08:07:53.050698+00:00,train,1,495,self,1.0,0,98,
2025-11-27T08:07:53.050811+00:00,train,1,496,self,1.0,0,100,
2025-11-27T08:07:53.050923+00:00,train,1,497,self,1.0,0,80,
2025-11-27T08:07:53.051034+00:00,train,1,498,self,1.0,0,91,
2025-11-27T08:07:53.051146+00:00,train,1,499,self,1.0,0,98,
2025-11-27T08:07:53.051258+00:00,train,1,500,self,1.0,0,99,
2025-11-27T08:07:53.051371+00:00,train,1,501,self,1.0,0,80,
2025-11-27T08:07:53.051488+00:00,train,1,502,self,1.0,0,88,
2025-11-27T08:07:53.051600+00:00,train,1,503,self,1.0,0,96,
2025-11-27T08:07:53.051723+00:00,train,1,504,self,1.0,0,99,
2025-11-27T08:07:53.051831+00:00,train,1,505,self,1.0,0,96,
2025-11-27T08:07:53.051940+00:00,train,1,506,self,1.0,0,98,
2025-11-27T08:07:53.052048+00:00,train,1,507,self,1.0,0,98,
2025-11-27T08:07:53.052157+00:00,train,1,508,self,1.0,0,99,
2025-11-27T08:07:53.052266+00:00,train,1,509,self,1.0,0,93,
2025-11-27T08:07:53.052380+00:00,train,1,510,self,1.0,0,94,
2025-11-27T08:07:53.052489+00:00,train,1,511,self,1.0,0,99,
2025-11-27T08:07:53.052598+00:00,train,1,512,self,1.0,0,99,
2025-11-27T08:07:53.052719+00:00,train,1,513,self,1.0,0,88,
2025-11-27T08:07:53.052825+00:00,train,1,514,self,1.0,0,94,
2025-11-27T08:07:53.052931+00:00,train,1,515,self,1.0,0,94,
2025-11-27T08:07:53.053037+00:00,train,1,516,self,1.0,0,100,
2025-11-27T08:07:53.053142+00:00,train,1,517,self,1.0,0,82,
2025-11-27T08:07:53.053253+00:00,train,1,518,self,1.0,0,92,
2025-11-27T08:07:53.053359+00:00,train,1,519,self,1.0,0,94,
2025-11-27T08:07:53.053464+00:00,train,1,520,self,1.0,0,96,
2025-11-27T08:07:53.053570+00:00,train,1,521,self,1.0,0,90,
2025-11-27T08:07:53.053686+00:00,train,1,522,self,1.0,0,98,
2025-11-27T08:07:53.053789+00:00,train,1,523,self,1.0,0,99,
2025-11-27T08:07:53.053891+00:00,train,1,524,self,1.0,0,100,
2025-11-27T08:07:53.053995+00:00,train,1,525,self,1.0,0,93,
2025-11-27T08:07:53.054102+00:00,train,1,526,self,1.0,0,93,
2025-11-27T08:07:53.054205+00:00,train,1,527,self,1.0,0,98,
2025-11-27T08:07:53.054307+00:00,train,1,528,self,1.0,0,98,
2025-11-27T08:07:53.054413+00:00,train,1,529,self,1.0,0,86,
2025-11-27T08:07:53.054519+00:00,train,1,530,self,1.0,0,93,
2025-11-27T08:07:53.054636+00:00,train,1,531,self,1.0,0,97,
2025-11-27T08:07:53.054736+00:00,train,1,532,self,1.0,0,98,
2025-11-27T08:07:53.054836+00:00,train,1,533,self,1.0,0,94,
2025-11-27T08:07:53.054942+00:00,train,1,534,self,1.0,0,96,
2025-11-27T08:07:53.055043+00:00,train,1,535,self,1.0,0,96,
2025-11-27T08:07:53.055143+00:00,train,1,536,self,1.0,0,96,
2025-11-27T08:07:53.055289+00:00,train,1,537,self,1.0,0,93,
2025-11-27T08:07:53.055391+00:00,train,1,538,self,1.0,0,94,
2025-11-27T08:07:53.055492+00:00,train,1,539,self,1.0,0,95,
2025-11-27T08:07:53.055593+00:00,train,1,540,self,1.0,0,100,
2025-11-27T08:07:53.055711+00:00,train,1,541,self,1.0,0,85,
2025-11-27T08:07:53.055809+00:00,train,1,542,self,1.0,0,85,
2025-11-27T08:07:53.055907+00:00,train,1,543,self,1.0,0,91,
2025-11-27T08:07:53.056005+00:00,train,1,544,self,1.0,0,95,
2025-11-27T08:07:53.056102+00:00,train,1,545,self,1.0,0,93,
2025-11-27T08:07:53.056200+00:00,train,1,546,self,1.0,0,99,
2025-11-27T08:07:53.056298+00:00,train,1,547,self,1.0,0,100,
2025-11-27T08:07:53.056396+00:00,train,1,548,self,1.0,0,100,
2025-11-27T08:07:53.056499+00:00,train,1,549,self,1.0,0,90,
2025-11-27T08:07:53.056597+00:00,train,1,550,self,1.0,0,93,
2025-11-27T08:07:53.056706+00:00,train,1,551,self,1.0,0,97,
2025-11-27T08:07:53.056802+00:00,train,1,552,self,1.0,0,99,
2025-11-27T08:07:53.056898+00:00,train,1,553,self,1.0,0,63,
2025-11-27T08:07:53.056994+00:00,train,1,554,self,1.0,0,96,
2025-11-27T08:07:53.057089+00:00,train,1,555,self,1.0,0,97,
2025-11-27T08:07:53.057184+00:00,train,1,556,self,1.0,0,98,
2025-11-27T08:07:53.057284+00:00,train,1,557,self,1.0,0,98,
2025-11-27T08:07:53.057380+00:00,train,1,558,self,1.0,0,99,
2025-11-27T08:07:53.057475+00:00,train,1,559,self,1.0,0,100,
2025-11-27T08:07:53.057571+00:00,train,1,560,self,1.0,0,100,
2025-11-27T08:07:53.057666+00:00,train,1,561,self,1.0,0,97,
2025-11-27T08:07:53.057762+00:00,train,1,562,self,1.0,0,99,
2025-11-27T08:07:53.057944+00:00,train,1,563,self,1.0,0,99,
2025-11-27T08:07:53.058074+00:00,train,1,564,self,1.0,0,100,
2025-11-27T08:07:53.058190+00:00,train,1,565,self,1.0,0,84,
2025-11-27T08:07:53.058295+00:00,train,1,566,self,1.0,0,97,
2025-11-27T08:07:53.058398+00:00,train,1,567,self,1.0,0,97,
2025-11-27T08:07:53.058498+00:00,train,1,568,self,1.0,0,100,
2025-11-27T08:07:53.058597+00:00,train,1,569,self,1.0,0,97,
2025-11-27T08:07:53.058695+00:00,train,1,570,self,1.0,0,98,
2025-11-27T08:07:53.058793+00:00,train,1,571,self,1.0,0,98,
2025-11-27T08:07:53.058890+00:00,train,1,572,self,1.0,0,100,
2025-11-27T08:07:53.058992+00:00,train,1,573,self,1.0,0,98,
2025-11-27T08:07:53.059121+00:00,train,1,574,self,1.0,0,99,
2025-11-27T08:07:53.059259+00:00,train,1,575,self,1.0,0,100,
2025-11-27T08:07:53.059376+00:00,train,1,576,self,1.0,0,100,
2025-11-27T08:07:53.059486+00:00,train,1,577,self,1.0,0,90,
2025-11-27T08:07:53.059595+00:00,train,1,578,self,1.0,0,94,
2025-11-27T08:07:53.059701+00:00,train,1,579,self,1.0,0,98,
2025-11-27T08:07:53.059805+00:00,train,1,580,self,1.0,0,100,
2025-11-27T08:07:53.059914+00:00,train,1,581,self,1.0,0,83,
2025-11-27T08:07:53.060018+00:00,train,1,582,self,1.0,0,86,
2025-11-27T08:07:53.060120+00:00,train,1,583,self,1.0,0,97,
2025-11-27T08:07:53.060256+00:00,train,1,584,self,1.0,0,99,
2025-11-27T08:07:53.060376+00:00,train,1,585,self,1.0,0,91,
2025-11-27T08:07:53.060477+00:00,train,1,586,self,1.0,0,98,
2025-11-27T08:07:53.060580+00:00,train,1,587,self,1.0,0,99,
2025-11-27T08:07:53.060681+00:00,train,1,588,self,1.0,0,99,
2025-11-27T08:07:53.060787+00:00,train,1,589,self,1.0,0,91,
2025-11-27T08:07:53.060890+00:00,train,1,590,self,1.0,0,96,
2025-11-27T08:07:53.060992+00:00,train,1,591,self,1.0,0,98,
2025-11-27T08:07:53.061093+00:00,train,1,592,self,1.0,0,99,
2025-11-27T08:07:53.061195+00:00,train,1,593,self,1.0,0,95,
2025-11-27T08:07:53.061298+00:00,train,1,594,self,1.0,0,97,
2025-11-27T08:07:53.061400+00:00,train,1,595,self,1.0,0,97,
2025-11-27T08:07:53.061501+00:00,train,1,596,self,1.0,0,99,
2025-11-27T08:07:53.061609+00:00,train,1,597,self,1.0,0,94,
2025-11-27T08:07:53.061711+00:00,train,1,598,self,1.0,0,97,
2025-11-27T08:07:53.061813+00:00,train,1,599,self,1.0,0,98,
2025-11-27T08:07:53.061915+00:00,train,1,600,self,1.0,0,99,
2025-11-27T08:07:53.062016+00:00,train,1,601,self,1.0,0,93,
2025-11-27T08:07:53.062118+00:00,train,1,602,self,1.0,0,96,
2025-11-27T08:07:53.062220+00:00,train,1,603,self,1.0,0,100,
2025-11-27T08:07:53.062392+00:00,train,1,604,self,1.0,0,100,
2025-11-27T08:07:53.062497+00:00,train,1,605,self,1.0,0,83,
2025-11-27T08:07:53.062600+00:00,train,1,606,self,1.0,0,97,
2025-11-27T08:07:53.062702+00:00,train,1,607,self,1.0,0,98,
2025-11-27T08:07:53.062803+00:00,train,1,608,self,1.0,0,100,
2025-11-27T08:07:53.062905+00:00,train,1,609,self,1.0,0,95,
2025-11-27T08:07:53.063009+00:00,train,1,610,self,1.0,0,96,
2025-11-27T08:07:53.063111+00:00,train,1,611,self,1.0,0,96,
2025-11-27T08:07:53.063218+00:00,train,1,612,self,1.0,0,100,
2025-11-27T08:07:53.063319+00:00,train,1,613,self,1.0,0,83,
2025-11-27T08:07:53.063422+00:00,train,1,614,self,1.0,0,84,
2025-11-27T08:07:53.063524+00:00,train,1,615,self,1.0,0,92,
2025-11-27T08:07:53.063625+00:00,train,1,616,self,1.0,0,96,
2025-11-27T08:07:53.063727+00:00,train,1,617,self,1.0,0,90,
2025-11-27T08:07:53.063828+00:00,train,1,618,self,1.0,0,95,
2025-11-27T08:07:53.063929+00:00,train,1,619,self,1.0,0,96,
2025-11-27T08:07:53.064036+00:00,train,1,620,self,1.0,0,98,
2025-11-27T08:07:53.064137+00:00,train,1,621,self,1.0,0,88,
2025-11-27T08:07:53.064239+00:00,train,1,622,self,1.0,0,93,
2025-11-27T08:07:53.064340+00:00,train,1,623,self,1.0,0,94,
2025-11-27T08:07:53.064443+00:00,train,1,624,self,1.0,0,99,
2025-11-27T08:07:53.064583+00:00,train,1,625,self,1.0,0,93,
2025-11-27T08:07:53.064699+00:00,train,1,626,self,1.0,0,99,
2025-11-27T08:07:53.064801+00:00,train,1,627,self,1.0,0,100,
2025-11-27T08:07:53.064907+00:00,train,1,628,self,1.0,0,100,
2025-11-27T08:07:53.065008+00:00,train,1,629,self,1.0,0,88,
2025-11-27T08:07:53.065109+00:00,train,1,630,self,1.0,0,94,
2025-11-27T08:07:53.065211+00:00,train,1,631,self,1.0,0,97,
2025-11-27T08:07:53.065312+00:00,train,1,632,self,1.0,0,99,
2025-11-27T08:07:53.065414+00:00,train,1,633,self,1.0,0,93,
2025-11-27T08:07:53.065515+00:00,train,1,634,self,1.0,0,95,
2025-11-27T08:07:53.065621+00:00,train,1,635,self,1.0,0,97,
2025-11-27T08:07:53.065727+00:00,train,1,636,self,1.0,0,98,
2025-11-27T08:07:53.065829+00:00,train,1,637,self,1.0,0,97,
2025-11-27T08:07:53.065930+00:00,train,1,638,self,1.0,0,99,
2025-11-27T08:07:53.066031+00:00,train,1,639,self,1.0,0,99,
2025-11-27T08:07:53.066133+00:00,train,1,640,self,1.0,0,100,
2025-11-27T08:07:53.066237+00:00,train,1,641,self,1.0,0,86,
2025-11-27T08:07:53.066339+00:00,train,1,642,self,1.0,0,95,
2025-11-27T08:07:53.066438+00:00,train,1,643,self,1.0,0,99,
2025-11-27T08:07:53.066544+00:00,train,1,644,self,1.0,0,100,
2025-11-27T08:07:53.066646+00:00,train,1,645,self,1.0,0,93,
2025-11-27T08:07:53.066745+00:00,train,1,646,self,1.0,0,99,
2025-11-27T08:07:53.066850+00:00,train,1,647,self,1.0,0,100,
2025-11-27T08:07:53.066949+00:00,train,1,648,self,1.0,0,100,
2025-11-27T08:07:53.067054+00:00,train,1,649,self,1.0,0,95,
2025-11-27T08:07:53.067153+00:00,train,1,650,self,1.0,0,96,
2025-11-27T08:07:53.067258+00:00,train,1,651,self,1.0,0,97,
2025-11-27T08:07:53.067359+00:00,train,1,652,self,1.0,0,100,
2025-11-27T08:07:53.067464+00:00,train,1,653,self,1.0,0,83,
2025-11-27T08:07:53.067566+00:00,train,1,654,self,1.0,0,96,
2025-11-27T08:07:53.067668+00:00,train,1,655,self,1.0,0,98,
2025-11-27T08:07:53.067771+00:00,train,1,656,self,1.0,0,99,
2025-11-27T08:07:53.067875+00:00,train,1,657,self,1.0,0,93,
2025-11-27T08:07:53.067978+00:00,train,1,658,self,1.0,0,99,
2025-11-27T08:07:53.068078+00:00,train,1,659,self,1.0,0,100,
2025-11-27T08:07:53.068232+00:00,train,1,660,self,1.0,0,100,
2025-11-27T08:07:53.068335+00:00,train,1,661,self,1.0,0,95,
2025-11-27T08:07:53.068455+00:00,train,1,662,self,1.0,0,97,
2025-11-27T08:07:53.068556+00:00,train,1,663,self,1.0,0,97,
2025-11-27T08:07:53.068678+00:00,train,1,664,self,1.0,0,99,
2025-11-27T08:07:53.068783+00:00,train,1,665,self,1.0,0,92,
2025-11-27T08:07:53.068885+00:00,train,1,666,self,1.0,0,93,
2025-11-27T08:07:53.068987+00:00,train,1,667,self,1.0,0,95,
2025-11-27T08:07:53.069089+00:00,train,1,668,self,1.0,0,99,
2025-11-27T08:07:53.069191+00:00,train,1,669,self,1.0,0,82,
2025-11-27T08:07:53.069292+00:00,train,1,670,self,1.0,0,91,
2025-11-27T08:07:53.069445+00:00,train,1,671,self,1.0,0,92,
2025-11-27T08:07:53.069548+00:00,train,1,672,self,1.0,0,100,
2025-11-27T08:07:53.069651+00:00,train,1,673,self,1.0,0,90,
2025-11-27T08:07:53.069758+00:00,train,1,674,self,1.0,0,96,
2025-11-27T08:07:53.069863+00:00,train,1,675,self,1.0,0,96,
2025-11-27T08:07:53.069964+00:00,train,1,676,self,1.0,0,98,
2025-11-27T08:07:53.070066+00:00,train,1,677,self,1.0,0,87,
2025-11-27T08:07:53.070173+00:00,train,1,678,self,1.0,0,88,
2025-11-27T08:07:53.070275+00:00,train,1,679,self,1.0,0,100,
2025-11-27T08:07:53.070377+00:00,train,1,680,self,1.0,0,100,
2025-11-27T08:07:53.070479+00:00,train,1,681,self,1.0,0,91,
2025-11-27T08:07:53.070580+00:00,train,1,682,self,1.0,0,92,
2025-11-27T08:07:53.070682+00:00,train,1,683,self,1.0,0,97,
2025-11-27T08:07:53.070787+00:00,train,1,684,self,1.0,0,98,
2025-11-27T08:07:53.070889+00:00,train,1,685,self,1.0,0,88,
2025-11-27T08:07:53.070996+00:00,train,1,686,self,1.0,0,91,
2025-11-27T08:07:53.071098+00:00,train,1,687,self,1.0,0,97,
2025-11-27T08:07:53.071200+00:00,train,1,688,self,1.0,0,100,
2025-11-27T08:07:53.071301+00:00,train,1,689,self,1.0,0,91,
2025-11-27T08:07:53.071402+00:00,train,1,690,self,1.0,0,93,
2025-11-27T08:07:53.071504+00:00,train,1,691,self,1.0,0,95,
2025-11-27T08:07:53.071605+00:00,train,1,692,self,1.0,0,97,
2025-11-27T08:07:53.071707+00:00,train,1,693,self,1.0,0,91,
2025-11-27T08:07:53.071814+00:00,train,1,694,self,1.0,0,97,
2025-11-27T08:07:53.071915+00:00,train,1,695,self,1.0,0,99,
2025-11-27T08:07:53.072016+00:00,train,1,696,self,1.0,0,99,
2025-11-27T08:07:53.072118+00:00,train,1,697,self,1.0,0,92,
2025-11-27T08:07:53.072220+00:00,train,1,698,self,1.0,0,98,
2025-11-27T08:07:53.072321+00:00,train,1,699,self,1.0,0,100,
2025-11-27T08:07:53.072422+00:00,train,1,700,self,1.0,0,100,
2025-11-27T08:07:53.072526+00:00,train,1,701,self,1.0,0,98,
2025-11-27T08:07:53.072632+00:00,train,1,702,self,1.0,0,99,
2025-11-27T08:07:53.072734+00:00,train,1,703,self,1.0,0,99,
2025-11-27T08:07:53.072836+00:00,train,1,704,self,1.0,0,100,
2025-11-27T08:07:53.072936+00:00,train,1,705,self,1.0,0,92,
2025-11-27T08:07:53.073036+00:00,train,1,706,self,1.0,0,97,
2025-11-27T08:07:53.073138+00:00,train,1,707,self,1.0,0,98,
2025-11-27T08:07:53.073239+00:00,train,1,708,self,1.0,0,100,
2025-11-27T08:07:53.073340+00:00,train,1,709,self,1.0,0,93,
2025-11-27T08:07:53.073447+00:00,train,1,710,self,1.0,0,97,
2025-11-27T08:07:53.073548+00:00,train,1,711,self,1.0,0,99,
2025-11-27T08:07:53.073650+00:00,train,1,712,self,1.0,0,100,
2025-11-27T08:07:53.073752+00:00,train,1,713,self,1.0,0,90,
2025-11-27T08:07:53.073853+00:00,train,1,714,self,1.0,0,94,
2025-11-27T08:07:53.073954+00:00,train,1,715,self,1.0,0,97,
2025-11-27T08:07:53.074055+00:00,train,1,716,self,1.0,0,100,
2025-11-27T08:07:53.074156+00:00,train,1,717,self,1.0,0,93,
2025-11-27T08:07:53.074262+00:00,train,1,718,self,1.0,0,97,
2025-11-27T08:07:53.074363+00:00,train,1,719,self,1.0,0,98,
2025-11-27T08:07:53.074466+00:00,train,1,720,self,1.0,0,100,
2025-11-27T08:07:53.074566+00:00,train,1,721,self,1.0,0,97,
2025-11-27T08:07:53.074668+00:00,train,1,722,self,1.0,0,97,
2025-11-27T08:07:53.074769+00:00,train,1,723,self,1.0,0,98,
2025-11-27T08:07:53.074870+00:00,train,1,724,self,1.0,0,99,
2025-11-27T08:07:53.074972+00:00,train,1,725,self,1.0,0,92,
2025-11-27T08:07:53.075078+00:00,train,1,726,self,1.0,0,94,
2025-11-27T08:07:53.075180+00:00,train,1,727,self,1.0,0,97,
2025-11-27T08:07:53.075281+00:00,train,1,728,self,1.0,0,98,
2025-11-27T08:07:53.075383+00:00,train,1,729,self,1.0,0,84,
2025-11-27T08:07:53.075484+00:00,train,1,730,self,1.0,0,91,
2025-11-27T08:07:53.075586+00:00,train,1,731,self,1.0,0,96,
2025-11-27T08:07:53.075687+00:00,train,1,732,self,1.0,0,99,
2025-11-27T08:07:53.075789+00:00,train,1,733,self,1.0,0,89,
2025-11-27T08:07:53.075894+00:00,train,1,734,self,1.0,0,90,
2025-11-27T08:07:53.075995+00:00,train,1,735,self,1.0,0,97,
2025-11-27T08:07:53.076096+00:00,train,1,736,self,1.0,0,100,
2025-11-27T08:07:53.076197+00:00,train,1,737,self,1.0,0,90,
2025-11-27T08:07:53.076341+00:00,train,1,738,self,1.0,0,92,
2025-11-27T08:07:53.076447+00:00,train,1,739,self,1.0,0,97,
2025-11-27T08:07:53.076548+00:00,train,1,740,self,1.0,0,99,
2025-11-27T08:07:53.076705+00:00,train,1,741,self,1.0,0,84,
2025-11-27T08:07:53.076807+00:00,train,1,742,self,1.0,0,89,
2025-11-27T08:07:53.076908+00:00,train,1,743,self,1.0,0,97,
2025-11-27T08:07:53.077010+00:00,train,1,744,self,1.0,0,100,
2025-11-27T08:07:53.077111+00:00,train,1,745,self,1.0,0,86,
2025-11-27T08:07:53.077213+00:00,train,1,746,self,1.0,0,94,
2025-11-27T08:07:53.077315+00:00,train,1,747,self,1.0,0,99,
2025-11-27T08:07:53.077416+00:00,train,1,748,self,1.0,0,99,
2025-11-27T08:07:53.077522+00:00,train,1,749,self,1.0,0,90,
2025-11-27T08:07:53.077623+00:00,train,1,750,self,1.0,0,99,
2025-11-27T08:07:53.077724+00:00,train,1,751,self,1.0,0,100,
2025-11-27T08:07:53.077825+00:00,train,1,752,self,1.0,0,100,
2025-11-27T08:07:53.077926+00:00,train,1,753,self,1.0,0,92,
2025-11-27T08:07:53.078027+00:00,train,1,754,self,1.0,0,95,
2025-11-27T08:07:53.078128+00:00,train,1,755,self,1.0,0,97,
2025-11-27T08:07:53.078232+00:00,train,1,756,self,1.0,0,97,
2025-11-27T08:07:53.078339+00:00,train,1,757,self,1.0,0,89,
2025-11-27T08:07:53.078440+00:00,train,1,758,self,1.0,0,97,
2025-11-27T08:07:53.078541+00:00,train,1,759,self,1.0,0,98,
2025-11-27T08:07:53.078645+00:00,train,1,760,self,1.0,0,100,
2025-11-27T08:07:53.078746+00:00,train,1,761,self,1.0,0,94,
2025-11-27T08:07:53.078848+00:00,train,1,762,self,1.0,0,95,
2025-11-27T08:07:53.079044+00:00,train,1,763,self,1.0,0,95,
2025-11-27T08:07:53.079169+00:00,train,1,764,self,1.0,0,99,
2025-11-27T08:07:53.079282+00:00,train,1,765,self,1.0,0,93,
2025-11-27T08:07:53.079385+00:00,train,1,766,self,1.0,0,96,
2025-11-27T08:07:53.079485+00:00,train,1,767,self,1.0,0,100,
2025-11-27T08:07:53.079582+00:00,train,1,768,self,1.0,0,100,
2025-11-27T08:07:53.079679+00:00,train,1,769,self,1.0,0,91,
2025-11-27T08:07:53.079776+00:00,train,1,770,self,1.0,0,98,
2025-11-27T08:07:53.079872+00:00,train,1,771,self,1.0,0,99,
2025-11-27T08:07:53.079967+00:00,train,1,772,self,1.0,0,99,
2025-11-27T08:07:53.080069+00:00,train,1,773,self,1.0,0,95,
2025-11-27T08:07:53.080165+00:00,train,1,774,self,1.0,0,100,
2025-11-27T08:07:53.080260+00:00,train,1,775,self,1.0,0,100,
2025-11-27T08:07:53.080355+00:00,train,1,776,self,1.0,0,100,
2025-11-27T08:07:53.080450+00:00,train,1,777,self,1.0,0,94,
2025-11-27T08:07:53.080546+00:00,train,1,778,self,1.0,0,94,
2025-11-27T08:07:53.080640+00:00,train,1,779,self,1.0,0,100,
2025-11-27T08:07:53.080736+00:00,train,1,780,self,1.0,0,100,
2025-11-27T08:07:53.080836+00:00,train,1,781,self,1.0,0,94,
2025-11-27T08:07:53.080931+00:00,train,1,782,self,1.0,0,95,
2025-11-27T08:07:53.081026+00:00,train,1,783,self,1.0,0,96,
2025-11-27T08:07:53.081120+00:00,train,1,784,self,1.0,0,99,
2025-11-27T08:07:53.081215+00:00,train,1,785,self,1.0,0,97,
2025-11-27T08:07:53.081310+00:00,train,1,786,self,1.0,0,98,
2025-11-27T08:07:53.081404+00:00,train,1,787,self,1.0,0,98,
2025-11-27T08:07:53.081499+00:00,train,1,788,self,1.0,0,99,
2025-11-27T08:07:53.081600+00:00,train,1,789,self,1.0,0,74,
2025-11-27T08:07:53.081694+00:00,train,1,790,self,1.0,0,93,
2025-11-27T08:07:53.081789+00:00,train,1,791,self,1.0,0,94,
2025-11-27T08:07:53.081883+00:00,train,1,792,self,1.0,0,97,
2025-11-27T08:07:53.081978+00:00,train,1,793,self,1.0,0,95,
2025-11-27T08:07:53.082072+00:00,train,1,794,self,1.0,0,97,
2025-11-27T08:07:53.082167+00:00,train,1,795,self,1.0,0,99,
2025-11-27T08:07:53.082262+00:00,train,1,796,self,1.0,0,99,
2025-11-27T08:07:53.082361+00:00,train,1,797,self,1.0,0,93,
2025-11-27T08:07:53.082456+00:00,train,1,798,self,1.0,0,100,
2025-11-27T08:07:53.082551+00:00,train,1,799,self,1.0,0,100,
2025-11-27T08:07:53.082646+00:00,train,1,800,self,1.0,0,100,
2025-11-27T08:07:53.082741+00:00,train,1,801,self,1.0,0,90,
2025-11-27T08:07:53.082836+00:00,train,1,802,self,1.0,0,93,
2025-11-27T08:07:53.082932+00:00,train,1,803,self,1.0,0,95,
2025-11-27T08:07:53.083027+00:00,train,1,804,self,1.0,0,97,
2025-11-27T08:07:53.083277+00:00,train,1,805,self,1.0,0,91,
2025-11-27T08:07:53.083386+00:00,train,1,806,self,1.0,0,95,
2025-11-27T08:07:53.083521+00:00,train,1,807,self,1.0,0,96,
2025-11-27T08:07:53.083644+00:00,train,1,808,self,1.0,0,96,
2025-11-27T08:07:53.083741+00:00,train,1,809,self,1.0,0,93,
2025-11-27T08:07:53.083838+00:00,train,1,810,self,1.0,0,100,
2025-11-27T08:07:53.083933+00:00,train,1,811,self,1.0,0,100,
2025-11-27T08:07:53.084035+00:00,train,1,812,self,1.0,0,100,
2025-11-27T08:07:53.084131+00:00,train,1,813,self,1.0,0,90,
2025-11-27T08:07:53.084226+00:00,train,1,814,self,1.0,0,97,
2025-11-27T08:07:53.084322+00:00,train,1,815,self,1.0,0,97,
2025-11-27T08:07:53.084417+00:00,train,1,816,self,1.0,0,100,
2025-11-27T08:07:53.084515+00:00,train,1,817,self,1.0,0,71,
2025-11-27T08:07:53.084610+00:00,train,1,818,self,1.0,0,87,
2025-11-27T08:07:53.084705+00:00,train,1,819,self,1.0,0,94,
2025-11-27T08:07:53.084811+00:00,train,1,820,self,1.0,0,98,
2025-11-27T08:07:53.084909+00:00,train,1,821,self,1.0,0,96,
2025-11-27T08:07:53.085004+00:00,train,1,822,self,1.0,0,97,
2025-11-27T08:07:53.085100+00:00,train,1,823,self,1.0,0,99,
2025-11-27T08:07:53.085195+00:00,train,1,824,self,1.0,0,100,
2025-11-27T08:07:53.085290+00:00,train,1,825,self,1.0,0,88,
2025-11-27T08:07:53.085386+00:00,train,1,826,self,1.0,0,95,
2025-11-27T08:07:53.085481+00:00,train,1,827,self,1.0,0,96,
2025-11-27T08:07:53.085581+00:00,train,1,828,self,1.0,0,100,
2025-11-27T08:07:53.085676+00:00,train,1,829,self,1.0,0,92,
2025-11-27T08:07:53.085770+00:00,train,1,830,self,1.0,0,96,
2025-11-27T08:07:53.085865+00:00,train,1,831,self,1.0,0,98,
2025-11-27T08:07:53.085959+00:00,train,1,832,self,1.0,0,99,
2025-11-27T08:07:53.086060+00:00,train,1,833,self,1.0,0,95,
2025-11-27T08:07:53.086157+00:00,train,1,834,self,1.0,0,98,
2025-11-27T08:07:53.086253+00:00,train,1,835,self,1.0,0,99,
2025-11-27T08:07:53.086353+00:00,train,1,836,self,1.0,0,99,
2025-11-27T08:07:53.086448+00:00,train,1,837,self,1.0,0,88,
2025-11-27T08:07:53.086543+00:00,train,1,838,self,1.0,0,95,
2025-11-27T08:07:53.086637+00:00,train,1,839,self,1.0,0,97,
2025-11-27T08:07:53.086737+00:00,train,1,840,self,1.0,0,100,
2025-11-27T08:07:53.086834+00:00,train,1,841,self,1.0,0,84,
2025-11-27T08:07:53.086929+00:00,train,1,842,self,1.0,0,91,
2025-11-27T08:07:53.087024+00:00,train,1,843,self,1.0,0,93,
2025-11-27T08:07:53.087124+00:00,train,1,844,self,1.0,0,95,
2025-11-27T08:07:53.087219+00:00,train,1,845,self,1.0,0,92,
2025-11-27T08:07:53.087320+00:00,train,1,846,self,1.0,0,95,
2025-11-27T08:07:53.087416+00:00,train,1,847,self,1.0,0,98,
2025-11-27T08:07:53.087511+00:00,train,1,848,self,1.0,0,100,
2025-11-27T08:07:53.087606+00:00,train,1,849,self,1.0,0,97,
2025-11-27T08:07:53.087701+00:00,train,1,850,self,1.0,0,98,
2025-11-27T08:07:53.087796+00:00,train,1,851,self,1.0,0,98,
2025-11-27T08:07:53.087896+00:00,train,1,852,self,1.0,0,100,
2025-11-27T08:07:53.087991+00:00,train,1,853,self,1.0,0,89,
2025-11-27T08:07:53.088086+00:00,train,1,854,self,1.0,0,98,
2025-11-27T08:07:53.088182+00:00,train,1,855,self,1.0,0,99,
2025-11-27T08:07:53.088277+00:00,train,1,856,self,1.0,0,100,
2025-11-27T08:07:53.088372+00:00,train,1,857,self,1.0,0,97,
2025-11-27T08:07:53.088467+00:00,train,1,858,self,1.0,0,98,
2025-11-27T08:07:53.088566+00:00,train,1,859,self,1.0,0,98,
2025-11-27T08:07:53.088669+00:00,train,1,860,self,1.0,0,98,
2025-11-27T08:07:53.088764+00:00,train,1,861,self,1.0,0,90,
2025-11-27T08:07:53.088859+00:00,train,1,862,self,1.0,0,92,
2025-11-27T08:07:53.088954+00:00,train,1,863,self,1.0,0,98,
2025-11-27T08:07:53.089088+00:00,train,1,864,self,1.0,0,99,
2025-11-27T08:07:53.089210+00:00,train,1,865,self,1.0,0,93,
2025-11-27T08:07:53.089342+00:00,train,1,866,self,1.0,0,94,
2025-11-27T08:07:53.089448+00:00,train,1,867,self,1.0,0,97,
2025-11-27T08:07:53.089568+00:00,train,1,868,self,1.0,0,100,
2025-11-27T08:07:53.089670+00:00,train,1,869,self,1.0,0,89,
2025-11-27T08:07:53.089864+00:00,train,1,870,self,1.0,0,96,
2025-11-27T08:07:53.089971+00:00,train,1,871,self,1.0,0,97,
2025-11-27T08:07:53.090122+00:00,train,1,872,self,1.0,0,99,
2025-11-27T08:07:53.090227+00:00,train,1,873,self,1.0,0,79,
2025-11-27T08:07:53.090329+00:00,train,1,874,self,1.0,0,93,
2025-11-27T08:07:53.090430+00:00,train,1,875,self,1.0,0,99,
2025-11-27T08:07:53.090531+00:00,train,1,876,self,1.0,0,100,
2025-11-27T08:07:53.090632+00:00,train,1,877,self,1.0,0,94,
2025-11-27T08:07:53.090732+00:00,train,1,878,self,1.0,0,96,
2025-11-27T08:07:53.090833+00:00,train,1,879,self,1.0,0,96,
2025-11-27T08:07:53.090977+00:00,train,1,880,self,1.0,0,98,
2025-11-27T08:07:53.091079+00:00,train,1,881,self,1.0,0,89,
2025-11-27T08:07:53.091222+00:00,train,1,882,self,1.0,0,95,
2025-11-27T08:07:53.091321+00:00,train,1,883,self,1.0,0,100,
2025-11-27T08:07:53.091420+00:00,train,1,884,self,1.0,0,100,
2025-11-27T08:07:53.091621+00:00,train,1,885,self,1.0,0,96,
2025-11-27T08:07:53.091746+00:00,train,1,886,self,1.0,0,97,
2025-11-27T08:07:53.091856+00:00,train,1,887,self,1.0,0,99,
2025-11-27T08:07:53.091964+00:00,train,1,888,self,1.0,0,100,
2025-11-27T08:07:53.092068+00:00,train,1,889,self,1.0,0,91,
2025-11-27T08:07:53.092170+00:00,train,1,890,self,1.0,0,95,
2025-11-27T08:07:53.092269+00:00,train,1,891,self,1.0,0,100,
2025-11-27T08:07:53.092370+00:00,train,1,892,self,1.0,0,100,
2025-11-27T08:07:53.092468+00:00,train,1,893,self,1.0,0,87,
2025-11-27T08:07:53.092566+00:00,train,1,894,self,1.0,0,96,
2025-11-27T08:07:53.092664+00:00,train,1,895,self,1.0,0,97,
2025-11-27T08:07:53.092761+00:00,train,1,896,self,1.0,0,99,
2025-11-27T08:07:53.092859+00:00,train,1,897,self,1.0,0,96,
2025-11-27T08:07:53.092956+00:00,train,1,898,self,1.0,0,96,
2025-11-27T08:07:53.093093+00:00,train,1,899,self,1.0,0,99,
2025-11-27T08:07:53.093190+00:00,train,1,900,self,1.0,0,99,
2025-11-27T08:07:53.093287+00:00,train,1,901,self,1.0,0,76,
2025-11-27T08:07:53.093384+00:00,train,1,902,self,1.0,0,89,
2025-11-27T08:07:53.093481+00:00,train,1,903,self,1.0,0,94,
2025-11-27T08:07:53.093578+00:00,train,1,904,self,1.0,0,100,
2025-11-27T08:07:53.093675+00:00,train,1,905,self,1.0,0,86,
2025-11-27T08:07:53.093773+00:00,train,1,906,self,1.0,0,95,
2025-11-27T08:07:53.093870+00:00,train,1,907,self,1.0,0,100,
2025-11-27T08:07:53.093967+00:00,train,1,908,self,1.0,0,100,
2025-11-27T08:07:53.094065+00:00,train,1,909,self,1.0,0,87,
2025-11-27T08:07:53.094162+00:00,train,1,910,self,1.0,0,97,
2025-11-27T08:07:53.094259+00:00,train,1,911,self,1.0,0,97,
2025-11-27T08:07:53.094356+00:00,train,1,912,self,1.0,0,99,
2025-11-27T08:07:53.094452+00:00,train,1,913,self,1.0,0,91,
2025-11-27T08:07:53.094549+00:00,train,1,914,self,1.0,0,95,
2025-11-27T08:07:53.094646+00:00,train,1,915,self,1.0,0,96,
2025-11-27T08:07:53.094743+00:00,train,1,916,self,1.0,0,100,
2025-11-27T08:07:53.094840+00:00,train,1,917,self,1.0,0,97,
2025-11-27T08:07:53.094936+00:00,train,1,918,self,1.0,0,97,
2025-11-27T08:07:53.095033+00:00,train,1,919,self,1.0,0,98,
2025-11-27T08:07:53.095130+00:00,train,1,920,self,1.0,0,99,
2025-11-27T08:07:53.095227+00:00,train,1,921,self,1.0,0,91,
2025-11-27T08:07:53.095324+00:00,train,1,922,self,1.0,0,98,
2025-11-27T08:07:53.095421+00:00,train,1,923,self,1.0,0,99,
2025-11-27T08:07:53.095518+00:00,train,1,924,self,1.0,0,100,
2025-11-27T08:07:53.095615+00:00,train,1,925,self,1.0,0,90,
2025-11-27T08:07:53.095712+00:00,train,1,926,self,1.0,0,94,
2025-11-27T08:07:53.095809+00:00,train,1,927,self,1.0,0,96,
2025-11-27T08:07:53.095906+00:00,train,1,928,self,1.0,0,100,
2025-11-27T08:07:53.096003+00:00,train,1,929,self,1.0,0,89,
2025-11-27T08:07:53.096100+00:00,train,1,930,self,1.0,0,91,
2025-11-27T08:07:53.096196+00:00,train,1,931,self,1.0,0,100,
2025-11-27T08:07:53.096293+00:00,train,1,932,self,1.0,0,100,
2025-11-27T08:07:53.096389+00:00,train,1,933,self,1.0,0,92,
2025-11-27T08:07:53.096486+00:00,train,1,934,self,1.0,0,96,
2025-11-27T08:07:53.096583+00:00,train,1,935,self,1.0,0,99,
2025-11-27T08:07:53.096680+00:00,train,1,936,self,1.0,0,99,
2025-11-27T08:07:53.096777+00:00,train,1,937,self,1.0,0,91,
2025-11-27T08:07:53.096874+00:00,train,1,938,self,1.0,0,91,
2025-11-27T08:07:53.097014+00:00,train,1,939,self,1.0,0,99,
2025-11-27T08:07:53.097112+00:00,train,1,940,self,1.0,0,100,
2025-11-27T08:07:53.097207+00:00,train,1,941,self,1.0,0,91,
2025-11-27T08:07:53.097302+00:00,train,1,942,self,1.0,0,96,
2025-11-27T08:07:53.097397+00:00,train,1,943,self,1.0,0,98,
2025-11-27T08:07:53.097491+00:00,train,1,944,self,1.0,0,99,
2025-11-27T08:07:53.097586+00:00,train,1,945,self,1.0,0,92,
2025-11-27T08:07:53.097680+00:00,train,1,946,self,1.0,0,94,
2025-11-27T08:07:53.097775+00:00,train,1,947,self,1.0,0,98,
2025-11-27T08:07:53.097870+00:00,train,1,948,self,1.0,0,99,
2025-11-27T08:07:53.097964+00:00,train,1,949,self,1.0,0,90,
2025-11-27T08:07:53.098058+00:00,train,1,950,self,1.0,0,93,
2025-11-27T08:07:53.098153+00:00,train,1,951,self,1.0,0,99,
2025-11-27T08:07:53.098248+00:00,train,1,952,self,1.0,0,99,
2025-11-27T08:07:53.098343+00:00,train,1,953,self,1.0,0,95,
2025-11-27T08:07:53.098437+00:00,train,1,954,self,1.0,0,96,
2025-11-27T08:07:53.098531+00:00,train,1,955,self,1.0,0,97,
2025-11-27T08:07:53.098625+00:00,train,1,956,self,1.0,0,100,
2025-11-27T08:07:53.098720+00:00,train,1,957,self,1.0,0,92,
2025-11-27T08:07:53.098815+00:00,train,1,958,self,1.0,0,92,
2025-11-27T08:07:53.098909+00:00,train,1,959,self,1.0,0,97,
2025-11-27T08:07:53.099004+00:00,train,1,960,self,1.0,0,98,
2025-11-27T08:07:53.099148+00:00,train,1,961,self,1.0,0,92,
2025-11-27T08:07:53.099243+00:00,train,1,962,self,1.0,0,94,
2025-11-27T08:07:53.099337+00:00,train,1,963,self,1.0,0,96,
2025-11-27T08:07:53.099432+00:00,train,1,964,self,1.0,0,100,
2025-11-27T08:07:53.099527+00:00,train,1,965,self,1.0,0,84,
2025-11-27T08:07:53.099621+00:00,train,1,966,self,1.0,0,91,
2025-11-27T08:07:53.099716+00:00,train,1,967,self,1.0,0,97,
2025-11-27T08:07:53.099810+00:00,train,1,968,self,1.0,0,98,
2025-11-27T08:07:53.099905+00:00,train,1,969,self,1.0,0,95,
2025-11-27T08:07:53.100000+00:00,train,1,970,self,1.0,0,95,
2025-11-27T08:07:53.100095+00:00,train,1,971,self,1.0,0,97,
2025-11-27T08:07:53.100189+00:00,train,1,972,self,1.0,0,98,
2025-11-27T08:07:53.100397+00:00,train,1,973,self,1.0,0,90,
2025-11-27T08:07:53.100513+00:00,train,1,974,self,1.0,0,92,
2025-11-27T08:07:53.100619+00:00,train,1,975,self,1.0,0,97,
2025-11-27T08:07:53.100722+00:00,train,1,976,self,1.0,0,97,
2025-11-27T08:07:53.100823+00:00,train,1,977,self,1.0,0,95,
2025-11-27T08:07:53.100923+00:00,train,1,978,self,1.0,0,95,
2025-11-27T08:07:53.101021+00:00,train,1,979,self,1.0,0,96,
2025-11-27T08:07:53.101119+00:00,train,1,980,self,1.0,0,99,
2025-11-27T08:07:53.101216+00:00,train,1,981,self,1.0,0,96,
2025-11-27T08:07:53.101313+00:00,train,1,982,self,1.0,0,99,
2025-11-27T08:07:53.101411+00:00,train,1,983,self,1.0,0,99,
2025-11-27T08:07:53.101531+00:00,train,1,984,self,1.0,0,100,
2025-11-27T08:07:53.101629+00:00,train,1,985,self,1.0,0,83,
2025-11-27T08:07:53.101727+00:00,train,1,986,self,1.0,0,96,
2025-11-27T08:07:53.101825+00:00,train,1,987,self,1.0,0,98,
2025-11-27T08:07:53.101922+00:00,train,1,988,self,1.0,0,99,
2025-11-27T08:07:53.102019+00:00,train,1,989,self,1.0,0,85,
2025-11-27T08:07:53.102116+00:00,train,1,990,self,1.0,0,91,
2025-11-27T08:07:53.102213+00:00,train,1,991,self,1.0,0,97,
2025-11-27T08:07:53.102310+00:00,train,1,992,self,1.0,0,100,
2025-11-27T08:07:53.102406+00:00,train,1,993,self,1.0,0,84,
2025-11-27T08:07:53.102503+00:00,train,1,994,self,1.0,0,94,
2025-11-27T08:07:53.102600+00:00,train,1,995,self,1.0,0,95,
2025-11-27T08:07:53.102696+00:00,train,1,996,self,1.0,0,95,
2025-11-27T08:07:53.102793+00:00,train,1,997,self,1.0,0,93,
2025-11-27T08:07:53.102890+00:00,train,1,998,self,1.0,0,97,
2025-11-27T08:07:53.102987+00:00,train,1,999,self,1.0,0,98,
2025-11-27T08:07:53.103083+00:00,train,1,1000,self,1.0,0,100,
2025-11-27T08:07:53.107197+00:00,train,1,1001,self,1.0,0,92,
2025-11-27T08:07:53.107339+00:00,train,1,1002,self,1.0,0,98,
2025-11-27T08:07:53.107440+00:00,train,1,1003,self,1.0,0,100,
2025-11-27T08:07:53.107540+00:00,train,1,1004,self,1.0,0,100,
2025-11-27T08:07:53.107787+00:00,train,1,1005,self,1.0,0,87,
2025-11-27T08:07:53.107976+00:00,train,1,1006,self,1.0,0,98,
2025-11-27T08:07:53.108099+00:00,train,1,1007,self,1.0,0,98,
2025-11-27T08:07:53.108226+00:00,train,1,1008,self,1.0,0,98,
2025-11-27T08:07:53.108342+00:00,train,1,1009,self,1.0,0,96,
2025-11-27T08:07:53.108472+00:00,train,1,1010,self,1.0,0,97,
2025-11-27T08:07:53.108586+00:00,train,1,1011,self,1.0,0,98,
2025-11-27T08:07:53.108730+00:00,train,1,1012,self,1.0,0,98,
2025-11-27T08:07:53.108862+00:00,train,1,1013,self,1.0,0,95,
2025-11-27T08:07:53.108977+00:00,train,1,1014,self,1.0,0,96,
2025-11-27T08:07:53.109140+00:00,train,1,1015,self,1.0,0,98,
2025-11-27T08:07:53.109268+00:00,train,1,1016,self,1.0,0,99,
2025-11-27T08:07:53.109385+00:00,train,1,1017,self,1.0,0,92,
2025-11-27T08:07:53.109552+00:00,train,1,1018,self,1.0,0,93,
2025-11-27T08:07:53.109700+00:00,train,1,1019,self,1.0,0,99,
2025-11-27T08:07:53.109825+00:00,train,1,1020,self,1.0,0,100,
2025-11-27T08:07:53.109947+00:00,train,1,1021,self,1.0,0,95,
2025-11-27T08:07:53.110067+00:00,train,1,1022,self,1.0,0,96,
2025-11-27T08:07:53.110184+00:00,train,1,1023,self,1.0,0,98,
2025-11-27T08:07:53.110312+00:00,train,1,1024,self,1.0,0,99,
2025-11-27T08:07:53.110431+00:00,train,1,1025,self,1.0,0,94,
2025-11-27T08:07:53.110611+00:00,train,1,1026,self,1.0,0,98,
2025-11-27T08:07:53.110768+00:00,train,1,1027,self,1.0,0,99,
2025-11-27T08:07:53.110895+00:00,train,1,1028,self,1.0,0,100,
2025-11-27T08:07:53.111014+00:00,train,1,1029,self,1.0,0,96,
2025-11-27T08:07:53.111189+00:00,train,1,1030,self,1.0,0,99,
2025-11-27T08:07:53.111330+00:00,train,1,1031,self,1.0,0,99,
2025-11-27T08:07:53.111459+00:00,train,1,1032,self,1.0,0,100,
2025-11-27T08:07:53.111587+00:00,train,1,1033,self,1.0,0,96,
2025-11-27T08:07:53.111737+00:00,train,1,1034,self,1.0,0,100,
2025-11-27T08:07:53.111886+00:00,train,1,1035,self,1.0,0,100,
2025-11-27T08:07:53.112012+00:00,train,1,1036,self,1.0,0,100,
2025-11-27T08:07:53.112136+00:00,train,1,1037,self,1.0,0,84,
2025-11-27T08:07:53.112258+00:00,train,1,1038,self,1.0,0,85,
2025-11-27T08:07:53.112381+00:00,train,1,1039,self,1.0,0,95,
2025-11-27T08:07:53.112503+00:00,train,1,1040,self,1.0,0,97,
2025-11-27T08:07:53.112637+00:00,train,1,1041,self,1.0,0,84,
2025-11-27T08:07:53.112763+00:00,train,1,1042,self,1.0,0,93,
2025-11-27T08:07:53.112889+00:00,train,1,1043,self,1.0,0,96,
2025-11-27T08:07:53.113014+00:00,train,1,1044,self,1.0,0,96,
2025-11-27T08:07:53.113138+00:00,train,1,1045,self,1.0,0,96,
2025-11-27T08:07:53.113263+00:00,train,1,1046,self,1.0,0,97,
2025-11-27T08:07:53.113388+00:00,train,1,1047,self,1.0,0,100,
2025-11-27T08:07:53.113512+00:00,train,1,1048,self,1.0,0,100,
2025-11-27T08:07:53.113653+00:00,train,1,1049,self,1.0,0,85,
2025-11-27T08:07:53.113781+00:00,train,1,1050,self,1.0,0,88,
2025-11-27T08:07:53.113909+00:00,train,1,1051,self,1.0,0,95,
2025-11-27T08:07:53.114038+00:00,train,1,1052,self,1.0,0,97,
2025-11-27T08:07:53.114167+00:00,train,1,1053,self,1.0,0,92,
2025-11-27T08:07:53.114296+00:00,train,1,1054,self,1.0,0,92,
2025-11-27T08:07:53.114425+00:00,train,1,1055,self,1.0,0,96,
2025-11-27T08:07:53.114554+00:00,train,1,1056,self,1.0,0,96,
2025-11-27T08:07:53.114683+00:00,train,1,1057,self,1.0,0,88,
2025-11-27T08:07:53.114813+00:00,train,1,1058,self,1.0,0,94,
2025-11-27T08:07:53.114942+00:00,train,1,1059,self,1.0,0,98,
2025-11-27T08:07:53.115070+00:00,train,1,1060,self,1.0,0,100,
2025-11-27T08:07:53.115199+00:00,train,1,1061,self,1.0,0,92,
2025-11-27T08:07:53.115328+00:00,train,1,1062,self,1.0,0,93,
2025-11-27T08:07:53.115456+00:00,train,1,1063,self,1.0,0,99,
2025-11-27T08:07:53.115584+00:00,train,1,1064,self,1.0,0,99,
2025-11-27T08:07:53.115712+00:00,train,1,1065,self,1.0,0,87,
2025-11-27T08:07:53.115841+00:00,train,1,1066,self,1.0,0,91,
2025-11-27T08:07:53.115970+00:00,train,1,1067,self,1.0,0,91,
2025-11-27T08:07:53.116099+00:00,train,1,1068,self,1.0,0,99,
2025-11-27T08:07:53.116228+00:00,train,1,1069,self,1.0,0,87,
2025-11-27T08:07:53.116357+00:00,train,1,1070,self,1.0,0,96,
2025-11-27T08:07:53.116544+00:00,train,1,1071,self,1.0,0,97,
2025-11-27T08:07:53.116675+00:00,train,1,1072,self,1.0,0,100,
2025-11-27T08:07:53.116804+00:00,train,1,1073,self,1.0,0,93,
2025-11-27T08:07:53.116933+00:00,train,1,1074,self,1.0,0,98,
2025-11-27T08:07:53.117062+00:00,train,1,1075,self,1.0,0,99,
2025-11-27T08:07:53.117191+00:00,train,1,1076,self,1.0,0,100,
2025-11-27T08:07:53.117319+00:00,train,1,1077,self,1.0,0,88,
2025-11-27T08:07:53.117448+00:00,train,1,1078,self,1.0,0,93,
2025-11-27T08:07:53.117577+00:00,train,1,1079,self,1.0,0,95,
2025-11-27T08:07:53.117705+00:00,train,1,1080,self,1.0,0,95,
2025-11-27T08:07:53.117832+00:00,train,1,1081,self,1.0,0,90,
2025-11-27T08:07:53.117960+00:00,train,1,1082,self,1.0,0,91,
2025-11-27T08:07:53.118089+00:00,train,1,1083,self,1.0,0,95,
2025-11-27T08:07:53.118218+00:00,train,1,1084,self,1.0,0,99,
2025-11-27T08:07:53.118345+00:00,train,1,1085,self,1.0,0,88,
2025-11-27T08:07:53.118474+00:00,train,1,1086,self,1.0,0,95,
2025-11-27T08:07:53.118602+00:00,train,1,1087,self,1.0,0,99,
2025-11-27T08:07:53.118731+00:00,train,1,1088,self,1.0,0,100,
2025-11-27T08:07:53.118859+00:00,train,1,1089,self,1.0,0,94,
2025-11-27T08:07:53.118986+00:00,train,1,1090,self,1.0,0,96,
2025-11-27T08:07:53.119115+00:00,train,1,1091,self,1.0,0,97,
2025-11-27T08:07:53.119242+00:00,train,1,1092,self,1.0,0,98,
2025-11-27T08:07:53.119371+00:00,train,1,1093,self,1.0,0,90,
2025-11-27T08:07:53.119499+00:00,train,1,1094,self,1.0,0,92,
2025-11-27T08:07:53.119627+00:00,train,1,1095,self,1.0,0,97,
2025-11-27T08:07:53.119765+00:00,train,1,1096,self,1.0,0,99,
2025-11-27T08:07:53.119897+00:00,train,1,1097,self,1.0,0,80,
2025-11-27T08:07:53.120025+00:00,train,1,1098,self,1.0,0,94,
2025-11-27T08:07:53.120154+00:00,train,1,1099,self,1.0,0,95,
2025-11-27T08:07:53.120283+00:00,train,1,1100,self,1.0,0,98,
2025-11-27T08:07:53.120412+00:00,train,1,1101,self,1.0,0,91,
2025-11-27T08:07:53.120540+00:00,train,1,1102,self,1.0,0,92,
2025-11-27T08:07:53.120669+00:00,train,1,1103,self,1.0,0,99,
2025-11-27T08:07:53.120847+00:00,train,1,1104,self,1.0,0,100,
2025-11-27T08:07:53.121023+00:00,train,1,1105,self,1.0,0,91,
2025-11-27T08:07:53.121162+00:00,train,1,1106,self,1.0,0,94,
2025-11-27T08:07:53.121294+00:00,train,1,1107,self,1.0,0,98,
2025-11-27T08:07:53.121422+00:00,train,1,1108,self,1.0,0,99,
2025-11-27T08:07:53.121561+00:00,train,1,1109,self,1.0,0,92,
2025-11-27T08:07:53.121686+00:00,train,1,1110,self,1.0,0,98,
2025-11-27T08:07:53.121859+00:00,train,1,1111,self,1.0,0,99,
2025-11-27T08:07:53.122012+00:00,train,1,1112,self,1.0,0,100,
2025-11-27T08:07:53.122151+00:00,train,1,1113,self,1.0,0,73,
2025-11-27T08:07:53.122297+00:00,train,1,1114,self,1.0,0,98,
2025-11-27T08:07:53.122427+00:00,train,1,1115,self,1.0,0,99,
2025-11-27T08:07:53.122569+00:00,train,1,1116,self,1.0,0,100,
2025-11-27T08:07:53.122696+00:00,train,1,1117,self,1.0,0,93,
2025-11-27T08:07:53.122840+00:00,train,1,1118,self,1.0,0,97,
2025-11-27T08:07:53.122965+00:00,train,1,1119,self,1.0,0,99,
2025-11-27T08:07:53.123107+00:00,train,1,1120,self,1.0,0,99,
2025-11-27T08:07:53.123233+00:00,train,1,1121,self,1.0,0,89,
2025-11-27T08:07:53.123357+00:00,train,1,1122,self,1.0,0,92,
2025-11-27T08:07:53.123481+00:00,train,1,1123,self,1.0,0,98,
2025-11-27T08:07:53.123604+00:00,train,1,1124,self,1.0,0,99,
2025-11-27T08:07:53.123729+00:00,train,1,1125,self,1.0,0,90,
2025-11-27T08:07:53.123852+00:00,train,1,1126,self,1.0,0,96,
2025-11-27T08:07:53.123976+00:00,train,1,1127,self,1.0,0,97,
2025-11-27T08:07:53.124101+00:00,train,1,1128,self,1.0,0,99,
2025-11-27T08:07:53.124223+00:00,train,1,1129,self,1.0,0,98,
2025-11-27T08:07:53.124347+00:00,train,1,1130,self,1.0,0,98,
2025-11-27T08:07:53.124471+00:00,train,1,1131,self,1.0,0,100,
2025-11-27T08:07:53.124610+00:00,train,1,1132,self,1.0,0,100,
2025-11-27T08:07:53.124730+00:00,train,1,1133,self,1.0,0,87,
2025-11-27T08:07:53.124850+00:00,train,1,1134,self,1.0,0,98,
2025-11-27T08:07:53.124970+00:00,train,1,1135,self,1.0,0,99,
2025-11-27T08:07:53.125090+00:00,train,1,1136,self,1.0,0,100,
2025-11-27T08:07:53.125300+00:00,train,1,1137,self,1.0,0,90,
2025-11-27T08:07:53.125422+00:00,train,1,1138,self,1.0,0,96,
2025-11-27T08:07:53.125541+00:00,train,1,1139,self,1.0,0,98,
2025-11-27T08:07:53.125659+00:00,train,1,1140,self,1.0,0,100,
2025-11-27T08:07:53.125777+00:00,train,1,1141,self,1.0,0,82,
2025-11-27T08:07:53.125896+00:00,train,1,1142,self,1.0,0,85,
2025-11-27T08:07:53.126013+00:00,train,1,1143,self,1.0,0,100,
2025-11-27T08:07:53.126132+00:00,train,1,1144,self,1.0,0,100,
2025-11-27T08:07:53.126249+00:00,train,1,1145,self,1.0,0,86,
2025-11-27T08:07:53.126369+00:00,train,1,1146,self,1.0,0,94,
2025-11-27T08:07:53.126486+00:00,train,1,1147,self,1.0,0,96,
2025-11-27T08:07:53.126603+00:00,train,1,1148,self,1.0,0,97,
2025-11-27T08:07:53.126721+00:00,train,1,1149,self,1.0,0,83,
2025-11-27T08:07:53.126838+00:00,train,1,1150,self,1.0,0,90,
2025-11-27T08:07:53.126957+00:00,train,1,1151,self,1.0,0,90,
2025-11-27T08:07:53.127074+00:00,train,1,1152,self,1.0,0,95,
2025-11-27T08:07:53.127191+00:00,train,1,1153,self,1.0,0,93,
2025-11-27T08:07:53.127308+00:00,train,1,1154,self,1.0,0,98,
2025-11-27T08:07:53.127425+00:00,train,1,1155,self,1.0,0,98,
2025-11-27T08:07:53.127542+00:00,train,1,1156,self,1.0,0,99,
2025-11-27T08:07:53.127660+00:00,train,1,1157,self,1.0,0,80,
2025-11-27T08:07:53.127777+00:00,train,1,1158,self,1.0,0,91,
2025-11-27T08:07:53.127893+00:00,train,1,1159,self,1.0,0,98,
2025-11-27T08:07:53.128010+00:00,train,1,1160,self,1.0,0,99,
2025-11-27T08:07:53.128127+00:00,train,1,1161,self,1.0,0,92,
2025-11-27T08:07:53.128245+00:00,train,1,1162,self,1.0,0,99,
2025-11-27T08:07:53.128362+00:00,train,1,1163,self,1.0,0,100,
2025-11-27T08:07:53.128479+00:00,train,1,1164,self,1.0,0,100,
2025-11-27T08:07:53.128597+00:00,train,1,1165,self,1.0,0,95,
2025-11-27T08:07:53.128713+00:00,train,1,1166,self,1.0,0,95,
2025-11-27T08:07:53.128831+00:00,train,1,1167,self,1.0,0,96,
2025-11-27T08:07:53.128948+00:00,train,1,1168,self,1.0,0,100,
2025-11-27T08:07:53.129064+00:00,train,1,1169,self,1.0,0,95,
2025-11-27T08:07:53.129181+00:00,train,1,1170,self,1.0,0,97,
2025-11-27T08:07:53.129299+00:00,train,1,1171,self,1.0,0,99,
2025-11-27T08:07:53.129417+00:00,train,1,1172,self,1.0,0,100,
2025-11-27T08:07:53.129534+00:00,train,1,1173,self,1.0,0,92,
2025-11-27T08:07:53.129663+00:00,train,1,1174,self,1.0,0,95,
2025-11-27T08:07:53.129776+00:00,train,1,1175,self,1.0,0,99,
2025-11-27T08:07:53.129889+00:00,train,1,1176,self,1.0,0,100,
2025-11-27T08:07:53.130003+00:00,train,1,1177,self,1.0,0,91,
2025-11-27T08:07:53.130116+00:00,train,1,1178,self,1.0,0,92,
2025-11-27T08:07:53.130230+00:00,train,1,1179,self,1.0,0,98,
2025-11-27T08:07:53.130343+00:00,train,1,1180,self,1.0,0,100,
2025-11-27T08:07:53.130457+00:00,train,1,1181,self,1.0,0,92,
2025-11-27T08:07:53.130571+00:00,train,1,1182,self,1.0,0,92,
2025-11-27T08:07:53.130696+00:00,train,1,1183,self,1.0,0,95,
2025-11-27T08:07:53.130806+00:00,train,1,1184,self,1.0,0,98,
2025-11-27T08:07:53.130917+00:00,train,1,1185,self,1.0,0,92,
2025-11-27T08:07:53.131046+00:00,train,1,1186,self,1.0,0,96,
2025-11-27T08:07:53.131164+00:00,train,1,1187,self,1.0,0,99,
2025-11-27T08:07:53.131275+00:00,train,1,1188,self,1.0,0,100,
2025-11-27T08:07:53.131386+00:00,train,1,1189,self,1.0,0,79,
2025-11-27T08:07:53.131497+00:00,train,1,1190,self,1.0,0,97,
2025-11-27T08:07:53.131621+00:00,train,1,1191,self,1.0,0,99,
2025-11-27T08:07:53.131729+00:00,train,1,1192,self,1.0,0,99,
2025-11-27T08:07:53.131837+00:00,train,1,1193,self,1.0,0,87,
2025-11-27T08:07:53.131944+00:00,train,1,1194,self,1.0,0,96,
2025-11-27T08:07:53.132055+00:00,train,1,1195,self,1.0,0,96,
2025-11-27T08:07:53.132165+00:00,train,1,1196,self,1.0,0,98,
2025-11-27T08:07:53.132327+00:00,train,1,1197,self,1.0,0,91,
2025-11-27T08:07:53.132453+00:00,train,1,1198,self,1.0,0,98,
2025-11-27T08:07:53.132570+00:00,train,1,1199,self,1.0,0,98,
2025-11-27T08:07:53.132696+00:00,train,1,1200,self,1.0,0,99,
2025-11-27T08:07:53.132803+00:00,train,1,1201,self,1.0,0,90,
2025-11-27T08:07:53.132909+00:00,train,1,1202,self,1.0,0,92,
2025-11-27T08:07:53.133018+00:00,train,1,1203,self,1.0,0,97,
2025-11-27T08:07:53.133124+00:00,train,1,1204,self,1.0,0,99,
2025-11-27T08:07:53.133231+00:00,train,1,1205,self,1.0,0,92,
2025-11-27T08:07:53.133337+00:00,train,1,1206,self,1.0,0,95,
2025-11-27T08:07:53.133442+00:00,train,1,1207,self,1.0,0,97,
2025-11-27T08:07:53.133548+00:00,train,1,1208,self,1.0,0,98,
2025-11-27T08:07:53.133665+00:00,train,1,1209,self,1.0,0,86,
2025-11-27T08:07:53.133768+00:00,train,1,1210,self,1.0,0,95,
2025-11-27T08:07:53.133870+00:00,train,1,1211,self,1.0,0,99,
2025-11-27T08:07:53.133972+00:00,train,1,1212,self,1.0,0,99,
2025-11-27T08:07:53.134075+00:00,train,1,1213,self,1.0,0,95,
2025-11-27T08:07:53.134177+00:00,train,1,1214,self,1.0,0,95,
2025-11-27T08:07:53.134280+00:00,train,1,1215,self,1.0,0,97,
2025-11-27T08:07:53.134382+00:00,train,1,1216,self,1.0,0,99,
2025-11-27T08:07:53.134485+00:00,train,1,1217,self,1.0,0,93,
2025-11-27T08:07:53.134586+00:00,train,1,1218,self,1.0,0,93,
2025-11-27T08:07:53.134700+00:00,train,1,1219,self,1.0,0,95,
2025-11-27T08:07:53.134800+00:00,train,1,1220,self,1.0,0,98,
2025-11-27T08:07:53.134899+00:00,train,1,1221,self,1.0,0,79,
2025-11-27T08:07:53.134998+00:00,train,1,1222,self,1.0,0,96,
2025-11-27T08:07:53.135097+00:00,train,1,1223,self,1.0,0,99,
2025-11-27T08:07:53.135196+00:00,train,1,1224,self,1.0,0,99,
2025-11-27T08:07:53.135295+00:00,train,1,1225,self,1.0,0,80,
2025-11-27T08:07:53.135395+00:00,train,1,1226,self,1.0,0,96,
2025-11-27T08:07:53.135494+00:00,train,1,1227,self,1.0,0,98,
2025-11-27T08:07:53.135607+00:00,train,1,1228,self,1.0,0,100,
2025-11-27T08:07:53.135704+00:00,train,1,1229,self,1.0,0,89,
2025-11-27T08:07:53.135801+00:00,train,1,1230,self,1.0,0,96,
2025-11-27T08:07:53.135898+00:00,train,1,1231,self,1.0,0,100,
2025-11-27T08:07:53.135994+00:00,train,1,1232,self,1.0,0,100,
2025-11-27T08:07:53.136092+00:00,train,1,1233,self,1.0,0,93,
2025-11-27T08:07:53.136189+00:00,train,1,1234,self,1.0,0,94,
2025-11-27T08:07:53.136286+00:00,train,1,1235,self,1.0,0,98,
2025-11-27T08:07:53.136383+00:00,train,1,1236,self,1.0,0,100,
2025-11-27T08:07:53.136480+00:00,train,1,1237,self,1.0,0,87,
2025-11-27T08:07:53.136576+00:00,train,1,1238,self,1.0,0,99,
2025-11-27T08:07:53.136673+00:00,train,1,1239,self,1.0,0,100,
2025-11-27T08:07:53.136770+00:00,train,1,1240,self,1.0,0,100,
2025-11-27T08:07:53.136867+00:00,train,1,1241,self,1.0,0,81,
2025-11-27T08:07:53.136964+00:00,train,1,1242,self,1.0,0,97,
2025-11-27T08:07:53.137061+00:00,train,1,1243,self,1.0,0,98,
2025-11-27T08:07:53.137157+00:00,train,1,1244,self,1.0,0,99,
2025-11-27T08:07:53.137254+00:00,train,1,1245,self,1.0,0,85,
2025-11-27T08:07:53.137351+00:00,train,1,1246,self,1.0,0,93,
2025-11-27T08:07:53.137448+00:00,train,1,1247,self,1.0,0,94,
2025-11-27T08:07:53.137545+00:00,train,1,1248,self,1.0,0,99,
2025-11-27T08:07:53.137641+00:00,train,1,1249,self,1.0,0,90,
2025-11-27T08:07:53.137738+00:00,train,1,1250,self,1.0,0,93,
2025-11-27T08:07:53.137835+00:00,train,1,1251,self,1.0,0,93,
2025-11-27T08:07:53.137931+00:00,train,1,1252,self,1.0,0,98,
2025-11-27T08:07:53.138028+00:00,train,1,1253,self,1.0,0,95,
2025-11-27T08:07:53.138125+00:00,train,1,1254,self,1.0,0,97,
2025-11-27T08:07:53.138222+00:00,train,1,1255,self,1.0,0,98,
2025-11-27T08:07:53.138319+00:00,train,1,1256,self,1.0,0,100,
2025-11-27T08:07:53.138416+00:00,train,1,1257,self,1.0,0,96,
2025-11-27T08:07:53.138513+00:00,train,1,1258,self,1.0,0,98,
2025-11-27T08:07:53.138657+00:00,train,1,1259,self,1.0,0,99,
2025-11-27T08:07:53.138754+00:00,train,1,1260,self,1.0,0,100,
2025-11-27T08:07:53.138851+00:00,train,1,1261,self,1.0,0,94,
2025-11-27T08:07:53.138947+00:00,train,1,1262,self,1.0,0,94,
2025-11-27T08:07:53.139044+00:00,train,1,1263,self,1.0,0,99,
2025-11-27T08:07:53.139142+00:00,train,1,1264,self,1.0,0,99,
2025-11-27T08:07:53.139238+00:00,train,1,1265,self,1.0,0,95,
2025-11-27T08:07:53.139336+00:00,train,1,1266,self,1.0,0,97,
2025-11-27T08:07:53.139433+00:00,train,1,1267,self,1.0,0,98,
2025-11-27T08:07:53.139530+00:00,train,1,1268,self,1.0,0,99,
2025-11-27T08:07:53.139629+00:00,train,1,1269,self,1.0,0,94,
2025-11-27T08:07:53.139725+00:00,train,1,1270,self,1.0,0,95,
2025-11-27T08:07:53.139822+00:00,train,1,1271,self,1.0,0,97,
2025-11-27T08:07:53.139919+00:00,train,1,1272,self,1.0,0,99,
2025-11-27T08:07:53.140066+00:00,train,1,1273,self,1.0,0,94,
2025-11-27T08:07:53.140164+00:00,train,1,1274,self,1.0,0,98,
2025-11-27T08:07:53.140261+00:00,train,1,1275,self,1.0,0,100,
2025-11-27T08:07:53.140357+00:00,train,1,1276,self,1.0,0,100,
2025-11-27T08:07:53.140454+00:00,train,1,1277,self,1.0,0,90,
2025-11-27T08:07:53.140552+00:00,train,1,1278,self,1.0,0,94,
2025-11-27T08:07:53.140649+00:00,train,1,1279,self,1.0,0,97,
2025-11-27T08:07:53.140745+00:00,train,1,1280,self,1.0,0,98,
2025-11-27T08:07:53.140842+00:00,train,1,1281,self,1.0,0,93,
2025-11-27T08:07:53.140940+00:00,train,1,1282,self,1.0,0,97,
2025-11-27T08:07:53.141037+00:00,train,1,1283,self,1.0,0,100,
2025-11-27T08:07:53.141134+00:00,train,1,1284,self,1.0,0,100,
2025-11-27T08:07:53.141232+00:00,train,1,1285,self,1.0,0,96,
2025-11-27T08:07:53.141329+00:00,train,1,1286,self,1.0,0,98,
2025-11-27T08:07:53.141426+00:00,train,1,1287,self,1.0,0,99,
2025-11-27T08:07:53.141523+00:00,train,1,1288,self,1.0,0,100,
2025-11-27T08:07:53.141640+00:00,train,1,1289,self,1.0,0,85,
2025-11-27T08:07:53.141875+00:00,train,1,1290,self,1.0,0,98,
2025-11-27T08:07:53.141990+00:00,train,1,1291,self,1.0,0,99,
2025-11-27T08:07:53.142097+00:00,train,1,1292,self,1.0,0,100,
2025-11-27T08:07:53.142203+00:00,train,1,1293,self,1.0,0,94,
2025-11-27T08:07:53.142305+00:00,train,1,1294,self,1.0,0,100,
2025-11-27T08:07:53.142407+00:00,train,1,1295,self,1.0,0,100,
2025-11-27T08:07:53.142507+00:00,train,1,1296,self,1.0,0,100,
2025-11-27T08:07:53.142607+00:00,train,1,1297,self,1.0,0,79,
2025-11-27T08:07:53.142706+00:00,train,1,1298,self,1.0,0,94,
2025-11-27T08:07:53.142807+00:00,train,1,1299,self,1.0,0,99,
2025-11-27T08:07:53.142961+00:00,train,1,1300,self,1.0,0,100,
2025-11-27T08:07:53.143062+00:00,train,1,1301,self,1.0,0,93,
2025-11-27T08:07:53.143161+00:00,train,1,1302,self,1.0,0,96,
2025-11-27T08:07:53.143260+00:00,train,1,1303,self,1.0,0,98,
2025-11-27T08:07:53.143360+00:00,train,1,1304,self,1.0,0,99,
2025-11-27T08:07:53.143459+00:00,train,1,1305,self,1.0,0,93,
2025-11-27T08:07:53.143557+00:00,train,1,1306,self,1.0,0,95,
2025-11-27T08:07:53.143657+00:00,train,1,1307,self,1.0,0,96,
2025-11-27T08:07:53.143756+00:00,train,1,1308,self,1.0,0,98,
2025-11-27T08:07:53.143854+00:00,train,1,1309,self,1.0,0,97,
2025-11-27T08:07:53.143952+00:00,train,1,1310,self,1.0,0,98,
2025-11-27T08:07:53.144051+00:00,train,1,1311,self,1.0,0,100,
2025-11-27T08:07:53.144149+00:00,train,1,1312,self,1.0,0,100,
2025-11-27T08:07:53.144248+00:00,train,1,1313,self,1.0,0,93,
2025-11-27T08:07:53.144347+00:00,train,1,1314,self,1.0,0,96,
2025-11-27T08:07:53.144446+00:00,train,1,1315,self,1.0,0,97,
2025-11-27T08:07:53.144544+00:00,train,1,1316,self,1.0,0,99,
2025-11-27T08:07:53.144643+00:00,train,1,1317,self,1.0,0,94,
2025-11-27T08:07:53.144742+00:00,train,1,1318,self,1.0,0,97,
2025-11-27T08:07:53.144841+00:00,train,1,1319,self,1.0,0,98,
2025-11-27T08:07:53.144939+00:00,train,1,1320,self,1.0,0,100,
2025-11-27T08:07:53.145038+00:00,train,1,1321,self,1.0,0,92,
2025-11-27T08:07:53.145137+00:00,train,1,1322,self,1.0,0,93,
2025-11-27T08:07:53.145236+00:00,train,1,1323,self,1.0,0,99,
2025-11-27T08:07:53.145334+00:00,train,1,1324,self,1.0,0,99,
2025-11-27T08:07:53.145433+00:00,train,1,1325,self,1.0,0,91,
2025-11-27T08:07:53.145532+00:00,train,1,1326,self,1.0,0,94,
2025-11-27T08:07:53.145630+00:00,train,1,1327,self,1.0,0,95,
2025-11-27T08:07:53.145729+00:00,train,1,1328,self,1.0,0,97,
2025-11-27T08:07:53.145827+00:00,train,1,1329,self,1.0,0,87,
2025-11-27T08:07:53.145926+00:00,train,1,1330,self,1.0,0,96,
2025-11-27T08:07:53.146025+00:00,train,1,1331,self,1.0,0,99,
2025-11-27T08:07:53.146123+00:00,train,1,1332,self,1.0,0,99,
2025-11-27T08:07:53.146222+00:00,train,1,1333,self,1.0,0,93,
2025-11-27T08:07:53.146320+00:00,train,1,1334,self,1.0,0,95,
2025-11-27T08:07:53.146421+00:00,train,1,1335,self,1.0,0,95,
2025-11-27T08:07:53.146521+00:00,train,1,1336,self,1.0,0,98,
2025-11-27T08:07:53.146619+00:00,train,1,1337,self,1.0,0,94,
2025-11-27T08:07:53.146718+00:00,train,1,1338,self,1.0,0,95,
2025-11-27T08:07:53.146817+00:00,train,1,1339,self,1.0,0,99,
2025-11-27T08:07:53.146916+00:00,train,1,1340,self,1.0,0,99,
2025-11-27T08:07:53.147014+00:00,train,1,1341,self,1.0,0,95,
2025-11-27T08:07:53.147116+00:00,train,1,1342,self,1.0,0,96,
2025-11-27T08:07:53.147216+00:00,train,1,1343,self,1.0,0,98,
2025-11-27T08:07:53.147315+00:00,train,1,1344,self,1.0,0,100,
2025-11-27T08:07:53.147414+00:00,train,1,1345,self,1.0,0,95,
2025-11-27T08:07:53.147512+00:00,train,1,1346,self,1.0,0,97,
2025-11-27T08:07:53.147611+00:00,train,1,1347,self,1.0,0,98,
2025-11-27T08:07:53.147710+00:00,train,1,1348,self,1.0,0,99,
2025-11-27T08:07:53.147809+00:00,train,1,1349,self,1.0,0,93,
2025-11-27T08:07:53.147908+00:00,train,1,1350,self,1.0,0,94,
2025-11-27T08:07:53.148007+00:00,train,1,1351,self,1.0,0,96,
2025-11-27T08:07:53.148105+00:00,train,1,1352,self,1.0,0,96,
2025-11-27T08:07:53.148204+00:00,train,1,1353,self,1.0,0,93,
2025-11-27T08:07:53.148303+00:00,train,1,1354,self,1.0,0,94,
2025-11-27T08:07:53.148405+00:00,train,1,1355,self,1.0,0,96,
2025-11-27T08:07:53.148504+00:00,train,1,1356,self,1.0,0,100,
2025-11-27T08:07:53.148603+00:00,train,1,1357,self,1.0,0,93,
2025-11-27T08:07:53.148739+00:00,train,1,1358,self,1.0,0,95,
2025-11-27T08:07:53.148838+00:00,train,1,1359,self,1.0,0,100,
2025-11-27T08:07:53.148936+00:00,train,1,1360,self,1.0,0,100,
2025-11-27T08:07:53.149034+00:00,train,1,1361,self,1.0,0,93,
2025-11-27T08:07:53.149132+00:00,train,1,1362,self,1.0,0,94,
2025-11-27T08:07:53.149231+00:00,train,1,1363,self,1.0,0,96,
2025-11-27T08:07:53.149329+00:00,train,1,1364,self,1.0,0,98,
2025-11-27T08:07:53.149427+00:00,train,1,1365,self,1.0,0,94,
2025-11-27T08:07:53.149525+00:00,train,1,1366,self,1.0,0,99,
2025-11-27T08:07:53.149624+00:00,train,1,1367,self,1.0,0,99,
2025-11-27T08:07:53.149722+00:00,train,1,1368,self,1.0,0,100,
2025-11-27T08:07:53.149820+00:00,train,1,1369,self,1.0,0,94,
2025-11-27T08:07:53.149920+00:00,train,1,1370,self,1.0,0,98,
2025-11-27T08:07:53.150018+00:00,train,1,1371,self,1.0,0,100,
2025-11-27T08:07:53.150116+00:00,train,1,1372,self,1.0,0,100,
2025-11-27T08:07:53.150215+00:00,train,1,1373,self,1.0,0,88,
2025-11-27T08:07:53.150313+00:00,train,1,1374,self,1.0,0,96,
2025-11-27T08:07:53.150412+00:00,train,1,1375,self,1.0,0,97,
2025-11-27T08:07:53.150510+00:00,train,1,1376,self,1.0,0,100,
2025-11-27T08:07:53.150608+00:00,train,1,1377,self,1.0,0,97,
2025-11-27T08:07:53.150707+00:00,train,1,1378,self,1.0,0,99,
2025-11-27T08:07:53.150805+00:00,train,1,1379,self,1.0,0,99,
2025-11-27T08:07:53.150903+00:00,train,1,1380,self,1.0,0,100,
2025-11-27T08:07:53.151001+00:00,train,1,1381,self,1.0,0,96,
2025-11-27T08:07:53.151100+00:00,train,1,1382,self,1.0,0,97,
2025-11-27T08:07:53.151198+00:00,train,1,1383,self,1.0,0,98,
2025-11-27T08:07:53.151296+00:00,train,1,1384,self,1.0,0,100,
2025-11-27T08:07:53.151395+00:00,train,1,1385,self,1.0,0,96,
2025-11-27T08:07:53.151493+00:00,train,1,1386,self,1.0,0,96,
2025-11-27T08:07:53.151591+00:00,train,1,1387,self,1.0,0,98,
2025-11-27T08:07:53.151692+00:00,train,1,1388,self,1.0,0,99,
2025-11-27T08:07:53.151791+00:00,train,1,1389,self,1.0,0,94,
2025-11-27T08:07:53.151889+00:00,train,1,1390,self,1.0,0,96,
2025-11-27T08:07:53.151988+00:00,train,1,1391,self,1.0,0,98,
2025-11-27T08:07:53.152086+00:00,train,1,1392,self,1.0,0,99,
2025-11-27T08:07:53.152189+00:00,train,1,1393,self,1.0,0,81,
2025-11-27T08:07:53.152390+00:00,train,1,1394,self,1.0,0,91,
2025-11-27T08:07:53.152505+00:00,train,1,1395,self,1.0,0,100,
2025-11-27T08:07:53.152613+00:00,train,1,1396,self,1.0,0,100,
2025-11-27T08:07:53.152718+00:00,train,1,1397,self,1.0,0,90,
2025-11-27T08:07:53.152821+00:00,train,1,1398,self,1.0,0,91,
2025-11-27T08:07:53.152924+00:00,train,1,1399,self,1.0,0,99,
2025-11-27T08:07:53.153025+00:00,train,1,1400,self,1.0,0,100,
2025-11-27T08:07:53.153129+00:00,train,1,1401,self,1.0,0,96,
2025-11-27T08:07:53.153229+00:00,train,1,1402,self,1.0,0,96,
2025-11-27T08:07:53.153331+00:00,train,1,1403,self,1.0,0,99,
2025-11-27T08:07:53.153432+00:00,train,1,1404,self,1.0,0,100,
2025-11-27T08:07:53.153532+00:00,train,1,1405,self,1.0,0,93,
2025-11-27T08:07:53.153633+00:00,train,1,1406,self,1.0,0,94,
2025-11-27T08:07:53.153733+00:00,train,1,1407,self,1.0,0,97,
2025-11-27T08:07:53.153832+00:00,train,1,1408,self,1.0,0,98,
2025-11-27T08:07:53.153933+00:00,train,1,1409,self,1.0,0,80,
2025-11-27T08:07:53.154032+00:00,train,1,1410,self,1.0,0,97,
2025-11-27T08:07:53.154132+00:00,train,1,1411,self,1.0,0,98,
2025-11-27T08:07:53.154231+00:00,train,1,1412,self,1.0,0,100,
2025-11-27T08:07:53.154331+00:00,train,1,1413,self,1.0,0,86,
2025-11-27T08:07:53.154431+00:00,train,1,1414,self,1.0,0,97,
2025-11-27T08:07:53.154530+00:00,train,1,1415,self,1.0,0,99,
2025-11-27T08:07:53.154629+00:00,train,1,1416,self,1.0,0,100,
2025-11-27T08:07:53.154729+00:00,train,1,1417,self,1.0,0,95,
2025-11-27T08:07:53.154828+00:00,train,1,1418,self,1.0,0,95,
2025-11-27T08:07:53.154928+00:00,train,1,1419,self,1.0,0,96,
2025-11-27T08:07:53.155028+00:00,train,1,1420,self,1.0,0,99,
2025-11-27T08:07:53.155127+00:00,train,1,1421,self,1.0,0,98,
2025-11-27T08:07:53.155226+00:00,train,1,1422,self,1.0,0,99,
2025-11-27T08:07:53.155326+00:00,train,1,1423,self,1.0,0,100,
2025-11-27T08:07:53.155425+00:00,train,1,1424,self,1.0,0,100,
2025-11-27T08:07:53.155524+00:00,train,1,1425,self,1.0,0,94,
2025-11-27T08:07:53.155624+00:00,train,1,1426,self,1.0,0,98,
2025-11-27T08:07:53.155724+00:00,train,1,1427,self,1.0,0,99,
2025-11-27T08:07:53.155823+00:00,train,1,1428,self,1.0,0,100,
2025-11-27T08:07:53.155955+00:00,train,1,1429,self,1.0,0,95,
2025-11-27T08:07:53.156068+00:00,train,1,1430,self,1.0,0,95,
2025-11-27T08:07:53.156167+00:00,train,1,1431,self,1.0,0,96,
2025-11-27T08:07:53.156267+00:00,train,1,1432,self,1.0,0,100,
2025-11-27T08:07:53.156366+00:00,train,1,1433,self,1.0,0,81,
2025-11-27T08:07:53.156466+00:00,train,1,1434,self,1.0,0,96,
2025-11-27T08:07:53.156565+00:00,train,1,1435,self,1.0,0,97,
2025-11-27T08:07:53.156665+00:00,train,1,1436,self,1.0,0,98,
2025-11-27T08:07:53.156765+00:00,train,1,1437,self,1.0,0,95,
2025-11-27T08:07:53.156864+00:00,train,1,1438,self,1.0,0,97,
2025-11-27T08:07:53.156964+00:00,train,1,1439,self,1.0,0,99,
2025-11-27T08:07:53.157063+00:00,train,1,1440,self,1.0,0,100,
2025-11-27T08:07:53.157163+00:00,train,1,1441,self,1.0,0,83,
2025-11-27T08:07:53.157262+00:00,train,1,1442,self,1.0,0,92,
2025-11-27T08:07:53.157362+00:00,train,1,1443,self,1.0,0,94,
2025-11-27T08:07:53.157462+00:00,train,1,1444,self,1.0,0,100,
2025-11-27T08:07:53.157562+00:00,train,1,1445,self,1.0,0,83,
2025-11-27T08:07:53.157661+00:00,train,1,1446,self,1.0,0,85,
2025-11-27T08:07:53.157760+00:00,train,1,1447,self,1.0,0,94,
2025-11-27T08:07:53.157859+00:00,train,1,1448,self,1.0,0,95,
2025-11-27T08:07:53.157958+00:00,train,1,1449,self,1.0,0,90,
2025-11-27T08:07:53.158057+00:00,train,1,1450,self,1.0,0,98,
2025-11-27T08:07:53.158157+00:00,train,1,1451,self,1.0,0,100,
2025-11-27T08:07:53.158256+00:00,train,1,1452,self,1.0,0,100,
2025-11-27T08:07:53.158355+00:00,train,1,1453,self,1.0,0,93,
2025-11-27T08:07:53.158454+00:00,train,1,1454,self,1.0,0,95,
2025-11-27T08:07:53.158554+00:00,train,1,1455,self,1.0,0,96,
2025-11-27T08:07:53.158653+00:00,train,1,1456,self,1.0,0,97,
2025-11-27T08:07:53.158799+00:00,train,1,1457,self,1.0,0,94,
2025-11-27T08:07:53.158899+00:00,train,1,1458,self,1.0,0,96,
2025-11-27T08:07:53.158999+00:00,train,1,1459,self,1.0,0,98,
2025-11-27T08:07:53.159098+00:00,train,1,1460,self,1.0,0,99,
2025-11-27T08:07:53.159197+00:00,train,1,1461,self,1.0,0,86,
2025-11-27T08:07:53.159296+00:00,train,1,1462,self,1.0,0,86,
2025-11-27T08:07:53.159395+00:00,train,1,1463,self,1.0,0,87,
2025-11-27T08:07:53.159495+00:00,train,1,1464,self,1.0,0,96,
2025-11-27T08:07:53.159595+00:00,train,1,1465,self,1.0,0,90,
2025-11-27T08:07:53.159694+00:00,train,1,1466,self,1.0,0,91,
2025-11-27T08:07:53.159795+00:00,train,1,1467,self,1.0,0,97,
2025-11-27T08:07:53.159894+00:00,train,1,1468,self,1.0,0,99,
2025-11-27T08:07:53.159994+00:00,train,1,1469,self,1.0,0,95,
2025-11-27T08:07:53.160093+00:00,train,1,1470,self,1.0,0,98,
2025-11-27T08:07:53.160193+00:00,train,1,1471,self,1.0,0,99,
2025-11-27T08:07:53.160293+00:00,train,1,1472,self,1.0,0,99,
2025-11-27T08:07:53.160392+00:00,train,1,1473,self,1.0,0,93,
2025-11-27T08:07:53.160491+00:00,train,1,1474,self,1.0,0,99,
2025-11-27T08:07:53.160591+00:00,train,1,1475,self,1.0,0,100,
2025-11-27T08:07:53.160691+00:00,train,1,1476,self,1.0,0,100,
2025-11-27T08:07:53.160838+00:00,train,1,1477,self,1.0,0,90,
2025-11-27T08:07:53.160937+00:00,train,1,1478,self,1.0,0,91,
2025-11-27T08:07:53.161036+00:00,train,1,1479,self,1.0,0,94,
2025-11-27T08:07:53.161136+00:00,train,1,1480,self,1.0,0,98,
2025-11-27T08:07:53.161236+00:00,train,1,1481,self,1.0,0,92,
2025-11-27T08:07:53.161335+00:00,train,1,1482,self,1.0,0,97,
2025-11-27T08:07:53.161434+00:00,train,1,1483,self,1.0,0,99,
2025-11-27T08:07:53.161534+00:00,train,1,1484,self,1.0,0,100,
2025-11-27T08:07:53.161633+00:00,train,1,1485,self,1.0,0,96,
2025-11-27T08:07:53.161733+00:00,train,1,1486,self,1.0,0,97,
2025-11-27T08:07:53.161832+00:00,train,1,1487,self,1.0,0,98,
2025-11-27T08:07:53.161931+00:00,train,1,1488,self,1.0,0,100,
2025-11-27T08:07:53.162031+00:00,train,1,1489,self,1.0,0,87,
2025-11-27T08:07:53.162130+00:00,train,1,1490,self,1.0,0,89,
2025-11-27T08:07:53.162234+00:00,train,1,1491,self,1.0,0,98,
2025-11-27T08:07:53.162335+00:00,train,1,1492,self,1.0,0,100,
2025-11-27T08:07:53.162435+00:00,train,1,1493,self,1.0,0,94,
2025-11-27T08:07:53.162534+00:00,train,1,1494,self,1.0,0,98,
2025-11-27T08:07:53.162634+00:00,train,1,1495,self,1.0,0,100,
2025-11-27T08:07:53.162733+00:00,train,1,1496,self,1.0,0,100,
2025-11-27T08:07:53.162832+00:00,train,1,1497,self,1.0,0,82,
2025-11-27T08:07:53.162932+00:00,train,1,1498,self,1.0,0,88,
2025-11-27T08:07:53.163184+00:00,train,1,1499,self,1.0,0,94,
2025-11-27T08:07:53.163308+00:00,train,1,1500,self,1.0,0,100,
2025-11-27T08:07:53.163440+00:00,train,1,1501,self,1.0,0,77,
2025-11-27T08:07:53.163552+00:00,train,1,1502,self,1.0,0,93,
2025-11-27T08:07:53.163678+00:00,train,1,1503,self,1.0,0,98,
2025-11-27T08:07:53.163783+00:00,train,1,1504,self,1.0,0,98,
2025-11-27T08:07:53.163950+00:00,train,1,1505,self,1.0,0,83,
2025-11-27T08:07:53.164067+00:00,train,1,1506,self,1.0,0,85,
2025-11-27T08:07:53.164176+00:00,train,1,1507,self,1.0,0,93,
2025-11-27T08:07:53.164282+00:00,train,1,1508,self,1.0,0,97,
2025-11-27T08:07:53.164384+00:00,train,1,1509,self,1.0,0,92,
2025-11-27T08:07:53.164485+00:00,train,1,1510,self,1.0,0,97,
2025-11-27T08:07:53.164586+00:00,train,1,1511,self,1.0,0,97,
2025-11-27T08:07:53.164686+00:00,train,1,1512,self,1.0,0,98,
2025-11-27T08:07:53.164785+00:00,train,1,1513,self,1.0,0,83,
2025-11-27T08:07:53.164883+00:00,train,1,1514,self,1.0,0,97,
2025-11-27T08:07:53.164982+00:00,train,1,1515,self,1.0,0,98,
2025-11-27T08:07:53.165080+00:00,train,1,1516,self,1.0,0,100,
2025-11-27T08:07:53.165179+00:00,train,1,1517,self,1.0,0,87,
2025-11-27T08:07:53.165277+00:00,train,1,1518,self,1.0,0,95,
2025-11-27T08:07:53.165375+00:00,train,1,1519,self,1.0,0,98,
2025-11-27T08:07:53.165474+00:00,train,1,1520,self,1.0,0,100,
2025-11-27T08:07:53.165573+00:00,train,1,1521,self,1.0,0,98,
2025-11-27T08:07:53.165671+00:00,train,1,1522,self,1.0,0,99,
2025-11-27T08:07:53.165769+00:00,train,1,1523,self,1.0,0,100,
2025-11-27T08:07:53.165868+00:00,train,1,1524,self,1.0,0,100,
2025-11-27T08:07:53.165966+00:00,train,1,1525,self,1.0,0,88,
2025-11-27T08:07:53.166064+00:00,train,1,1526,self,1.0,0,92,
2025-11-27T08:07:53.166163+00:00,train,1,1527,self,1.0,0,94,
2025-11-27T08:07:53.166261+00:00,train,1,1528,self,1.0,0,100,
2025-11-27T08:07:53.166359+00:00,train,1,1529,self,1.0,0,98,
2025-11-27T08:07:53.166458+00:00,train,1,1530,self,1.0,0,99,
2025-11-27T08:07:53.166556+00:00,train,1,1531,self,1.0,0,99,
2025-11-27T08:07:53.166654+00:00,train,1,1532,self,1.0,0,100,
2025-11-27T08:07:53.166754+00:00,train,1,1533,self,1.0,0,92,
2025-11-27T08:07:53.166853+00:00,train,1,1534,self,1.0,0,92,
2025-11-27T08:07:53.166951+00:00,train,1,1535,self,1.0,0,93,
2025-11-27T08:07:53.167050+00:00,train,1,1536,self,1.0,0,99,
2025-11-27T08:07:53.167148+00:00,train,1,1537,self,1.0,0,91,
2025-11-27T08:07:53.167246+00:00,train,1,1538,self,1.0,0,96,
2025-11-27T08:07:53.167344+00:00,train,1,1539,self,1.0,0,97,
2025-11-27T08:07:53.167442+00:00,train,1,1540,self,1.0,0,98,
2025-11-27T08:07:53.167541+00:00,train,1,1541,self,1.0,0,90,
2025-11-27T08:07:53.167639+00:00,train,1,1542,self,1.0,0,90,
2025-11-27T08:07:53.167737+00:00,train,1,1543,self,1.0,0,90,
2025-11-27T08:07:53.167835+00:00,train,1,1544,self,1.0,0,93,
2025-11-27T08:07:53.167934+00:00,train,1,1545,self,1.0,0,92,
2025-11-27T08:07:53.168032+00:00,train,1,1546,self,1.0,0,96,
2025-11-27T08:07:53.168129+00:00,train,1,1547,self,1.0,0,99,
2025-11-27T08:07:53.168228+00:00,train,1,1548,self,1.0,0,100,
2025-11-27T08:07:53.168327+00:00,train,1,1549,self,1.0,0,94,
2025-11-27T08:07:53.168425+00:00,train,1,1550,self,1.0,0,95,
2025-11-27T08:07:53.168523+00:00,train,1,1551,self,1.0,0,96,
2025-11-27T08:07:53.168621+00:00,train,1,1552,self,1.0,0,98,
2025-11-27T08:07:53.168719+00:00,train,1,1553,self,1.0,0,95,
2025-11-27T08:07:53.168816+00:00,train,1,1554,self,1.0,0,97,
2025-11-27T08:07:53.168914+00:00,train,1,1555,self,1.0,0,99,
2025-11-27T08:07:53.169012+00:00,train,1,1556,self,1.0,0,100,
2025-11-27T08:07:53.169110+00:00,train,1,1557,self,1.0,0,93,
2025-11-27T08:07:53.169209+00:00,train,1,1558,self,1.0,0,94,
2025-11-27T08:07:53.169308+00:00,train,1,1559,self,1.0,0,97,
2025-11-27T08:07:53.169406+00:00,train,1,1560,self,1.0,0,100,
2025-11-27T08:07:53.169505+00:00,train,1,1561,self,1.0,0,86,
2025-11-27T08:07:53.169602+00:00,train,1,1562,self,1.0,0,90,
2025-11-27T08:07:53.169701+00:00,train,1,1563,self,1.0,0,99,
2025-11-27T08:07:53.169798+00:00,train,1,1564,self,1.0,0,100,
2025-11-27T08:07:53.169896+00:00,train,1,1565,self,1.0,0,97,
2025-11-27T08:07:53.169994+00:00,train,1,1566,self,1.0,0,98,
2025-11-27T08:07:53.170093+00:00,train,1,1567,self,1.0,0,99,
2025-11-27T08:07:53.170191+00:00,train,1,1568,self,1.0,0,100,
2025-11-27T08:07:53.170336+00:00,train,1,1569,self,1.0,0,92,
2025-11-27T08:07:53.170434+00:00,train,1,1570,self,1.0,0,99,
2025-11-27T08:07:53.170532+00:00,train,1,1571,self,1.0,0,100,
2025-11-27T08:07:53.170630+00:00,train,1,1572,self,1.0,0,100,
2025-11-27T08:07:53.170728+00:00,train,1,1573,self,1.0,0,97,
2025-11-27T08:07:53.170826+00:00,train,1,1574,self,1.0,0,97,
2025-11-27T08:07:53.170925+00:00,train,1,1575,self,1.0,0,98,
2025-11-27T08:07:53.171023+00:00,train,1,1576,self,1.0,0,99,
2025-11-27T08:07:53.171121+00:00,train,1,1577,self,1.0,0,97,
2025-11-27T08:07:53.171220+00:00,train,1,1578,self,1.0,0,97,
2025-11-27T08:07:53.171318+00:00,train,1,1579,self,1.0,0,99,
2025-11-27T08:07:53.171415+00:00,train,1,1580,self,1.0,0,100,
2025-11-27T08:07:53.171514+00:00,train,1,1581,self,1.0,0,92,
2025-11-27T08:07:53.171612+00:00,train,1,1582,self,1.0,0,95,
2025-11-27T08:07:53.171710+00:00,train,1,1583,self,1.0,0,95,
2025-11-27T08:07:53.171808+00:00,train,1,1584,self,1.0,0,97,
2025-11-27T08:07:53.171907+00:00,train,1,1585,self,1.0,0,88,
2025-11-27T08:07:53.172004+00:00,train,1,1586,self,1.0,0,90,
2025-11-27T08:07:53.172102+00:00,train,1,1587,self,1.0,0,91,
2025-11-27T08:07:53.172200+00:00,train,1,1588,self,1.0,0,100,
2025-11-27T08:07:53.172298+00:00,train,1,1589,self,1.0,0,90,
2025-11-27T08:07:53.172396+00:00,train,1,1590,self,1.0,0,98,
2025-11-27T08:07:53.172495+00:00,train,1,1591,self,1.0,0,98,
2025-11-27T08:07:53.172593+00:00,train,1,1592,self,1.0,0,99,
2025-11-27T08:07:53.172691+00:00,train,1,1593,self,1.0,0,91,
2025-11-27T08:07:53.172788+00:00,train,1,1594,self,1.0,0,96,
2025-11-27T08:07:53.172886+00:00,train,1,1595,self,1.0,0,97,
2025-11-27T08:07:53.172985+00:00,train,1,1596,self,1.0,0,98,
2025-11-27T08:07:53.173083+00:00,train,1,1597,self,1.0,0,87,
2025-11-27T08:07:53.173181+00:00,train,1,1598,self,1.0,0,97,
2025-11-27T08:07:53.173281+00:00,train,1,1599,self,1.0,0,98,
2025-11-27T08:07:53.173379+00:00,train,1,1600,self,1.0,0,100,
2025-11-27T08:07:53.173477+00:00,train,1,1601,self,1.0,0,84,
2025-11-27T08:07:53.173718+00:00,train,1,1602,self,1.0,0,89,
2025-11-27T08:07:53.173836+00:00,train,1,1603,self,1.0,0,92,
2025-11-27T08:07:53.173962+00:00,train,1,1604,self,1.0,0,96,
2025-11-27T08:07:53.174068+00:00,train,1,1605,self,1.0,0,93,
2025-11-27T08:07:53.174236+00:00,train,1,1606,self,1.0,0,95,
2025-11-27T08:07:53.174354+00:00,train,1,1607,self,1.0,0,97,
2025-11-27T08:07:53.174463+00:00,train,1,1608,self,1.0,0,100,
2025-11-27T08:07:53.174567+00:00,train,1,1609,self,1.0,0,93,
2025-11-27T08:07:53.174669+00:00,train,1,1610,self,1.0,0,99,
2025-11-27T08:07:53.174775+00:00,train,1,1611,self,1.0,0,100,
2025-11-27T08:07:53.174898+00:00,train,1,1612,self,1.0,0,100,
2025-11-27T08:07:53.174999+00:00,train,1,1613,self,1.0,0,89,
2025-11-27T08:07:53.175100+00:00,train,1,1614,self,1.0,0,90,
2025-11-27T08:07:53.175200+00:00,train,1,1615,self,1.0,0,92,
2025-11-27T08:07:53.175299+00:00,train,1,1616,self,1.0,0,100,
2025-11-27T08:07:53.175399+00:00,train,1,1617,self,1.0,0,93,
2025-11-27T08:07:53.175498+00:00,train,1,1618,self,1.0,0,94,
2025-11-27T08:07:53.175597+00:00,train,1,1619,self,1.0,0,98,
2025-11-27T08:07:53.175696+00:00,train,1,1620,self,1.0,0,99,
2025-11-27T08:07:53.175795+00:00,train,1,1621,self,1.0,0,82,
2025-11-27T08:07:53.175893+00:00,train,1,1622,self,1.0,0,99,
2025-11-27T08:07:53.175992+00:00,train,1,1623,self,1.0,0,99,
2025-11-27T08:07:53.176091+00:00,train,1,1624,self,1.0,0,99,
2025-11-27T08:07:53.176189+00:00,train,1,1625,self,1.0,0,88,
2025-11-27T08:07:53.176288+00:00,train,1,1626,self,1.0,0,95,
2025-11-27T08:07:53.176387+00:00,train,1,1627,self,1.0,0,100,
2025-11-27T08:07:53.176486+00:00,train,1,1628,self,1.0,0,100,
2025-11-27T08:07:53.176585+00:00,train,1,1629,self,1.0,0,92,
2025-11-27T08:07:53.176684+00:00,train,1,1630,self,1.0,0,92,
2025-11-27T08:07:53.176782+00:00,train,1,1631,self,1.0,0,93,
2025-11-27T08:07:53.176880+00:00,train,1,1632,self,1.0,0,97,
2025-11-27T08:07:53.176979+00:00,train,1,1633,self,1.0,0,90,
2025-11-27T08:07:53.177078+00:00,train,1,1634,self,1.0,0,93,
2025-11-27T08:07:53.177177+00:00,train,1,1635,self,1.0,0,99,
2025-11-27T08:07:53.177275+00:00,train,1,1636,self,1.0,0,99,
2025-11-27T08:07:53.177374+00:00,train,1,1637,self,1.0,0,96,
2025-11-27T08:07:53.177472+00:00,train,1,1638,self,1.0,0,98,
2025-11-27T08:07:53.177570+00:00,train,1,1639,self,1.0,0,98,
2025-11-27T08:07:53.177669+00:00,train,1,1640,self,1.0,0,98,
2025-11-27T08:07:53.177767+00:00,train,1,1641,self,1.0,0,96,
2025-11-27T08:07:53.177866+00:00,train,1,1642,self,1.0,0,96,
2025-11-27T08:07:53.177964+00:00,train,1,1643,self,1.0,0,98,
2025-11-27T08:07:53.178063+00:00,train,1,1644,self,1.0,0,100,
2025-11-27T08:07:53.178161+00:00,train,1,1645,self,1.0,0,88,
2025-11-27T08:07:53.178259+00:00,train,1,1646,self,1.0,0,94,
2025-11-27T08:07:53.178359+00:00,train,1,1647,self,1.0,0,96,
2025-11-27T08:07:53.178457+00:00,train,1,1648,self,1.0,0,99,
2025-11-27T08:07:53.178556+00:00,train,1,1649,self,1.0,0,90,
2025-11-27T08:07:53.178654+00:00,train,1,1650,self,1.0,0,94,
2025-11-27T08:07:53.178753+00:00,train,1,1651,self,1.0,0,95,
2025-11-27T08:07:53.178852+00:00,train,1,1652,self,1.0,0,99,
2025-11-27T08:07:53.178950+00:00,train,1,1653,self,1.0,0,99,
2025-11-27T08:07:53.179048+00:00,train,1,1654,self,1.0,0,100,
2025-11-27T08:07:53.179146+00:00,train,1,1655,self,1.0,0,100,
2025-11-27T08:07:53.179245+00:00,train,1,1656,self,1.0,0,100,
2025-11-27T08:07:53.179343+00:00,train,1,1657,self,1.0,0,80,
2025-11-27T08:07:53.179442+00:00,train,1,1658,self,1.0,0,89,
2025-11-27T08:07:53.179541+00:00,train,1,1659,self,1.0,0,99,
2025-11-27T08:07:53.179640+00:00,train,1,1660,self,1.0,0,100,
2025-11-27T08:07:53.179737+00:00,train,1,1661,self,1.0,0,90,
2025-11-27T08:07:53.179836+00:00,train,1,1662,self,1.0,0,95,
2025-11-27T08:07:53.179934+00:00,train,1,1663,self,1.0,0,98,
2025-11-27T08:07:53.180035+00:00,train,1,1664,self,1.0,0,100,
2025-11-27T08:07:53.180133+00:00,train,1,1665,self,1.0,0,94,
2025-11-27T08:07:53.180232+00:00,train,1,1666,self,1.0,0,97,
2025-11-27T08:07:53.180330+00:00,train,1,1667,self,1.0,0,98,
2025-11-27T08:07:53.180429+00:00,train,1,1668,self,1.0,0,99,
2025-11-27T08:07:53.180528+00:00,train,1,1669,self,1.0,0,85,
2025-11-27T08:07:53.180625+00:00,train,1,1670,self,1.0,0,95,
2025-11-27T08:07:53.180724+00:00,train,1,1671,self,1.0,0,99,
2025-11-27T08:07:53.180822+00:00,train,1,1672,self,1.0,0,99,
2025-11-27T08:07:53.180920+00:00,train,1,1673,self,1.0,0,89,
2025-11-27T08:07:53.181063+00:00,train,1,1674,self,1.0,0,93,
2025-11-27T08:07:53.181161+00:00,train,1,1675,self,1.0,0,95,
2025-11-27T08:07:53.181259+00:00,train,1,1676,self,1.0,0,99,
2025-11-27T08:07:53.181358+00:00,train,1,1677,self,1.0,0,89,
2025-11-27T08:07:53.181456+00:00,train,1,1678,self,1.0,0,94,
2025-11-27T08:07:53.181555+00:00,train,1,1679,self,1.0,0,100,
2025-11-27T08:07:53.181653+00:00,train,1,1680,self,1.0,0,100,
2025-11-27T08:07:53.181751+00:00,train,1,1681,self,1.0,0,93,
2025-11-27T08:07:53.181849+00:00,train,1,1682,self,1.0,0,96,
2025-11-27T08:07:53.181947+00:00,train,1,1683,self,1.0,0,98,
2025-11-27T08:07:53.182046+00:00,train,1,1684,self,1.0,0,100,
2025-11-27T08:07:53.182144+00:00,train,1,1685,self,1.0,0,96,
2025-11-27T08:07:53.182243+00:00,train,1,1686,self,1.0,0,97,
2025-11-27T08:07:53.182341+00:00,train,1,1687,self,1.0,0,99,
2025-11-27T08:07:53.182439+00:00,train,1,1688,self,1.0,0,100,
2025-11-27T08:07:53.182537+00:00,train,1,1689,self,1.0,0,94,
2025-11-27T08:07:53.182636+00:00,train,1,1690,self,1.0,0,94,
2025-11-27T08:07:53.182734+00:00,train,1,1691,self,1.0,0,97,
2025-11-27T08:07:53.182833+00:00,train,1,1692,self,1.0,0,98,
2025-11-27T08:07:53.182931+00:00,train,1,1693,self,1.0,0,97,
2025-11-27T08:07:53.183029+00:00,train,1,1694,self,1.0,0,97,
2025-11-27T08:07:53.183127+00:00,train,1,1695,self,1.0,0,99,
2025-11-27T08:07:53.183225+00:00,train,1,1696,self,1.0,0,100,
2025-11-27T08:07:53.183323+00:00,train,1,1697,self,1.0,0,82,
2025-11-27T08:07:53.183421+00:00,train,1,1698,self,1.0,0,89,
2025-11-27T08:07:53.183523+00:00,train,1,1699,self,1.0,0,98,
2025-11-27T08:07:53.183622+00:00,train,1,1700,self,1.0,0,98,
2025-11-27T08:07:53.183720+00:00,train,1,1701,self,1.0,0,90,
2025-11-27T08:07:53.183818+00:00,train,1,1702,self,1.0,0,95,
2025-11-27T08:07:53.183916+00:00,train,1,1703,self,1.0,0,95,
2025-11-27T08:07:53.184015+00:00,train,1,1704,self,1.0,0,100,
2025-11-27T08:07:53.184267+00:00,train,1,1705,self,1.0,0,97,
2025-11-27T08:07:53.184381+00:00,train,1,1706,self,1.0,0,99,
2025-11-27T08:07:53.184488+00:00,train,1,1707,self,1.0,0,100,
2025-11-27T08:07:53.184591+00:00,train,1,1708,self,1.0,0,100,
2025-11-27T08:07:53.184693+00:00,train,1,1709,self,1.0,0,92,
2025-11-27T08:07:53.184793+00:00,train,1,1710,self,1.0,0,94,
2025-11-27T08:07:53.184891+00:00,train,1,1711,self,1.0,0,95,
2025-11-27T08:07:53.184989+00:00,train,1,1712,self,1.0,0,100,
2025-11-27T08:07:53.185087+00:00,train,1,1713,self,1.0,0,95,
2025-11-27T08:07:53.185229+00:00,train,1,1714,self,1.0,0,95,
2025-11-27T08:07:53.185327+00:00,train,1,1715,self,1.0,0,97,
2025-11-27T08:07:53.185425+00:00,train,1,1716,self,1.0,0,100,
2025-11-27T08:07:53.185522+00:00,train,1,1717,self,1.0,0,90,
2025-11-27T08:07:53.185619+00:00,train,1,1718,self,1.0,0,95,
2025-11-27T08:07:53.185716+00:00,train,1,1719,self,1.0,0,100,
2025-11-27T08:07:53.185813+00:00,train,1,1720,self,1.0,0,100,
2025-11-27T08:07:53.185910+00:00,train,1,1721,self,1.0,0,92,
2025-11-27T08:07:53.186008+00:00,train,1,1722,self,1.0,0,96,
2025-11-27T08:07:53.186104+00:00,train,1,1723,self,1.0,0,98,
2025-11-27T08:07:53.186201+00:00,train,1,1724,self,1.0,0,99,
2025-11-27T08:07:53.186298+00:00,train,1,1725,self,1.0,0,94,
2025-11-27T08:07:53.186394+00:00,train,1,1726,self,1.0,0,97,
2025-11-27T08:07:53.186491+00:00,train,1,1727,self,1.0,0,99,
2025-11-27T08:07:53.186588+00:00,train,1,1728,self,1.0,0,99,
2025-11-27T08:07:53.186685+00:00,train,1,1729,self,1.0,0,94,
2025-11-27T08:07:53.186784+00:00,train,1,1730,self,1.0,0,98,
2025-11-27T08:07:53.186881+00:00,train,1,1731,self,1.0,0,99,
2025-11-27T08:07:53.186978+00:00,train,1,1732,self,1.0,0,100,
2025-11-27T08:07:53.187075+00:00,train,1,1733,self,1.0,0,93,
2025-11-27T08:07:53.187172+00:00,train,1,1734,self,1.0,0,97,
2025-11-27T08:07:53.187269+00:00,train,1,1735,self,1.0,0,98,
2025-11-27T08:07:53.187366+00:00,train,1,1736,self,1.0,0,98,
2025-11-27T08:07:53.187463+00:00,train,1,1737,self,1.0,0,91,
2025-11-27T08:07:53.187559+00:00,train,1,1738,self,1.0,0,92,
2025-11-27T08:07:53.187656+00:00,train,1,1739,self,1.0,0,99,
2025-11-27T08:07:53.187753+00:00,train,1,1740,self,1.0,0,100,
2025-11-27T08:07:53.187850+00:00,train,1,1741,self,1.0,0,95,
2025-11-27T08:07:53.187946+00:00,train,1,1742,self,1.0,0,96,
2025-11-27T08:07:53.188043+00:00,train,1,1743,self,1.0,0,100,
2025-11-27T08:07:53.188140+00:00,train,1,1744,self,1.0,0,100,
2025-11-27T08:07:53.188237+00:00,train,1,1745,self,1.0,0,96,
2025-11-27T08:07:53.188333+00:00,train,1,1746,self,1.0,0,97,
2025-11-27T08:07:53.188430+00:00,train,1,1747,self,1.0,0,99,
2025-11-27T08:07:53.188527+00:00,train,1,1748,self,1.0,0,100,
2025-11-27T08:07:53.188623+00:00,train,1,1749,self,1.0,0,89,
2025-11-27T08:07:53.188720+00:00,train,1,1750,self,1.0,0,90,
2025-11-27T08:07:53.188817+00:00,train,1,1751,self,1.0,0,95,
2025-11-27T08:07:53.188914+00:00,train,1,1752,self,1.0,0,99,
2025-11-27T08:07:53.189011+00:00,train,1,1753,self,1.0,0,98,
2025-11-27T08:07:53.189108+00:00,train,1,1754,self,1.0,0,98,
2025-11-27T08:07:53.189204+00:00,train,1,1755,self,1.0,0,99,
2025-11-27T08:07:53.189301+00:00,train,1,1756,self,1.0,0,99,
2025-11-27T08:07:53.189398+00:00,train,1,1757,self,1.0,0,91,
2025-11-27T08:07:53.189495+00:00,train,1,1758,self,1.0,0,92,
2025-11-27T08:07:53.189592+00:00,train,1,1759,self,1.0,0,94,
2025-11-27T08:07:53.189689+00:00,train,1,1760,self,1.0,0,99,
2025-11-27T08:07:53.189786+00:00,train,1,1761,self,1.0,0,86,
2025-11-27T08:07:53.189883+00:00,train,1,1762,self,1.0,0,89,
2025-11-27T08:07:53.189980+00:00,train,1,1763,self,1.0,0,95,
2025-11-27T08:07:53.190076+00:00,train,1,1764,self,1.0,0,96,
2025-11-27T08:07:53.190174+00:00,train,1,1765,self,1.0,0,99,
2025-11-27T08:07:53.190271+00:00,train,1,1766,self,1.0,0,99,
2025-11-27T08:07:53.190368+00:00,train,1,1767,self,1.0,0,99,
2025-11-27T08:07:53.190465+00:00,train,1,1768,self,1.0,0,100,
2025-11-27T08:07:53.190561+00:00,train,1,1769,self,1.0,0,85,
2025-11-27T08:07:53.190658+00:00,train,1,1770,self,1.0,0,93,
2025-11-27T08:07:53.190755+00:00,train,1,1771,self,1.0,0,94,
2025-11-27T08:07:53.190852+00:00,train,1,1772,self,1.0,0,98,
2025-11-27T08:07:53.190949+00:00,train,1,1773,self,1.0,0,84,
2025-11-27T08:07:53.191091+00:00,train,1,1774,self,1.0,0,99,
2025-11-27T08:07:53.191187+00:00,train,1,1775,self,1.0,0,99,
2025-11-27T08:07:53.191284+00:00,train,1,1776,self,1.0,0,100,
2025-11-27T08:07:53.191381+00:00,train,1,1777,self,1.0,0,89,
2025-11-27T08:07:53.191478+00:00,train,1,1778,self,1.0,0,94,
2025-11-27T08:07:53.191574+00:00,train,1,1779,self,1.0,0,98,
2025-11-27T08:07:53.191671+00:00,train,1,1780,self,1.0,0,99,
2025-11-27T08:07:53.191768+00:00,train,1,1781,self,1.0,0,91,
2025-11-27T08:07:53.191864+00:00,train,1,1782,self,1.0,0,94,
2025-11-27T08:07:53.191960+00:00,train,1,1783,self,1.0,0,97,
2025-11-27T08:07:53.192057+00:00,train,1,1784,self,1.0,0,99,
2025-11-27T08:07:53.192154+00:00,train,1,1785,self,1.0,0,92,
2025-11-27T08:07:53.192251+00:00,train,1,1786,self,1.0,0,95,
2025-11-27T08:07:53.192348+00:00,train,1,1787,self,1.0,0,95,
2025-11-27T08:07:53.192445+00:00,train,1,1788,self,1.0,0,99,
2025-11-27T08:07:53.192542+00:00,train,1,1789,self,1.0,0,92,
2025-11-27T08:07:53.192638+00:00,train,1,1790,self,1.0,0,98,
2025-11-27T08:07:53.192735+00:00,train,1,1791,self,1.0,0,98,
2025-11-27T08:07:53.192831+00:00,train,1,1792,self,1.0,0,100,
2025-11-27T08:07:53.192928+00:00,train,1,1793,self,1.0,0,85,
2025-11-27T08:07:53.193024+00:00,train,1,1794,self,1.0,0,86,
2025-11-27T08:07:53.193121+00:00,train,1,1795,self,1.0,0,99,
2025-11-27T08:07:53.193219+00:00,train,1,1796,self,1.0,0,100,
2025-11-27T08:07:53.193317+00:00,train,1,1797,self,1.0,0,93,
2025-11-27T08:07:53.193413+00:00,train,1,1798,self,1.0,0,98,
2025-11-27T08:07:53.193510+00:00,train,1,1799,self,1.0,0,100,
2025-11-27T08:07:53.193611+00:00,train,1,1800,self,1.0,0,100,
2025-11-27T08:07:53.193708+00:00,train,1,1801,self,1.0,0,91,
2025-11-27T08:07:53.193804+00:00,train,1,1802,self,1.0,0,94,
2025-11-27T08:07:53.193901+00:00,train,1,1803,self,1.0,0,99,
2025-11-27T08:07:53.193998+00:00,train,1,1804,self,1.0,0,99,
2025-11-27T08:07:53.194098+00:00,train,1,1805,self,1.0,0,82,
2025-11-27T08:07:53.194195+00:00,train,1,1806,self,1.0,0,83,
2025-11-27T08:07:53.194346+00:00,train,1,1807,self,1.0,0,89,
2025-11-27T08:07:53.194443+00:00,train,1,1808,self,1.0,0,100,
2025-11-27T08:07:53.194542+00:00,train,1,1809,self,1.0,0,88,
2025-11-27T08:07:53.194639+00:00,train,1,1810,self,1.0,0,95,
2025-11-27T08:07:53.194735+00:00,train,1,1811,self,1.0,0,96,
2025-11-27T08:07:53.194832+00:00,train,1,1812,self,1.0,0,98,
2025-11-27T08:07:53.194929+00:00,train,1,1813,self,1.0,0,96,
2025-11-27T08:07:53.195026+00:00,train,1,1814,self,1.0,0,98,
2025-11-27T08:07:53.195124+00:00,train,1,1815,self,1.0,0,99,
2025-11-27T08:07:53.195221+00:00,train,1,1816,self,1.0,0,100,
2025-11-27T08:07:53.195319+00:00,train,1,1817,self,1.0,0,97,
2025-11-27T08:07:53.195415+00:00,train,1,1818,self,1.0,0,98,
2025-11-27T08:07:53.195533+00:00,train,1,1819,self,1.0,0,98,
2025-11-27T08:07:53.195631+00:00,train,1,1820,self,1.0,0,99,
2025-11-27T08:07:53.195728+00:00,train,1,1821,self,1.0,0,96,
2025-11-27T08:07:53.195826+00:00,train,1,1822,self,1.0,0,97,
2025-11-27T08:07:53.195923+00:00,train,1,1823,self,1.0,0,97,
2025-11-27T08:07:53.196020+00:00,train,1,1824,self,1.0,0,98,
2025-11-27T08:07:53.196118+00:00,train,1,1825,self,1.0,0,93,
2025-11-27T08:07:53.196215+00:00,train,1,1826,self,1.0,0,96,
2025-11-27T08:07:53.196312+00:00,train,1,1827,self,1.0,0,97,
2025-11-27T08:07:53.196409+00:00,train,1,1828,self,1.0,0,99,
2025-11-27T08:07:53.196506+00:00,train,1,1829,self,1.0,0,88,
2025-11-27T08:07:53.196603+00:00,train,1,1830,self,1.0,0,89,
2025-11-27T08:07:53.196700+00:00,train,1,1831,self,1.0,0,98,
2025-11-27T08:07:53.196797+00:00,train,1,1832,self,1.0,0,98,
2025-11-27T08:07:53.196894+00:00,train,1,1833,self,1.0,0,72,
2025-11-27T08:07:53.196991+00:00,train,1,1834,self,1.0,0,93,
2025-11-27T08:07:53.197088+00:00,train,1,1835,self,1.0,0,100,
2025-11-27T08:07:53.197185+00:00,train,1,1836,self,1.0,0,100,
2025-11-27T08:07:53.197282+00:00,train,1,1837,self,1.0,0,90,
2025-11-27T08:07:53.197379+00:00,train,1,1838,self,1.0,0,90,
2025-11-27T08:07:53.197476+00:00,train,1,1839,self,1.0,0,96,
2025-11-27T08:07:53.197572+00:00,train,1,1840,self,1.0,0,99,
2025-11-27T08:07:53.197670+00:00,train,1,1841,self,1.0,0,96,
2025-11-27T08:07:53.197767+00:00,train,1,1842,self,1.0,0,98,
2025-11-27T08:07:53.197864+00:00,train,1,1843,self,1.0,0,98,
2025-11-27T08:07:53.197960+00:00,train,1,1844,self,1.0,0,99,
2025-11-27T08:07:53.198057+00:00,train,1,1845,self,1.0,0,96,
2025-11-27T08:07:53.198155+00:00,train,1,1846,self,1.0,0,97,
2025-11-27T08:07:53.198252+00:00,train,1,1847,self,1.0,0,100,
2025-11-27T08:07:53.198349+00:00,train,1,1848,self,1.0,0,100,
2025-11-27T08:07:53.198445+00:00,train,1,1849,self,1.0,0,96,
2025-11-27T08:07:53.198542+00:00,train,1,1850,self,1.0,0,97,
2025-11-27T08:07:53.198640+00:00,train,1,1851,self,1.0,0,99,
2025-11-27T08:07:53.198736+00:00,train,1,1852,self,1.0,0,99,
2025-11-27T08:07:53.198833+00:00,train,1,1853,self,1.0,0,76,
2025-11-27T08:07:53.198930+00:00,train,1,1854,self,1.0,0,89,
2025-11-27T08:07:53.199027+00:00,train,1,1855,self,1.0,0,95,
2025-11-27T08:07:53.199123+00:00,train,1,1856,self,1.0,0,95,
2025-11-27T08:07:53.199220+00:00,train,1,1857,self,1.0,0,93,
2025-11-27T08:07:53.199317+00:00,train,1,1858,self,1.0,0,96,
2025-11-27T08:07:53.199414+00:00,train,1,1859,self,1.0,0,97,
2025-11-27T08:07:53.199511+00:00,train,1,1860,self,1.0,0,98,
2025-11-27T08:07:53.199608+00:00,train,1,1861,self,1.0,0,92,
2025-11-27T08:07:53.199706+00:00,train,1,1862,self,1.0,0,98,
2025-11-27T08:07:53.199804+00:00,train,1,1863,self,1.0,0,99,
2025-11-27T08:07:53.199901+00:00,train,1,1864,self,1.0,0,100,
2025-11-27T08:07:53.199998+00:00,train,1,1865,self,1.0,0,84,
2025-11-27T08:07:53.200096+00:00,train,1,1866,self,1.0,0,93,
2025-11-27T08:07:53.200193+00:00,train,1,1867,self,1.0,0,93,
2025-11-27T08:07:53.200290+00:00,train,1,1868,self,1.0,0,98,
2025-11-27T08:07:53.200386+00:00,train,1,1869,self,1.0,0,94,
2025-11-27T08:07:53.200483+00:00,train,1,1870,self,1.0,0,94,
2025-11-27T08:07:53.200580+00:00,train,1,1871,self,1.0,0,98,
2025-11-27T08:07:53.200677+00:00,train,1,1872,self,1.0,0,99,
2025-11-27T08:07:53.200774+00:00,train,1,1873,self,1.0,0,85,
2025-11-27T08:07:53.200870+00:00,train,1,1874,self,1.0,0,88,
2025-11-27T08:07:53.200968+00:00,train,1,1875,self,1.0,0,93,
2025-11-27T08:07:53.201065+00:00,train,1,1876,self,1.0,0,98,
2025-11-27T08:07:53.201162+00:00,train,1,1877,self,1.0,0,91,
2025-11-27T08:07:53.201258+00:00,train,1,1878,self,1.0,0,95,
2025-11-27T08:07:53.201355+00:00,train,1,1879,self,1.0,0,98,
2025-11-27T08:07:53.201452+00:00,train,1,1880,self,1.0,0,99,
2025-11-27T08:07:53.201580+00:00,train,1,1881,self,1.0,0,91,
2025-11-27T08:07:53.201692+00:00,train,1,1882,self,1.0,0,97,
2025-11-27T08:07:53.201789+00:00,train,1,1883,self,1.0,0,97,
2025-11-27T08:07:53.201886+00:00,train,1,1884,self,1.0,0,98,
2025-11-27T08:07:53.201985+00:00,train,1,1885,self,1.0,0,84,
2025-11-27T08:07:53.202082+00:00,train,1,1886,self,1.0,0,89,
2025-11-27T08:07:53.202178+00:00,train,1,1887,self,1.0,0,99,
2025-11-27T08:07:53.202275+00:00,train,1,1888,self,1.0,0,100,
2025-11-27T08:07:53.202372+00:00,train,1,1889,self,1.0,0,90,
2025-11-27T08:07:53.202468+00:00,train,1,1890,self,1.0,0,92,
2025-11-27T08:07:53.202566+00:00,train,1,1891,self,1.0,0,96,
2025-11-27T08:07:53.202662+00:00,train,1,1892,self,1.0,0,100,
2025-11-27T08:07:53.202759+00:00,train,1,1893,self,1.0,0,94,
2025-11-27T08:07:53.202857+00:00,train,1,1894,self,1.0,0,98,
2025-11-27T08:07:53.202954+00:00,train,1,1895,self,1.0,0,99,
2025-11-27T08:07:53.203051+00:00,train,1,1896,self,1.0,0,100,
2025-11-27T08:07:53.203148+00:00,train,1,1897,self,1.0,0,94,
2025-11-27T08:07:53.203245+00:00,train,1,1898,self,1.0,0,97,
2025-11-27T08:07:53.203342+00:00,train,1,1899,self,1.0,0,99,
2025-11-27T08:07:53.203438+00:00,train,1,1900,self,1.0,0,100,
2025-11-27T08:07:53.203539+00:00,train,1,1901,self,1.0,0,93,
2025-11-27T08:07:53.203636+00:00,train,1,1902,self,1.0,0,93,
2025-11-27T08:07:53.203733+00:00,train,1,1903,self,1.0,0,96,
2025-11-27T08:07:53.203830+00:00,train,1,1904,self,1.0,0,97,
2025-11-27T08:07:53.203927+00:00,train,1,1905,self,1.0,0,91,
2025-11-27T08:07:53.204023+00:00,train,1,1906,self,1.0,0,94,
2025-11-27T08:07:53.204197+00:00,train,1,1907,self,1.0,0,97,
2025-11-27T08:07:53.204320+00:00,train,1,1908,self,1.0,0,99,
2025-11-27T08:07:53.204429+00:00,train,1,1909,self,1.0,0,97,
2025-11-27T08:07:53.204533+00:00,train,1,1910,self,1.0,0,97,
2025-11-27T08:07:53.204635+00:00,train,1,1911,self,1.0,0,98,
2025-11-27T08:07:53.204735+00:00,train,1,1912,self,1.0,0,99,
2025-11-27T08:07:53.204833+00:00,train,1,1913,self,1.0,0,87,
2025-11-27T08:07:53.205039+00:00,train,1,1914,self,1.0,0,92,
2025-11-27T08:07:53.205185+00:00,train,1,1915,self,1.0,0,92,
2025-11-27T08:07:53.205315+00:00,train,1,1916,self,1.0,0,96,
2025-11-27T08:07:53.205427+00:00,train,1,1917,self,1.0,0,95,
2025-11-27T08:07:53.205592+00:00,train,1,1918,self,1.0,0,95,
2025-11-27T08:07:53.205710+00:00,train,1,1919,self,1.0,0,98,
2025-11-27T08:07:53.205818+00:00,train,1,1920,self,1.0,0,100,
2025-11-27T08:07:53.205923+00:00,train,1,1921,self,1.0,0,93,
2025-11-27T08:07:53.206025+00:00,train,1,1922,self,1.0,0,95,
2025-11-27T08:07:53.206130+00:00,train,1,1923,self,1.0,0,98,
2025-11-27T08:07:53.206232+00:00,train,1,1924,self,1.0,0,100,
2025-11-27T08:07:53.206333+00:00,train,1,1925,self,1.0,0,91,
2025-11-27T08:07:53.206433+00:00,train,1,1926,self,1.0,0,94,
2025-11-27T08:07:53.206531+00:00,train,1,1927,self,1.0,0,96,
2025-11-27T08:07:53.206632+00:00,train,1,1928,self,1.0,0,97,
2025-11-27T08:07:53.206731+00:00,train,1,1929,self,1.0,0,95,
2025-11-27T08:07:53.206830+00:00,train,1,1930,self,1.0,0,97,
2025-11-27T08:07:53.206929+00:00,train,1,1931,self,1.0,0,98,
2025-11-27T08:07:53.207028+00:00,train,1,1932,self,1.0,0,100,
2025-11-27T08:07:53.207127+00:00,train,1,1933,self,1.0,0,82,
2025-11-27T08:07:53.207264+00:00,train,1,1934,self,1.0,0,95,
2025-11-27T08:07:53.207364+00:00,train,1,1935,self,1.0,0,96,
2025-11-27T08:07:53.207463+00:00,train,1,1936,self,1.0,0,98,
2025-11-27T08:07:53.207562+00:00,train,1,1937,self,1.0,0,88,
2025-11-27T08:07:53.207661+00:00,train,1,1938,self,1.0,0,92,
2025-11-27T08:07:53.207760+00:00,train,1,1939,self,1.0,0,98,
2025-11-27T08:07:53.207859+00:00,train,1,1940,self,1.0,0,99,
2025-11-27T08:07:53.207958+00:00,train,1,1941,self,1.0,0,79,
2025-11-27T08:07:53.208057+00:00,train,1,1942,self,1.0,0,93,
2025-11-27T08:07:53.208155+00:00,train,1,1943,self,1.0,0,98,
2025-11-27T08:07:53.208254+00:00,train,1,1944,self,1.0,0,99,
2025-11-27T08:07:53.208353+00:00,train,1,1945,self,1.0,0,92,
2025-11-27T08:07:53.208451+00:00,train,1,1946,self,1.0,0,98,
2025-11-27T08:07:53.208550+00:00,train,1,1947,self,1.0,0,100,
2025-11-27T08:07:53.208649+00:00,train,1,1948,self,1.0,0,100,
2025-11-27T08:07:53.208748+00:00,train,1,1949,self,1.0,0,97,
2025-11-27T08:07:53.208846+00:00,train,1,1950,self,1.0,0,98,
2025-11-27T08:07:53.208945+00:00,train,1,1951,self,1.0,0,100,
2025-11-27T08:07:53.209043+00:00,train,1,1952,self,1.0,0,100,
2025-11-27T08:07:53.209142+00:00,train,1,1953,self,1.0,0,90,
2025-11-27T08:07:53.209241+00:00,train,1,1954,self,1.0,0,97,
2025-11-27T08:07:53.209339+00:00,train,1,1955,self,1.0,0,99,
2025-11-27T08:07:53.209437+00:00,train,1,1956,self,1.0,0,100,
2025-11-27T08:07:53.209537+00:00,train,1,1957,self,1.0,0,95,
2025-11-27T08:07:53.209636+00:00,train,1,1958,self,1.0,0,97,
2025-11-27T08:07:53.209735+00:00,train,1,1959,self,1.0,0,99,
2025-11-27T08:07:53.209833+00:00,train,1,1960,self,1.0,0,99,
2025-11-27T08:07:53.209932+00:00,train,1,1961,self,1.0,0,91,
2025-11-27T08:07:53.210030+00:00,train,1,1962,self,1.0,0,93,
2025-11-27T08:07:53.210129+00:00,train,1,1963,self,1.0,0,98,
2025-11-27T08:07:53.210228+00:00,train,1,1964,self,1.0,0,99,
2025-11-27T08:07:53.210326+00:00,train,1,1965,self,1.0,0,92,
2025-11-27T08:07:53.210424+00:00,train,1,1966,self,1.0,0,92,
2025-11-27T08:07:53.210523+00:00,train,1,1967,self,1.0,0,93,
2025-11-27T08:07:53.210621+00:00,train,1,1968,self,1.0,0,97,
2025-11-27T08:07:53.210719+00:00,train,1,1969,self,1.0,0,96,
2025-11-27T08:07:53.210818+00:00,train,1,1970,self,1.0,0,98,
2025-11-27T08:07:53.210916+00:00,train,1,1971,self,1.0,0,98,
2025-11-27T08:07:53.211014+00:00,train,1,1972,self,1.0,0,99,
2025-11-27T08:07:53.211113+00:00,train,1,1973,self,1.0,0,94,
2025-11-27T08:07:53.211211+00:00,train,1,1974,self,1.0,0,98,
2025-11-27T08:07:53.211309+00:00,train,1,1975,self,1.0,0,100,
2025-11-27T08:07:53.211407+00:00,train,1,1976,self,1.0,0,100,
2025-11-27T08:07:53.211505+00:00,train,1,1977,self,1.0,0,91,
2025-11-27T08:07:53.211604+00:00,train,1,1978,self,1.0,0,96,
2025-11-27T08:07:53.211703+00:00,train,1,1979,self,1.0,0,98,
2025-11-27T08:07:53.211802+00:00,train,1,1980,self,1.0,0,100,
2025-11-27T08:07:53.211900+00:00,train,1,1981,self,1.0,0,87,
2025-11-27T08:07:53.211999+00:00,train,1,1982,self,1.0,0,92,
2025-11-27T08:07:53.212097+00:00,train,1,1983,self,1.0,0,97,
2025-11-27T08:07:53.212196+00:00,train,1,1984,self,1.0,0,99,
2025-11-27T08:07:53.212294+00:00,train,1,1985,self,1.0,0,84,
2025-11-27T08:07:53.212393+00:00,train,1,1986,self,1.0,0,98,
2025-11-27T08:07:53.212492+00:00,train,1,1987,self,1.0,0,100,
2025-11-27T08:07:53.212590+00:00,train,1,1988,self,1.0,0,100,
2025-11-27T08:07:53.212689+00:00,train,1,1989,self,1.0,0,80,
2025-11-27T08:07:53.212788+00:00,train,1,1990,self,1.0,0,95,
2025-11-27T08:07:53.212886+00:00,train,1,1991,self,1.0,0,97,
2025-11-27T08:07:53.212984+00:00,train,1,1992,self,1.0,0,99,
2025-11-27T08:07:53.213082+00:00,train,1,1993,self,1.0,0,93,
2025-11-27T08:07:53.213183+00:00,train,1,1994,self,1.0,0,96,
2025-11-27T08:07:53.213282+00:00,train,1,1995,self,1.0,0,97,
2025-11-27T08:07:53.213380+00:00,train,1,1996,self,1.0,0,100,
2025-11-27T08:07:53.213479+00:00,train,1,1997,self,1.0,0,95,
2025-11-27T08:07:53.213577+00:00,train,1,1998,self,1.0,0,97,
2025-11-27T08:07:53.213676+00:00,train,1,1999,self,1.0,0,99,
2025-11-27T08:07:53.213774+00:00,train,1,2000,self,1.0,0,99,
2025-11-27T08:07:53.218055+00:00,train,1,2001,self,1.0,0,91,
2025-11-27T08:07:53.218212+00:00,train,1,2002,self,1.0,0,97,
2025-11-27T08:07:53.218316+00:00,train,1,2003,self,1.0,0,99,
2025-11-27T08:07:53.218535+00:00,train,1,2004,self,1.0,0,100,
2025-11-27T08:07:53.218672+00:00,train,1,2005,self,1.0,0,86,
2025-11-27T08:07:53.218788+00:00,train,1,2006,self,1.0,0,89,
2025-11-27T08:07:53.218901+00:00,train,1,2007,self,1.0,0,93,
2025-11-27T08:07:53.219029+00:00,train,1,2008,self,1.0,0,98,
2025-11-27T08:07:53.219136+00:00,train,1,2009,self,1.0,0,95,
2025-11-27T08:07:53.219294+00:00,train,1,2010,self,1.0,0,96,
2025-11-27T08:07:53.219415+00:00,train,1,2011,self,1.0,0,99,
2025-11-27T08:07:53.219526+00:00,train,1,2012,self,1.0,0,99,
2025-11-27T08:07:53.219721+00:00,train,1,2013,self,1.0,0,93,
2025-11-27T08:07:53.219851+00:00,train,1,2014,self,1.0,0,95,
2025-11-27T08:07:53.219970+00:00,train,1,2015,self,1.0,0,100,
2025-11-27T08:07:53.220085+00:00,train,1,2016,self,1.0,0,100,
2025-11-27T08:07:53.220217+00:00,train,1,2017,self,1.0,0,96,
2025-11-27T08:07:53.220331+00:00,train,1,2018,self,1.0,0,97,
2025-11-27T08:07:53.220485+00:00,train,1,2019,self,1.0,0,97,
2025-11-27T08:07:53.220609+00:00,train,1,2020,self,1.0,0,99,
2025-11-27T08:07:53.220745+00:00,train,1,2021,self,1.0,0,98,
2025-11-27T08:07:53.220858+00:00,train,1,2022,self,1.0,0,98,
2025-11-27T08:07:53.221035+00:00,train,1,2023,self,1.0,0,99,
2025-11-27T08:07:53.221166+00:00,train,1,2024,self,1.0,0,99,
2025-11-27T08:07:53.221289+00:00,train,1,2025,self,1.0,0,81,
2025-11-27T08:07:53.221410+00:00,train,1,2026,self,1.0,0,94,
2025-11-27T08:07:53.221527+00:00,train,1,2027,self,1.0,0,96,
2025-11-27T08:07:53.221655+00:00,train,1,2028,self,1.0,0,98,
2025-11-27T08:07:53.221790+00:00,train,1,2029,self,1.0,0,74,
2025-11-27T08:07:53.221909+00:00,train,1,2030,self,1.0,0,95,
2025-11-27T08:07:53.222044+00:00,train,1,2031,self,1.0,0,98,
2025-11-27T08:07:53.222162+00:00,train,1,2032,self,1.0,0,99,
2025-11-27T08:07:53.222279+00:00,train,1,2033,self,1.0,0,99,
2025-11-27T08:07:53.222394+00:00,train,1,2034,self,1.0,0,100,
2025-11-27T08:07:53.222512+00:00,train,1,2035,self,1.0,0,100,
2025-11-27T08:07:53.222643+00:00,train,1,2036,self,1.0,0,100,
2025-11-27T08:07:53.222763+00:00,train,1,2037,self,1.0,0,91,
2025-11-27T08:07:53.222882+00:00,train,1,2038,self,1.0,0,97,
2025-11-27T08:07:53.223001+00:00,train,1,2039,self,1.0,0,99,
2025-11-27T08:07:53.223120+00:00,train,1,2040,self,1.0,0,100,
2025-11-27T08:07:53.223239+00:00,train,1,2041,self,1.0,0,96,
2025-11-27T08:07:53.223357+00:00,train,1,2042,self,1.0,0,98,
2025-11-27T08:07:53.223476+00:00,train,1,2043,self,1.0,0,99,
2025-11-27T08:07:53.223595+00:00,train,1,2044,self,1.0,0,100,
2025-11-27T08:07:53.223730+00:00,train,1,2045,self,1.0,0,90,
2025-11-27T08:07:53.223858+00:00,train,1,2046,self,1.0,0,93,
2025-11-27T08:07:53.223981+00:00,train,1,2047,self,1.0,0,97,
2025-11-27T08:07:53.224102+00:00,train,1,2048,self,1.0,0,99,
2025-11-27T08:07:53.224224+00:00,train,1,2049,self,1.0,0,91,
2025-11-27T08:07:53.224346+00:00,train,1,2050,self,1.0,0,91,
2025-11-27T08:07:53.224468+00:00,train,1,2051,self,1.0,0,99,
2025-11-27T08:07:53.224589+00:00,train,1,2052,self,1.0,0,99,
2025-11-27T08:07:53.224728+00:00,train,1,2053,self,1.0,0,96,
2025-11-27T08:07:53.224853+00:00,train,1,2054,self,1.0,0,98,
2025-11-27T08:07:53.224978+00:00,train,1,2055,self,1.0,0,99,
2025-11-27T08:07:53.225104+00:00,train,1,2056,self,1.0,0,99,
2025-11-27T08:07:53.225229+00:00,train,1,2057,self,1.0,0,90,
2025-11-27T08:07:53.225355+00:00,train,1,2058,self,1.0,0,95,
2025-11-27T08:07:53.225479+00:00,train,1,2059,self,1.0,0,98,
2025-11-27T08:07:53.225607+00:00,train,1,2060,self,1.0,0,99,
2025-11-27T08:07:53.225733+00:00,train,1,2061,self,1.0,0,95,
2025-11-27T08:07:53.225858+00:00,train,1,2062,self,1.0,0,98,
2025-11-27T08:07:53.225982+00:00,train,1,2063,self,1.0,0,98,
2025-11-27T08:07:53.226107+00:00,train,1,2064,self,1.0,0,100,
2025-11-27T08:07:53.226231+00:00,train,1,2065,self,1.0,0,93,
2025-11-27T08:07:53.226356+00:00,train,1,2066,self,1.0,0,99,
2025-11-27T08:07:53.226481+00:00,train,1,2067,self,1.0,0,100,
2025-11-27T08:07:53.226606+00:00,train,1,2068,self,1.0,0,100,
2025-11-27T08:07:53.226731+00:00,train,1,2069,self,1.0,0,89,
2025-11-27T08:07:53.226857+00:00,train,1,2070,self,1.0,0,98,
2025-11-27T08:07:53.226982+00:00,train,1,2071,self,1.0,0,98,
2025-11-27T08:07:53.227107+00:00,train,1,2072,self,1.0,0,99,
2025-11-27T08:07:53.227233+00:00,train,1,2073,self,1.0,0,93,
2025-11-27T08:07:53.227359+00:00,train,1,2074,self,1.0,0,95,
2025-11-27T08:07:53.227484+00:00,train,1,2075,self,1.0,0,98,
2025-11-27T08:07:53.227608+00:00,train,1,2076,self,1.0,0,100,
2025-11-27T08:07:53.227733+00:00,train,1,2077,self,1.0,0,98,
2025-11-27T08:07:53.227859+00:00,train,1,2078,self,1.0,0,99,
2025-11-27T08:07:53.227987+00:00,train,1,2079,self,1.0,0,100,
2025-11-27T08:07:53.228112+00:00,train,1,2080,self,1.0,0,100,
2025-11-27T08:07:53.228238+00:00,train,1,2081,self,1.0,0,96,
2025-11-27T08:07:53.228364+00:00,train,1,2082,self,1.0,0,98,
2025-11-27T08:07:53.228490+00:00,train,1,2083,self,1.0,0,98,
2025-11-27T08:07:53.228615+00:00,train,1,2084,self,1.0,0,99,
2025-11-27T08:07:53.228741+00:00,train,1,2085,self,1.0,0,85,
2025-11-27T08:07:53.228866+00:00,train,1,2086,self,1.0,0,92,
2025-11-27T08:07:53.228994+00:00,train,1,2087,self,1.0,0,93,
2025-11-27T08:07:53.229200+00:00,train,1,2088,self,1.0,0,96,
2025-11-27T08:07:53.229335+00:00,train,1,2089,self,1.0,0,99,
2025-11-27T08:07:53.229462+00:00,train,1,2090,self,1.0,0,99,
2025-11-27T08:07:53.229588+00:00,train,1,2091,self,1.0,0,100,
2025-11-27T08:07:53.229709+00:00,train,1,2092,self,1.0,0,100,
2025-11-27T08:07:53.229853+00:00,train,1,2093,self,1.0,0,88,
2025-11-27T08:07:53.229973+00:00,train,1,2094,self,1.0,0,92,
2025-11-27T08:07:53.230165+00:00,train,1,2095,self,1.0,0,98,
2025-11-27T08:07:53.230313+00:00,train,1,2096,self,1.0,0,99,
2025-11-27T08:07:53.230451+00:00,train,1,2097,self,1.0,0,88,
2025-11-27T08:07:53.230583+00:00,train,1,2098,self,1.0,0,92,
2025-11-27T08:07:53.230719+00:00,train,1,2099,self,1.0,0,98,
2025-11-27T08:07:53.230848+00:00,train,1,2100,self,1.0,0,99,
2025-11-27T08:07:53.230974+00:00,train,1,2101,self,1.0,0,86,
2025-11-27T08:07:53.231101+00:00,train,1,2102,self,1.0,0,98,
2025-11-27T08:07:53.231227+00:00,train,1,2103,self,1.0,0,100,
2025-11-27T08:07:53.231353+00:00,train,1,2104,self,1.0,0,100,
2025-11-27T08:07:53.231481+00:00,train,1,2105,self,1.0,0,93,
2025-11-27T08:07:53.231607+00:00,train,1,2106,self,1.0,0,99,
2025-11-27T08:07:53.231732+00:00,train,1,2107,self,1.0,0,99,
2025-11-27T08:07:53.231858+00:00,train,1,2108,self,1.0,0,100,
2025-11-27T08:07:53.231983+00:00,train,1,2109,self,1.0,0,96,
2025-11-27T08:07:53.232109+00:00,train,1,2110,self,1.0,0,99,
2025-11-27T08:07:53.232235+00:00,train,1,2111,self,1.0,0,99,
2025-11-27T08:07:53.232360+00:00,train,1,2112,self,1.0,0,99,
2025-11-27T08:07:53.232485+00:00,train,1,2113,self,1.0,0,81,
2025-11-27T08:07:53.232611+00:00,train,1,2114,self,1.0,0,89,
2025-11-27T08:07:53.232735+00:00,train,1,2115,self,1.0,0,91,
2025-11-27T08:07:53.232860+00:00,train,1,2116,self,1.0,0,97,
2025-11-27T08:07:53.232985+00:00,train,1,2117,self,1.0,0,91,
2025-11-27T08:07:53.233110+00:00,train,1,2118,self,1.0,0,98,
2025-11-27T08:07:53.233235+00:00,train,1,2119,self,1.0,0,99,
2025-11-27T08:07:53.233363+00:00,train,1,2120,self,1.0,0,100,
2025-11-27T08:07:53.233488+00:00,train,1,2121,self,1.0,0,89,
2025-11-27T08:07:53.233613+00:00,train,1,2122,self,1.0,0,97,
2025-11-27T08:07:53.233738+00:00,train,1,2123,self,1.0,0,98,
2025-11-27T08:07:53.233863+00:00,train,1,2124,self,1.0,0,99,
2025-11-27T08:07:53.233988+00:00,train,1,2125,self,1.0,0,87,
2025-11-27T08:07:53.234115+00:00,train,1,2126,self,1.0,0,95,
2025-11-27T08:07:53.234241+00:00,train,1,2127,self,1.0,0,95,
2025-11-27T08:07:53.234366+00:00,train,1,2128,self,1.0,0,99,
2025-11-27T08:07:53.234491+00:00,train,1,2129,self,1.0,0,94,
2025-11-27T08:07:53.234615+00:00,train,1,2130,self,1.0,0,95,
2025-11-27T08:07:53.234740+00:00,train,1,2131,self,1.0,0,98,
2025-11-27T08:07:53.234865+00:00,train,1,2132,self,1.0,0,98,
2025-11-27T08:07:53.234990+00:00,train,1,2133,self,1.0,0,93,
2025-11-27T08:07:53.235115+00:00,train,1,2134,self,1.0,0,96,
2025-11-27T08:07:53.235243+00:00,train,1,2135,self,1.0,0,98,
2025-11-27T08:07:53.235370+00:00,train,1,2136,self,1.0,0,100,
2025-11-27T08:07:53.235495+00:00,train,1,2137,self,1.0,0,94,
2025-11-27T08:07:53.235620+00:00,train,1,2138,self,1.0,0,96,
2025-11-27T08:07:53.235745+00:00,train,1,2139,self,1.0,0,98,
2025-11-27T08:07:53.235869+00:00,train,1,2140,self,1.0,0,100,
2025-11-27T08:07:53.235995+00:00,train,1,2141,self,1.0,0,89,
2025-11-27T08:07:53.236119+00:00,train,1,2142,self,1.0,0,90,
2025-11-27T08:07:53.236245+00:00,train,1,2143,self,1.0,0,92,
2025-11-27T08:07:53.236370+00:00,train,1,2144,self,1.0,0,97,
2025-11-27T08:07:53.236495+00:00,train,1,2145,self,1.0,0,90,
2025-11-27T08:07:53.236620+00:00,train,1,2146,self,1.0,0,98,
2025-11-27T08:07:53.236755+00:00,train,1,2147,self,1.0,0,98,
2025-11-27T08:07:53.236876+00:00,train,1,2148,self,1.0,0,99,
2025-11-27T08:07:53.236998+00:00,train,1,2149,self,1.0,0,90,
2025-11-27T08:07:53.237119+00:00,train,1,2150,self,1.0,0,93,
2025-11-27T08:07:53.237241+00:00,train,1,2151,self,1.0,0,98,
2025-11-27T08:07:53.237363+00:00,train,1,2152,self,1.0,0,100,
2025-11-27T08:07:53.237485+00:00,train,1,2153,self,1.0,0,91,
2025-11-27T08:07:53.237619+00:00,train,1,2154,self,1.0,0,94,
2025-11-27T08:07:53.237737+00:00,train,1,2155,self,1.0,0,98,
2025-11-27T08:07:53.237855+00:00,train,1,2156,self,1.0,0,98,
2025-11-27T08:07:53.237974+00:00,train,1,2157,self,1.0,0,88,
2025-11-27T08:07:53.238092+00:00,train,1,2158,self,1.0,0,94,
2025-11-27T08:07:53.238211+00:00,train,1,2159,self,1.0,0,99,
2025-11-27T08:07:53.238328+00:00,train,1,2160,self,1.0,0,100,
2025-11-27T08:07:53.238447+00:00,train,1,2161,self,1.0,0,93,
2025-11-27T08:07:53.238579+00:00,train,1,2162,self,1.0,0,96,
2025-11-27T08:07:53.238694+00:00,train,1,2163,self,1.0,0,97,
2025-11-27T08:07:53.238809+00:00,train,1,2164,self,1.0,0,99,
2025-11-27T08:07:53.238924+00:00,train,1,2165,self,1.0,0,92,
2025-11-27T08:07:53.239038+00:00,train,1,2166,self,1.0,0,95,
2025-11-27T08:07:53.239156+00:00,train,1,2167,self,1.0,0,96,
2025-11-27T08:07:53.239276+00:00,train,1,2168,self,1.0,0,100,
2025-11-27T08:07:53.239392+00:00,train,1,2169,self,1.0,0,92,
2025-11-27T08:07:53.239507+00:00,train,1,2170,self,1.0,0,94,
2025-11-27T08:07:53.239623+00:00,train,1,2171,self,1.0,0,98,
2025-11-27T08:07:53.239748+00:00,train,1,2172,self,1.0,0,98,
2025-11-27T08:07:53.239859+00:00,train,1,2173,self,1.0,0,80,
2025-11-27T08:07:53.239974+00:00,train,1,2174,self,1.0,0,91,
2025-11-27T08:07:53.240090+00:00,train,1,2175,self,1.0,0,94,
2025-11-27T08:07:53.240202+00:00,train,1,2176,self,1.0,0,100,
2025-11-27T08:07:53.240316+00:00,train,1,2177,self,1.0,0,74,
2025-11-27T08:07:53.240448+00:00,train,1,2178,self,1.0,0,94,
2025-11-27T08:07:53.240562+00:00,train,1,2179,self,1.0,0,96,
2025-11-27T08:07:53.240691+00:00,train,1,2180,self,1.0,0,99,
2025-11-27T08:07:53.240797+00:00,train,1,2181,self,1.0,0,77,
2025-11-27T08:07:53.240910+00:00,train,1,2182,self,1.0,0,92,
2025-11-27T08:07:53.241020+00:00,train,1,2183,self,1.0,0,92,
2025-11-27T08:07:53.241129+00:00,train,1,2184,self,1.0,0,97,
2025-11-27T08:07:53.241238+00:00,train,1,2185,self,1.0,0,91,
2025-11-27T08:07:53.241347+00:00,train,1,2186,self,1.0,0,92,
2025-11-27T08:07:53.241456+00:00,train,1,2187,self,1.0,0,98,
2025-11-27T08:07:53.241562+00:00,train,1,2188,self,1.0,0,99,
2025-11-27T08:07:53.241685+00:00,train,1,2189,self,1.0,0,87,
2025-11-27T08:07:53.241788+00:00,train,1,2190,self,1.0,0,94,
2025-11-27T08:07:53.241897+00:00,train,1,2191,self,1.0,0,95,
2025-11-27T08:07:53.242069+00:00,train,1,2192,self,1.0,0,99,
2025-11-27T08:07:53.242175+00:00,train,1,2193,self,1.0,0,92,
2025-11-27T08:07:53.242285+00:00,train,1,2194,self,1.0,0,95,
2025-11-27T08:07:53.242389+00:00,train,1,2195,self,1.0,0,98,
2025-11-27T08:07:53.242498+00:00,train,1,2196,self,1.0,0,100,
2025-11-27T08:07:53.242619+00:00,train,1,2197,self,1.0,0,88,
2025-11-27T08:07:53.242720+00:00,train,1,2198,self,1.0,0,98,
2025-11-27T08:07:53.242827+00:00,train,1,2199,self,1.0,0,100,
2025-11-27T08:07:53.242931+00:00,train,1,2200,self,1.0,0,100,
2025-11-27T08:07:53.243032+00:00,train,1,2201,self,1.0,0,84,
2025-11-27T08:07:53.243139+00:00,train,1,2202,self,1.0,0,96,
2025-11-27T08:07:53.243240+00:00,train,1,2203,self,1.0,0,99,
2025-11-27T08:07:53.243348+00:00,train,1,2204,self,1.0,0,100,
2025-11-27T08:07:53.243449+00:00,train,1,2205,self,1.0,0,84,
2025-11-27T08:07:53.243555+00:00,train,1,2206,self,1.0,0,91,
2025-11-27T08:07:53.243659+00:00,train,1,2207,self,1.0,0,94,
2025-11-27T08:07:53.243760+00:00,train,1,2208,self,1.0,0,99,
2025-11-27T08:07:53.243867+00:00,train,1,2209,self,1.0,0,91,
2025-11-27T08:07:53.243968+00:00,train,1,2210,self,1.0,0,99,
2025-11-27T08:07:53.244073+00:00,train,1,2211,self,1.0,0,100,
2025-11-27T08:07:53.244174+00:00,train,1,2212,self,1.0,0,100,
2025-11-27T08:07:53.244281+00:00,train,1,2213,self,1.0,0,92,
2025-11-27T08:07:53.244381+00:00,train,1,2214,self,1.0,0,98,
2025-11-27T08:07:53.244487+00:00,train,1,2215,self,1.0,0,99,
2025-11-27T08:07:53.244588+00:00,train,1,2216,self,1.0,0,100,
2025-11-27T08:07:53.244695+00:00,train,1,2217,self,1.0,0,96,
2025-11-27T08:07:53.244798+00:00,train,1,2218,self,1.0,0,97,
2025-11-27T08:07:53.244899+00:00,train,1,2219,self,1.0,0,98,
2025-11-27T08:07:53.245006+00:00,train,1,2220,self,1.0,0,100,
2025-11-27T08:07:53.245106+00:00,train,1,2221,self,1.0,0,98,
2025-11-27T08:07:53.245211+00:00,train,1,2222,self,1.0,0,99,
2025-11-27T08:07:53.245311+00:00,train,1,2223,self,1.0,0,100,
2025-11-27T08:07:53.245418+00:00,train,1,2224,self,1.0,0,100,
2025-11-27T08:07:53.245519+00:00,train,1,2225,self,1.0,0,87,
2025-11-27T08:07:53.245625+00:00,train,1,2226,self,1.0,0,93,
2025-11-27T08:07:53.245729+00:00,train,1,2227,self,1.0,0,98,
2025-11-27T08:07:53.245829+00:00,train,1,2228,self,1.0,0,98,
2025-11-27T08:07:53.245935+00:00,train,1,2229,self,1.0,0,90,
2025-11-27T08:07:53.246036+00:00,train,1,2230,self,1.0,0,94,
2025-11-27T08:07:53.246143+00:00,train,1,2231,self,1.0,0,99,
2025-11-27T08:07:53.246255+00:00,train,1,2232,self,1.0,0,100,
2025-11-27T08:07:53.246379+00:00,train,1,2233,self,1.0,0,92,
2025-11-27T08:07:53.246482+00:00,train,1,2234,self,1.0,0,95,
2025-11-27T08:07:53.246628+00:00,train,1,2235,self,1.0,0,99,
2025-11-27T08:07:53.246743+00:00,train,1,2236,self,1.0,0,100,
2025-11-27T08:07:53.246878+00:00,train,1,2237,self,1.0,0,89,
2025-11-27T08:07:53.246984+00:00,train,1,2238,self,1.0,0,89,
2025-11-27T08:07:53.247187+00:00,train,1,2239,self,1.0,0,95,
2025-11-27T08:07:53.247309+00:00,train,1,2240,self,1.0,0,98,
2025-11-27T08:07:53.247410+00:00,train,1,2241,self,1.0,0,89,
2025-11-27T08:07:53.247547+00:00,train,1,2242,self,1.0,0,94,
2025-11-27T08:07:53.247648+00:00,train,1,2243,self,1.0,0,96,
2025-11-27T08:07:53.247781+00:00,train,1,2244,self,1.0,0,98,
2025-11-27T08:07:53.247881+00:00,train,1,2245,self,1.0,0,88,
2025-11-27T08:07:53.248016+00:00,train,1,2246,self,1.0,0,88,
2025-11-27T08:07:53.248116+00:00,train,1,2247,self,1.0,0,100,
2025-11-27T08:07:53.248228+00:00,train,1,2248,self,1.0,0,100,
2025-11-27T08:07:53.248328+00:00,train,1,2249,self,1.0,0,92,
2025-11-27T08:07:53.248427+00:00,train,1,2250,self,1.0,0,95,
2025-11-27T08:07:53.248548+00:00,train,1,2251,self,1.0,0,95,
2025-11-27T08:07:53.248647+00:00,train,1,2252,self,1.0,0,99,
2025-11-27T08:07:53.248746+00:00,train,1,2253,self,1.0,0,84,
2025-11-27T08:07:53.248844+00:00,train,1,2254,self,1.0,0,89,
2025-11-27T08:07:53.248943+00:00,train,1,2255,self,1.0,0,98,
2025-11-27T08:07:53.249042+00:00,train,1,2256,self,1.0,0,100,
2025-11-27T08:07:53.249140+00:00,train,1,2257,self,1.0,0,91,
2025-11-27T08:07:53.249240+00:00,train,1,2258,self,1.0,0,93,
2025-11-27T08:07:53.249339+00:00,train,1,2259,self,1.0,0,96,
2025-11-27T08:07:53.249437+00:00,train,1,2260,self,1.0,0,99,
2025-11-27T08:07:53.249673+00:00,train,1,2261,self,1.0,0,93,
2025-11-27T08:07:53.249795+00:00,train,1,2262,self,1.0,0,93,
2025-11-27T08:07:53.249910+00:00,train,1,2263,self,1.0,0,95,
2025-11-27T08:07:53.250020+00:00,train,1,2264,self,1.0,0,100,
2025-11-27T08:07:53.250124+00:00,train,1,2265,self,1.0,0,96,
2025-11-27T08:07:53.250233+00:00,train,1,2266,self,1.0,0,96,
2025-11-27T08:07:53.250335+00:00,train,1,2267,self,1.0,0,97,
2025-11-27T08:07:53.250443+00:00,train,1,2268,self,1.0,0,99,
2025-11-27T08:07:53.250544+00:00,train,1,2269,self,1.0,0,93,
2025-11-27T08:07:53.250654+00:00,train,1,2270,self,1.0,0,98,
2025-11-27T08:07:53.250826+00:00,train,1,2271,self,1.0,0,100,
2025-11-27T08:07:53.250974+00:00,train,1,2272,self,1.0,0,100,
2025-11-27T08:07:53.251078+00:00,train,1,2273,self,1.0,0,78,
2025-11-27T08:07:53.251185+00:00,train,1,2274,self,1.0,0,90,
2025-11-27T08:07:53.251286+00:00,train,1,2275,self,1.0,0,92,
2025-11-27T08:07:53.251394+00:00,train,1,2276,self,1.0,0,99,
2025-11-27T08:07:53.251496+00:00,train,1,2277,self,1.0,0,91,
2025-11-27T08:07:53.251606+00:00,train,1,2278,self,1.0,0,95,
2025-11-27T08:07:53.251707+00:00,train,1,2279,self,1.0,0,99,
2025-11-27T08:07:53.251814+00:00,train,1,2280,self,1.0,0,99,
2025-11-27T08:07:53.251916+00:00,train,1,2281,self,1.0,0,86,
2025-11-27T08:07:53.252022+00:00,train,1,2282,self,1.0,0,99,
2025-11-27T08:07:53.252126+00:00,train,1,2283,self,1.0,0,100,
2025-11-27T08:07:53.252227+00:00,train,1,2284,self,1.0,0,100,
2025-11-27T08:07:53.252333+00:00,train,1,2285,self,1.0,0,90,
2025-11-27T08:07:53.252434+00:00,train,1,2286,self,1.0,0,97,
2025-11-27T08:07:53.252545+00:00,train,1,2287,self,1.0,0,99,
2025-11-27T08:07:53.252646+00:00,train,1,2288,self,1.0,0,100,
2025-11-27T08:07:53.252753+00:00,train,1,2289,self,1.0,0,94,
2025-11-27T08:07:53.252854+00:00,train,1,2290,self,1.0,0,95,
2025-11-27T08:07:53.252961+00:00,train,1,2291,self,1.0,0,98,
2025-11-27T08:07:53.253065+00:00,train,1,2292,self,1.0,0,99,
2025-11-27T08:07:53.253167+00:00,train,1,2293,self,1.0,0,84,
2025-11-27T08:07:53.253273+00:00,train,1,2294,self,1.0,0,94,
2025-11-27T08:07:53.253373+00:00,train,1,2295,self,1.0,0,95,
2025-11-27T08:07:53.253481+00:00,train,1,2296,self,1.0,0,100,
2025-11-27T08:07:53.253582+00:00,train,1,2297,self,1.0,0,93,
2025-11-27T08:07:53.253689+00:00,train,1,2298,self,1.0,0,95,
2025-11-27T08:07:53.253789+00:00,train,1,2299,self,1.0,0,98,
2025-11-27T08:07:53.253895+00:00,train,1,2300,self,1.0,0,100,
2025-11-27T08:07:53.253996+00:00,train,1,2301,self,1.0,0,82,
2025-11-27T08:07:53.254102+00:00,train,1,2302,self,1.0,0,92,
2025-11-27T08:07:53.254205+00:00,train,1,2303,self,1.0,0,97,
2025-11-27T08:07:53.254305+00:00,train,1,2304,self,1.0,0,98,
2025-11-27T08:07:53.254411+00:00,train,1,2305,self,1.0,0,97,
2025-11-27T08:07:53.254511+00:00,train,1,2306,self,1.0,0,98,
2025-11-27T08:07:53.254617+00:00,train,1,2307,self,1.0,0,99,
2025-11-27T08:07:53.254720+00:00,train,1,2308,self,1.0,0,100,
2025-11-27T08:07:53.254821+00:00,train,1,2309,self,1.0,0,93,
2025-11-27T08:07:53.254927+00:00,train,1,2310,self,1.0,0,94,
2025-11-27T08:07:53.255028+00:00,train,1,2311,self,1.0,0,97,
2025-11-27T08:07:53.255134+00:00,train,1,2312,self,1.0,0,100,
2025-11-27T08:07:53.255235+00:00,train,1,2313,self,1.0,0,87,
2025-11-27T08:07:53.255341+00:00,train,1,2314,self,1.0,0,92,
2025-11-27T08:07:53.255442+00:00,train,1,2315,self,1.0,0,94,
2025-11-27T08:07:53.255548+00:00,train,1,2316,self,1.0,0,96,
2025-11-27T08:07:53.255649+00:00,train,1,2317,self,1.0,0,92,
2025-11-27T08:07:53.255755+00:00,train,1,2318,self,1.0,0,95,
2025-11-27T08:07:53.255857+00:00,train,1,2319,self,1.0,0,97,
2025-11-27T08:07:53.255963+00:00,train,1,2320,self,1.0,0,100,
2025-11-27T08:07:53.256064+00:00,train,1,2321,self,1.0,0,93,
2025-11-27T08:07:53.256172+00:00,train,1,2322,self,1.0,0,98,
2025-11-27T08:07:53.256279+00:00,train,1,2323,self,1.0,0,99,
2025-11-27T08:07:53.256380+00:00,train,1,2324,self,1.0,0,100,
2025-11-27T08:07:53.256486+00:00,train,1,2325,self,1.0,0,93,
2025-11-27T08:07:53.256586+00:00,train,1,2326,self,1.0,0,97,
2025-11-27T08:07:53.256691+00:00,train,1,2327,self,1.0,0,97,
2025-11-27T08:07:53.256791+00:00,train,1,2328,self,1.0,0,100,
2025-11-27T08:07:53.256898+00:00,train,1,2329,self,1.0,0,92,
2025-11-27T08:07:53.257002+00:00,train,1,2330,self,1.0,0,96,
2025-11-27T08:07:53.257103+00:00,train,1,2331,self,1.0,0,100,
2025-11-27T08:07:53.257209+00:00,train,1,2332,self,1.0,0,100,
2025-11-27T08:07:53.257313+00:00,train,1,2333,self,1.0,0,92,
2025-11-27T08:07:53.257417+00:00,train,1,2334,self,1.0,0,98,
2025-11-27T08:07:53.257517+00:00,train,1,2335,self,1.0,0,99,
2025-11-27T08:07:53.257623+00:00,train,1,2336,self,1.0,0,99,
2025-11-27T08:07:53.257724+00:00,train,1,2337,self,1.0,0,91,
2025-11-27T08:07:53.257830+00:00,train,1,2338,self,1.0,0,96,
2025-11-27T08:07:53.257930+00:00,train,1,2339,self,1.0,0,98,
2025-11-27T08:07:53.258037+00:00,train,1,2340,self,1.0,0,100,
2025-11-27T08:07:53.258138+00:00,train,1,2341,self,1.0,0,88,
2025-11-27T08:07:53.258245+00:00,train,1,2342,self,1.0,0,92,
2025-11-27T08:07:53.258349+00:00,train,1,2343,self,1.0,0,98,
2025-11-27T08:07:53.258450+00:00,train,1,2344,self,1.0,0,100,
2025-11-27T08:07:53.258556+00:00,train,1,2345,self,1.0,0,81,
2025-11-27T08:07:53.258656+00:00,train,1,2346,self,1.0,0,92,
2025-11-27T08:07:53.258762+00:00,train,1,2347,self,1.0,0,94,
2025-11-27T08:07:53.258862+00:00,train,1,2348,self,1.0,0,99,
2025-11-27T08:07:53.258968+00:00,train,1,2349,self,1.0,0,90,
2025-11-27T08:07:53.259072+00:00,train,1,2350,self,1.0,0,95,
2025-11-27T08:07:53.259174+00:00,train,1,2351,self,1.0,0,98,
2025-11-27T08:07:53.259280+00:00,train,1,2352,self,1.0,0,99,
2025-11-27T08:07:53.259381+00:00,train,1,2353,self,1.0,0,89,
2025-11-27T08:07:53.259486+00:00,train,1,2354,self,1.0,0,92,
2025-11-27T08:07:53.259587+00:00,train,1,2355,self,1.0,0,92,
2025-11-27T08:07:53.259776+00:00,train,1,2356,self,1.0,0,97,
2025-11-27T08:07:53.259882+00:00,train,1,2357,self,1.0,0,95,
2025-11-27T08:07:53.259983+00:00,train,1,2358,self,1.0,0,95,
2025-11-27T08:07:53.260090+00:00,train,1,2359,self,1.0,0,97,
2025-11-27T08:07:53.260194+00:00,train,1,2360,self,1.0,0,100,
2025-11-27T08:07:53.260297+00:00,train,1,2361,self,1.0,0,91,
2025-11-27T08:07:53.260401+00:00,train,1,2362,self,1.0,0,93,
2025-11-27T08:07:53.260504+00:00,train,1,2363,self,1.0,0,98,
2025-11-27T08:07:53.260605+00:00,train,1,2364,self,1.0,0,98,
2025-11-27T08:07:53.260712+00:00,train,1,2365,self,1.0,0,81,
2025-11-27T08:07:53.260820+00:00,train,1,2366,self,1.0,0,95,
2025-11-27T08:07:53.260924+00:00,train,1,2367,self,1.0,0,99,
2025-11-27T08:07:53.261027+00:00,train,1,2368,self,1.0,0,99,
2025-11-27T08:07:53.261131+00:00,train,1,2369,self,1.0,0,89,
2025-11-27T08:07:53.261234+00:00,train,1,2370,self,1.0,0,94,
2025-11-27T08:07:53.261346+00:00,train,1,2371,self,1.0,0,100,
2025-11-27T08:07:53.261447+00:00,train,1,2372,self,1.0,0,100,
2025-11-27T08:07:53.261554+00:00,train,1,2373,self,1.0,0,90,
2025-11-27T08:07:53.261655+00:00,train,1,2374,self,1.0,0,94,
2025-11-27T08:07:53.261761+00:00,train,1,2375,self,1.0,0,95,
2025-11-27T08:07:53.261864+00:00,train,1,2376,self,1.0,0,100,
2025-11-27T08:07:53.261968+00:00,train,1,2377,self,1.0,0,96,
2025-11-27T08:07:53.262068+00:00,train,1,2378,self,1.0,0,97,
2025-11-27T08:07:53.262175+00:00,train,1,2379,self,1.0,0,100,
2025-11-27T08:07:53.262277+00:00,train,1,2380,self,1.0,0,100,
2025-11-27T08:07:53.262383+00:00,train,1,2381,self,1.0,0,92,
2025-11-27T08:07:53.262483+00:00,train,1,2382,self,1.0,0,94,
2025-11-27T08:07:53.262589+00:00,train,1,2383,self,1.0,0,97,
2025-11-27T08:07:53.262690+00:00,train,1,2384,self,1.0,0,97,
2025-11-27T08:07:53.262797+00:00,train,1,2385,self,1.0,0,88,
2025-11-27T08:07:53.262897+00:00,train,1,2386,self,1.0,0,96,
2025-11-27T08:07:53.263004+00:00,train,1,2387,self,1.0,0,97,
2025-11-27T08:07:53.263105+00:00,train,1,2388,self,1.0,0,100,
2025-11-27T08:07:53.263213+00:00,train,1,2389,self,1.0,0,92,
2025-11-27T08:07:53.263316+00:00,train,1,2390,self,1.0,0,93,
2025-11-27T08:07:53.263417+00:00,train,1,2391,self,1.0,0,96,
2025-11-27T08:07:53.263523+00:00,train,1,2392,self,1.0,0,98,
2025-11-27T08:07:53.263623+00:00,train,1,2393,self,1.0,0,96,
2025-11-27T08:07:53.263729+00:00,train,1,2394,self,1.0,0,98,
2025-11-27T08:07:53.263830+00:00,train,1,2395,self,1.0,0,98,
2025-11-27T08:07:53.263935+00:00,train,1,2396,self,1.0,0,100,
2025-11-27T08:07:53.264036+00:00,train,1,2397,self,1.0,0,90,
2025-11-27T08:07:53.264142+00:00,train,1,2398,self,1.0,0,95,
2025-11-27T08:07:53.264246+00:00,train,1,2399,self,1.0,0,98,
2025-11-27T08:07:53.264346+00:00,train,1,2400,self,1.0,0,100,
2025-11-27T08:07:53.264453+00:00,train,1,2401,self,1.0,0,82,
2025-11-27T08:07:53.264553+00:00,train,1,2402,self,1.0,0,97,
2025-11-27T08:07:53.264660+00:00,train,1,2403,self,1.0,0,99,
2025-11-27T08:07:53.264761+00:00,train,1,2404,self,1.0,0,100,
2025-11-27T08:07:53.264870+00:00,train,1,2405,self,1.0,0,84,
2025-11-27T08:07:53.264971+00:00,train,1,2406,self,1.0,0,91,
2025-11-27T08:07:53.265077+00:00,train,1,2407,self,1.0,0,92,
2025-11-27T08:07:53.265180+00:00,train,1,2408,self,1.0,0,96,
2025-11-27T08:07:53.265281+00:00,train,1,2409,self,1.0,0,93,
2025-11-27T08:07:53.265387+00:00,train,1,2410,self,1.0,0,95,
2025-11-27T08:07:53.265487+00:00,train,1,2411,self,1.0,0,96,
2025-11-27T08:07:53.265593+00:00,train,1,2412,self,1.0,0,98,
2025-11-27T08:07:53.265693+00:00,train,1,2413,self,1.0,0,80,
2025-11-27T08:07:53.265799+00:00,train,1,2414,self,1.0,0,98,
2025-11-27T08:07:53.265901+00:00,train,1,2415,self,1.0,0,100,
2025-11-27T08:07:53.266007+00:00,train,1,2416,self,1.0,0,100,
2025-11-27T08:07:53.266110+00:00,train,1,2417,self,1.0,0,85,
2025-11-27T08:07:53.266211+00:00,train,1,2418,self,1.0,0,99,
2025-11-27T08:07:53.266316+00:00,train,1,2419,self,1.0,0,100,
2025-11-27T08:07:53.266417+00:00,train,1,2420,self,1.0,0,100,
2025-11-27T08:07:53.266523+00:00,train,1,2421,self,1.0,0,93,
2025-11-27T08:07:53.266623+00:00,train,1,2422,self,1.0,0,94,
2025-11-27T08:07:53.266730+00:00,train,1,2423,self,1.0,0,96,
2025-11-27T08:07:53.266831+00:00,train,1,2424,self,1.0,0,99,
2025-11-27T08:07:53.266936+00:00,train,1,2425,self,1.0,0,90,
2025-11-27T08:07:53.267037+00:00,train,1,2426,self,1.0,0,93,
2025-11-27T08:07:53.267146+00:00,train,1,2427,self,1.0,0,98,
2025-11-27T08:07:53.267427+00:00,train,1,2428,self,1.0,0,100,
2025-11-27T08:07:53.267543+00:00,train,1,2429,self,1.0,0,85,
2025-11-27T08:07:53.267709+00:00,train,1,2430,self,1.0,0,88,
2025-11-27T08:07:53.267835+00:00,train,1,2431,self,1.0,0,98,
2025-11-27T08:07:53.267957+00:00,train,1,2432,self,1.0,0,100,
2025-11-27T08:07:53.268075+00:00,train,1,2433,self,1.0,0,91,
2025-11-27T08:07:53.268191+00:00,train,1,2434,self,1.0,0,98,
2025-11-27T08:07:53.268304+00:00,train,1,2435,self,1.0,0,99,
2025-11-27T08:07:53.268416+00:00,train,1,2436,self,1.0,0,99,
2025-11-27T08:07:53.268544+00:00,train,1,2437,self,1.0,0,72,
2025-11-27T08:07:53.268658+00:00,train,1,2438,self,1.0,0,94,
2025-11-27T08:07:53.268825+00:00,train,1,2439,self,1.0,0,98,
2025-11-27T08:07:53.268953+00:00,train,1,2440,self,1.0,0,99,
2025-11-27T08:07:53.269075+00:00,train,1,2441,self,1.0,0,85,
2025-11-27T08:07:53.269193+00:00,train,1,2442,self,1.0,0,89,
2025-11-27T08:07:53.269322+00:00,train,1,2443,self,1.0,0,93,
2025-11-27T08:07:53.269449+00:00,train,1,2444,self,1.0,0,98,
2025-11-27T08:07:53.269574+00:00,train,1,2445,self,1.0,0,97,
2025-11-27T08:07:53.269734+00:00,train,1,2446,self,1.0,0,98,
2025-11-27T08:07:53.270002+00:00,train,1,2447,self,1.0,0,99,
2025-11-27T08:07:53.270130+00:00,train,1,2448,self,1.0,0,100,
2025-11-27T08:07:53.270256+00:00,train,1,2449,self,1.0,0,88,
2025-11-27T08:07:53.270381+00:00,train,1,2450,self,1.0,0,93,
2025-11-27T08:07:53.270508+00:00,train,1,2451,self,1.0,0,96,
2025-11-27T08:07:53.270633+00:00,train,1,2452,self,1.0,0,100,
2025-11-27T08:07:53.270759+00:00,train,1,2453,self,1.0,0,93,
2025-11-27T08:07:53.270881+00:00,train,1,2454,self,1.0,0,98,
2025-11-27T08:07:53.271007+00:00,train,1,2455,self,1.0,0,100,
2025-11-27T08:07:53.271112+00:00,train,1,2456,self,1.0,0,100,
2025-11-27T08:07:53.271236+00:00,train,1,2457,self,1.0,0,73,
2025-11-27T08:07:53.271341+00:00,train,1,2458,self,1.0,0,87,
2025-11-27T08:07:53.271518+00:00,train,1,2459,self,1.0,0,91,
2025-11-27T08:07:53.271635+00:00,train,1,2460,self,1.0,0,94,
2025-11-27T08:07:53.271744+00:00,train,1,2461,self,1.0,0,92,
2025-11-27T08:07:53.271907+00:00,train,1,2462,self,1.0,0,96,
2025-11-27T08:07:53.272030+00:00,train,1,2463,self,1.0,0,100,
2025-11-27T08:07:53.272160+00:00,train,1,2464,self,1.0,0,100,
2025-11-27T08:07:53.272273+00:00,train,1,2465,self,1.0,0,96,
2025-11-27T08:07:53.272379+00:00,train,1,2466,self,1.0,0,99,
2025-11-27T08:07:53.272489+00:00,train,1,2467,self,1.0,0,100,
2025-11-27T08:07:53.272591+00:00,train,1,2468,self,1.0,0,100,
2025-11-27T08:07:53.272699+00:00,train,1,2469,self,1.0,0,75,
2025-11-27T08:07:53.272801+00:00,train,1,2470,self,1.0,0,94,
2025-11-27T08:07:53.272908+00:00,train,1,2471,self,1.0,0,99,
2025-11-27T08:07:53.273008+00:00,train,1,2472,self,1.0,0,100,
2025-11-27T08:07:53.273116+00:00,train,1,2473,self,1.0,0,90,
2025-11-27T08:07:53.273217+00:00,train,1,2474,self,1.0,0,93,
2025-11-27T08:07:53.273323+00:00,train,1,2475,self,1.0,0,98,
2025-11-27T08:07:53.273424+00:00,train,1,2476,self,1.0,0,100,
2025-11-27T08:07:53.273530+00:00,train,1,2477,self,1.0,0,89,
2025-11-27T08:07:53.273634+00:00,train,1,2478,self,1.0,0,91,
2025-11-27T08:07:53.273735+00:00,train,1,2479,self,1.0,0,98,
2025-11-27T08:07:53.273840+00:00,train,1,2480,self,1.0,0,99,
2025-11-27T08:07:53.273941+00:00,train,1,2481,self,1.0,0,89,
2025-11-27T08:07:53.274047+00:00,train,1,2482,self,1.0,0,98,
2025-11-27T08:07:53.274147+00:00,train,1,2483,self,1.0,0,98,
2025-11-27T08:07:53.274254+00:00,train,1,2484,self,1.0,0,100,
2025-11-27T08:07:53.274355+00:00,train,1,2485,self,1.0,0,96,
2025-11-27T08:07:53.274461+00:00,train,1,2486,self,1.0,0,96,
2025-11-27T08:07:53.274561+00:00,train,1,2487,self,1.0,0,97,
2025-11-27T08:07:53.274667+00:00,train,1,2488,self,1.0,0,99,
2025-11-27T08:07:53.274770+00:00,train,1,2489,self,1.0,0,93,
2025-11-27T08:07:53.274869+00:00,train,1,2490,self,1.0,0,93,
2025-11-27T08:07:53.274975+00:00,train,1,2491,self,1.0,0,94,
2025-11-27T08:07:53.275076+00:00,train,1,2492,self,1.0,0,98,
2025-11-27T08:07:53.275181+00:00,train,1,2493,self,1.0,0,91,
2025-11-27T08:07:53.275284+00:00,train,1,2494,self,1.0,0,95,
2025-11-27T08:07:53.275384+00:00,train,1,2495,self,1.0,0,96,
2025-11-27T08:07:53.275490+00:00,train,1,2496,self,1.0,0,97,
2025-11-27T08:07:53.275591+00:00,train,1,2497,self,1.0,0,93,
2025-11-27T08:07:53.275696+00:00,train,1,2498,self,1.0,0,99,
2025-11-27T08:07:53.275796+00:00,train,1,2499,self,1.0,0,99,
2025-11-27T08:07:53.275900+00:00,train,1,2500,self,1.0,0,100,
2025-11-27T08:07:53.276000+00:00,train,1,2501,self,1.0,0,92,
2025-11-27T08:07:53.276106+00:00,train,1,2502,self,1.0,0,93,
2025-11-27T08:07:53.276209+00:00,train,1,2503,self,1.0,0,98,
2025-11-27T08:07:53.276312+00:00,train,1,2504,self,1.0,0,100,
2025-11-27T08:07:53.276413+00:00,train,1,2505,self,1.0,0,86,
2025-11-27T08:07:53.276519+00:00,train,1,2506,self,1.0,0,97,
2025-11-27T08:07:53.276623+00:00,train,1,2507,self,1.0,0,99,
2025-11-27T08:07:53.276723+00:00,train,1,2508,self,1.0,0,100,
2025-11-27T08:07:53.276828+00:00,train,1,2509,self,1.0,0,95,
2025-11-27T08:07:53.276928+00:00,train,1,2510,self,1.0,0,95,
2025-11-27T08:07:53.277034+00:00,train,1,2511,self,1.0,0,98,
2025-11-27T08:07:53.277136+00:00,train,1,2512,self,1.0,0,99,
2025-11-27T08:07:53.277237+00:00,train,1,2513,self,1.0,0,80,
2025-11-27T08:07:53.277342+00:00,train,1,2514,self,1.0,0,87,
2025-11-27T08:07:53.277442+00:00,train,1,2515,self,1.0,0,92,
2025-11-27T08:07:53.277547+00:00,train,1,2516,self,1.0,0,95,
2025-11-27T08:07:53.277648+00:00,train,1,2517,self,1.0,0,96,
2025-11-27T08:07:53.277752+00:00,train,1,2518,self,1.0,0,97,
2025-11-27T08:07:53.277852+00:00,train,1,2519,self,1.0,0,98,
2025-11-27T08:07:53.277957+00:00,train,1,2520,self,1.0,0,99,
2025-11-27T08:07:53.278060+00:00,train,1,2521,self,1.0,0,92,
2025-11-27T08:07:53.278168+00:00,train,1,2522,self,1.0,0,97,
2025-11-27T08:07:53.278268+00:00,train,1,2523,self,1.0,0,99,
2025-11-27T08:07:53.278374+00:00,train,1,2524,self,1.0,0,100,
2025-11-27T08:07:53.278474+00:00,train,1,2525,self,1.0,0,91,
2025-11-27T08:07:53.278580+00:00,train,1,2526,self,1.0,0,95,
2025-11-27T08:07:53.278683+00:00,train,1,2527,self,1.0,0,97,
2025-11-27T08:07:53.278782+00:00,train,1,2528,self,1.0,0,99,
2025-11-27T08:07:53.278887+00:00,train,1,2529,self,1.0,0,89,
2025-11-27T08:07:53.278987+00:00,train,1,2530,self,1.0,0,90,
2025-11-27T08:07:53.279092+00:00,train,1,2531,self,1.0,0,91,
2025-11-27T08:07:53.279194+00:00,train,1,2532,self,1.0,0,98,
2025-11-27T08:07:53.279297+00:00,train,1,2533,self,1.0,0,92,
2025-11-27T08:07:53.279398+00:00,train,1,2534,self,1.0,0,97,
2025-11-27T08:07:53.279503+00:00,train,1,2535,self,1.0,0,98,
2025-11-27T08:07:53.279607+00:00,train,1,2536,self,1.0,0,98,
2025-11-27T08:07:53.279707+00:00,train,1,2537,self,1.0,0,93,
2025-11-27T08:07:53.279813+00:00,train,1,2538,self,1.0,0,95,
2025-11-27T08:07:53.279913+00:00,train,1,2539,self,1.0,0,96,
2025-11-27T08:07:53.280073+00:00,train,1,2540,self,1.0,0,98,
2025-11-27T08:07:53.280174+00:00,train,1,2541,self,1.0,0,89,
2025-11-27T08:07:53.280280+00:00,train,1,2542,self,1.0,0,90,
2025-11-27T08:07:53.280381+00:00,train,1,2543,self,1.0,0,95,
2025-11-27T08:07:53.280489+00:00,train,1,2544,self,1.0,0,96,
2025-11-27T08:07:53.280589+00:00,train,1,2545,self,1.0,0,90,
2025-11-27T08:07:53.280695+00:00,train,1,2546,self,1.0,0,92,
2025-11-27T08:07:53.280798+00:00,train,1,2547,self,1.0,0,98,
2025-11-27T08:07:53.280898+00:00,train,1,2548,self,1.0,0,100,
2025-11-27T08:07:53.281004+00:00,train,1,2549,self,1.0,0,92,
2025-11-27T08:07:53.281104+00:00,train,1,2550,self,1.0,0,95,
2025-11-27T08:07:53.281211+00:00,train,1,2551,self,1.0,0,98,
2025-11-27T08:07:53.281331+00:00,train,1,2552,self,1.0,0,100,
2025-11-27T08:07:53.281435+00:00,train,1,2553,self,1.0,0,89,
2025-11-27T08:07:53.281542+00:00,train,1,2554,self,1.0,0,96,
2025-11-27T08:07:53.281645+00:00,train,1,2555,self,1.0,0,100,
2025-11-27T08:07:53.281746+00:00,train,1,2556,self,1.0,0,100,
2025-11-27T08:07:53.281852+00:00,train,1,2557,self,1.0,0,94,
2025-11-27T08:07:53.281952+00:00,train,1,2558,self,1.0,0,98,
2025-11-27T08:07:53.282058+00:00,train,1,2559,self,1.0,0,98,
2025-11-27T08:07:53.282158+00:00,train,1,2560,self,1.0,0,99,
2025-11-27T08:07:53.282264+00:00,train,1,2561,self,1.0,0,81,
2025-11-27T08:07:53.282365+00:00,train,1,2562,self,1.0,0,90,
2025-11-27T08:07:53.282470+00:00,train,1,2563,self,1.0,0,97,
2025-11-27T08:07:53.282570+00:00,train,1,2564,self,1.0,0,99,
2025-11-27T08:07:53.282676+00:00,train,1,2565,self,1.0,0,85,
2025-11-27T08:07:53.282778+00:00,train,1,2566,self,1.0,0,88,
2025-11-27T08:07:53.282879+00:00,train,1,2567,self,1.0,0,93,
2025-11-27T08:07:53.282985+00:00,train,1,2568,self,1.0,0,95,
2025-11-27T08:07:53.283084+00:00,train,1,2569,self,1.0,0,94,
2025-11-27T08:07:53.283190+00:00,train,1,2570,self,1.0,0,98,
2025-11-27T08:07:53.283293+00:00,train,1,2571,self,1.0,0,98,
2025-11-27T08:07:53.283393+00:00,train,1,2572,self,1.0,0,99,
2025-11-27T08:07:53.283499+00:00,train,1,2573,self,1.0,0,91,
2025-11-27T08:07:53.283603+00:00,train,1,2574,self,1.0,0,95,
2025-11-27T08:07:53.283705+00:00,train,1,2575,self,1.0,0,99,
2025-11-27T08:07:53.283805+00:00,train,1,2576,self,1.0,0,100,
2025-11-27T08:07:53.283910+00:00,train,1,2577,self,1.0,0,93,
2025-11-27T08:07:53.284010+00:00,train,1,2578,self,1.0,0,95,
2025-11-27T08:07:53.284116+00:00,train,1,2579,self,1.0,0,98,
2025-11-27T08:07:53.284216+00:00,train,1,2580,self,1.0,0,100,
2025-11-27T08:07:53.284321+00:00,train,1,2581,self,1.0,0,95,
2025-11-27T08:07:53.284425+00:00,train,1,2582,self,1.0,0,97,
2025-11-27T08:07:53.284528+00:00,train,1,2583,self,1.0,0,98,
2025-11-27T08:07:53.284631+00:00,train,1,2584,self,1.0,0,100,
2025-11-27T08:07:53.284731+00:00,train,1,2585,self,1.0,0,93,
2025-11-27T08:07:53.284837+00:00,train,1,2586,self,1.0,0,96,
2025-11-27T08:07:53.284939+00:00,train,1,2587,self,1.0,0,100,
2025-11-27T08:07:53.285044+00:00,train,1,2588,self,1.0,0,100,
2025-11-27T08:07:53.285145+00:00,train,1,2589,self,1.0,0,93,
2025-11-27T08:07:53.285250+00:00,train,1,2590,self,1.0,0,95,
2025-11-27T08:07:53.285355+00:00,train,1,2591,self,1.0,0,96,
2025-11-27T08:07:53.285456+00:00,train,1,2592,self,1.0,0,98,
2025-11-27T08:07:53.285562+00:00,train,1,2593,self,1.0,0,87,
2025-11-27T08:07:53.285662+00:00,train,1,2594,self,1.0,0,89,
2025-11-27T08:07:53.285768+00:00,train,1,2595,self,1.0,0,91,
2025-11-27T08:07:53.285868+00:00,train,1,2596,self,1.0,0,100,
2025-11-27T08:07:53.285974+00:00,train,1,2597,self,1.0,0,89,
2025-11-27T08:07:53.286077+00:00,train,1,2598,self,1.0,0,98,
2025-11-27T08:07:53.286177+00:00,train,1,2599,self,1.0,0,99,
2025-11-27T08:07:53.286285+00:00,train,1,2600,self,1.0,0,100,
2025-11-27T08:07:53.286388+00:00,train,1,2601,self,1.0,0,92,
2025-11-27T08:07:53.286492+00:00,train,1,2602,self,1.0,0,93,
2025-11-27T08:07:53.286592+00:00,train,1,2603,self,1.0,0,96,
2025-11-27T08:07:53.286698+00:00,train,1,2604,self,1.0,0,100,
2025-11-27T08:07:53.286800+00:00,train,1,2605,self,1.0,0,82,
2025-11-27T08:07:53.286905+00:00,train,1,2606,self,1.0,0,94,
2025-11-27T08:07:53.287004+00:00,train,1,2607,self,1.0,0,98,
2025-11-27T08:07:53.287111+00:00,train,1,2608,self,1.0,0,100,
2025-11-27T08:07:53.287214+00:00,train,1,2609,self,1.0,0,90,
2025-11-27T08:07:53.287314+00:00,train,1,2610,self,1.0,0,96,
2025-11-27T08:07:53.287420+00:00,train,1,2611,self,1.0,0,99,
2025-11-27T08:07:53.287520+00:00,train,1,2612,self,1.0,0,100,
2025-11-27T08:07:53.287625+00:00,train,1,2613,self,1.0,0,90,
2025-11-27T08:07:53.287726+00:00,train,1,2614,self,1.0,0,95,
2025-11-27T08:07:53.287832+00:00,train,1,2615,self,1.0,0,95,
2025-11-27T08:07:53.287935+00:00,train,1,2616,self,1.0,0,97,
2025-11-27T08:07:53.288036+00:00,train,1,2617,self,1.0,0,99,
2025-11-27T08:07:53.288142+00:00,train,1,2618,self,1.0,0,99,
2025-11-27T08:07:53.288242+00:00,train,1,2619,self,1.0,0,99,
2025-11-27T08:07:53.288348+00:00,train,1,2620,self,1.0,0,100,
2025-11-27T08:07:53.288449+00:00,train,1,2621,self,1.0,0,87,
2025-11-27T08:07:53.288558+00:00,train,1,2622,self,1.0,0,95,
2025-11-27T08:07:53.288658+00:00,train,1,2623,self,1.0,0,100,
2025-11-27T08:07:53.288764+00:00,train,1,2624,self,1.0,0,100,
2025-11-27T08:07:53.288864+00:00,train,1,2625,self,1.0,0,88,
2025-11-27T08:07:53.288970+00:00,train,1,2626,self,1.0,0,92,
2025-11-27T08:07:53.289070+00:00,train,1,2627,self,1.0,0,93,
2025-11-27T08:07:53.289176+00:00,train,1,2628,self,1.0,0,100,
2025-11-27T08:07:53.289276+00:00,train,1,2629,self,1.0,0,94,
2025-11-27T08:07:53.289382+00:00,train,1,2630,self,1.0,0,94,
2025-11-27T08:07:53.289482+00:00,train,1,2631,self,1.0,0,96,
2025-11-27T08:07:53.289587+00:00,train,1,2632,self,1.0,0,99,
2025-11-27T08:07:53.289690+00:00,train,1,2633,self,1.0,0,89,
2025-11-27T08:07:53.289790+00:00,train,1,2634,self,1.0,0,97,
2025-11-27T08:07:53.289895+00:00,train,1,2635,self,1.0,0,98,
2025-11-27T08:07:53.289995+00:00,train,1,2636,self,1.0,0,100,
2025-11-27T08:07:53.290153+00:00,train,1,2637,self,1.0,0,89,
2025-11-27T08:07:53.290254+00:00,train,1,2638,self,1.0,0,95,
2025-11-27T08:07:53.290360+00:00,train,1,2639,self,1.0,0,96,
2025-11-27T08:07:53.290460+00:00,train,1,2640,self,1.0,0,100,
2025-11-27T08:07:53.290566+00:00,train,1,2641,self,1.0,0,88,
2025-11-27T08:07:53.290669+00:00,train,1,2642,self,1.0,0,93,
2025-11-27T08:07:53.290770+00:00,train,1,2643,self,1.0,0,95,
2025-11-27T08:07:53.290875+00:00,train,1,2644,self,1.0,0,99,
2025-11-27T08:07:53.290975+00:00,train,1,2645,self,1.0,0,86,
2025-11-27T08:07:53.291080+00:00,train,1,2646,self,1.0,0,94,
2025-11-27T08:07:53.291180+00:00,train,1,2647,self,1.0,0,97,
2025-11-27T08:07:53.291288+00:00,train,1,2648,self,1.0,0,99,
2025-11-27T08:07:53.291391+00:00,train,1,2649,self,1.0,0,88,
2025-11-27T08:07:53.291496+00:00,train,1,2650,self,1.0,0,99,
2025-11-27T08:07:53.291599+00:00,train,1,2651,self,1.0,0,100,
2025-11-27T08:07:53.291700+00:00,train,1,2652,self,1.0,0,100,
2025-11-27T08:07:53.291807+00:00,train,1,2653,self,1.0,0,91,
2025-11-27T08:07:53.291907+00:00,train,1,2654,self,1.0,0,94,
2025-11-27T08:07:53.292012+00:00,train,1,2655,self,1.0,0,98,
2025-11-27T08:07:53.292112+00:00,train,1,2656,self,1.0,0,98,
2025-11-27T08:07:53.292218+00:00,train,1,2657,self,1.0,0,77,
2025-11-27T08:07:53.292318+00:00,train,1,2658,self,1.0,0,90,
2025-11-27T08:07:53.292424+00:00,train,1,2659,self,1.0,0,95,
2025-11-27T08:07:53.292523+00:00,train,1,2660,self,1.0,0,98,
2025-11-27T08:07:53.292629+00:00,train,1,2661,self,1.0,0,80,
2025-11-27T08:07:53.292732+00:00,train,1,2662,self,1.0,0,96,
2025-11-27T08:07:53.292832+00:00,train,1,2663,self,1.0,0,97,
2025-11-27T08:07:53.292937+00:00,train,1,2664,self,1.0,0,99,
2025-11-27T08:07:53.293037+00:00,train,1,2665,self,1.0,0,93,
2025-11-27T08:07:53.293143+00:00,train,1,2666,self,1.0,0,97,
2025-11-27T08:07:53.293244+00:00,train,1,2667,self,1.0,0,100,
2025-11-27T08:07:53.293349+00:00,train,1,2668,self,1.0,0,100,
2025-11-27T08:07:53.293449+00:00,train,1,2669,self,1.0,0,91,
2025-11-27T08:07:53.293553+00:00,train,1,2670,self,1.0,0,96,
2025-11-27T08:07:53.293656+00:00,train,1,2671,self,1.0,0,100,
2025-11-27T08:07:53.293756+00:00,train,1,2672,self,1.0,0,100,
2025-11-27T08:07:53.293861+00:00,train,1,2673,self,1.0,0,89,
2025-11-27T08:07:53.293960+00:00,train,1,2674,self,1.0,0,96,
2025-11-27T08:07:53.294066+00:00,train,1,2675,self,1.0,0,98,
2025-11-27T08:07:53.294165+00:00,train,1,2676,self,1.0,0,98,
2025-11-27T08:07:53.294270+00:00,train,1,2677,self,1.0,0,86,
2025-11-27T08:07:53.294373+00:00,train,1,2678,self,1.0,0,95,
2025-11-27T08:07:53.294476+00:00,train,1,2679,self,1.0,0,97,
2025-11-27T08:07:53.294579+00:00,train,1,2680,self,1.0,0,98,
2025-11-27T08:07:53.294682+00:00,train,1,2681,self,1.0,0,84,
2025-11-27T08:07:53.294785+00:00,train,1,2682,self,1.0,0,92,
2025-11-27T08:07:53.294884+00:00,train,1,2683,self,1.0,0,99,
2025-11-27T08:07:53.294989+00:00,train,1,2684,self,1.0,0,100,
2025-11-27T08:07:53.295090+00:00,train,1,2685,self,1.0,0,81,
2025-11-27T08:07:53.295195+00:00,train,1,2686,self,1.0,0,94,
2025-11-27T08:07:53.295296+00:00,train,1,2687,self,1.0,0,96,
2025-11-27T08:07:53.295400+00:00,train,1,2688,self,1.0,0,97,
2025-11-27T08:07:53.295500+00:00,train,1,2689,self,1.0,0,94,
2025-11-27T08:07:53.295606+00:00,train,1,2690,self,1.0,0,97,
2025-11-27T08:07:53.295709+00:00,train,1,2691,self,1.0,0,99,
2025-11-27T08:07:53.295808+00:00,train,1,2692,self,1.0,0,100,
2025-11-27T08:07:53.295915+00:00,train,1,2693,self,1.0,0,83,
2025-11-27T08:07:53.296015+00:00,train,1,2694,self,1.0,0,99,
2025-11-27T08:07:53.296120+00:00,train,1,2695,self,1.0,0,100,
2025-11-27T08:07:53.296224+00:00,train,1,2696,self,1.0,0,100,
2025-11-27T08:07:53.296324+00:00,train,1,2697,self,1.0,0,91,
2025-11-27T08:07:53.296429+00:00,train,1,2698,self,1.0,0,96,
2025-11-27T08:07:53.296529+00:00,train,1,2699,self,1.0,0,97,
2025-11-27T08:07:53.296634+00:00,train,1,2700,self,1.0,0,100,
2025-11-27T08:07:53.296734+00:00,train,1,2701,self,1.0,0,85,
2025-11-27T08:07:53.296839+00:00,train,1,2702,self,1.0,0,97,
2025-11-27T08:07:53.296939+00:00,train,1,2703,self,1.0,0,98,
2025-11-27T08:07:53.297045+00:00,train,1,2704,self,1.0,0,98,
2025-11-27T08:07:53.297150+00:00,train,1,2705,self,1.0,0,85,
2025-11-27T08:07:53.297255+00:00,train,1,2706,self,1.0,0,94,
2025-11-27T08:07:53.297356+00:00,train,1,2707,self,1.0,0,98,
2025-11-27T08:07:53.297463+00:00,train,1,2708,self,1.0,0,98,
2025-11-27T08:07:53.297567+00:00,train,1,2709,self,1.0,0,96,
2025-11-27T08:07:53.297666+00:00,train,1,2710,self,1.0,0,96,
2025-11-27T08:07:53.297772+00:00,train,1,2711,self,1.0,0,97,
2025-11-27T08:07:53.297872+00:00,train,1,2712,self,1.0,0,98,
2025-11-27T08:07:53.297978+00:00,train,1,2713,self,1.0,0,98,
2025-11-27T08:07:53.298081+00:00,train,1,2714,self,1.0,0,99,
2025-11-27T08:07:53.298181+00:00,train,1,2715,self,1.0,0,99,
2025-11-27T08:07:53.298287+00:00,train,1,2716,self,1.0,0,100,
2025-11-27T08:07:53.298391+00:00,train,1,2717,self,1.0,0,93,
2025-11-27T08:07:53.298498+00:00,train,1,2718,self,1.0,0,94,
2025-11-27T08:07:53.298600+00:00,train,1,2719,self,1.0,0,98,
2025-11-27T08:07:53.298705+00:00,train,1,2720,self,1.0,0,100,
2025-11-27T08:07:53.298805+00:00,train,1,2721,self,1.0,0,92,
2025-11-27T08:07:53.298911+00:00,train,1,2722,self,1.0,0,93,
2025-11-27T08:07:53.299014+00:00,train,1,2723,self,1.0,0,96,
2025-11-27T08:07:53.299114+00:00,train,1,2724,self,1.0,0,99,
2025-11-27T08:07:53.299220+00:00,train,1,2725,self,1.0,0,92,
2025-11-27T08:07:53.299319+00:00,train,1,2726,self,1.0,0,98,
2025-11-27T08:07:53.299424+00:00,train,1,2727,self,1.0,0,98,
2025-11-27T08:07:53.299523+00:00,train,1,2728,self,1.0,0,100,
2025-11-27T08:07:53.299634+00:00,train,1,2729,self,1.0,0,92,
2025-11-27T08:07:53.299735+00:00,train,1,2730,self,1.0,0,94,
2025-11-27T08:07:53.299841+00:00,train,1,2731,self,1.0,0,96,
2025-11-27T08:07:53.299943+00:00,train,1,2732,self,1.0,0,98,
2025-11-27T08:07:53.300046+00:00,train,1,2733,self,1.0,0,90,
2025-11-27T08:07:53.300178+00:00,train,1,2734,self,1.0,0,94,
2025-11-27T08:07:53.300362+00:00,train,1,2735,self,1.0,0,98,
2025-11-27T08:07:53.300521+00:00,train,1,2736,self,1.0,0,100,
2025-11-27T08:07:53.300644+00:00,train,1,2737,self,1.0,0,83,
2025-11-27T08:07:53.300996+00:00,train,1,2738,self,1.0,0,99,
2025-11-27T08:07:53.301113+00:00,train,1,2739,self,1.0,0,99,
2025-11-27T08:07:53.301275+00:00,train,1,2740,self,1.0,0,100,
2025-11-27T08:07:53.301398+00:00,train,1,2741,self,1.0,0,94,
2025-11-27T08:07:53.301511+00:00,train,1,2742,self,1.0,0,99,
2025-11-27T08:07:53.301621+00:00,train,1,2743,self,1.0,0,99,
2025-11-27T08:07:53.301729+00:00,train,1,2744,self,1.0,0,99,
2025-11-27T08:07:53.301832+00:00,train,1,2745,self,1.0,0,90,
2025-11-27T08:07:53.301940+00:00,train,1,2746,self,1.0,0,97,
2025-11-27T08:07:53.302043+00:00,train,1,2747,self,1.0,0,97,
2025-11-27T08:07:53.302150+00:00,train,1,2748,self,1.0,0,100,
2025-11-27T08:07:53.302252+00:00,train,1,2749,self,1.0,0,94,
2025-11-27T08:07:53.302357+00:00,train,1,2750,self,1.0,0,97,
2025-11-27T08:07:53.302461+00:00,train,1,2751,self,1.0,0,97,
2025-11-27T08:07:53.302563+00:00,train,1,2752,self,1.0,0,99,
2025-11-27T08:07:53.302687+00:00,train,1,2753,self,1.0,0,76,
2025-11-27T08:07:53.302789+00:00,train,1,2754,self,1.0,0,90,
2025-11-27T08:07:53.302912+00:00,train,1,2755,self,1.0,0,94,
2025-11-27T08:07:53.303017+00:00,train,1,2756,self,1.0,0,100,
2025-11-27T08:07:53.303165+00:00,train,1,2757,self,1.0,0,93,
2025-11-27T08:07:53.303281+00:00,train,1,2758,self,1.0,0,94,
2025-11-27T08:07:53.303479+00:00,train,1,2759,self,1.0,0,99,
2025-11-27T08:07:53.303596+00:00,train,1,2760,self,1.0,0,100,
2025-11-27T08:07:53.303746+00:00,train,1,2761,self,1.0,0,83,
2025-11-27T08:07:53.303849+00:00,train,1,2762,self,1.0,0,93,
2025-11-27T08:07:53.303981+00:00,train,1,2763,self,1.0,0,100,
2025-11-27T08:07:53.304082+00:00,train,1,2764,self,1.0,0,100,
2025-11-27T08:07:53.304209+00:00,train,1,2765,self,1.0,0,88,
2025-11-27T08:07:53.304308+00:00,train,1,2766,self,1.0,0,96,
2025-11-27T08:07:53.304442+00:00,train,1,2767,self,1.0,0,96,
2025-11-27T08:07:53.304541+00:00,train,1,2768,self,1.0,0,99,
2025-11-27T08:07:53.304671+00:00,train,1,2769,self,1.0,0,87,
2025-11-27T08:07:53.304770+00:00,train,1,2770,self,1.0,0,96,
2025-11-27T08:07:53.304882+00:00,train,1,2771,self,1.0,0,96,
2025-11-27T08:07:53.304980+00:00,train,1,2772,self,1.0,0,100,
2025-11-27T08:07:53.305100+00:00,train,1,2773,self,1.0,0,97,
2025-11-27T08:07:53.305198+00:00,train,1,2774,self,1.0,0,97,
2025-11-27T08:07:53.305323+00:00,train,1,2775,self,1.0,0,99,
2025-11-27T08:07:53.305435+00:00,train,1,2776,self,1.0,0,100,
2025-11-27T08:07:53.305533+00:00,train,1,2777,self,1.0,0,87,
2025-11-27T08:07:53.305632+00:00,train,1,2778,self,1.0,0,100,
2025-11-27T08:07:53.305730+00:00,train,1,2779,self,1.0,0,100,
2025-11-27T08:07:53.305828+00:00,train,1,2780,self,1.0,0,100,
2025-11-27T08:07:53.305927+00:00,train,1,2781,self,1.0,0,92,
2025-11-27T08:07:53.306025+00:00,train,1,2782,self,1.0,0,93,
2025-11-27T08:07:53.306123+00:00,train,1,2783,self,1.0,0,95,
2025-11-27T08:07:53.306221+00:00,train,1,2784,self,1.0,0,96,
2025-11-27T08:07:53.306322+00:00,train,1,2785,self,1.0,0,87,
2025-11-27T08:07:53.306420+00:00,train,1,2786,self,1.0,0,97,
2025-11-27T08:07:53.306518+00:00,train,1,2787,self,1.0,0,99,
2025-11-27T08:07:53.306616+00:00,train,1,2788,self,1.0,0,99,
2025-11-27T08:07:53.306714+00:00,train,1,2789,self,1.0,0,90,
2025-11-27T08:07:53.306812+00:00,train,1,2790,self,1.0,0,97,
2025-11-27T08:07:53.306910+00:00,train,1,2791,self,1.0,0,98,
2025-11-27T08:07:53.307008+00:00,train,1,2792,self,1.0,0,98,
2025-11-27T08:07:53.307105+00:00,train,1,2793,self,1.0,0,81,
2025-11-27T08:07:53.307203+00:00,train,1,2794,self,1.0,0,86,
2025-11-27T08:07:53.307301+00:00,train,1,2795,self,1.0,0,99,
2025-11-27T08:07:53.307399+00:00,train,1,2796,self,1.0,0,100,
2025-11-27T08:07:53.307497+00:00,train,1,2797,self,1.0,0,94,
2025-11-27T08:07:53.307595+00:00,train,1,2798,self,1.0,0,97,
2025-11-27T08:07:53.307693+00:00,train,1,2799,self,1.0,0,99,
2025-11-27T08:07:53.307791+00:00,train,1,2800,self,1.0,0,100,
2025-11-27T08:07:53.307889+00:00,train,1,2801,self,1.0,0,83,
2025-11-27T08:07:53.307987+00:00,train,1,2802,self,1.0,0,93,
2025-11-27T08:07:53.308085+00:00,train,1,2803,self,1.0,0,98,
2025-11-27T08:07:53.308183+00:00,train,1,2804,self,1.0,0,99,
2025-11-27T08:07:53.308280+00:00,train,1,2805,self,1.0,0,98,
2025-11-27T08:07:53.308379+00:00,train,1,2806,self,1.0,0,100,
2025-11-27T08:07:53.308476+00:00,train,1,2807,self,1.0,0,100,
2025-11-27T08:07:53.308574+00:00,train,1,2808,self,1.0,0,100,
2025-11-27T08:07:53.308672+00:00,train,1,2809,self,1.0,0,92,
2025-11-27T08:07:53.308770+00:00,train,1,2810,self,1.0,0,92,
2025-11-27T08:07:53.308870+00:00,train,1,2811,self,1.0,0,93,
2025-11-27T08:07:53.308968+00:00,train,1,2812,self,1.0,0,97,
2025-11-27T08:07:53.309066+00:00,train,1,2813,self,1.0,0,84,
2025-11-27T08:07:53.309163+00:00,train,1,2814,self,1.0,0,97,
2025-11-27T08:07:53.309261+00:00,train,1,2815,self,1.0,0,97,
2025-11-27T08:07:53.309358+00:00,train,1,2816,self,1.0,0,99,
2025-11-27T08:07:53.309456+00:00,train,1,2817,self,1.0,0,87,
2025-11-27T08:07:53.309554+00:00,train,1,2818,self,1.0,0,92,
2025-11-27T08:07:53.309651+00:00,train,1,2819,self,1.0,0,99,
2025-11-27T08:07:53.309748+00:00,train,1,2820,self,1.0,0,100,
2025-11-27T08:07:53.309846+00:00,train,1,2821,self,1.0,0,94,
2025-11-27T08:07:53.309944+00:00,train,1,2822,self,1.0,0,96,
2025-11-27T08:07:53.310042+00:00,train,1,2823,self,1.0,0,98,
2025-11-27T08:07:53.310139+00:00,train,1,2824,self,1.0,0,98,
2025-11-27T08:07:53.310237+00:00,train,1,2825,self,1.0,0,88,
2025-11-27T08:07:53.310335+00:00,train,1,2826,self,1.0,0,98,
2025-11-27T08:07:53.310432+00:00,train,1,2827,self,1.0,0,99,
2025-11-27T08:07:53.310530+00:00,train,1,2828,self,1.0,0,100,
2025-11-27T08:07:53.310628+00:00,train,1,2829,self,1.0,0,85,
2025-11-27T08:07:53.310859+00:00,train,1,2830,self,1.0,0,90,
2025-11-27T08:07:53.310959+00:00,train,1,2831,self,1.0,0,97,
2025-11-27T08:07:53.311058+00:00,train,1,2832,self,1.0,0,100,
2025-11-27T08:07:53.311157+00:00,train,1,2833,self,1.0,0,81,
2025-11-27T08:07:53.311255+00:00,train,1,2834,self,1.0,0,91,
2025-11-27T08:07:53.311353+00:00,train,1,2835,self,1.0,0,92,
2025-11-27T08:07:53.311451+00:00,train,1,2836,self,1.0,0,100,
2025-11-27T08:07:53.311549+00:00,train,1,2837,self,1.0,0,95,
2025-11-27T08:07:53.311647+00:00,train,1,2838,self,1.0,0,98,
2025-11-27T08:07:53.311746+00:00,train,1,2839,self,1.0,0,99,
2025-11-27T08:07:53.311845+00:00,train,1,2840,self,1.0,0,100,
2025-11-27T08:07:53.311943+00:00,train,1,2841,self,1.0,0,89,
2025-11-27T08:07:53.312041+00:00,train,1,2842,self,1.0,0,93,
2025-11-27T08:07:53.312139+00:00,train,1,2843,self,1.0,0,100,
2025-11-27T08:07:53.312237+00:00,train,1,2844,self,1.0,0,100,
2025-11-27T08:07:53.312336+00:00,train,1,2845,self,1.0,0,92,
2025-11-27T08:07:53.312434+00:00,train,1,2846,self,1.0,0,99,
2025-11-27T08:07:53.312532+00:00,train,1,2847,self,1.0,0,99,
2025-11-27T08:07:53.312630+00:00,train,1,2848,self,1.0,0,100,
2025-11-27T08:07:53.312728+00:00,train,1,2849,self,1.0,0,91,
2025-11-27T08:07:53.312827+00:00,train,1,2850,self,1.0,0,96,
2025-11-27T08:07:53.312925+00:00,train,1,2851,self,1.0,0,98,
2025-11-27T08:07:53.313022+00:00,train,1,2852,self,1.0,0,99,
2025-11-27T08:07:53.313120+00:00,train,1,2853,self,1.0,0,96,
2025-11-27T08:07:53.313218+00:00,train,1,2854,self,1.0,0,97,
2025-11-27T08:07:53.313315+00:00,train,1,2855,self,1.0,0,97,
2025-11-27T08:07:53.313413+00:00,train,1,2856,self,1.0,0,99,
2025-11-27T08:07:53.313510+00:00,train,1,2857,self,1.0,0,95,
2025-11-27T08:07:53.313608+00:00,train,1,2858,self,1.0,0,99,
2025-11-27T08:07:53.313706+00:00,train,1,2859,self,1.0,0,100,
2025-11-27T08:07:53.313803+00:00,train,1,2860,self,1.0,0,100,
2025-11-27T08:07:53.313901+00:00,train,1,2861,self,1.0,0,95,
2025-11-27T08:07:53.313998+00:00,train,1,2862,self,1.0,0,96,
2025-11-27T08:07:53.314096+00:00,train,1,2863,self,1.0,0,97,
2025-11-27T08:07:53.314193+00:00,train,1,2864,self,1.0,0,97,
2025-11-27T08:07:53.314291+00:00,train,1,2865,self,1.0,0,95,
2025-11-27T08:07:53.314389+00:00,train,1,2866,self,1.0,0,98,
2025-11-27T08:07:53.314487+00:00,train,1,2867,self,1.0,0,99,
2025-11-27T08:07:53.314584+00:00,train,1,2868,self,1.0,0,100,
2025-11-27T08:07:53.314682+00:00,train,1,2869,self,1.0,0,83,
2025-11-27T08:07:53.314780+00:00,train,1,2870,self,1.0,0,92,
2025-11-27T08:07:53.314881+00:00,train,1,2871,self,1.0,0,93,
2025-11-27T08:07:53.314978+00:00,train,1,2872,self,1.0,0,98,
2025-11-27T08:07:53.315124+00:00,train,1,2873,self,1.0,0,91,
2025-11-27T08:07:53.315247+00:00,train,1,2874,self,1.0,0,97,
2025-11-27T08:07:53.315439+00:00,train,1,2875,self,1.0,0,97,
2025-11-27T08:07:53.315619+00:00,train,1,2876,self,1.0,0,100,
2025-11-27T08:07:53.315728+00:00,train,1,2877,self,1.0,0,81,
2025-11-27T08:07:53.315853+00:00,train,1,2878,self,1.0,0,92,
2025-11-27T08:07:53.315957+00:00,train,1,2879,self,1.0,0,93,
2025-11-27T08:07:53.316080+00:00,train,1,2880,self,1.0,0,96,
2025-11-27T08:07:53.316182+00:00,train,1,2881,self,1.0,0,88,
2025-11-27T08:07:53.316304+00:00,train,1,2882,self,1.0,0,97,
2025-11-27T08:07:53.316406+00:00,train,1,2883,self,1.0,0,100,
2025-11-27T08:07:53.316529+00:00,train,1,2884,self,1.0,0,100,
2025-11-27T08:07:53.316634+00:00,train,1,2885,self,1.0,0,90,
2025-11-27T08:07:53.316735+00:00,train,1,2886,self,1.0,0,97,
2025-11-27T08:07:53.316843+00:00,train,1,2887,self,1.0,0,98,
2025-11-27T08:07:53.316945+00:00,train,1,2888,self,1.0,0,98,
2025-11-27T08:07:53.317051+00:00,train,1,2889,self,1.0,0,97,
2025-11-27T08:07:53.317152+00:00,train,1,2890,self,1.0,0,99,
2025-11-27T08:07:53.317258+00:00,train,1,2891,self,1.0,0,99,
2025-11-27T08:07:53.317360+00:00,train,1,2892,self,1.0,0,100,
2025-11-27T08:07:53.317466+00:00,train,1,2893,self,1.0,0,92,
2025-11-27T08:07:53.317568+00:00,train,1,2894,self,1.0,0,97,
2025-11-27T08:07:53.317674+00:00,train,1,2895,self,1.0,0,99,
2025-11-27T08:07:53.317777+00:00,train,1,2896,self,1.0,0,100,
2025-11-27T08:07:53.317878+00:00,train,1,2897,self,1.0,0,90,
2025-11-27T08:07:53.317985+00:00,train,1,2898,self,1.0,0,96,
2025-11-27T08:07:53.318085+00:00,train,1,2899,self,1.0,0,98,
2025-11-27T08:07:53.318191+00:00,train,1,2900,self,1.0,0,99,
2025-11-27T08:07:53.318295+00:00,train,1,2901,self,1.0,0,88,
2025-11-27T08:07:53.318396+00:00,train,1,2902,self,1.0,0,95,
2025-11-27T08:07:53.318502+00:00,train,1,2903,self,1.0,0,96,
2025-11-27T08:07:53.318606+00:00,train,1,2904,self,1.0,0,99,
2025-11-27T08:07:53.318709+00:00,train,1,2905,self,1.0,0,85,
2025-11-27T08:07:53.318810+00:00,train,1,2906,self,1.0,0,100,
2025-11-27T08:07:53.318916+00:00,train,1,2907,self,1.0,0,100,
2025-11-27T08:07:53.319015+00:00,train,1,2908,self,1.0,0,100,
2025-11-27T08:07:53.319123+00:00,train,1,2909,self,1.0,0,77,
2025-11-27T08:07:53.319224+00:00,train,1,2910,self,1.0,0,95,
2025-11-27T08:07:53.319330+00:00,train,1,2911,self,1.0,0,98,
2025-11-27T08:07:53.319432+00:00,train,1,2912,self,1.0,0,99,
2025-11-27T08:07:53.319539+00:00,train,1,2913,self,1.0,0,95,
2025-11-27T08:07:53.319643+00:00,train,1,2914,self,1.0,0,97,
2025-11-27T08:07:53.319751+00:00,train,1,2915,self,1.0,0,98,
2025-11-27T08:07:53.319858+00:00,train,1,2916,self,1.0,0,100,
2025-11-27T08:07:53.319959+00:00,train,1,2917,self,1.0,0,92,
2025-11-27T08:07:53.320065+00:00,train,1,2918,self,1.0,0,96,
2025-11-27T08:07:53.320166+00:00,train,1,2919,self,1.0,0,100,
2025-11-27T08:07:53.320273+00:00,train,1,2920,self,1.0,0,100,
2025-11-27T08:07:53.320374+00:00,train,1,2921,self,1.0,0,85,
2025-11-27T08:07:53.320483+00:00,train,1,2922,self,1.0,0,96,
2025-11-27T08:07:53.320585+00:00,train,1,2923,self,1.0,0,98,
2025-11-27T08:07:53.320691+00:00,train,1,2924,self,1.0,0,100,
2025-11-27T08:07:53.320792+00:00,train,1,2925,self,1.0,0,96,
2025-11-27T08:07:53.320898+00:00,train,1,2926,self,1.0,0,97,
2025-11-27T08:07:53.321002+00:00,train,1,2927,self,1.0,0,100,
2025-11-27T08:07:53.321102+00:00,train,1,2928,self,1.0,0,100,
2025-11-27T08:07:53.321208+00:00,train,1,2929,self,1.0,0,94,
2025-11-27T08:07:53.321309+00:00,train,1,2930,self,1.0,0,98,
2025-11-27T08:07:53.321580+00:00,train,1,2931,self,1.0,0,99,
2025-11-27T08:07:53.321698+00:00,train,1,2932,self,1.0,0,99,
2025-11-27T08:07:53.321864+00:00,train,1,2933,self,1.0,0,95,
2025-11-27T08:07:53.321970+00:00,train,1,2934,self,1.0,0,96,
2025-11-27T08:07:53.322073+00:00,train,1,2935,self,1.0,0,96,
2025-11-27T08:07:53.322174+00:00,train,1,2936,self,1.0,0,100,
2025-11-27T08:07:53.322308+00:00,train,1,2937,self,1.0,0,80,
2025-11-27T08:07:53.322409+00:00,train,1,2938,self,1.0,0,93,
2025-11-27T08:07:53.322544+00:00,train,1,2939,self,1.0,0,95,
2025-11-27T08:07:53.322647+00:00,train,1,2940,self,1.0,0,98,
2025-11-27T08:07:53.322784+00:00,train,1,2941,self,1.0,0,78,
2025-11-27T08:07:53.322885+00:00,train,1,2942,self,1.0,0,79,
2025-11-27T08:07:53.322983+00:00,train,1,2943,self,1.0,0,86,
2025-11-27T08:07:53.323119+00:00,train,1,2944,self,1.0,0,100,
2025-11-27T08:07:53.323219+00:00,train,1,2945,self,1.0,0,80,
2025-11-27T08:07:53.323331+00:00,train,1,2946,self,1.0,0,94,
2025-11-27T08:07:53.323430+00:00,train,1,2947,self,1.0,0,98,
2025-11-27T08:07:53.323640+00:00,train,1,2948,self,1.0,0,99,
2025-11-27T08:07:53.323741+00:00,train,1,2949,self,1.0,0,88,
2025-11-27T08:07:53.323840+00:00,train,1,2950,self,1.0,0,92,
2025-11-27T08:07:53.323939+00:00,train,1,2951,self,1.0,0,96,
2025-11-27T08:07:53.324038+00:00,train,1,2952,self,1.0,0,99,
2025-11-27T08:07:53.324137+00:00,train,1,2953,self,1.0,0,86,
2025-11-27T08:07:53.324235+00:00,train,1,2954,self,1.0,0,92,
2025-11-27T08:07:53.324334+00:00,train,1,2955,self,1.0,0,99,
2025-11-27T08:07:53.324433+00:00,train,1,2956,self,1.0,0,99,
2025-11-27T08:07:53.324531+00:00,train,1,2957,self,1.0,0,80,
2025-11-27T08:07:53.324630+00:00,train,1,2958,self,1.0,0,96,
2025-11-27T08:07:53.324731+00:00,train,1,2959,self,1.0,0,98,
2025-11-27T08:07:53.324831+00:00,train,1,2960,self,1.0,0,99,
2025-11-27T08:07:53.324930+00:00,train,1,2961,self,1.0,0,94,
2025-11-27T08:07:53.325028+00:00,train,1,2962,self,1.0,0,97,
2025-11-27T08:07:53.325126+00:00,train,1,2963,self,1.0,0,99,
2025-11-27T08:07:53.325224+00:00,train,1,2964,self,1.0,0,99,
2025-11-27T08:07:53.325323+00:00,train,1,2965,self,1.0,0,86,
2025-11-27T08:07:53.325422+00:00,train,1,2966,self,1.0,0,90,
2025-11-27T08:07:53.325521+00:00,train,1,2967,self,1.0,0,93,
2025-11-27T08:07:53.325619+00:00,train,1,2968,self,1.0,0,99,
2025-11-27T08:07:53.325718+00:00,train,1,2969,self,1.0,0,91,
2025-11-27T08:07:53.325816+00:00,train,1,2970,self,1.0,0,94,
2025-11-27T08:07:53.325915+00:00,train,1,2971,self,1.0,0,94,
2025-11-27T08:07:53.326013+00:00,train,1,2972,self,1.0,0,99,
2025-11-27T08:07:53.326112+00:00,train,1,2973,self,1.0,0,88,
2025-11-27T08:07:53.326209+00:00,train,1,2974,self,1.0,0,95,
2025-11-27T08:07:53.326308+00:00,train,1,2975,self,1.0,0,98,
2025-11-27T08:07:53.326406+00:00,train,1,2976,self,1.0,0,99,
2025-11-27T08:07:53.326506+00:00,train,1,2977,self,1.0,0,86,
2025-11-27T08:07:53.326605+00:00,train,1,2978,self,1.0,0,89,
2025-11-27T08:07:53.326703+00:00,train,1,2979,self,1.0,0,92,
2025-11-27T08:07:53.326801+00:00,train,1,2980,self,1.0,0,100,
2025-11-27T08:07:53.326900+00:00,train,1,2981,self,1.0,0,75,
2025-11-27T08:07:53.327001+00:00,train,1,2982,self,1.0,0,94,
2025-11-27T08:07:53.327138+00:00,train,1,2983,self,1.0,0,98,
2025-11-27T08:07:53.327237+00:00,train,1,2984,self,1.0,0,99,
2025-11-27T08:07:53.327336+00:00,train,1,2985,self,1.0,0,94,
2025-11-27T08:07:53.327434+00:00,train,1,2986,self,1.0,0,95,
2025-11-27T08:07:53.327532+00:00,train,1,2987,self,1.0,0,98,
2025-11-27T08:07:53.327631+00:00,train,1,2988,self,1.0,0,99,
2025-11-27T08:07:53.327730+00:00,train,1,2989,self,1.0,0,85,
2025-11-27T08:07:53.327828+00:00,train,1,2990,self,1.0,0,91,
2025-11-27T08:07:53.327927+00:00,train,1,2991,self,1.0,0,95,
2025-11-27T08:07:53.328026+00:00,train,1,2992,self,1.0,0,95,
2025-11-27T08:07:53.328124+00:00,train,1,2993,self,1.0,0,94,
2025-11-27T08:07:53.328223+00:00,train,1,2994,self,1.0,0,96,
2025-11-27T08:07:53.328339+00:00,train,1,2995,self,1.0,0,100,
2025-11-27T08:07:53.328439+00:00,train,1,2996,self,1.0,0,100,
2025-11-27T08:07:53.328538+00:00,train,1,2997,self,1.0,0,76,
2025-11-27T08:07:53.328638+00:00,train,1,2998,self,1.0,0,93,
2025-11-27T08:07:53.328737+00:00,train,1,2999,self,1.0,0,94,
2025-11-27T08:07:53.328836+00:00,train,1,3000,self,1.0,0,96,
2025-11-27T08:07:53.334004+00:00,train,1,3001,self,1.0,0,90,
2025-11-27T08:07:53.334145+00:00,train,1,3002,self,1.0,0,91,
2025-11-27T08:07:53.334363+00:00,train,1,3003,self,1.0,0,91,
2025-11-27T08:07:53.334508+00:00,train,1,3004,self,1.0,0,94,
2025-11-27T08:07:53.334685+00:00,train,1,3005,self,1.0,0,82,
2025-11-27T08:07:53.334808+00:00,train,1,3006,self,1.0,0,91,
2025-11-27T08:07:53.334950+00:00,train,1,3007,self,1.0,0,99,
2025-11-27T08:07:53.335062+00:00,train,1,3008,self,1.0,0,100,
2025-11-27T08:07:53.335235+00:00,train,1,3009,self,1.0,0,82,
2025-11-27T08:07:53.335364+00:00,train,1,3010,self,1.0,0,92,
2025-11-27T08:07:53.335522+00:00,train,1,3011,self,1.0,0,95,
2025-11-27T08:07:53.335646+00:00,train,1,3012,self,1.0,0,96,
2025-11-27T08:07:53.335786+00:00,train,1,3013,self,1.0,0,88,
2025-11-27T08:07:53.335964+00:00,train,1,3014,self,1.0,0,92,
2025-11-27T08:07:53.336097+00:00,train,1,3015,self,1.0,0,96,
2025-11-27T08:07:53.336219+00:00,train,1,3016,self,1.0,0,97,
2025-11-27T08:07:53.336382+00:00,train,1,3017,self,1.0,0,95,
2025-11-27T08:07:53.336507+00:00,train,1,3018,self,1.0,0,96,
2025-11-27T08:07:53.336697+00:00,train,1,3019,self,1.0,0,96,
2025-11-27T08:07:53.336833+00:00,train,1,3020,self,1.0,0,96,
2025-11-27T08:07:53.336969+00:00,train,1,3021,self,1.0,0,90,
2025-11-27T08:07:53.337091+00:00,train,1,3022,self,1.0,0,96,
2025-11-27T08:07:53.337251+00:00,train,1,3023,self,1.0,0,99,
2025-11-27T08:07:53.337379+00:00,train,1,3024,self,1.0,0,100,
2025-11-27T08:07:53.337550+00:00,train,1,3025,self,1.0,0,95,
2025-11-27T08:07:53.337700+00:00,train,1,3026,self,1.0,0,96,
2025-11-27T08:07:53.337829+00:00,train,1,3027,self,1.0,0,99,
2025-11-27T08:07:53.337954+00:00,train,1,3028,self,1.0,0,100,
2025-11-27T08:07:53.338078+00:00,train,1,3029,self,1.0,0,98,
2025-11-27T08:07:53.338218+00:00,train,1,3030,self,1.0,0,100,
2025-11-27T08:07:53.338338+00:00,train,1,3031,self,1.0,0,100,
2025-11-27T08:07:53.338485+00:00,train,1,3032,self,1.0,0,100,
2025-11-27T08:07:53.338606+00:00,train,1,3033,self,1.0,0,83,
2025-11-27T08:07:53.338757+00:00,train,1,3034,self,1.0,0,90,
2025-11-27T08:07:53.338880+00:00,train,1,3035,self,1.0,0,95,
2025-11-27T08:07:53.339002+00:00,train,1,3036,self,1.0,0,99,
2025-11-27T08:07:53.339125+00:00,train,1,3037,self,1.0,0,87,
2025-11-27T08:07:53.339248+00:00,train,1,3038,self,1.0,0,91,
2025-11-27T08:07:53.339369+00:00,train,1,3039,self,1.0,0,96,
2025-11-27T08:07:53.339491+00:00,train,1,3040,self,1.0,0,97,
2025-11-27T08:07:53.339627+00:00,train,1,3041,self,1.0,0,93,
2025-11-27T08:07:53.339752+00:00,train,1,3042,self,1.0,0,96,
2025-11-27T08:07:53.339877+00:00,train,1,3043,self,1.0,0,98,
2025-11-27T08:07:53.340002+00:00,train,1,3044,self,1.0,0,100,
2025-11-27T08:07:53.340129+00:00,train,1,3045,self,1.0,0,94,
2025-11-27T08:07:53.340255+00:00,train,1,3046,self,1.0,0,96,
2025-11-27T08:07:53.340380+00:00,train,1,3047,self,1.0,0,96,
2025-11-27T08:07:53.340509+00:00,train,1,3048,self,1.0,0,97,
2025-11-27T08:07:53.340649+00:00,train,1,3049,self,1.0,0,93,
2025-11-27T08:07:53.340778+00:00,train,1,3050,self,1.0,0,96,
2025-11-27T08:07:53.340908+00:00,train,1,3051,self,1.0,0,99,
2025-11-27T08:07:53.341037+00:00,train,1,3052,self,1.0,0,100,
2025-11-27T08:07:53.341166+00:00,train,1,3053,self,1.0,0,85,
2025-11-27T08:07:53.341295+00:00,train,1,3054,self,1.0,0,91,
2025-11-27T08:07:53.341425+00:00,train,1,3055,self,1.0,0,97,
2025-11-27T08:07:53.341555+00:00,train,1,3056,self,1.0,0,99,
2025-11-27T08:07:53.341685+00:00,train,1,3057,self,1.0,0,88,
2025-11-27T08:07:53.341814+00:00,train,1,3058,self,1.0,0,89,
2025-11-27T08:07:53.341944+00:00,train,1,3059,self,1.0,0,99,
2025-11-27T08:07:53.342074+00:00,train,1,3060,self,1.0,0,100,
2025-11-27T08:07:53.342204+00:00,train,1,3061,self,1.0,0,94,
2025-11-27T08:07:53.342334+00:00,train,1,3062,self,1.0,0,98,
2025-11-27T08:07:53.342464+00:00,train,1,3063,self,1.0,0,99,
2025-11-27T08:07:53.342593+00:00,train,1,3064,self,1.0,0,99,
2025-11-27T08:07:53.342723+00:00,train,1,3065,self,1.0,0,92,
2025-11-27T08:07:53.342852+00:00,train,1,3066,self,1.0,0,98,
2025-11-27T08:07:53.342982+00:00,train,1,3067,self,1.0,0,99,
2025-11-27T08:07:53.343111+00:00,train,1,3068,self,1.0,0,100,
2025-11-27T08:07:53.343241+00:00,train,1,3069,self,1.0,0,85,
2025-11-27T08:07:53.343371+00:00,train,1,3070,self,1.0,0,97,
2025-11-27T08:07:53.343500+00:00,train,1,3071,self,1.0,0,99,
2025-11-27T08:07:53.343629+00:00,train,1,3072,self,1.0,0,100,
2025-11-27T08:07:53.343759+00:00,train,1,3073,self,1.0,0,94,
2025-11-27T08:07:53.343888+00:00,train,1,3074,self,1.0,0,96,
2025-11-27T08:07:53.344017+00:00,train,1,3075,self,1.0,0,99,
2025-11-27T08:07:53.344149+00:00,train,1,3076,self,1.0,0,100,
2025-11-27T08:07:53.344284+00:00,train,1,3077,self,1.0,0,90,
2025-11-27T08:07:53.344414+00:00,train,1,3078,self,1.0,0,95,
2025-11-27T08:07:53.344544+00:00,train,1,3079,self,1.0,0,96,
2025-11-27T08:07:53.344673+00:00,train,1,3080,self,1.0,0,99,
2025-11-27T08:07:53.344803+00:00,train,1,3081,self,1.0,0,96,
2025-11-27T08:07:53.344932+00:00,train,1,3082,self,1.0,0,97,
2025-11-27T08:07:53.345063+00:00,train,1,3083,self,1.0,0,97,
2025-11-27T08:07:53.345193+00:00,train,1,3084,self,1.0,0,98,
2025-11-27T08:07:53.345323+00:00,train,1,3085,self,1.0,0,96,
2025-11-27T08:07:53.345454+00:00,train,1,3086,self,1.0,0,97,
2025-11-27T08:07:53.345596+00:00,train,1,3087,self,1.0,0,100,
2025-11-27T08:07:53.345727+00:00,train,1,3088,self,1.0,0,100,
2025-11-27T08:07:53.345857+00:00,train,1,3089,self,1.0,0,93,
2025-11-27T08:07:53.345987+00:00,train,1,3090,self,1.0,0,97,
2025-11-27T08:07:53.346117+00:00,train,1,3091,self,1.0,0,97,
2025-11-27T08:07:53.346247+00:00,train,1,3092,self,1.0,0,98,
2025-11-27T08:07:53.346377+00:00,train,1,3093,self,1.0,0,90,
2025-11-27T08:07:53.346506+00:00,train,1,3094,self,1.0,0,98,
2025-11-27T08:07:53.346650+00:00,train,1,3095,self,1.0,0,100,
2025-11-27T08:07:53.346775+00:00,train,1,3096,self,1.0,0,100,
2025-11-27T08:07:53.346902+00:00,train,1,3097,self,1.0,0,91,
2025-11-27T08:07:53.347028+00:00,train,1,3098,self,1.0,0,93,
2025-11-27T08:07:53.347159+00:00,train,1,3099,self,1.0,0,94,
2025-11-27T08:07:53.347284+00:00,train,1,3100,self,1.0,0,96,
2025-11-27T08:07:53.347411+00:00,train,1,3101,self,1.0,0,97,
2025-11-27T08:07:53.347536+00:00,train,1,3102,self,1.0,0,98,
2025-11-27T08:07:53.347663+00:00,train,1,3103,self,1.0,0,99,
2025-11-27T08:07:53.347788+00:00,train,1,3104,self,1.0,0,100,
2025-11-27T08:07:53.347913+00:00,train,1,3105,self,1.0,0,77,
2025-11-27T08:07:53.348038+00:00,train,1,3106,self,1.0,0,95,
2025-11-27T08:07:53.348183+00:00,train,1,3107,self,1.0,0,95,
2025-11-27T08:07:53.348310+00:00,train,1,3108,self,1.0,0,99,
2025-11-27T08:07:53.348441+00:00,train,1,3109,self,1.0,0,90,
2025-11-27T08:07:53.348566+00:00,train,1,3110,self,1.0,0,95,
2025-11-27T08:07:53.348691+00:00,train,1,3111,self,1.0,0,96,
2025-11-27T08:07:53.348817+00:00,train,1,3112,self,1.0,0,97,
2025-11-27T08:07:53.348942+00:00,train,1,3113,self,1.0,0,98,
2025-11-27T08:07:53.349069+00:00,train,1,3114,self,1.0,0,100,
2025-11-27T08:07:53.349195+00:00,train,1,3115,self,1.0,0,100,
2025-11-27T08:07:53.349319+00:00,train,1,3116,self,1.0,0,100,
2025-11-27T08:07:53.349444+00:00,train,1,3117,self,1.0,0,95,
2025-11-27T08:07:53.349569+00:00,train,1,3118,self,1.0,0,100,
2025-11-27T08:07:53.349701+00:00,train,1,3119,self,1.0,0,100,
2025-11-27T08:07:53.349827+00:00,train,1,3120,self,1.0,0,100,
2025-11-27T08:07:53.349953+00:00,train,1,3121,self,1.0,0,83,
2025-11-27T08:07:53.350085+00:00,train,1,3122,self,1.0,0,87,
2025-11-27T08:07:53.350210+00:00,train,1,3123,self,1.0,0,95,
2025-11-27T08:07:53.350334+00:00,train,1,3124,self,1.0,0,96,
2025-11-27T08:07:53.350459+00:00,train,1,3125,self,1.0,0,88,
2025-11-27T08:07:53.350583+00:00,train,1,3126,self,1.0,0,94,
2025-11-27T08:07:53.350708+00:00,train,1,3127,self,1.0,0,95,
2025-11-27T08:07:53.350838+00:00,train,1,3128,self,1.0,0,100,
2025-11-27T08:07:53.350964+00:00,train,1,3129,self,1.0,0,95,
2025-11-27T08:07:53.351089+00:00,train,1,3130,self,1.0,0,96,
2025-11-27T08:07:53.351213+00:00,train,1,3131,self,1.0,0,96,
2025-11-27T08:07:53.351337+00:00,train,1,3132,self,1.0,0,99,
2025-11-27T08:07:53.351462+00:00,train,1,3133,self,1.0,0,92,
2025-11-27T08:07:53.351600+00:00,train,1,3134,self,1.0,0,95,
2025-11-27T08:07:53.351721+00:00,train,1,3135,self,1.0,0,97,
2025-11-27T08:07:53.351842+00:00,train,1,3136,self,1.0,0,98,
2025-11-27T08:07:53.351963+00:00,train,1,3137,self,1.0,0,84,
2025-11-27T08:07:53.352084+00:00,train,1,3138,self,1.0,0,91,
2025-11-27T08:07:53.352205+00:00,train,1,3139,self,1.0,0,95,
2025-11-27T08:07:53.352326+00:00,train,1,3140,self,1.0,0,100,
2025-11-27T08:07:53.352446+00:00,train,1,3141,self,1.0,0,96,
2025-11-27T08:07:53.352568+00:00,train,1,3142,self,1.0,0,97,
2025-11-27T08:07:53.352700+00:00,train,1,3143,self,1.0,0,100,
2025-11-27T08:07:53.352817+00:00,train,1,3144,self,1.0,0,100,
2025-11-27T08:07:53.352935+00:00,train,1,3145,self,1.0,0,91,
2025-11-27T08:07:53.353053+00:00,train,1,3146,self,1.0,0,94,
2025-11-27T08:07:53.353171+00:00,train,1,3147,self,1.0,0,96,
2025-11-27T08:07:53.353288+00:00,train,1,3148,self,1.0,0,100,
2025-11-27T08:07:53.353407+00:00,train,1,3149,self,1.0,0,91,
2025-11-27T08:07:53.353524+00:00,train,1,3150,self,1.0,0,96,
2025-11-27T08:07:53.353654+00:00,train,1,3151,self,1.0,0,99,
2025-11-27T08:07:53.353770+00:00,train,1,3152,self,1.0,0,100,
2025-11-27T08:07:53.353885+00:00,train,1,3153,self,1.0,0,87,
2025-11-27T08:07:53.354001+00:00,train,1,3154,self,1.0,0,91,
2025-11-27T08:07:53.354115+00:00,train,1,3155,self,1.0,0,99,
2025-11-27T08:07:53.354232+00:00,train,1,3156,self,1.0,0,100,
2025-11-27T08:07:53.354350+00:00,train,1,3157,self,1.0,0,93,
2025-11-27T08:07:53.354465+00:00,train,1,3158,self,1.0,0,95,
2025-11-27T08:07:53.354580+00:00,train,1,3159,self,1.0,0,99,
2025-11-27T08:07:53.354707+00:00,train,1,3160,self,1.0,0,100,
2025-11-27T08:07:53.354818+00:00,train,1,3161,self,1.0,0,90,
2025-11-27T08:07:53.354929+00:00,train,1,3162,self,1.0,0,94,
2025-11-27T08:07:53.355042+00:00,train,1,3163,self,1.0,0,95,
2025-11-27T08:07:53.355154+00:00,train,1,3164,self,1.0,0,100,
2025-11-27T08:07:53.355270+00:00,train,1,3165,self,1.0,0,92,
2025-11-27T08:07:53.355383+00:00,train,1,3166,self,1.0,0,94,
2025-11-27T08:07:53.355496+00:00,train,1,3167,self,1.0,0,95,
2025-11-27T08:07:53.355625+00:00,train,1,3168,self,1.0,0,97,
2025-11-27T08:07:53.355751+00:00,train,1,3169,self,1.0,0,90,
2025-11-27T08:07:53.355859+00:00,train,1,3170,self,1.0,0,94,
2025-11-27T08:07:53.355965+00:00,train,1,3171,self,1.0,0,95,
2025-11-27T08:07:53.356122+00:00,train,1,3172,self,1.0,0,100,
2025-11-27T08:07:53.356247+00:00,train,1,3173,self,1.0,0,96,
2025-11-27T08:07:53.356372+00:00,train,1,3174,self,1.0,0,97,
2025-11-27T08:07:53.356483+00:00,train,1,3175,self,1.0,0,99,
2025-11-27T08:07:53.356618+00:00,train,1,3176,self,1.0,0,100,
2025-11-27T08:07:53.356737+00:00,train,1,3177,self,1.0,0,93,
2025-11-27T08:07:53.356870+00:00,train,1,3178,self,1.0,0,95,
2025-11-27T08:07:53.356972+00:00,train,1,3179,self,1.0,0,95,
2025-11-27T08:07:53.357115+00:00,train,1,3180,self,1.0,0,98,
2025-11-27T08:07:53.357217+00:00,train,1,3181,self,1.0,0,86,
2025-11-27T08:07:53.357352+00:00,train,1,3182,self,1.0,0,97,
2025-11-27T08:07:53.357454+00:00,train,1,3183,self,1.0,0,99,
2025-11-27T08:07:53.357573+00:00,train,1,3184,self,1.0,0,100,
2025-11-27T08:07:53.357686+00:00,train,1,3185,self,1.0,0,93,
2025-11-27T08:07:53.357805+00:00,train,1,3186,self,1.0,0,97,
2025-11-27T08:07:53.357903+00:00,train,1,3187,self,1.0,0,97,
2025-11-27T08:07:53.358001+00:00,train,1,3188,self,1.0,0,99,
2025-11-27T08:07:53.358099+00:00,train,1,3189,self,1.0,0,96,
2025-11-27T08:07:53.358196+00:00,train,1,3190,self,1.0,0,96,
2025-11-27T08:07:53.358294+00:00,train,1,3191,self,1.0,0,99,
2025-11-27T08:07:53.358391+00:00,train,1,3192,self,1.0,0,100,
2025-11-27T08:07:53.358489+00:00,train,1,3193,self,1.0,0,95,
2025-11-27T08:07:53.358586+00:00,train,1,3194,self,1.0,0,98,
2025-11-27T08:07:53.358683+00:00,train,1,3195,self,1.0,0,98,
2025-11-27T08:07:53.358780+00:00,train,1,3196,self,1.0,0,100,
2025-11-27T08:07:53.358878+00:00,train,1,3197,self,1.0,0,96,
2025-11-27T08:07:53.358976+00:00,train,1,3198,self,1.0,0,96,
2025-11-27T08:07:53.359073+00:00,train,1,3199,self,1.0,0,98,
2025-11-27T08:07:53.359171+00:00,train,1,3200,self,1.0,0,99,
2025-11-27T08:07:53.359268+00:00,train,1,3201,self,1.0,0,94,
2025-11-27T08:07:53.359365+00:00,train,1,3202,self,1.0,0,97,
2025-11-27T08:07:53.359463+00:00,train,1,3203,self,1.0,0,99,
2025-11-27T08:07:53.359560+00:00,train,1,3204,self,1.0,0,99,
2025-11-27T08:07:53.359657+00:00,train,1,3205,self,1.0,0,90,
2025-11-27T08:07:53.359754+00:00,train,1,3206,self,1.0,0,98,
2025-11-27T08:07:53.359851+00:00,train,1,3207,self,1.0,0,99,
2025-11-27T08:07:53.359949+00:00,train,1,3208,self,1.0,0,100,
2025-11-27T08:07:53.360046+00:00,train,1,3209,self,1.0,0,96,
2025-11-27T08:07:53.360143+00:00,train,1,3210,self,1.0,0,96,
2025-11-27T08:07:53.360240+00:00,train,1,3211,self,1.0,0,99,
2025-11-27T08:07:53.360338+00:00,train,1,3212,self,1.0,0,99,
2025-11-27T08:07:53.360435+00:00,train,1,3213,self,1.0,0,90,
2025-11-27T08:07:53.360533+00:00,train,1,3214,self,1.0,0,92,
2025-11-27T08:07:53.360630+00:00,train,1,3215,self,1.0,0,98,
2025-11-27T08:07:53.360727+00:00,train,1,3216,self,1.0,0,99,
2025-11-27T08:07:53.360825+00:00,train,1,3217,self,1.0,0,96,
2025-11-27T08:07:53.360922+00:00,train,1,3218,self,1.0,0,100,
2025-11-27T08:07:53.361019+00:00,train,1,3219,self,1.0,0,100,
2025-11-27T08:07:53.361116+00:00,train,1,3220,self,1.0,0,100,
2025-11-27T08:07:53.361213+00:00,train,1,3221,self,1.0,0,81,
2025-11-27T08:07:53.361310+00:00,train,1,3222,self,1.0,0,95,
2025-11-27T08:07:53.361407+00:00,train,1,3223,self,1.0,0,98,
2025-11-27T08:07:53.361505+00:00,train,1,3224,self,1.0,0,100,
2025-11-27T08:07:53.361673+00:00,train,1,3225,self,1.0,0,93,
2025-11-27T08:07:53.361805+00:00,train,1,3226,self,1.0,0,98,
2025-11-27T08:07:53.361917+00:00,train,1,3227,self,1.0,0,99,
2025-11-27T08:07:53.362021+00:00,train,1,3228,self,1.0,0,100,
2025-11-27T08:07:53.362124+00:00,train,1,3229,self,1.0,0,77,
2025-11-27T08:07:53.362224+00:00,train,1,3230,self,1.0,0,89,
2025-11-27T08:07:53.362323+00:00,train,1,3231,self,1.0,0,90,
2025-11-27T08:07:53.362421+00:00,train,1,3232,self,1.0,0,92,
2025-11-27T08:07:53.362520+00:00,train,1,3233,self,1.0,0,93,
2025-11-27T08:07:53.362617+00:00,train,1,3234,self,1.0,0,96,
2025-11-27T08:07:53.362715+00:00,train,1,3235,self,1.0,0,98,
2025-11-27T08:07:53.362812+00:00,train,1,3236,self,1.0,0,100,
2025-11-27T08:07:53.362909+00:00,train,1,3237,self,1.0,0,98,
2025-11-27T08:07:53.363006+00:00,train,1,3238,self,1.0,0,99,
2025-11-27T08:07:53.363150+00:00,train,1,3239,self,1.0,0,99,
2025-11-27T08:07:53.363268+00:00,train,1,3240,self,1.0,0,99,
2025-11-27T08:07:53.363367+00:00,train,1,3241,self,1.0,0,95,
2025-11-27T08:07:53.363524+00:00,train,1,3242,self,1.0,0,95,
2025-11-27T08:07:53.363716+00:00,train,1,3243,self,1.0,0,98,
2025-11-27T08:07:53.363876+00:00,train,1,3244,self,1.0,0,99,
2025-11-27T08:07:53.364063+00:00,train,1,3245,self,1.0,0,94,
2025-11-27T08:07:53.364232+00:00,train,1,3246,self,1.0,0,96,
2025-11-27T08:07:53.364340+00:00,train,1,3247,self,1.0,0,98,
2025-11-27T08:07:53.364589+00:00,train,1,3248,self,1.0,0,100,
2025-11-27T08:07:53.364713+00:00,train,1,3249,self,1.0,0,90,
2025-11-27T08:07:53.364844+00:00,train,1,3250,self,1.0,0,96,
2025-11-27T08:07:53.364956+00:00,train,1,3251,self,1.0,0,98,
2025-11-27T08:07:53.365065+00:00,train,1,3252,self,1.0,0,99,
2025-11-27T08:07:53.365189+00:00,train,1,3253,self,1.0,0,93,
2025-11-27T08:07:53.365294+00:00,train,1,3254,self,1.0,0,97,
2025-11-27T08:07:53.365419+00:00,train,1,3255,self,1.0,0,97,
2025-11-27T08:07:53.365523+00:00,train,1,3256,self,1.0,0,100,
2025-11-27T08:07:53.365666+00:00,train,1,3257,self,1.0,0,89,
2025-11-27T08:07:53.365774+00:00,train,1,3258,self,1.0,0,95,
2025-11-27T08:07:53.365875+00:00,train,1,3259,self,1.0,0,99,
2025-11-27T08:07:53.366029+00:00,train,1,3260,self,1.0,0,100,
2025-11-27T08:07:53.366148+00:00,train,1,3261,self,1.0,0,93,
2025-11-27T08:07:53.366261+00:00,train,1,3262,self,1.0,0,99,
2025-11-27T08:07:53.366367+00:00,train,1,3263,self,1.0,0,99,
2025-11-27T08:07:53.366469+00:00,train,1,3264,self,1.0,0,100,
2025-11-27T08:07:53.366571+00:00,train,1,3265,self,1.0,0,93,
2025-11-27T08:07:53.366672+00:00,train,1,3266,self,1.0,0,97,
2025-11-27T08:07:53.366771+00:00,train,1,3267,self,1.0,0,99,
2025-11-27T08:07:53.366871+00:00,train,1,3268,self,1.0,0,100,
2025-11-27T08:07:53.366971+00:00,train,1,3269,self,1.0,0,95,
2025-11-27T08:07:53.367070+00:00,train,1,3270,self,1.0,0,99,
2025-11-27T08:07:53.367169+00:00,train,1,3271,self,1.0,0,99,
2025-11-27T08:07:53.367268+00:00,train,1,3272,self,1.0,0,99,
2025-11-27T08:07:53.367367+00:00,train,1,3273,self,1.0,0,96,
2025-11-27T08:07:53.367465+00:00,train,1,3274,self,1.0,0,97,
2025-11-27T08:07:53.367564+00:00,train,1,3275,self,1.0,0,98,
2025-11-27T08:07:53.367663+00:00,train,1,3276,self,1.0,0,100,
2025-11-27T08:07:53.367762+00:00,train,1,3277,self,1.0,0,94,
2025-11-27T08:07:53.367860+00:00,train,1,3278,self,1.0,0,98,
2025-11-27T08:07:53.367959+00:00,train,1,3279,self,1.0,0,99,
2025-11-27T08:07:53.368057+00:00,train,1,3280,self,1.0,0,99,
2025-11-27T08:07:53.368156+00:00,train,1,3281,self,1.0,0,80,
2025-11-27T08:07:53.368254+00:00,train,1,3282,self,1.0,0,88,
2025-11-27T08:07:53.368352+00:00,train,1,3283,self,1.0,0,99,
2025-11-27T08:07:53.368451+00:00,train,1,3284,self,1.0,0,99,
2025-11-27T08:07:53.368549+00:00,train,1,3285,self,1.0,0,93,
2025-11-27T08:07:53.368646+00:00,train,1,3286,self,1.0,0,97,
2025-11-27T08:07:53.368745+00:00,train,1,3287,self,1.0,0,98,
2025-11-27T08:07:53.368843+00:00,train,1,3288,self,1.0,0,98,
2025-11-27T08:07:53.368941+00:00,train,1,3289,self,1.0,0,90,
2025-11-27T08:07:53.369039+00:00,train,1,3290,self,1.0,0,91,
2025-11-27T08:07:53.369138+00:00,train,1,3291,self,1.0,0,97,
2025-11-27T08:07:53.369237+00:00,train,1,3292,self,1.0,0,99,
2025-11-27T08:07:53.369335+00:00,train,1,3293,self,1.0,0,95,
2025-11-27T08:07:53.369433+00:00,train,1,3294,self,1.0,0,98,
2025-11-27T08:07:53.369531+00:00,train,1,3295,self,1.0,0,98,
2025-11-27T08:07:53.369629+00:00,train,1,3296,self,1.0,0,100,
2025-11-27T08:07:53.369728+00:00,train,1,3297,self,1.0,0,92,
2025-11-27T08:07:53.369826+00:00,train,1,3298,self,1.0,0,97,
2025-11-27T08:07:53.369924+00:00,train,1,3299,self,1.0,0,99,
2025-11-27T08:07:53.370023+00:00,train,1,3300,self,1.0,0,100,
2025-11-27T08:07:53.370121+00:00,train,1,3301,self,1.0,0,84,
2025-11-27T08:07:53.370220+00:00,train,1,3302,self,1.0,0,91,
2025-11-27T08:07:53.370318+00:00,train,1,3303,self,1.0,0,100,
2025-11-27T08:07:53.370416+00:00,train,1,3304,self,1.0,0,100,
2025-11-27T08:07:53.370515+00:00,train,1,3305,self,1.0,0,85,
2025-11-27T08:07:53.370613+00:00,train,1,3306,self,1.0,0,97,
2025-11-27T08:07:53.370711+00:00,train,1,3307,self,1.0,0,98,
2025-11-27T08:07:53.370809+00:00,train,1,3308,self,1.0,0,99,
2025-11-27T08:07:53.370907+00:00,train,1,3309,self,1.0,0,79,
2025-11-27T08:07:53.371005+00:00,train,1,3310,self,1.0,0,85,
2025-11-27T08:07:53.371103+00:00,train,1,3311,self,1.0,0,94,
2025-11-27T08:07:53.371206+00:00,train,1,3312,self,1.0,0,99,
2025-11-27T08:07:53.371305+00:00,train,1,3313,self,1.0,0,97,
2025-11-27T08:07:53.371404+00:00,train,1,3314,self,1.0,0,98,
2025-11-27T08:07:53.371531+00:00,train,1,3315,self,1.0,0,98,
2025-11-27T08:07:53.371647+00:00,train,1,3316,self,1.0,0,99,
2025-11-27T08:07:53.371746+00:00,train,1,3317,self,1.0,0,90,
2025-11-27T08:07:53.371844+00:00,train,1,3318,self,1.0,0,96,
2025-11-27T08:07:53.371943+00:00,train,1,3319,self,1.0,0,97,
2025-11-27T08:07:53.372041+00:00,train,1,3320,self,1.0,0,99,
2025-11-27T08:07:53.372140+00:00,train,1,3321,self,1.0,0,98,
2025-11-27T08:07:53.372238+00:00,train,1,3322,self,1.0,0,99,
2025-11-27T08:07:53.372337+00:00,train,1,3323,self,1.0,0,100,
2025-11-27T08:07:53.372435+00:00,train,1,3324,self,1.0,0,100,
2025-11-27T08:07:53.372534+00:00,train,1,3325,self,1.0,0,97,
2025-11-27T08:07:53.372632+00:00,train,1,3326,self,1.0,0,98,
2025-11-27T08:07:53.372730+00:00,train,1,3327,self,1.0,0,98,
2025-11-27T08:07:53.372829+00:00,train,1,3328,self,1.0,0,99,
2025-11-27T08:07:53.372928+00:00,train,1,3329,self,1.0,0,93,
2025-11-27T08:07:53.373027+00:00,train,1,3330,self,1.0,0,96,
2025-11-27T08:07:53.373126+00:00,train,1,3331,self,1.0,0,98,
2025-11-27T08:07:53.373224+00:00,train,1,3332,self,1.0,0,99,
2025-11-27T08:07:53.373323+00:00,train,1,3333,self,1.0,0,96,
2025-11-27T08:07:53.373422+00:00,train,1,3334,self,1.0,0,97,
2025-11-27T08:07:53.373520+00:00,train,1,3335,self,1.0,0,98,
2025-11-27T08:07:53.373619+00:00,train,1,3336,self,1.0,0,100,
2025-11-27T08:07:53.373718+00:00,train,1,3337,self,1.0,0,88,
2025-11-27T08:07:53.373816+00:00,train,1,3338,self,1.0,0,95,
2025-11-27T08:07:53.373914+00:00,train,1,3339,self,1.0,0,98,
2025-11-27T08:07:53.374013+00:00,train,1,3340,self,1.0,0,99,
2025-11-27T08:07:53.374112+00:00,train,1,3341,self,1.0,0,96,
2025-11-27T08:07:53.374210+00:00,train,1,3342,self,1.0,0,98,
2025-11-27T08:07:53.374308+00:00,train,1,3343,self,1.0,0,99,
2025-11-27T08:07:53.374407+00:00,train,1,3344,self,1.0,0,100,
2025-11-27T08:07:53.374505+00:00,train,1,3345,self,1.0,0,82,
2025-11-27T08:07:53.374655+00:00,train,1,3346,self,1.0,0,99,
2025-11-27T08:07:53.374754+00:00,train,1,3347,self,1.0,0,100,
2025-11-27T08:07:53.374853+00:00,train,1,3348,self,1.0,0,100,
2025-11-27T08:07:53.374952+00:00,train,1,3349,self,1.0,0,87,
2025-11-27T08:07:53.375050+00:00,train,1,3350,self,1.0,0,90,
2025-11-27T08:07:53.375148+00:00,train,1,3351,self,1.0,0,92,
2025-11-27T08:07:53.375246+00:00,train,1,3352,self,1.0,0,95,
2025-11-27T08:07:53.375346+00:00,train,1,3353,self,1.0,0,84,
2025-11-27T08:07:53.375444+00:00,train,1,3354,self,1.0,0,92,
2025-11-27T08:07:53.375541+00:00,train,1,3355,self,1.0,0,95,
2025-11-27T08:07:53.375640+00:00,train,1,3356,self,1.0,0,96,
2025-11-27T08:07:53.375779+00:00,train,1,3357,self,1.0,0,81,
2025-11-27T08:07:53.375877+00:00,train,1,3358,self,1.0,0,86,
2025-11-27T08:07:53.375979+00:00,train,1,3359,self,1.0,0,96,
2025-11-27T08:07:53.376077+00:00,train,1,3360,self,1.0,0,100,
2025-11-27T08:07:53.376175+00:00,train,1,3361,self,1.0,0,90,
2025-11-27T08:07:53.376273+00:00,train,1,3362,self,1.0,0,91,
2025-11-27T08:07:53.376372+00:00,train,1,3363,self,1.0,0,96,
2025-11-27T08:07:53.376470+00:00,train,1,3364,self,1.0,0,99,
2025-11-27T08:07:53.376568+00:00,train,1,3365,self,1.0,0,91,
2025-11-27T08:07:53.376666+00:00,train,1,3366,self,1.0,0,97,
2025-11-27T08:07:53.376765+00:00,train,1,3367,self,1.0,0,97,
2025-11-27T08:07:53.376863+00:00,train,1,3368,self,1.0,0,100,
2025-11-27T08:07:53.376961+00:00,train,1,3369,self,1.0,0,88,
2025-11-27T08:07:53.377059+00:00,train,1,3370,self,1.0,0,99,
2025-11-27T08:07:53.377157+00:00,train,1,3371,self,1.0,0,99,
2025-11-27T08:07:53.377256+00:00,train,1,3372,self,1.0,0,100,
2025-11-27T08:07:53.377354+00:00,train,1,3373,self,1.0,0,90,
2025-11-27T08:07:53.377452+00:00,train,1,3374,self,1.0,0,94,
2025-11-27T08:07:53.377598+00:00,train,1,3375,self,1.0,0,99,
2025-11-27T08:07:53.377695+00:00,train,1,3376,self,1.0,0,100,
2025-11-27T08:07:53.377792+00:00,train,1,3377,self,1.0,0,89,
2025-11-27T08:07:53.377892+00:00,train,1,3378,self,1.0,0,92,
2025-11-27T08:07:53.377990+00:00,train,1,3379,self,1.0,0,95,
2025-11-27T08:07:53.378088+00:00,train,1,3380,self,1.0,0,96,
2025-11-27T08:07:53.378187+00:00,train,1,3381,self,1.0,0,88,
2025-11-27T08:07:53.378285+00:00,train,1,3382,self,1.0,0,89,
2025-11-27T08:07:53.378383+00:00,train,1,3383,self,1.0,0,97,
2025-11-27T08:07:53.378481+00:00,train,1,3384,self,1.0,0,100,
2025-11-27T08:07:53.378580+00:00,train,1,3385,self,1.0,0,90,
2025-11-27T08:07:53.378679+00:00,train,1,3386,self,1.0,0,91,
2025-11-27T08:07:53.378777+00:00,train,1,3387,self,1.0,0,96,
2025-11-27T08:07:53.378876+00:00,train,1,3388,self,1.0,0,99,
2025-11-27T08:07:53.378974+00:00,train,1,3389,self,1.0,0,96,
2025-11-27T08:07:53.379071+00:00,train,1,3390,self,1.0,0,98,
2025-11-27T08:07:53.379170+00:00,train,1,3391,self,1.0,0,100,
2025-11-27T08:07:53.379267+00:00,train,1,3392,self,1.0,0,100,
2025-11-27T08:07:53.379366+00:00,train,1,3393,self,1.0,0,90,
2025-11-27T08:07:53.379464+00:00,train,1,3394,self,1.0,0,98,
2025-11-27T08:07:53.379562+00:00,train,1,3395,self,1.0,0,98,
2025-11-27T08:07:53.379659+00:00,train,1,3396,self,1.0,0,99,
2025-11-27T08:07:53.379758+00:00,train,1,3397,self,1.0,0,91,
2025-11-27T08:07:53.379856+00:00,train,1,3398,self,1.0,0,94,
2025-11-27T08:07:53.379953+00:00,train,1,3399,self,1.0,0,96,
2025-11-27T08:07:53.380107+00:00,train,1,3400,self,1.0,0,99,
2025-11-27T08:07:53.380231+00:00,train,1,3401,self,1.0,0,91,
2025-11-27T08:07:53.380363+00:00,train,1,3402,self,1.0,0,95,
2025-11-27T08:07:53.380475+00:00,train,1,3403,self,1.0,0,100,
2025-11-27T08:07:53.380600+00:00,train,1,3404,self,1.0,0,100,
2025-11-27T08:07:53.380705+00:00,train,1,3405,self,1.0,0,94,
2025-11-27T08:07:53.380832+00:00,train,1,3406,self,1.0,0,96,
2025-11-27T08:07:53.380936+00:00,train,1,3407,self,1.0,0,100,
2025-11-27T08:07:53.381059+00:00,train,1,3408,self,1.0,0,100,
2025-11-27T08:07:53.381165+00:00,train,1,3409,self,1.0,0,82,
2025-11-27T08:07:53.381266+00:00,train,1,3410,self,1.0,0,95,
2025-11-27T08:07:53.381388+00:00,train,1,3411,self,1.0,0,98,
2025-11-27T08:07:53.381490+00:00,train,1,3412,self,1.0,0,99,
2025-11-27T08:07:53.381611+00:00,train,1,3413,self,1.0,0,95,
2025-11-27T08:07:53.381714+00:00,train,1,3414,self,1.0,0,96,
2025-11-27T08:07:53.381822+00:00,train,1,3415,self,1.0,0,97,
2025-11-27T08:07:53.381923+00:00,train,1,3416,self,1.0,0,98,
2025-11-27T08:07:53.382030+00:00,train,1,3417,self,1.0,0,82,
2025-11-27T08:07:53.382134+00:00,train,1,3418,self,1.0,0,97,
2025-11-27T08:07:53.382235+00:00,train,1,3419,self,1.0,0,100,
2025-11-27T08:07:53.382341+00:00,train,1,3420,self,1.0,0,100,
2025-11-27T08:07:53.382442+00:00,train,1,3421,self,1.0,0,94,
2025-11-27T08:07:53.382549+00:00,train,1,3422,self,1.0,0,97,
2025-11-27T08:07:53.382650+00:00,train,1,3423,self,1.0,0,100,
2025-11-27T08:07:53.382756+00:00,train,1,3424,self,1.0,0,100,
2025-11-27T08:07:53.382857+00:00,train,1,3425,self,1.0,0,94,
2025-11-27T08:07:53.382964+00:00,train,1,3426,self,1.0,0,98,
2025-11-27T08:07:53.383070+00:00,train,1,3427,self,1.0,0,99,
2025-11-27T08:07:53.383174+00:00,train,1,3428,self,1.0,0,100,
2025-11-27T08:07:53.383275+00:00,train,1,3429,self,1.0,0,95,
2025-11-27T08:07:53.383381+00:00,train,1,3430,self,1.0,0,98,
2025-11-27T08:07:53.383485+00:00,train,1,3431,self,1.0,0,99,
2025-11-27T08:07:53.383585+00:00,train,1,3432,self,1.0,0,99,
2025-11-27T08:07:53.383691+00:00,train,1,3433,self,1.0,0,98,
2025-11-27T08:07:53.383792+00:00,train,1,3434,self,1.0,0,98,
2025-11-27T08:07:53.383899+00:00,train,1,3435,self,1.0,0,99,
2025-11-27T08:07:53.384000+00:00,train,1,3436,self,1.0,0,100,
2025-11-27T08:07:53.384106+00:00,train,1,3437,self,1.0,0,94,
2025-11-27T08:07:53.384207+00:00,train,1,3438,self,1.0,0,96,
2025-11-27T08:07:53.384312+00:00,train,1,3439,self,1.0,0,98,
2025-11-27T08:07:53.384417+00:00,train,1,3440,self,1.0,0,99,
2025-11-27T08:07:53.384518+00:00,train,1,3441,self,1.0,0,92,
2025-11-27T08:07:53.384624+00:00,train,1,3442,self,1.0,0,95,
2025-11-27T08:07:53.384727+00:00,train,1,3443,self,1.0,0,100,
2025-11-27T08:07:53.384835+00:00,train,1,3444,self,1.0,0,100,
2025-11-27T08:07:53.384978+00:00,train,1,3445,self,1.0,0,95,
2025-11-27T08:07:53.385084+00:00,train,1,3446,self,1.0,0,96,
2025-11-27T08:07:53.385185+00:00,train,1,3447,self,1.0,0,98,
2025-11-27T08:07:53.385292+00:00,train,1,3448,self,1.0,0,100,
2025-11-27T08:07:53.385392+00:00,train,1,3449,self,1.0,0,88,
2025-11-27T08:07:53.385500+00:00,train,1,3450,self,1.0,0,98,
2025-11-27T08:07:53.385601+00:00,train,1,3451,self,1.0,0,100,
2025-11-27T08:07:53.385707+00:00,train,1,3452,self,1.0,0,100,
2025-11-27T08:07:53.385811+00:00,train,1,3453,self,1.0,0,97,
2025-11-27T08:07:53.385911+00:00,train,1,3454,self,1.0,0,98,
2025-11-27T08:07:53.386064+00:00,train,1,3455,self,1.0,0,98,
2025-11-27T08:07:53.386169+00:00,train,1,3456,self,1.0,0,99,
2025-11-27T08:07:53.386273+00:00,train,1,3457,self,1.0,0,93,
2025-11-27T08:07:53.386377+00:00,train,1,3458,self,1.0,0,93,
2025-11-27T08:07:53.386480+00:00,train,1,3459,self,1.0,0,99,
2025-11-27T08:07:53.386585+00:00,train,1,3460,self,1.0,0,100,
2025-11-27T08:07:53.386690+00:00,train,1,3461,self,1.0,0,79,
2025-11-27T08:07:53.386790+00:00,train,1,3462,self,1.0,0,92,
2025-11-27T08:07:53.386896+00:00,train,1,3463,self,1.0,0,94,
2025-11-27T08:07:53.386997+00:00,train,1,3464,self,1.0,0,98,
2025-11-27T08:07:53.387103+00:00,train,1,3465,self,1.0,0,97,
2025-11-27T08:07:53.387203+00:00,train,1,3466,self,1.0,0,98,
2025-11-27T08:07:53.387309+00:00,train,1,3467,self,1.0,0,99,
2025-11-27T08:07:53.387409+00:00,train,1,3468,self,1.0,0,100,
2025-11-27T08:07:53.387516+00:00,train,1,3469,self,1.0,0,86,
2025-11-27T08:07:53.387616+00:00,train,1,3470,self,1.0,0,92,
2025-11-27T08:07:53.387772+00:00,train,1,3471,self,1.0,0,99,
2025-11-27T08:07:53.387876+00:00,train,1,3472,self,1.0,0,100,
2025-11-27T08:07:53.387977+00:00,train,1,3473,self,1.0,0,69,
2025-11-27T08:07:53.388083+00:00,train,1,3474,self,1.0,0,92,
2025-11-27T08:07:53.388186+00:00,train,1,3475,self,1.0,0,98,
2025-11-27T08:07:53.388291+00:00,train,1,3476,self,1.0,0,100,
2025-11-27T08:07:53.388391+00:00,train,1,3477,self,1.0,0,94,
2025-11-27T08:07:53.388497+00:00,train,1,3478,self,1.0,0,94,
2025-11-27T08:07:53.388599+00:00,train,1,3479,self,1.0,0,97,
2025-11-27T08:07:53.388705+00:00,train,1,3480,self,1.0,0,98,
2025-11-27T08:07:53.388809+00:00,train,1,3481,self,1.0,0,86,
2025-11-27T08:07:53.388910+00:00,train,1,3482,self,1.0,0,89,
2025-11-27T08:07:53.389016+00:00,train,1,3483,self,1.0,0,98,
2025-11-27T08:07:53.389117+00:00,train,1,3484,self,1.0,0,99,
2025-11-27T08:07:53.389223+00:00,train,1,3485,self,1.0,0,85,
2025-11-27T08:07:53.389324+00:00,train,1,3486,self,1.0,0,92,
2025-11-27T08:07:53.389429+00:00,train,1,3487,self,1.0,0,94,
2025-11-27T08:07:53.389530+00:00,train,1,3488,self,1.0,0,95,
2025-11-27T08:07:53.389636+00:00,train,1,3489,self,1.0,0,96,
2025-11-27T08:07:53.389736+00:00,train,1,3490,self,1.0,0,96,
2025-11-27T08:07:53.389846+00:00,train,1,3491,self,1.0,0,100,
2025-11-27T08:07:53.389950+00:00,train,1,3492,self,1.0,0,100,
2025-11-27T08:07:53.390050+00:00,train,1,3493,self,1.0,0,98,
2025-11-27T08:07:53.390158+00:00,train,1,3494,self,1.0,0,98,
2025-11-27T08:07:53.390259+00:00,train,1,3495,self,1.0,0,98,
2025-11-27T08:07:53.390365+00:00,train,1,3496,self,1.0,0,99,
2025-11-27T08:07:53.390466+00:00,train,1,3497,self,1.0,0,99,
2025-11-27T08:07:53.390572+00:00,train,1,3498,self,1.0,0,99,
2025-11-27T08:07:53.390674+00:00,train,1,3499,self,1.0,0,100,
2025-11-27T08:07:53.390780+00:00,train,1,3500,self,1.0,0,100,
2025-11-27T08:07:53.390883+00:00,train,1,3501,self,1.0,0,84,
2025-11-27T08:07:53.390984+00:00,train,1,3502,self,1.0,0,94,
2025-11-27T08:07:53.391090+00:00,train,1,3503,self,1.0,0,100,
2025-11-27T08:07:53.391190+00:00,train,1,3504,self,1.0,0,100,
2025-11-27T08:07:53.391296+00:00,train,1,3505,self,1.0,0,91,
2025-11-27T08:07:53.391396+00:00,train,1,3506,self,1.0,0,94,
2025-11-27T08:07:53.391502+00:00,train,1,3507,self,1.0,0,95,
2025-11-27T08:07:53.391606+00:00,train,1,3508,self,1.0,0,96,
2025-11-27T08:07:53.391714+00:00,train,1,3509,self,1.0,0,89,
2025-11-27T08:07:53.391815+00:00,train,1,3510,self,1.0,0,94,
2025-11-27T08:07:53.391921+00:00,train,1,3511,self,1.0,0,95,
2025-11-27T08:07:53.392022+00:00,train,1,3512,self,1.0,0,99,
2025-11-27T08:07:53.392128+00:00,train,1,3513,self,1.0,0,93,
2025-11-27T08:07:53.392232+00:00,train,1,3514,self,1.0,0,98,
2025-11-27T08:07:53.392332+00:00,train,1,3515,self,1.0,0,100,
2025-11-27T08:07:53.392439+00:00,train,1,3516,self,1.0,0,100,
2025-11-27T08:07:53.392539+00:00,train,1,3517,self,1.0,0,79,
2025-11-27T08:07:53.392646+00:00,train,1,3518,self,1.0,0,88,
2025-11-27T08:07:53.392747+00:00,train,1,3519,self,1.0,0,96,
2025-11-27T08:07:53.392853+00:00,train,1,3520,self,1.0,0,99,
2025-11-27T08:07:53.392956+00:00,train,1,3521,self,1.0,0,92,
2025-11-27T08:07:53.393057+00:00,train,1,3522,self,1.0,0,95,
2025-11-27T08:07:53.393163+00:00,train,1,3523,self,1.0,0,97,
2025-11-27T08:07:53.393264+00:00,train,1,3524,self,1.0,0,100,
2025-11-27T08:07:53.393370+00:00,train,1,3525,self,1.0,0,94,
2025-11-27T08:07:53.393470+00:00,train,1,3526,self,1.0,0,97,
2025-11-27T08:07:53.393576+00:00,train,1,3527,self,1.0,0,98,
2025-11-27T08:07:53.393676+00:00,train,1,3528,self,1.0,0,99,
2025-11-27T08:07:53.393783+00:00,train,1,3529,self,1.0,0,94,
2025-11-27T08:07:53.393883+00:00,train,1,3530,self,1.0,0,94,
2025-11-27T08:07:53.393989+00:00,train,1,3531,self,1.0,0,98,
2025-11-27T08:07:53.394093+00:00,train,1,3532,self,1.0,0,100,
2025-11-27T08:07:53.394196+00:00,train,1,3533,self,1.0,0,89,
2025-11-27T08:07:53.394299+00:00,train,1,3534,self,1.0,0,93,
2025-11-27T08:07:53.394400+00:00,train,1,3535,self,1.0,0,97,
2025-11-27T08:07:53.394506+00:00,train,1,3536,self,1.0,0,99,
2025-11-27T08:07:53.394606+00:00,train,1,3537,self,1.0,0,91,
2025-11-27T08:07:53.394712+00:00,train,1,3538,self,1.0,0,93,
2025-11-27T08:07:53.394813+00:00,train,1,3539,self,1.0,0,96,
2025-11-27T08:07:53.394919+00:00,train,1,3540,self,1.0,0,100,
2025-11-27T08:07:53.395021+00:00,train,1,3541,self,1.0,0,93,
2025-11-27T08:07:53.395127+00:00,train,1,3542,self,1.0,0,94,
2025-11-27T08:07:53.395231+00:00,train,1,3543,self,1.0,0,96,
2025-11-27T08:07:53.395389+00:00,train,1,3544,self,1.0,0,99,
2025-11-27T08:07:53.395585+00:00,train,1,3545,self,1.0,0,94,
2025-11-27T08:07:53.395700+00:00,train,1,3546,self,1.0,0,94,
2025-11-27T08:07:53.395807+00:00,train,1,3547,self,1.0,0,95,
2025-11-27T08:07:53.396006+00:00,train,1,3548,self,1.0,0,100,
2025-11-27T08:07:53.396128+00:00,train,1,3549,self,1.0,0,94,
2025-11-27T08:07:53.396230+00:00,train,1,3550,self,1.0,0,95,
2025-11-27T08:07:53.396359+00:00,train,1,3551,self,1.0,0,99,
2025-11-27T08:07:53.396461+00:00,train,1,3552,self,1.0,0,100,
2025-11-27T08:07:53.396603+00:00,train,1,3553,self,1.0,0,93,
2025-11-27T08:07:53.396732+00:00,train,1,3554,self,1.0,0,98,
2025-11-27T08:07:53.396833+00:00,train,1,3555,self,1.0,0,99,
2025-11-27T08:07:53.396968+00:00,train,1,3556,self,1.0,0,99,
2025-11-27T08:07:53.397069+00:00,train,1,3557,self,1.0,0,91,
2025-11-27T08:07:53.397168+00:00,train,1,3558,self,1.0,0,98,
2025-11-27T08:07:53.397267+00:00,train,1,3559,self,1.0,0,99,
2025-11-27T08:07:53.397366+00:00,train,1,3560,self,1.0,0,100,
2025-11-27T08:07:53.397486+00:00,train,1,3561,self,1.0,0,81,
2025-11-27T08:07:53.397585+00:00,train,1,3562,self,1.0,0,90,
2025-11-27T08:07:53.397706+00:00,train,1,3563,self,1.0,0,90,
2025-11-27T08:07:53.397805+00:00,train,1,3564,self,1.0,0,97,
2025-11-27T08:07:53.397904+00:00,train,1,3565,self,1.0,0,93,
2025-11-27T08:07:53.398003+00:00,train,1,3566,self,1.0,0,94,
2025-11-27T08:07:53.398102+00:00,train,1,3567,self,1.0,0,96,
2025-11-27T08:07:53.398200+00:00,train,1,3568,self,1.0,0,100,
2025-11-27T08:07:53.398299+00:00,train,1,3569,self,1.0,0,90,
2025-11-27T08:07:53.398398+00:00,train,1,3570,self,1.0,0,98,
2025-11-27T08:07:53.398496+00:00,train,1,3571,self,1.0,0,99,
2025-11-27T08:07:53.398594+00:00,train,1,3572,self,1.0,0,100,
2025-11-27T08:07:53.398693+00:00,train,1,3573,self,1.0,0,93,
2025-11-27T08:07:53.398791+00:00,train,1,3574,self,1.0,0,95,
2025-11-27T08:07:53.398892+00:00,train,1,3575,self,1.0,0,97,
2025-11-27T08:07:53.398991+00:00,train,1,3576,self,1.0,0,99,
2025-11-27T08:07:53.399089+00:00,train,1,3577,self,1.0,0,97,
2025-11-27T08:07:53.399189+00:00,train,1,3578,self,1.0,0,97,
2025-11-27T08:07:53.399288+00:00,train,1,3579,self,1.0,0,98,
2025-11-27T08:07:53.399387+00:00,train,1,3580,self,1.0,0,100,
2025-11-27T08:07:53.399485+00:00,train,1,3581,self,1.0,0,87,
2025-11-27T08:07:53.399584+00:00,train,1,3582,self,1.0,0,95,
2025-11-27T08:07:53.399683+00:00,train,1,3583,self,1.0,0,95,
2025-11-27T08:07:53.399782+00:00,train,1,3584,self,1.0,0,100,
2025-11-27T08:07:53.399880+00:00,train,1,3585,self,1.0,0,91,
2025-11-27T08:07:53.399979+00:00,train,1,3586,self,1.0,0,95,
2025-11-27T08:07:53.400078+00:00,train,1,3587,self,1.0,0,98,
2025-11-27T08:07:53.400176+00:00,train,1,3588,self,1.0,0,100,
2025-11-27T08:07:53.400274+00:00,train,1,3589,self,1.0,0,90,
2025-11-27T08:07:53.400373+00:00,train,1,3590,self,1.0,0,98,
2025-11-27T08:07:53.400471+00:00,train,1,3591,self,1.0,0,98,
2025-11-27T08:07:53.400570+00:00,train,1,3592,self,1.0,0,98,
2025-11-27T08:07:53.400668+00:00,train,1,3593,self,1.0,0,92,
2025-11-27T08:07:53.400766+00:00,train,1,3594,self,1.0,0,97,
2025-11-27T08:07:53.400865+00:00,train,1,3595,self,1.0,0,99,
2025-11-27T08:07:53.400965+00:00,train,1,3596,self,1.0,0,100,
2025-11-27T08:07:53.401063+00:00,train,1,3597,self,1.0,0,93,
2025-11-27T08:07:53.401161+00:00,train,1,3598,self,1.0,0,98,
2025-11-27T08:07:53.401259+00:00,train,1,3599,self,1.0,0,98,
2025-11-27T08:07:53.401357+00:00,train,1,3600,self,1.0,0,98,
2025-11-27T08:07:53.401456+00:00,train,1,3601,self,1.0,0,92,
2025-11-27T08:07:53.401554+00:00,train,1,3602,self,1.0,0,94,
2025-11-27T08:07:53.401651+00:00,train,1,3603,self,1.0,0,97,
2025-11-27T08:07:53.401750+00:00,train,1,3604,self,1.0,0,98,
2025-11-27T08:07:53.401848+00:00,train,1,3605,self,1.0,0,85,
2025-11-27T08:07:53.401946+00:00,train,1,3606,self,1.0,0,95,
2025-11-27T08:07:53.402044+00:00,train,1,3607,self,1.0,0,97,
2025-11-27T08:07:53.402143+00:00,train,1,3608,self,1.0,0,99,
2025-11-27T08:07:53.402241+00:00,train,1,3609,self,1.0,0,74,
2025-11-27T08:07:53.402340+00:00,train,1,3610,self,1.0,0,90,
2025-11-27T08:07:53.402438+00:00,train,1,3611,self,1.0,0,93,
2025-11-27T08:07:53.402536+00:00,train,1,3612,self,1.0,0,96,
2025-11-27T08:07:53.402634+00:00,train,1,3613,self,1.0,0,93,
2025-11-27T08:07:53.402732+00:00,train,1,3614,self,1.0,0,93,
2025-11-27T08:07:53.402830+00:00,train,1,3615,self,1.0,0,95,
2025-11-27T08:07:53.402929+00:00,train,1,3616,self,1.0,0,97,
2025-11-27T08:07:53.403027+00:00,train,1,3617,self,1.0,0,95,
2025-11-27T08:07:53.403125+00:00,train,1,3618,self,1.0,0,99,
2025-11-27T08:07:53.403223+00:00,train,1,3619,self,1.0,0,99,
2025-11-27T08:07:53.403322+00:00,train,1,3620,self,1.0,0,100,
2025-11-27T08:07:53.403420+00:00,train,1,3621,self,1.0,0,97,
2025-11-27T08:07:53.403518+00:00,train,1,3622,self,1.0,0,98,
2025-11-27T08:07:53.403617+00:00,train,1,3623,self,1.0,0,99,
2025-11-27T08:07:53.403716+00:00,train,1,3624,self,1.0,0,100,
2025-11-27T08:07:53.403813+00:00,train,1,3625,self,1.0,0,88,
2025-11-27T08:07:53.403913+00:00,train,1,3626,self,1.0,0,97,
2025-11-27T08:07:53.404011+00:00,train,1,3627,self,1.0,0,99,
2025-11-27T08:07:53.404109+00:00,train,1,3628,self,1.0,0,100,
2025-11-27T08:07:53.404208+00:00,train,1,3629,self,1.0,0,98,
2025-11-27T08:07:53.404306+00:00,train,1,3630,self,1.0,0,99,
2025-11-27T08:07:53.404405+00:00,train,1,3631,self,1.0,0,99,
2025-11-27T08:07:53.404503+00:00,train,1,3632,self,1.0,0,99,
2025-11-27T08:07:53.404601+00:00,train,1,3633,self,1.0,0,95,
2025-11-27T08:07:53.404699+00:00,train,1,3634,self,1.0,0,98,
2025-11-27T08:07:53.404798+00:00,train,1,3635,self,1.0,0,99,
2025-11-27T08:07:53.404896+00:00,train,1,3636,self,1.0,0,99,
2025-11-27T08:07:53.404994+00:00,train,1,3637,self,1.0,0,67,
2025-11-27T08:07:53.405092+00:00,train,1,3638,self,1.0,0,84,
2025-11-27T08:07:53.405190+00:00,train,1,3639,self,1.0,0,93,
2025-11-27T08:07:53.405288+00:00,train,1,3640,self,1.0,0,99,
2025-11-27T08:07:53.405389+00:00,train,1,3641,self,1.0,0,92,
2025-11-27T08:07:53.405488+00:00,train,1,3642,self,1.0,0,94,
2025-11-27T08:07:53.405586+00:00,train,1,3643,self,1.0,0,96,
2025-11-27T08:07:53.405684+00:00,train,1,3644,self,1.0,0,99,
2025-11-27T08:07:53.405787+00:00,train,1,3645,self,1.0,0,85,
2025-11-27T08:07:53.405991+00:00,train,1,3646,self,1.0,0,91,
2025-11-27T08:07:53.406104+00:00,train,1,3647,self,1.0,0,94,
2025-11-27T08:07:53.406210+00:00,train,1,3648,self,1.0,0,98,
2025-11-27T08:07:53.406313+00:00,train,1,3649,self,1.0,0,95,
2025-11-27T08:07:53.406414+00:00,train,1,3650,self,1.0,0,95,
2025-11-27T08:07:53.406514+00:00,train,1,3651,self,1.0,0,97,
2025-11-27T08:07:53.406613+00:00,train,1,3652,self,1.0,0,97,
2025-11-27T08:07:53.406712+00:00,train,1,3653,self,1.0,0,94,
2025-11-27T08:07:53.406810+00:00,train,1,3654,self,1.0,0,94,
2025-11-27T08:07:53.406909+00:00,train,1,3655,self,1.0,0,95,
2025-11-27T08:07:53.407008+00:00,train,1,3656,self,1.0,0,100,
2025-11-27T08:07:53.407110+00:00,train,1,3657,self,1.0,0,93,
2025-11-27T08:07:53.407209+00:00,train,1,3658,self,1.0,0,99,
2025-11-27T08:07:53.407307+00:00,train,1,3659,self,1.0,0,100,
2025-11-27T08:07:53.407407+00:00,train,1,3660,self,1.0,0,100,
2025-11-27T08:07:53.407505+00:00,train,1,3661,self,1.0,0,67,
2025-11-27T08:07:53.407602+00:00,train,1,3662,self,1.0,0,92,
2025-11-27T08:07:53.407700+00:00,train,1,3663,self,1.0,0,96,
2025-11-27T08:07:53.407797+00:00,train,1,3664,self,1.0,0,100,
2025-11-27T08:07:53.407894+00:00,train,1,3665,self,1.0,0,91,
2025-11-27T08:07:53.407991+00:00,train,1,3666,self,1.0,0,93,
2025-11-27T08:07:53.408088+00:00,train,1,3667,self,1.0,0,99,
2025-11-27T08:07:53.408186+00:00,train,1,3668,self,1.0,0,100,
2025-11-27T08:07:53.408283+00:00,train,1,3669,self,1.0,0,85,
2025-11-27T08:07:53.408381+00:00,train,1,3670,self,1.0,0,92,
2025-11-27T08:07:53.408478+00:00,train,1,3671,self,1.0,0,100,
2025-11-27T08:07:53.408574+00:00,train,1,3672,self,1.0,0,100,
2025-11-27T08:07:53.408672+00:00,train,1,3673,self,1.0,0,92,
2025-11-27T08:07:53.408768+00:00,train,1,3674,self,1.0,0,97,
2025-11-27T08:07:53.408866+00:00,train,1,3675,self,1.0,0,99,
2025-11-27T08:07:53.408962+00:00,train,1,3676,self,1.0,0,100,
2025-11-27T08:07:53.409059+00:00,train,1,3677,self,1.0,0,92,
2025-11-27T08:07:53.409156+00:00,train,1,3678,self,1.0,0,93,
2025-11-27T08:07:53.409254+00:00,train,1,3679,self,1.0,0,95,
2025-11-27T08:07:53.409350+00:00,train,1,3680,self,1.0,0,100,
2025-11-27T08:07:53.409448+00:00,train,1,3681,self,1.0,0,91,
2025-11-27T08:07:53.409545+00:00,train,1,3682,self,1.0,0,96,
2025-11-27T08:07:53.409642+00:00,train,1,3683,self,1.0,0,100,
2025-11-27T08:07:53.409739+00:00,train,1,3684,self,1.0,0,100,
2025-11-27T08:07:53.409836+00:00,train,1,3685,self,1.0,0,88,
2025-11-27T08:07:53.409933+00:00,train,1,3686,self,1.0,0,93,
2025-11-27T08:07:53.410030+00:00,train,1,3687,self,1.0,0,99,
2025-11-27T08:07:53.410127+00:00,train,1,3688,self,1.0,0,100,
2025-11-27T08:07:53.410224+00:00,train,1,3689,self,1.0,0,90,
2025-11-27T08:07:53.410321+00:00,train,1,3690,self,1.0,0,96,
2025-11-27T08:07:53.410417+00:00,train,1,3691,self,1.0,0,97,
2025-11-27T08:07:53.410514+00:00,train,1,3692,self,1.0,0,99,
2025-11-27T08:07:53.410611+00:00,train,1,3693,self,1.0,0,93,
2025-11-27T08:07:53.410708+00:00,train,1,3694,self,1.0,0,94,
2025-11-27T08:07:53.410805+00:00,train,1,3695,self,1.0,0,98,
2025-11-27T08:07:53.410902+00:00,train,1,3696,self,1.0,0,99,
2025-11-27T08:07:53.410998+00:00,train,1,3697,self,1.0,0,74,
2025-11-27T08:07:53.411095+00:00,train,1,3698,self,1.0,0,85,
2025-11-27T08:07:53.411192+00:00,train,1,3699,self,1.0,0,88,
2025-11-27T08:07:53.411288+00:00,train,1,3700,self,1.0,0,98,
2025-11-27T08:07:53.411385+00:00,train,1,3701,self,1.0,0,93,
2025-11-27T08:07:53.411482+00:00,train,1,3702,self,1.0,0,99,
2025-11-27T08:07:53.411579+00:00,train,1,3703,self,1.0,0,99,
2025-11-27T08:07:53.411676+00:00,train,1,3704,self,1.0,0,100,
2025-11-27T08:07:53.411772+00:00,train,1,3705,self,1.0,0,86,
2025-11-27T08:07:53.411869+00:00,train,1,3706,self,1.0,0,91,
2025-11-27T08:07:53.411969+00:00,train,1,3707,self,1.0,0,98,
2025-11-27T08:07:53.412067+00:00,train,1,3708,self,1.0,0,99,
2025-11-27T08:07:53.412163+00:00,train,1,3709,self,1.0,0,90,
2025-11-27T08:07:53.412261+00:00,train,1,3710,self,1.0,0,93,
2025-11-27T08:07:53.412359+00:00,train,1,3711,self,1.0,0,96,
2025-11-27T08:07:53.412455+00:00,train,1,3712,self,1.0,0,100,
2025-11-27T08:07:53.412552+00:00,train,1,3713,self,1.0,0,88,
2025-11-27T08:07:53.412649+00:00,train,1,3714,self,1.0,0,93,
2025-11-27T08:07:53.412746+00:00,train,1,3715,self,1.0,0,98,
2025-11-27T08:07:53.412842+00:00,train,1,3716,self,1.0,0,100,
2025-11-27T08:07:53.412939+00:00,train,1,3717,self,1.0,0,85,
2025-11-27T08:07:53.413035+00:00,train,1,3718,self,1.0,0,98,
2025-11-27T08:07:53.413132+00:00,train,1,3719,self,1.0,0,99,
2025-11-27T08:07:53.413228+00:00,train,1,3720,self,1.0,0,100,
2025-11-27T08:07:53.413325+00:00,train,1,3721,self,1.0,0,85,
2025-11-27T08:07:53.413422+00:00,train,1,3722,self,1.0,0,98,
2025-11-27T08:07:53.413519+00:00,train,1,3723,self,1.0,0,100,
2025-11-27T08:07:53.413616+00:00,train,1,3724,self,1.0,0,100,
2025-11-27T08:07:53.413713+00:00,train,1,3725,self,1.0,0,82,
2025-11-27T08:07:53.413809+00:00,train,1,3726,self,1.0,0,91,
2025-11-27T08:07:53.413907+00:00,train,1,3727,self,1.0,0,97,
2025-11-27T08:07:53.414004+00:00,train,1,3728,self,1.0,0,98,
2025-11-27T08:07:53.414100+00:00,train,1,3729,self,1.0,0,95,
2025-11-27T08:07:53.414197+00:00,train,1,3730,self,1.0,0,97,
2025-11-27T08:07:53.414294+00:00,train,1,3731,self,1.0,0,97,
2025-11-27T08:07:53.414391+00:00,train,1,3732,self,1.0,0,99,
2025-11-27T08:07:53.414488+00:00,train,1,3733,self,1.0,0,85,
2025-11-27T08:07:53.414584+00:00,train,1,3734,self,1.0,0,98,
2025-11-27T08:07:53.414681+00:00,train,1,3735,self,1.0,0,99,
2025-11-27T08:07:53.414778+00:00,train,1,3736,self,1.0,0,100,
2025-11-27T08:07:53.414874+00:00,train,1,3737,self,1.0,0,97,
2025-11-27T08:07:53.414971+00:00,train,1,3738,self,1.0,0,97,
2025-11-27T08:07:53.415068+00:00,train,1,3739,self,1.0,0,98,
2025-11-27T08:07:53.415165+00:00,train,1,3740,self,1.0,0,99,
2025-11-27T08:07:53.415262+00:00,train,1,3741,self,1.0,0,94,
2025-11-27T08:07:53.415359+00:00,train,1,3742,self,1.0,0,97,
2025-11-27T08:07:53.415456+00:00,train,1,3743,self,1.0,0,100,
2025-11-27T08:07:53.415553+00:00,train,1,3744,self,1.0,0,100,
2025-11-27T08:07:53.415649+00:00,train,1,3745,self,1.0,0,91,
2025-11-27T08:07:53.415746+00:00,train,1,3746,self,1.0,0,94,
2025-11-27T08:07:53.415846+00:00,train,1,3747,self,1.0,0,98,
2025-11-27T08:07:53.415943+00:00,train,1,3748,self,1.0,0,99,
2025-11-27T08:07:53.416041+00:00,train,1,3749,self,1.0,0,97,
2025-11-27T08:07:53.416137+00:00,train,1,3750,self,1.0,0,97,
2025-11-27T08:07:53.416234+00:00,train,1,3751,self,1.0,0,97,
2025-11-27T08:07:53.416331+00:00,train,1,3752,self,1.0,0,98,
2025-11-27T08:07:53.416428+00:00,train,1,3753,self,1.0,0,77,
2025-11-27T08:07:53.416524+00:00,train,1,3754,self,1.0,0,89,
2025-11-27T08:07:53.416621+00:00,train,1,3755,self,1.0,0,96,
2025-11-27T08:07:53.416718+00:00,train,1,3756,self,1.0,0,99,
2025-11-27T08:07:53.416815+00:00,train,1,3757,self,1.0,0,92,
2025-11-27T08:07:53.416914+00:00,train,1,3758,self,1.0,0,92,
2025-11-27T08:07:53.417060+00:00,train,1,3759,self,1.0,0,93,
2025-11-27T08:07:53.417158+00:00,train,1,3760,self,1.0,0,100,
2025-11-27T08:07:53.417256+00:00,train,1,3761,self,1.0,0,95,
2025-11-27T08:07:53.417355+00:00,train,1,3762,self,1.0,0,97,
2025-11-27T08:07:53.417453+00:00,train,1,3763,self,1.0,0,99,
2025-11-27T08:07:53.417550+00:00,train,1,3764,self,1.0,0,100,
2025-11-27T08:07:53.417647+00:00,train,1,3765,self,1.0,0,88,
2025-11-27T08:07:53.417744+00:00,train,1,3766,self,1.0,0,99,
2025-11-27T08:07:53.417842+00:00,train,1,3767,self,1.0,0,100,
2025-11-27T08:07:53.417939+00:00,train,1,3768,self,1.0,0,100,
2025-11-27T08:07:53.418036+00:00,train,1,3769,self,1.0,0,91,
2025-11-27T08:07:53.418177+00:00,train,1,3770,self,1.0,0,96,
2025-11-27T08:07:53.418275+00:00,train,1,3771,self,1.0,0,97,
2025-11-27T08:07:53.418372+00:00,train,1,3772,self,1.0,0,99,
2025-11-27T08:07:53.418471+00:00,train,1,3773,self,1.0,0,93,
2025-11-27T08:07:53.418568+00:00,train,1,3774,self,1.0,0,94,
2025-11-27T08:07:53.418665+00:00,train,1,3775,self,1.0,0,96,
2025-11-27T08:07:53.418762+00:00,train,1,3776,self,1.0,0,99,
2025-11-27T08:07:53.418859+00:00,train,1,3777,self,1.0,0,93,
2025-11-27T08:07:53.418956+00:00,train,1,3778,self,1.0,0,98,
2025-11-27T08:07:53.419053+00:00,train,1,3779,self,1.0,0,98,
2025-11-27T08:07:53.419150+00:00,train,1,3780,self,1.0,0,100,
2025-11-27T08:07:53.419247+00:00,train,1,3781,self,1.0,0,88,
2025-11-27T08:07:53.419343+00:00,train,1,3782,self,1.0,0,94,
2025-11-27T08:07:53.419440+00:00,train,1,3783,self,1.0,0,97,
2025-11-27T08:07:53.419537+00:00,train,1,3784,self,1.0,0,97,
2025-11-27T08:07:53.419635+00:00,train,1,3785,self,1.0,0,95,
2025-11-27T08:07:53.419760+00:00,train,1,3786,self,1.0,0,95,
2025-11-27T08:07:53.419874+00:00,train,1,3787,self,1.0,0,100,
2025-11-27T08:07:53.419991+00:00,train,1,3788,self,1.0,0,100,
2025-11-27T08:07:53.420090+00:00,train,1,3789,self,1.0,0,83,
2025-11-27T08:07:53.420188+00:00,train,1,3790,self,1.0,0,92,
2025-11-27T08:07:53.420285+00:00,train,1,3791,self,1.0,0,96,
2025-11-27T08:07:53.420382+00:00,train,1,3792,self,1.0,0,98,
2025-11-27T08:07:53.420480+00:00,train,1,3793,self,1.0,0,93,
2025-11-27T08:07:53.420577+00:00,train,1,3794,self,1.0,0,98,
2025-11-27T08:07:53.420674+00:00,train,1,3795,self,1.0,0,100,
2025-11-27T08:07:53.420771+00:00,train,1,3796,self,1.0,0,100,
2025-11-27T08:07:53.420868+00:00,train,1,3797,self,1.0,0,77,
2025-11-27T08:07:53.420970+00:00,train,1,3798,self,1.0,0,94,
2025-11-27T08:07:53.421068+00:00,train,1,3799,self,1.0,0,95,
2025-11-27T08:07:53.421164+00:00,train,1,3800,self,1.0,0,99,
2025-11-27T08:07:53.421261+00:00,train,1,3801,self,1.0,0,90,
2025-11-27T08:07:53.421358+00:00,train,1,3802,self,1.0,0,97,
2025-11-27T08:07:53.421455+00:00,train,1,3803,self,1.0,0,98,
2025-11-27T08:07:53.421552+00:00,train,1,3804,self,1.0,0,100,
2025-11-27T08:07:53.421649+00:00,train,1,3805,self,1.0,0,93,
2025-11-27T08:07:53.421746+00:00,train,1,3806,self,1.0,0,96,
2025-11-27T08:07:53.421843+00:00,train,1,3807,self,1.0,0,100,
2025-11-27T08:07:53.421940+00:00,train,1,3808,self,1.0,0,100,
2025-11-27T08:07:53.422037+00:00,train,1,3809,self,1.0,0,86,
2025-11-27T08:07:53.422134+00:00,train,1,3810,self,1.0,0,93,
2025-11-27T08:07:53.422231+00:00,train,1,3811,self,1.0,0,94,
2025-11-27T08:07:53.422328+00:00,train,1,3812,self,1.0,0,98,
2025-11-27T08:07:53.422425+00:00,train,1,3813,self,1.0,0,81,
2025-11-27T08:07:53.422522+00:00,train,1,3814,self,1.0,0,90,
2025-11-27T08:07:53.422619+00:00,train,1,3815,self,1.0,0,96,
2025-11-27T08:07:53.422715+00:00,train,1,3816,self,1.0,0,97,
2025-11-27T08:07:53.422812+00:00,train,1,3817,self,1.0,0,87,
2025-11-27T08:07:53.422909+00:00,train,1,3818,self,1.0,0,96,
2025-11-27T08:07:53.423006+00:00,train,1,3819,self,1.0,0,96,
2025-11-27T08:07:53.423102+00:00,train,1,3820,self,1.0,0,98,
2025-11-27T08:07:53.423200+00:00,train,1,3821,self,1.0,0,94,
2025-11-27T08:07:53.423296+00:00,train,1,3822,self,1.0,0,95,
2025-11-27T08:07:53.423393+00:00,train,1,3823,self,1.0,0,99,
2025-11-27T08:07:53.423490+00:00,train,1,3824,self,1.0,0,100,
2025-11-27T08:07:53.423587+00:00,train,1,3825,self,1.0,0,87,
2025-11-27T08:07:53.423684+00:00,train,1,3826,self,1.0,0,94,
2025-11-27T08:07:53.423781+00:00,train,1,3827,self,1.0,0,96,
2025-11-27T08:07:53.423878+00:00,train,1,3828,self,1.0,0,97,
2025-11-27T08:07:53.423975+00:00,train,1,3829,self,1.0,0,88,
2025-11-27T08:07:53.424072+00:00,train,1,3830,self,1.0,0,90,
2025-11-27T08:07:53.424169+00:00,train,1,3831,self,1.0,0,98,
2025-11-27T08:07:53.424265+00:00,train,1,3832,self,1.0,0,99,
2025-11-27T08:07:53.424362+00:00,train,1,3833,self,1.0,0,97,
2025-11-27T08:07:53.424460+00:00,train,1,3834,self,1.0,0,98,
2025-11-27T08:07:53.424557+00:00,train,1,3835,self,1.0,0,100,
2025-11-27T08:07:53.424654+00:00,train,1,3836,self,1.0,0,100,
2025-11-27T08:07:53.424751+00:00,train,1,3837,self,1.0,0,95,
2025-11-27T08:07:53.424848+00:00,train,1,3838,self,1.0,0,99,
2025-11-27T08:07:53.424946+00:00,train,1,3839,self,1.0,0,100,
2025-11-27T08:07:53.425044+00:00,train,1,3840,self,1.0,0,100,
2025-11-27T08:07:53.425141+00:00,train,1,3841,self,1.0,0,88,
2025-11-27T08:07:53.425238+00:00,train,1,3842,self,1.0,0,94,
2025-11-27T08:07:53.425335+00:00,train,1,3843,self,1.0,0,99,
2025-11-27T08:07:53.425432+00:00,train,1,3844,self,1.0,0,100,
2025-11-27T08:07:53.425529+00:00,train,1,3845,self,1.0,0,83,
2025-11-27T08:07:53.425625+00:00,train,1,3846,self,1.0,0,93,
2025-11-27T08:07:53.425722+00:00,train,1,3847,self,1.0,0,97,
2025-11-27T08:07:53.425819+00:00,train,1,3848,self,1.0,0,99,
2025-11-27T08:07:53.425916+00:00,train,1,3849,self,1.0,0,95,
2025-11-27T08:07:53.426013+00:00,train,1,3850,self,1.0,0,95,
2025-11-27T08:07:53.426110+00:00,train,1,3851,self,1.0,0,95,
2025-11-27T08:07:53.426206+00:00,train,1,3852,self,1.0,0,99,
2025-11-27T08:07:53.426303+00:00,train,1,3853,self,1.0,0,86,
2025-11-27T08:07:53.426400+00:00,train,1,3854,self,1.0,0,94,
2025-11-27T08:07:53.426497+00:00,train,1,3855,self,1.0,0,99,
2025-11-27T08:07:53.426594+00:00,train,1,3856,self,1.0,0,99,
2025-11-27T08:07:53.426690+00:00,train,1,3857,self,1.0,0,93,
2025-11-27T08:07:53.426787+00:00,train,1,3858,self,1.0,0,97,
2025-11-27T08:07:53.426884+00:00,train,1,3859,self,1.0,0,98,
2025-11-27T08:07:53.426982+00:00,train,1,3860,self,1.0,0,99,
2025-11-27T08:07:53.427078+00:00,train,1,3861,self,1.0,0,91,
2025-11-27T08:07:53.427175+00:00,train,1,3862,self,1.0,0,96,
2025-11-27T08:07:53.427272+00:00,train,1,3863,self,1.0,0,99,
2025-11-27T08:07:53.427372+00:00,train,1,3864,self,1.0,0,100,
2025-11-27T08:07:53.427518+00:00,train,1,3865,self,1.0,0,98,
2025-11-27T08:07:53.427616+00:00,train,1,3866,self,1.0,0,99,
2025-11-27T08:07:53.427713+00:00,train,1,3867,self,1.0,0,99,
2025-11-27T08:07:53.427809+00:00,train,1,3868,self,1.0,0,100,
2025-11-27T08:07:53.427906+00:00,train,1,3869,self,1.0,0,96,
2025-11-27T08:07:53.428003+00:00,train,1,3870,self,1.0,0,98,
2025-11-27T08:07:53.428099+00:00,train,1,3871,self,1.0,0,100,
2025-11-27T08:07:53.428196+00:00,train,1,3872,self,1.0,0,100,
2025-11-27T08:07:53.428294+00:00,train,1,3873,self,1.0,0,97,
2025-11-27T08:07:53.428390+00:00,train,1,3874,self,1.0,0,97,
2025-11-27T08:07:53.428487+00:00,train,1,3875,self,1.0,0,97,
2025-11-27T08:07:53.428633+00:00,train,1,3876,self,1.0,0,98,
2025-11-27T08:07:53.428731+00:00,train,1,3877,self,1.0,0,95,
2025-11-27T08:07:53.428828+00:00,train,1,3878,self,1.0,0,98,
2025-11-27T08:07:53.428925+00:00,train,1,3879,self,1.0,0,99,
2025-11-27T08:07:53.429022+00:00,train,1,3880,self,1.0,0,100,
2025-11-27T08:07:53.429119+00:00,train,1,3881,self,1.0,0,86,
2025-11-27T08:07:53.429216+00:00,train,1,3882,self,1.0,0,91,
2025-11-27T08:07:53.429313+00:00,train,1,3883,self,1.0,0,100,
2025-11-27T08:07:53.429410+00:00,train,1,3884,self,1.0,0,100,
2025-11-27T08:07:53.429507+00:00,train,1,3885,self,1.0,0,92,
2025-11-27T08:07:53.429603+00:00,train,1,3886,self,1.0,0,95,
2025-11-27T08:07:53.429700+00:00,train,1,3887,self,1.0,0,96,
2025-11-27T08:07:53.429798+00:00,train,1,3888,self,1.0,0,99,
2025-11-27T08:07:53.429895+00:00,train,1,3889,self,1.0,0,83,
2025-11-27T08:07:53.429995+00:00,train,1,3890,self,1.0,0,88,
2025-11-27T08:07:53.430092+00:00,train,1,3891,self,1.0,0,96,
2025-11-27T08:07:53.430189+00:00,train,1,3892,self,1.0,0,97,
2025-11-27T08:07:53.430286+00:00,train,1,3893,self,1.0,0,96,
2025-11-27T08:07:53.430382+00:00,train,1,3894,self,1.0,0,97,
2025-11-27T08:07:53.430479+00:00,train,1,3895,self,1.0,0,97,
2025-11-27T08:07:53.430576+00:00,train,1,3896,self,1.0,0,99,
2025-11-27T08:07:53.430673+00:00,train,1,3897,self,1.0,0,94,
2025-11-27T08:07:53.430770+00:00,train,1,3898,self,1.0,0,98,
2025-11-27T08:07:53.430867+00:00,train,1,3899,self,1.0,0,99,
2025-11-27T08:07:53.430965+00:00,train,1,3900,self,1.0,0,99,
2025-11-27T08:07:53.431062+00:00,train,1,3901,self,1.0,0,87,
2025-11-27T08:07:53.431159+00:00,train,1,3902,self,1.0,0,92,
2025-11-27T08:07:53.431256+00:00,train,1,3903,self,1.0,0,94,
2025-11-27T08:07:53.431353+00:00,train,1,3904,self,1.0,0,99,
2025-11-27T08:07:53.431452+00:00,train,1,3905,self,1.0,0,82,
2025-11-27T08:07:53.431550+00:00,train,1,3906,self,1.0,0,91,
2025-11-27T08:07:53.431647+00:00,train,1,3907,self,1.0,0,98,
2025-11-27T08:07:53.431744+00:00,train,1,3908,self,1.0,0,98,
2025-11-27T08:07:53.431841+00:00,train,1,3909,self,1.0,0,90,
2025-11-27T08:07:53.431937+00:00,train,1,3910,self,1.0,0,96,
2025-11-27T08:07:53.432034+00:00,train,1,3911,self,1.0,0,97,
2025-11-27T08:07:53.432131+00:00,train,1,3912,self,1.0,0,97,
2025-11-27T08:07:53.432228+00:00,train,1,3913,self,1.0,0,90,
2025-11-27T08:07:53.432324+00:00,train,1,3914,self,1.0,0,97,
2025-11-27T08:07:53.432421+00:00,train,1,3915,self,1.0,0,98,
2025-11-27T08:07:53.432518+00:00,train,1,3916,self,1.0,0,100,
2025-11-27T08:07:53.432615+00:00,train,1,3917,self,1.0,0,89,
2025-11-27T08:07:53.432712+00:00,train,1,3918,self,1.0,0,96,
2025-11-27T08:07:53.432809+00:00,train,1,3919,self,1.0,0,98,
2025-11-27T08:07:53.432906+00:00,train,1,3920,self,1.0,0,99,
2025-11-27T08:07:53.433003+00:00,train,1,3921,self,1.0,0,91,
2025-11-27T08:07:53.433101+00:00,train,1,3922,self,1.0,0,95,
2025-11-27T08:07:53.433197+00:00,train,1,3923,self,1.0,0,98,
2025-11-27T08:07:53.433294+00:00,train,1,3924,self,1.0,0,99,
2025-11-27T08:07:53.433392+00:00,train,1,3925,self,1.0,0,92,
2025-11-27T08:07:53.433488+00:00,train,1,3926,self,1.0,0,95,
2025-11-27T08:07:53.433586+00:00,train,1,3927,self,1.0,0,97,
2025-11-27T08:07:53.433683+00:00,train,1,3928,self,1.0,0,99,
2025-11-27T08:07:53.433780+00:00,train,1,3929,self,1.0,0,85,
2025-11-27T08:07:53.433878+00:00,train,1,3930,self,1.0,0,99,
2025-11-27T08:07:53.433975+00:00,train,1,3931,self,1.0,0,100,
2025-11-27T08:07:53.434072+00:00,train,1,3932,self,1.0,0,100,
2025-11-27T08:07:53.434169+00:00,train,1,3933,self,1.0,0,87,
2025-11-27T08:07:53.434266+00:00,train,1,3934,self,1.0,0,92,
2025-11-27T08:07:53.434363+00:00,train,1,3935,self,1.0,0,98,
2025-11-27T08:07:53.434460+00:00,train,1,3936,self,1.0,0,100,
2025-11-27T08:07:53.434557+00:00,train,1,3937,self,1.0,0,89,
2025-11-27T08:07:53.434654+00:00,train,1,3938,self,1.0,0,92,
2025-11-27T08:07:53.434752+00:00,train,1,3939,self,1.0,0,99,
2025-11-27T08:07:53.434848+00:00,train,1,3940,self,1.0,0,100,
2025-11-27T08:07:53.434946+00:00,train,1,3941,self,1.0,0,80,
2025-11-27T08:07:53.435043+00:00,train,1,3942,self,1.0,0,97,
2025-11-27T08:07:53.435140+00:00,train,1,3943,self,1.0,0,97,
2025-11-27T08:07:53.435237+00:00,train,1,3944,self,1.0,0,98,
2025-11-27T08:07:53.435334+00:00,train,1,3945,self,1.0,0,93,
2025-11-27T08:07:53.435430+00:00,train,1,3946,self,1.0,0,94,
2025-11-27T08:07:53.435527+00:00,train,1,3947,self,1.0,0,94,
2025-11-27T08:07:53.435624+00:00,train,1,3948,self,1.0,0,98,
2025-11-27T08:07:53.435721+00:00,train,1,3949,self,1.0,0,99,
2025-11-27T08:07:53.435817+00:00,train,1,3950,self,1.0,0,100,
2025-11-27T08:07:53.435915+00:00,train,1,3951,self,1.0,0,100,
2025-11-27T08:07:53.436011+00:00,train,1,3952,self,1.0,0,100,
2025-11-27T08:07:53.436108+00:00,train,1,3953,self,1.0,0,91,
2025-11-27T08:07:53.436204+00:00,train,1,3954,self,1.0,0,96,
2025-11-27T08:07:53.436301+00:00,train,1,3955,self,1.0,0,97,
2025-11-27T08:07:53.436398+00:00,train,1,3956,self,1.0,0,98,
2025-11-27T08:07:53.436495+00:00,train,1,3957,self,1.0,0,88,
2025-11-27T08:07:53.436591+00:00,train,1,3958,self,1.0,0,94,
2025-11-27T08:07:53.436688+00:00,train,1,3959,self,1.0,0,98,
2025-11-27T08:07:53.436785+00:00,train,1,3960,self,1.0,0,99,
2025-11-27T08:07:53.436882+00:00,train,1,3961,self,1.0,0,90,
2025-11-27T08:07:53.436979+00:00,train,1,3962,self,1.0,0,95,
2025-11-27T08:07:53.437077+00:00,train,1,3963,self,1.0,0,95,
2025-11-27T08:07:53.437173+00:00,train,1,3964,self,1.0,0,100,
2025-11-27T08:07:53.437270+00:00,train,1,3965,self,1.0,0,96,
2025-11-27T08:07:53.437373+00:00,train,1,3966,self,1.0,0,97,
2025-11-27T08:07:53.437472+00:00,train,1,3967,self,1.0,0,100,
2025-11-27T08:07:53.437569+00:00,train,1,3968,self,1.0,0,100,
2025-11-27T08:07:53.437667+00:00,train,1,3969,self,1.0,0,90,
2025-11-27T08:07:53.437765+00:00,train,1,3970,self,1.0,0,98,
2025-11-27T08:07:53.437864+00:00,train,1,3971,self,1.0,0,98,
2025-11-27T08:07:53.437962+00:00,train,1,3972,self,1.0,0,99,
2025-11-27T08:07:53.438059+00:00,train,1,3973,self,1.0,0,93,
2025-11-27T08:07:53.438156+00:00,train,1,3974,self,1.0,0,99,
2025-11-27T08:07:53.438255+00:00,train,1,3975,self,1.0,0,99,
2025-11-27T08:07:53.438352+00:00,train,1,3976,self,1.0,0,99,
2025-11-27T08:07:53.438450+00:00,train,1,3977,self,1.0,0,93,
2025-11-27T08:07:53.438600+00:00,train,1,3978,self,1.0,0,93,
2025-11-27T08:07:53.438698+00:00,train,1,3979,self,1.0,0,95,
2025-11-27T08:07:53.438795+00:00,train,1,3980,self,1.0,0,99,
2025-11-27T08:07:53.438893+00:00,train,1,3981,self,1.0,0,81,
2025-11-27T08:07:53.438990+00:00,train,1,3982,self,1.0,0,88,
2025-11-27T08:07:53.439088+00:00,train,1,3983,self,1.0,0,95,
2025-11-27T08:07:53.439185+00:00,train,1,3984,self,1.0,0,100,
2025-11-27T08:07:53.439282+00:00,train,1,3985,self,1.0,0,95,
2025-11-27T08:07:53.439419+00:00,train,1,3986,self,1.0,0,96,
2025-11-27T08:07:53.439517+00:00,train,1,3987,self,1.0,0,96,
2025-11-27T08:07:53.439646+00:00,train,1,3988,self,1.0,0,98,
2025-11-27T08:07:53.439758+00:00,train,1,3989,self,1.0,0,90,
2025-11-27T08:07:53.439876+00:00,train,1,3990,self,1.0,0,94,
2025-11-27T08:07:53.439976+00:00,train,1,3991,self,1.0,0,96,
2025-11-27T08:07:53.440073+00:00,train,1,3992,self,1.0,0,100,
2025-11-27T08:07:53.440171+00:00,train,1,3993,self,1.0,0,94,
2025-11-27T08:07:53.440269+00:00,train,1,3994,self,1.0,0,95,
2025-11-27T08:07:53.440367+00:00,train,1,3995,self,1.0,0,96,
2025-11-27T08:07:53.440464+00:00,train,1,3996,self,1.0,0,97,
2025-11-27T08:07:53.440561+00:00,train,1,3997,self,1.0,0,96,
2025-11-27T08:07:53.440659+00:00,train,1,3998,self,1.0,0,98,
2025-11-27T08:07:53.440756+00:00,train,1,3999,self,1.0,0,98,
2025-11-27T08:07:53.440854+00:00,train,1,4000,self,1.0,0,99,
