timestamp,phase,round,episode,opponent,epsilon,outcome,p1_moves,p2_moves
2025-11-27T02:59:31.845586+00:00,run_start,0,0,,1.0,,,
2025-11-27T02:59:43.239592+00:00,train,1,1,self,1.0,0,97,
2025-11-27T02:59:43.239870+00:00,train,1,2,self,1.0,0,100,
2025-11-27T02:59:43.240193+00:00,train,1,3,self,1.0,0,95,
2025-11-27T02:59:43.240349+00:00,train,1,4,self,1.0,0,96,
2025-11-27T02:59:43.240502+00:00,train,1,5,self,1.0,0,95,
2025-11-27T02:59:43.240649+00:00,train,1,6,self,1.0,0,96,
2025-11-27T02:59:43.240793+00:00,train,1,7,self,1.0,0,90,
2025-11-27T02:59:43.240934+00:00,train,1,8,self,1.0,0,98,
2025-11-27T02:59:43.241076+00:00,train,1,9,self,1.0,0,97,
2025-11-27T02:59:43.241218+00:00,train,1,10,self,1.0,0,97,
2025-11-27T02:59:43.241359+00:00,train,1,11,self,1.0,0,94,
2025-11-27T02:59:43.241498+00:00,train,1,12,self,1.0,0,99,
2025-11-27T02:59:43.241637+00:00,train,1,13,self,1.0,0,90,
2025-11-27T02:59:43.241775+00:00,train,1,14,self,1.0,0,95,
2025-11-27T02:59:43.241914+00:00,train,1,15,self,1.0,0,97,
2025-11-27T02:59:43.242053+00:00,train,1,16,self,1.0,0,99,
2025-11-27T02:59:43.242193+00:00,train,1,17,self,1.0,0,90,
2025-11-27T02:59:43.242333+00:00,train,1,18,self,1.0,0,93,
2025-11-27T02:59:43.242471+00:00,train,1,19,self,1.0,0,96,
2025-11-27T02:59:43.242610+00:00,train,1,20,self,1.0,0,98,
2025-11-27T02:59:43.242748+00:00,train,1,21,self,1.0,0,96,
2025-11-27T02:59:43.242886+00:00,train,1,22,self,1.0,0,100,
2025-11-27T02:59:43.243024+00:00,train,1,23,self,1.0,0,83,
2025-11-27T02:59:43.243162+00:00,train,1,24,self,1.0,0,99,
2025-11-27T02:59:43.243302+00:00,train,1,25,self,1.0,0,94,
2025-11-27T02:59:43.243441+00:00,train,1,26,self,1.0,0,98,
2025-11-27T02:59:43.243581+00:00,train,1,27,self,1.0,0,94,
2025-11-27T02:59:43.243720+00:00,train,1,28,self,1.0,0,98,
2025-11-27T02:59:43.243858+00:00,train,1,29,self,1.0,0,96,
2025-11-27T02:59:43.243997+00:00,train,1,30,self,1.0,0,100,
2025-11-27T02:59:43.244137+00:00,train,1,31,self,1.0,0,95,
2025-11-27T02:59:43.244276+00:00,train,1,32,self,1.0,0,100,
2025-11-27T02:59:43.244415+00:00,train,1,33,self,1.0,0,93,
2025-11-27T02:59:43.244555+00:00,train,1,34,self,1.0,0,99,
2025-11-27T02:59:43.244700+00:00,train,1,35,self,1.0,0,98,
2025-11-27T02:59:43.244841+00:00,train,1,36,self,1.0,0,99,
2025-11-27T02:59:43.244980+00:00,train,1,37,self,1.0,0,95,
2025-11-27T02:59:43.245119+00:00,train,1,38,self,1.0,0,98,
2025-11-27T02:59:43.245258+00:00,train,1,39,self,1.0,0,81,
2025-11-27T02:59:43.245397+00:00,train,1,40,self,1.0,0,94,
2025-11-27T02:59:43.245535+00:00,train,1,41,self,1.0,0,93,
2025-11-27T02:59:43.245675+00:00,train,1,42,self,1.0,0,98,
2025-11-27T02:59:43.245815+00:00,train,1,43,self,1.0,0,96,
2025-11-27T02:59:43.245954+00:00,train,1,44,self,1.0,0,99,
2025-11-27T02:59:43.246092+00:00,train,1,45,self,1.0,0,99,
2025-11-27T02:59:43.246232+00:00,train,1,46,self,1.0,0,100,
2025-11-27T02:59:43.246371+00:00,train,1,47,self,1.0,0,99,
2025-11-27T02:59:43.246512+00:00,train,1,48,self,1.0,0,100,
2025-11-27T02:59:43.246652+00:00,train,1,49,self,1.0,0,100,
2025-11-27T02:59:43.246791+00:00,train,1,50,self,1.0,0,100,
2025-11-27T02:59:43.246929+00:00,train,1,51,self,1.0,0,96,
2025-11-27T02:59:43.247067+00:00,train,1,52,self,1.0,0,98,
2025-11-27T02:59:43.247205+00:00,train,1,53,self,1.0,0,99,
2025-11-27T02:59:43.247344+00:00,train,1,54,self,1.0,0,100,
2025-11-27T02:59:43.247483+00:00,train,1,55,self,1.0,0,96,
2025-11-27T02:59:43.247623+00:00,train,1,56,self,1.0,0,100,
2025-11-27T02:59:43.247762+00:00,train,1,57,self,1.0,0,95,
2025-11-27T02:59:43.247901+00:00,train,1,58,self,1.0,0,98,
2025-11-27T02:59:43.248037+00:00,train,1,59,self,1.0,0,85,
2025-11-27T02:59:43.248183+00:00,train,1,60,self,1.0,0,98,
2025-11-27T02:59:43.248322+00:00,train,1,61,self,1.0,0,87,
2025-11-27T02:59:43.248461+00:00,train,1,62,self,1.0,0,96,
2025-11-27T02:59:43.248600+00:00,train,1,63,self,1.0,0,95,
2025-11-27T02:59:43.248738+00:00,train,1,64,self,1.0,0,97,
2025-11-27T02:59:43.248877+00:00,train,1,65,self,1.0,0,99,
2025-11-27T02:59:43.249014+00:00,train,1,66,self,1.0,0,99,
2025-11-27T02:59:43.249153+00:00,train,1,67,self,1.0,0,91,
2025-11-27T02:59:43.249408+00:00,train,1,68,self,1.0,0,97,
2025-11-27T02:59:43.249551+00:00,train,1,69,self,1.0,0,94,
2025-11-27T02:59:43.249692+00:00,train,1,70,self,1.0,0,99,
2025-11-27T02:59:43.249835+00:00,train,1,71,self,1.0,0,98,
2025-11-27T02:59:43.249995+00:00,train,1,72,self,1.0,0,99,
2025-11-27T02:59:43.250144+00:00,train,1,73,self,1.0,0,96,
2025-11-27T02:59:43.250285+00:00,train,1,74,self,1.0,0,99,
2025-11-27T02:59:43.250426+00:00,train,1,75,self,1.0,0,95,
2025-11-27T02:59:43.250566+00:00,train,1,76,self,1.0,0,99,
2025-11-27T02:59:43.250706+00:00,train,1,77,self,1.0,0,99,
2025-11-27T02:59:43.250846+00:00,train,1,78,self,1.0,0,100,
2025-11-27T02:59:43.250987+00:00,train,1,79,self,1.0,0,83,
2025-11-27T02:59:43.251125+00:00,train,1,80,self,1.0,0,98,
2025-11-27T02:59:43.251264+00:00,train,1,81,self,1.0,0,93,
2025-11-27T02:59:43.251403+00:00,train,1,82,self,1.0,0,95,
2025-11-27T02:59:43.251542+00:00,train,1,83,self,1.0,0,97,
2025-11-27T02:59:43.251680+00:00,train,1,84,self,1.0,0,97,
2025-11-27T02:59:43.251818+00:00,train,1,85,self,1.0,0,96,
2025-11-27T02:59:43.251955+00:00,train,1,86,self,1.0,0,100,
2025-11-27T02:59:43.252093+00:00,train,1,87,self,1.0,0,98,
2025-11-27T02:59:43.252231+00:00,train,1,88,self,1.0,0,100,
2025-11-27T02:59:43.252369+00:00,train,1,89,self,1.0,0,95,
2025-11-27T02:59:43.252506+00:00,train,1,90,self,1.0,0,95,
2025-11-27T02:59:43.252643+00:00,train,1,91,self,1.0,0,100,
2025-11-27T02:59:43.252781+00:00,train,1,92,self,1.0,0,100,
2025-11-27T02:59:43.252918+00:00,train,1,93,self,1.0,0,94,
2025-11-27T02:59:43.253056+00:00,train,1,94,self,1.0,0,100,
2025-11-27T02:59:43.253195+00:00,train,1,95,self,1.0,0,92,
2025-11-27T02:59:43.253333+00:00,train,1,96,self,1.0,0,92,
2025-11-27T02:59:43.253471+00:00,train,1,97,self,1.0,0,82,
2025-11-27T02:59:43.253610+00:00,train,1,98,self,1.0,0,98,
2025-11-27T02:59:43.253749+00:00,train,1,99,self,1.0,0,98,
2025-11-27T02:59:43.253888+00:00,train,1,100,self,1.0,0,99,
2025-11-27T02:59:43.254033+00:00,train,1,101,self,1.0,0,88,
2025-11-27T02:59:43.254172+00:00,train,1,102,self,1.0,0,95,
2025-11-27T02:59:43.254310+00:00,train,1,103,self,1.0,0,96,
2025-11-27T02:59:43.254448+00:00,train,1,104,self,1.0,0,100,
2025-11-27T02:59:43.254587+00:00,train,1,105,self,1.0,0,99,
2025-11-27T02:59:43.254725+00:00,train,1,106,self,1.0,0,100,
2025-11-27T02:59:43.254864+00:00,train,1,107,self,1.0,0,93,
2025-11-27T02:59:43.255002+00:00,train,1,108,self,1.0,0,99,
2025-11-27T02:59:43.255140+00:00,train,1,109,self,1.0,0,89,
2025-11-27T02:59:43.255278+00:00,train,1,110,self,1.0,0,96,
2025-11-27T02:59:43.255416+00:00,train,1,111,self,1.0,0,96,
2025-11-27T02:59:43.255554+00:00,train,1,112,self,1.0,0,100,
2025-11-27T02:59:43.255691+00:00,train,1,113,self,1.0,0,95,
2025-11-27T02:59:43.255830+00:00,train,1,114,self,1.0,0,100,
2025-11-27T02:59:43.255968+00:00,train,1,115,self,1.0,0,96,
2025-11-27T02:59:43.256106+00:00,train,1,116,self,1.0,0,100,
2025-11-27T02:59:43.256244+00:00,train,1,117,self,1.0,0,88,
2025-11-27T02:59:43.256382+00:00,train,1,118,self,1.0,0,97,
2025-11-27T02:59:43.256521+00:00,train,1,119,self,1.0,0,91,
2025-11-27T02:59:43.256661+00:00,train,1,120,self,1.0,0,100,
2025-11-27T02:59:43.256800+00:00,train,1,121,self,1.0,0,96,
2025-11-27T02:59:43.256940+00:00,train,1,122,self,1.0,0,98,
2025-11-27T02:59:43.257094+00:00,train,1,123,self,1.0,0,81,
2025-11-27T02:59:43.257229+00:00,train,1,124,self,1.0,0,100,
2025-11-27T02:59:43.257364+00:00,train,1,125,self,1.0,0,84,
2025-11-27T02:59:43.257498+00:00,train,1,126,self,1.0,0,98,
2025-11-27T02:59:43.257632+00:00,train,1,127,self,1.0,0,92,
2025-11-27T02:59:43.257767+00:00,train,1,128,self,1.0,0,100,
2025-11-27T02:59:43.257933+00:00,train,1,129,self,1.0,0,88,
2025-11-27T02:59:43.258069+00:00,train,1,130,self,1.0,0,92,
2025-11-27T02:59:43.258206+00:00,train,1,131,self,1.0,0,91,
2025-11-27T02:59:43.258340+00:00,train,1,132,self,1.0,0,91,
2025-11-27T02:59:43.258474+00:00,train,1,133,self,1.0,0,95,
2025-11-27T02:59:43.258609+00:00,train,1,134,self,1.0,0,98,
2025-11-27T02:59:43.258812+00:00,train,1,135,self,1.0,0,99,
2025-11-27T02:59:43.258950+00:00,train,1,136,self,1.0,0,100,
2025-11-27T02:59:43.259084+00:00,train,1,137,self,1.0,0,98,
2025-11-27T02:59:43.259219+00:00,train,1,138,self,1.0,0,99,
2025-11-27T02:59:43.259354+00:00,train,1,139,self,1.0,0,96,
2025-11-27T02:59:43.259491+00:00,train,1,140,self,1.0,0,98,
2025-11-27T02:59:43.259626+00:00,train,1,141,self,1.0,0,95,
2025-11-27T02:59:43.259761+00:00,train,1,142,self,1.0,0,97,
2025-11-27T02:59:43.259896+00:00,train,1,143,self,1.0,0,97,
2025-11-27T02:59:43.260036+00:00,train,1,144,self,1.0,0,100,
2025-11-27T02:59:43.260189+00:00,train,1,145,self,1.0,0,92,
2025-11-27T02:59:43.260320+00:00,train,1,146,self,1.0,0,93,
2025-11-27T02:59:43.260449+00:00,train,1,147,self,1.0,0,96,
2025-11-27T02:59:43.260580+00:00,train,1,148,self,1.0,0,99,
2025-11-27T02:59:43.260710+00:00,train,1,149,self,1.0,0,95,
2025-11-27T02:59:43.260839+00:00,train,1,150,self,1.0,0,100,
2025-11-27T02:59:43.260969+00:00,train,1,151,self,1.0,0,89,
2025-11-27T02:59:43.261099+00:00,train,1,152,self,1.0,0,97,
2025-11-27T02:59:43.261231+00:00,train,1,153,self,1.0,0,92,
2025-11-27T02:59:43.261363+00:00,train,1,154,self,1.0,0,99,
2025-11-27T02:59:43.261493+00:00,train,1,155,self,1.0,0,96,
2025-11-27T02:59:43.261623+00:00,train,1,156,self,1.0,0,100,
2025-11-27T02:59:43.261753+00:00,train,1,157,self,1.0,0,96,
2025-11-27T02:59:43.261883+00:00,train,1,158,self,1.0,0,100,
2025-11-27T02:59:43.262013+00:00,train,1,159,self,1.0,0,91,
2025-11-27T02:59:43.262142+00:00,train,1,160,self,1.0,0,98,
2025-11-27T02:59:43.262272+00:00,train,1,161,self,1.0,0,82,
2025-11-27T02:59:43.262403+00:00,train,1,162,self,1.0,0,99,
2025-11-27T02:59:43.262533+00:00,train,1,163,self,1.0,0,99,
2025-11-27T02:59:43.262668+00:00,train,1,164,self,1.0,0,100,
2025-11-27T02:59:43.262798+00:00,train,1,165,self,1.0,0,75,
2025-11-27T02:59:43.262928+00:00,train,1,166,self,1.0,0,98,
2025-11-27T02:59:43.263059+00:00,train,1,167,self,1.0,0,91,
2025-11-27T02:59:43.263189+00:00,train,1,168,self,1.0,0,97,
2025-11-27T02:59:43.263319+00:00,train,1,169,self,1.0,0,96,
2025-11-27T02:59:43.263449+00:00,train,1,170,self,1.0,0,98,
2025-11-27T02:59:43.263579+00:00,train,1,171,self,1.0,0,89,
2025-11-27T02:59:43.263709+00:00,train,1,172,self,1.0,0,96,
2025-11-27T02:59:43.263839+00:00,train,1,173,self,1.0,0,98,
2025-11-27T02:59:43.263969+00:00,train,1,174,self,1.0,0,98,
2025-11-27T02:59:43.264100+00:00,train,1,175,self,1.0,0,92,
2025-11-27T02:59:43.264230+00:00,train,1,176,self,1.0,0,100,
2025-11-27T02:59:43.264361+00:00,train,1,177,self,1.0,0,97,
2025-11-27T02:59:43.264491+00:00,train,1,178,self,1.0,0,100,
2025-11-27T02:59:43.264622+00:00,train,1,179,self,1.0,0,96,
2025-11-27T02:59:43.264753+00:00,train,1,180,self,1.0,0,98,
2025-11-27T02:59:43.264883+00:00,train,1,181,self,1.0,0,80,
2025-11-27T02:59:43.265015+00:00,train,1,182,self,1.0,0,92,
2025-11-27T02:59:43.265146+00:00,train,1,183,self,1.0,0,88,
2025-11-27T02:59:43.265277+00:00,train,1,184,self,1.0,0,100,
2025-11-27T02:59:43.265407+00:00,train,1,185,self,1.0,0,95,
2025-11-27T02:59:43.265537+00:00,train,1,186,self,1.0,0,100,
2025-11-27T02:59:43.265667+00:00,train,1,187,self,1.0,0,91,
2025-11-27T02:59:43.265799+00:00,train,1,188,self,1.0,0,96,
2025-11-27T02:59:43.265929+00:00,train,1,189,self,1.0,0,93,
2025-11-27T02:59:43.266060+00:00,train,1,190,self,1.0,0,98,
2025-11-27T02:59:43.266202+00:00,train,1,191,self,1.0,0,99,
2025-11-27T02:59:43.266329+00:00,train,1,192,self,1.0,0,100,
2025-11-27T02:59:43.266455+00:00,train,1,193,self,1.0,0,94,
2025-11-27T02:59:43.266582+00:00,train,1,194,self,1.0,0,95,
2025-11-27T02:59:43.266708+00:00,train,1,195,self,1.0,0,79,
2025-11-27T02:59:43.266835+00:00,train,1,196,self,1.0,0,95,
2025-11-27T02:59:43.266962+00:00,train,1,197,self,1.0,0,98,
2025-11-27T02:59:43.267090+00:00,train,1,198,self,1.0,0,100,
2025-11-27T02:59:43.267216+00:00,train,1,199,self,1.0,0,98,
2025-11-27T02:59:43.267344+00:00,train,1,200,self,1.0,0,98,
2025-11-27T02:59:43.267470+00:00,train,1,201,self,1.0,0,95,
2025-11-27T02:59:43.267676+00:00,train,1,202,self,1.0,0,100,
2025-11-27T02:59:43.267806+00:00,train,1,203,self,1.0,0,81,
2025-11-27T02:59:43.267937+00:00,train,1,204,self,1.0,0,97,
2025-11-27T02:59:43.268065+00:00,train,1,205,self,1.0,0,97,
2025-11-27T02:59:43.268194+00:00,train,1,206,self,1.0,0,97,
2025-11-27T02:59:43.268321+00:00,train,1,207,self,1.0,0,98,
2025-11-27T02:59:43.268447+00:00,train,1,208,self,1.0,0,99,
2025-11-27T02:59:43.268574+00:00,train,1,209,self,1.0,0,92,
2025-11-27T02:59:43.268701+00:00,train,1,210,self,1.0,0,98,
2025-11-27T02:59:43.268828+00:00,train,1,211,self,1.0,0,95,
2025-11-27T02:59:43.268955+00:00,train,1,212,self,1.0,0,99,
2025-11-27T02:59:43.269082+00:00,train,1,213,self,1.0,0,89,
2025-11-27T02:59:43.269209+00:00,train,1,214,self,1.0,0,95,
2025-11-27T02:59:43.269336+00:00,train,1,215,self,1.0,0,91,
2025-11-27T02:59:43.269462+00:00,train,1,216,self,1.0,0,97,
2025-11-27T02:59:43.269588+00:00,train,1,217,self,1.0,0,91,
2025-11-27T02:59:43.269715+00:00,train,1,218,self,1.0,0,100,
2025-11-27T02:59:43.269842+00:00,train,1,219,self,1.0,0,88,
2025-11-27T02:59:43.269969+00:00,train,1,220,self,1.0,0,92,
2025-11-27T02:59:43.270095+00:00,train,1,221,self,1.0,0,98,
2025-11-27T02:59:43.270224+00:00,train,1,222,self,1.0,0,99,
2025-11-27T02:59:43.270356+00:00,train,1,223,self,1.0,0,92,
2025-11-27T02:59:43.270483+00:00,train,1,224,self,1.0,0,100,
2025-11-27T02:59:43.270609+00:00,train,1,225,self,1.0,0,99,
2025-11-27T02:59:43.270736+00:00,train,1,226,self,1.0,0,100,
2025-11-27T02:59:43.270863+00:00,train,1,227,self,1.0,0,88,
2025-11-27T02:59:43.270990+00:00,train,1,228,self,1.0,0,98,
2025-11-27T02:59:43.271116+00:00,train,1,229,self,1.0,0,93,
2025-11-27T02:59:43.271243+00:00,train,1,230,self,1.0,0,98,
2025-11-27T02:59:43.271370+00:00,train,1,231,self,1.0,0,97,
2025-11-27T02:59:43.271497+00:00,train,1,232,self,1.0,0,100,
2025-11-27T02:59:43.271624+00:00,train,1,233,self,1.0,0,95,
2025-11-27T02:59:43.271751+00:00,train,1,234,self,1.0,0,99,
2025-11-27T02:59:43.271877+00:00,train,1,235,self,1.0,0,92,
2025-11-27T02:59:43.272003+00:00,train,1,236,self,1.0,0,100,
2025-11-27T02:59:43.272130+00:00,train,1,237,self,1.0,0,90,
2025-11-27T02:59:43.272259+00:00,train,1,238,self,1.0,0,100,
2025-11-27T02:59:43.272386+00:00,train,1,239,self,1.0,0,92,
2025-11-27T02:59:43.272513+00:00,train,1,240,self,1.0,0,100,
2025-11-27T02:59:43.272641+00:00,train,1,241,self,1.0,0,97,
2025-11-27T02:59:43.272768+00:00,train,1,242,self,1.0,0,100,
2025-11-27T02:59:43.272895+00:00,train,1,243,self,1.0,0,82,
2025-11-27T02:59:43.273021+00:00,train,1,244,self,1.0,0,93,
2025-11-27T02:59:43.273147+00:00,train,1,245,self,1.0,0,85,
2025-11-27T02:59:43.273275+00:00,train,1,246,self,1.0,0,100,
2025-11-27T02:59:43.273402+00:00,train,1,247,self,1.0,0,89,
2025-11-27T02:59:43.273529+00:00,train,1,248,self,1.0,0,97,
2025-11-27T02:59:43.273656+00:00,train,1,249,self,1.0,0,95,
2025-11-27T02:59:43.273782+00:00,train,1,250,self,1.0,0,96,
2025-11-27T02:59:43.273909+00:00,train,1,251,self,1.0,0,92,
2025-11-27T02:59:43.274036+00:00,train,1,252,self,1.0,0,100,
2025-11-27T02:59:43.274163+00:00,train,1,253,self,1.0,0,92,
2025-11-27T02:59:43.274290+00:00,train,1,254,self,1.0,0,95,
2025-11-27T02:59:43.274417+00:00,train,1,255,self,1.0,0,98,
2025-11-27T02:59:43.274543+00:00,train,1,256,self,1.0,0,100,
2025-11-27T02:59:43.274670+00:00,train,1,257,self,1.0,0,83,
2025-11-27T02:59:43.274798+00:00,train,1,258,self,1.0,0,100,
2025-11-27T02:59:43.274925+00:00,train,1,259,self,1.0,0,96,
2025-11-27T02:59:43.275052+00:00,train,1,260,self,1.0,0,100,
2025-11-27T02:59:43.275180+00:00,train,1,261,self,1.0,0,96,
2025-11-27T02:59:43.275308+00:00,train,1,262,self,1.0,0,96,
2025-11-27T02:59:43.275434+00:00,train,1,263,self,1.0,0,88,
2025-11-27T02:59:43.275561+00:00,train,1,264,self,1.0,0,94,
2025-11-27T02:59:43.275688+00:00,train,1,265,self,1.0,0,98,
2025-11-27T02:59:43.275816+00:00,train,1,266,self,1.0,0,100,
2025-11-27T02:59:43.275943+00:00,train,1,267,self,1.0,0,96,
2025-11-27T02:59:43.276070+00:00,train,1,268,self,1.0,0,100,
2025-11-27T02:59:43.276256+00:00,train,1,269,self,1.0,0,94,
2025-11-27T02:59:43.276385+00:00,train,1,270,self,1.0,0,99,
2025-11-27T02:59:43.276513+00:00,train,1,271,self,1.0,0,96,
2025-11-27T02:59:43.276641+00:00,train,1,272,self,1.0,0,98,
2025-11-27T02:59:43.276768+00:00,train,1,273,self,1.0,0,98,
2025-11-27T02:59:43.276895+00:00,train,1,274,self,1.0,0,99,
2025-11-27T02:59:43.277023+00:00,train,1,275,self,1.0,0,94,
2025-11-27T02:59:43.277155+00:00,train,1,276,self,1.0,0,98,
2025-11-27T02:59:43.277283+00:00,train,1,277,self,1.0,0,89,
2025-11-27T02:59:43.277410+00:00,train,1,278,self,1.0,0,99,
2025-11-27T02:59:43.277536+00:00,train,1,279,self,1.0,0,92,
2025-11-27T02:59:43.277663+00:00,train,1,280,self,1.0,0,100,
2025-11-27T02:59:43.277790+00:00,train,1,281,self,1.0,0,99,
2025-11-27T02:59:43.277921+00:00,train,1,282,self,1.0,0,100,
2025-11-27T02:59:43.278049+00:00,train,1,283,self,1.0,0,98,
2025-11-27T02:59:43.278178+00:00,train,1,284,self,1.0,0,100,
2025-11-27T02:59:43.278305+00:00,train,1,285,self,1.0,0,87,
2025-11-27T02:59:43.278432+00:00,train,1,286,self,1.0,0,96,
2025-11-27T02:59:43.278559+00:00,train,1,287,self,1.0,0,97,
2025-11-27T02:59:43.278687+00:00,train,1,288,self,1.0,0,99,
2025-11-27T02:59:43.278816+00:00,train,1,289,self,1.0,0,82,
2025-11-27T02:59:43.278944+00:00,train,1,290,self,1.0,0,100,
2025-11-27T02:59:43.279072+00:00,train,1,291,self,1.0,0,100,
2025-11-27T02:59:43.279199+00:00,train,1,292,self,1.0,0,100,
2025-11-27T02:59:43.279326+00:00,train,1,293,self,1.0,0,92,
2025-11-27T02:59:43.279453+00:00,train,1,294,self,1.0,0,93,
2025-11-27T02:59:43.279579+00:00,train,1,295,self,1.0,0,99,
2025-11-27T02:59:43.279706+00:00,train,1,296,self,1.0,0,100,
2025-11-27T02:59:43.279833+00:00,train,1,297,self,1.0,0,92,
2025-11-27T02:59:43.279960+00:00,train,1,298,self,1.0,0,94,
2025-11-27T02:59:43.280087+00:00,train,1,299,self,1.0,0,92,
2025-11-27T02:59:43.280214+00:00,train,1,300,self,1.0,0,100,
2025-11-27T02:59:43.280374+00:00,train,1,301,self,1.0,0,94,
2025-11-27T02:59:43.280551+00:00,train,1,302,self,1.0,0,99,
2025-11-27T02:59:43.280691+00:00,train,1,303,self,1.0,0,94,
2025-11-27T02:59:43.280823+00:00,train,1,304,self,1.0,0,99,
2025-11-27T02:59:43.280950+00:00,train,1,305,self,1.0,0,99,
2025-11-27T02:59:43.281093+00:00,train,1,306,self,1.0,0,100,
2025-11-27T02:59:43.281216+00:00,train,1,307,self,1.0,0,76,
2025-11-27T02:59:43.281356+00:00,train,1,308,self,1.0,0,94,
2025-11-27T02:59:43.281476+00:00,train,1,309,self,1.0,0,95,
2025-11-27T02:59:43.281621+00:00,train,1,310,self,1.0,0,99,
2025-11-27T02:59:43.281744+00:00,train,1,311,self,1.0,0,96,
2025-11-27T02:59:43.281879+00:00,train,1,312,self,1.0,0,100,
2025-11-27T02:59:43.282000+00:00,train,1,313,self,1.0,0,91,
2025-11-27T02:59:43.282120+00:00,train,1,314,self,1.0,0,95,
2025-11-27T02:59:43.282240+00:00,train,1,315,self,1.0,0,99,
2025-11-27T02:59:43.282359+00:00,train,1,316,self,1.0,0,100,
2025-11-27T02:59:43.282478+00:00,train,1,317,self,1.0,0,87,
2025-11-27T02:59:43.282599+00:00,train,1,318,self,1.0,0,100,
2025-11-27T02:59:43.282718+00:00,train,1,319,self,1.0,0,91,
2025-11-27T02:59:43.282838+00:00,train,1,320,self,1.0,0,98,
2025-11-27T02:59:43.282957+00:00,train,1,321,self,1.0,0,89,
2025-11-27T02:59:43.283090+00:00,train,1,322,self,1.0,0,99,
2025-11-27T02:59:43.283206+00:00,train,1,323,self,1.0,0,98,
2025-11-27T02:59:43.283322+00:00,train,1,324,self,1.0,0,98,
2025-11-27T02:59:43.283439+00:00,train,1,325,self,1.0,0,99,
2025-11-27T02:59:43.283554+00:00,train,1,326,self,1.0,0,100,
2025-11-27T02:59:43.283670+00:00,train,1,327,self,1.0,0,94,
2025-11-27T02:59:43.283786+00:00,train,1,328,self,1.0,0,94,
2025-11-27T02:59:43.283902+00:00,train,1,329,self,1.0,0,81,
2025-11-27T02:59:43.284018+00:00,train,1,330,self,1.0,0,95,
2025-11-27T02:59:43.284147+00:00,train,1,331,self,1.0,0,99,
2025-11-27T02:59:43.284260+00:00,train,1,332,self,1.0,0,99,
2025-11-27T02:59:43.284372+00:00,train,1,333,self,1.0,0,94,
2025-11-27T02:59:43.284485+00:00,train,1,334,self,1.0,0,97,
2025-11-27T02:59:43.284598+00:00,train,1,335,self,1.0,0,96,
2025-11-27T02:59:43.284770+00:00,train,1,336,self,1.0,0,100,
2025-11-27T02:59:43.284885+00:00,train,1,337,self,1.0,0,97,
2025-11-27T02:59:43.285000+00:00,train,1,338,self,1.0,0,99,
2025-11-27T02:59:43.285126+00:00,train,1,339,self,1.0,0,86,
2025-11-27T02:59:43.285236+00:00,train,1,340,self,1.0,0,92,
2025-11-27T02:59:43.285346+00:00,train,1,341,self,1.0,0,84,
2025-11-27T02:59:43.285455+00:00,train,1,342,self,1.0,0,100,
2025-11-27T02:59:43.285564+00:00,train,1,343,self,1.0,0,89,
2025-11-27T02:59:43.285674+00:00,train,1,344,self,1.0,0,92,
2025-11-27T02:59:43.285783+00:00,train,1,345,self,1.0,0,98,
2025-11-27T02:59:43.285892+00:00,train,1,346,self,1.0,0,100,
2025-11-27T02:59:43.286001+00:00,train,1,347,self,1.0,0,99,
2025-11-27T02:59:43.286123+00:00,train,1,348,self,1.0,0,100,
2025-11-27T02:59:43.286230+00:00,train,1,349,self,1.0,0,94,
2025-11-27T02:59:43.286336+00:00,train,1,350,self,1.0,0,98,
2025-11-27T02:59:43.286442+00:00,train,1,351,self,1.0,0,95,
2025-11-27T02:59:43.286549+00:00,train,1,352,self,1.0,0,100,
2025-11-27T02:59:43.286655+00:00,train,1,353,self,1.0,0,93,
2025-11-27T02:59:43.286761+00:00,train,1,354,self,1.0,0,95,
2025-11-27T02:59:43.286868+00:00,train,1,355,self,1.0,0,91,
2025-11-27T02:59:43.286974+00:00,train,1,356,self,1.0,0,96,
2025-11-27T02:59:43.287080+00:00,train,1,357,self,1.0,0,94,
2025-11-27T02:59:43.287198+00:00,train,1,358,self,1.0,0,94,
2025-11-27T02:59:43.287301+00:00,train,1,359,self,1.0,0,93,
2025-11-27T02:59:43.287404+00:00,train,1,360,self,1.0,0,98,
2025-11-27T02:59:43.287508+00:00,train,1,361,self,1.0,0,98,
2025-11-27T02:59:43.287611+00:00,train,1,362,self,1.0,0,98,
2025-11-27T02:59:43.287714+00:00,train,1,363,self,1.0,0,94,
2025-11-27T02:59:43.287817+00:00,train,1,364,self,1.0,0,96,
2025-11-27T02:59:43.287921+00:00,train,1,365,self,1.0,0,92,
2025-11-27T02:59:43.288024+00:00,train,1,366,self,1.0,0,93,
2025-11-27T02:59:43.288141+00:00,train,1,367,self,1.0,0,94,
2025-11-27T02:59:43.288241+00:00,train,1,368,self,1.0,0,94,
2025-11-27T02:59:43.288342+00:00,train,1,369,self,1.0,0,85,
2025-11-27T02:59:43.288443+00:00,train,1,370,self,1.0,0,100,
2025-11-27T02:59:43.288543+00:00,train,1,371,self,1.0,0,90,
2025-11-27T02:59:43.288644+00:00,train,1,372,self,1.0,0,99,
2025-11-27T02:59:43.288745+00:00,train,1,373,self,1.0,0,92,
2025-11-27T02:59:43.288845+00:00,train,1,374,self,1.0,0,99,
2025-11-27T02:59:43.288946+00:00,train,1,375,self,1.0,0,100,
2025-11-27T02:59:43.289047+00:00,train,1,376,self,1.0,0,100,
2025-11-27T02:59:43.289160+00:00,train,1,377,self,1.0,0,93,
2025-11-27T02:59:43.289258+00:00,train,1,378,self,1.0,0,100,
2025-11-27T02:59:43.289356+00:00,train,1,379,self,1.0,0,98,
2025-11-27T02:59:43.289454+00:00,train,1,380,self,1.0,0,99,
2025-11-27T02:59:43.289551+00:00,train,1,381,self,1.0,0,97,
2025-11-27T02:59:43.289649+00:00,train,1,382,self,1.0,0,98,
2025-11-27T02:59:43.289747+00:00,train,1,383,self,1.0,0,99,
2025-11-27T02:59:43.289845+00:00,train,1,384,self,1.0,0,99,
2025-11-27T02:59:43.289943+00:00,train,1,385,self,1.0,0,96,
2025-11-27T02:59:43.290041+00:00,train,1,386,self,1.0,0,98,
2025-11-27T02:59:43.290150+00:00,train,1,387,self,1.0,0,97,
2025-11-27T02:59:43.290246+00:00,train,1,388,self,1.0,0,98,
2025-11-27T02:59:43.290342+00:00,train,1,389,self,1.0,0,98,
2025-11-27T02:59:43.290481+00:00,train,1,390,self,1.0,0,98,
2025-11-27T02:59:43.290577+00:00,train,1,391,self,1.0,0,92,
2025-11-27T02:59:43.290753+00:00,train,1,392,self,1.0,0,96,
2025-11-27T02:59:43.290849+00:00,train,1,393,self,1.0,0,98,
2025-11-27T02:59:43.290962+00:00,train,1,394,self,1.0,0,99,
2025-11-27T02:59:43.291059+00:00,train,1,395,self,1.0,0,96,
2025-11-27T02:59:43.291174+00:00,train,1,396,self,1.0,0,97,
2025-11-27T02:59:43.291270+00:00,train,1,397,self,1.0,0,97,
2025-11-27T02:59:43.291480+00:00,train,1,398,self,1.0,0,99,
2025-11-27T02:59:43.291676+00:00,train,1,399,self,1.0,0,91,
2025-11-27T02:59:43.291784+00:00,train,1,400,self,1.0,0,100,
2025-11-27T02:59:43.291888+00:00,train,1,401,self,1.0,0,98,
2025-11-27T02:59:43.291989+00:00,train,1,402,self,1.0,0,98,
2025-11-27T02:59:43.292138+00:00,train,1,403,self,1.0,0,91,
2025-11-27T02:59:43.292242+00:00,train,1,404,self,1.0,0,98,
2025-11-27T02:59:43.292343+00:00,train,1,405,self,1.0,0,97,
2025-11-27T02:59:43.292443+00:00,train,1,406,self,1.0,0,99,
2025-11-27T02:59:43.292543+00:00,train,1,407,self,1.0,0,96,
2025-11-27T02:59:43.292642+00:00,train,1,408,self,1.0,0,98,
2025-11-27T02:59:43.292742+00:00,train,1,409,self,1.0,0,87,
2025-11-27T02:59:43.292842+00:00,train,1,410,self,1.0,0,95,
2025-11-27T02:59:43.292942+00:00,train,1,411,self,1.0,0,93,
2025-11-27T02:59:43.293040+00:00,train,1,412,self,1.0,0,100,
2025-11-27T02:59:43.293139+00:00,train,1,413,self,1.0,0,99,
2025-11-27T02:59:43.293238+00:00,train,1,414,self,1.0,0,100,
2025-11-27T02:59:43.293337+00:00,train,1,415,self,1.0,0,96,
2025-11-27T02:59:43.293436+00:00,train,1,416,self,1.0,0,98,
2025-11-27T02:59:43.293535+00:00,train,1,417,self,1.0,0,95,
2025-11-27T02:59:43.293634+00:00,train,1,418,self,1.0,0,96,
2025-11-27T02:59:43.293732+00:00,train,1,419,self,1.0,0,88,
2025-11-27T02:59:43.293831+00:00,train,1,420,self,1.0,0,89,
2025-11-27T02:59:43.293930+00:00,train,1,421,self,1.0,0,90,
2025-11-27T02:59:43.294028+00:00,train,1,422,self,1.0,0,98,
2025-11-27T02:59:43.294127+00:00,train,1,423,self,1.0,0,93,
2025-11-27T02:59:43.294225+00:00,train,1,424,self,1.0,0,94,
2025-11-27T02:59:43.294324+00:00,train,1,425,self,1.0,0,93,
2025-11-27T02:59:43.294423+00:00,train,1,426,self,1.0,0,98,
2025-11-27T02:59:43.294541+00:00,train,1,427,self,1.0,0,95,
2025-11-27T02:59:43.294677+00:00,train,1,428,self,1.0,0,97,
2025-11-27T02:59:43.294776+00:00,train,1,429,self,1.0,0,96,
2025-11-27T02:59:43.294875+00:00,train,1,430,self,1.0,0,96,
2025-11-27T02:59:43.294973+00:00,train,1,431,self,1.0,0,100,
2025-11-27T02:59:43.295072+00:00,train,1,432,self,1.0,0,100,
2025-11-27T02:59:43.295171+00:00,train,1,433,self,1.0,0,95,
2025-11-27T02:59:43.295270+00:00,train,1,434,self,1.0,0,98,
2025-11-27T02:59:43.295369+00:00,train,1,435,self,1.0,0,98,
2025-11-27T02:59:43.295468+00:00,train,1,436,self,1.0,0,100,
2025-11-27T02:59:43.295567+00:00,train,1,437,self,1.0,0,97,
2025-11-27T02:59:43.295666+00:00,train,1,438,self,1.0,0,100,
2025-11-27T02:59:43.295810+00:00,train,1,439,self,1.0,0,97,
2025-11-27T02:59:43.295908+00:00,train,1,440,self,1.0,0,99,
2025-11-27T02:59:43.296007+00:00,train,1,441,self,1.0,0,80,
2025-11-27T02:59:43.296105+00:00,train,1,442,self,1.0,0,98,
2025-11-27T02:59:43.296204+00:00,train,1,443,self,1.0,0,86,
2025-11-27T02:59:43.296303+00:00,train,1,444,self,1.0,0,95,
2025-11-27T02:59:43.296401+00:00,train,1,445,self,1.0,0,94,
2025-11-27T02:59:43.296500+00:00,train,1,446,self,1.0,0,97,
2025-11-27T02:59:43.296599+00:00,train,1,447,self,1.0,0,91,
2025-11-27T02:59:43.296697+00:00,train,1,448,self,1.0,0,93,
2025-11-27T02:59:43.296796+00:00,train,1,449,self,1.0,0,98,
2025-11-27T02:59:43.296894+00:00,train,1,450,self,1.0,0,99,
2025-11-27T02:59:43.296993+00:00,train,1,451,self,1.0,0,90,
2025-11-27T02:59:43.297092+00:00,train,1,452,self,1.0,0,99,
2025-11-27T02:59:43.297191+00:00,train,1,453,self,1.0,0,96,
2025-11-27T02:59:43.297289+00:00,train,1,454,self,1.0,0,96,
2025-11-27T02:59:43.297388+00:00,train,1,455,self,1.0,0,98,
2025-11-27T02:59:43.297486+00:00,train,1,456,self,1.0,0,100,
2025-11-27T02:59:43.297584+00:00,train,1,457,self,1.0,0,90,
2025-11-27T02:59:43.297682+00:00,train,1,458,self,1.0,0,97,
2025-11-27T02:59:43.297781+00:00,train,1,459,self,1.0,0,99,
2025-11-27T02:59:43.297880+00:00,train,1,460,self,1.0,0,100,
2025-11-27T02:59:43.297978+00:00,train,1,461,self,1.0,0,97,
2025-11-27T02:59:43.298076+00:00,train,1,462,self,1.0,0,99,
2025-11-27T02:59:43.298173+00:00,train,1,463,self,1.0,0,95,
2025-11-27T02:59:43.298272+00:00,train,1,464,self,1.0,0,100,
2025-11-27T02:59:43.298371+00:00,train,1,465,self,1.0,0,86,
2025-11-27T02:59:43.298469+00:00,train,1,466,self,1.0,0,99,
2025-11-27T02:59:43.298568+00:00,train,1,467,self,1.0,0,96,
2025-11-27T02:59:43.298666+00:00,train,1,468,self,1.0,0,97,
2025-11-27T02:59:43.298764+00:00,train,1,469,self,1.0,0,94,
2025-11-27T02:59:43.298897+00:00,train,1,470,self,1.0,0,98,
2025-11-27T02:59:43.298996+00:00,train,1,471,self,1.0,0,95,
2025-11-27T02:59:43.299093+00:00,train,1,472,self,1.0,0,99,
2025-11-27T02:59:43.299190+00:00,train,1,473,self,1.0,0,87,
2025-11-27T02:59:43.299286+00:00,train,1,474,self,1.0,0,100,
2025-11-27T02:59:43.299383+00:00,train,1,475,self,1.0,0,100,
2025-11-27T02:59:43.299480+00:00,train,1,476,self,1.0,0,100,
2025-11-27T02:59:43.299577+00:00,train,1,477,self,1.0,0,94,
2025-11-27T02:59:43.299674+00:00,train,1,478,self,1.0,0,98,
2025-11-27T02:59:43.299770+00:00,train,1,479,self,1.0,0,97,
2025-11-27T02:59:43.299867+00:00,train,1,480,self,1.0,0,98,
2025-11-27T02:59:43.299964+00:00,train,1,481,self,1.0,0,95,
2025-11-27T02:59:43.300060+00:00,train,1,482,self,1.0,0,100,
2025-11-27T02:59:43.300160+00:00,train,1,483,self,1.0,0,95,
2025-11-27T02:59:43.300257+00:00,train,1,484,self,1.0,0,95,
2025-11-27T02:59:43.300355+00:00,train,1,485,self,1.0,0,84,
2025-11-27T02:59:43.300451+00:00,train,1,486,self,1.0,0,92,
2025-11-27T02:59:43.300548+00:00,train,1,487,self,1.0,0,92,
2025-11-27T02:59:43.300645+00:00,train,1,488,self,1.0,0,99,
2025-11-27T02:59:43.300825+00:00,train,1,489,self,1.0,0,90,
2025-11-27T02:59:43.300923+00:00,train,1,490,self,1.0,0,100,
2025-11-27T02:59:43.301037+00:00,train,1,491,self,1.0,0,87,
2025-11-27T02:59:43.301135+00:00,train,1,492,self,1.0,0,98,
2025-11-27T02:59:43.301232+00:00,train,1,493,self,1.0,0,88,
2025-11-27T02:59:43.301344+00:00,train,1,494,self,1.0,0,99,
2025-11-27T02:59:43.301442+00:00,train,1,495,self,1.0,0,91,
2025-11-27T02:59:43.301554+00:00,train,1,496,self,1.0,0,93,
2025-11-27T02:59:43.301651+00:00,train,1,497,self,1.0,0,93,
2025-11-27T02:59:43.301748+00:00,train,1,498,self,1.0,0,93,
2025-11-27T02:59:43.301938+00:00,train,1,499,self,1.0,0,90,
2025-11-27T02:59:43.302052+00:00,train,1,500,self,1.0,0,96,
2025-11-27T02:59:43.304382+00:00,train,1,501,self,1.0,0,94,
2025-11-27T02:59:43.304509+00:00,train,1,502,self,1.0,0,99,
2025-11-27T02:59:43.304727+00:00,train,1,503,self,1.0,0,85,
2025-11-27T02:59:43.304850+00:00,train,1,504,self,1.0,0,98,
2025-11-27T02:59:43.304965+00:00,train,1,505,self,1.0,0,78,
2025-11-27T02:59:43.305108+00:00,train,1,506,self,1.0,0,94,
2025-11-27T02:59:43.305224+00:00,train,1,507,self,1.0,0,91,
2025-11-27T02:59:43.305384+00:00,train,1,508,self,1.0,0,94,
2025-11-27T02:59:43.305508+00:00,train,1,509,self,1.0,0,96,
2025-11-27T02:59:43.305638+00:00,train,1,510,self,1.0,0,97,
2025-11-27T02:59:43.305750+00:00,train,1,511,self,1.0,0,97,
2025-11-27T02:59:43.305901+00:00,train,1,512,self,1.0,0,99,
2025-11-27T02:59:43.306016+00:00,train,1,513,self,1.0,0,94,
2025-11-27T02:59:43.306177+00:00,train,1,514,self,1.0,0,100,
2025-11-27T02:59:43.306299+00:00,train,1,515,self,1.0,0,97,
2025-11-27T02:59:43.306450+00:00,train,1,516,self,1.0,0,100,
2025-11-27T02:59:43.306567+00:00,train,1,517,self,1.0,0,86,
2025-11-27T02:59:43.306697+00:00,train,1,518,self,1.0,0,100,
2025-11-27T02:59:43.306802+00:00,train,1,519,self,1.0,0,95,
2025-11-27T02:59:43.306968+00:00,train,1,520,self,1.0,0,100,
2025-11-27T02:59:43.307091+00:00,train,1,521,self,1.0,0,99,
2025-11-27T02:59:43.307206+00:00,train,1,522,self,1.0,0,100,
2025-11-27T02:59:43.307315+00:00,train,1,523,self,1.0,0,93,
2025-11-27T02:59:43.307441+00:00,train,1,524,self,1.0,0,95,
2025-11-27T02:59:43.307548+00:00,train,1,525,self,1.0,0,89,
2025-11-27T02:59:43.307674+00:00,train,1,526,self,1.0,0,95,
2025-11-27T02:59:43.307778+00:00,train,1,527,self,1.0,0,99,
2025-11-27T02:59:43.308105+00:00,train,1,528,self,1.0,0,100,
2025-11-27T02:59:43.308241+00:00,train,1,529,self,1.0,0,92,
2025-11-27T02:59:43.308376+00:00,train,1,530,self,1.0,0,99,
2025-11-27T02:59:43.308482+00:00,train,1,531,self,1.0,0,89,
2025-11-27T02:59:43.308645+00:00,train,1,532,self,1.0,0,100,
2025-11-27T02:59:43.308768+00:00,train,1,533,self,1.0,0,84,
2025-11-27T02:59:43.308919+00:00,train,1,534,self,1.0,0,96,
2025-11-27T02:59:43.309041+00:00,train,1,535,self,1.0,0,80,
2025-11-27T02:59:43.309201+00:00,train,1,536,self,1.0,0,95,
2025-11-27T02:59:43.309371+00:00,train,1,537,self,1.0,0,99,
2025-11-27T02:59:43.309487+00:00,train,1,538,self,1.0,0,100,
2025-11-27T02:59:43.309616+00:00,train,1,539,self,1.0,0,89,
2025-11-27T02:59:43.309725+00:00,train,1,540,self,1.0,0,99,
2025-11-27T02:59:43.309849+00:00,train,1,541,self,1.0,0,100,
2025-11-27T02:59:43.309954+00:00,train,1,542,self,1.0,0,100,
2025-11-27T02:59:43.310066+00:00,train,1,543,self,1.0,0,87,
2025-11-27T02:59:43.310171+00:00,train,1,544,self,1.0,0,99,
2025-11-27T02:59:43.310273+00:00,train,1,545,self,1.0,0,87,
2025-11-27T02:59:43.310381+00:00,train,1,546,self,1.0,0,96,
2025-11-27T02:59:43.310483+00:00,train,1,547,self,1.0,0,100,
2025-11-27T02:59:43.310592+00:00,train,1,548,self,1.0,0,100,
2025-11-27T02:59:43.310693+00:00,train,1,549,self,1.0,0,96,
2025-11-27T02:59:43.310802+00:00,train,1,550,self,1.0,0,97,
2025-11-27T02:59:43.310911+00:00,train,1,551,self,1.0,0,81,
2025-11-27T02:59:43.311016+00:00,train,1,552,self,1.0,0,100,
2025-11-27T02:59:43.311121+00:00,train,1,553,self,1.0,0,86,
2025-11-27T02:59:43.311222+00:00,train,1,554,self,1.0,0,96,
2025-11-27T02:59:43.311330+00:00,train,1,555,self,1.0,0,95,
2025-11-27T02:59:43.311431+00:00,train,1,556,self,1.0,0,98,
2025-11-27T02:59:43.311539+00:00,train,1,557,self,1.0,0,85,
2025-11-27T02:59:43.311640+00:00,train,1,558,self,1.0,0,99,
2025-11-27T02:59:43.311747+00:00,train,1,559,self,1.0,0,88,
2025-11-27T02:59:43.311848+00:00,train,1,560,self,1.0,0,97,
2025-11-27T02:59:43.311958+00:00,train,1,561,self,1.0,0,94,
2025-11-27T02:59:43.312063+00:00,train,1,562,self,1.0,0,98,
2025-11-27T02:59:43.312186+00:00,train,1,563,self,1.0,0,91,
2025-11-27T02:59:43.312289+00:00,train,1,564,self,1.0,0,100,
2025-11-27T02:59:43.312397+00:00,train,1,565,self,1.0,0,91,
2025-11-27T02:59:43.312499+00:00,train,1,566,self,1.0,0,99,
2025-11-27T02:59:43.312607+00:00,train,1,567,self,1.0,0,97,
2025-11-27T02:59:43.312708+00:00,train,1,568,self,1.0,0,98,
2025-11-27T02:59:43.312816+00:00,train,1,569,self,1.0,0,94,
2025-11-27T02:59:43.312921+00:00,train,1,570,self,1.0,0,100,
2025-11-27T02:59:43.313022+00:00,train,1,571,self,1.0,0,96,
2025-11-27T02:59:43.313129+00:00,train,1,572,self,1.0,0,97,
2025-11-27T02:59:43.313230+00:00,train,1,573,self,1.0,0,95,
2025-11-27T02:59:43.313337+00:00,train,1,574,self,1.0,0,99,
2025-11-27T02:59:43.313438+00:00,train,1,575,self,1.0,0,94,
2025-11-27T02:59:43.313546+00:00,train,1,576,self,1.0,0,96,
2025-11-27T02:59:43.313647+00:00,train,1,577,self,1.0,0,99,
2025-11-27T02:59:43.313754+00:00,train,1,578,self,1.0,0,100,
2025-11-27T02:59:43.313855+00:00,train,1,579,self,1.0,0,96,
2025-11-27T02:59:43.313962+00:00,train,1,580,self,1.0,0,96,
2025-11-27T02:59:43.314066+00:00,train,1,581,self,1.0,0,88,
2025-11-27T02:59:43.314167+00:00,train,1,582,self,1.0,0,94,
2025-11-27T02:59:43.314274+00:00,train,1,583,self,1.0,0,92,
2025-11-27T02:59:43.314375+00:00,train,1,584,self,1.0,0,97,
2025-11-27T02:59:43.314482+00:00,train,1,585,self,1.0,0,94,
2025-11-27T02:59:43.314583+00:00,train,1,586,self,1.0,0,95,
2025-11-27T02:59:43.314690+00:00,train,1,587,self,1.0,0,96,
2025-11-27T02:59:43.314791+00:00,train,1,588,self,1.0,0,100,
2025-11-27T02:59:43.314898+00:00,train,1,589,self,1.0,0,97,
2025-11-27T02:59:43.315002+00:00,train,1,590,self,1.0,0,99,
2025-11-27T02:59:43.315104+00:00,train,1,591,self,1.0,0,95,
2025-11-27T02:59:43.315210+00:00,train,1,592,self,1.0,0,100,
2025-11-27T02:59:43.315311+00:00,train,1,593,self,1.0,0,90,
2025-11-27T02:59:43.315418+00:00,train,1,594,self,1.0,0,99,
2025-11-27T02:59:43.315519+00:00,train,1,595,self,1.0,0,95,
2025-11-27T02:59:43.315626+00:00,train,1,596,self,1.0,0,100,
2025-11-27T02:59:43.315727+00:00,train,1,597,self,1.0,0,90,
2025-11-27T02:59:43.315835+00:00,train,1,598,self,1.0,0,94,
2025-11-27T02:59:43.315937+00:00,train,1,599,self,1.0,0,100,
2025-11-27T02:59:43.316044+00:00,train,1,600,self,1.0,0,100,
2025-11-27T02:59:43.316148+00:00,train,1,601,self,1.0,0,94,
2025-11-27T02:59:43.316249+00:00,train,1,602,self,1.0,0,100,
2025-11-27T02:59:43.316357+00:00,train,1,603,self,1.0,0,93,
2025-11-27T02:59:43.316515+00:00,train,1,604,self,1.0,0,98,
2025-11-27T02:59:43.316619+00:00,train,1,605,self,1.0,0,91,
2025-11-27T02:59:43.316726+00:00,train,1,606,self,1.0,0,99,
2025-11-27T02:59:43.316830+00:00,train,1,607,self,1.0,0,77,
2025-11-27T02:59:43.316931+00:00,train,1,608,self,1.0,0,99,
2025-11-27T02:59:43.317037+00:00,train,1,609,self,1.0,0,87,
2025-11-27T02:59:43.317138+00:00,train,1,610,self,1.0,0,100,
2025-11-27T02:59:43.317246+00:00,train,1,611,self,1.0,0,98,
2025-11-27T02:59:43.317346+00:00,train,1,612,self,1.0,0,99,
2025-11-27T02:59:43.317454+00:00,train,1,613,self,1.0,0,91,
2025-11-27T02:59:43.317555+00:00,train,1,614,self,1.0,0,92,
2025-11-27T02:59:43.317662+00:00,train,1,615,self,1.0,0,87,
2025-11-27T02:59:43.317766+00:00,train,1,616,self,1.0,0,95,
2025-11-27T02:59:43.317867+00:00,train,1,617,self,1.0,0,88,
2025-11-27T02:59:43.317974+00:00,train,1,618,self,1.0,0,98,
2025-11-27T02:59:43.318076+00:00,train,1,619,self,1.0,0,86,
2025-11-27T02:59:43.318183+00:00,train,1,620,self,1.0,0,93,
2025-11-27T02:59:43.318284+00:00,train,1,621,self,1.0,0,90,
2025-11-27T02:59:43.318391+00:00,train,1,622,self,1.0,0,94,
2025-11-27T02:59:43.318492+00:00,train,1,623,self,1.0,0,95,
2025-11-27T02:59:43.318599+00:00,train,1,624,self,1.0,0,96,
2025-11-27T02:59:43.318700+00:00,train,1,625,self,1.0,0,97,
2025-11-27T02:59:43.318807+00:00,train,1,626,self,1.0,0,99,
2025-11-27T02:59:43.318911+00:00,train,1,627,self,1.0,0,75,
2025-11-27T02:59:43.319013+00:00,train,1,628,self,1.0,0,95,
2025-11-27T02:59:43.319120+00:00,train,1,629,self,1.0,0,97,
2025-11-27T02:59:43.319221+00:00,train,1,630,self,1.0,0,100,
2025-11-27T02:59:43.319328+00:00,train,1,631,self,1.0,0,86,
2025-11-27T02:59:43.319430+00:00,train,1,632,self,1.0,0,97,
2025-11-27T02:59:43.319538+00:00,train,1,633,self,1.0,0,87,
2025-11-27T02:59:43.319639+00:00,train,1,634,self,1.0,0,98,
2025-11-27T02:59:43.319747+00:00,train,1,635,self,1.0,0,90,
2025-11-27T02:59:43.319851+00:00,train,1,636,self,1.0,0,96,
2025-11-27T02:59:43.319955+00:00,train,1,637,self,1.0,0,98,
2025-11-27T02:59:43.320059+00:00,train,1,638,self,1.0,0,100,
2025-11-27T02:59:43.320161+00:00,train,1,639,self,1.0,0,87,
2025-11-27T02:59:43.320268+00:00,train,1,640,self,1.0,0,97,
2025-11-27T02:59:43.320368+00:00,train,1,641,self,1.0,0,84,
2025-11-27T02:59:43.320475+00:00,train,1,642,self,1.0,0,94,
2025-11-27T02:59:43.320576+00:00,train,1,643,self,1.0,0,90,
2025-11-27T02:59:43.320683+00:00,train,1,644,self,1.0,0,94,
2025-11-27T02:59:43.320788+00:00,train,1,645,self,1.0,0,99,
2025-11-27T02:59:43.320894+00:00,train,1,646,self,1.0,0,100,
2025-11-27T02:59:43.321002+00:00,train,1,647,self,1.0,0,93,
2025-11-27T02:59:43.321104+00:00,train,1,648,self,1.0,0,100,
2025-11-27T02:59:43.321211+00:00,train,1,649,self,1.0,0,96,
2025-11-27T02:59:43.321312+00:00,train,1,650,self,1.0,0,96,
2025-11-27T02:59:43.321419+00:00,train,1,651,self,1.0,0,99,
2025-11-27T02:59:43.321519+00:00,train,1,652,self,1.0,0,99,
2025-11-27T02:59:43.321627+00:00,train,1,653,self,1.0,0,96,
2025-11-27T02:59:43.321728+00:00,train,1,654,self,1.0,0,100,
2025-11-27T02:59:43.321836+00:00,train,1,655,self,1.0,0,97,
2025-11-27T02:59:43.321938+00:00,train,1,656,self,1.0,0,100,
2025-11-27T02:59:43.322048+00:00,train,1,657,self,1.0,0,97,
2025-11-27T02:59:43.322156+00:00,train,1,658,self,1.0,0,98,
2025-11-27T02:59:43.322258+00:00,train,1,659,self,1.0,0,85,
2025-11-27T02:59:43.322365+00:00,train,1,660,self,1.0,0,95,
2025-11-27T02:59:43.322466+00:00,train,1,661,self,1.0,0,95,
2025-11-27T02:59:43.322573+00:00,train,1,662,self,1.0,0,99,
2025-11-27T02:59:43.322674+00:00,train,1,663,self,1.0,0,99,
2025-11-27T02:59:43.322781+00:00,train,1,664,self,1.0,0,99,
2025-11-27T02:59:43.322882+00:00,train,1,665,self,1.0,0,85,
2025-11-27T02:59:43.322994+00:00,train,1,666,self,1.0,0,98,
2025-11-27T02:59:43.323099+00:00,train,1,667,self,1.0,0,94,
2025-11-27T02:59:43.323201+00:00,train,1,668,self,1.0,0,97,
2025-11-27T02:59:43.323309+00:00,train,1,669,self,1.0,0,97,
2025-11-27T02:59:43.323410+00:00,train,1,670,self,1.0,0,97,
2025-11-27T02:59:43.323563+00:00,train,1,671,self,1.0,0,88,
2025-11-27T02:59:43.323666+00:00,train,1,672,self,1.0,0,95,
2025-11-27T02:59:43.323773+00:00,train,1,673,self,1.0,0,96,
2025-11-27T02:59:43.323875+00:00,train,1,674,self,1.0,0,97,
2025-11-27T02:59:43.323983+00:00,train,1,675,self,1.0,0,98,
2025-11-27T02:59:43.324084+00:00,train,1,676,self,1.0,0,99,
2025-11-27T02:59:43.324191+00:00,train,1,677,self,1.0,0,98,
2025-11-27T02:59:43.324293+00:00,train,1,678,self,1.0,0,99,
2025-11-27T02:59:43.324399+00:00,train,1,679,self,1.0,0,98,
2025-11-27T02:59:43.324500+00:00,train,1,680,self,1.0,0,98,
2025-11-27T02:59:43.324608+00:00,train,1,681,self,1.0,0,69,
2025-11-27T02:59:43.324709+00:00,train,1,682,self,1.0,0,95,
2025-11-27T02:59:43.324817+00:00,train,1,683,self,1.0,0,93,
2025-11-27T02:59:43.324918+00:00,train,1,684,self,1.0,0,98,
2025-11-27T02:59:43.325025+00:00,train,1,685,self,1.0,0,83,
2025-11-27T02:59:43.325128+00:00,train,1,686,self,1.0,0,99,
2025-11-27T02:59:43.325229+00:00,train,1,687,self,1.0,0,96,
2025-11-27T02:59:43.325336+00:00,train,1,688,self,1.0,0,98,
2025-11-27T02:59:43.325437+00:00,train,1,689,self,1.0,0,91,
2025-11-27T02:59:43.325544+00:00,train,1,690,self,1.0,0,96,
2025-11-27T02:59:43.325645+00:00,train,1,691,self,1.0,0,95,
2025-11-27T02:59:43.325751+00:00,train,1,692,self,1.0,0,97,
2025-11-27T02:59:43.325852+00:00,train,1,693,self,1.0,0,98,
2025-11-27T02:59:43.325960+00:00,train,1,694,self,1.0,0,100,
2025-11-27T02:59:43.326064+00:00,train,1,695,self,1.0,0,88,
2025-11-27T02:59:43.326166+00:00,train,1,696,self,1.0,0,94,
2025-11-27T02:59:43.326273+00:00,train,1,697,self,1.0,0,93,
2025-11-27T02:59:43.326374+00:00,train,1,698,self,1.0,0,100,
2025-11-27T02:59:43.326481+00:00,train,1,699,self,1.0,0,95,
2025-11-27T02:59:43.326581+00:00,train,1,700,self,1.0,0,100,
2025-11-27T02:59:43.326688+00:00,train,1,701,self,1.0,0,98,
2025-11-27T02:59:43.326789+00:00,train,1,702,self,1.0,0,99,
2025-11-27T02:59:43.326896+00:00,train,1,703,self,1.0,0,93,
2025-11-27T02:59:43.326998+00:00,train,1,704,self,1.0,0,95,
2025-11-27T02:59:43.327105+00:00,train,1,705,self,1.0,0,94,
2025-11-27T02:59:43.327209+00:00,train,1,706,self,1.0,0,95,
2025-11-27T02:59:43.327311+00:00,train,1,707,self,1.0,0,91,
2025-11-27T02:59:43.327417+00:00,train,1,708,self,1.0,0,99,
2025-11-27T02:59:43.327519+00:00,train,1,709,self,1.0,0,98,
2025-11-27T02:59:43.327626+00:00,train,1,710,self,1.0,0,98,
2025-11-27T02:59:43.327727+00:00,train,1,711,self,1.0,0,87,
2025-11-27T02:59:43.327834+00:00,train,1,712,self,1.0,0,100,
2025-11-27T02:59:43.327936+00:00,train,1,713,self,1.0,0,100,
2025-11-27T02:59:43.328087+00:00,train,1,714,self,1.0,0,100,
2025-11-27T02:59:43.328262+00:00,train,1,715,self,1.0,0,97,
2025-11-27T02:59:43.328385+00:00,train,1,716,self,1.0,0,98,
2025-11-27T02:59:43.328496+00:00,train,1,717,self,1.0,0,90,
2025-11-27T02:59:43.328602+00:00,train,1,718,self,1.0,0,99,
2025-11-27T02:59:43.328705+00:00,train,1,719,self,1.0,0,85,
2025-11-27T02:59:43.328825+00:00,train,1,720,self,1.0,0,100,
2025-11-27T02:59:43.328927+00:00,train,1,721,self,1.0,0,95,
2025-11-27T02:59:43.329043+00:00,train,1,722,self,1.0,0,99,
2025-11-27T02:59:43.329143+00:00,train,1,723,self,1.0,0,94,
2025-11-27T02:59:43.329258+00:00,train,1,724,self,1.0,0,98,
2025-11-27T02:59:43.329382+00:00,train,1,725,self,1.0,0,94,
2025-11-27T02:59:43.329511+00:00,train,1,726,self,1.0,0,97,
2025-11-27T02:59:43.329655+00:00,train,1,727,self,1.0,0,94,
2025-11-27T02:59:43.329777+00:00,train,1,728,self,1.0,0,98,
2025-11-27T02:59:43.329888+00:00,train,1,729,self,1.0,0,95,
2025-11-27T02:59:43.329995+00:00,train,1,730,self,1.0,0,97,
2025-11-27T02:59:43.330101+00:00,train,1,731,self,1.0,0,98,
2025-11-27T02:59:43.330204+00:00,train,1,732,self,1.0,0,99,
2025-11-27T02:59:43.330307+00:00,train,1,733,self,1.0,0,98,
2025-11-27T02:59:43.330408+00:00,train,1,734,self,1.0,0,99,
2025-11-27T02:59:43.330509+00:00,train,1,735,self,1.0,0,95,
2025-11-27T02:59:43.330610+00:00,train,1,736,self,1.0,0,97,
2025-11-27T02:59:43.330713+00:00,train,1,737,self,1.0,0,98,
2025-11-27T02:59:43.330860+00:00,train,1,738,self,1.0,0,99,
2025-11-27T02:59:43.330964+00:00,train,1,739,self,1.0,0,88,
2025-11-27T02:59:43.331066+00:00,train,1,740,self,1.0,0,98,
2025-11-27T02:59:43.331168+00:00,train,1,741,self,1.0,0,99,
2025-11-27T02:59:43.331270+00:00,train,1,742,self,1.0,0,99,
2025-11-27T02:59:43.331371+00:00,train,1,743,self,1.0,0,88,
2025-11-27T02:59:43.331473+00:00,train,1,744,self,1.0,0,100,
2025-11-27T02:59:43.331575+00:00,train,1,745,self,1.0,0,94,
2025-11-27T02:59:43.331676+00:00,train,1,746,self,1.0,0,98,
2025-11-27T02:59:43.331778+00:00,train,1,747,self,1.0,0,82,
2025-11-27T02:59:43.331909+00:00,train,1,748,self,1.0,0,98,
2025-11-27T02:59:43.332038+00:00,train,1,749,self,1.0,0,94,
2025-11-27T02:59:43.332141+00:00,train,1,750,self,1.0,0,99,
2025-11-27T02:59:43.332274+00:00,train,1,751,self,1.0,0,94,
2025-11-27T02:59:43.332376+00:00,train,1,752,self,1.0,0,95,
2025-11-27T02:59:43.332476+00:00,train,1,753,self,1.0,0,85,
2025-11-27T02:59:43.332663+00:00,train,1,754,self,1.0,0,86,
2025-11-27T02:59:43.332764+00:00,train,1,755,self,1.0,0,97,
2025-11-27T02:59:43.332865+00:00,train,1,756,self,1.0,0,99,
2025-11-27T02:59:43.332995+00:00,train,1,757,self,1.0,0,91,
2025-11-27T02:59:43.333098+00:00,train,1,758,self,1.0,0,98,
2025-11-27T02:59:43.333216+00:00,train,1,759,self,1.0,0,93,
2025-11-27T02:59:43.333317+00:00,train,1,760,self,1.0,0,100,
2025-11-27T02:59:43.333446+00:00,train,1,761,self,1.0,0,88,
2025-11-27T02:59:43.333547+00:00,train,1,762,self,1.0,0,98,
2025-11-27T02:59:43.333666+00:00,train,1,763,self,1.0,0,76,
2025-11-27T02:59:43.333766+00:00,train,1,764,self,1.0,0,99,
2025-11-27T02:59:43.333885+00:00,train,1,765,self,1.0,0,88,
2025-11-27T02:59:43.333987+00:00,train,1,766,self,1.0,0,97,
2025-11-27T02:59:43.334087+00:00,train,1,767,self,1.0,0,94,
2025-11-27T02:59:43.334190+00:00,train,1,768,self,1.0,0,95,
2025-11-27T02:59:43.334292+00:00,train,1,769,self,1.0,0,93,
2025-11-27T02:59:43.334392+00:00,train,1,770,self,1.0,0,99,
2025-11-27T02:59:43.334493+00:00,train,1,771,self,1.0,0,99,
2025-11-27T02:59:43.334593+00:00,train,1,772,self,1.0,0,100,
2025-11-27T02:59:43.334693+00:00,train,1,773,self,1.0,0,95,
2025-11-27T02:59:43.334794+00:00,train,1,774,self,1.0,0,100,
2025-11-27T02:59:43.334895+00:00,train,1,775,self,1.0,0,97,
2025-11-27T02:59:43.334995+00:00,train,1,776,self,1.0,0,99,
2025-11-27T02:59:43.335096+00:00,train,1,777,self,1.0,0,99,
2025-11-27T02:59:43.335196+00:00,train,1,778,self,1.0,0,99,
2025-11-27T02:59:43.335296+00:00,train,1,779,self,1.0,0,99,
2025-11-27T02:59:43.335396+00:00,train,1,780,self,1.0,0,99,
2025-11-27T02:59:43.335496+00:00,train,1,781,self,1.0,0,92,
2025-11-27T02:59:43.335597+00:00,train,1,782,self,1.0,0,99,
2025-11-27T02:59:43.335697+00:00,train,1,783,self,1.0,0,93,
2025-11-27T02:59:43.335797+00:00,train,1,784,self,1.0,0,99,
2025-11-27T02:59:43.335897+00:00,train,1,785,self,1.0,0,85,
2025-11-27T02:59:43.335997+00:00,train,1,786,self,1.0,0,88,
2025-11-27T02:59:43.336098+00:00,train,1,787,self,1.0,0,89,
2025-11-27T02:59:43.336198+00:00,train,1,788,self,1.0,0,94,
2025-11-27T02:59:43.336298+00:00,train,1,789,self,1.0,0,94,
2025-11-27T02:59:43.336398+00:00,train,1,790,self,1.0,0,95,
2025-11-27T02:59:43.336498+00:00,train,1,791,self,1.0,0,97,
2025-11-27T02:59:43.336599+00:00,train,1,792,self,1.0,0,98,
2025-11-27T02:59:43.336699+00:00,train,1,793,self,1.0,0,78,
2025-11-27T02:59:43.336799+00:00,train,1,794,self,1.0,0,94,
2025-11-27T02:59:43.336899+00:00,train,1,795,self,1.0,0,95,
2025-11-27T02:59:43.337000+00:00,train,1,796,self,1.0,0,97,
2025-11-27T02:59:43.337100+00:00,train,1,797,self,1.0,0,91,
2025-11-27T02:59:43.337200+00:00,train,1,798,self,1.0,0,93,
2025-11-27T02:59:43.337301+00:00,train,1,799,self,1.0,0,92,
2025-11-27T02:59:43.337401+00:00,train,1,800,self,1.0,0,97,
2025-11-27T02:59:43.337501+00:00,train,1,801,self,1.0,0,96,
2025-11-27T02:59:43.337602+00:00,train,1,802,self,1.0,0,96,
2025-11-27T02:59:43.337702+00:00,train,1,803,self,1.0,0,93,
2025-11-27T02:59:43.337802+00:00,train,1,804,self,1.0,0,96,
2025-11-27T02:59:43.337955+00:00,train,1,805,self,1.0,0,100,
2025-11-27T02:59:43.338058+00:00,train,1,806,self,1.0,0,100,
2025-11-27T02:59:43.338159+00:00,train,1,807,self,1.0,0,90,
2025-11-27T02:59:43.338260+00:00,train,1,808,self,1.0,0,97,
2025-11-27T02:59:43.338360+00:00,train,1,809,self,1.0,0,98,
2025-11-27T02:59:43.338460+00:00,train,1,810,self,1.0,0,100,
2025-11-27T02:59:43.338561+00:00,train,1,811,self,1.0,0,99,
2025-11-27T02:59:43.338661+00:00,train,1,812,self,1.0,0,99,
2025-11-27T02:59:43.338762+00:00,train,1,813,self,1.0,0,93,
2025-11-27T02:59:43.338862+00:00,train,1,814,self,1.0,0,98,
2025-11-27T02:59:43.338962+00:00,train,1,815,self,1.0,0,95,
2025-11-27T02:59:43.339063+00:00,train,1,816,self,1.0,0,100,
2025-11-27T02:59:43.339163+00:00,train,1,817,self,1.0,0,92,
2025-11-27T02:59:43.339263+00:00,train,1,818,self,1.0,0,93,
2025-11-27T02:59:43.339364+00:00,train,1,819,self,1.0,0,95,
2025-11-27T02:59:43.339464+00:00,train,1,820,self,1.0,0,97,
2025-11-27T02:59:43.339564+00:00,train,1,821,self,1.0,0,96,
2025-11-27T02:59:43.339664+00:00,train,1,822,self,1.0,0,99,
2025-11-27T02:59:43.339764+00:00,train,1,823,self,1.0,0,98,
2025-11-27T02:59:43.339864+00:00,train,1,824,self,1.0,0,99,
2025-11-27T02:59:43.339965+00:00,train,1,825,self,1.0,0,92,
2025-11-27T02:59:43.340066+00:00,train,1,826,self,1.0,0,93,
2025-11-27T02:59:43.340166+00:00,train,1,827,self,1.0,0,91,
2025-11-27T02:59:43.340266+00:00,train,1,828,self,1.0,0,100,
2025-11-27T02:59:43.340366+00:00,train,1,829,self,1.0,0,93,
2025-11-27T02:59:43.340466+00:00,train,1,830,self,1.0,0,98,
2025-11-27T02:59:43.340565+00:00,train,1,831,self,1.0,0,96,
2025-11-27T02:59:43.340666+00:00,train,1,832,self,1.0,0,97,
2025-11-27T02:59:43.340766+00:00,train,1,833,self,1.0,0,95,
2025-11-27T02:59:43.340910+00:00,train,1,834,self,1.0,0,99,
2025-11-27T02:59:43.341029+00:00,train,1,835,self,1.0,0,95,
2025-11-27T02:59:43.341182+00:00,train,1,836,self,1.0,0,98,
2025-11-27T02:59:43.341301+00:00,train,1,837,self,1.0,0,96,
2025-11-27T02:59:43.341412+00:00,train,1,838,self,1.0,0,98,
2025-11-27T02:59:43.341565+00:00,train,1,839,self,1.0,0,95,
2025-11-27T02:59:43.341684+00:00,train,1,840,self,1.0,0,100,
2025-11-27T02:59:43.341836+00:00,train,1,841,self,1.0,0,95,
2025-11-27T02:59:43.341955+00:00,train,1,842,self,1.0,0,97,
2025-11-27T02:59:43.342126+00:00,train,1,843,self,1.0,0,91,
2025-11-27T02:59:43.342252+00:00,train,1,844,self,1.0,0,98,
2025-11-27T02:59:43.342368+00:00,train,1,845,self,1.0,0,99,
2025-11-27T02:59:43.342490+00:00,train,1,846,self,1.0,0,99,
2025-11-27T02:59:43.342598+00:00,train,1,847,self,1.0,0,95,
2025-11-27T02:59:43.342727+00:00,train,1,848,self,1.0,0,98,
2025-11-27T02:59:43.342833+00:00,train,1,849,self,1.0,0,99,
2025-11-27T02:59:43.342961+00:00,train,1,850,self,1.0,0,99,
2025-11-27T02:59:43.343070+00:00,train,1,851,self,1.0,0,95,
2025-11-27T02:59:43.343176+00:00,train,1,852,self,1.0,0,97,
2025-11-27T02:59:43.343303+00:00,train,1,853,self,1.0,0,92,
2025-11-27T02:59:43.343407+00:00,train,1,854,self,1.0,0,92,
2025-11-27T02:59:43.343533+00:00,train,1,855,self,1.0,0,94,
2025-11-27T02:59:43.343637+00:00,train,1,856,self,1.0,0,95,
2025-11-27T02:59:43.343762+00:00,train,1,857,self,1.0,0,89,
2025-11-27T02:59:43.343866+00:00,train,1,858,self,1.0,0,99,
2025-11-27T02:59:43.343993+00:00,train,1,859,self,1.0,0,93,
2025-11-27T02:59:43.344098+00:00,train,1,860,self,1.0,0,99,
2025-11-27T02:59:43.344210+00:00,train,1,861,self,1.0,0,86,
2025-11-27T02:59:43.344317+00:00,train,1,862,self,1.0,0,98,
2025-11-27T02:59:43.344421+00:00,train,1,863,self,1.0,0,98,
2025-11-27T02:59:43.344531+00:00,train,1,864,self,1.0,0,100,
2025-11-27T02:59:43.344637+00:00,train,1,865,self,1.0,0,99,
2025-11-27T02:59:43.344742+00:00,train,1,866,self,1.0,0,99,
2025-11-27T02:59:43.344852+00:00,train,1,867,self,1.0,0,92,
2025-11-27T02:59:43.344956+00:00,train,1,868,self,1.0,0,99,
2025-11-27T02:59:43.345066+00:00,train,1,869,self,1.0,0,98,
2025-11-27T02:59:43.345170+00:00,train,1,870,self,1.0,0,99,
2025-11-27T02:59:43.345280+00:00,train,1,871,self,1.0,0,94,
2025-11-27T02:59:43.345446+00:00,train,1,872,self,1.0,0,98,
2025-11-27T02:59:43.345550+00:00,train,1,873,self,1.0,0,94,
2025-11-27T02:59:43.345659+00:00,train,1,874,self,1.0,0,97,
2025-11-27T02:59:43.345761+00:00,train,1,875,self,1.0,0,94,
2025-11-27T02:59:43.345869+00:00,train,1,876,self,1.0,0,96,
2025-11-27T02:59:43.345973+00:00,train,1,877,self,1.0,0,100,
2025-11-27T02:59:43.346078+00:00,train,1,878,self,1.0,0,100,
2025-11-27T02:59:43.346180+00:00,train,1,879,self,1.0,0,81,
2025-11-27T02:59:43.346286+00:00,train,1,880,self,1.0,0,98,
2025-11-27T02:59:43.346388+00:00,train,1,881,self,1.0,0,95,
2025-11-27T02:59:43.346495+00:00,train,1,882,self,1.0,0,99,
2025-11-27T02:59:43.346596+00:00,train,1,883,self,1.0,0,90,
2025-11-27T02:59:43.346704+00:00,train,1,884,self,1.0,0,99,
2025-11-27T02:59:43.346805+00:00,train,1,885,self,1.0,0,81,
2025-11-27T02:59:43.346912+00:00,train,1,886,self,1.0,0,99,
2025-11-27T02:59:43.347014+00:00,train,1,887,self,1.0,0,99,
2025-11-27T02:59:43.347121+00:00,train,1,888,self,1.0,0,100,
2025-11-27T02:59:43.347226+00:00,train,1,889,self,1.0,0,89,
2025-11-27T02:59:43.347327+00:00,train,1,890,self,1.0,0,100,
2025-11-27T02:59:43.347434+00:00,train,1,891,self,1.0,0,82,
2025-11-27T02:59:43.347535+00:00,train,1,892,self,1.0,0,98,
2025-11-27T02:59:43.347642+00:00,train,1,893,self,1.0,0,96,
2025-11-27T02:59:43.347743+00:00,train,1,894,self,1.0,0,97,
2025-11-27T02:59:43.347851+00:00,train,1,895,self,1.0,0,90,
2025-11-27T02:59:43.347952+00:00,train,1,896,self,1.0,0,97,
2025-11-27T02:59:43.348227+00:00,train,1,897,self,1.0,0,98,
2025-11-27T02:59:43.348349+00:00,train,1,898,self,1.0,0,100,
2025-11-27T02:59:43.348458+00:00,train,1,899,self,1.0,0,87,
2025-11-27T02:59:43.348594+00:00,train,1,900,self,1.0,0,97,
2025-11-27T02:59:43.348698+00:00,train,1,901,self,1.0,0,90,
2025-11-27T02:59:43.348829+00:00,train,1,902,self,1.0,0,100,
2025-11-27T02:59:43.348930+00:00,train,1,903,self,1.0,0,92,
2025-11-27T02:59:43.349054+00:00,train,1,904,self,1.0,0,98,
2025-11-27T02:59:43.349153+00:00,train,1,905,self,1.0,0,93,
2025-11-27T02:59:43.349283+00:00,train,1,906,self,1.0,0,99,
2025-11-27T02:59:43.349382+00:00,train,1,907,self,1.0,0,100,
2025-11-27T02:59:43.349481+00:00,train,1,908,self,1.0,0,100,
2025-11-27T02:59:43.349599+00:00,train,1,909,self,1.0,0,99,
2025-11-27T02:59:43.349698+00:00,train,1,910,self,1.0,0,100,
2025-11-27T02:59:43.349797+00:00,train,1,911,self,1.0,0,86,
2025-11-27T02:59:43.349896+00:00,train,1,912,self,1.0,0,96,
2025-11-27T02:59:43.349995+00:00,train,1,913,self,1.0,0,95,
2025-11-27T02:59:43.350093+00:00,train,1,914,self,1.0,0,100,
2025-11-27T02:59:43.350191+00:00,train,1,915,self,1.0,0,97,
2025-11-27T02:59:43.350290+00:00,train,1,916,self,1.0,0,100,
2025-11-27T02:59:43.350389+00:00,train,1,917,self,1.0,0,95,
2025-11-27T02:59:43.350487+00:00,train,1,918,self,1.0,0,100,
2025-11-27T02:59:43.350586+00:00,train,1,919,self,1.0,0,96,
2025-11-27T02:59:43.350698+00:00,train,1,920,self,1.0,0,98,
2025-11-27T02:59:43.350798+00:00,train,1,921,self,1.0,0,99,
2025-11-27T02:59:43.350898+00:00,train,1,922,self,1.0,0,99,
2025-11-27T02:59:43.350998+00:00,train,1,923,self,1.0,0,99,
2025-11-27T02:59:43.351096+00:00,train,1,924,self,1.0,0,99,
2025-11-27T02:59:43.351194+00:00,train,1,925,self,1.0,0,98,
2025-11-27T02:59:43.351293+00:00,train,1,926,self,1.0,0,99,
2025-11-27T02:59:43.351391+00:00,train,1,927,self,1.0,0,97,
2025-11-27T02:59:43.351489+00:00,train,1,928,self,1.0,0,100,
2025-11-27T02:59:43.351588+00:00,train,1,929,self,1.0,0,81,
2025-11-27T02:59:43.351686+00:00,train,1,930,self,1.0,0,95,
2025-11-27T02:59:43.351784+00:00,train,1,931,self,1.0,0,94,
2025-11-27T02:59:43.351883+00:00,train,1,932,self,1.0,0,99,
2025-11-27T02:59:43.351981+00:00,train,1,933,self,1.0,0,89,
2025-11-27T02:59:43.352079+00:00,train,1,934,self,1.0,0,91,
2025-11-27T02:59:43.352177+00:00,train,1,935,self,1.0,0,85,
2025-11-27T02:59:43.352275+00:00,train,1,936,self,1.0,0,91,
2025-11-27T02:59:43.352372+00:00,train,1,937,self,1.0,0,98,
2025-11-27T02:59:43.352471+00:00,train,1,938,self,1.0,0,99,
2025-11-27T02:59:43.352630+00:00,train,1,939,self,1.0,0,94,
2025-11-27T02:59:43.352731+00:00,train,1,940,self,1.0,0,100,
2025-11-27T02:59:43.352885+00:00,train,1,941,self,1.0,0,83,
2025-11-27T02:59:43.353011+00:00,train,1,942,self,1.0,0,100,
2025-11-27T02:59:43.353173+00:00,train,1,943,self,1.0,0,80,
2025-11-27T02:59:43.353296+00:00,train,1,944,self,1.0,0,94,
2025-11-27T02:59:43.353405+00:00,train,1,945,self,1.0,0,94,
2025-11-27T02:59:43.353531+00:00,train,1,946,self,1.0,0,100,
2025-11-27T02:59:43.353636+00:00,train,1,947,self,1.0,0,88,
2025-11-27T02:59:43.353762+00:00,train,1,948,self,1.0,0,98,
2025-11-27T02:59:43.353868+00:00,train,1,949,self,1.0,0,90,
2025-11-27T02:59:43.353992+00:00,train,1,950,self,1.0,0,100,
2025-11-27T02:59:43.354096+00:00,train,1,951,self,1.0,0,92,
2025-11-27T02:59:43.354204+00:00,train,1,952,self,1.0,0,95,
2025-11-27T02:59:43.354306+00:00,train,1,953,self,1.0,0,98,
2025-11-27T02:59:43.354429+00:00,train,1,954,self,1.0,0,98,
2025-11-27T02:59:43.354535+00:00,train,1,955,self,1.0,0,88,
2025-11-27T02:59:43.354644+00:00,train,1,956,self,1.0,0,99,
2025-11-27T02:59:43.354751+00:00,train,1,957,self,1.0,0,93,
2025-11-27T02:59:43.354862+00:00,train,1,958,self,1.0,0,100,
2025-11-27T02:59:43.354968+00:00,train,1,959,self,1.0,0,99,
2025-11-27T02:59:43.355089+00:00,train,1,960,self,1.0,0,100,
2025-11-27T02:59:43.355194+00:00,train,1,961,self,1.0,0,97,
2025-11-27T02:59:43.355314+00:00,train,1,962,self,1.0,0,99,
2025-11-27T02:59:43.355417+00:00,train,1,963,self,1.0,0,88,
2025-11-27T02:59:43.355540+00:00,train,1,964,self,1.0,0,97,
2025-11-27T02:59:43.355642+00:00,train,1,965,self,1.0,0,98,
2025-11-27T02:59:43.355764+00:00,train,1,966,self,1.0,0,100,
2025-11-27T02:59:43.355866+00:00,train,1,967,self,1.0,0,95,
2025-11-27T02:59:43.356016+00:00,train,1,968,self,1.0,0,100,
2025-11-27T02:59:43.356133+00:00,train,1,969,self,1.0,0,97,
2025-11-27T02:59:43.356242+00:00,train,1,970,self,1.0,0,100,
2025-11-27T02:59:43.356345+00:00,train,1,971,self,1.0,0,95,
2025-11-27T02:59:43.356513+00:00,train,1,972,self,1.0,0,98,
2025-11-27T02:59:43.356636+00:00,train,1,973,self,1.0,0,83,
2025-11-27T02:59:43.356750+00:00,train,1,974,self,1.0,0,100,
2025-11-27T02:59:43.356860+00:00,train,1,975,self,1.0,0,90,
2025-11-27T02:59:43.357005+00:00,train,1,976,self,1.0,0,100,
2025-11-27T02:59:43.357123+00:00,train,1,977,self,1.0,0,90,
2025-11-27T02:59:43.357286+00:00,train,1,978,self,1.0,0,100,
2025-11-27T02:59:43.357415+00:00,train,1,979,self,1.0,0,97,
2025-11-27T02:59:43.357530+00:00,train,1,980,self,1.0,0,98,
2025-11-27T02:59:43.357642+00:00,train,1,981,self,1.0,0,89,
2025-11-27T02:59:43.357748+00:00,train,1,982,self,1.0,0,100,
2025-11-27T02:59:43.357859+00:00,train,1,983,self,1.0,0,79,
2025-11-27T02:59:43.357963+00:00,train,1,984,self,1.0,0,99,
2025-11-27T02:59:43.358071+00:00,train,1,985,self,1.0,0,98,
2025-11-27T02:59:43.358173+00:00,train,1,986,self,1.0,0,100,
2025-11-27T02:59:43.358282+00:00,train,1,987,self,1.0,0,89,
2025-11-27T02:59:43.358383+00:00,train,1,988,self,1.0,0,97,
2025-11-27T02:59:43.358496+00:00,train,1,989,self,1.0,0,100,
2025-11-27T02:59:43.358599+00:00,train,1,990,self,1.0,0,100,
2025-11-27T02:59:43.358708+00:00,train,1,991,self,1.0,0,92,
2025-11-27T02:59:43.358813+00:00,train,1,992,self,1.0,0,96,
2025-11-27T02:59:43.358914+00:00,train,1,993,self,1.0,0,99,
2025-11-27T02:59:43.359022+00:00,train,1,994,self,1.0,0,100,
2025-11-27T02:59:43.359127+00:00,train,1,995,self,1.0,0,96,
2025-11-27T02:59:43.359231+00:00,train,1,996,self,1.0,0,100,
2025-11-27T02:59:43.359333+00:00,train,1,997,self,1.0,0,97,
2025-11-27T02:59:43.359440+00:00,train,1,998,self,1.0,0,98,
2025-11-27T02:59:43.359542+00:00,train,1,999,self,1.0,0,91,
2025-11-27T02:59:43.359650+00:00,train,1,1000,self,1.0,0,100,
2025-11-27T02:59:43.362000+00:00,train,1,1001,self,1.0,0,97,
2025-11-27T02:59:43.362117+00:00,train,1,1002,self,1.0,0,98,
2025-11-27T02:59:43.362223+00:00,train,1,1003,self,1.0,0,84,
2025-11-27T02:59:43.362328+00:00,train,1,1004,self,1.0,0,88,
2025-11-27T02:59:43.362430+00:00,train,1,1005,self,1.0,0,93,
2025-11-27T02:59:43.362597+00:00,train,1,1006,self,1.0,0,99,
2025-11-27T02:59:43.362703+00:00,train,1,1007,self,1.0,0,84,
2025-11-27T02:59:43.362813+00:00,train,1,1008,self,1.0,0,89,
2025-11-27T02:59:43.362917+00:00,train,1,1009,self,1.0,0,98,
2025-11-27T02:59:43.363052+00:00,train,1,1010,self,1.0,0,99,
2025-11-27T02:59:43.363157+00:00,train,1,1011,self,1.0,0,96,
2025-11-27T02:59:43.363268+00:00,train,1,1012,self,1.0,0,100,
2025-11-27T02:59:43.363372+00:00,train,1,1013,self,1.0,0,91,
2025-11-27T02:59:43.363482+00:00,train,1,1014,self,1.0,0,93,
2025-11-27T02:59:43.363586+00:00,train,1,1015,self,1.0,0,99,
2025-11-27T02:59:43.363696+00:00,train,1,1016,self,1.0,0,100,
2025-11-27T02:59:43.363799+00:00,train,1,1017,self,1.0,0,91,
2025-11-27T02:59:43.363908+00:00,train,1,1018,self,1.0,0,97,
2025-11-27T02:59:43.364012+00:00,train,1,1019,self,1.0,0,99,
2025-11-27T02:59:43.364122+00:00,train,1,1020,self,1.0,0,100,
2025-11-27T02:59:43.364289+00:00,train,1,1021,self,1.0,0,84,
2025-11-27T02:59:43.364424+00:00,train,1,1022,self,1.0,0,89,
2025-11-27T02:59:43.364585+00:00,train,1,1023,self,1.0,0,98,
2025-11-27T02:59:43.364711+00:00,train,1,1024,self,1.0,0,100,
2025-11-27T02:59:43.364829+00:00,train,1,1025,self,1.0,0,95,
2025-11-27T02:59:43.364942+00:00,train,1,1026,self,1.0,0,100,
2025-11-27T02:59:43.365053+00:00,train,1,1027,self,1.0,0,87,
2025-11-27T02:59:43.365159+00:00,train,1,1028,self,1.0,0,91,
2025-11-27T02:59:43.365271+00:00,train,1,1029,self,1.0,0,92,
2025-11-27T02:59:43.365376+00:00,train,1,1030,self,1.0,0,97,
2025-11-27T02:59:43.365486+00:00,train,1,1031,self,1.0,0,82,
2025-11-27T02:59:43.365594+00:00,train,1,1032,self,1.0,0,96,
2025-11-27T02:59:43.365701+00:00,train,1,1033,self,1.0,0,91,
2025-11-27T02:59:43.365806+00:00,train,1,1034,self,1.0,0,98,
2025-11-27T02:59:43.365915+00:00,train,1,1035,self,1.0,0,100,
2025-11-27T02:59:43.366022+00:00,train,1,1036,self,1.0,0,100,
2025-11-27T02:59:43.366126+00:00,train,1,1037,self,1.0,0,93,
2025-11-27T02:59:43.366235+00:00,train,1,1038,self,1.0,0,96,
2025-11-27T02:59:43.366339+00:00,train,1,1039,self,1.0,0,94,
2025-11-27T02:59:43.366449+00:00,train,1,1040,self,1.0,0,96,
2025-11-27T02:59:43.366552+00:00,train,1,1041,self,1.0,0,98,
2025-11-27T02:59:43.366661+00:00,train,1,1042,self,1.0,0,100,
2025-11-27T02:59:43.366765+00:00,train,1,1043,self,1.0,0,97,
2025-11-27T02:59:43.366875+00:00,train,1,1044,self,1.0,0,100,
2025-11-27T02:59:43.366979+00:00,train,1,1045,self,1.0,0,100,
2025-11-27T02:59:43.367090+00:00,train,1,1046,self,1.0,0,100,
2025-11-27T02:59:43.367197+00:00,train,1,1047,self,1.0,0,95,
2025-11-27T02:59:43.367303+00:00,train,1,1048,self,1.0,0,95,
2025-11-27T02:59:43.367406+00:00,train,1,1049,self,1.0,0,90,
2025-11-27T02:59:43.367557+00:00,train,1,1050,self,1.0,0,95,
2025-11-27T02:59:43.367679+00:00,train,1,1051,self,1.0,0,93,
2025-11-27T02:59:43.367792+00:00,train,1,1052,self,1.0,0,97,
2025-11-27T02:59:43.367900+00:00,train,1,1053,self,1.0,0,95,
2025-11-27T02:59:43.368085+00:00,train,1,1054,self,1.0,0,100,
2025-11-27T02:59:43.368191+00:00,train,1,1055,self,1.0,0,86,
2025-11-27T02:59:43.368296+00:00,train,1,1056,self,1.0,0,90,
2025-11-27T02:59:43.368398+00:00,train,1,1057,self,1.0,0,98,
2025-11-27T02:59:43.368530+00:00,train,1,1058,self,1.0,0,100,
2025-11-27T02:59:43.368632+00:00,train,1,1059,self,1.0,0,95,
2025-11-27T02:59:43.368766+00:00,train,1,1060,self,1.0,0,99,
2025-11-27T02:59:43.368868+00:00,train,1,1061,self,1.0,0,93,
2025-11-27T02:59:43.369003+00:00,train,1,1062,self,1.0,0,99,
2025-11-27T02:59:43.369106+00:00,train,1,1063,self,1.0,0,98,
2025-11-27T02:59:43.369229+00:00,train,1,1064,self,1.0,0,100,
2025-11-27T02:59:43.369331+00:00,train,1,1065,self,1.0,0,87,
2025-11-27T02:59:43.369434+00:00,train,1,1066,self,1.0,0,99,
2025-11-27T02:59:43.369536+00:00,train,1,1067,self,1.0,0,98,
2025-11-27T02:59:43.369639+00:00,train,1,1068,self,1.0,0,100,
2025-11-27T02:59:43.369740+00:00,train,1,1069,self,1.0,0,97,
2025-11-27T02:59:43.369841+00:00,train,1,1070,self,1.0,0,100,
2025-11-27T02:59:43.369994+00:00,train,1,1071,self,1.0,0,93,
2025-11-27T02:59:43.370096+00:00,train,1,1072,self,1.0,0,97,
2025-11-27T02:59:43.370194+00:00,train,1,1073,self,1.0,0,89,
2025-11-27T02:59:43.370295+00:00,train,1,1074,self,1.0,0,98,
2025-11-27T02:59:43.370395+00:00,train,1,1075,self,1.0,0,93,
2025-11-27T02:59:43.370495+00:00,train,1,1076,self,1.0,0,99,
2025-11-27T02:59:43.370594+00:00,train,1,1077,self,1.0,0,98,
2025-11-27T02:59:43.370694+00:00,train,1,1078,self,1.0,0,99,
2025-11-27T02:59:43.370793+00:00,train,1,1079,self,1.0,0,94,
2025-11-27T02:59:43.370893+00:00,train,1,1080,self,1.0,0,100,
2025-11-27T02:59:43.370992+00:00,train,1,1081,self,1.0,0,77,
2025-11-27T02:59:43.371092+00:00,train,1,1082,self,1.0,0,90,
2025-11-27T02:59:43.371191+00:00,train,1,1083,self,1.0,0,93,
2025-11-27T02:59:43.371291+00:00,train,1,1084,self,1.0,0,98,
2025-11-27T02:59:43.371390+00:00,train,1,1085,self,1.0,0,97,
2025-11-27T02:59:43.371489+00:00,train,1,1086,self,1.0,0,100,
2025-11-27T02:59:43.371588+00:00,train,1,1087,self,1.0,0,94,
2025-11-27T02:59:43.371687+00:00,train,1,1088,self,1.0,0,98,
2025-11-27T02:59:43.371786+00:00,train,1,1089,self,1.0,0,92,
2025-11-27T02:59:43.371885+00:00,train,1,1090,self,1.0,0,95,
2025-11-27T02:59:43.371985+00:00,train,1,1091,self,1.0,0,84,
2025-11-27T02:59:43.372085+00:00,train,1,1092,self,1.0,0,99,
2025-11-27T02:59:43.372184+00:00,train,1,1093,self,1.0,0,84,
2025-11-27T02:59:43.372284+00:00,train,1,1094,self,1.0,0,93,
2025-11-27T02:59:43.372382+00:00,train,1,1095,self,1.0,0,92,
2025-11-27T02:59:43.372481+00:00,train,1,1096,self,1.0,0,97,
2025-11-27T02:59:43.372580+00:00,train,1,1097,self,1.0,0,93,
2025-11-27T02:59:43.372678+00:00,train,1,1098,self,1.0,0,98,
2025-11-27T02:59:43.372777+00:00,train,1,1099,self,1.0,0,98,
2025-11-27T02:59:43.372877+00:00,train,1,1100,self,1.0,0,100,
2025-11-27T02:59:43.372976+00:00,train,1,1101,self,1.0,0,98,
2025-11-27T02:59:43.373075+00:00,train,1,1102,self,1.0,0,99,
2025-11-27T02:59:43.373211+00:00,train,1,1103,self,1.0,0,81,
2025-11-27T02:59:43.373319+00:00,train,1,1104,self,1.0,0,100,
2025-11-27T02:59:43.373437+00:00,train,1,1105,self,1.0,0,91,
2025-11-27T02:59:43.373538+00:00,train,1,1106,self,1.0,0,99,
2025-11-27T02:59:43.373653+00:00,train,1,1107,self,1.0,0,94,
2025-11-27T02:59:43.373753+00:00,train,1,1108,self,1.0,0,98,
2025-11-27T02:59:43.373852+00:00,train,1,1109,self,1.0,0,96,
2025-11-27T02:59:43.373966+00:00,train,1,1110,self,1.0,0,99,
2025-11-27T02:59:43.374067+00:00,train,1,1111,self,1.0,0,97,
2025-11-27T02:59:43.374167+00:00,train,1,1112,self,1.0,0,98,
2025-11-27T02:59:43.374268+00:00,train,1,1113,self,1.0,0,90,
2025-11-27T02:59:43.374368+00:00,train,1,1114,self,1.0,0,94,
2025-11-27T02:59:43.374468+00:00,train,1,1115,self,1.0,0,81,
2025-11-27T02:59:43.374614+00:00,train,1,1116,self,1.0,0,96,
2025-11-27T02:59:43.374731+00:00,train,1,1117,self,1.0,0,94,
2025-11-27T02:59:43.374856+00:00,train,1,1118,self,1.0,0,99,
2025-11-27T02:59:43.374962+00:00,train,1,1119,self,1.0,0,94,
2025-11-27T02:59:43.375081+00:00,train,1,1120,self,1.0,0,98,
2025-11-27T02:59:43.375185+00:00,train,1,1121,self,1.0,0,87,
2025-11-27T02:59:43.375290+00:00,train,1,1122,self,1.0,0,94,
2025-11-27T02:59:43.375390+00:00,train,1,1123,self,1.0,0,92,
2025-11-27T02:59:43.375528+00:00,train,1,1124,self,1.0,0,94,
2025-11-27T02:59:43.375642+00:00,train,1,1125,self,1.0,0,87,
2025-11-27T02:59:43.375759+00:00,train,1,1126,self,1.0,0,92,
2025-11-27T02:59:43.375860+00:00,train,1,1127,self,1.0,0,98,
2025-11-27T02:59:43.376010+00:00,train,1,1128,self,1.0,0,100,
2025-11-27T02:59:43.376128+00:00,train,1,1129,self,1.0,0,93,
2025-11-27T02:59:43.376238+00:00,train,1,1130,self,1.0,0,94,
2025-11-27T02:59:43.376344+00:00,train,1,1131,self,1.0,0,95,
2025-11-27T02:59:43.376448+00:00,train,1,1132,self,1.0,0,99,
2025-11-27T02:59:43.376549+00:00,train,1,1133,self,1.0,0,87,
2025-11-27T02:59:43.376650+00:00,train,1,1134,self,1.0,0,99,
2025-11-27T02:59:43.376750+00:00,train,1,1135,self,1.0,0,92,
2025-11-27T02:59:43.376850+00:00,train,1,1136,self,1.0,0,93,
2025-11-27T02:59:43.377028+00:00,train,1,1137,self,1.0,0,95,
2025-11-27T02:59:43.377131+00:00,train,1,1138,self,1.0,0,100,
2025-11-27T02:59:43.377232+00:00,train,1,1139,self,1.0,0,98,
2025-11-27T02:59:43.377332+00:00,train,1,1140,self,1.0,0,100,
2025-11-27T02:59:43.377433+00:00,train,1,1141,self,1.0,0,92,
2025-11-27T02:59:43.377533+00:00,train,1,1142,self,1.0,0,98,
2025-11-27T02:59:43.377706+00:00,train,1,1143,self,1.0,0,87,
2025-11-27T02:59:43.377829+00:00,train,1,1144,self,1.0,0,95,
2025-11-27T02:59:43.377981+00:00,train,1,1145,self,1.0,0,96,
2025-11-27T02:59:43.378099+00:00,train,1,1146,self,1.0,0,97,
2025-11-27T02:59:43.378259+00:00,train,1,1147,self,1.0,0,87,
2025-11-27T02:59:43.378382+00:00,train,1,1148,self,1.0,0,99,
2025-11-27T02:59:43.378533+00:00,train,1,1149,self,1.0,0,96,
2025-11-27T02:59:43.378651+00:00,train,1,1150,self,1.0,0,96,
2025-11-27T02:59:43.378804+00:00,train,1,1151,self,1.0,0,87,
2025-11-27T02:59:43.378979+00:00,train,1,1152,self,1.0,0,97,
2025-11-27T02:59:43.379101+00:00,train,1,1153,self,1.0,0,92,
2025-11-27T02:59:43.379254+00:00,train,1,1154,self,1.0,0,98,
2025-11-27T02:59:43.379373+00:00,train,1,1155,self,1.0,0,87,
2025-11-27T02:59:43.379500+00:00,train,1,1156,self,1.0,0,97,
2025-11-27T02:59:43.379608+00:00,train,1,1157,self,1.0,0,96,
2025-11-27T02:59:43.379735+00:00,train,1,1158,self,1.0,0,99,
2025-11-27T02:59:43.379838+00:00,train,1,1159,self,1.0,0,91,
2025-11-27T02:59:43.380010+00:00,train,1,1160,self,1.0,0,97,
2025-11-27T02:59:43.380172+00:00,train,1,1161,self,1.0,0,98,
2025-11-27T02:59:43.380271+00:00,train,1,1162,self,1.0,0,100,
2025-11-27T02:59:43.380370+00:00,train,1,1163,self,1.0,0,86,
2025-11-27T02:59:43.380487+00:00,train,1,1164,self,1.0,0,89,
2025-11-27T02:59:43.380586+00:00,train,1,1165,self,1.0,0,99,
2025-11-27T02:59:43.380703+00:00,train,1,1166,self,1.0,0,100,
2025-11-27T02:59:43.380802+00:00,train,1,1167,self,1.0,0,95,
2025-11-27T02:59:43.380901+00:00,train,1,1168,self,1.0,0,100,
2025-11-27T02:59:43.381019+00:00,train,1,1169,self,1.0,0,98,
2025-11-27T02:59:43.381118+00:00,train,1,1170,self,1.0,0,100,
2025-11-27T02:59:43.381217+00:00,train,1,1171,self,1.0,0,99,
2025-11-27T02:59:43.381315+00:00,train,1,1172,self,1.0,0,100,
2025-11-27T02:59:43.381414+00:00,train,1,1173,self,1.0,0,97,
2025-11-27T02:59:43.381513+00:00,train,1,1174,self,1.0,0,99,
2025-11-27T02:59:43.381611+00:00,train,1,1175,self,1.0,0,86,
2025-11-27T02:59:43.381711+00:00,train,1,1176,self,1.0,0,96,
2025-11-27T02:59:43.381809+00:00,train,1,1177,self,1.0,0,97,
2025-11-27T02:59:43.381907+00:00,train,1,1178,self,1.0,0,98,
2025-11-27T02:59:43.382007+00:00,train,1,1179,self,1.0,0,98,
2025-11-27T02:59:43.382105+00:00,train,1,1180,self,1.0,0,99,
2025-11-27T02:59:43.382203+00:00,train,1,1181,self,1.0,0,88,
2025-11-27T02:59:43.382302+00:00,train,1,1182,self,1.0,0,91,
2025-11-27T02:59:43.382401+00:00,train,1,1183,self,1.0,0,87,
2025-11-27T02:59:43.382499+00:00,train,1,1184,self,1.0,0,91,
2025-11-27T02:59:43.382597+00:00,train,1,1185,self,1.0,0,91,
2025-11-27T02:59:43.382696+00:00,train,1,1186,self,1.0,0,98,
2025-11-27T02:59:43.382794+00:00,train,1,1187,self,1.0,0,93,
2025-11-27T02:59:43.382892+00:00,train,1,1188,self,1.0,0,99,
2025-11-27T02:59:43.382991+00:00,train,1,1189,self,1.0,0,97,
2025-11-27T02:59:43.383089+00:00,train,1,1190,self,1.0,0,98,
2025-11-27T02:59:43.383187+00:00,train,1,1191,self,1.0,0,97,
2025-11-27T02:59:43.383285+00:00,train,1,1192,self,1.0,0,99,
2025-11-27T02:59:43.383448+00:00,train,1,1193,self,1.0,0,93,
2025-11-27T02:59:43.383572+00:00,train,1,1194,self,1.0,0,94,
2025-11-27T02:59:43.383686+00:00,train,1,1195,self,1.0,0,89,
2025-11-27T02:59:43.383797+00:00,train,1,1196,self,1.0,0,95,
2025-11-27T02:59:43.383924+00:00,train,1,1197,self,1.0,0,98,
2025-11-27T02:59:43.384033+00:00,train,1,1198,self,1.0,0,100,
2025-11-27T02:59:43.384257+00:00,train,1,1199,self,1.0,0,98,
2025-11-27T02:59:43.384376+00:00,train,1,1200,self,1.0,0,100,
2025-11-27T02:59:43.384503+00:00,train,1,1201,self,1.0,0,90,
2025-11-27T02:59:43.384625+00:00,train,1,1202,self,1.0,0,95,
2025-11-27T02:59:43.384765+00:00,train,1,1203,self,1.0,0,94,
2025-11-27T02:59:43.384870+00:00,train,1,1204,self,1.0,0,100,
2025-11-27T02:59:43.384974+00:00,train,1,1205,self,1.0,0,79,
2025-11-27T02:59:43.385077+00:00,train,1,1206,self,1.0,0,87,
2025-11-27T02:59:43.385200+00:00,train,1,1207,self,1.0,0,88,
2025-11-27T02:59:43.385317+00:00,train,1,1208,self,1.0,0,95,
2025-11-27T02:59:43.385419+00:00,train,1,1209,self,1.0,0,92,
2025-11-27T02:59:43.385520+00:00,train,1,1210,self,1.0,0,97,
2025-11-27T02:59:43.385622+00:00,train,1,1211,self,1.0,0,96,
2025-11-27T02:59:43.385723+00:00,train,1,1212,self,1.0,0,100,
2025-11-27T02:59:43.385824+00:00,train,1,1213,self,1.0,0,85,
2025-11-27T02:59:43.385926+00:00,train,1,1214,self,1.0,0,97,
2025-11-27T02:59:43.386028+00:00,train,1,1215,self,1.0,0,100,
2025-11-27T02:59:43.386129+00:00,train,1,1216,self,1.0,0,100,
2025-11-27T02:59:43.386260+00:00,train,1,1217,self,1.0,0,92,
2025-11-27T02:59:43.386378+00:00,train,1,1218,self,1.0,0,99,
2025-11-27T02:59:43.386480+00:00,train,1,1219,self,1.0,0,95,
2025-11-27T02:59:43.386581+00:00,train,1,1220,self,1.0,0,100,
2025-11-27T02:59:43.386697+00:00,train,1,1221,self,1.0,0,99,
2025-11-27T02:59:43.386816+00:00,train,1,1222,self,1.0,0,99,
2025-11-27T02:59:43.386934+00:00,train,1,1223,self,1.0,0,93,
2025-11-27T02:59:43.387036+00:00,train,1,1224,self,1.0,0,95,
2025-11-27T02:59:43.387138+00:00,train,1,1225,self,1.0,0,98,
2025-11-27T02:59:43.387269+00:00,train,1,1226,self,1.0,0,98,
2025-11-27T02:59:43.387370+00:00,train,1,1227,self,1.0,0,99,
2025-11-27T02:59:43.387472+00:00,train,1,1228,self,1.0,0,100,
2025-11-27T02:59:43.387573+00:00,train,1,1229,self,1.0,0,91,
2025-11-27T02:59:43.387674+00:00,train,1,1230,self,1.0,0,100,
2025-11-27T02:59:43.387775+00:00,train,1,1231,self,1.0,0,90,
2025-11-27T02:59:43.387877+00:00,train,1,1232,self,1.0,0,97,
2025-11-27T02:59:43.388000+00:00,train,1,1233,self,1.0,0,76,
2025-11-27T02:59:43.388116+00:00,train,1,1234,self,1.0,0,99,
2025-11-27T02:59:43.388244+00:00,train,1,1235,self,1.0,0,98,
2025-11-27T02:59:43.388362+00:00,train,1,1236,self,1.0,0,99,
2025-11-27T02:59:43.388463+00:00,train,1,1237,self,1.0,0,93,
2025-11-27T02:59:43.388564+00:00,train,1,1238,self,1.0,0,98,
2025-11-27T02:59:43.388665+00:00,train,1,1239,self,1.0,0,94,
2025-11-27T02:59:43.388766+00:00,train,1,1240,self,1.0,0,97,
2025-11-27T02:59:43.388867+00:00,train,1,1241,self,1.0,0,89,
2025-11-27T02:59:43.388968+00:00,train,1,1242,self,1.0,0,97,
2025-11-27T02:59:43.389070+00:00,train,1,1243,self,1.0,0,97,
2025-11-27T02:59:43.389188+00:00,train,1,1244,self,1.0,0,98,
2025-11-27T02:59:43.389292+00:00,train,1,1245,self,1.0,0,98,
2025-11-27T02:59:43.389408+00:00,train,1,1246,self,1.0,0,99,
2025-11-27T02:59:43.389509+00:00,train,1,1247,self,1.0,0,98,
2025-11-27T02:59:43.389610+00:00,train,1,1248,self,1.0,0,99,
2025-11-27T02:59:43.389711+00:00,train,1,1249,self,1.0,0,84,
2025-11-27T02:59:43.389813+00:00,train,1,1250,self,1.0,0,91,
2025-11-27T02:59:43.389942+00:00,train,1,1251,self,1.0,0,93,
2025-11-27T02:59:43.390044+00:00,train,1,1252,self,1.0,0,96,
2025-11-27T02:59:43.390145+00:00,train,1,1253,self,1.0,0,94,
2025-11-27T02:59:43.390262+00:00,train,1,1254,self,1.0,0,96,
2025-11-27T02:59:43.390378+00:00,train,1,1255,self,1.0,0,92,
2025-11-27T02:59:43.390493+00:00,train,1,1256,self,1.0,0,94,
2025-11-27T02:59:43.390609+00:00,train,1,1257,self,1.0,0,94,
2025-11-27T02:59:43.390710+00:00,train,1,1258,self,1.0,0,97,
2025-11-27T02:59:43.390811+00:00,train,1,1259,self,1.0,0,95,
2025-11-27T02:59:43.390912+00:00,train,1,1260,self,1.0,0,98,
2025-11-27T02:59:43.391013+00:00,train,1,1261,self,1.0,0,100,
2025-11-27T02:59:43.391114+00:00,train,1,1262,self,1.0,0,100,
2025-11-27T02:59:43.391250+00:00,train,1,1263,self,1.0,0,94,
2025-11-27T02:59:43.391352+00:00,train,1,1264,self,1.0,0,100,
2025-11-27T02:59:43.391453+00:00,train,1,1265,self,1.0,0,94,
2025-11-27T02:59:43.391555+00:00,train,1,1266,self,1.0,0,97,
2025-11-27T02:59:43.391656+00:00,train,1,1267,self,1.0,0,86,
2025-11-27T02:59:43.391760+00:00,train,1,1268,self,1.0,0,92,
2025-11-27T02:59:43.391863+00:00,train,1,1269,self,1.0,0,96,
2025-11-27T02:59:43.391965+00:00,train,1,1270,self,1.0,0,98,
2025-11-27T02:59:43.392066+00:00,train,1,1271,self,1.0,0,93,
2025-11-27T02:59:43.392182+00:00,train,1,1272,self,1.0,0,100,
2025-11-27T02:59:43.392286+00:00,train,1,1273,self,1.0,0,95,
2025-11-27T02:59:43.392402+00:00,train,1,1274,self,1.0,0,98,
2025-11-27T02:59:43.392503+00:00,train,1,1275,self,1.0,0,92,
2025-11-27T02:59:43.392604+00:00,train,1,1276,self,1.0,0,97,
2025-11-27T02:59:43.392705+00:00,train,1,1277,self,1.0,0,95,
2025-11-27T02:59:43.392806+00:00,train,1,1278,self,1.0,0,100,
2025-11-27T02:59:43.392907+00:00,train,1,1279,self,1.0,0,98,
2025-11-27T02:59:43.393009+00:00,train,1,1280,self,1.0,0,99,
2025-11-27T02:59:43.393110+00:00,train,1,1281,self,1.0,0,95,
2025-11-27T02:59:43.393227+00:00,train,1,1282,self,1.0,0,99,
2025-11-27T02:59:43.393343+00:00,train,1,1283,self,1.0,0,90,
2025-11-27T02:59:43.393444+00:00,train,1,1284,self,1.0,0,92,
2025-11-27T02:59:43.393545+00:00,train,1,1285,self,1.0,0,85,
2025-11-27T02:59:43.393647+00:00,train,1,1286,self,1.0,0,95,
2025-11-27T02:59:43.393748+00:00,train,1,1287,self,1.0,0,91,
2025-11-27T02:59:43.393949+00:00,train,1,1288,self,1.0,0,100,
2025-11-27T02:59:43.394084+00:00,train,1,1289,self,1.0,0,93,
2025-11-27T02:59:43.394197+00:00,train,1,1290,self,1.0,0,99,
2025-11-27T02:59:43.394307+00:00,train,1,1291,self,1.0,0,93,
2025-11-27T02:59:43.394414+00:00,train,1,1292,self,1.0,0,97,
2025-11-27T02:59:43.394542+00:00,train,1,1293,self,1.0,0,95,
2025-11-27T02:59:43.394649+00:00,train,1,1294,self,1.0,0,100,
2025-11-27T02:59:43.394754+00:00,train,1,1295,self,1.0,0,97,
2025-11-27T02:59:43.394875+00:00,train,1,1296,self,1.0,0,100,
2025-11-27T02:59:43.394982+00:00,train,1,1297,self,1.0,0,90,
2025-11-27T02:59:43.395087+00:00,train,1,1298,self,1.0,0,99,
2025-11-27T02:59:43.395210+00:00,train,1,1299,self,1.0,0,96,
2025-11-27T02:59:43.395315+00:00,train,1,1300,self,1.0,0,97,
2025-11-27T02:59:43.395436+00:00,train,1,1301,self,1.0,0,93,
2025-11-27T02:59:43.395542+00:00,train,1,1302,self,1.0,0,100,
2025-11-27T02:59:43.395663+00:00,train,1,1303,self,1.0,0,88,
2025-11-27T02:59:43.395790+00:00,train,1,1304,self,1.0,0,94,
2025-11-27T02:59:43.395907+00:00,train,1,1305,self,1.0,0,99,
2025-11-27T02:59:43.396010+00:00,train,1,1306,self,1.0,0,100,
2025-11-27T02:59:43.396112+00:00,train,1,1307,self,1.0,0,94,
2025-11-27T02:59:43.396214+00:00,train,1,1308,self,1.0,0,99,
2025-11-27T02:59:43.396316+00:00,train,1,1309,self,1.0,0,92,
2025-11-27T02:59:43.396417+00:00,train,1,1310,self,1.0,0,97,
2025-11-27T02:59:43.396519+00:00,train,1,1311,self,1.0,0,98,
2025-11-27T02:59:43.396621+00:00,train,1,1312,self,1.0,0,100,
2025-11-27T02:59:43.396723+00:00,train,1,1313,self,1.0,0,88,
2025-11-27T02:59:43.396825+00:00,train,1,1314,self,1.0,0,98,
2025-11-27T02:59:43.396926+00:00,train,1,1315,self,1.0,0,92,
2025-11-27T02:59:43.397028+00:00,train,1,1316,self,1.0,0,98,
2025-11-27T02:59:43.397130+00:00,train,1,1317,self,1.0,0,94,
2025-11-27T02:59:43.397231+00:00,train,1,1318,self,1.0,0,97,
2025-11-27T02:59:43.397333+00:00,train,1,1319,self,1.0,0,92,
2025-11-27T02:59:43.397435+00:00,train,1,1320,self,1.0,0,100,
2025-11-27T02:59:43.397536+00:00,train,1,1321,self,1.0,0,94,
2025-11-27T02:59:43.397637+00:00,train,1,1322,self,1.0,0,98,
2025-11-27T02:59:43.397738+00:00,train,1,1323,self,1.0,0,85,
2025-11-27T02:59:43.397840+00:00,train,1,1324,self,1.0,0,96,
2025-11-27T02:59:43.397941+00:00,train,1,1325,self,1.0,0,89,
2025-11-27T02:59:43.398043+00:00,train,1,1326,self,1.0,0,100,
2025-11-27T02:59:43.398145+00:00,train,1,1327,self,1.0,0,95,
2025-11-27T02:59:43.398246+00:00,train,1,1328,self,1.0,0,99,
2025-11-27T02:59:43.398347+00:00,train,1,1329,self,1.0,0,98,
2025-11-27T02:59:43.398448+00:00,train,1,1330,self,1.0,0,100,
2025-11-27T02:59:43.398550+00:00,train,1,1331,self,1.0,0,84,
2025-11-27T02:59:43.398651+00:00,train,1,1332,self,1.0,0,97,
2025-11-27T02:59:43.398752+00:00,train,1,1333,self,1.0,0,96,
2025-11-27T02:59:43.398854+00:00,train,1,1334,self,1.0,0,96,
2025-11-27T02:59:43.398957+00:00,train,1,1335,self,1.0,0,97,
2025-11-27T02:59:43.399058+00:00,train,1,1336,self,1.0,0,98,
2025-11-27T02:59:43.399159+00:00,train,1,1337,self,1.0,0,97,
2025-11-27T02:59:43.399261+00:00,train,1,1338,self,1.0,0,97,
2025-11-27T02:59:43.399414+00:00,train,1,1339,self,1.0,0,97,
2025-11-27T02:59:43.399535+00:00,train,1,1340,self,1.0,0,100,
2025-11-27T02:59:43.399668+00:00,train,1,1341,self,1.0,0,82,
2025-11-27T02:59:43.399777+00:00,train,1,1342,self,1.0,0,95,
2025-11-27T02:59:43.399883+00:00,train,1,1343,self,1.0,0,96,
2025-11-27T02:59:43.400021+00:00,train,1,1344,self,1.0,0,96,
2025-11-27T02:59:43.400125+00:00,train,1,1345,self,1.0,0,98,
2025-11-27T02:59:43.400259+00:00,train,1,1346,self,1.0,0,100,
2025-11-27T02:59:43.400361+00:00,train,1,1347,self,1.0,0,98,
2025-11-27T02:59:43.400502+00:00,train,1,1348,self,1.0,0,99,
2025-11-27T02:59:43.400605+00:00,train,1,1349,self,1.0,0,90,
2025-11-27T02:59:43.400741+00:00,train,1,1350,self,1.0,0,99,
2025-11-27T02:59:43.400843+00:00,train,1,1351,self,1.0,0,92,
2025-11-27T02:59:43.400979+00:00,train,1,1352,self,1.0,0,95,
2025-11-27T02:59:43.401084+00:00,train,1,1353,self,1.0,0,100,
2025-11-27T02:59:43.401243+00:00,train,1,1354,self,1.0,0,100,
2025-11-27T02:59:43.401370+00:00,train,1,1355,self,1.0,0,86,
2025-11-27T02:59:43.401521+00:00,train,1,1356,self,1.0,0,98,
2025-11-27T02:59:43.401638+00:00,train,1,1357,self,1.0,0,77,
2025-11-27T02:59:43.401771+00:00,train,1,1358,self,1.0,0,92,
2025-11-27T02:59:43.401885+00:00,train,1,1359,self,1.0,0,95,
2025-11-27T02:59:43.402037+00:00,train,1,1360,self,1.0,0,100,
2025-11-27T02:59:43.402155+00:00,train,1,1361,self,1.0,0,82,
2025-11-27T02:59:43.402282+00:00,train,1,1362,self,1.0,0,100,
2025-11-27T02:59:43.402389+00:00,train,1,1363,self,1.0,0,89,
2025-11-27T02:59:43.402529+00:00,train,1,1364,self,1.0,0,96,
2025-11-27T02:59:43.402643+00:00,train,1,1365,self,1.0,0,92,
2025-11-27T02:59:43.402770+00:00,train,1,1366,self,1.0,0,99,
2025-11-27T02:59:43.402880+00:00,train,1,1367,self,1.0,0,97,
2025-11-27T02:59:43.403005+00:00,train,1,1368,self,1.0,0,98,
2025-11-27T02:59:43.403111+00:00,train,1,1369,self,1.0,0,90,
2025-11-27T02:59:43.403237+00:00,train,1,1370,self,1.0,0,93,
2025-11-27T02:59:43.403341+00:00,train,1,1371,self,1.0,0,99,
2025-11-27T02:59:43.403493+00:00,train,1,1372,self,1.0,0,100,
2025-11-27T02:59:43.403612+00:00,train,1,1373,self,1.0,0,95,
2025-11-27T02:59:43.403737+00:00,train,1,1374,self,1.0,0,96,
2025-11-27T02:59:43.403844+00:00,train,1,1375,self,1.0,0,95,
2025-11-27T02:59:43.403961+00:00,train,1,1376,self,1.0,0,99,
2025-11-27T02:59:43.404071+00:00,train,1,1377,self,1.0,0,86,
2025-11-27T02:59:43.404176+00:00,train,1,1378,self,1.0,0,92,
2025-11-27T02:59:43.404286+00:00,train,1,1379,self,1.0,0,95,
2025-11-27T02:59:43.404390+00:00,train,1,1380,self,1.0,0,96,
2025-11-27T02:59:43.404511+00:00,train,1,1381,self,1.0,0,97,
2025-11-27T02:59:43.404613+00:00,train,1,1382,self,1.0,0,100,
2025-11-27T02:59:43.404720+00:00,train,1,1383,self,1.0,0,95,
2025-11-27T02:59:43.404821+00:00,train,1,1384,self,1.0,0,99,
2025-11-27T02:59:43.404928+00:00,train,1,1385,self,1.0,0,92,
2025-11-27T02:59:43.405028+00:00,train,1,1386,self,1.0,0,96,
2025-11-27T02:59:43.405135+00:00,train,1,1387,self,1.0,0,94,
2025-11-27T02:59:43.405319+00:00,train,1,1388,self,1.0,0,96,
2025-11-27T02:59:43.405420+00:00,train,1,1389,self,1.0,0,89,
2025-11-27T02:59:43.405526+00:00,train,1,1390,self,1.0,0,100,
2025-11-27T02:59:43.405628+00:00,train,1,1391,self,1.0,0,99,
2025-11-27T02:59:43.405734+00:00,train,1,1392,self,1.0,0,100,
2025-11-27T02:59:43.405837+00:00,train,1,1393,self,1.0,0,86,
2025-11-27T02:59:43.405938+00:00,train,1,1394,self,1.0,0,97,
2025-11-27T02:59:43.406044+00:00,train,1,1395,self,1.0,0,88,
2025-11-27T02:59:43.406148+00:00,train,1,1396,self,1.0,0,94,
2025-11-27T02:59:43.406249+00:00,train,1,1397,self,1.0,0,92,
2025-11-27T02:59:43.406392+00:00,train,1,1398,self,1.0,0,96,
2025-11-27T02:59:43.406506+00:00,train,1,1399,self,1.0,0,97,
2025-11-27T02:59:43.406607+00:00,train,1,1400,self,1.0,0,99,
2025-11-27T02:59:43.406745+00:00,train,1,1401,self,1.0,0,99,
2025-11-27T02:59:43.406856+00:00,train,1,1402,self,1.0,0,100,
2025-11-27T02:59:43.406987+00:00,train,1,1403,self,1.0,0,96,
2025-11-27T02:59:43.407090+00:00,train,1,1404,self,1.0,0,96,
2025-11-27T02:59:43.407223+00:00,train,1,1405,self,1.0,0,96,
2025-11-27T02:59:43.407324+00:00,train,1,1406,self,1.0,0,97,
2025-11-27T02:59:43.407463+00:00,train,1,1407,self,1.0,0,86,
2025-11-27T02:59:43.407584+00:00,train,1,1408,self,1.0,0,99,
2025-11-27T02:59:43.407683+00:00,train,1,1409,self,1.0,0,94,
2025-11-27T02:59:43.407801+00:00,train,1,1410,self,1.0,0,96,
2025-11-27T02:59:43.407900+00:00,train,1,1411,self,1.0,0,97,
2025-11-27T02:59:43.408020+00:00,train,1,1412,self,1.0,0,100,
2025-11-27T02:59:43.408119+00:00,train,1,1413,self,1.0,0,90,
2025-11-27T02:59:43.408218+00:00,train,1,1414,self,1.0,0,92,
2025-11-27T02:59:43.408317+00:00,train,1,1415,self,1.0,0,91,
2025-11-27T02:59:43.408416+00:00,train,1,1416,self,1.0,0,95,
2025-11-27T02:59:43.408515+00:00,train,1,1417,self,1.0,0,81,
2025-11-27T02:59:43.408613+00:00,train,1,1418,self,1.0,0,95,
2025-11-27T02:59:43.408711+00:00,train,1,1419,self,1.0,0,99,
2025-11-27T02:59:43.408809+00:00,train,1,1420,self,1.0,0,99,
2025-11-27T02:59:43.408908+00:00,train,1,1421,self,1.0,0,94,
2025-11-27T02:59:43.409005+00:00,train,1,1422,self,1.0,0,99,
2025-11-27T02:59:43.409103+00:00,train,1,1423,self,1.0,0,98,
2025-11-27T02:59:43.409201+00:00,train,1,1424,self,1.0,0,98,
2025-11-27T02:59:43.409299+00:00,train,1,1425,self,1.0,0,94,
2025-11-27T02:59:43.409397+00:00,train,1,1426,self,1.0,0,100,
2025-11-27T02:59:43.409495+00:00,train,1,1427,self,1.0,0,98,
2025-11-27T02:59:43.409593+00:00,train,1,1428,self,1.0,0,99,
2025-11-27T02:59:43.409691+00:00,train,1,1429,self,1.0,0,96,
2025-11-27T02:59:43.409789+00:00,train,1,1430,self,1.0,0,98,
2025-11-27T02:59:43.409888+00:00,train,1,1431,self,1.0,0,98,
2025-11-27T02:59:43.409986+00:00,train,1,1432,self,1.0,0,99,
2025-11-27T02:59:43.410084+00:00,train,1,1433,self,1.0,0,95,
2025-11-27T02:59:43.410182+00:00,train,1,1434,self,1.0,0,95,
2025-11-27T02:59:43.410280+00:00,train,1,1435,self,1.0,0,90,
2025-11-27T02:59:43.410377+00:00,train,1,1436,self,1.0,0,97,
2025-11-27T02:59:43.410475+00:00,train,1,1437,self,1.0,0,99,
2025-11-27T02:59:43.410573+00:00,train,1,1438,self,1.0,0,99,
2025-11-27T02:59:43.410671+00:00,train,1,1439,self,1.0,0,87,
2025-11-27T02:59:43.410768+00:00,train,1,1440,self,1.0,0,93,
2025-11-27T02:59:43.410866+00:00,train,1,1441,self,1.0,0,91,
2025-11-27T02:59:43.410963+00:00,train,1,1442,self,1.0,0,99,
2025-11-27T02:59:43.411061+00:00,train,1,1443,self,1.0,0,95,
2025-11-27T02:59:43.411160+00:00,train,1,1444,self,1.0,0,100,
2025-11-27T02:59:43.411258+00:00,train,1,1445,self,1.0,0,94,
2025-11-27T02:59:43.411355+00:00,train,1,1446,self,1.0,0,99,
2025-11-27T02:59:43.411453+00:00,train,1,1447,self,1.0,0,97,
2025-11-27T02:59:43.411550+00:00,train,1,1448,self,1.0,0,99,
2025-11-27T02:59:43.411647+00:00,train,1,1449,self,1.0,0,99,
2025-11-27T02:59:43.411745+00:00,train,1,1450,self,1.0,0,99,
2025-11-27T02:59:43.411843+00:00,train,1,1451,self,1.0,0,98,
2025-11-27T02:59:43.411941+00:00,train,1,1452,self,1.0,0,99,
2025-11-27T02:59:43.412039+00:00,train,1,1453,self,1.0,0,94,
2025-11-27T02:59:43.412136+00:00,train,1,1454,self,1.0,0,100,
2025-11-27T02:59:43.412234+00:00,train,1,1455,self,1.0,0,98,
2025-11-27T02:59:43.412332+00:00,train,1,1456,self,1.0,0,100,
2025-11-27T02:59:43.412429+00:00,train,1,1457,self,1.0,0,93,
2025-11-27T02:59:43.412527+00:00,train,1,1458,self,1.0,0,95,
2025-11-27T02:59:43.412624+00:00,train,1,1459,self,1.0,0,97,
2025-11-27T02:59:43.412722+00:00,train,1,1460,self,1.0,0,98,
2025-11-27T02:59:43.412820+00:00,train,1,1461,self,1.0,0,94,
2025-11-27T02:59:43.412918+00:00,train,1,1462,self,1.0,0,94,
2025-11-27T02:59:43.413015+00:00,train,1,1463,self,1.0,0,88,
2025-11-27T02:59:43.413113+00:00,train,1,1464,self,1.0,0,99,
2025-11-27T02:59:43.413211+00:00,train,1,1465,self,1.0,0,99,
2025-11-27T02:59:43.413308+00:00,train,1,1466,self,1.0,0,100,
2025-11-27T02:59:43.413409+00:00,train,1,1467,self,1.0,0,91,
2025-11-27T02:59:43.413506+00:00,train,1,1468,self,1.0,0,95,
2025-11-27T02:59:43.413603+00:00,train,1,1469,self,1.0,0,99,
2025-11-27T02:59:43.413701+00:00,train,1,1470,self,1.0,0,100,
2025-11-27T02:59:43.413799+00:00,train,1,1471,self,1.0,0,85,
2025-11-27T02:59:43.413896+00:00,train,1,1472,self,1.0,0,96,
2025-11-27T02:59:43.413994+00:00,train,1,1473,self,1.0,0,85,
2025-11-27T02:59:43.414092+00:00,train,1,1474,self,1.0,0,94,
2025-11-27T02:59:43.414189+00:00,train,1,1475,self,1.0,0,95,
2025-11-27T02:59:43.414314+00:00,train,1,1476,self,1.0,0,96,
2025-11-27T02:59:43.414432+00:00,train,1,1477,self,1.0,0,98,
2025-11-27T02:59:43.414531+00:00,train,1,1478,self,1.0,0,99,
2025-11-27T02:59:43.414629+00:00,train,1,1479,self,1.0,0,94,
2025-11-27T02:59:43.414727+00:00,train,1,1480,self,1.0,0,97,
2025-11-27T02:59:43.414825+00:00,train,1,1481,self,1.0,0,99,
2025-11-27T02:59:43.414927+00:00,train,1,1482,self,1.0,0,100,
2025-11-27T02:59:43.415026+00:00,train,1,1483,self,1.0,0,96,
2025-11-27T02:59:43.415141+00:00,train,1,1484,self,1.0,0,98,
2025-11-27T02:59:43.415239+00:00,train,1,1485,self,1.0,0,97,
2025-11-27T02:59:43.415352+00:00,train,1,1486,self,1.0,0,99,
2025-11-27T02:59:43.415452+00:00,train,1,1487,self,1.0,0,96,
2025-11-27T02:59:43.415565+00:00,train,1,1488,self,1.0,0,100,
2025-11-27T02:59:43.415664+00:00,train,1,1489,self,1.0,0,89,
2025-11-27T02:59:43.415776+00:00,train,1,1490,self,1.0,0,91,
2025-11-27T02:59:43.415875+00:00,train,1,1491,self,1.0,0,99,
2025-11-27T02:59:43.415973+00:00,train,1,1492,self,1.0,0,100,
2025-11-27T02:59:43.416086+00:00,train,1,1493,self,1.0,0,97,
2025-11-27T02:59:43.416185+00:00,train,1,1494,self,1.0,0,100,
2025-11-27T02:59:43.416298+00:00,train,1,1495,self,1.0,0,91,
2025-11-27T02:59:43.416397+00:00,train,1,1496,self,1.0,0,99,
2025-11-27T02:59:43.416496+00:00,train,1,1497,self,1.0,0,93,
2025-11-27T02:59:43.416593+00:00,train,1,1498,self,1.0,0,100,
2025-11-27T02:59:43.416692+00:00,train,1,1499,self,1.0,0,82,
2025-11-27T02:59:43.416790+00:00,train,1,1500,self,1.0,0,98,
2025-11-27T02:59:43.419294+00:00,train,1,1501,self,1.0,0,96,
2025-11-27T02:59:43.419398+00:00,train,1,1502,self,1.0,0,97,
2025-11-27T02:59:43.419498+00:00,train,1,1503,self,1.0,0,87,
2025-11-27T02:59:43.419597+00:00,train,1,1504,self,1.0,0,100,
2025-11-27T02:59:43.419711+00:00,train,1,1505,self,1.0,0,75,
2025-11-27T02:59:43.419810+00:00,train,1,1506,self,1.0,0,93,
2025-11-27T02:59:43.419908+00:00,train,1,1507,self,1.0,0,99,
2025-11-27T02:59:43.420022+00:00,train,1,1508,self,1.0,0,99,
2025-11-27T02:59:43.420121+00:00,train,1,1509,self,1.0,0,98,
2025-11-27T02:59:43.420220+00:00,train,1,1510,self,1.0,0,99,
2025-11-27T02:59:43.420319+00:00,train,1,1511,self,1.0,0,93,
2025-11-27T02:59:43.420417+00:00,train,1,1512,self,1.0,0,94,
2025-11-27T02:59:43.420515+00:00,train,1,1513,self,1.0,0,89,
2025-11-27T02:59:43.420613+00:00,train,1,1514,self,1.0,0,95,
2025-11-27T02:59:43.420711+00:00,train,1,1515,self,1.0,0,95,
2025-11-27T02:59:43.420808+00:00,train,1,1516,self,1.0,0,100,
2025-11-27T02:59:43.420906+00:00,train,1,1517,self,1.0,0,87,
2025-11-27T02:59:43.421004+00:00,train,1,1518,self,1.0,0,98,
2025-11-27T02:59:43.421102+00:00,train,1,1519,self,1.0,0,76,
2025-11-27T02:59:43.421200+00:00,train,1,1520,self,1.0,0,100,
2025-11-27T02:59:43.421298+00:00,train,1,1521,self,1.0,0,99,
2025-11-27T02:59:43.421396+00:00,train,1,1522,self,1.0,0,100,
2025-11-27T02:59:43.421495+00:00,train,1,1523,self,1.0,0,96,
2025-11-27T02:59:43.421594+00:00,train,1,1524,self,1.0,0,97,
2025-11-27T02:59:43.421692+00:00,train,1,1525,self,1.0,0,97,
2025-11-27T02:59:43.421789+00:00,train,1,1526,self,1.0,0,97,
2025-11-27T02:59:43.421888+00:00,train,1,1527,self,1.0,0,87,
2025-11-27T02:59:43.421986+00:00,train,1,1528,self,1.0,0,99,
2025-11-27T02:59:43.422084+00:00,train,1,1529,self,1.0,0,91,
2025-11-27T02:59:43.422182+00:00,train,1,1530,self,1.0,0,97,
2025-11-27T02:59:43.422281+00:00,train,1,1531,self,1.0,0,96,
2025-11-27T02:59:43.422379+00:00,train,1,1532,self,1.0,0,97,
2025-11-27T02:59:43.422479+00:00,train,1,1533,self,1.0,0,98,
2025-11-27T02:59:43.422577+00:00,train,1,1534,self,1.0,0,99,
2025-11-27T02:59:43.422674+00:00,train,1,1535,self,1.0,0,92,
2025-11-27T02:59:43.422772+00:00,train,1,1536,self,1.0,0,97,
2025-11-27T02:59:43.422870+00:00,train,1,1537,self,1.0,0,91,
2025-11-27T02:59:43.422968+00:00,train,1,1538,self,1.0,0,97,
2025-11-27T02:59:43.423065+00:00,train,1,1539,self,1.0,0,90,
2025-11-27T02:59:43.423163+00:00,train,1,1540,self,1.0,0,97,
2025-11-27T02:59:43.423261+00:00,train,1,1541,self,1.0,0,99,
2025-11-27T02:59:43.423359+00:00,train,1,1542,self,1.0,0,100,
2025-11-27T02:59:43.423457+00:00,train,1,1543,self,1.0,0,93,
2025-11-27T02:59:43.423555+00:00,train,1,1544,self,1.0,0,100,
2025-11-27T02:59:43.423653+00:00,train,1,1545,self,1.0,0,94,
2025-11-27T02:59:43.423751+00:00,train,1,1546,self,1.0,0,100,
2025-11-27T02:59:43.423848+00:00,train,1,1547,self,1.0,0,99,
2025-11-27T02:59:43.423945+00:00,train,1,1548,self,1.0,0,100,
2025-11-27T02:59:43.424044+00:00,train,1,1549,self,1.0,0,96,
2025-11-27T02:59:43.424142+00:00,train,1,1550,self,1.0,0,98,
2025-11-27T02:59:43.424240+00:00,train,1,1551,self,1.0,0,84,
2025-11-27T02:59:43.424338+00:00,train,1,1552,self,1.0,0,94,
2025-11-27T02:59:43.424435+00:00,train,1,1553,self,1.0,0,84,
2025-11-27T02:59:43.424533+00:00,train,1,1554,self,1.0,0,97,
2025-11-27T02:59:43.424630+00:00,train,1,1555,self,1.0,0,97,
2025-11-27T02:59:43.424728+00:00,train,1,1556,self,1.0,0,99,
2025-11-27T02:59:43.424826+00:00,train,1,1557,self,1.0,0,96,
2025-11-27T02:59:43.424923+00:00,train,1,1558,self,1.0,0,100,
2025-11-27T02:59:43.425022+00:00,train,1,1559,self,1.0,0,80,
2025-11-27T02:59:43.425120+00:00,train,1,1560,self,1.0,0,100,
2025-11-27T02:59:43.425217+00:00,train,1,1561,self,1.0,0,86,
2025-11-27T02:59:43.425315+00:00,train,1,1562,self,1.0,0,97,
2025-11-27T02:59:43.425442+00:00,train,1,1563,self,1.0,0,94,
2025-11-27T02:59:43.425563+00:00,train,1,1564,self,1.0,0,97,
2025-11-27T02:59:43.425933+00:00,train,1,1565,self,1.0,0,89,
2025-11-27T02:59:43.426081+00:00,train,1,1566,self,1.0,0,97,
2025-11-27T02:59:43.426220+00:00,train,1,1567,self,1.0,0,97,
2025-11-27T02:59:43.426418+00:00,train,1,1568,self,1.0,0,100,
2025-11-27T02:59:43.426586+00:00,train,1,1569,self,1.0,0,87,
2025-11-27T02:59:43.426750+00:00,train,1,1570,self,1.0,0,99,
2025-11-27T02:59:43.426874+00:00,train,1,1571,self,1.0,0,98,
2025-11-27T02:59:43.427009+00:00,train,1,1572,self,1.0,0,99,
2025-11-27T02:59:43.427122+00:00,train,1,1573,self,1.0,0,89,
2025-11-27T02:59:43.427257+00:00,train,1,1574,self,1.0,0,93,
2025-11-27T02:59:43.427365+00:00,train,1,1575,self,1.0,0,99,
2025-11-27T02:59:43.427495+00:00,train,1,1576,self,1.0,0,99,
2025-11-27T02:59:43.427603+00:00,train,1,1577,self,1.0,0,89,
2025-11-27T02:59:43.427737+00:00,train,1,1578,self,1.0,0,100,
2025-11-27T02:59:43.427843+00:00,train,1,1579,self,1.0,0,82,
2025-11-27T02:59:43.427979+00:00,train,1,1580,self,1.0,0,99,
2025-11-27T02:59:43.428085+00:00,train,1,1581,self,1.0,0,96,
2025-11-27T02:59:43.428224+00:00,train,1,1582,self,1.0,0,99,
2025-11-27T02:59:43.428330+00:00,train,1,1583,self,1.0,0,97,
2025-11-27T02:59:43.428451+00:00,train,1,1584,self,1.0,0,99,
2025-11-27T02:59:43.428556+00:00,train,1,1585,self,1.0,0,94,
2025-11-27T02:59:43.428679+00:00,train,1,1586,self,1.0,0,99,
2025-11-27T02:59:43.428785+00:00,train,1,1587,self,1.0,0,87,
2025-11-27T02:59:43.428890+00:00,train,1,1588,self,1.0,0,92,
2025-11-27T02:59:43.428995+00:00,train,1,1589,self,1.0,0,80,
2025-11-27T02:59:43.429100+00:00,train,1,1590,self,1.0,0,98,
2025-11-27T02:59:43.429205+00:00,train,1,1591,self,1.0,0,96,
2025-11-27T02:59:43.429309+00:00,train,1,1592,self,1.0,0,96,
2025-11-27T02:59:43.429413+00:00,train,1,1593,self,1.0,0,95,
2025-11-27T02:59:43.429518+00:00,train,1,1594,self,1.0,0,99,
2025-11-27T02:59:43.429623+00:00,train,1,1595,self,1.0,0,87,
2025-11-27T02:59:43.429728+00:00,train,1,1596,self,1.0,0,99,
2025-11-27T02:59:43.429833+00:00,train,1,1597,self,1.0,0,94,
2025-11-27T02:59:43.429938+00:00,train,1,1598,self,1.0,0,100,
2025-11-27T02:59:43.430045+00:00,train,1,1599,self,1.0,0,95,
2025-11-27T02:59:43.430165+00:00,train,1,1600,self,1.0,0,100,
2025-11-27T02:59:43.430273+00:00,train,1,1601,self,1.0,0,96,
2025-11-27T02:59:43.430380+00:00,train,1,1602,self,1.0,0,97,
2025-11-27T02:59:43.430487+00:00,train,1,1603,self,1.0,0,94,
2025-11-27T02:59:43.430595+00:00,train,1,1604,self,1.0,0,99,
2025-11-27T02:59:43.430703+00:00,train,1,1605,self,1.0,0,79,
2025-11-27T02:59:43.430811+00:00,train,1,1606,self,1.0,0,100,
2025-11-27T02:59:43.430918+00:00,train,1,1607,self,1.0,0,94,
2025-11-27T02:59:43.431026+00:00,train,1,1608,self,1.0,0,97,
2025-11-27T02:59:43.431150+00:00,train,1,1609,self,1.0,0,82,
2025-11-27T02:59:43.431260+00:00,train,1,1610,self,1.0,0,96,
2025-11-27T02:59:43.431371+00:00,train,1,1611,self,1.0,0,100,
2025-11-27T02:59:43.431481+00:00,train,1,1612,self,1.0,0,100,
2025-11-27T02:59:43.431592+00:00,train,1,1613,self,1.0,0,87,
2025-11-27T02:59:43.431703+00:00,train,1,1614,self,1.0,0,96,
2025-11-27T02:59:43.431813+00:00,train,1,1615,self,1.0,0,92,
2025-11-27T02:59:43.431923+00:00,train,1,1616,self,1.0,0,92,
2025-11-27T02:59:43.432033+00:00,train,1,1617,self,1.0,0,98,
2025-11-27T02:59:43.432159+00:00,train,1,1618,self,1.0,0,99,
2025-11-27T02:59:43.432273+00:00,train,1,1619,self,1.0,0,84,
2025-11-27T02:59:43.432388+00:00,train,1,1620,self,1.0,0,98,
2025-11-27T02:59:43.432501+00:00,train,1,1621,self,1.0,0,97,
2025-11-27T02:59:43.432614+00:00,train,1,1622,self,1.0,0,99,
2025-11-27T02:59:43.432728+00:00,train,1,1623,self,1.0,0,95,
2025-11-27T02:59:43.432841+00:00,train,1,1624,self,1.0,0,100,
2025-11-27T02:59:43.432954+00:00,train,1,1625,self,1.0,0,98,
2025-11-27T02:59:43.433068+00:00,train,1,1626,self,1.0,0,99,
2025-11-27T02:59:43.433198+00:00,train,1,1627,self,1.0,0,95,
2025-11-27T02:59:43.433315+00:00,train,1,1628,self,1.0,0,96,
2025-11-27T02:59:43.433432+00:00,train,1,1629,self,1.0,0,96,
2025-11-27T02:59:43.433552+00:00,train,1,1630,self,1.0,0,100,
2025-11-27T02:59:43.433668+00:00,train,1,1631,self,1.0,0,97,
2025-11-27T02:59:43.433784+00:00,train,1,1632,self,1.0,0,100,
2025-11-27T02:59:43.433900+00:00,train,1,1633,self,1.0,0,93,
2025-11-27T02:59:43.434017+00:00,train,1,1634,self,1.0,0,99,
2025-11-27T02:59:43.434145+00:00,train,1,1635,self,1.0,0,97,
2025-11-27T02:59:43.434258+00:00,train,1,1636,self,1.0,0,99,
2025-11-27T02:59:43.434371+00:00,train,1,1637,self,1.0,0,97,
2025-11-27T02:59:43.434484+00:00,train,1,1638,self,1.0,0,98,
2025-11-27T02:59:43.434597+00:00,train,1,1639,self,1.0,0,90,
2025-11-27T02:59:43.434710+00:00,train,1,1640,self,1.0,0,95,
2025-11-27T02:59:43.434823+00:00,train,1,1641,self,1.0,0,96,
2025-11-27T02:59:43.434936+00:00,train,1,1642,self,1.0,0,100,
2025-11-27T02:59:43.435049+00:00,train,1,1643,self,1.0,0,99,
2025-11-27T02:59:43.435176+00:00,train,1,1644,self,1.0,0,100,
2025-11-27T02:59:43.435286+00:00,train,1,1645,self,1.0,0,98,
2025-11-27T02:59:43.435396+00:00,train,1,1646,self,1.0,0,100,
2025-11-27T02:59:43.435506+00:00,train,1,1647,self,1.0,0,100,
2025-11-27T02:59:43.435616+00:00,train,1,1648,self,1.0,0,100,
2025-11-27T02:59:43.435725+00:00,train,1,1649,self,1.0,0,94,
2025-11-27T02:59:43.435835+00:00,train,1,1650,self,1.0,0,97,
2025-11-27T02:59:43.435945+00:00,train,1,1651,self,1.0,0,73,
2025-11-27T02:59:43.436055+00:00,train,1,1652,self,1.0,0,99,
2025-11-27T02:59:43.436269+00:00,train,1,1653,self,1.0,0,82,
2025-11-27T02:59:43.436399+00:00,train,1,1654,self,1.0,0,100,
2025-11-27T02:59:43.436522+00:00,train,1,1655,self,1.0,0,96,
2025-11-27T02:59:43.436641+00:00,train,1,1656,self,1.0,0,99,
2025-11-27T02:59:43.436777+00:00,train,1,1657,self,1.0,0,90,
2025-11-27T02:59:43.436894+00:00,train,1,1658,self,1.0,0,96,
2025-11-27T02:59:43.437027+00:00,train,1,1659,self,1.0,0,88,
2025-11-27T02:59:43.437154+00:00,train,1,1660,self,1.0,0,98,
2025-11-27T02:59:43.437275+00:00,train,1,1661,self,1.0,0,90,
2025-11-27T02:59:43.437387+00:00,train,1,1662,self,1.0,0,100,
2025-11-27T02:59:43.437513+00:00,train,1,1663,self,1.0,0,92,
2025-11-27T02:59:43.437624+00:00,train,1,1664,self,1.0,0,100,
2025-11-27T02:59:43.437751+00:00,train,1,1665,self,1.0,0,95,
2025-11-27T02:59:43.437861+00:00,train,1,1666,self,1.0,0,100,
2025-11-27T02:59:43.438019+00:00,train,1,1667,self,1.0,0,90,
2025-11-27T02:59:43.438180+00:00,train,1,1668,self,1.0,0,100,
2025-11-27T02:59:43.438300+00:00,train,1,1669,self,1.0,0,99,
2025-11-27T02:59:43.438462+00:00,train,1,1670,self,1.0,0,99,
2025-11-27T02:59:43.438588+00:00,train,1,1671,self,1.0,0,96,
2025-11-27T02:59:43.438705+00:00,train,1,1672,self,1.0,0,99,
2025-11-27T02:59:43.438818+00:00,train,1,1673,self,1.0,0,94,
2025-11-27T02:59:43.438946+00:00,train,1,1674,self,1.0,0,100,
2025-11-27T02:59:43.439057+00:00,train,1,1675,self,1.0,0,94,
2025-11-27T02:59:43.439179+00:00,train,1,1676,self,1.0,0,96,
2025-11-27T02:59:43.439282+00:00,train,1,1677,self,1.0,0,90,
2025-11-27T02:59:43.439390+00:00,train,1,1678,self,1.0,0,95,
2025-11-27T02:59:43.439495+00:00,train,1,1679,self,1.0,0,93,
2025-11-27T02:59:43.439597+00:00,train,1,1680,self,1.0,0,99,
2025-11-27T02:59:43.439704+00:00,train,1,1681,self,1.0,0,96,
2025-11-27T02:59:43.439805+00:00,train,1,1682,self,1.0,0,100,
2025-11-27T02:59:43.439912+00:00,train,1,1683,self,1.0,0,93,
2025-11-27T02:59:43.440013+00:00,train,1,1684,self,1.0,0,98,
2025-11-27T02:59:43.440121+00:00,train,1,1685,self,1.0,0,92,
2025-11-27T02:59:43.440222+00:00,train,1,1686,self,1.0,0,97,
2025-11-27T02:59:43.440330+00:00,train,1,1687,self,1.0,0,91,
2025-11-27T02:59:43.440431+00:00,train,1,1688,self,1.0,0,96,
2025-11-27T02:59:43.440538+00:00,train,1,1689,self,1.0,0,74,
2025-11-27T02:59:43.440645+00:00,train,1,1690,self,1.0,0,99,
2025-11-27T02:59:43.440746+00:00,train,1,1691,self,1.0,0,96,
2025-11-27T02:59:43.440973+00:00,train,1,1692,self,1.0,0,99,
2025-11-27T02:59:43.441075+00:00,train,1,1693,self,1.0,0,96,
2025-11-27T02:59:43.441304+00:00,train,1,1694,self,1.0,0,98,
2025-11-27T02:59:43.441533+00:00,train,1,1695,self,1.0,0,98,
2025-11-27T02:59:43.441779+00:00,train,1,1696,self,1.0,0,99,
2025-11-27T02:59:43.441902+00:00,train,1,1697,self,1.0,0,87,
2025-11-27T02:59:43.442121+00:00,train,1,1698,self,1.0,0,100,
2025-11-27T02:59:43.442240+00:00,train,1,1699,self,1.0,0,94,
2025-11-27T02:59:43.442349+00:00,train,1,1700,self,1.0,0,96,
2025-11-27T02:59:43.442481+00:00,train,1,1701,self,1.0,0,91,
2025-11-27T02:59:43.442600+00:00,train,1,1702,self,1.0,0,98,
2025-11-27T02:59:43.442702+00:00,train,1,1703,self,1.0,0,91,
2025-11-27T02:59:43.442803+00:00,train,1,1704,self,1.0,0,98,
2025-11-27T02:59:43.442903+00:00,train,1,1705,self,1.0,0,81,
2025-11-27T02:59:43.443002+00:00,train,1,1706,self,1.0,0,99,
2025-11-27T02:59:43.443101+00:00,train,1,1707,self,1.0,0,96,
2025-11-27T02:59:43.443283+00:00,train,1,1708,self,1.0,0,99,
2025-11-27T02:59:43.443383+00:00,train,1,1709,self,1.0,0,95,
2025-11-27T02:59:43.443598+00:00,train,1,1710,self,1.0,0,95,
2025-11-27T02:59:43.443720+00:00,train,1,1711,self,1.0,0,96,
2025-11-27T02:59:43.443835+00:00,train,1,1712,self,1.0,0,99,
2025-11-27T02:59:43.443945+00:00,train,1,1713,self,1.0,0,98,
2025-11-27T02:59:43.444054+00:00,train,1,1714,self,1.0,0,99,
2025-11-27T02:59:43.444161+00:00,train,1,1715,self,1.0,0,89,
2025-11-27T02:59:43.444263+00:00,train,1,1716,self,1.0,0,97,
2025-11-27T02:59:43.444373+00:00,train,1,1717,self,1.0,0,85,
2025-11-27T02:59:43.444476+00:00,train,1,1718,self,1.0,0,92,
2025-11-27T02:59:43.444585+00:00,train,1,1719,self,1.0,0,93,
2025-11-27T02:59:43.444686+00:00,train,1,1720,self,1.0,0,94,
2025-11-27T02:59:43.444794+00:00,train,1,1721,self,1.0,0,92,
2025-11-27T02:59:43.444896+00:00,train,1,1722,self,1.0,0,93,
2025-11-27T02:59:43.445006+00:00,train,1,1723,self,1.0,0,87,
2025-11-27T02:59:43.445112+00:00,train,1,1724,self,1.0,0,99,
2025-11-27T02:59:43.445213+00:00,train,1,1725,self,1.0,0,93,
2025-11-27T02:59:43.445320+00:00,train,1,1726,self,1.0,0,99,
2025-11-27T02:59:43.445422+00:00,train,1,1727,self,1.0,0,96,
2025-11-27T02:59:43.445529+00:00,train,1,1728,self,1.0,0,97,
2025-11-27T02:59:43.445630+00:00,train,1,1729,self,1.0,0,93,
2025-11-27T02:59:43.445737+00:00,train,1,1730,self,1.0,0,95,
2025-11-27T02:59:43.445840+00:00,train,1,1731,self,1.0,0,97,
2025-11-27T02:59:43.445947+00:00,train,1,1732,self,1.0,0,100,
2025-11-27T02:59:43.446049+00:00,train,1,1733,self,1.0,0,85,
2025-11-27T02:59:43.446156+00:00,train,1,1734,self,1.0,0,98,
2025-11-27T02:59:43.446264+00:00,train,1,1735,self,1.0,0,93,
2025-11-27T02:59:43.446466+00:00,train,1,1736,self,1.0,0,94,
2025-11-27T02:59:43.446579+00:00,train,1,1737,self,1.0,0,99,
2025-11-27T02:59:43.446686+00:00,train,1,1738,self,1.0,0,100,
2025-11-27T02:59:43.446790+00:00,train,1,1739,self,1.0,0,83,
2025-11-27T02:59:43.446892+00:00,train,1,1740,self,1.0,0,99,
2025-11-27T02:59:43.447113+00:00,train,1,1741,self,1.0,0,90,
2025-11-27T02:59:43.447235+00:00,train,1,1742,self,1.0,0,97,
2025-11-27T02:59:43.447352+00:00,train,1,1743,self,1.0,0,92,
2025-11-27T02:59:43.447465+00:00,train,1,1744,self,1.0,0,99,
2025-11-27T02:59:43.447631+00:00,train,1,1745,self,1.0,0,96,
2025-11-27T02:59:43.447736+00:00,train,1,1746,self,1.0,0,99,
2025-11-27T02:59:43.447861+00:00,train,1,1747,self,1.0,0,98,
2025-11-27T02:59:43.447964+00:00,train,1,1748,self,1.0,0,100,
2025-11-27T02:59:43.448086+00:00,train,1,1749,self,1.0,0,94,
2025-11-27T02:59:43.448188+00:00,train,1,1750,self,1.0,0,97,
2025-11-27T02:59:43.448338+00:00,train,1,1751,self,1.0,0,89,
2025-11-27T02:59:43.448453+00:00,train,1,1752,self,1.0,0,99,
2025-11-27T02:59:43.448614+00:00,train,1,1753,self,1.0,0,92,
2025-11-27T02:59:43.448736+00:00,train,1,1754,self,1.0,0,94,
2025-11-27T02:59:43.448851+00:00,train,1,1755,self,1.0,0,97,
2025-11-27T02:59:43.448957+00:00,train,1,1756,self,1.0,0,100,
2025-11-27T02:59:43.449085+00:00,train,1,1757,self,1.0,0,96,
2025-11-27T02:59:43.449190+00:00,train,1,1758,self,1.0,0,98,
2025-11-27T02:59:43.449299+00:00,train,1,1759,self,1.0,0,97,
2025-11-27T02:59:43.449401+00:00,train,1,1760,self,1.0,0,98,
2025-11-27T02:59:43.449509+00:00,train,1,1761,self,1.0,0,97,
2025-11-27T02:59:43.449611+00:00,train,1,1762,self,1.0,0,99,
2025-11-27T02:59:43.449721+00:00,train,1,1763,self,1.0,0,93,
2025-11-27T02:59:43.449870+00:00,train,1,1764,self,1.0,0,98,
2025-11-27T02:59:43.449971+00:00,train,1,1765,self,1.0,0,94,
2025-11-27T02:59:43.450079+00:00,train,1,1766,self,1.0,0,97,
2025-11-27T02:59:43.450181+00:00,train,1,1767,self,1.0,0,86,
2025-11-27T02:59:43.450288+00:00,train,1,1768,self,1.0,0,96,
2025-11-27T02:59:43.450389+00:00,train,1,1769,self,1.0,0,92,
2025-11-27T02:59:43.450496+00:00,train,1,1770,self,1.0,0,98,
2025-11-27T02:59:43.450598+00:00,train,1,1771,self,1.0,0,89,
2025-11-27T02:59:43.450706+00:00,train,1,1772,self,1.0,0,100,
2025-11-27T02:59:43.450844+00:00,train,1,1773,self,1.0,0,96,
2025-11-27T02:59:43.450965+00:00,train,1,1774,self,1.0,0,100,
2025-11-27T02:59:43.451066+00:00,train,1,1775,self,1.0,0,100,
2025-11-27T02:59:43.451174+00:00,train,1,1776,self,1.0,0,100,
2025-11-27T02:59:43.451276+00:00,train,1,1777,self,1.0,0,88,
2025-11-27T02:59:43.451383+00:00,train,1,1778,self,1.0,0,96,
2025-11-27T02:59:43.451487+00:00,train,1,1779,self,1.0,0,98,
2025-11-27T02:59:43.451589+00:00,train,1,1780,self,1.0,0,100,
2025-11-27T02:59:43.451695+00:00,train,1,1781,self,1.0,0,95,
2025-11-27T02:59:43.451796+00:00,train,1,1782,self,1.0,0,98,
2025-11-27T02:59:43.451906+00:00,train,1,1783,self,1.0,0,85,
2025-11-27T02:59:43.452007+00:00,train,1,1784,self,1.0,0,100,
2025-11-27T02:59:43.452113+00:00,train,1,1785,self,1.0,0,85,
2025-11-27T02:59:43.452214+00:00,train,1,1786,self,1.0,0,92,
2025-11-27T02:59:43.452321+00:00,train,1,1787,self,1.0,0,91,
2025-11-27T02:59:43.452423+00:00,train,1,1788,self,1.0,0,99,
2025-11-27T02:59:43.452529+00:00,train,1,1789,self,1.0,0,94,
2025-11-27T02:59:43.452633+00:00,train,1,1790,self,1.0,0,99,
2025-11-27T02:59:43.452734+00:00,train,1,1791,self,1.0,0,87,
2025-11-27T02:59:43.452841+00:00,train,1,1792,self,1.0,0,90,
2025-11-27T02:59:43.452942+00:00,train,1,1793,self,1.0,0,93,
2025-11-27T02:59:43.453048+00:00,train,1,1794,self,1.0,0,98,
2025-11-27T02:59:43.453149+00:00,train,1,1795,self,1.0,0,96,
2025-11-27T02:59:43.453258+00:00,train,1,1796,self,1.0,0,97,
2025-11-27T02:59:43.453360+00:00,train,1,1797,self,1.0,0,93,
2025-11-27T02:59:43.453467+00:00,train,1,1798,self,1.0,0,98,
2025-11-27T02:59:43.453568+00:00,train,1,1799,self,1.0,0,95,
2025-11-27T02:59:43.453674+00:00,train,1,1800,self,1.0,0,98,
2025-11-27T02:59:43.453778+00:00,train,1,1801,self,1.0,0,94,
2025-11-27T02:59:43.453879+00:00,train,1,1802,self,1.0,0,98,
2025-11-27T02:59:43.453985+00:00,train,1,1803,self,1.0,0,94,
2025-11-27T02:59:43.454086+00:00,train,1,1804,self,1.0,0,97,
2025-11-27T02:59:43.454192+00:00,train,1,1805,self,1.0,0,94,
2025-11-27T02:59:43.454292+00:00,train,1,1806,self,1.0,0,94,
2025-11-27T02:59:43.454402+00:00,train,1,1807,self,1.0,0,92,
2025-11-27T02:59:43.454504+00:00,train,1,1808,self,1.0,0,95,
2025-11-27T02:59:43.454628+00:00,train,1,1809,self,1.0,0,88,
2025-11-27T02:59:43.454730+00:00,train,1,1810,self,1.0,0,97,
2025-11-27T02:59:43.454852+00:00,train,1,1811,self,1.0,0,86,
2025-11-27T02:59:43.454954+00:00,train,1,1812,self,1.0,0,98,
2025-11-27T02:59:43.455076+00:00,train,1,1813,self,1.0,0,91,
2025-11-27T02:59:43.455178+00:00,train,1,1814,self,1.0,0,96,
2025-11-27T02:59:43.455325+00:00,train,1,1815,self,1.0,0,97,
2025-11-27T02:59:43.455429+00:00,train,1,1816,self,1.0,0,98,
2025-11-27T02:59:43.455534+00:00,train,1,1817,self,1.0,0,94,
2025-11-27T02:59:43.455634+00:00,train,1,1818,self,1.0,0,100,
2025-11-27T02:59:43.455740+00:00,train,1,1819,self,1.0,0,95,
2025-11-27T02:59:43.455841+00:00,train,1,1820,self,1.0,0,97,
2025-11-27T02:59:43.455948+00:00,train,1,1821,self,1.0,0,100,
2025-11-27T02:59:43.456049+00:00,train,1,1822,self,1.0,0,100,
2025-11-27T02:59:43.456156+00:00,train,1,1823,self,1.0,0,93,
2025-11-27T02:59:43.456257+00:00,train,1,1824,self,1.0,0,99,
2025-11-27T02:59:43.456364+00:00,train,1,1825,self,1.0,0,98,
2025-11-27T02:59:43.456470+00:00,train,1,1826,self,1.0,0,100,
2025-11-27T02:59:43.456650+00:00,train,1,1827,self,1.0,0,95,
2025-11-27T02:59:43.456752+00:00,train,1,1828,self,1.0,0,99,
2025-11-27T02:59:43.456859+00:00,train,1,1829,self,1.0,0,91,
2025-11-27T02:59:43.456963+00:00,train,1,1830,self,1.0,0,98,
2025-11-27T02:59:43.457064+00:00,train,1,1831,self,1.0,0,93,
2025-11-27T02:59:43.457170+00:00,train,1,1832,self,1.0,0,100,
2025-11-27T02:59:43.457271+00:00,train,1,1833,self,1.0,0,90,
2025-11-27T02:59:43.457377+00:00,train,1,1834,self,1.0,0,95,
2025-11-27T02:59:43.457478+00:00,train,1,1835,self,1.0,0,88,
2025-11-27T02:59:43.457630+00:00,train,1,1836,self,1.0,0,90,
2025-11-27T02:59:43.457819+00:00,train,1,1837,self,1.0,0,99,
2025-11-27T02:59:43.457924+00:00,train,1,1838,self,1.0,0,99,
2025-11-27T02:59:43.458026+00:00,train,1,1839,self,1.0,0,94,
2025-11-27T02:59:43.458134+00:00,train,1,1840,self,1.0,0,98,
2025-11-27T02:59:43.458234+00:00,train,1,1841,self,1.0,0,81,
2025-11-27T02:59:43.458341+00:00,train,1,1842,self,1.0,0,98,
2025-11-27T02:59:43.458443+00:00,train,1,1843,self,1.0,0,89,
2025-11-27T02:59:43.458549+00:00,train,1,1844,self,1.0,0,100,
2025-11-27T02:59:43.458651+00:00,train,1,1845,self,1.0,0,83,
2025-11-27T02:59:43.458758+00:00,train,1,1846,self,1.0,0,93,
2025-11-27T02:59:43.458860+00:00,train,1,1847,self,1.0,0,90,
2025-11-27T02:59:43.458967+00:00,train,1,1848,self,1.0,0,95,
2025-11-27T02:59:43.459070+00:00,train,1,1849,self,1.0,0,93,
2025-11-27T02:59:43.459171+00:00,train,1,1850,self,1.0,0,94,
2025-11-27T02:59:43.459278+00:00,train,1,1851,self,1.0,0,91,
2025-11-27T02:59:43.459379+00:00,train,1,1852,self,1.0,0,95,
2025-11-27T02:59:43.459489+00:00,train,1,1853,self,1.0,0,94,
2025-11-27T02:59:43.459590+00:00,train,1,1854,self,1.0,0,96,
2025-11-27T02:59:43.459742+00:00,train,1,1855,self,1.0,0,89,
2025-11-27T02:59:43.459861+00:00,train,1,1856,self,1.0,0,97,
2025-11-27T02:59:43.460016+00:00,train,1,1857,self,1.0,0,95,
2025-11-27T02:59:43.460139+00:00,train,1,1858,self,1.0,0,98,
2025-11-27T02:59:43.460253+00:00,train,1,1859,self,1.0,0,91,
2025-11-27T02:59:43.460364+00:00,train,1,1860,self,1.0,0,100,
2025-11-27T02:59:43.460473+00:00,train,1,1861,self,1.0,0,88,
2025-11-27T02:59:43.460579+00:00,train,1,1862,self,1.0,0,98,
2025-11-27T02:59:43.460688+00:00,train,1,1863,self,1.0,0,96,
2025-11-27T02:59:43.460793+00:00,train,1,1864,self,1.0,0,99,
2025-11-27T02:59:43.460895+00:00,train,1,1865,self,1.0,0,98,
2025-11-27T02:59:43.461002+00:00,train,1,1866,self,1.0,0,98,
2025-11-27T02:59:43.461104+00:00,train,1,1867,self,1.0,0,99,
2025-11-27T02:59:43.461211+00:00,train,1,1868,self,1.0,0,99,
2025-11-27T02:59:43.461313+00:00,train,1,1869,self,1.0,0,74,
2025-11-27T02:59:43.461423+00:00,train,1,1870,self,1.0,0,97,
2025-11-27T02:59:43.461524+00:00,train,1,1871,self,1.0,0,91,
2025-11-27T02:59:43.461630+00:00,train,1,1872,self,1.0,0,99,
2025-11-27T02:59:43.461732+00:00,train,1,1873,self,1.0,0,96,
2025-11-27T02:59:43.461838+00:00,train,1,1874,self,1.0,0,99,
2025-11-27T02:59:43.461942+00:00,train,1,1875,self,1.0,0,84,
2025-11-27T02:59:43.462043+00:00,train,1,1876,self,1.0,0,94,
2025-11-27T02:59:43.462150+00:00,train,1,1877,self,1.0,0,100,
2025-11-27T02:59:43.462250+00:00,train,1,1878,self,1.0,0,100,
2025-11-27T02:59:43.462357+00:00,train,1,1879,self,1.0,0,93,
2025-11-27T02:59:43.462458+00:00,train,1,1880,self,1.0,0,99,
2025-11-27T02:59:43.462564+00:00,train,1,1881,self,1.0,0,88,
2025-11-27T02:59:43.462666+00:00,train,1,1882,self,1.0,0,99,
2025-11-27T02:59:43.462773+00:00,train,1,1883,self,1.0,0,98,
2025-11-27T02:59:43.462874+00:00,train,1,1884,self,1.0,0,100,
2025-11-27T02:59:43.462980+00:00,train,1,1885,self,1.0,0,94,
2025-11-27T02:59:43.463083+00:00,train,1,1886,self,1.0,0,97,
2025-11-27T02:59:43.463184+00:00,train,1,1887,self,1.0,0,93,
2025-11-27T02:59:43.463290+00:00,train,1,1888,self,1.0,0,94,
2025-11-27T02:59:43.463391+00:00,train,1,1889,self,1.0,0,89,
2025-11-27T02:59:43.463501+00:00,train,1,1890,self,1.0,0,99,
2025-11-27T02:59:43.463750+00:00,train,1,1891,self,1.0,0,91,
2025-11-27T02:59:43.463866+00:00,train,1,1892,self,1.0,0,99,
2025-11-27T02:59:43.464072+00:00,train,1,1893,self,1.0,0,89,
2025-11-27T02:59:43.464195+00:00,train,1,1894,self,1.0,0,90,
2025-11-27T02:59:43.464309+00:00,train,1,1895,self,1.0,0,82,
2025-11-27T02:59:43.464416+00:00,train,1,1896,self,1.0,0,87,
2025-11-27T02:59:43.464527+00:00,train,1,1897,self,1.0,0,89,
2025-11-27T02:59:43.464631+00:00,train,1,1898,self,1.0,0,99,
2025-11-27T02:59:43.464740+00:00,train,1,1899,self,1.0,0,100,
2025-11-27T02:59:43.464845+00:00,train,1,1900,self,1.0,0,100,
2025-11-27T02:59:43.464946+00:00,train,1,1901,self,1.0,0,96,
2025-11-27T02:59:43.465053+00:00,train,1,1902,self,1.0,0,97,
2025-11-27T02:59:43.465153+00:00,train,1,1903,self,1.0,0,90,
2025-11-27T02:59:43.465260+00:00,train,1,1904,self,1.0,0,93,
2025-11-27T02:59:43.465360+00:00,train,1,1905,self,1.0,0,91,
2025-11-27T02:59:43.465467+00:00,train,1,1906,self,1.0,0,94,
2025-11-27T02:59:43.465568+00:00,train,1,1907,self,1.0,0,97,
2025-11-27T02:59:43.465675+00:00,train,1,1908,self,1.0,0,98,
2025-11-27T02:59:43.465778+00:00,train,1,1909,self,1.0,0,92,
2025-11-27T02:59:43.465879+00:00,train,1,1910,self,1.0,0,95,
2025-11-27T02:59:43.465985+00:00,train,1,1911,self,1.0,0,99,
2025-11-27T02:59:43.466085+00:00,train,1,1912,self,1.0,0,100,
2025-11-27T02:59:43.466191+00:00,train,1,1913,self,1.0,0,99,
2025-11-27T02:59:43.466292+00:00,train,1,1914,self,1.0,0,100,
2025-11-27T02:59:43.466398+00:00,train,1,1915,self,1.0,0,94,
2025-11-27T02:59:43.466499+00:00,train,1,1916,self,1.0,0,100,
2025-11-27T02:59:43.466608+00:00,train,1,1917,self,1.0,0,95,
2025-11-27T02:59:43.466758+00:00,train,1,1918,self,1.0,0,98,
2025-11-27T02:59:43.466897+00:00,train,1,1919,self,1.0,0,98,
2025-11-27T02:59:43.467014+00:00,train,1,1920,self,1.0,0,100,
2025-11-27T02:59:43.467212+00:00,train,1,1921,self,1.0,0,80,
2025-11-27T02:59:43.467339+00:00,train,1,1922,self,1.0,0,90,
2025-11-27T02:59:43.467498+00:00,train,1,1923,self,1.0,0,93,
2025-11-27T02:59:43.467609+00:00,train,1,1924,self,1.0,0,98,
2025-11-27T02:59:43.467718+00:00,train,1,1925,self,1.0,0,93,
2025-11-27T02:59:43.467822+00:00,train,1,1926,self,1.0,0,100,
2025-11-27T02:59:43.467963+00:00,train,1,1927,self,1.0,0,91,
2025-11-27T02:59:43.468086+00:00,train,1,1928,self,1.0,0,98,
2025-11-27T02:59:43.468194+00:00,train,1,1929,self,1.0,0,96,
2025-11-27T02:59:43.468326+00:00,train,1,1930,self,1.0,0,99,
2025-11-27T02:59:43.468430+00:00,train,1,1931,self,1.0,0,97,
2025-11-27T02:59:43.468566+00:00,train,1,1932,self,1.0,0,99,
2025-11-27T02:59:43.468669+00:00,train,1,1933,self,1.0,0,99,
2025-11-27T02:59:43.468797+00:00,train,1,1934,self,1.0,0,100,
2025-11-27T02:59:43.468898+00:00,train,1,1935,self,1.0,0,96,
2025-11-27T02:59:43.469026+00:00,train,1,1936,self,1.0,0,97,
2025-11-27T02:59:43.469126+00:00,train,1,1937,self,1.0,0,92,
2025-11-27T02:59:43.469259+00:00,train,1,1938,self,1.0,0,99,
2025-11-27T02:59:43.469359+00:00,train,1,1939,self,1.0,0,98,
2025-11-27T02:59:43.469491+00:00,train,1,1940,self,1.0,0,100,
2025-11-27T02:59:43.469591+00:00,train,1,1941,self,1.0,0,97,
2025-11-27T02:59:43.469721+00:00,train,1,1942,self,1.0,0,100,
2025-11-27T02:59:43.469822+00:00,train,1,1943,self,1.0,0,96,
2025-11-27T02:59:43.469922+00:00,train,1,1944,self,1.0,0,100,
2025-11-27T02:59:43.470022+00:00,train,1,1945,self,1.0,0,96,
2025-11-27T02:59:43.470122+00:00,train,1,1946,self,1.0,0,98,
2025-11-27T02:59:43.470221+00:00,train,1,1947,self,1.0,0,95,
2025-11-27T02:59:43.470320+00:00,train,1,1948,self,1.0,0,99,
2025-11-27T02:59:43.470419+00:00,train,1,1949,self,1.0,0,94,
2025-11-27T02:59:43.470519+00:00,train,1,1950,self,1.0,0,98,
2025-11-27T02:59:43.470618+00:00,train,1,1951,self,1.0,0,91,
2025-11-27T02:59:43.470718+00:00,train,1,1952,self,1.0,0,99,
2025-11-27T02:59:43.470818+00:00,train,1,1953,self,1.0,0,96,
2025-11-27T02:59:43.470920+00:00,train,1,1954,self,1.0,0,97,
2025-11-27T02:59:43.471020+00:00,train,1,1955,self,1.0,0,94,
2025-11-27T02:59:43.471120+00:00,train,1,1956,self,1.0,0,100,
2025-11-27T02:59:43.471220+00:00,train,1,1957,self,1.0,0,96,
2025-11-27T02:59:43.471319+00:00,train,1,1958,self,1.0,0,98,
2025-11-27T02:59:43.471417+00:00,train,1,1959,self,1.0,0,99,
2025-11-27T02:59:43.471516+00:00,train,1,1960,self,1.0,0,100,
2025-11-27T02:59:43.471615+00:00,train,1,1961,self,1.0,0,88,
2025-11-27T02:59:43.471714+00:00,train,1,1962,self,1.0,0,98,
2025-11-27T02:59:43.471814+00:00,train,1,1963,self,1.0,0,95,
2025-11-27T02:59:43.471913+00:00,train,1,1964,self,1.0,0,96,
2025-11-27T02:59:43.472012+00:00,train,1,1965,self,1.0,0,89,
2025-11-27T02:59:43.472111+00:00,train,1,1966,self,1.0,0,95,
2025-11-27T02:59:43.472209+00:00,train,1,1967,self,1.0,0,92,
2025-11-27T02:59:43.472308+00:00,train,1,1968,self,1.0,0,99,
2025-11-27T02:59:43.472408+00:00,train,1,1969,self,1.0,0,94,
2025-11-27T02:59:43.472506+00:00,train,1,1970,self,1.0,0,95,
2025-11-27T02:59:43.472606+00:00,train,1,1971,self,1.0,0,92,
2025-11-27T02:59:43.472705+00:00,train,1,1972,self,1.0,0,98,
2025-11-27T02:59:43.472805+00:00,train,1,1973,self,1.0,0,100,
2025-11-27T02:59:43.472904+00:00,train,1,1974,self,1.0,0,100,
2025-11-27T02:59:43.473004+00:00,train,1,1975,self,1.0,0,90,
2025-11-27T02:59:43.473104+00:00,train,1,1976,self,1.0,0,94,
2025-11-27T02:59:43.473204+00:00,train,1,1977,self,1.0,0,80,
2025-11-27T02:59:43.473303+00:00,train,1,1978,self,1.0,0,100,
2025-11-27T02:59:43.473403+00:00,train,1,1979,self,1.0,0,93,
2025-11-27T02:59:43.473502+00:00,train,1,1980,self,1.0,0,100,
2025-11-27T02:59:43.473602+00:00,train,1,1981,self,1.0,0,81,
2025-11-27T02:59:43.473702+00:00,train,1,1982,self,1.0,0,89,
2025-11-27T02:59:43.473801+00:00,train,1,1983,self,1.0,0,80,
2025-11-27T02:59:43.473900+00:00,train,1,1984,self,1.0,0,98,
2025-11-27T02:59:43.474000+00:00,train,1,1985,self,1.0,0,99,
2025-11-27T02:59:43.474100+00:00,train,1,1986,self,1.0,0,99,
2025-11-27T02:59:43.474199+00:00,train,1,1987,self,1.0,0,81,
2025-11-27T02:59:43.474298+00:00,train,1,1988,self,1.0,0,100,
2025-11-27T02:59:43.474397+00:00,train,1,1989,self,1.0,0,97,
2025-11-27T02:59:43.474497+00:00,train,1,1990,self,1.0,0,98,
2025-11-27T02:59:43.474597+00:00,train,1,1991,self,1.0,0,88,
2025-11-27T02:59:43.474696+00:00,train,1,1992,self,1.0,0,99,
2025-11-27T02:59:43.474796+00:00,train,1,1993,self,1.0,0,96,
2025-11-27T02:59:43.474897+00:00,train,1,1994,self,1.0,0,100,
2025-11-27T02:59:43.474997+00:00,train,1,1995,self,1.0,0,84,
2025-11-27T02:59:43.475096+00:00,train,1,1996,self,1.0,0,99,
2025-11-27T02:59:43.475237+00:00,train,1,1997,self,1.0,0,89,
2025-11-27T02:59:43.475336+00:00,train,1,1998,self,1.0,0,93,
2025-11-27T02:59:43.475436+00:00,train,1,1999,self,1.0,0,95,
2025-11-27T02:59:43.475535+00:00,train,1,2000,self,1.0,0,100,
2025-11-27T02:59:59.332879+00:00,baseline_eval,1,2001,baseline,0.9525475000000219,1,79,80
2025-11-27T02:59:59.333070+00:00,baseline_eval,1,2002,baseline,0.9525475000000219,1,87,88
2025-11-27T02:59:59.333689+00:00,baseline_eval,1,2003,baseline,0.9525475000000219,1,91,92
2025-11-27T02:59:59.333859+00:00,baseline_eval,1,2004,baseline,0.9525475000000219,1,94,95
2025-11-27T02:59:59.334013+00:00,baseline_eval,1,2005,baseline,0.9525475000000219,1,96,97
2025-11-27T02:59:59.334155+00:00,baseline_eval,1,2006,baseline,0.9525475000000219,1,84,85
2025-11-27T02:59:59.334295+00:00,baseline_eval,1,2007,baseline,0.9525475000000219,1,83,84
2025-11-27T02:59:59.334434+00:00,baseline_eval,1,2008,baseline,0.9525475000000219,1,95,96
2025-11-27T02:59:59.334570+00:00,baseline_eval,1,2009,baseline,0.9525475000000219,1,96,97
2025-11-27T02:59:59.334740+00:00,baseline_eval,1,2010,baseline,0.9525475000000219,1,99,100
2025-11-27T02:59:59.334867+00:00,baseline_eval,1,2011,baseline,0.9525475000000219,1,91,92
2025-11-27T02:59:59.335035+00:00,baseline_eval,1,2012,baseline,0.9525475000000219,1,88,89
2025-11-27T02:59:59.335166+00:00,baseline_eval,1,2013,baseline,0.9525475000000219,1,90,91
2025-11-27T02:59:59.335325+00:00,baseline_eval,1,2014,baseline,0.9525475000000219,1,98,99
2025-11-27T02:59:59.335451+00:00,baseline_eval,1,2015,baseline,0.9525475000000219,1,98,99
2025-11-27T02:59:59.335621+00:00,baseline_eval,1,2016,baseline,0.9525475000000219,1,93,94
2025-11-27T02:59:59.335751+00:00,baseline_eval,1,2017,baseline,0.9525475000000219,1,94,95
2025-11-27T02:59:59.335886+00:00,baseline_eval,1,2018,baseline,0.9525475000000219,1,97,98
2025-11-27T02:59:59.336005+00:00,baseline_eval,1,2019,baseline,0.9525475000000219,1,96,97
2025-11-27T02:59:59.336138+00:00,baseline_eval,1,2020,baseline,0.9525475000000219,1,94,95
2025-11-27T02:59:59.336250+00:00,baseline_eval,1,2021,baseline,0.9525475000000219,1,99,100
2025-11-27T02:59:59.336408+00:00,baseline_eval,1,2022,baseline,0.9525475000000219,1,98,99
2025-11-27T02:59:59.336534+00:00,baseline_eval,1,2023,baseline,0.9525475000000219,1,89,90
2025-11-27T02:59:59.336650+00:00,baseline_eval,1,2024,baseline,0.9525475000000219,1,99,100
2025-11-27T02:59:59.336763+00:00,baseline_eval,1,2025,baseline,0.9525475000000219,1,97,98
2025-11-27T02:59:59.336990+00:00,baseline_eval,1,2026,baseline,0.9525475000000219,1,96,97
2025-11-27T02:59:59.337123+00:00,baseline_eval,1,2027,baseline,0.9525475000000219,1,97,98
2025-11-27T02:59:59.337245+00:00,baseline_eval,1,2028,baseline,0.9525475000000219,1,95,96
2025-11-27T02:59:59.337363+00:00,baseline_eval,1,2029,baseline,0.9525475000000219,1,83,84
2025-11-27T02:59:59.337548+00:00,baseline_eval,1,2030,baseline,0.9525475000000219,1,97,98
2025-11-27T02:59:59.337682+00:00,baseline_eval,1,2031,baseline,0.9525475000000219,1,83,84
2025-11-27T02:59:59.337837+00:00,baseline_eval,1,2032,baseline,0.9525475000000219,1,90,91
2025-11-27T02:59:59.337966+00:00,baseline_eval,1,2033,baseline,0.9525475000000219,1,90,91
2025-11-27T02:59:59.338112+00:00,baseline_eval,1,2034,baseline,0.9525475000000219,1,83,84
2025-11-27T02:59:59.338238+00:00,baseline_eval,1,2035,baseline,0.9525475000000219,1,86,87
2025-11-27T02:59:59.338362+00:00,baseline_eval,1,2036,baseline,0.9525475000000219,1,92,93
2025-11-27T02:59:59.338565+00:00,baseline_eval,1,2037,baseline,0.9525475000000219,1,98,99
2025-11-27T02:59:59.338722+00:00,baseline_eval,1,2038,baseline,0.9525475000000219,1,97,98
2025-11-27T02:59:59.338844+00:00,baseline_eval,1,2039,baseline,0.9525475000000219,1,91,92
2025-11-27T02:59:59.338962+00:00,baseline_eval,1,2040,baseline,0.9525475000000219,1,94,95
2025-11-27T02:59:59.339142+00:00,baseline_eval,1,2041,baseline,0.9525475000000219,1,91,92
2025-11-27T02:59:59.339281+00:00,baseline_eval,1,2042,baseline,0.9525475000000219,1,95,96
2025-11-27T02:59:59.339466+00:00,baseline_eval,1,2043,baseline,0.9525475000000219,1,92,93
2025-11-27T02:59:59.339728+00:00,baseline_eval,1,2044,baseline,0.9525475000000219,1,98,99
2025-11-27T02:59:59.339934+00:00,baseline_eval,1,2045,baseline,0.9525475000000219,1,98,99
2025-11-27T02:59:59.340137+00:00,baseline_eval,1,2046,baseline,0.9525475000000219,1,93,94
2025-11-27T02:59:59.340350+00:00,baseline_eval,1,2047,baseline,0.9525475000000219,1,90,91
2025-11-27T02:59:59.340490+00:00,baseline_eval,1,2048,baseline,0.9525475000000219,1,98,99
2025-11-27T02:59:59.340647+00:00,baseline_eval,1,2049,baseline,0.9525475000000219,1,92,93
2025-11-27T02:59:59.340776+00:00,baseline_eval,1,2050,baseline,0.9525475000000219,1,89,90
2025-11-27T02:59:59.340901+00:00,baseline_eval,1,2051,baseline,0.9525475000000219,1,95,96
2025-11-27T02:59:59.341082+00:00,baseline_eval,1,2052,baseline,0.9525475000000219,1,92,93
2025-11-27T02:59:59.341227+00:00,baseline_eval,1,2053,baseline,0.9525475000000219,1,99,100
2025-11-27T02:59:59.341363+00:00,baseline_eval,1,2054,baseline,0.9525475000000219,1,97,98
2025-11-27T02:59:59.341514+00:00,baseline_eval,1,2055,baseline,0.9525475000000219,1,96,97
2025-11-27T02:59:59.341648+00:00,baseline_eval,1,2056,baseline,0.9525475000000219,1,96,97
2025-11-27T02:59:59.341780+00:00,baseline_eval,1,2057,baseline,0.9525475000000219,1,94,95
2025-11-27T02:59:59.341930+00:00,baseline_eval,1,2058,baseline,0.9525475000000219,1,91,92
2025-11-27T02:59:59.342065+00:00,baseline_eval,1,2059,baseline,0.9525475000000219,1,95,96
2025-11-27T02:59:59.342201+00:00,baseline_eval,1,2060,baseline,0.9525475000000219,1,97,98
2025-11-27T02:59:59.342335+00:00,baseline_eval,1,2061,baseline,0.9525475000000219,1,88,89
2025-11-27T02:59:59.342472+00:00,baseline_eval,1,2062,baseline,0.9525475000000219,1,96,97
2025-11-27T02:59:59.342630+00:00,baseline_eval,1,2063,baseline,0.9525475000000219,1,98,99
2025-11-27T02:59:59.342772+00:00,baseline_eval,1,2064,baseline,0.9525475000000219,1,97,98
2025-11-27T02:59:59.342969+00:00,baseline_eval,1,2065,baseline,0.9525475000000219,1,96,97
2025-11-27T02:59:59.343114+00:00,baseline_eval,1,2066,baseline,0.9525475000000219,1,83,84
2025-11-27T02:59:59.343262+00:00,baseline_eval,1,2067,baseline,0.9525475000000219,1,90,91
2025-11-27T02:59:59.343402+00:00,baseline_eval,1,2068,baseline,0.9525475000000219,1,98,99
2025-11-27T02:59:59.343534+00:00,baseline_eval,1,2069,baseline,0.9525475000000219,1,89,90
2025-11-27T02:59:59.343666+00:00,baseline_eval,1,2070,baseline,0.9525475000000219,1,98,99
2025-11-27T02:59:59.343797+00:00,baseline_eval,1,2071,baseline,0.9525475000000219,1,94,95
2025-11-27T02:59:59.343926+00:00,baseline_eval,1,2072,baseline,0.9525475000000219,1,97,98
2025-11-27T02:59:59.344060+00:00,baseline_eval,1,2073,baseline,0.9525475000000219,1,98,99
2025-11-27T02:59:59.344188+00:00,baseline_eval,1,2074,baseline,0.9525475000000219,1,94,95
2025-11-27T02:59:59.344338+00:00,baseline_eval,1,2075,baseline,0.9525475000000219,1,97,98
2025-11-27T02:59:59.344467+00:00,baseline_eval,1,2076,baseline,0.9525475000000219,1,99,100
2025-11-27T02:59:59.344595+00:00,baseline_eval,1,2077,baseline,0.9525475000000219,1,98,99
2025-11-27T02:59:59.344736+00:00,baseline_eval,1,2078,baseline,0.9525475000000219,1,98,99
2025-11-27T02:59:59.344864+00:00,baseline_eval,1,2079,baseline,0.9525475000000219,1,97,98
2025-11-27T02:59:59.344990+00:00,baseline_eval,1,2080,baseline,0.9525475000000219,1,89,90
2025-11-27T02:59:59.345114+00:00,baseline_eval,1,2081,baseline,0.9525475000000219,1,84,85
2025-11-27T02:59:59.345240+00:00,baseline_eval,1,2082,baseline,0.9525475000000219,1,99,100
2025-11-27T02:59:59.345365+00:00,baseline_eval,1,2083,baseline,0.9525475000000219,1,97,98
2025-11-27T02:59:59.345490+00:00,baseline_eval,1,2084,baseline,0.9525475000000219,1,91,92
2025-11-27T02:59:59.345616+00:00,baseline_eval,1,2085,baseline,0.9525475000000219,1,99,100
2025-11-27T02:59:59.345749+00:00,baseline_eval,1,2086,baseline,0.9525475000000219,1,98,99
2025-11-27T02:59:59.345876+00:00,baseline_eval,1,2087,baseline,0.9525475000000219,1,97,98
2025-11-27T02:59:59.346001+00:00,baseline_eval,1,2088,baseline,0.9525475000000219,1,99,100
2025-11-27T02:59:59.346127+00:00,baseline_eval,1,2089,baseline,0.9525475000000219,1,93,94
2025-11-27T02:59:59.346253+00:00,baseline_eval,1,2090,baseline,0.9525475000000219,1,96,97
2025-11-27T02:59:59.346378+00:00,baseline_eval,1,2091,baseline,0.9525475000000219,1,93,94
2025-11-27T02:59:59.346504+00:00,baseline_eval,1,2092,baseline,0.9525475000000219,1,93,94
2025-11-27T02:59:59.346630+00:00,baseline_eval,1,2093,baseline,0.9525475000000219,1,98,99
2025-11-27T02:59:59.346755+00:00,baseline_eval,1,2094,baseline,0.9525475000000219,1,99,100
2025-11-27T02:59:59.346880+00:00,baseline_eval,1,2095,baseline,0.9525475000000219,1,94,95
2025-11-27T02:59:59.347006+00:00,baseline_eval,1,2096,baseline,0.9525475000000219,1,98,99
2025-11-27T02:59:59.347131+00:00,baseline_eval,1,2097,baseline,0.9525475000000219,1,96,97
2025-11-27T02:59:59.347256+00:00,baseline_eval,1,2098,baseline,0.9525475000000219,1,97,98
2025-11-27T02:59:59.347381+00:00,baseline_eval,1,2099,baseline,0.9525475000000219,1,96,97
2025-11-27T02:59:59.347506+00:00,baseline_eval,1,2100,baseline,0.9525475000000219,1,93,94
2025-11-27T03:00:35.229397+00:00,selfplay_eval,1,2101,selfplay_eval,0.9525475000000219,1,93,94
2025-11-27T03:00:35.229667+00:00,selfplay_eval,1,2102,selfplay_eval,0.9525475000000219,1,94,95
2025-11-27T03:00:35.230124+00:00,selfplay_eval,1,2103,selfplay_eval,0.9525475000000219,1,98,99
2025-11-27T03:00:35.230302+00:00,selfplay_eval,1,2104,selfplay_eval,0.9525475000000219,0,74,74
2025-11-27T03:00:35.230457+00:00,selfplay_eval,1,2105,selfplay_eval,0.9525475000000219,1,92,93
2025-11-27T03:00:35.230607+00:00,selfplay_eval,1,2106,selfplay_eval,0.9525475000000219,0,98,98
2025-11-27T03:00:35.230758+00:00,selfplay_eval,1,2107,selfplay_eval,0.9525475000000219,0,89,89
2025-11-27T03:00:35.230907+00:00,selfplay_eval,1,2108,selfplay_eval,0.9525475000000219,1,79,80
2025-11-27T03:00:35.231054+00:00,selfplay_eval,1,2109,selfplay_eval,0.9525475000000219,1,81,82
2025-11-27T03:00:35.231199+00:00,selfplay_eval,1,2110,selfplay_eval,0.9525475000000219,1,96,97
2025-11-27T03:00:35.231356+00:00,selfplay_eval,1,2111,selfplay_eval,0.9525475000000219,1,97,98
2025-11-27T03:00:35.231493+00:00,selfplay_eval,1,2112,selfplay_eval,0.9525475000000219,1,86,87
2025-11-27T03:00:35.231629+00:00,selfplay_eval,1,2113,selfplay_eval,0.9525475000000219,0,95,95
2025-11-27T03:00:35.231769+00:00,selfplay_eval,1,2114,selfplay_eval,0.9525475000000219,0,98,98
2025-11-27T03:00:35.231906+00:00,selfplay_eval,1,2115,selfplay_eval,0.9525475000000219,1,95,96
2025-11-27T03:00:35.232042+00:00,selfplay_eval,1,2116,selfplay_eval,0.9525475000000219,1,92,93
2025-11-27T03:00:35.232177+00:00,selfplay_eval,1,2117,selfplay_eval,0.9525475000000219,1,85,86
2025-11-27T03:00:35.232314+00:00,selfplay_eval,1,2118,selfplay_eval,0.9525475000000219,1,87,88
2025-11-27T03:00:35.232449+00:00,selfplay_eval,1,2119,selfplay_eval,0.9525475000000219,1,79,80
2025-11-27T03:00:35.232584+00:00,selfplay_eval,1,2120,selfplay_eval,0.9525475000000219,1,90,91
2025-11-27T03:00:35.232718+00:00,selfplay_eval,1,2121,selfplay_eval,0.9525475000000219,0,94,94
2025-11-27T03:00:35.232852+00:00,selfplay_eval,1,2122,selfplay_eval,0.9525475000000219,0,91,91
2025-11-27T03:00:35.233043+00:00,selfplay_eval,1,2123,selfplay_eval,0.9525475000000219,1,92,93
2025-11-27T03:00:35.233196+00:00,selfplay_eval,1,2124,selfplay_eval,0.9525475000000219,1,91,92
2025-11-27T03:00:35.233338+00:00,selfplay_eval,1,2125,selfplay_eval,0.9525475000000219,1,95,96
2025-11-27T03:00:35.233477+00:00,selfplay_eval,1,2126,selfplay_eval,0.9525475000000219,0,90,90
2025-11-27T03:00:35.233611+00:00,selfplay_eval,1,2127,selfplay_eval,0.9525475000000219,1,94,95
2025-11-27T03:00:35.233807+00:00,selfplay_eval,1,2128,selfplay_eval,0.9525475000000219,0,95,95
2025-11-27T03:00:35.233968+00:00,selfplay_eval,1,2129,selfplay_eval,0.9525475000000219,0,92,92
2025-11-27T03:00:35.234218+00:00,selfplay_eval,1,2130,selfplay_eval,0.9525475000000219,0,88,88
2025-11-27T03:00:35.234366+00:00,selfplay_eval,1,2131,selfplay_eval,0.9525475000000219,0,97,97
2025-11-27T03:00:35.234512+00:00,selfplay_eval,1,2132,selfplay_eval,0.9525475000000219,1,82,83
2025-11-27T03:00:35.234658+00:00,selfplay_eval,1,2133,selfplay_eval,0.9525475000000219,1,97,98
2025-11-27T03:00:35.234798+00:00,selfplay_eval,1,2134,selfplay_eval,0.9525475000000219,0,98,98
2025-11-27T03:00:35.234936+00:00,selfplay_eval,1,2135,selfplay_eval,0.9525475000000219,1,96,97
2025-11-27T03:00:35.235074+00:00,selfplay_eval,1,2136,selfplay_eval,0.9525475000000219,1,93,94
2025-11-27T03:00:35.235210+00:00,selfplay_eval,1,2137,selfplay_eval,0.9525475000000219,1,94,95
2025-11-27T03:00:35.235352+00:00,selfplay_eval,1,2138,selfplay_eval,0.9525475000000219,0,89,89
2025-11-27T03:00:35.235490+00:00,selfplay_eval,1,2139,selfplay_eval,0.9525475000000219,1,85,86
2025-11-27T03:00:35.235665+00:00,selfplay_eval,1,2140,selfplay_eval,0.9525475000000219,0,90,90
2025-11-27T03:00:35.235873+00:00,selfplay_eval,1,2141,selfplay_eval,0.9525475000000219,0,88,88
2025-11-27T03:00:35.236025+00:00,selfplay_eval,1,2142,selfplay_eval,0.9525475000000219,0,98,98
2025-11-27T03:00:35.236166+00:00,selfplay_eval,1,2143,selfplay_eval,0.9525475000000219,1,93,94
2025-11-27T03:00:35.236302+00:00,selfplay_eval,1,2144,selfplay_eval,0.9525475000000219,0,96,96
2025-11-27T03:00:35.236436+00:00,selfplay_eval,1,2145,selfplay_eval,0.9525475000000219,0,96,96
2025-11-27T03:00:35.236580+00:00,selfplay_eval,1,2146,selfplay_eval,0.9525475000000219,1,95,96
2025-11-27T03:00:35.236713+00:00,selfplay_eval,1,2147,selfplay_eval,0.9525475000000219,0,78,78
2025-11-27T03:00:35.236907+00:00,selfplay_eval,1,2148,selfplay_eval,0.9525475000000219,1,97,98
2025-11-27T03:00:35.237069+00:00,selfplay_eval,1,2149,selfplay_eval,0.9525475000000219,1,94,95
2025-11-27T03:00:35.237220+00:00,selfplay_eval,1,2150,selfplay_eval,0.9525475000000219,0,85,85
2025-11-27T03:00:35.237384+00:00,selfplay_eval,1,2151,selfplay_eval,0.9525475000000219,0,97,97
2025-11-27T03:00:35.237530+00:00,selfplay_eval,1,2152,selfplay_eval,0.9525475000000219,1,93,94
2025-11-27T03:00:35.237761+00:00,selfplay_eval,1,2153,selfplay_eval,0.9525475000000219,0,94,94
2025-11-27T03:00:35.237931+00:00,selfplay_eval,1,2154,selfplay_eval,0.9525475000000219,1,92,93
2025-11-27T03:00:35.238079+00:00,selfplay_eval,1,2155,selfplay_eval,0.9525475000000219,1,97,98
2025-11-27T03:00:35.238220+00:00,selfplay_eval,1,2156,selfplay_eval,0.9525475000000219,0,92,92
2025-11-27T03:00:35.238355+00:00,selfplay_eval,1,2157,selfplay_eval,0.9525475000000219,0,92,92
2025-11-27T03:00:35.238488+00:00,selfplay_eval,1,2158,selfplay_eval,0.9525475000000219,1,97,98
2025-11-27T03:00:35.238620+00:00,selfplay_eval,1,2159,selfplay_eval,0.9525475000000219,1,97,98
2025-11-27T03:00:35.238751+00:00,selfplay_eval,1,2160,selfplay_eval,0.9525475000000219,1,97,98
2025-11-27T03:00:35.238881+00:00,selfplay_eval,1,2161,selfplay_eval,0.9525475000000219,1,95,96
2025-11-27T03:00:35.239070+00:00,selfplay_eval,1,2162,selfplay_eval,0.9525475000000219,1,91,92
2025-11-27T03:00:35.239233+00:00,selfplay_eval,1,2163,selfplay_eval,0.9525475000000219,1,96,97
2025-11-27T03:00:35.239384+00:00,selfplay_eval,1,2164,selfplay_eval,0.9525475000000219,0,88,88
2025-11-27T03:00:35.239528+00:00,selfplay_eval,1,2165,selfplay_eval,0.9525475000000219,0,97,97
2025-11-27T03:00:35.239753+00:00,selfplay_eval,1,2166,selfplay_eval,0.9525475000000219,1,83,84
2025-11-27T03:00:35.239936+00:00,selfplay_eval,1,2167,selfplay_eval,0.9525475000000219,0,91,91
2025-11-27T03:00:35.240093+00:00,selfplay_eval,1,2168,selfplay_eval,0.9525475000000219,1,98,99
2025-11-27T03:00:35.240245+00:00,selfplay_eval,1,2169,selfplay_eval,0.9525475000000219,1,95,96
2025-11-27T03:00:35.240384+00:00,selfplay_eval,1,2170,selfplay_eval,0.9525475000000219,1,87,88
2025-11-27T03:00:35.240522+00:00,selfplay_eval,1,2171,selfplay_eval,0.9525475000000219,1,93,94
2025-11-27T03:00:35.240655+00:00,selfplay_eval,1,2172,selfplay_eval,0.9525475000000219,0,94,94
2025-11-27T03:00:35.240797+00:00,selfplay_eval,1,2173,selfplay_eval,0.9525475000000219,0,89,89
2025-11-27T03:00:35.240933+00:00,selfplay_eval,1,2174,selfplay_eval,0.9525475000000219,0,81,81
2025-11-27T03:00:35.241064+00:00,selfplay_eval,1,2175,selfplay_eval,0.9525475000000219,1,91,92
2025-11-27T03:00:35.241193+00:00,selfplay_eval,1,2176,selfplay_eval,0.9525475000000219,0,84,84
2025-11-27T03:00:35.241322+00:00,selfplay_eval,1,2177,selfplay_eval,0.9525475000000219,0,90,90
2025-11-27T03:00:35.241452+00:00,selfplay_eval,1,2178,selfplay_eval,0.9525475000000219,1,98,99
2025-11-27T03:00:35.241649+00:00,selfplay_eval,1,2179,selfplay_eval,0.9525475000000219,1,82,83
2025-11-27T03:00:35.241808+00:00,selfplay_eval,1,2180,selfplay_eval,0.9525475000000219,1,85,86
2025-11-27T03:00:35.241956+00:00,selfplay_eval,1,2181,selfplay_eval,0.9525475000000219,0,91,91
2025-11-27T03:00:35.242100+00:00,selfplay_eval,1,2182,selfplay_eval,0.9525475000000219,1,82,83
2025-11-27T03:00:35.242241+00:00,selfplay_eval,1,2183,selfplay_eval,0.9525475000000219,0,99,99
2025-11-27T03:00:35.242380+00:00,selfplay_eval,1,2184,selfplay_eval,0.9525475000000219,1,93,94
2025-11-27T03:00:35.242521+00:00,selfplay_eval,1,2185,selfplay_eval,0.9525475000000219,1,97,98
2025-11-27T03:00:35.242658+00:00,selfplay_eval,1,2186,selfplay_eval,0.9525475000000219,1,95,96
2025-11-27T03:00:35.242795+00:00,selfplay_eval,1,2187,selfplay_eval,0.9525475000000219,0,77,77
2025-11-27T03:00:35.242931+00:00,selfplay_eval,1,2188,selfplay_eval,0.9525475000000219,1,93,94
2025-11-27T03:00:35.243067+00:00,selfplay_eval,1,2189,selfplay_eval,0.9525475000000219,1,90,91
2025-11-27T03:00:35.243203+00:00,selfplay_eval,1,2190,selfplay_eval,0.9525475000000219,1,84,85
2025-11-27T03:00:35.243338+00:00,selfplay_eval,1,2191,selfplay_eval,0.9525475000000219,1,94,95
2025-11-27T03:00:35.243480+00:00,selfplay_eval,1,2192,selfplay_eval,0.9525475000000219,1,93,94
2025-11-27T03:00:35.243616+00:00,selfplay_eval,1,2193,selfplay_eval,0.9525475000000219,1,96,97
2025-11-27T03:00:35.243752+00:00,selfplay_eval,1,2194,selfplay_eval,0.9525475000000219,0,94,94
2025-11-27T03:00:35.243887+00:00,selfplay_eval,1,2195,selfplay_eval,0.9525475000000219,1,86,87
2025-11-27T03:00:35.244023+00:00,selfplay_eval,1,2196,selfplay_eval,0.9525475000000219,1,77,78
2025-11-27T03:00:35.244160+00:00,selfplay_eval,1,2197,selfplay_eval,0.9525475000000219,1,90,91
2025-11-27T03:00:35.244364+00:00,selfplay_eval,1,2198,selfplay_eval,0.9525475000000219,0,74,74
2025-11-27T03:00:35.244501+00:00,selfplay_eval,1,2199,selfplay_eval,0.9525475000000219,1,74,75
2025-11-27T03:00:35.244641+00:00,selfplay_eval,1,2200,selfplay_eval,0.9525475000000219,1,95,96
2025-11-27T03:00:35.244777+00:00,selfplay_eval,1,2201,selfplay_eval,0.9525475000000219,1,96,97
2025-11-27T03:00:35.244917+00:00,selfplay_eval,1,2202,selfplay_eval,0.9525475000000219,0,91,91
2025-11-27T03:00:35.245052+00:00,selfplay_eval,1,2203,selfplay_eval,0.9525475000000219,1,94,95
2025-11-27T03:00:35.245187+00:00,selfplay_eval,1,2204,selfplay_eval,0.9525475000000219,1,98,99
2025-11-27T03:00:35.245323+00:00,selfplay_eval,1,2205,selfplay_eval,0.9525475000000219,0,94,94
2025-11-27T03:00:35.245457+00:00,selfplay_eval,1,2206,selfplay_eval,0.9525475000000219,1,78,79
2025-11-27T03:00:35.245595+00:00,selfplay_eval,1,2207,selfplay_eval,0.9525475000000219,0,95,95
2025-11-27T03:00:35.245731+00:00,selfplay_eval,1,2208,selfplay_eval,0.9525475000000219,1,93,94
2025-11-27T03:00:35.245872+00:00,selfplay_eval,1,2209,selfplay_eval,0.9525475000000219,1,92,93
2025-11-27T03:00:35.246007+00:00,selfplay_eval,1,2210,selfplay_eval,0.9525475000000219,1,84,85
2025-11-27T03:00:35.246146+00:00,selfplay_eval,1,2211,selfplay_eval,0.9525475000000219,1,97,98
2025-11-27T03:00:35.246280+00:00,selfplay_eval,1,2212,selfplay_eval,0.9525475000000219,1,98,99
2025-11-27T03:00:35.246415+00:00,selfplay_eval,1,2213,selfplay_eval,0.9525475000000219,0,93,93
2025-11-27T03:00:35.246550+00:00,selfplay_eval,1,2214,selfplay_eval,0.9525475000000219,0,99,99
2025-11-27T03:00:35.246690+00:00,selfplay_eval,1,2215,selfplay_eval,0.9525475000000219,0,95,95
2025-11-27T03:00:35.246828+00:00,selfplay_eval,1,2216,selfplay_eval,0.9525475000000219,1,95,96
2025-11-27T03:00:35.246967+00:00,selfplay_eval,1,2217,selfplay_eval,0.9525475000000219,0,91,91
2025-11-27T03:00:35.247102+00:00,selfplay_eval,1,2218,selfplay_eval,0.9525475000000219,1,99,100
2025-11-27T03:00:35.247237+00:00,selfplay_eval,1,2219,selfplay_eval,0.9525475000000219,1,94,95
2025-11-27T03:00:35.247372+00:00,selfplay_eval,1,2220,selfplay_eval,0.9525475000000219,0,91,91
2025-11-27T03:00:35.247506+00:00,selfplay_eval,1,2221,selfplay_eval,0.9525475000000219,0,90,90
2025-11-27T03:00:35.247641+00:00,selfplay_eval,1,2222,selfplay_eval,0.9525475000000219,1,84,85
2025-11-27T03:00:35.247778+00:00,selfplay_eval,1,2223,selfplay_eval,0.9525475000000219,0,96,96
2025-11-27T03:00:35.247912+00:00,selfplay_eval,1,2224,selfplay_eval,0.9525475000000219,1,93,94
2025-11-27T03:00:35.248051+00:00,selfplay_eval,1,2225,selfplay_eval,0.9525475000000219,0,99,99
2025-11-27T03:00:35.248186+00:00,selfplay_eval,1,2226,selfplay_eval,0.9525475000000219,1,82,83
2025-11-27T03:00:35.248321+00:00,selfplay_eval,1,2227,selfplay_eval,0.9525475000000219,0,96,96
2025-11-27T03:00:35.248455+00:00,selfplay_eval,1,2228,selfplay_eval,0.9525475000000219,1,96,97
2025-11-27T03:00:35.248591+00:00,selfplay_eval,1,2229,selfplay_eval,0.9525475000000219,0,96,96
2025-11-27T03:00:35.248727+00:00,selfplay_eval,1,2230,selfplay_eval,0.9525475000000219,1,95,96
2025-11-27T03:00:35.248865+00:00,selfplay_eval,1,2231,selfplay_eval,0.9525475000000219,1,94,95
2025-11-27T03:00:35.249000+00:00,selfplay_eval,1,2232,selfplay_eval,0.9525475000000219,0,94,94
2025-11-27T03:00:35.249140+00:00,selfplay_eval,1,2233,selfplay_eval,0.9525475000000219,1,86,87
2025-11-27T03:00:35.249274+00:00,selfplay_eval,1,2234,selfplay_eval,0.9525475000000219,0,75,75
2025-11-27T03:00:35.249408+00:00,selfplay_eval,1,2235,selfplay_eval,0.9525475000000219,1,91,92
2025-11-27T03:00:35.249542+00:00,selfplay_eval,1,2236,selfplay_eval,0.9525475000000219,0,81,81
2025-11-27T03:00:35.249676+00:00,selfplay_eval,1,2237,selfplay_eval,0.9525475000000219,1,93,94
2025-11-27T03:00:35.249811+00:00,selfplay_eval,1,2238,selfplay_eval,0.9525475000000219,1,88,89
2025-11-27T03:00:35.250107+00:00,selfplay_eval,1,2239,selfplay_eval,0.9525475000000219,1,89,90
2025-11-27T03:00:35.250295+00:00,selfplay_eval,1,2240,selfplay_eval,0.9525475000000219,1,90,91
2025-11-27T03:00:35.250448+00:00,selfplay_eval,1,2241,selfplay_eval,0.9525475000000219,0,94,94
2025-11-27T03:00:35.250735+00:00,selfplay_eval,1,2242,selfplay_eval,0.9525475000000219,1,90,91
2025-11-27T03:00:35.250913+00:00,selfplay_eval,1,2243,selfplay_eval,0.9525475000000219,1,84,85
2025-11-27T03:00:35.251187+00:00,selfplay_eval,1,2244,selfplay_eval,0.9525475000000219,1,95,96
2025-11-27T03:00:35.251398+00:00,selfplay_eval,1,2245,selfplay_eval,0.9525475000000219,1,88,89
2025-11-27T03:00:35.251649+00:00,selfplay_eval,1,2246,selfplay_eval,0.9525475000000219,0,95,95
2025-11-27T03:00:35.251882+00:00,selfplay_eval,1,2247,selfplay_eval,0.9525475000000219,0,92,92
2025-11-27T03:00:35.252152+00:00,selfplay_eval,1,2248,selfplay_eval,0.9525475000000219,1,91,92
2025-11-27T03:00:35.252334+00:00,selfplay_eval,1,2249,selfplay_eval,0.9525475000000219,1,95,96
2025-11-27T03:00:35.252489+00:00,selfplay_eval,1,2250,selfplay_eval,0.9525475000000219,1,67,68
2025-11-27T03:00:35.252641+00:00,selfplay_eval,1,2251,selfplay_eval,0.9525475000000219,0,90,90
2025-11-27T03:00:35.252785+00:00,selfplay_eval,1,2252,selfplay_eval,0.9525475000000219,1,95,96
2025-11-27T03:00:35.252931+00:00,selfplay_eval,1,2253,selfplay_eval,0.9525475000000219,0,95,95
2025-11-27T03:00:35.253071+00:00,selfplay_eval,1,2254,selfplay_eval,0.9525475000000219,0,91,91
2025-11-27T03:00:35.253209+00:00,selfplay_eval,1,2255,selfplay_eval,0.9525475000000219,1,96,97
2025-11-27T03:00:35.253346+00:00,selfplay_eval,1,2256,selfplay_eval,0.9525475000000219,1,97,98
2025-11-27T03:00:35.253488+00:00,selfplay_eval,1,2257,selfplay_eval,0.9525475000000219,1,87,88
2025-11-27T03:00:35.253628+00:00,selfplay_eval,1,2258,selfplay_eval,0.9525475000000219,0,87,87
2025-11-27T03:00:35.253765+00:00,selfplay_eval,1,2259,selfplay_eval,0.9525475000000219,1,89,90
2025-11-27T03:00:35.253901+00:00,selfplay_eval,1,2260,selfplay_eval,0.9525475000000219,0,90,90
2025-11-27T03:00:35.254037+00:00,selfplay_eval,1,2261,selfplay_eval,0.9525475000000219,0,94,94
2025-11-27T03:00:35.254172+00:00,selfplay_eval,1,2262,selfplay_eval,0.9525475000000219,1,90,91
2025-11-27T03:00:35.254320+00:00,selfplay_eval,1,2263,selfplay_eval,0.9525475000000219,1,96,97
2025-11-27T03:00:35.254452+00:00,selfplay_eval,1,2264,selfplay_eval,0.9525475000000219,1,95,96
2025-11-27T03:00:35.254589+00:00,selfplay_eval,1,2265,selfplay_eval,0.9525475000000219,1,97,98
2025-11-27T03:00:35.254721+00:00,selfplay_eval,1,2266,selfplay_eval,0.9525475000000219,1,93,94
2025-11-27T03:00:35.254852+00:00,selfplay_eval,1,2267,selfplay_eval,0.9525475000000219,0,93,93
2025-11-27T03:00:35.254983+00:00,selfplay_eval,1,2268,selfplay_eval,0.9525475000000219,1,95,96
2025-11-27T03:00:35.255114+00:00,selfplay_eval,1,2269,selfplay_eval,0.9525475000000219,0,96,96
2025-11-27T03:00:35.255245+00:00,selfplay_eval,1,2270,selfplay_eval,0.9525475000000219,1,76,77
2025-11-27T03:00:35.255376+00:00,selfplay_eval,1,2271,selfplay_eval,0.9525475000000219,1,98,99
2025-11-27T03:00:35.255507+00:00,selfplay_eval,1,2272,selfplay_eval,0.9525475000000219,1,90,91
2025-11-27T03:00:35.255714+00:00,selfplay_eval,1,2273,selfplay_eval,0.9525475000000219,1,95,96
2025-11-27T03:00:35.255847+00:00,selfplay_eval,1,2274,selfplay_eval,0.9525475000000219,1,85,86
2025-11-27T03:00:35.255985+00:00,selfplay_eval,1,2275,selfplay_eval,0.9525475000000219,0,95,95
2025-11-27T03:00:35.256128+00:00,selfplay_eval,1,2276,selfplay_eval,0.9525475000000219,0,86,86
2025-11-27T03:00:35.256264+00:00,selfplay_eval,1,2277,selfplay_eval,0.9525475000000219,0,98,98
2025-11-27T03:00:35.256449+00:00,selfplay_eval,1,2278,selfplay_eval,0.9525475000000219,0,66,66
2025-11-27T03:00:35.256612+00:00,selfplay_eval,1,2279,selfplay_eval,0.9525475000000219,1,96,97
2025-11-27T03:00:35.256754+00:00,selfplay_eval,1,2280,selfplay_eval,0.9525475000000219,0,96,96
2025-11-27T03:00:35.256895+00:00,selfplay_eval,1,2281,selfplay_eval,0.9525475000000219,1,99,100
2025-11-27T03:00:35.257030+00:00,selfplay_eval,1,2282,selfplay_eval,0.9525475000000219,1,83,84
2025-11-27T03:00:35.257167+00:00,selfplay_eval,1,2283,selfplay_eval,0.9525475000000219,0,93,93
2025-11-27T03:00:35.257300+00:00,selfplay_eval,1,2284,selfplay_eval,0.9525475000000219,1,96,97
2025-11-27T03:00:35.257429+00:00,selfplay_eval,1,2285,selfplay_eval,0.9525475000000219,0,96,96
2025-11-27T03:00:35.257558+00:00,selfplay_eval,1,2286,selfplay_eval,0.9525475000000219,0,96,96
2025-11-27T03:00:35.257684+00:00,selfplay_eval,1,2287,selfplay_eval,0.9525475000000219,0,92,92
2025-11-27T03:00:35.257810+00:00,selfplay_eval,1,2288,selfplay_eval,0.9525475000000219,1,92,93
2025-11-27T03:00:35.257942+00:00,selfplay_eval,1,2289,selfplay_eval,0.9525475000000219,1,89,90
2025-11-27T03:00:35.258067+00:00,selfplay_eval,1,2290,selfplay_eval,0.9525475000000219,1,87,88
2025-11-27T03:00:35.258193+00:00,selfplay_eval,1,2291,selfplay_eval,0.9525475000000219,1,97,98
2025-11-27T03:00:35.258318+00:00,selfplay_eval,1,2292,selfplay_eval,0.9525475000000219,0,93,93
2025-11-27T03:00:35.258444+00:00,selfplay_eval,1,2293,selfplay_eval,0.9525475000000219,1,90,91
2025-11-27T03:00:35.258570+00:00,selfplay_eval,1,2294,selfplay_eval,0.9525475000000219,1,96,97
2025-11-27T03:00:35.258695+00:00,selfplay_eval,1,2295,selfplay_eval,0.9525475000000219,1,92,93
2025-11-27T03:00:35.258822+00:00,selfplay_eval,1,2296,selfplay_eval,0.9525475000000219,1,88,89
2025-11-27T03:00:35.258952+00:00,selfplay_eval,1,2297,selfplay_eval,0.9525475000000219,1,93,94
2025-11-27T03:00:35.259077+00:00,selfplay_eval,1,2298,selfplay_eval,0.9525475000000219,1,99,100
2025-11-27T03:00:35.259205+00:00,selfplay_eval,1,2299,selfplay_eval,0.9525475000000219,1,94,95
2025-11-27T03:00:35.259337+00:00,selfplay_eval,1,2300,selfplay_eval,0.9525475000000219,1,90,91
2025-11-27T03:00:35.259463+00:00,selfplay_eval,1,2301,selfplay_eval,0.9525475000000219,0,84,84
2025-11-27T03:00:35.259589+00:00,selfplay_eval,1,2302,selfplay_eval,0.9525475000000219,1,91,92
2025-11-27T03:00:35.259715+00:00,selfplay_eval,1,2303,selfplay_eval,0.9525475000000219,1,83,84
2025-11-27T03:00:35.259842+00:00,selfplay_eval,1,2304,selfplay_eval,0.9525475000000219,1,97,98
2025-11-27T03:00:35.259975+00:00,selfplay_eval,1,2305,selfplay_eval,0.9525475000000219,0,96,96
2025-11-27T03:00:35.260101+00:00,selfplay_eval,1,2306,selfplay_eval,0.9525475000000219,1,98,99
2025-11-27T03:00:35.260232+00:00,selfplay_eval,1,2307,selfplay_eval,0.9525475000000219,1,90,91
2025-11-27T03:00:35.260360+00:00,selfplay_eval,1,2308,selfplay_eval,0.9525475000000219,1,95,96
2025-11-27T03:00:35.260486+00:00,selfplay_eval,1,2309,selfplay_eval,0.9525475000000219,1,93,94
2025-11-27T03:00:35.260613+00:00,selfplay_eval,1,2310,selfplay_eval,0.9525475000000219,1,93,94
2025-11-27T03:00:35.260740+00:00,selfplay_eval,1,2311,selfplay_eval,0.9525475000000219,1,93,94
2025-11-27T03:00:35.260866+00:00,selfplay_eval,1,2312,selfplay_eval,0.9525475000000219,0,95,95
2025-11-27T03:00:35.261094+00:00,selfplay_eval,1,2313,selfplay_eval,0.9525475000000219,1,89,90
2025-11-27T03:00:35.261273+00:00,selfplay_eval,1,2314,selfplay_eval,0.9525475000000219,0,92,92
2025-11-27T03:00:35.261418+00:00,selfplay_eval,1,2315,selfplay_eval,0.9525475000000219,0,94,94
2025-11-27T03:00:35.261556+00:00,selfplay_eval,1,2316,selfplay_eval,0.9525475000000219,1,80,81
2025-11-27T03:00:35.261688+00:00,selfplay_eval,1,2317,selfplay_eval,0.9525475000000219,0,95,95
2025-11-27T03:00:35.261817+00:00,selfplay_eval,1,2318,selfplay_eval,0.9525475000000219,0,97,97
2025-11-27T03:00:35.261945+00:00,selfplay_eval,1,2319,selfplay_eval,0.9525475000000219,0,97,97
2025-11-27T03:00:35.262072+00:00,selfplay_eval,1,2320,selfplay_eval,0.9525475000000219,1,80,81
2025-11-27T03:00:35.262203+00:00,selfplay_eval,1,2321,selfplay_eval,0.9525475000000219,1,92,93
2025-11-27T03:00:35.262335+00:00,selfplay_eval,1,2322,selfplay_eval,0.9525475000000219,1,91,92
2025-11-27T03:00:35.262461+00:00,selfplay_eval,1,2323,selfplay_eval,0.9525475000000219,1,92,93
2025-11-27T03:00:35.262586+00:00,selfplay_eval,1,2324,selfplay_eval,0.9525475000000219,0,96,96
2025-11-27T03:00:35.262712+00:00,selfplay_eval,1,2325,selfplay_eval,0.9525475000000219,1,91,92
2025-11-27T03:00:35.262837+00:00,selfplay_eval,1,2326,selfplay_eval,0.9525475000000219,0,82,82
2025-11-27T03:00:35.262962+00:00,selfplay_eval,1,2327,selfplay_eval,0.9525475000000219,0,99,99
2025-11-27T03:00:35.263087+00:00,selfplay_eval,1,2328,selfplay_eval,0.9525475000000219,0,92,92
2025-11-27T03:00:35.263216+00:00,selfplay_eval,1,2329,selfplay_eval,0.9525475000000219,1,93,94
2025-11-27T03:00:35.263341+00:00,selfplay_eval,1,2330,selfplay_eval,0.9525475000000219,0,93,93
2025-11-27T03:00:35.263466+00:00,selfplay_eval,1,2331,selfplay_eval,0.9525475000000219,1,96,97
2025-11-27T03:00:35.263591+00:00,selfplay_eval,1,2332,selfplay_eval,0.9525475000000219,1,97,98
2025-11-27T03:00:35.263715+00:00,selfplay_eval,1,2333,selfplay_eval,0.9525475000000219,1,97,98
2025-11-27T03:00:35.263839+00:00,selfplay_eval,1,2334,selfplay_eval,0.9525475000000219,1,91,92
2025-11-27T03:00:35.263964+00:00,selfplay_eval,1,2335,selfplay_eval,0.9525475000000219,0,91,91
2025-11-27T03:00:35.264089+00:00,selfplay_eval,1,2336,selfplay_eval,0.9525475000000219,0,83,83
2025-11-27T03:00:35.264218+00:00,selfplay_eval,1,2337,selfplay_eval,0.9525475000000219,0,91,91
2025-11-27T03:00:35.264344+00:00,selfplay_eval,1,2338,selfplay_eval,0.9525475000000219,1,95,96
2025-11-27T03:00:35.264468+00:00,selfplay_eval,1,2339,selfplay_eval,0.9525475000000219,1,93,94
2025-11-27T03:00:35.264591+00:00,selfplay_eval,1,2340,selfplay_eval,0.9525475000000219,1,91,92
2025-11-27T03:00:35.264716+00:00,selfplay_eval,1,2341,selfplay_eval,0.9525475000000219,1,99,100
2025-11-27T03:00:35.264840+00:00,selfplay_eval,1,2342,selfplay_eval,0.9525475000000219,1,97,98
2025-11-27T03:00:35.264968+00:00,selfplay_eval,1,2343,selfplay_eval,0.9525475000000219,1,95,96
2025-11-27T03:00:35.265093+00:00,selfplay_eval,1,2344,selfplay_eval,0.9525475000000219,1,96,97
2025-11-27T03:00:35.265222+00:00,selfplay_eval,1,2345,selfplay_eval,0.9525475000000219,1,95,96
2025-11-27T03:00:35.265346+00:00,selfplay_eval,1,2346,selfplay_eval,0.9525475000000219,0,90,90
2025-11-27T03:00:35.265471+00:00,selfplay_eval,1,2347,selfplay_eval,0.9525475000000219,1,90,91
2025-11-27T03:00:35.265596+00:00,selfplay_eval,1,2348,selfplay_eval,0.9525475000000219,1,93,94
2025-11-27T03:00:35.265720+00:00,selfplay_eval,1,2349,selfplay_eval,0.9525475000000219,1,85,86
2025-11-27T03:00:35.265844+00:00,selfplay_eval,1,2350,selfplay_eval,0.9525475000000219,1,94,95
2025-11-27T03:00:35.265968+00:00,selfplay_eval,1,2351,selfplay_eval,0.9525475000000219,0,95,95
2025-11-27T03:00:35.266092+00:00,selfplay_eval,1,2352,selfplay_eval,0.9525475000000219,1,82,83
2025-11-27T03:00:35.266221+00:00,selfplay_eval,1,2353,selfplay_eval,0.9525475000000219,0,89,89
2025-11-27T03:00:35.266345+00:00,selfplay_eval,1,2354,selfplay_eval,0.9525475000000219,0,96,96
2025-11-27T03:00:35.266468+00:00,selfplay_eval,1,2355,selfplay_eval,0.9525475000000219,1,96,97
2025-11-27T03:00:35.266592+00:00,selfplay_eval,1,2356,selfplay_eval,0.9525475000000219,1,96,97
2025-11-27T03:00:35.266720+00:00,selfplay_eval,1,2357,selfplay_eval,0.9525475000000219,1,87,88
2025-11-27T03:00:35.266845+00:00,selfplay_eval,1,2358,selfplay_eval,0.9525475000000219,1,91,92
2025-11-27T03:00:35.266970+00:00,selfplay_eval,1,2359,selfplay_eval,0.9525475000000219,1,96,97
2025-11-27T03:00:35.267095+00:00,selfplay_eval,1,2360,selfplay_eval,0.9525475000000219,0,95,95
2025-11-27T03:00:35.267224+00:00,selfplay_eval,1,2361,selfplay_eval,0.9525475000000219,0,87,87
2025-11-27T03:00:35.267347+00:00,selfplay_eval,1,2362,selfplay_eval,0.9525475000000219,0,98,98
2025-11-27T03:00:35.267470+00:00,selfplay_eval,1,2363,selfplay_eval,0.9525475000000219,0,88,88
2025-11-27T03:00:35.267594+00:00,selfplay_eval,1,2364,selfplay_eval,0.9525475000000219,1,90,91
2025-11-27T03:00:35.267718+00:00,selfplay_eval,1,2365,selfplay_eval,0.9525475000000219,0,90,90
2025-11-27T03:00:35.267841+00:00,selfplay_eval,1,2366,selfplay_eval,0.9525475000000219,1,94,95
2025-11-27T03:00:35.267965+00:00,selfplay_eval,1,2367,selfplay_eval,0.9525475000000219,0,94,94
2025-11-27T03:00:35.268088+00:00,selfplay_eval,1,2368,selfplay_eval,0.9525475000000219,1,93,94
2025-11-27T03:00:35.268217+00:00,selfplay_eval,1,2369,selfplay_eval,0.9525475000000219,1,94,95
2025-11-27T03:00:35.268341+00:00,selfplay_eval,1,2370,selfplay_eval,0.9525475000000219,1,94,95
2025-11-27T03:00:35.268464+00:00,selfplay_eval,1,2371,selfplay_eval,0.9525475000000219,0,91,91
2025-11-27T03:00:35.268587+00:00,selfplay_eval,1,2372,selfplay_eval,0.9525475000000219,0,98,98
2025-11-27T03:00:35.268709+00:00,selfplay_eval,1,2373,selfplay_eval,0.9525475000000219,1,96,97
2025-11-27T03:00:35.268833+00:00,selfplay_eval,1,2374,selfplay_eval,0.9525475000000219,1,84,85
2025-11-27T03:00:35.268956+00:00,selfplay_eval,1,2375,selfplay_eval,0.9525475000000219,1,96,97
2025-11-27T03:00:35.269079+00:00,selfplay_eval,1,2376,selfplay_eval,0.9525475000000219,0,94,94
2025-11-27T03:00:35.269208+00:00,selfplay_eval,1,2377,selfplay_eval,0.9525475000000219,0,93,93
2025-11-27T03:00:35.269336+00:00,selfplay_eval,1,2378,selfplay_eval,0.9525475000000219,1,87,88
2025-11-27T03:00:35.269460+00:00,selfplay_eval,1,2379,selfplay_eval,0.9525475000000219,0,99,99
2025-11-27T03:00:35.269584+00:00,selfplay_eval,1,2380,selfplay_eval,0.9525475000000219,0,84,84
2025-11-27T03:00:35.269708+00:00,selfplay_eval,1,2381,selfplay_eval,0.9525475000000219,0,94,94
2025-11-27T03:00:35.269832+00:00,selfplay_eval,1,2382,selfplay_eval,0.9525475000000219,0,91,91
2025-11-27T03:00:35.269955+00:00,selfplay_eval,1,2383,selfplay_eval,0.9525475000000219,0,98,98
2025-11-27T03:00:35.270078+00:00,selfplay_eval,1,2384,selfplay_eval,0.9525475000000219,1,97,98
2025-11-27T03:00:35.270208+00:00,selfplay_eval,1,2385,selfplay_eval,0.9525475000000219,1,95,96
2025-11-27T03:00:35.270334+00:00,selfplay_eval,1,2386,selfplay_eval,0.9525475000000219,1,91,92
2025-11-27T03:00:35.270458+00:00,selfplay_eval,1,2387,selfplay_eval,0.9525475000000219,0,98,98
2025-11-27T03:00:35.270582+00:00,selfplay_eval,1,2388,selfplay_eval,0.9525475000000219,0,88,88
2025-11-27T03:00:35.270705+00:00,selfplay_eval,1,2389,selfplay_eval,0.9525475000000219,1,93,94
2025-11-27T03:00:35.270829+00:00,selfplay_eval,1,2390,selfplay_eval,0.9525475000000219,0,90,90
2025-11-27T03:00:35.270953+00:00,selfplay_eval,1,2391,selfplay_eval,0.9525475000000219,1,96,97
2025-11-27T03:00:35.271081+00:00,selfplay_eval,1,2392,selfplay_eval,0.9525475000000219,0,83,83
2025-11-27T03:00:35.271209+00:00,selfplay_eval,1,2393,selfplay_eval,0.9525475000000219,1,89,90
2025-11-27T03:00:35.271333+00:00,selfplay_eval,1,2394,selfplay_eval,0.9525475000000219,1,93,94
2025-11-27T03:00:35.271456+00:00,selfplay_eval,1,2395,selfplay_eval,0.9525475000000219,0,92,92
2025-11-27T03:00:35.271580+00:00,selfplay_eval,1,2396,selfplay_eval,0.9525475000000219,0,94,94
2025-11-27T03:00:35.271704+00:00,selfplay_eval,1,2397,selfplay_eval,0.9525475000000219,0,96,96
2025-11-27T03:00:35.271828+00:00,selfplay_eval,1,2398,selfplay_eval,0.9525475000000219,0,97,97
2025-11-27T03:00:35.271952+00:00,selfplay_eval,1,2399,selfplay_eval,0.9525475000000219,1,98,99
2025-11-27T03:00:35.272075+00:00,selfplay_eval,1,2400,selfplay_eval,0.9525475000000219,0,93,93
2025-11-27T03:00:35.272283+00:00,selfplay_eval,1,2401,selfplay_eval,0.9525475000000219,1,92,93
2025-11-27T03:00:35.272447+00:00,selfplay_eval,1,2402,selfplay_eval,0.9525475000000219,0,90,90
2025-11-27T03:00:35.272588+00:00,selfplay_eval,1,2403,selfplay_eval,0.9525475000000219,0,89,89
2025-11-27T03:00:35.272734+00:00,selfplay_eval,1,2404,selfplay_eval,0.9525475000000219,1,90,91
2025-11-27T03:00:35.272896+00:00,selfplay_eval,1,2405,selfplay_eval,0.9525475000000219,0,64,64
2025-11-27T03:00:35.273086+00:00,selfplay_eval,1,2406,selfplay_eval,0.9525475000000219,1,84,85
2025-11-27T03:00:35.273296+00:00,selfplay_eval,1,2407,selfplay_eval,0.9525475000000219,1,92,93
2025-11-27T03:00:35.273478+00:00,selfplay_eval,1,2408,selfplay_eval,0.9525475000000219,1,93,94
2025-11-27T03:00:35.273639+00:00,selfplay_eval,1,2409,selfplay_eval,0.9525475000000219,0,95,95
2025-11-27T03:00:35.273787+00:00,selfplay_eval,1,2410,selfplay_eval,0.9525475000000219,0,99,99
2025-11-27T03:00:35.273927+00:00,selfplay_eval,1,2411,selfplay_eval,0.9525475000000219,1,91,92
2025-11-27T03:00:35.274066+00:00,selfplay_eval,1,2412,selfplay_eval,0.9525475000000219,0,97,97
2025-11-27T03:00:35.274209+00:00,selfplay_eval,1,2413,selfplay_eval,0.9525475000000219,1,97,98
2025-11-27T03:00:35.274348+00:00,selfplay_eval,1,2414,selfplay_eval,0.9525475000000219,0,96,96
2025-11-27T03:00:35.274483+00:00,selfplay_eval,1,2415,selfplay_eval,0.9525475000000219,1,85,86
2025-11-27T03:00:35.274644+00:00,selfplay_eval,1,2416,selfplay_eval,0.9525475000000219,1,94,95
2025-11-27T03:00:35.274789+00:00,selfplay_eval,1,2417,selfplay_eval,0.9525475000000219,0,73,73
2025-11-27T03:00:35.274989+00:00,selfplay_eval,1,2418,selfplay_eval,0.9525475000000219,0,93,93
2025-11-27T03:00:35.275134+00:00,selfplay_eval,1,2419,selfplay_eval,0.9525475000000219,1,94,95
2025-11-27T03:00:35.275271+00:00,selfplay_eval,1,2420,selfplay_eval,0.9525475000000219,0,91,91
2025-11-27T03:00:35.275403+00:00,selfplay_eval,1,2421,selfplay_eval,0.9525475000000219,1,90,91
2025-11-27T03:00:35.275533+00:00,selfplay_eval,1,2422,selfplay_eval,0.9525475000000219,0,94,94
2025-11-27T03:00:35.275660+00:00,selfplay_eval,1,2423,selfplay_eval,0.9525475000000219,0,98,98
2025-11-27T03:00:35.275787+00:00,selfplay_eval,1,2424,selfplay_eval,0.9525475000000219,1,96,97
2025-11-27T03:00:35.275919+00:00,selfplay_eval,1,2425,selfplay_eval,0.9525475000000219,1,92,93
2025-11-27T03:00:35.276045+00:00,selfplay_eval,1,2426,selfplay_eval,0.9525475000000219,0,94,94
2025-11-27T03:00:35.276171+00:00,selfplay_eval,1,2427,selfplay_eval,0.9525475000000219,1,89,90
2025-11-27T03:00:35.276300+00:00,selfplay_eval,1,2428,selfplay_eval,0.9525475000000219,1,93,94
2025-11-27T03:00:35.276426+00:00,selfplay_eval,1,2429,selfplay_eval,0.9525475000000219,1,91,92
2025-11-27T03:00:35.276550+00:00,selfplay_eval,1,2430,selfplay_eval,0.9525475000000219,1,92,93
2025-11-27T03:00:35.276677+00:00,selfplay_eval,1,2431,selfplay_eval,0.9525475000000219,1,96,97
2025-11-27T03:00:35.276803+00:00,selfplay_eval,1,2432,selfplay_eval,0.9525475000000219,0,97,97
2025-11-27T03:00:35.276928+00:00,selfplay_eval,1,2433,selfplay_eval,0.9525475000000219,0,91,91
2025-11-27T03:00:35.277054+00:00,selfplay_eval,1,2434,selfplay_eval,0.9525475000000219,0,86,86
2025-11-27T03:00:35.277182+00:00,selfplay_eval,1,2435,selfplay_eval,0.9525475000000219,0,88,88
2025-11-27T03:00:35.277307+00:00,selfplay_eval,1,2436,selfplay_eval,0.9525475000000219,0,99,99
2025-11-27T03:00:35.277430+00:00,selfplay_eval,1,2437,selfplay_eval,0.9525475000000219,1,90,91
2025-11-27T03:00:35.277555+00:00,selfplay_eval,1,2438,selfplay_eval,0.9525475000000219,0,78,78
2025-11-27T03:00:35.277684+00:00,selfplay_eval,1,2439,selfplay_eval,0.9525475000000219,1,98,99
2025-11-27T03:00:35.277810+00:00,selfplay_eval,1,2440,selfplay_eval,0.9525475000000219,1,86,87
2025-11-27T03:00:35.277935+00:00,selfplay_eval,1,2441,selfplay_eval,0.9525475000000219,0,91,91
2025-11-27T03:00:35.278059+00:00,selfplay_eval,1,2442,selfplay_eval,0.9525475000000219,1,96,97
2025-11-27T03:00:35.278184+00:00,selfplay_eval,1,2443,selfplay_eval,0.9525475000000219,1,94,95
2025-11-27T03:00:35.278315+00:00,selfplay_eval,1,2444,selfplay_eval,0.9525475000000219,0,95,95
2025-11-27T03:00:35.278440+00:00,selfplay_eval,1,2445,selfplay_eval,0.9525475000000219,0,92,92
2025-11-27T03:00:35.278565+00:00,selfplay_eval,1,2446,selfplay_eval,0.9525475000000219,1,87,88
2025-11-27T03:00:35.278689+00:00,selfplay_eval,1,2447,selfplay_eval,0.9525475000000219,0,92,92
2025-11-27T03:00:35.278813+00:00,selfplay_eval,1,2448,selfplay_eval,0.9525475000000219,1,96,97
2025-11-27T03:00:35.278939+00:00,selfplay_eval,1,2449,selfplay_eval,0.9525475000000219,0,94,94
2025-11-27T03:00:35.279063+00:00,selfplay_eval,1,2450,selfplay_eval,0.9525475000000219,0,85,85
2025-11-27T03:00:35.279188+00:00,selfplay_eval,1,2451,selfplay_eval,0.9525475000000219,1,97,98
2025-11-27T03:00:35.279321+00:00,selfplay_eval,1,2452,selfplay_eval,0.9525475000000219,1,94,95
2025-11-27T03:00:35.279446+00:00,selfplay_eval,1,2453,selfplay_eval,0.9525475000000219,0,88,88
2025-11-27T03:00:35.279571+00:00,selfplay_eval,1,2454,selfplay_eval,0.9525475000000219,1,97,98
2025-11-27T03:00:35.279697+00:00,selfplay_eval,1,2455,selfplay_eval,0.9525475000000219,1,95,96
2025-11-27T03:00:35.279822+00:00,selfplay_eval,1,2456,selfplay_eval,0.9525475000000219,0,95,95
2025-11-27T03:00:35.279946+00:00,selfplay_eval,1,2457,selfplay_eval,0.9525475000000219,0,98,98
2025-11-27T03:00:35.280070+00:00,selfplay_eval,1,2458,selfplay_eval,0.9525475000000219,1,83,84
2025-11-27T03:00:35.280195+00:00,selfplay_eval,1,2459,selfplay_eval,0.9525475000000219,1,97,98
2025-11-27T03:00:35.280324+00:00,selfplay_eval,1,2460,selfplay_eval,0.9525475000000219,1,93,94
2025-11-27T03:00:35.280448+00:00,selfplay_eval,1,2461,selfplay_eval,0.9525475000000219,1,86,87
2025-11-27T03:00:35.280572+00:00,selfplay_eval,1,2462,selfplay_eval,0.9525475000000219,0,88,88
2025-11-27T03:00:35.280738+00:00,selfplay_eval,1,2463,selfplay_eval,0.9525475000000219,0,93,93
2025-11-27T03:00:35.280911+00:00,selfplay_eval,1,2464,selfplay_eval,0.9525475000000219,0,94,94
2025-11-27T03:00:35.281062+00:00,selfplay_eval,1,2465,selfplay_eval,0.9525475000000219,1,97,98
2025-11-27T03:00:35.281207+00:00,selfplay_eval,1,2466,selfplay_eval,0.9525475000000219,0,94,94
2025-11-27T03:00:35.281346+00:00,selfplay_eval,1,2467,selfplay_eval,0.9525475000000219,0,91,91
2025-11-27T03:00:35.281488+00:00,selfplay_eval,1,2468,selfplay_eval,0.9525475000000219,1,93,94
2025-11-27T03:00:35.281622+00:00,selfplay_eval,1,2469,selfplay_eval,0.9525475000000219,0,98,98
2025-11-27T03:00:35.281757+00:00,selfplay_eval,1,2470,selfplay_eval,0.9525475000000219,0,83,83
2025-11-27T03:00:35.281893+00:00,selfplay_eval,1,2471,selfplay_eval,0.9525475000000219,1,91,92
2025-11-27T03:00:35.282025+00:00,selfplay_eval,1,2472,selfplay_eval,0.9525475000000219,1,92,93
2025-11-27T03:00:35.282156+00:00,selfplay_eval,1,2473,selfplay_eval,0.9525475000000219,0,94,94
2025-11-27T03:00:35.282294+00:00,selfplay_eval,1,2474,selfplay_eval,0.9525475000000219,1,93,94
2025-11-27T03:00:35.282430+00:00,selfplay_eval,1,2475,selfplay_eval,0.9525475000000219,1,93,94
2025-11-27T03:00:35.282572+00:00,selfplay_eval,1,2476,selfplay_eval,0.9525475000000219,0,99,99
2025-11-27T03:00:35.282705+00:00,selfplay_eval,1,2477,selfplay_eval,0.9525475000000219,1,97,98
2025-11-27T03:00:35.282837+00:00,selfplay_eval,1,2478,selfplay_eval,0.9525475000000219,1,88,89
2025-11-27T03:00:35.282968+00:00,selfplay_eval,1,2479,selfplay_eval,0.9525475000000219,0,97,97
2025-11-27T03:00:35.283099+00:00,selfplay_eval,1,2480,selfplay_eval,0.9525475000000219,1,93,94
2025-11-27T03:00:35.283231+00:00,selfplay_eval,1,2481,selfplay_eval,0.9525475000000219,0,96,96
2025-11-27T03:00:35.283362+00:00,selfplay_eval,1,2482,selfplay_eval,0.9525475000000219,1,98,99
2025-11-27T03:00:35.283492+00:00,selfplay_eval,1,2483,selfplay_eval,0.9525475000000219,0,96,96
2025-11-27T03:00:35.283630+00:00,selfplay_eval,1,2484,selfplay_eval,0.9525475000000219,1,95,96
2025-11-27T03:00:35.283765+00:00,selfplay_eval,1,2485,selfplay_eval,0.9525475000000219,1,97,98
2025-11-27T03:00:35.283899+00:00,selfplay_eval,1,2486,selfplay_eval,0.9525475000000219,1,84,85
2025-11-27T03:00:35.284030+00:00,selfplay_eval,1,2487,selfplay_eval,0.9525475000000219,1,91,92
2025-11-27T03:00:35.284161+00:00,selfplay_eval,1,2488,selfplay_eval,0.9525475000000219,1,93,94
2025-11-27T03:00:35.284291+00:00,selfplay_eval,1,2489,selfplay_eval,0.9525475000000219,1,98,99
2025-11-27T03:00:35.284421+00:00,selfplay_eval,1,2490,selfplay_eval,0.9525475000000219,1,95,96
2025-11-27T03:00:35.284554+00:00,selfplay_eval,1,2491,selfplay_eval,0.9525475000000219,1,96,97
2025-11-27T03:00:35.284690+00:00,selfplay_eval,1,2492,selfplay_eval,0.9525475000000219,0,91,91
2025-11-27T03:00:35.284822+00:00,selfplay_eval,1,2493,selfplay_eval,0.9525475000000219,1,95,96
2025-11-27T03:00:35.284953+00:00,selfplay_eval,1,2494,selfplay_eval,0.9525475000000219,1,99,100
2025-11-27T03:00:35.285085+00:00,selfplay_eval,1,2495,selfplay_eval,0.9525475000000219,1,98,99
2025-11-27T03:00:35.285216+00:00,selfplay_eval,1,2496,selfplay_eval,0.9525475000000219,0,93,93
2025-11-27T03:00:35.285348+00:00,selfplay_eval,1,2497,selfplay_eval,0.9525475000000219,1,95,96
2025-11-27T03:00:35.285479+00:00,selfplay_eval,1,2498,selfplay_eval,0.9525475000000219,0,94,94
2025-11-27T03:00:35.285610+00:00,selfplay_eval,1,2499,selfplay_eval,0.9525475000000219,1,93,94
2025-11-27T03:00:35.285746+00:00,selfplay_eval,1,2500,selfplay_eval,0.9525475000000219,1,81,82
2025-11-27T03:00:35.285878+00:00,selfplay_eval,1,2501,selfplay_eval,0.9525475000000219,0,96,96
2025-11-27T03:00:35.286009+00:00,selfplay_eval,1,2502,selfplay_eval,0.9525475000000219,0,93,93
2025-11-27T03:00:35.286140+00:00,selfplay_eval,1,2503,selfplay_eval,0.9525475000000219,0,93,93
2025-11-27T03:00:35.286271+00:00,selfplay_eval,1,2504,selfplay_eval,0.9525475000000219,1,99,100
2025-11-27T03:00:35.286401+00:00,selfplay_eval,1,2505,selfplay_eval,0.9525475000000219,0,99,99
2025-11-27T03:00:35.286533+00:00,selfplay_eval,1,2506,selfplay_eval,0.9525475000000219,1,90,91
2025-11-27T03:00:35.286664+00:00,selfplay_eval,1,2507,selfplay_eval,0.9525475000000219,0,94,94
2025-11-27T03:00:35.286800+00:00,selfplay_eval,1,2508,selfplay_eval,0.9525475000000219,0,88,88
2025-11-27T03:00:35.286933+00:00,selfplay_eval,1,2509,selfplay_eval,0.9525475000000219,0,99,99
2025-11-27T03:00:35.287064+00:00,selfplay_eval,1,2510,selfplay_eval,0.9525475000000219,0,97,97
2025-11-27T03:00:35.287195+00:00,selfplay_eval,1,2511,selfplay_eval,0.9525475000000219,0,96,96
2025-11-27T03:00:35.287328+00:00,selfplay_eval,1,2512,selfplay_eval,0.9525475000000219,0,97,97
2025-11-27T03:00:35.287458+00:00,selfplay_eval,1,2513,selfplay_eval,0.9525475000000219,1,76,77
2025-11-27T03:00:35.287591+00:00,selfplay_eval,1,2514,selfplay_eval,0.9525475000000219,0,96,96
2025-11-27T03:00:35.287723+00:00,selfplay_eval,1,2515,selfplay_eval,0.9525475000000219,1,90,91
2025-11-27T03:00:35.287859+00:00,selfplay_eval,1,2516,selfplay_eval,0.9525475000000219,0,97,97
2025-11-27T03:00:35.287991+00:00,selfplay_eval,1,2517,selfplay_eval,0.9525475000000219,1,93,94
2025-11-27T03:00:35.288124+00:00,selfplay_eval,1,2518,selfplay_eval,0.9525475000000219,0,95,95
2025-11-27T03:00:35.288255+00:00,selfplay_eval,1,2519,selfplay_eval,0.9525475000000219,0,88,88
2025-11-27T03:00:35.288387+00:00,selfplay_eval,1,2520,selfplay_eval,0.9525475000000219,0,94,94
2025-11-27T03:00:35.288518+00:00,selfplay_eval,1,2521,selfplay_eval,0.9525475000000219,1,97,98
2025-11-27T03:00:35.288651+00:00,selfplay_eval,1,2522,selfplay_eval,0.9525475000000219,0,95,95
2025-11-27T03:00:35.288782+00:00,selfplay_eval,1,2523,selfplay_eval,0.9525475000000219,0,98,98
2025-11-27T03:00:35.288917+00:00,selfplay_eval,1,2524,selfplay_eval,0.9525475000000219,1,92,93
2025-11-27T03:00:35.289048+00:00,selfplay_eval,1,2525,selfplay_eval,0.9525475000000219,0,97,97
2025-11-27T03:00:35.289179+00:00,selfplay_eval,1,2526,selfplay_eval,0.9525475000000219,1,91,92
2025-11-27T03:00:35.289380+00:00,selfplay_eval,1,2527,selfplay_eval,0.9525475000000219,1,96,97
2025-11-27T03:00:35.289510+00:00,selfplay_eval,1,2528,selfplay_eval,0.9525475000000219,0,94,94
2025-11-27T03:00:35.289655+00:00,selfplay_eval,1,2529,selfplay_eval,0.9525475000000219,1,92,93
2025-11-27T03:00:35.289792+00:00,selfplay_eval,1,2530,selfplay_eval,0.9525475000000219,1,82,83
2025-11-27T03:00:35.289924+00:00,selfplay_eval,1,2531,selfplay_eval,0.9525475000000219,1,88,89
2025-11-27T03:00:35.290061+00:00,selfplay_eval,1,2532,selfplay_eval,0.9525475000000219,1,88,89
2025-11-27T03:00:35.290193+00:00,selfplay_eval,1,2533,selfplay_eval,0.9525475000000219,0,96,96
2025-11-27T03:00:35.290325+00:00,selfplay_eval,1,2534,selfplay_eval,0.9525475000000219,1,93,94
2025-11-27T03:00:35.290457+00:00,selfplay_eval,1,2535,selfplay_eval,0.9525475000000219,1,94,95
2025-11-27T03:00:35.290591+00:00,selfplay_eval,1,2536,selfplay_eval,0.9525475000000219,1,95,96
2025-11-27T03:00:35.290722+00:00,selfplay_eval,1,2537,selfplay_eval,0.9525475000000219,0,92,92
2025-11-27T03:00:35.290855+00:00,selfplay_eval,1,2538,selfplay_eval,0.9525475000000219,1,96,97
2025-11-27T03:00:35.290986+00:00,selfplay_eval,1,2539,selfplay_eval,0.9525475000000219,1,89,90
2025-11-27T03:00:35.291123+00:00,selfplay_eval,1,2540,selfplay_eval,0.9525475000000219,0,93,93
2025-11-27T03:00:35.291268+00:00,selfplay_eval,1,2541,selfplay_eval,0.9525475000000219,1,97,98
2025-11-27T03:00:35.291404+00:00,selfplay_eval,1,2542,selfplay_eval,0.9525475000000219,1,96,97
2025-11-27T03:00:35.291535+00:00,selfplay_eval,1,2543,selfplay_eval,0.9525475000000219,0,88,88
2025-11-27T03:00:35.291666+00:00,selfplay_eval,1,2544,selfplay_eval,0.9525475000000219,0,90,90
2025-11-27T03:00:35.291802+00:00,selfplay_eval,1,2545,selfplay_eval,0.9525475000000219,0,90,90
2025-11-27T03:00:35.291934+00:00,selfplay_eval,1,2546,selfplay_eval,0.9525475000000219,0,96,96
2025-11-27T03:00:35.292066+00:00,selfplay_eval,1,2547,selfplay_eval,0.9525475000000219,1,99,100
2025-11-27T03:00:35.292203+00:00,selfplay_eval,1,2548,selfplay_eval,0.9525475000000219,0,91,91
2025-11-27T03:00:35.292334+00:00,selfplay_eval,1,2549,selfplay_eval,0.9525475000000219,1,99,100
2025-11-27T03:00:35.292469+00:00,selfplay_eval,1,2550,selfplay_eval,0.9525475000000219,1,91,92
2025-11-27T03:00:35.292686+00:00,selfplay_eval,1,2551,selfplay_eval,0.9525475000000219,1,82,83
2025-11-27T03:00:35.292834+00:00,selfplay_eval,1,2552,selfplay_eval,0.9525475000000219,1,98,99
2025-11-27T03:00:35.292971+00:00,selfplay_eval,1,2553,selfplay_eval,0.9525475000000219,1,88,89
2025-11-27T03:00:35.293102+00:00,selfplay_eval,1,2554,selfplay_eval,0.9525475000000219,1,87,88
2025-11-27T03:00:35.293230+00:00,selfplay_eval,1,2555,selfplay_eval,0.9525475000000219,1,91,92
2025-11-27T03:00:35.293365+00:00,selfplay_eval,1,2556,selfplay_eval,0.9525475000000219,0,94,94
2025-11-27T03:00:35.293491+00:00,selfplay_eval,1,2557,selfplay_eval,0.9525475000000219,1,95,96
2025-11-27T03:00:35.293615+00:00,selfplay_eval,1,2558,selfplay_eval,0.9525475000000219,1,92,93
2025-11-27T03:00:35.293741+00:00,selfplay_eval,1,2559,selfplay_eval,0.9525475000000219,1,87,88
2025-11-27T03:00:35.293865+00:00,selfplay_eval,1,2560,selfplay_eval,0.9525475000000219,1,79,80
2025-11-27T03:00:35.293989+00:00,selfplay_eval,1,2561,selfplay_eval,0.9525475000000219,0,95,95
2025-11-27T03:00:35.294113+00:00,selfplay_eval,1,2562,selfplay_eval,0.9525475000000219,0,95,95
2025-11-27T03:00:35.294236+00:00,selfplay_eval,1,2563,selfplay_eval,0.9525475000000219,1,95,96
2025-11-27T03:00:35.294364+00:00,selfplay_eval,1,2564,selfplay_eval,0.9525475000000219,0,95,95
2025-11-27T03:00:35.294486+00:00,selfplay_eval,1,2565,selfplay_eval,0.9525475000000219,1,97,98
2025-11-27T03:00:35.294610+00:00,selfplay_eval,1,2566,selfplay_eval,0.9525475000000219,1,98,99
2025-11-27T03:00:35.294732+00:00,selfplay_eval,1,2567,selfplay_eval,0.9525475000000219,1,83,84
2025-11-27T03:00:35.294855+00:00,selfplay_eval,1,2568,selfplay_eval,0.9525475000000219,1,82,83
2025-11-27T03:00:35.294979+00:00,selfplay_eval,1,2569,selfplay_eval,0.9525475000000219,0,94,94
2025-11-27T03:00:35.295103+00:00,selfplay_eval,1,2570,selfplay_eval,0.9525475000000219,0,95,95
2025-11-27T03:00:35.295238+00:00,selfplay_eval,1,2571,selfplay_eval,0.9525475000000219,1,97,98
2025-11-27T03:00:35.295362+00:00,selfplay_eval,1,2572,selfplay_eval,0.9525475000000219,0,85,85
2025-11-27T03:00:35.295482+00:00,selfplay_eval,1,2573,selfplay_eval,0.9525475000000219,1,87,88
2025-11-27T03:00:35.295601+00:00,selfplay_eval,1,2574,selfplay_eval,0.9525475000000219,1,93,94
2025-11-27T03:00:35.295720+00:00,selfplay_eval,1,2575,selfplay_eval,0.9525475000000219,0,93,93
2025-11-27T03:00:35.295840+00:00,selfplay_eval,1,2576,selfplay_eval,0.9525475000000219,0,92,92
2025-11-27T03:00:35.295959+00:00,selfplay_eval,1,2577,selfplay_eval,0.9525475000000219,1,82,83
2025-11-27T03:00:35.296079+00:00,selfplay_eval,1,2578,selfplay_eval,0.9525475000000219,1,84,85
2025-11-27T03:00:35.296213+00:00,selfplay_eval,1,2579,selfplay_eval,0.9525475000000219,0,97,97
2025-11-27T03:00:35.296341+00:00,selfplay_eval,1,2580,selfplay_eval,0.9525475000000219,1,90,91
2025-11-27T03:00:35.296464+00:00,selfplay_eval,1,2581,selfplay_eval,0.9525475000000219,1,83,84
2025-11-27T03:00:35.296588+00:00,selfplay_eval,1,2582,selfplay_eval,0.9525475000000219,1,83,84
2025-11-27T03:00:35.296711+00:00,selfplay_eval,1,2583,selfplay_eval,0.9525475000000219,0,82,82
2025-11-27T03:00:35.296834+00:00,selfplay_eval,1,2584,selfplay_eval,0.9525475000000219,1,98,99
2025-11-27T03:00:35.296957+00:00,selfplay_eval,1,2585,selfplay_eval,0.9525475000000219,1,91,92
2025-11-27T03:00:35.297079+00:00,selfplay_eval,1,2586,selfplay_eval,0.9525475000000219,1,86,87
2025-11-27T03:00:35.297204+00:00,selfplay_eval,1,2587,selfplay_eval,0.9525475000000219,1,94,95
2025-11-27T03:00:35.297333+00:00,selfplay_eval,1,2588,selfplay_eval,0.9525475000000219,1,98,99
2025-11-27T03:00:35.297457+00:00,selfplay_eval,1,2589,selfplay_eval,0.9525475000000219,1,95,96
2025-11-27T03:00:35.297579+00:00,selfplay_eval,1,2590,selfplay_eval,0.9525475000000219,0,90,90
2025-11-27T03:00:35.297703+00:00,selfplay_eval,1,2591,selfplay_eval,0.9525475000000219,1,91,92
2025-11-27T03:00:35.297826+00:00,selfplay_eval,1,2592,selfplay_eval,0.9525475000000219,0,84,84
2025-11-27T03:00:35.297948+00:00,selfplay_eval,1,2593,selfplay_eval,0.9525475000000219,0,84,84
2025-11-27T03:00:35.298071+00:00,selfplay_eval,1,2594,selfplay_eval,0.9525475000000219,0,97,97
2025-11-27T03:00:35.298194+00:00,selfplay_eval,1,2595,selfplay_eval,0.9525475000000219,0,99,99
2025-11-27T03:00:35.298326+00:00,selfplay_eval,1,2596,selfplay_eval,0.9525475000000219,1,91,92
2025-11-27T03:00:35.298450+00:00,selfplay_eval,1,2597,selfplay_eval,0.9525475000000219,1,83,84
2025-11-27T03:00:35.298574+00:00,selfplay_eval,1,2598,selfplay_eval,0.9525475000000219,0,95,95
2025-11-27T03:00:35.298699+00:00,selfplay_eval,1,2599,selfplay_eval,0.9525475000000219,1,88,89
2025-11-27T03:00:35.298822+00:00,selfplay_eval,1,2600,selfplay_eval,0.9525475000000219,1,98,99
2025-11-27T03:00:35.298944+00:00,selfplay_eval,1,2601,selfplay_eval,0.9525475000000219,1,97,98
2025-11-27T03:00:35.299067+00:00,selfplay_eval,1,2602,selfplay_eval,0.9525475000000219,1,96,97
2025-11-27T03:00:35.299189+00:00,selfplay_eval,1,2603,selfplay_eval,0.9525475000000219,1,96,97
2025-11-27T03:00:35.299317+00:00,selfplay_eval,1,2604,selfplay_eval,0.9525475000000219,0,95,95
2025-11-27T03:00:35.299442+00:00,selfplay_eval,1,2605,selfplay_eval,0.9525475000000219,0,90,90
2025-11-27T03:00:35.299564+00:00,selfplay_eval,1,2606,selfplay_eval,0.9525475000000219,1,90,91
2025-11-27T03:00:35.299690+00:00,selfplay_eval,1,2607,selfplay_eval,0.9525475000000219,0,96,96
2025-11-27T03:00:35.299814+00:00,selfplay_eval,1,2608,selfplay_eval,0.9525475000000219,1,96,97
2025-11-27T03:00:35.299937+00:00,selfplay_eval,1,2609,selfplay_eval,0.9525475000000219,0,96,96
2025-11-27T03:00:35.300060+00:00,selfplay_eval,1,2610,selfplay_eval,0.9525475000000219,1,98,99
2025-11-27T03:00:35.300195+00:00,selfplay_eval,1,2611,selfplay_eval,0.9525475000000219,0,84,84
2025-11-27T03:00:35.300320+00:00,selfplay_eval,1,2612,selfplay_eval,0.9525475000000219,1,91,92
2025-11-27T03:00:35.300438+00:00,selfplay_eval,1,2613,selfplay_eval,0.9525475000000219,1,90,91
2025-11-27T03:00:35.300557+00:00,selfplay_eval,1,2614,selfplay_eval,0.9525475000000219,1,86,87
2025-11-27T03:00:35.300676+00:00,selfplay_eval,1,2615,selfplay_eval,0.9525475000000219,1,91,92
2025-11-27T03:00:35.300795+00:00,selfplay_eval,1,2616,selfplay_eval,0.9525475000000219,1,98,99
2025-11-27T03:00:35.300915+00:00,selfplay_eval,1,2617,selfplay_eval,0.9525475000000219,0,86,86
2025-11-27T03:00:35.301034+00:00,selfplay_eval,1,2618,selfplay_eval,0.9525475000000219,1,98,99
2025-11-27T03:00:35.301153+00:00,selfplay_eval,1,2619,selfplay_eval,0.9525475000000219,0,79,79
2025-11-27T03:00:35.301297+00:00,selfplay_eval,1,2620,selfplay_eval,0.9525475000000219,0,93,93
2025-11-27T03:00:35.301420+00:00,selfplay_eval,1,2621,selfplay_eval,0.9525475000000219,0,89,89
2025-11-27T03:00:35.301543+00:00,selfplay_eval,1,2622,selfplay_eval,0.9525475000000219,0,87,87
2025-11-27T03:00:35.301666+00:00,selfplay_eval,1,2623,selfplay_eval,0.9525475000000219,0,86,86
2025-11-27T03:00:35.301789+00:00,selfplay_eval,1,2624,selfplay_eval,0.9525475000000219,0,93,93
2025-11-27T03:00:35.301911+00:00,selfplay_eval,1,2625,selfplay_eval,0.9525475000000219,0,94,94
2025-11-27T03:00:35.302035+00:00,selfplay_eval,1,2626,selfplay_eval,0.9525475000000219,1,99,100
2025-11-27T03:00:35.302157+00:00,selfplay_eval,1,2627,selfplay_eval,0.9525475000000219,1,91,92
2025-11-27T03:00:35.302285+00:00,selfplay_eval,1,2628,selfplay_eval,0.9525475000000219,0,99,99
2025-11-27T03:00:35.302408+00:00,selfplay_eval,1,2629,selfplay_eval,0.9525475000000219,1,95,96
2025-11-27T03:00:35.302530+00:00,selfplay_eval,1,2630,selfplay_eval,0.9525475000000219,1,97,98
2025-11-27T03:00:35.302654+00:00,selfplay_eval,1,2631,selfplay_eval,0.9525475000000219,1,98,99
2025-11-27T03:00:35.302781+00:00,selfplay_eval,1,2632,selfplay_eval,0.9525475000000219,1,91,92
2025-11-27T03:00:35.302905+00:00,selfplay_eval,1,2633,selfplay_eval,0.9525475000000219,1,87,88
2025-11-27T03:00:35.303027+00:00,selfplay_eval,1,2634,selfplay_eval,0.9525475000000219,0,88,88
2025-11-27T03:00:35.303149+00:00,selfplay_eval,1,2635,selfplay_eval,0.9525475000000219,0,96,96
2025-11-27T03:00:35.303289+00:00,selfplay_eval,1,2636,selfplay_eval,0.9525475000000219,0,90,90
2025-11-27T03:00:35.303407+00:00,selfplay_eval,1,2637,selfplay_eval,0.9525475000000219,1,94,95
2025-11-27T03:00:35.303526+00:00,selfplay_eval,1,2638,selfplay_eval,0.9525475000000219,0,94,94
2025-11-27T03:00:35.303645+00:00,selfplay_eval,1,2639,selfplay_eval,0.9525475000000219,0,86,86
2025-11-27T03:00:35.303765+00:00,selfplay_eval,1,2640,selfplay_eval,0.9525475000000219,0,97,97
2025-11-27T03:00:35.303884+00:00,selfplay_eval,1,2641,selfplay_eval,0.9525475000000219,0,87,87
2025-11-27T03:00:35.304006+00:00,selfplay_eval,1,2642,selfplay_eval,0.9525475000000219,0,92,92
2025-11-27T03:00:35.304125+00:00,selfplay_eval,1,2643,selfplay_eval,0.9525475000000219,1,86,87
2025-11-27T03:00:35.304259+00:00,selfplay_eval,1,2644,selfplay_eval,0.9525475000000219,1,94,95
2025-11-27T03:00:35.304374+00:00,selfplay_eval,1,2645,selfplay_eval,0.9525475000000219,0,98,98
2025-11-27T03:00:35.304489+00:00,selfplay_eval,1,2646,selfplay_eval,0.9525475000000219,0,78,78
2025-11-27T03:00:35.304605+00:00,selfplay_eval,1,2647,selfplay_eval,0.9525475000000219,1,91,92
2025-11-27T03:00:35.304721+00:00,selfplay_eval,1,2648,selfplay_eval,0.9525475000000219,0,95,95
2025-11-27T03:00:35.304836+00:00,selfplay_eval,1,2649,selfplay_eval,0.9525475000000219,1,97,98
2025-11-27T03:00:35.304950+00:00,selfplay_eval,1,2650,selfplay_eval,0.9525475000000219,1,89,90
2025-11-27T03:00:35.305072+00:00,selfplay_eval,1,2651,selfplay_eval,0.9525475000000219,1,88,89
2025-11-27T03:00:35.305205+00:00,selfplay_eval,1,2652,selfplay_eval,0.9525475000000219,1,87,88
2025-11-27T03:00:35.305317+00:00,selfplay_eval,1,2653,selfplay_eval,0.9525475000000219,1,96,97
2025-11-27T03:00:35.305430+00:00,selfplay_eval,1,2654,selfplay_eval,0.9525475000000219,1,90,91
2025-11-27T03:00:35.305542+00:00,selfplay_eval,1,2655,selfplay_eval,0.9525475000000219,1,90,91
2025-11-27T03:00:35.305653+00:00,selfplay_eval,1,2656,selfplay_eval,0.9525475000000219,1,93,94
2025-11-27T03:00:35.305766+00:00,selfplay_eval,1,2657,selfplay_eval,0.9525475000000219,0,98,98
2025-11-27T03:00:35.305878+00:00,selfplay_eval,1,2658,selfplay_eval,0.9525475000000219,1,93,94
2025-11-27T03:00:35.305990+00:00,selfplay_eval,1,2659,selfplay_eval,0.9525475000000219,1,82,83
2025-11-27T03:00:35.306107+00:00,selfplay_eval,1,2660,selfplay_eval,0.9525475000000219,1,97,98
2025-11-27T03:00:35.306232+00:00,selfplay_eval,1,2661,selfplay_eval,0.9525475000000219,0,98,98
2025-11-27T03:00:35.306341+00:00,selfplay_eval,1,2662,selfplay_eval,0.9525475000000219,1,93,94
2025-11-27T03:00:35.306450+00:00,selfplay_eval,1,2663,selfplay_eval,0.9525475000000219,0,94,94
2025-11-27T03:00:35.306559+00:00,selfplay_eval,1,2664,selfplay_eval,0.9525475000000219,0,87,87
2025-11-27T03:00:35.306668+00:00,selfplay_eval,1,2665,selfplay_eval,0.9525475000000219,1,94,95
2025-11-27T03:00:35.306777+00:00,selfplay_eval,1,2666,selfplay_eval,0.9525475000000219,1,91,92
2025-11-27T03:00:35.306886+00:00,selfplay_eval,1,2667,selfplay_eval,0.9525475000000219,1,92,93
2025-11-27T03:00:35.307000+00:00,selfplay_eval,1,2668,selfplay_eval,0.9525475000000219,0,92,92
2025-11-27T03:00:35.307109+00:00,selfplay_eval,1,2669,selfplay_eval,0.9525475000000219,1,86,87
2025-11-27T03:00:35.307231+00:00,selfplay_eval,1,2670,selfplay_eval,0.9525475000000219,1,96,97
2025-11-27T03:00:35.307337+00:00,selfplay_eval,1,2671,selfplay_eval,0.9525475000000219,1,92,93
2025-11-27T03:00:35.307443+00:00,selfplay_eval,1,2672,selfplay_eval,0.9525475000000219,0,91,91
2025-11-27T03:00:35.307550+00:00,selfplay_eval,1,2673,selfplay_eval,0.9525475000000219,1,97,98
2025-11-27T03:00:35.307657+00:00,selfplay_eval,1,2674,selfplay_eval,0.9525475000000219,1,90,91
2025-11-27T03:00:35.307763+00:00,selfplay_eval,1,2675,selfplay_eval,0.9525475000000219,1,96,97
2025-11-27T03:00:35.307875+00:00,selfplay_eval,1,2676,selfplay_eval,0.9525475000000219,1,90,91
2025-11-27T03:00:35.308010+00:00,selfplay_eval,1,2677,selfplay_eval,0.9525475000000219,0,89,89
2025-11-27T03:00:35.308155+00:00,selfplay_eval,1,2678,selfplay_eval,0.9525475000000219,1,96,97
2025-11-27T03:00:35.308290+00:00,selfplay_eval,1,2679,selfplay_eval,0.9525475000000219,1,85,86
2025-11-27T03:00:35.308404+00:00,selfplay_eval,1,2680,selfplay_eval,0.9525475000000219,0,91,91
2025-11-27T03:00:35.308514+00:00,selfplay_eval,1,2681,selfplay_eval,0.9525475000000219,1,96,97
2025-11-27T03:00:35.308622+00:00,selfplay_eval,1,2682,selfplay_eval,0.9525475000000219,1,89,90
2025-11-27T03:00:35.308730+00:00,selfplay_eval,1,2683,selfplay_eval,0.9525475000000219,1,96,97
2025-11-27T03:00:35.308915+00:00,selfplay_eval,1,2684,selfplay_eval,0.9525475000000219,0,90,90
2025-11-27T03:00:35.309059+00:00,selfplay_eval,1,2685,selfplay_eval,0.9525475000000219,1,90,91
2025-11-27T03:00:35.309183+00:00,selfplay_eval,1,2686,selfplay_eval,0.9525475000000219,1,93,94
2025-11-27T03:00:35.309316+00:00,selfplay_eval,1,2687,selfplay_eval,0.9525475000000219,1,83,84
2025-11-27T03:00:35.309430+00:00,selfplay_eval,1,2688,selfplay_eval,0.9525475000000219,1,86,87
2025-11-27T03:00:35.309539+00:00,selfplay_eval,1,2689,selfplay_eval,0.9525475000000219,0,92,92
2025-11-27T03:00:35.309699+00:00,selfplay_eval,1,2690,selfplay_eval,0.9525475000000219,0,95,95
2025-11-27T03:00:35.309831+00:00,selfplay_eval,1,2691,selfplay_eval,0.9525475000000219,1,89,90
2025-11-27T03:00:35.309952+00:00,selfplay_eval,1,2692,selfplay_eval,0.9525475000000219,1,98,99
2025-11-27T03:00:35.310092+00:00,selfplay_eval,1,2693,selfplay_eval,0.9525475000000219,0,91,91
2025-11-27T03:00:35.310211+00:00,selfplay_eval,1,2694,selfplay_eval,0.9525475000000219,1,68,69
2025-11-27T03:00:35.310325+00:00,selfplay_eval,1,2695,selfplay_eval,0.9525475000000219,0,77,77
2025-11-27T03:00:35.310437+00:00,selfplay_eval,1,2696,selfplay_eval,0.9525475000000219,1,95,96
2025-11-27T03:00:35.310548+00:00,selfplay_eval,1,2697,selfplay_eval,0.9525475000000219,1,90,91
2025-11-27T03:00:35.310659+00:00,selfplay_eval,1,2698,selfplay_eval,0.9525475000000219,0,94,94
2025-11-27T03:00:35.310764+00:00,selfplay_eval,1,2699,selfplay_eval,0.9525475000000219,1,80,81
2025-11-27T03:00:35.310876+00:00,selfplay_eval,1,2700,selfplay_eval,0.9525475000000219,1,94,95
2025-11-27T03:00:35.310982+00:00,selfplay_eval,1,2701,selfplay_eval,0.9525475000000219,0,85,85
2025-11-27T03:00:35.311094+00:00,selfplay_eval,1,2702,selfplay_eval,0.9525475000000219,0,97,97
2025-11-27T03:00:35.311200+00:00,selfplay_eval,1,2703,selfplay_eval,0.9525475000000219,1,96,97
2025-11-27T03:00:35.311315+00:00,selfplay_eval,1,2704,selfplay_eval,0.9525475000000219,0,81,81
2025-11-27T03:00:35.311422+00:00,selfplay_eval,1,2705,selfplay_eval,0.9525475000000219,1,95,96
2025-11-27T03:00:35.311533+00:00,selfplay_eval,1,2706,selfplay_eval,0.9525475000000219,0,91,91
2025-11-27T03:00:35.311639+00:00,selfplay_eval,1,2707,selfplay_eval,0.9525475000000219,1,91,92
2025-11-27T03:00:35.311820+00:00,selfplay_eval,1,2708,selfplay_eval,0.9525475000000219,1,90,91
2025-11-27T03:00:35.311927+00:00,selfplay_eval,1,2709,selfplay_eval,0.9525475000000219,0,86,86
2025-11-27T03:00:35.312057+00:00,selfplay_eval,1,2710,selfplay_eval,0.9525475000000219,0,89,89
2025-11-27T03:00:35.312164+00:00,selfplay_eval,1,2711,selfplay_eval,0.9525475000000219,1,95,96
2025-11-27T03:00:35.312294+00:00,selfplay_eval,1,2712,selfplay_eval,0.9525475000000219,0,94,94
2025-11-27T03:00:35.312400+00:00,selfplay_eval,1,2713,selfplay_eval,0.9525475000000219,0,94,94
2025-11-27T03:00:35.312513+00:00,selfplay_eval,1,2714,selfplay_eval,0.9525475000000219,0,93,93
2025-11-27T03:00:35.312623+00:00,selfplay_eval,1,2715,selfplay_eval,0.9525475000000219,1,99,100
2025-11-27T03:00:35.312730+00:00,selfplay_eval,1,2716,selfplay_eval,0.9525475000000219,1,97,98
2025-11-27T03:00:35.312851+00:00,selfplay_eval,1,2717,selfplay_eval,0.9525475000000219,1,89,90
2025-11-27T03:00:35.312958+00:00,selfplay_eval,1,2718,selfplay_eval,0.9525475000000219,0,96,96
2025-11-27T03:00:35.313070+00:00,selfplay_eval,1,2719,selfplay_eval,0.9525475000000219,1,77,78
2025-11-27T03:00:35.313176+00:00,selfplay_eval,1,2720,selfplay_eval,0.9525475000000219,0,95,95
2025-11-27T03:00:35.313287+00:00,selfplay_eval,1,2721,selfplay_eval,0.9525475000000219,1,80,81
2025-11-27T03:00:35.313393+00:00,selfplay_eval,1,2722,selfplay_eval,0.9525475000000219,1,90,91
2025-11-27T03:00:35.313507+00:00,selfplay_eval,1,2723,selfplay_eval,0.9525475000000219,0,95,95
2025-11-27T03:00:35.313612+00:00,selfplay_eval,1,2724,selfplay_eval,0.9525475000000219,0,82,82
2025-11-27T03:00:35.313724+00:00,selfplay_eval,1,2725,selfplay_eval,0.9525475000000219,0,96,96
2025-11-27T03:00:35.313829+00:00,selfplay_eval,1,2726,selfplay_eval,0.9525475000000219,1,85,86
2025-11-27T03:00:35.313945+00:00,selfplay_eval,1,2727,selfplay_eval,0.9525475000000219,0,97,97
2025-11-27T03:00:35.314052+00:00,selfplay_eval,1,2728,selfplay_eval,0.9525475000000219,0,97,97
2025-11-27T03:00:35.314180+00:00,selfplay_eval,1,2729,selfplay_eval,0.9525475000000219,1,95,96
2025-11-27T03:00:35.314291+00:00,selfplay_eval,1,2730,selfplay_eval,0.9525475000000219,0,98,98
2025-11-27T03:00:35.314399+00:00,selfplay_eval,1,2731,selfplay_eval,0.9525475000000219,0,87,87
2025-11-27T03:00:35.314514+00:00,selfplay_eval,1,2732,selfplay_eval,0.9525475000000219,0,93,93
2025-11-27T03:00:35.314630+00:00,selfplay_eval,1,2733,selfplay_eval,0.9525475000000219,1,80,81
2025-11-27T03:00:35.314743+00:00,selfplay_eval,1,2734,selfplay_eval,0.9525475000000219,0,95,95
2025-11-27T03:00:35.314855+00:00,selfplay_eval,1,2735,selfplay_eval,0.9525475000000219,1,99,100
2025-11-27T03:00:35.314966+00:00,selfplay_eval,1,2736,selfplay_eval,0.9525475000000219,1,94,95
2025-11-27T03:00:35.315078+00:00,selfplay_eval,1,2737,selfplay_eval,0.9525475000000219,1,83,84
2025-11-27T03:00:35.315203+00:00,selfplay_eval,1,2738,selfplay_eval,0.9525475000000219,1,99,100
2025-11-27T03:00:35.315318+00:00,selfplay_eval,1,2739,selfplay_eval,0.9525475000000219,0,87,87
2025-11-27T03:00:35.315433+00:00,selfplay_eval,1,2740,selfplay_eval,0.9525475000000219,1,92,93
2025-11-27T03:00:35.315548+00:00,selfplay_eval,1,2741,selfplay_eval,0.9525475000000219,1,84,85
2025-11-27T03:00:35.315662+00:00,selfplay_eval,1,2742,selfplay_eval,0.9525475000000219,0,94,94
2025-11-27T03:00:35.315775+00:00,selfplay_eval,1,2743,selfplay_eval,0.9525475000000219,0,87,87
2025-11-27T03:00:35.315889+00:00,selfplay_eval,1,2744,selfplay_eval,0.9525475000000219,0,85,85
2025-11-27T03:00:35.316003+00:00,selfplay_eval,1,2745,selfplay_eval,0.9525475000000219,1,98,99
2025-11-27T03:00:35.316117+00:00,selfplay_eval,1,2746,selfplay_eval,0.9525475000000219,1,99,100
2025-11-27T03:00:35.316247+00:00,selfplay_eval,1,2747,selfplay_eval,0.9525475000000219,0,98,98
2025-11-27T03:00:35.316364+00:00,selfplay_eval,1,2748,selfplay_eval,0.9525475000000219,1,97,98
2025-11-27T03:00:35.316480+00:00,selfplay_eval,1,2749,selfplay_eval,0.9525475000000219,0,92,92
2025-11-27T03:00:35.316598+00:00,selfplay_eval,1,2750,selfplay_eval,0.9525475000000219,1,95,96
2025-11-27T03:00:35.316715+00:00,selfplay_eval,1,2751,selfplay_eval,0.9525475000000219,1,89,90
2025-11-27T03:00:35.316833+00:00,selfplay_eval,1,2752,selfplay_eval,0.9525475000000219,1,99,100
2025-11-27T03:00:35.316950+00:00,selfplay_eval,1,2753,selfplay_eval,0.9525475000000219,1,93,94
2025-11-27T03:00:35.317067+00:00,selfplay_eval,1,2754,selfplay_eval,0.9525475000000219,1,97,98
2025-11-27T03:00:35.317200+00:00,selfplay_eval,1,2755,selfplay_eval,0.9525475000000219,0,96,96
2025-11-27T03:00:35.317321+00:00,selfplay_eval,1,2756,selfplay_eval,0.9525475000000219,1,95,96
2025-11-27T03:00:35.317440+00:00,selfplay_eval,1,2757,selfplay_eval,0.9525475000000219,0,94,94
2025-11-27T03:00:35.317562+00:00,selfplay_eval,1,2758,selfplay_eval,0.9525475000000219,0,94,94
2025-11-27T03:00:35.317683+00:00,selfplay_eval,1,2759,selfplay_eval,0.9525475000000219,0,96,96
2025-11-27T03:00:35.317803+00:00,selfplay_eval,1,2760,selfplay_eval,0.9525475000000219,1,87,88
2025-11-27T03:00:35.317923+00:00,selfplay_eval,1,2761,selfplay_eval,0.9525475000000219,1,95,96
2025-11-27T03:00:35.318044+00:00,selfplay_eval,1,2762,selfplay_eval,0.9525475000000219,1,95,96
2025-11-27T03:00:35.318166+00:00,selfplay_eval,1,2763,selfplay_eval,0.9525475000000219,1,86,87
2025-11-27T03:00:35.318303+00:00,selfplay_eval,1,2764,selfplay_eval,0.9525475000000219,1,88,89
2025-11-27T03:00:35.318427+00:00,selfplay_eval,1,2765,selfplay_eval,0.9525475000000219,1,89,90
2025-11-27T03:00:35.318551+00:00,selfplay_eval,1,2766,selfplay_eval,0.9525475000000219,0,96,96
2025-11-27T03:00:35.318674+00:00,selfplay_eval,1,2767,selfplay_eval,0.9525475000000219,1,92,93
2025-11-27T03:00:35.318797+00:00,selfplay_eval,1,2768,selfplay_eval,0.9525475000000219,1,92,93
2025-11-27T03:00:35.318921+00:00,selfplay_eval,1,2769,selfplay_eval,0.9525475000000219,1,93,94
2025-11-27T03:00:35.319047+00:00,selfplay_eval,1,2770,selfplay_eval,0.9525475000000219,1,91,92
2025-11-27T03:00:35.319186+00:00,selfplay_eval,1,2771,selfplay_eval,0.9525475000000219,1,94,95
2025-11-27T03:00:35.319313+00:00,selfplay_eval,1,2772,selfplay_eval,0.9525475000000219,1,88,89
2025-11-27T03:00:35.319444+00:00,selfplay_eval,1,2773,selfplay_eval,0.9525475000000219,0,96,96
2025-11-27T03:00:35.319571+00:00,selfplay_eval,1,2774,selfplay_eval,0.9525475000000219,0,86,86
2025-11-27T03:00:35.319699+00:00,selfplay_eval,1,2775,selfplay_eval,0.9525475000000219,0,77,77
2025-11-27T03:00:35.319827+00:00,selfplay_eval,1,2776,selfplay_eval,0.9525475000000219,0,90,90
2025-11-27T03:00:35.319955+00:00,selfplay_eval,1,2777,selfplay_eval,0.9525475000000219,1,98,99
2025-11-27T03:00:35.320082+00:00,selfplay_eval,1,2778,selfplay_eval,0.9525475000000219,1,88,89
2025-11-27T03:00:35.320226+00:00,selfplay_eval,1,2779,selfplay_eval,0.9525475000000219,0,91,91
2025-11-27T03:00:35.320358+00:00,selfplay_eval,1,2780,selfplay_eval,0.9525475000000219,0,88,88
2025-11-27T03:00:35.320489+00:00,selfplay_eval,1,2781,selfplay_eval,0.9525475000000219,0,94,94
2025-11-27T03:00:35.320620+00:00,selfplay_eval,1,2782,selfplay_eval,0.9525475000000219,1,91,92
2025-11-27T03:00:35.320752+00:00,selfplay_eval,1,2783,selfplay_eval,0.9525475000000219,0,88,88
2025-11-27T03:00:35.320883+00:00,selfplay_eval,1,2784,selfplay_eval,0.9525475000000219,1,90,91
2025-11-27T03:00:35.321014+00:00,selfplay_eval,1,2785,selfplay_eval,0.9525475000000219,0,99,99
2025-11-27T03:00:35.321160+00:00,selfplay_eval,1,2786,selfplay_eval,0.9525475000000219,1,96,97
2025-11-27T03:00:35.321296+00:00,selfplay_eval,1,2787,selfplay_eval,0.9525475000000219,0,91,91
2025-11-27T03:00:35.321432+00:00,selfplay_eval,1,2788,selfplay_eval,0.9525475000000219,0,91,91
2025-11-27T03:00:35.321566+00:00,selfplay_eval,1,2789,selfplay_eval,0.9525475000000219,0,95,95
2025-11-27T03:00:35.321702+00:00,selfplay_eval,1,2790,selfplay_eval,0.9525475000000219,0,88,88
2025-11-27T03:00:35.321841+00:00,selfplay_eval,1,2791,selfplay_eval,0.9525475000000219,0,90,90
2025-11-27T03:00:35.321976+00:00,selfplay_eval,1,2792,selfplay_eval,0.9525475000000219,0,90,90
2025-11-27T03:00:35.322112+00:00,selfplay_eval,1,2793,selfplay_eval,0.9525475000000219,1,95,96
2025-11-27T03:00:35.322270+00:00,selfplay_eval,1,2794,selfplay_eval,0.9525475000000219,1,90,91
2025-11-27T03:00:35.322409+00:00,selfplay_eval,1,2795,selfplay_eval,0.9525475000000219,0,86,86
2025-11-27T03:00:35.322549+00:00,selfplay_eval,1,2796,selfplay_eval,0.9525475000000219,0,94,94
2025-11-27T03:00:35.322691+00:00,selfplay_eval,1,2797,selfplay_eval,0.9525475000000219,1,94,95
2025-11-27T03:00:35.322833+00:00,selfplay_eval,1,2798,selfplay_eval,0.9525475000000219,1,96,97
2025-11-27T03:00:35.322981+00:00,selfplay_eval,1,2799,selfplay_eval,0.9525475000000219,1,97,98
2025-11-27T03:00:35.323214+00:00,selfplay_eval,1,2800,selfplay_eval,0.9525475000000219,0,70,70
2025-11-27T03:00:35.323360+00:00,selfplay_eval,1,2801,selfplay_eval,0.9525475000000219,0,99,99
2025-11-27T03:00:35.323505+00:00,selfplay_eval,1,2802,selfplay_eval,0.9525475000000219,1,91,92
2025-11-27T03:00:35.323649+00:00,selfplay_eval,1,2803,selfplay_eval,0.9525475000000219,0,99,99
2025-11-27T03:00:35.323796+00:00,selfplay_eval,1,2804,selfplay_eval,0.9525475000000219,1,93,94
2025-11-27T03:00:35.323944+00:00,selfplay_eval,1,2805,selfplay_eval,0.9525475000000219,1,98,99
2025-11-27T03:00:35.324089+00:00,selfplay_eval,1,2806,selfplay_eval,0.9525475000000219,1,95,96
2025-11-27T03:00:35.324234+00:00,selfplay_eval,1,2807,selfplay_eval,0.9525475000000219,1,96,97
2025-11-27T03:00:35.324378+00:00,selfplay_eval,1,2808,selfplay_eval,0.9525475000000219,1,91,92
2025-11-27T03:00:35.324522+00:00,selfplay_eval,1,2809,selfplay_eval,0.9525475000000219,1,97,98
2025-11-27T03:00:35.324683+00:00,selfplay_eval,1,2810,selfplay_eval,0.9525475000000219,1,87,88
2025-11-27T03:00:35.324831+00:00,selfplay_eval,1,2811,selfplay_eval,0.9525475000000219,1,98,99
2025-11-27T03:00:35.325063+00:00,selfplay_eval,1,2812,selfplay_eval,0.9525475000000219,0,85,85
2025-11-27T03:00:35.325214+00:00,selfplay_eval,1,2813,selfplay_eval,0.9525475000000219,0,97,97
2025-11-27T03:00:35.325361+00:00,selfplay_eval,1,2814,selfplay_eval,0.9525475000000219,0,82,82
2025-11-27T03:00:35.325506+00:00,selfplay_eval,1,2815,selfplay_eval,0.9525475000000219,1,85,86
2025-11-27T03:00:35.325651+00:00,selfplay_eval,1,2816,selfplay_eval,0.9525475000000219,1,89,90
2025-11-27T03:00:35.325795+00:00,selfplay_eval,1,2817,selfplay_eval,0.9525475000000219,0,91,91
2025-11-27T03:00:35.325944+00:00,selfplay_eval,1,2818,selfplay_eval,0.9525475000000219,1,95,96
2025-11-27T03:00:35.326090+00:00,selfplay_eval,1,2819,selfplay_eval,0.9525475000000219,1,75,76
2025-11-27T03:00:35.326235+00:00,selfplay_eval,1,2820,selfplay_eval,0.9525475000000219,0,75,75
2025-11-27T03:00:35.326379+00:00,selfplay_eval,1,2821,selfplay_eval,0.9525475000000219,0,92,92
2025-11-27T03:00:35.326527+00:00,selfplay_eval,1,2822,selfplay_eval,0.9525475000000219,0,93,93
2025-11-27T03:00:35.326678+00:00,selfplay_eval,1,2823,selfplay_eval,0.9525475000000219,1,84,85
2025-11-27T03:00:35.326824+00:00,selfplay_eval,1,2824,selfplay_eval,0.9525475000000219,0,99,99
2025-11-27T03:00:35.326969+00:00,selfplay_eval,1,2825,selfplay_eval,0.9525475000000219,1,98,99
2025-11-27T03:00:35.327113+00:00,selfplay_eval,1,2826,selfplay_eval,0.9525475000000219,0,94,94
2025-11-27T03:00:35.327258+00:00,selfplay_eval,1,2827,selfplay_eval,0.9525475000000219,1,86,87
2025-11-27T03:00:35.327402+00:00,selfplay_eval,1,2828,selfplay_eval,0.9525475000000219,1,93,94
2025-11-27T03:00:35.327547+00:00,selfplay_eval,1,2829,selfplay_eval,0.9525475000000219,0,87,87
2025-11-27T03:00:35.327691+00:00,selfplay_eval,1,2830,selfplay_eval,0.9525475000000219,0,92,92
2025-11-27T03:00:35.327835+00:00,selfplay_eval,1,2831,selfplay_eval,0.9525475000000219,1,96,97
2025-11-27T03:00:35.327980+00:00,selfplay_eval,1,2832,selfplay_eval,0.9525475000000219,0,90,90
2025-11-27T03:00:35.328125+00:00,selfplay_eval,1,2833,selfplay_eval,0.9525475000000219,1,80,81
2025-11-27T03:00:35.328269+00:00,selfplay_eval,1,2834,selfplay_eval,0.9525475000000219,0,95,95
2025-11-27T03:00:35.328416+00:00,selfplay_eval,1,2835,selfplay_eval,0.9525475000000219,0,95,95
2025-11-27T03:00:35.328561+00:00,selfplay_eval,1,2836,selfplay_eval,0.9525475000000219,1,88,89
2025-11-27T03:00:35.328705+00:00,selfplay_eval,1,2837,selfplay_eval,0.9525475000000219,0,86,86
2025-11-27T03:00:35.328849+00:00,selfplay_eval,1,2838,selfplay_eval,0.9525475000000219,1,83,84
2025-11-27T03:00:35.328994+00:00,selfplay_eval,1,2839,selfplay_eval,0.9525475000000219,0,95,95
2025-11-27T03:00:35.329138+00:00,selfplay_eval,1,2840,selfplay_eval,0.9525475000000219,0,92,92
2025-11-27T03:00:35.329289+00:00,selfplay_eval,1,2841,selfplay_eval,0.9525475000000219,0,97,97
2025-11-27T03:00:35.329435+00:00,selfplay_eval,1,2842,selfplay_eval,0.9525475000000219,1,82,83
2025-11-27T03:00:35.329585+00:00,selfplay_eval,1,2843,selfplay_eval,0.9525475000000219,0,92,92
2025-11-27T03:00:35.329731+00:00,selfplay_eval,1,2844,selfplay_eval,0.9525475000000219,1,96,97
2025-11-27T03:00:35.329876+00:00,selfplay_eval,1,2845,selfplay_eval,0.9525475000000219,1,78,79
2025-11-27T03:00:35.330022+00:00,selfplay_eval,1,2846,selfplay_eval,0.9525475000000219,0,92,92
2025-11-27T03:00:35.330167+00:00,selfplay_eval,1,2847,selfplay_eval,0.9525475000000219,1,93,94
2025-11-27T03:00:35.330380+00:00,selfplay_eval,1,2848,selfplay_eval,0.9525475000000219,0,88,88
2025-11-27T03:00:35.330552+00:00,selfplay_eval,1,2849,selfplay_eval,0.9525475000000219,1,98,99
2025-11-27T03:00:35.330705+00:00,selfplay_eval,1,2850,selfplay_eval,0.9525475000000219,0,98,98
2025-11-27T03:00:35.330851+00:00,selfplay_eval,1,2851,selfplay_eval,0.9525475000000219,0,94,94
2025-11-27T03:00:35.330995+00:00,selfplay_eval,1,2852,selfplay_eval,0.9525475000000219,1,99,100
2025-11-27T03:00:35.331206+00:00,selfplay_eval,1,2853,selfplay_eval,0.9525475000000219,0,93,93
2025-11-27T03:00:35.331376+00:00,selfplay_eval,1,2854,selfplay_eval,0.9525475000000219,0,99,99
2025-11-27T03:00:35.331533+00:00,selfplay_eval,1,2855,selfplay_eval,0.9525475000000219,0,98,98
2025-11-27T03:00:35.331756+00:00,selfplay_eval,1,2856,selfplay_eval,0.9525475000000219,0,94,94
2025-11-27T03:00:35.331928+00:00,selfplay_eval,1,2857,selfplay_eval,0.9525475000000219,0,90,90
2025-11-27T03:00:35.332087+00:00,selfplay_eval,1,2858,selfplay_eval,0.9525475000000219,1,86,87
2025-11-27T03:00:35.332240+00:00,selfplay_eval,1,2859,selfplay_eval,0.9525475000000219,0,95,95
2025-11-27T03:00:35.332390+00:00,selfplay_eval,1,2860,selfplay_eval,0.9525475000000219,1,94,95
2025-11-27T03:00:35.332545+00:00,selfplay_eval,1,2861,selfplay_eval,0.9525475000000219,0,97,97
2025-11-27T03:00:35.332702+00:00,selfplay_eval,1,2862,selfplay_eval,0.9525475000000219,1,87,88
2025-11-27T03:00:35.332848+00:00,selfplay_eval,1,2863,selfplay_eval,0.9525475000000219,1,86,87
2025-11-27T03:00:35.333057+00:00,selfplay_eval,1,2864,selfplay_eval,0.9525475000000219,1,95,96
2025-11-27T03:00:35.333241+00:00,selfplay_eval,1,2865,selfplay_eval,0.9525475000000219,1,98,99
2025-11-27T03:00:35.333399+00:00,selfplay_eval,1,2866,selfplay_eval,0.9525475000000219,0,87,87
2025-11-27T03:00:35.333550+00:00,selfplay_eval,1,2867,selfplay_eval,0.9525475000000219,1,96,97
2025-11-27T03:00:35.333695+00:00,selfplay_eval,1,2868,selfplay_eval,0.9525475000000219,1,99,100
2025-11-27T03:00:35.333839+00:00,selfplay_eval,1,2869,selfplay_eval,0.9525475000000219,1,85,86
2025-11-27T03:00:35.333985+00:00,selfplay_eval,1,2870,selfplay_eval,0.9525475000000219,1,86,87
2025-11-27T03:00:35.334125+00:00,selfplay_eval,1,2871,selfplay_eval,0.9525475000000219,1,96,97
2025-11-27T03:00:35.334265+00:00,selfplay_eval,1,2872,selfplay_eval,0.9525475000000219,1,96,97
2025-11-27T03:00:35.334409+00:00,selfplay_eval,1,2873,selfplay_eval,0.9525475000000219,1,96,97
2025-11-27T03:00:35.334550+00:00,selfplay_eval,1,2874,selfplay_eval,0.9525475000000219,1,93,94
2025-11-27T03:00:35.334689+00:00,selfplay_eval,1,2875,selfplay_eval,0.9525475000000219,0,77,77
2025-11-27T03:00:35.334828+00:00,selfplay_eval,1,2876,selfplay_eval,0.9525475000000219,0,87,87
2025-11-27T03:00:35.334965+00:00,selfplay_eval,1,2877,selfplay_eval,0.9525475000000219,0,95,95
2025-11-27T03:00:35.335106+00:00,selfplay_eval,1,2878,selfplay_eval,0.9525475000000219,1,92,93
2025-11-27T03:00:35.335243+00:00,selfplay_eval,1,2879,selfplay_eval,0.9525475000000219,0,92,92
2025-11-27T03:00:35.335381+00:00,selfplay_eval,1,2880,selfplay_eval,0.9525475000000219,0,83,83
2025-11-27T03:00:35.335518+00:00,selfplay_eval,1,2881,selfplay_eval,0.9525475000000219,0,92,92
2025-11-27T03:00:35.335655+00:00,selfplay_eval,1,2882,selfplay_eval,0.9525475000000219,0,95,95
2025-11-27T03:00:35.335792+00:00,selfplay_eval,1,2883,selfplay_eval,0.9525475000000219,0,89,89
2025-11-27T03:00:35.335929+00:00,selfplay_eval,1,2884,selfplay_eval,0.9525475000000219,0,71,71
2025-11-27T03:00:35.336067+00:00,selfplay_eval,1,2885,selfplay_eval,0.9525475000000219,1,94,95
2025-11-27T03:00:35.336211+00:00,selfplay_eval,1,2886,selfplay_eval,0.9525475000000219,1,86,87
2025-11-27T03:00:35.336350+00:00,selfplay_eval,1,2887,selfplay_eval,0.9525475000000219,0,96,96
2025-11-27T03:00:35.336488+00:00,selfplay_eval,1,2888,selfplay_eval,0.9525475000000219,1,95,96
2025-11-27T03:00:35.336626+00:00,selfplay_eval,1,2889,selfplay_eval,0.9525475000000219,1,96,97
2025-11-27T03:00:35.336765+00:00,selfplay_eval,1,2890,selfplay_eval,0.9525475000000219,1,77,78
2025-11-27T03:00:35.336904+00:00,selfplay_eval,1,2891,selfplay_eval,0.9525475000000219,1,91,92
2025-11-27T03:00:35.337045+00:00,selfplay_eval,1,2892,selfplay_eval,0.9525475000000219,1,88,89
2025-11-27T03:00:35.337186+00:00,selfplay_eval,1,2893,selfplay_eval,0.9525475000000219,1,95,96
2025-11-27T03:00:35.337691+00:00,selfplay_eval,1,2894,selfplay_eval,0.9525475000000219,0,96,96
2025-11-27T03:00:35.338308+00:00,selfplay_eval,1,2895,selfplay_eval,0.9525475000000219,1,93,94
2025-11-27T03:00:35.338519+00:00,selfplay_eval,1,2896,selfplay_eval,0.9525475000000219,0,71,71
2025-11-27T03:00:35.338681+00:00,selfplay_eval,1,2897,selfplay_eval,0.9525475000000219,0,97,97
2025-11-27T03:00:35.338838+00:00,selfplay_eval,1,2898,selfplay_eval,0.9525475000000219,1,94,95
2025-11-27T03:00:35.338990+00:00,selfplay_eval,1,2899,selfplay_eval,0.9525475000000219,1,92,93
2025-11-27T03:00:35.339137+00:00,selfplay_eval,1,2900,selfplay_eval,0.9525475000000219,0,87,87
2025-11-27T03:00:35.339283+00:00,selfplay_eval,1,2901,selfplay_eval,0.9525475000000219,1,86,87
2025-11-27T03:00:35.339432+00:00,selfplay_eval,1,2902,selfplay_eval,0.9525475000000219,1,87,88
2025-11-27T03:00:35.339573+00:00,selfplay_eval,1,2903,selfplay_eval,0.9525475000000219,1,96,97
2025-11-27T03:00:35.339714+00:00,selfplay_eval,1,2904,selfplay_eval,0.9525475000000219,1,99,100
2025-11-27T03:00:35.339855+00:00,selfplay_eval,1,2905,selfplay_eval,0.9525475000000219,0,95,95
2025-11-27T03:00:35.339999+00:00,selfplay_eval,1,2906,selfplay_eval,0.9525475000000219,1,84,85
2025-11-27T03:00:35.340141+00:00,selfplay_eval,1,2907,selfplay_eval,0.9525475000000219,0,93,93
2025-11-27T03:00:35.340284+00:00,selfplay_eval,1,2908,selfplay_eval,0.9525475000000219,1,93,94
2025-11-27T03:00:35.340427+00:00,selfplay_eval,1,2909,selfplay_eval,0.9525475000000219,1,84,85
2025-11-27T03:00:35.340573+00:00,selfplay_eval,1,2910,selfplay_eval,0.9525475000000219,0,97,97
2025-11-27T03:00:35.340714+00:00,selfplay_eval,1,2911,selfplay_eval,0.9525475000000219,0,82,82
2025-11-27T03:00:35.340855+00:00,selfplay_eval,1,2912,selfplay_eval,0.9525475000000219,0,94,94
2025-11-27T03:00:35.340996+00:00,selfplay_eval,1,2913,selfplay_eval,0.9525475000000219,1,89,90
2025-11-27T03:00:35.341136+00:00,selfplay_eval,1,2914,selfplay_eval,0.9525475000000219,1,93,94
2025-11-27T03:00:35.341278+00:00,selfplay_eval,1,2915,selfplay_eval,0.9525475000000219,1,94,95
2025-11-27T03:00:35.341485+00:00,selfplay_eval,1,2916,selfplay_eval,0.9525475000000219,0,87,87
2025-11-27T03:00:35.341669+00:00,selfplay_eval,1,2917,selfplay_eval,0.9525475000000219,0,96,96
2025-11-27T03:00:35.341871+00:00,selfplay_eval,1,2918,selfplay_eval,0.9525475000000219,1,88,89
2025-11-27T03:00:35.342033+00:00,selfplay_eval,1,2919,selfplay_eval,0.9525475000000219,0,94,94
2025-11-27T03:00:35.342190+00:00,selfplay_eval,1,2920,selfplay_eval,0.9525475000000219,1,94,95
2025-11-27T03:00:35.342344+00:00,selfplay_eval,1,2921,selfplay_eval,0.9525475000000219,0,82,82
2025-11-27T03:00:35.342512+00:00,selfplay_eval,1,2922,selfplay_eval,0.9525475000000219,0,91,91
2025-11-27T03:00:35.342663+00:00,selfplay_eval,1,2923,selfplay_eval,0.9525475000000219,0,98,98
2025-11-27T03:00:35.342913+00:00,selfplay_eval,1,2924,selfplay_eval,0.9525475000000219,0,93,93
2025-11-27T03:00:35.343072+00:00,selfplay_eval,1,2925,selfplay_eval,0.9525475000000219,1,98,99
2025-11-27T03:00:35.343270+00:00,selfplay_eval,1,2926,selfplay_eval,0.9525475000000219,0,90,90
2025-11-27T03:00:35.343457+00:00,selfplay_eval,1,2927,selfplay_eval,0.9525475000000219,1,96,97
2025-11-27T03:00:35.343617+00:00,selfplay_eval,1,2928,selfplay_eval,0.9525475000000219,0,94,94
2025-11-27T03:00:35.343765+00:00,selfplay_eval,1,2929,selfplay_eval,0.9525475000000219,1,97,98
2025-11-27T03:00:35.343909+00:00,selfplay_eval,1,2930,selfplay_eval,0.9525475000000219,0,92,92
2025-11-27T03:00:35.344051+00:00,selfplay_eval,1,2931,selfplay_eval,0.9525475000000219,1,88,89
2025-11-27T03:00:35.344191+00:00,selfplay_eval,1,2932,selfplay_eval,0.9525475000000219,1,96,97
2025-11-27T03:00:35.344333+00:00,selfplay_eval,1,2933,selfplay_eval,0.9525475000000219,0,86,86
2025-11-27T03:00:35.344483+00:00,selfplay_eval,1,2934,selfplay_eval,0.9525475000000219,0,95,95
2025-11-27T03:00:35.344622+00:00,selfplay_eval,1,2935,selfplay_eval,0.9525475000000219,0,89,89
2025-11-27T03:00:35.344763+00:00,selfplay_eval,1,2936,selfplay_eval,0.9525475000000219,1,96,97
2025-11-27T03:00:35.344903+00:00,selfplay_eval,1,2937,selfplay_eval,0.9525475000000219,0,70,70
2025-11-27T03:00:35.345045+00:00,selfplay_eval,1,2938,selfplay_eval,0.9525475000000219,1,95,96
2025-11-27T03:00:35.345185+00:00,selfplay_eval,1,2939,selfplay_eval,0.9525475000000219,1,95,96
2025-11-27T03:00:35.345337+00:00,selfplay_eval,1,2940,selfplay_eval,0.9525475000000219,0,92,92
2025-11-27T03:00:35.345485+00:00,selfplay_eval,1,2941,selfplay_eval,0.9525475000000219,1,88,89
2025-11-27T03:00:35.345694+00:00,selfplay_eval,1,2942,selfplay_eval,0.9525475000000219,1,93,94
2025-11-27T03:00:35.345893+00:00,selfplay_eval,1,2943,selfplay_eval,0.9525475000000219,0,87,87
2025-11-27T03:00:35.346099+00:00,selfplay_eval,1,2944,selfplay_eval,0.9525475000000219,1,88,89
2025-11-27T03:00:35.346289+00:00,selfplay_eval,1,2945,selfplay_eval,0.9525475000000219,0,80,80
2025-11-27T03:00:35.346456+00:00,selfplay_eval,1,2946,selfplay_eval,0.9525475000000219,1,91,92
2025-11-27T03:00:35.346606+00:00,selfplay_eval,1,2947,selfplay_eval,0.9525475000000219,1,91,92
2025-11-27T03:00:35.346759+00:00,selfplay_eval,1,2948,selfplay_eval,0.9525475000000219,1,96,97
2025-11-27T03:00:35.346905+00:00,selfplay_eval,1,2949,selfplay_eval,0.9525475000000219,0,93,93
2025-11-27T03:00:35.347058+00:00,selfplay_eval,1,2950,selfplay_eval,0.9525475000000219,1,94,95
2025-11-27T03:00:35.347304+00:00,selfplay_eval,1,2951,selfplay_eval,0.9525475000000219,0,96,96
2025-11-27T03:00:35.347490+00:00,selfplay_eval,1,2952,selfplay_eval,0.9525475000000219,0,84,84
2025-11-27T03:00:35.347649+00:00,selfplay_eval,1,2953,selfplay_eval,0.9525475000000219,1,96,97
2025-11-27T03:00:35.347800+00:00,selfplay_eval,1,2954,selfplay_eval,0.9525475000000219,0,90,90
2025-11-27T03:00:35.347953+00:00,selfplay_eval,1,2955,selfplay_eval,0.9525475000000219,0,91,91
2025-11-27T03:00:35.348097+00:00,selfplay_eval,1,2956,selfplay_eval,0.9525475000000219,1,97,98
2025-11-27T03:00:35.348239+00:00,selfplay_eval,1,2957,selfplay_eval,0.9525475000000219,1,87,88
2025-11-27T03:00:35.348386+00:00,selfplay_eval,1,2958,selfplay_eval,0.9525475000000219,0,85,85
2025-11-27T03:00:35.348526+00:00,selfplay_eval,1,2959,selfplay_eval,0.9525475000000219,1,96,97
2025-11-27T03:00:35.348666+00:00,selfplay_eval,1,2960,selfplay_eval,0.9525475000000219,1,97,98
2025-11-27T03:00:35.348805+00:00,selfplay_eval,1,2961,selfplay_eval,0.9525475000000219,1,97,98
2025-11-27T03:00:35.348948+00:00,selfplay_eval,1,2962,selfplay_eval,0.9525475000000219,1,94,95
2025-11-27T03:00:35.349090+00:00,selfplay_eval,1,2963,selfplay_eval,0.9525475000000219,0,96,96
2025-11-27T03:00:35.349229+00:00,selfplay_eval,1,2964,selfplay_eval,0.9525475000000219,1,90,91
2025-11-27T03:00:35.349368+00:00,selfplay_eval,1,2965,selfplay_eval,0.9525475000000219,0,88,88
2025-11-27T03:00:35.349513+00:00,selfplay_eval,1,2966,selfplay_eval,0.9525475000000219,0,92,92
2025-11-27T03:00:35.349652+00:00,selfplay_eval,1,2967,selfplay_eval,0.9525475000000219,1,94,95
2025-11-27T03:00:35.349790+00:00,selfplay_eval,1,2968,selfplay_eval,0.9525475000000219,0,95,95
2025-11-27T03:00:35.349934+00:00,selfplay_eval,1,2969,selfplay_eval,0.9525475000000219,0,96,96
2025-11-27T03:00:35.350072+00:00,selfplay_eval,1,2970,selfplay_eval,0.9525475000000219,1,90,91
2025-11-27T03:00:35.350210+00:00,selfplay_eval,1,2971,selfplay_eval,0.9525475000000219,0,92,92
2025-11-27T03:00:35.350348+00:00,selfplay_eval,1,2972,selfplay_eval,0.9525475000000219,1,98,99
2025-11-27T03:00:35.350486+00:00,selfplay_eval,1,2973,selfplay_eval,0.9525475000000219,1,97,98
2025-11-27T03:00:35.350628+00:00,selfplay_eval,1,2974,selfplay_eval,0.9525475000000219,1,99,100
2025-11-27T03:00:35.350767+00:00,selfplay_eval,1,2975,selfplay_eval,0.9525475000000219,0,94,94
2025-11-27T03:00:35.350906+00:00,selfplay_eval,1,2976,selfplay_eval,0.9525475000000219,1,92,93
2025-11-27T03:00:35.351053+00:00,selfplay_eval,1,2977,selfplay_eval,0.9525475000000219,0,87,87
2025-11-27T03:00:35.351196+00:00,selfplay_eval,1,2978,selfplay_eval,0.9525475000000219,1,92,93
2025-11-27T03:00:35.351342+00:00,selfplay_eval,1,2979,selfplay_eval,0.9525475000000219,1,91,92
2025-11-27T03:00:35.351481+00:00,selfplay_eval,1,2980,selfplay_eval,0.9525475000000219,0,88,88
2025-11-27T03:00:35.351621+00:00,selfplay_eval,1,2981,selfplay_eval,0.9525475000000219,1,98,99
2025-11-27T03:00:35.351766+00:00,selfplay_eval,1,2982,selfplay_eval,0.9525475000000219,0,92,92
2025-11-27T03:00:35.351955+00:00,selfplay_eval,1,2983,selfplay_eval,0.9525475000000219,0,95,95
2025-11-27T03:00:35.352285+00:00,selfplay_eval,1,2984,selfplay_eval,0.9525475000000219,1,84,85
2025-11-27T03:00:35.352453+00:00,selfplay_eval,1,2985,selfplay_eval,0.9525475000000219,0,95,95
2025-11-27T03:00:35.352601+00:00,selfplay_eval,1,2986,selfplay_eval,0.9525475000000219,1,94,95
2025-11-27T03:00:35.352746+00:00,selfplay_eval,1,2987,selfplay_eval,0.9525475000000219,1,97,98
2025-11-27T03:00:35.352890+00:00,selfplay_eval,1,2988,selfplay_eval,0.9525475000000219,0,95,95
2025-11-27T03:00:35.353031+00:00,selfplay_eval,1,2989,selfplay_eval,0.9525475000000219,1,94,95
2025-11-27T03:00:35.353178+00:00,selfplay_eval,1,2990,selfplay_eval,0.9525475000000219,1,88,89
2025-11-27T03:00:35.353321+00:00,selfplay_eval,1,2991,selfplay_eval,0.9525475000000219,1,86,87
2025-11-27T03:00:35.353546+00:00,selfplay_eval,1,2992,selfplay_eval,0.9525475000000219,0,92,92
2025-11-27T03:00:35.353703+00:00,selfplay_eval,1,2993,selfplay_eval,0.9525475000000219,0,95,95
2025-11-27T03:00:35.353844+00:00,selfplay_eval,1,2994,selfplay_eval,0.9525475000000219,1,97,98
2025-11-27T03:00:35.353984+00:00,selfplay_eval,1,2995,selfplay_eval,0.9525475000000219,0,92,92
2025-11-27T03:00:35.354122+00:00,selfplay_eval,1,2996,selfplay_eval,0.9525475000000219,0,98,98
2025-11-27T03:00:35.354261+00:00,selfplay_eval,1,2997,selfplay_eval,0.9525475000000219,0,94,94
2025-11-27T03:00:35.354406+00:00,selfplay_eval,1,2998,selfplay_eval,0.9525475000000219,0,95,95
2025-11-27T03:00:35.354545+00:00,selfplay_eval,1,2999,selfplay_eval,0.9525475000000219,0,97,97
2025-11-27T03:00:35.354685+00:00,selfplay_eval,1,3000,selfplay_eval,0.9525475000000219,0,95,95
2025-11-27T03:00:35.354826+00:00,selfplay_eval,1,3001,selfplay_eval,0.9525475000000219,0,91,91
2025-11-27T03:00:35.354968+00:00,selfplay_eval,1,3002,selfplay_eval,0.9525475000000219,1,95,96
2025-11-27T03:00:35.355116+00:00,selfplay_eval,1,3003,selfplay_eval,0.9525475000000219,1,94,95
2025-11-27T03:00:35.355258+00:00,selfplay_eval,1,3004,selfplay_eval,0.9525475000000219,0,85,85
2025-11-27T03:00:35.355397+00:00,selfplay_eval,1,3005,selfplay_eval,0.9525475000000219,1,97,98
2025-11-27T03:00:35.355541+00:00,selfplay_eval,1,3006,selfplay_eval,0.9525475000000219,1,89,90
2025-11-27T03:00:35.355679+00:00,selfplay_eval,1,3007,selfplay_eval,0.9525475000000219,1,96,97
2025-11-27T03:00:35.355817+00:00,selfplay_eval,1,3008,selfplay_eval,0.9525475000000219,1,93,94
2025-11-27T03:00:35.355956+00:00,selfplay_eval,1,3009,selfplay_eval,0.9525475000000219,1,88,89
2025-11-27T03:00:35.356094+00:00,selfplay_eval,1,3010,selfplay_eval,0.9525475000000219,0,98,98
2025-11-27T03:00:35.356232+00:00,selfplay_eval,1,3011,selfplay_eval,0.9525475000000219,1,97,98
2025-11-27T03:00:35.356370+00:00,selfplay_eval,1,3012,selfplay_eval,0.9525475000000219,0,95,95
2025-11-27T03:00:35.356508+00:00,selfplay_eval,1,3013,selfplay_eval,0.9525475000000219,0,84,84
2025-11-27T03:00:35.356651+00:00,selfplay_eval,1,3014,selfplay_eval,0.9525475000000219,0,92,92
2025-11-27T03:00:35.356789+00:00,selfplay_eval,1,3015,selfplay_eval,0.9525475000000219,1,93,94
2025-11-27T03:00:35.357005+00:00,selfplay_eval,1,3016,selfplay_eval,0.9525475000000219,1,99,100
2025-11-27T03:00:35.357238+00:00,selfplay_eval,1,3017,selfplay_eval,0.9525475000000219,0,97,97
2025-11-27T03:00:35.357466+00:00,selfplay_eval,1,3018,selfplay_eval,0.9525475000000219,0,82,82
2025-11-27T03:00:35.357631+00:00,selfplay_eval,1,3019,selfplay_eval,0.9525475000000219,0,86,86
2025-11-27T03:00:35.357782+00:00,selfplay_eval,1,3020,selfplay_eval,0.9525475000000219,1,91,92
2025-11-27T03:00:35.357929+00:00,selfplay_eval,1,3021,selfplay_eval,0.9525475000000219,1,97,98
2025-11-27T03:00:35.358155+00:00,selfplay_eval,1,3022,selfplay_eval,0.9525475000000219,0,96,96
2025-11-27T03:00:35.358325+00:00,selfplay_eval,1,3023,selfplay_eval,0.9525475000000219,0,85,85
2025-11-27T03:00:35.358477+00:00,selfplay_eval,1,3024,selfplay_eval,0.9525475000000219,0,80,80
2025-11-27T03:00:35.358625+00:00,selfplay_eval,1,3025,selfplay_eval,0.9525475000000219,1,91,92
2025-11-27T03:00:35.358777+00:00,selfplay_eval,1,3026,selfplay_eval,0.9525475000000219,1,94,95
2025-11-27T03:00:35.358927+00:00,selfplay_eval,1,3027,selfplay_eval,0.9525475000000219,0,89,89
2025-11-27T03:00:35.359072+00:00,selfplay_eval,1,3028,selfplay_eval,0.9525475000000219,1,99,100
2025-11-27T03:00:35.359220+00:00,selfplay_eval,1,3029,selfplay_eval,0.9525475000000219,1,95,96
2025-11-27T03:00:35.359373+00:00,selfplay_eval,1,3030,selfplay_eval,0.9525475000000219,1,82,83
2025-11-27T03:00:35.359515+00:00,selfplay_eval,1,3031,selfplay_eval,0.9525475000000219,0,94,94
2025-11-27T03:00:35.359654+00:00,selfplay_eval,1,3032,selfplay_eval,0.9525475000000219,1,92,93
2025-11-27T03:00:35.359792+00:00,selfplay_eval,1,3033,selfplay_eval,0.9525475000000219,0,97,97
2025-11-27T03:00:35.359935+00:00,selfplay_eval,1,3034,selfplay_eval,0.9525475000000219,0,98,98
2025-11-27T03:00:35.360075+00:00,selfplay_eval,1,3035,selfplay_eval,0.9525475000000219,1,96,97
2025-11-27T03:00:35.360228+00:00,selfplay_eval,1,3036,selfplay_eval,0.9525475000000219,1,93,94
2025-11-27T03:00:35.360367+00:00,selfplay_eval,1,3037,selfplay_eval,0.9525475000000219,1,95,96
2025-11-27T03:00:35.360511+00:00,selfplay_eval,1,3038,selfplay_eval,0.9525475000000219,1,94,95
2025-11-27T03:00:35.360659+00:00,selfplay_eval,1,3039,selfplay_eval,0.9525475000000219,1,87,88
2025-11-27T03:00:35.360802+00:00,selfplay_eval,1,3040,selfplay_eval,0.9525475000000219,1,95,96
2025-11-27T03:00:35.360941+00:00,selfplay_eval,1,3041,selfplay_eval,0.9525475000000219,1,85,86
2025-11-27T03:00:35.361079+00:00,selfplay_eval,1,3042,selfplay_eval,0.9525475000000219,1,95,96
2025-11-27T03:00:35.361217+00:00,selfplay_eval,1,3043,selfplay_eval,0.9525475000000219,1,86,87
2025-11-27T03:00:35.361360+00:00,selfplay_eval,1,3044,selfplay_eval,0.9525475000000219,1,96,97
2025-11-27T03:00:35.361501+00:00,selfplay_eval,1,3045,selfplay_eval,0.9525475000000219,0,95,95
2025-11-27T03:00:35.361761+00:00,selfplay_eval,1,3046,selfplay_eval,0.9525475000000219,1,94,95
2025-11-27T03:00:35.362081+00:00,selfplay_eval,1,3047,selfplay_eval,0.9525475000000219,1,87,88
2025-11-27T03:00:35.362638+00:00,selfplay_eval,1,3048,selfplay_eval,0.9525475000000219,1,95,96
2025-11-27T03:00:35.363087+00:00,selfplay_eval,1,3049,selfplay_eval,0.9525475000000219,0,92,92
2025-11-27T03:00:35.363557+00:00,selfplay_eval,1,3050,selfplay_eval,0.9525475000000219,0,96,96
2025-11-27T03:00:35.364083+00:00,selfplay_eval,1,3051,selfplay_eval,0.9525475000000219,0,97,97
2025-11-27T03:00:35.364302+00:00,selfplay_eval,1,3052,selfplay_eval,0.9525475000000219,1,87,88
2025-11-27T03:00:35.364473+00:00,selfplay_eval,1,3053,selfplay_eval,0.9525475000000219,1,97,98
2025-11-27T03:00:35.364627+00:00,selfplay_eval,1,3054,selfplay_eval,0.9525475000000219,1,86,87
2025-11-27T03:00:35.364777+00:00,selfplay_eval,1,3055,selfplay_eval,0.9525475000000219,0,91,91
2025-11-27T03:00:35.364920+00:00,selfplay_eval,1,3056,selfplay_eval,0.9525475000000219,1,94,95
2025-11-27T03:00:35.365067+00:00,selfplay_eval,1,3057,selfplay_eval,0.9525475000000219,1,81,82
2025-11-27T03:00:35.365245+00:00,selfplay_eval,1,3058,selfplay_eval,0.9525475000000219,0,95,95
2025-11-27T03:00:35.365432+00:00,selfplay_eval,1,3059,selfplay_eval,0.9525475000000219,1,87,88
2025-11-27T03:00:35.365580+00:00,selfplay_eval,1,3060,selfplay_eval,0.9525475000000219,0,90,90
2025-11-27T03:00:35.365725+00:00,selfplay_eval,1,3061,selfplay_eval,0.9525475000000219,1,98,99
2025-11-27T03:00:35.365865+00:00,selfplay_eval,1,3062,selfplay_eval,0.9525475000000219,0,96,96
2025-11-27T03:00:35.366005+00:00,selfplay_eval,1,3063,selfplay_eval,0.9525475000000219,0,82,82
2025-11-27T03:00:35.366146+00:00,selfplay_eval,1,3064,selfplay_eval,0.9525475000000219,1,92,93
2025-11-27T03:00:35.366288+00:00,selfplay_eval,1,3065,selfplay_eval,0.9525475000000219,1,90,91
2025-11-27T03:00:35.366426+00:00,selfplay_eval,1,3066,selfplay_eval,0.9525475000000219,1,78,79
2025-11-27T03:00:35.366566+00:00,selfplay_eval,1,3067,selfplay_eval,0.9525475000000219,1,82,83
2025-11-27T03:00:35.366709+00:00,selfplay_eval,1,3068,selfplay_eval,0.9525475000000219,0,79,79
2025-11-27T03:00:35.366850+00:00,selfplay_eval,1,3069,selfplay_eval,0.9525475000000219,0,91,91
2025-11-27T03:00:35.366991+00:00,selfplay_eval,1,3070,selfplay_eval,0.9525475000000219,0,97,97
2025-11-27T03:00:35.367170+00:00,selfplay_eval,1,3071,selfplay_eval,0.9525475000000219,1,96,97
2025-11-27T03:00:35.367360+00:00,selfplay_eval,1,3072,selfplay_eval,0.9525475000000219,1,91,92
2025-11-27T03:00:35.367521+00:00,selfplay_eval,1,3073,selfplay_eval,0.9525475000000219,1,95,96
2025-11-27T03:00:35.367673+00:00,selfplay_eval,1,3074,selfplay_eval,0.9525475000000219,1,93,94
2025-11-27T03:00:35.367820+00:00,selfplay_eval,1,3075,selfplay_eval,0.9525475000000219,1,99,100
2025-11-27T03:00:35.367965+00:00,selfplay_eval,1,3076,selfplay_eval,0.9525475000000219,1,95,96
2025-11-27T03:00:35.368145+00:00,selfplay_eval,1,3077,selfplay_eval,0.9525475000000219,1,96,97
2025-11-27T03:00:35.368339+00:00,selfplay_eval,1,3078,selfplay_eval,0.9525475000000219,0,86,86
2025-11-27T03:00:35.368517+00:00,selfplay_eval,1,3079,selfplay_eval,0.9525475000000219,1,91,92
2025-11-27T03:00:35.368675+00:00,selfplay_eval,1,3080,selfplay_eval,0.9525475000000219,1,95,96
2025-11-27T03:00:35.368826+00:00,selfplay_eval,1,3081,selfplay_eval,0.9525475000000219,0,90,90
2025-11-27T03:00:35.368975+00:00,selfplay_eval,1,3082,selfplay_eval,0.9525475000000219,0,93,93
2025-11-27T03:00:35.369121+00:00,selfplay_eval,1,3083,selfplay_eval,0.9525475000000219,0,87,87
2025-11-27T03:00:35.369265+00:00,selfplay_eval,1,3084,selfplay_eval,0.9525475000000219,1,92,93
2025-11-27T03:00:35.369407+00:00,selfplay_eval,1,3085,selfplay_eval,0.9525475000000219,0,94,94
2025-11-27T03:00:35.369548+00:00,selfplay_eval,1,3086,selfplay_eval,0.9525475000000219,1,84,85
2025-11-27T03:00:35.369690+00:00,selfplay_eval,1,3087,selfplay_eval,0.9525475000000219,1,85,86
2025-11-27T03:00:35.369830+00:00,selfplay_eval,1,3088,selfplay_eval,0.9525475000000219,0,91,91
2025-11-27T03:00:35.369970+00:00,selfplay_eval,1,3089,selfplay_eval,0.9525475000000219,0,91,91
2025-11-27T03:00:35.370114+00:00,selfplay_eval,1,3090,selfplay_eval,0.9525475000000219,0,86,86
2025-11-27T03:00:35.370254+00:00,selfplay_eval,1,3091,selfplay_eval,0.9525475000000219,1,96,97
2025-11-27T03:00:35.370394+00:00,selfplay_eval,1,3092,selfplay_eval,0.9525475000000219,0,97,97
2025-11-27T03:00:35.370534+00:00,selfplay_eval,1,3093,selfplay_eval,0.9525475000000219,1,92,93
2025-11-27T03:00:35.370674+00:00,selfplay_eval,1,3094,selfplay_eval,0.9525475000000219,0,84,84
2025-11-27T03:00:35.370814+00:00,selfplay_eval,1,3095,selfplay_eval,0.9525475000000219,1,97,98
2025-11-27T03:00:35.370952+00:00,selfplay_eval,1,3096,selfplay_eval,0.9525475000000219,0,96,96
2025-11-27T03:00:35.371091+00:00,selfplay_eval,1,3097,selfplay_eval,0.9525475000000219,1,92,93
2025-11-27T03:00:35.371231+00:00,selfplay_eval,1,3098,selfplay_eval,0.9525475000000219,1,91,92
2025-11-27T03:00:35.371371+00:00,selfplay_eval,1,3099,selfplay_eval,0.9525475000000219,1,94,95
2025-11-27T03:00:35.371512+00:00,selfplay_eval,1,3100,selfplay_eval,0.9525475000000219,0,92,92
2025-11-27T03:00:50.506764+00:00,train,2,3101,self,0.9525475000000219,0,99,
2025-11-27T03:00:50.507006+00:00,train,2,3102,self,0.9525475000000219,0,100,
2025-11-27T03:00:50.507474+00:00,train,2,3103,self,0.9525475000000219,0,97,
2025-11-27T03:00:50.507664+00:00,train,2,3104,self,0.9525475000000219,0,99,
2025-11-27T03:00:50.507814+00:00,train,2,3105,self,0.9525475000000219,0,98,
2025-11-27T03:00:50.507957+00:00,train,2,3106,self,0.9525475000000219,0,99,
2025-11-27T03:00:50.508104+00:00,train,2,3107,self,0.9525475000000219,0,93,
2025-11-27T03:00:50.508244+00:00,train,2,3108,self,0.9525475000000219,0,97,
2025-11-27T03:00:50.508384+00:00,train,2,3109,self,0.9525475000000219,0,92,
2025-11-27T03:00:50.508533+00:00,train,2,3110,self,0.9525475000000219,0,99,
2025-11-27T03:00:50.508665+00:00,train,2,3111,self,0.9525475000000219,0,96,
2025-11-27T03:00:50.508795+00:00,train,2,3112,self,0.9525475000000219,0,98,
2025-11-27T03:00:50.508987+00:00,train,2,3113,self,0.9525475000000219,0,91,
2025-11-27T03:00:50.509136+00:00,train,2,3114,self,0.9525475000000219,0,99,
2025-11-27T03:00:50.509271+00:00,train,2,3115,self,0.9525475000000219,0,99,
2025-11-27T03:00:50.509402+00:00,train,2,3116,self,0.9525475000000219,0,100,
2025-11-27T03:00:50.509586+00:00,train,2,3117,self,0.9525475000000219,0,96,
2025-11-27T03:00:50.509738+00:00,train,2,3118,self,0.9525475000000219,0,96,
2025-11-27T03:00:50.509879+00:00,train,2,3119,self,0.9525475000000219,0,98,
2025-11-27T03:00:50.510016+00:00,train,2,3120,self,0.9525475000000219,0,99,
2025-11-27T03:00:50.510151+00:00,train,2,3121,self,0.9525475000000219,0,99,
2025-11-27T03:00:50.510285+00:00,train,2,3122,self,0.9525475000000219,0,100,
2025-11-27T03:00:50.510416+00:00,train,2,3123,self,0.9525475000000219,0,95,
2025-11-27T03:00:50.510548+00:00,train,2,3124,self,0.9525475000000219,0,96,
2025-11-27T03:00:50.510679+00:00,train,2,3125,self,0.9525475000000219,0,98,
2025-11-27T03:00:50.510809+00:00,train,2,3126,self,0.9525475000000219,0,99,
2025-11-27T03:00:50.510946+00:00,train,2,3127,self,0.9525475000000219,0,91,
2025-11-27T03:00:50.511082+00:00,train,2,3128,self,0.9525475000000219,0,100,
2025-11-27T03:00:50.511213+00:00,train,2,3129,self,0.9525475000000219,0,98,
2025-11-27T03:00:50.511391+00:00,train,2,3130,self,0.9525475000000219,0,99,
2025-11-27T03:00:50.511537+00:00,train,2,3131,self,0.9525475000000219,0,83,
2025-11-27T03:00:50.511672+00:00,train,2,3132,self,0.9525475000000219,0,97,
2025-11-27T03:00:50.511802+00:00,train,2,3133,self,0.9525475000000219,0,92,
2025-11-27T03:00:50.511949+00:00,train,2,3134,self,0.9525475000000219,0,92,
2025-11-27T03:00:50.512077+00:00,train,2,3135,self,0.9525475000000219,0,91,
2025-11-27T03:00:50.512208+00:00,train,2,3136,self,0.9525475000000219,0,98,
2025-11-27T03:00:50.512332+00:00,train,2,3137,self,0.9525475000000219,0,94,
2025-11-27T03:00:50.512520+00:00,train,2,3138,self,0.9525475000000219,0,99,
2025-11-27T03:00:50.512673+00:00,train,2,3139,self,0.9525475000000219,0,96,
2025-11-27T03:00:50.512815+00:00,train,2,3140,self,0.9525475000000219,0,100,
2025-11-27T03:00:50.512953+00:00,train,2,3141,self,0.9525475000000219,0,93,
2025-11-27T03:00:50.513088+00:00,train,2,3142,self,0.9525475000000219,0,100,
2025-11-27T03:00:50.513223+00:00,train,2,3143,self,0.9525475000000219,0,98,
2025-11-27T03:00:50.513357+00:00,train,2,3144,self,0.9525475000000219,0,99,
2025-11-27T03:00:50.513489+00:00,train,2,3145,self,0.9525475000000219,0,76,
2025-11-27T03:00:50.513622+00:00,train,2,3146,self,0.9525475000000219,0,90,
2025-11-27T03:00:50.513755+00:00,train,2,3147,self,0.9525475000000219,0,96,
2025-11-27T03:00:50.513887+00:00,train,2,3148,self,0.9525475000000219,0,96,
2025-11-27T03:00:50.514018+00:00,train,2,3149,self,0.9525475000000219,0,98,
2025-11-27T03:00:50.514149+00:00,train,2,3150,self,0.9525475000000219,0,98,
2025-11-27T03:00:50.514280+00:00,train,2,3151,self,0.9525475000000219,0,95,
2025-11-27T03:00:50.514412+00:00,train,2,3152,self,0.9525475000000219,0,100,
2025-11-27T03:00:50.514543+00:00,train,2,3153,self,0.9525475000000219,0,85,
2025-11-27T03:00:50.514674+00:00,train,2,3154,self,0.9525475000000219,0,96,
2025-11-27T03:00:50.514808+00:00,train,2,3155,self,0.9525475000000219,0,92,
2025-11-27T03:00:50.514940+00:00,train,2,3156,self,0.9525475000000219,0,94,
2025-11-27T03:00:50.515071+00:00,train,2,3157,self,0.9525475000000219,0,94,
2025-11-27T03:00:50.515202+00:00,train,2,3158,self,0.9525475000000219,0,95,
2025-11-27T03:00:50.515333+00:00,train,2,3159,self,0.9525475000000219,0,98,
2025-11-27T03:00:50.515464+00:00,train,2,3160,self,0.9525475000000219,0,99,
2025-11-27T03:00:50.515595+00:00,train,2,3161,self,0.9525475000000219,0,93,
2025-11-27T03:00:50.515726+00:00,train,2,3162,self,0.9525475000000219,0,98,
2025-11-27T03:00:50.515857+00:00,train,2,3163,self,0.9525475000000219,0,97,
2025-11-27T03:00:50.515988+00:00,train,2,3164,self,0.9525475000000219,0,100,
2025-11-27T03:00:50.516119+00:00,train,2,3165,self,0.9525475000000219,0,99,
2025-11-27T03:00:50.516253+00:00,train,2,3166,self,0.9525475000000219,0,100,
2025-11-27T03:00:50.516384+00:00,train,2,3167,self,0.9525475000000219,0,92,
2025-11-27T03:00:50.516516+00:00,train,2,3168,self,0.9525475000000219,0,92,
2025-11-27T03:00:50.516646+00:00,train,2,3169,self,0.9525475000000219,0,97,
2025-11-27T03:00:50.516776+00:00,train,2,3170,self,0.9525475000000219,0,100,
2025-11-27T03:00:50.516908+00:00,train,2,3171,self,0.9525475000000219,0,98,
2025-11-27T03:00:50.517081+00:00,train,2,3172,self,0.9525475000000219,0,98,
2025-11-27T03:00:50.517251+00:00,train,2,3173,self,0.9525475000000219,0,96,
2025-11-27T03:00:50.517423+00:00,train,2,3174,self,0.9525475000000219,0,99,
2025-11-27T03:00:50.517565+00:00,train,2,3175,self,0.9525475000000219,0,94,
2025-11-27T03:00:50.517699+00:00,train,2,3176,self,0.9525475000000219,0,98,
2025-11-27T03:00:50.517881+00:00,train,2,3177,self,0.9525475000000219,0,88,
2025-11-27T03:00:50.518035+00:00,train,2,3178,self,0.9525475000000219,0,98,
2025-11-27T03:00:50.518178+00:00,train,2,3179,self,0.9525475000000219,0,91,
2025-11-27T03:00:50.518317+00:00,train,2,3180,self,0.9525475000000219,0,99,
2025-11-27T03:00:50.518453+00:00,train,2,3181,self,0.9525475000000219,0,96,
2025-11-27T03:00:50.518587+00:00,train,2,3182,self,0.9525475000000219,0,100,
2025-11-27T03:00:50.518719+00:00,train,2,3183,self,0.9525475000000219,0,97,
2025-11-27T03:00:50.518851+00:00,train,2,3184,self,0.9525475000000219,0,100,
2025-11-27T03:00:50.518982+00:00,train,2,3185,self,0.9525475000000219,0,92,
2025-11-27T03:00:50.519114+00:00,train,2,3186,self,0.9525475000000219,0,95,
2025-11-27T03:00:50.519244+00:00,train,2,3187,self,0.9525475000000219,0,99,
2025-11-27T03:00:50.519374+00:00,train,2,3188,self,0.9525475000000219,0,100,
2025-11-27T03:00:50.519505+00:00,train,2,3189,self,0.9525475000000219,0,79,
2025-11-27T03:00:50.519636+00:00,train,2,3190,self,0.9525475000000219,0,93,
2025-11-27T03:00:50.519767+00:00,train,2,3191,self,0.9525475000000219,0,86,
2025-11-27T03:00:50.519902+00:00,train,2,3192,self,0.9525475000000219,0,97,
2025-11-27T03:00:50.520033+00:00,train,2,3193,self,0.9525475000000219,0,96,
2025-11-27T03:00:50.520165+00:00,train,2,3194,self,0.9525475000000219,0,98,
2025-11-27T03:00:50.520296+00:00,train,2,3195,self,0.9525475000000219,0,99,
2025-11-27T03:00:50.520427+00:00,train,2,3196,self,0.9525475000000219,0,100,
2025-11-27T03:00:50.520558+00:00,train,2,3197,self,0.9525475000000219,0,93,
2025-11-27T03:00:50.520688+00:00,train,2,3198,self,0.9525475000000219,0,94,
2025-11-27T03:00:50.520822+00:00,train,2,3199,self,0.9525475000000219,0,92,
2025-11-27T03:00:50.520953+00:00,train,2,3200,self,0.9525475000000219,0,100,
2025-11-27T03:00:50.521085+00:00,train,2,3201,self,0.9525475000000219,0,94,
2025-11-27T03:00:50.521225+00:00,train,2,3202,self,0.9525475000000219,0,96,
2025-11-27T03:00:50.521359+00:00,train,2,3203,self,0.9525475000000219,0,83,
2025-11-27T03:00:50.521489+00:00,train,2,3204,self,0.9525475000000219,0,90,
2025-11-27T03:00:50.521621+00:00,train,2,3205,self,0.9525475000000219,0,93,
2025-11-27T03:00:50.521753+00:00,train,2,3206,self,0.9525475000000219,0,100,
2025-11-27T03:00:50.521885+00:00,train,2,3207,self,0.9525475000000219,0,96,
2025-11-27T03:00:50.522016+00:00,train,2,3208,self,0.9525475000000219,0,100,
2025-11-27T03:00:50.522148+00:00,train,2,3209,self,0.9525475000000219,0,98,
2025-11-27T03:00:50.522280+00:00,train,2,3210,self,0.9525475000000219,0,100,
2025-11-27T03:00:50.522411+00:00,train,2,3211,self,0.9525475000000219,0,98,
2025-11-27T03:00:50.522542+00:00,train,2,3212,self,0.9525475000000219,0,100,
2025-11-27T03:00:50.522674+00:00,train,2,3213,self,0.9525475000000219,0,93,
2025-11-27T03:00:50.522804+00:00,train,2,3214,self,0.9525475000000219,0,97,
2025-11-27T03:00:50.522935+00:00,train,2,3215,self,0.9525475000000219,0,94,
2025-11-27T03:00:50.523066+00:00,train,2,3216,self,0.9525475000000219,0,98,
2025-11-27T03:00:50.523197+00:00,train,2,3217,self,0.9525475000000219,0,95,
2025-11-27T03:00:50.523327+00:00,train,2,3218,self,0.9525475000000219,0,97,
2025-11-27T03:00:50.523474+00:00,train,2,3219,self,0.9525475000000219,0,100,
2025-11-27T03:00:50.523604+00:00,train,2,3220,self,0.9525475000000219,0,100,
2025-11-27T03:00:50.523731+00:00,train,2,3221,self,0.9525475000000219,0,93,
2025-11-27T03:00:50.523859+00:00,train,2,3222,self,0.9525475000000219,0,100,
2025-11-27T03:00:50.523987+00:00,train,2,3223,self,0.9525475000000219,0,97,
2025-11-27T03:00:50.524114+00:00,train,2,3224,self,0.9525475000000219,0,99,
2025-11-27T03:00:50.524241+00:00,train,2,3225,self,0.9525475000000219,0,92,
2025-11-27T03:00:50.524368+00:00,train,2,3226,self,0.9525475000000219,0,98,
2025-11-27T03:00:50.524494+00:00,train,2,3227,self,0.9525475000000219,0,92,
2025-11-27T03:00:50.524620+00:00,train,2,3228,self,0.9525475000000219,0,99,
2025-11-27T03:00:50.524746+00:00,train,2,3229,self,0.9525475000000219,0,94,
2025-11-27T03:00:50.524886+00:00,train,2,3230,self,0.9525475000000219,0,100,
2025-11-27T03:00:50.525015+00:00,train,2,3231,self,0.9525475000000219,0,95,
2025-11-27T03:00:50.525143+00:00,train,2,3232,self,0.9525475000000219,0,96,
2025-11-27T03:00:50.525270+00:00,train,2,3233,self,0.9525475000000219,0,88,
2025-11-27T03:00:50.525398+00:00,train,2,3234,self,0.9525475000000219,0,99,
2025-11-27T03:00:50.525526+00:00,train,2,3235,self,0.9525475000000219,0,87,
2025-11-27T03:00:50.525652+00:00,train,2,3236,self,0.9525475000000219,0,89,
2025-11-27T03:00:50.525780+00:00,train,2,3237,self,0.9525475000000219,0,87,
2025-11-27T03:00:50.525907+00:00,train,2,3238,self,0.9525475000000219,0,91,
2025-11-27T03:00:50.526034+00:00,train,2,3239,self,0.9525475000000219,0,99,
2025-11-27T03:00:50.526162+00:00,train,2,3240,self,0.9525475000000219,0,99,
2025-11-27T03:00:50.526289+00:00,train,2,3241,self,0.9525475000000219,0,96,
2025-11-27T03:00:50.526417+00:00,train,2,3242,self,0.9525475000000219,0,98,
2025-11-27T03:00:50.526545+00:00,train,2,3243,self,0.9525475000000219,0,99,
2025-11-27T03:00:50.526672+00:00,train,2,3244,self,0.9525475000000219,0,100,
2025-11-27T03:00:50.526801+00:00,train,2,3245,self,0.9525475000000219,0,96,
2025-11-27T03:00:50.526928+00:00,train,2,3246,self,0.9525475000000219,0,97,
2025-11-27T03:00:50.527056+00:00,train,2,3247,self,0.9525475000000219,0,90,
2025-11-27T03:00:50.527186+00:00,train,2,3248,self,0.9525475000000219,0,94,
2025-11-27T03:00:50.527318+00:00,train,2,3249,self,0.9525475000000219,0,98,
2025-11-27T03:00:50.527447+00:00,train,2,3250,self,0.9525475000000219,0,98,
2025-11-27T03:00:50.527576+00:00,train,2,3251,self,0.9525475000000219,0,86,
2025-11-27T03:00:50.527704+00:00,train,2,3252,self,0.9525475000000219,0,91,
2025-11-27T03:00:50.527833+00:00,train,2,3253,self,0.9525475000000219,0,88,
2025-11-27T03:00:50.527961+00:00,train,2,3254,self,0.9525475000000219,0,99,
2025-11-27T03:00:50.528089+00:00,train,2,3255,self,0.9525475000000219,0,86,
2025-11-27T03:00:50.528217+00:00,train,2,3256,self,0.9525475000000219,0,95,
2025-11-27T03:00:50.528346+00:00,train,2,3257,self,0.9525475000000219,0,88,
2025-11-27T03:00:50.528476+00:00,train,2,3258,self,0.9525475000000219,0,99,
2025-11-27T03:00:50.528606+00:00,train,2,3259,self,0.9525475000000219,0,86,
2025-11-27T03:00:50.528739+00:00,train,2,3260,self,0.9525475000000219,0,100,
2025-11-27T03:00:50.528867+00:00,train,2,3261,self,0.9525475000000219,0,96,
2025-11-27T03:00:50.529001+00:00,train,2,3262,self,0.9525475000000219,0,100,
2025-11-27T03:00:50.529131+00:00,train,2,3263,self,0.9525475000000219,0,97,
2025-11-27T03:00:50.529258+00:00,train,2,3264,self,0.9525475000000219,0,98,
2025-11-27T03:00:50.529386+00:00,train,2,3265,self,0.9525475000000219,0,100,
2025-11-27T03:00:50.529518+00:00,train,2,3266,self,0.9525475000000219,0,100,
2025-11-27T03:00:50.529667+00:00,train,2,3267,self,0.9525475000000219,0,98,
2025-11-27T03:00:50.529836+00:00,train,2,3268,self,0.9525475000000219,0,100,
2025-11-27T03:00:50.529972+00:00,train,2,3269,self,0.9525475000000219,0,100,
2025-11-27T03:00:50.530101+00:00,train,2,3270,self,0.9525475000000219,0,100,
2025-11-27T03:00:50.530227+00:00,train,2,3271,self,0.9525475000000219,0,89,
2025-11-27T03:00:50.530412+00:00,train,2,3272,self,0.9525475000000219,0,98,
2025-11-27T03:00:50.530561+00:00,train,2,3273,self,0.9525475000000219,0,97,
2025-11-27T03:00:50.530700+00:00,train,2,3274,self,0.9525475000000219,0,100,
2025-11-27T03:00:50.530838+00:00,train,2,3275,self,0.9525475000000219,0,89,
2025-11-27T03:00:50.530971+00:00,train,2,3276,self,0.9525475000000219,0,99,
2025-11-27T03:00:50.531145+00:00,train,2,3277,self,0.9525475000000219,0,94,
2025-11-27T03:00:50.531287+00:00,train,2,3278,self,0.9525475000000219,0,97,
2025-11-27T03:00:50.531418+00:00,train,2,3279,self,0.9525475000000219,0,96,
2025-11-27T03:00:50.531543+00:00,train,2,3280,self,0.9525475000000219,0,100,
2025-11-27T03:00:50.531729+00:00,train,2,3281,self,0.9525475000000219,0,88,
2025-11-27T03:00:50.531878+00:00,train,2,3282,self,0.9525475000000219,0,91,
2025-11-27T03:00:50.532017+00:00,train,2,3283,self,0.9525475000000219,0,97,
2025-11-27T03:00:50.532153+00:00,train,2,3284,self,0.9525475000000219,0,99,
2025-11-27T03:00:50.532286+00:00,train,2,3285,self,0.9525475000000219,0,83,
2025-11-27T03:00:50.532417+00:00,train,2,3286,self,0.9525475000000219,0,97,
2025-11-27T03:00:50.532546+00:00,train,2,3287,self,0.9525475000000219,0,96,
2025-11-27T03:00:50.532674+00:00,train,2,3288,self,0.9525475000000219,0,99,
2025-11-27T03:00:50.532802+00:00,train,2,3289,self,0.9525475000000219,0,91,
2025-11-27T03:00:50.532930+00:00,train,2,3290,self,0.9525475000000219,0,96,
2025-11-27T03:00:50.533058+00:00,train,2,3291,self,0.9525475000000219,0,94,
2025-11-27T03:00:50.533185+00:00,train,2,3292,self,0.9525475000000219,0,100,
2025-11-27T03:00:50.533313+00:00,train,2,3293,self,0.9525475000000219,0,89,
2025-11-27T03:00:50.533440+00:00,train,2,3294,self,0.9525475000000219,0,95,
2025-11-27T03:00:50.533568+00:00,train,2,3295,self,0.9525475000000219,0,98,
2025-11-27T03:00:50.533695+00:00,train,2,3296,self,0.9525475000000219,0,100,
2025-11-27T03:00:50.533822+00:00,train,2,3297,self,0.9525475000000219,0,83,
2025-11-27T03:00:50.533949+00:00,train,2,3298,self,0.9525475000000219,0,95,
2025-11-27T03:00:50.534076+00:00,train,2,3299,self,0.9525475000000219,0,94,
2025-11-27T03:00:50.534202+00:00,train,2,3300,self,0.9525475000000219,0,100,
2025-11-27T03:00:50.534329+00:00,train,2,3301,self,0.9525475000000219,0,97,
2025-11-27T03:00:50.534456+00:00,train,2,3302,self,0.9525475000000219,0,100,
2025-11-27T03:00:50.534583+00:00,train,2,3303,self,0.9525475000000219,0,99,
2025-11-27T03:00:50.534710+00:00,train,2,3304,self,0.9525475000000219,0,100,
2025-11-27T03:00:50.534838+00:00,train,2,3305,self,0.9525475000000219,0,95,
2025-11-27T03:00:50.534965+00:00,train,2,3306,self,0.9525475000000219,0,98,
2025-11-27T03:00:50.535092+00:00,train,2,3307,self,0.9525475000000219,0,78,
2025-11-27T03:00:50.535220+00:00,train,2,3308,self,0.9525475000000219,0,93,
2025-11-27T03:00:50.535347+00:00,train,2,3309,self,0.9525475000000219,0,91,
2025-11-27T03:00:50.535475+00:00,train,2,3310,self,0.9525475000000219,0,91,
2025-11-27T03:00:50.535601+00:00,train,2,3311,self,0.9525475000000219,0,99,
2025-11-27T03:00:50.535729+00:00,train,2,3312,self,0.9525475000000219,0,99,
2025-11-27T03:00:50.535856+00:00,train,2,3313,self,0.9525475000000219,0,91,
2025-11-27T03:00:50.535984+00:00,train,2,3314,self,0.9525475000000219,0,95,
2025-11-27T03:00:50.536112+00:00,train,2,3315,self,0.9525475000000219,0,92,
2025-11-27T03:00:50.536239+00:00,train,2,3316,self,0.9525475000000219,0,100,
2025-11-27T03:00:50.536367+00:00,train,2,3317,self,0.9525475000000219,0,89,
2025-11-27T03:00:50.536508+00:00,train,2,3318,self,0.9525475000000219,0,92,
2025-11-27T03:00:50.536631+00:00,train,2,3319,self,0.9525475000000219,0,99,
2025-11-27T03:00:50.536755+00:00,train,2,3320,self,0.9525475000000219,0,100,
2025-11-27T03:00:50.536879+00:00,train,2,3321,self,0.9525475000000219,0,90,
2025-11-27T03:00:50.537005+00:00,train,2,3322,self,0.9525475000000219,0,97,
2025-11-27T03:00:50.537128+00:00,train,2,3323,self,0.9525475000000219,0,93,
2025-11-27T03:00:50.537250+00:00,train,2,3324,self,0.9525475000000219,0,99,
2025-11-27T03:00:50.537373+00:00,train,2,3325,self,0.9525475000000219,0,99,
2025-11-27T03:00:50.537511+00:00,train,2,3326,self,0.9525475000000219,0,99,
2025-11-27T03:00:50.537631+00:00,train,2,3327,self,0.9525475000000219,0,95,
2025-11-27T03:00:50.537751+00:00,train,2,3328,self,0.9525475000000219,0,95,
2025-11-27T03:00:50.537873+00:00,train,2,3329,self,0.9525475000000219,0,99,
2025-11-27T03:00:50.538064+00:00,train,2,3330,self,0.9525475000000219,0,100,
2025-11-27T03:00:50.538201+00:00,train,2,3331,self,0.9525475000000219,0,100,
2025-11-27T03:00:50.538328+00:00,train,2,3332,self,0.9525475000000219,0,100,
2025-11-27T03:00:50.538466+00:00,train,2,3333,self,0.9525475000000219,0,94,
2025-11-27T03:00:50.538599+00:00,train,2,3334,self,0.9525475000000219,0,100,
2025-11-27T03:00:50.538715+00:00,train,2,3335,self,0.9525475000000219,0,94,
2025-11-27T03:00:50.538829+00:00,train,2,3336,self,0.9525475000000219,0,95,
2025-11-27T03:00:50.538972+00:00,train,2,3337,self,0.9525475000000219,0,95,
2025-11-27T03:00:50.539087+00:00,train,2,3338,self,0.9525475000000219,0,96,
2025-11-27T03:00:50.539225+00:00,train,2,3339,self,0.9525475000000219,0,79,
2025-11-27T03:00:50.539339+00:00,train,2,3340,self,0.9525475000000219,0,99,
2025-11-27T03:00:50.539552+00:00,train,2,3341,self,0.9525475000000219,0,91,
2025-11-27T03:00:50.539675+00:00,train,2,3342,self,0.9525475000000219,0,97,
2025-11-27T03:00:50.539784+00:00,train,2,3343,self,0.9525475000000219,0,79,
2025-11-27T03:00:50.539905+00:00,train,2,3344,self,0.9525475000000219,0,96,
2025-11-27T03:00:50.540014+00:00,train,2,3345,self,0.9525475000000219,0,92,
2025-11-27T03:00:50.540133+00:00,train,2,3346,self,0.9525475000000219,0,100,
2025-11-27T03:00:50.540242+00:00,train,2,3347,self,0.9525475000000219,0,92,
2025-11-27T03:00:50.540350+00:00,train,2,3348,self,0.9525475000000219,0,97,
2025-11-27T03:00:50.540473+00:00,train,2,3349,self,0.9525475000000219,0,86,
2025-11-27T03:00:50.540578+00:00,train,2,3350,self,0.9525475000000219,0,93,
2025-11-27T03:00:50.540684+00:00,train,2,3351,self,0.9525475000000219,0,66,
2025-11-27T03:00:50.540790+00:00,train,2,3352,self,0.9525475000000219,0,96,
2025-11-27T03:00:50.540895+00:00,train,2,3353,self,0.9525475000000219,0,95,
2025-11-27T03:00:50.541000+00:00,train,2,3354,self,0.9525475000000219,0,97,
2025-11-27T03:00:50.541105+00:00,train,2,3355,self,0.9525475000000219,0,99,
2025-11-27T03:00:50.541210+00:00,train,2,3356,self,0.9525475000000219,0,99,
2025-11-27T03:00:50.541316+00:00,train,2,3357,self,0.9525475000000219,0,91,
2025-11-27T03:00:50.541421+00:00,train,2,3358,self,0.9525475000000219,0,97,
2025-11-27T03:00:50.541539+00:00,train,2,3359,self,0.9525475000000219,0,89,
2025-11-27T03:00:50.541642+00:00,train,2,3360,self,0.9525475000000219,0,95,
2025-11-27T03:00:50.541744+00:00,train,2,3361,self,0.9525475000000219,0,92,
2025-11-27T03:00:50.541847+00:00,train,2,3362,self,0.9525475000000219,0,100,
2025-11-27T03:00:50.541950+00:00,train,2,3363,self,0.9525475000000219,0,95,
2025-11-27T03:00:50.542052+00:00,train,2,3364,self,0.9525475000000219,0,97,
2025-11-27T03:00:50.542154+00:00,train,2,3365,self,0.9525475000000219,0,92,
2025-11-27T03:00:50.542257+00:00,train,2,3366,self,0.9525475000000219,0,98,
2025-11-27T03:00:50.542360+00:00,train,2,3367,self,0.9525475000000219,0,93,
2025-11-27T03:00:50.542462+00:00,train,2,3368,self,0.9525475000000219,0,100,
2025-11-27T03:00:50.542602+00:00,train,2,3369,self,0.9525475000000219,0,96,
2025-11-27T03:00:50.542703+00:00,train,2,3370,self,0.9525475000000219,0,100,
2025-11-27T03:00:50.542803+00:00,train,2,3371,self,0.9525475000000219,0,98,
2025-11-27T03:00:50.542903+00:00,train,2,3372,self,0.9525475000000219,0,100,
2025-11-27T03:00:50.543004+00:00,train,2,3373,self,0.9525475000000219,0,97,
2025-11-27T03:00:50.543104+00:00,train,2,3374,self,0.9525475000000219,0,98,
2025-11-27T03:00:50.543204+00:00,train,2,3375,self,0.9525475000000219,0,91,
2025-11-27T03:00:50.543305+00:00,train,2,3376,self,0.9525475000000219,0,97,
2025-11-27T03:00:50.543405+00:00,train,2,3377,self,0.9525475000000219,0,88,
2025-11-27T03:00:50.543517+00:00,train,2,3378,self,0.9525475000000219,0,96,
2025-11-27T03:00:50.543618+00:00,train,2,3379,self,0.9525475000000219,0,93,
2025-11-27T03:00:50.543716+00:00,train,2,3380,self,0.9525475000000219,0,94,
2025-11-27T03:00:50.543814+00:00,train,2,3381,self,0.9525475000000219,0,93,
2025-11-27T03:00:50.543912+00:00,train,2,3382,self,0.9525475000000219,0,98,
2025-11-27T03:00:50.544010+00:00,train,2,3383,self,0.9525475000000219,0,91,
2025-11-27T03:00:50.544108+00:00,train,2,3384,self,0.9525475000000219,0,99,
2025-11-27T03:00:50.544206+00:00,train,2,3385,self,0.9525475000000219,0,95,
2025-11-27T03:00:50.544303+00:00,train,2,3386,self,0.9525475000000219,0,99,
2025-11-27T03:00:50.544401+00:00,train,2,3387,self,0.9525475000000219,0,99,
2025-11-27T03:00:50.544499+00:00,train,2,3388,self,0.9525475000000219,0,100,
2025-11-27T03:00:50.544596+00:00,train,2,3389,self,0.9525475000000219,0,96,
2025-11-27T03:00:50.544694+00:00,train,2,3390,self,0.9525475000000219,0,97,
2025-11-27T03:00:50.544791+00:00,train,2,3391,self,0.9525475000000219,0,94,
2025-11-27T03:00:50.544889+00:00,train,2,3392,self,0.9525475000000219,0,100,
2025-11-27T03:00:50.544987+00:00,train,2,3393,self,0.9525475000000219,0,96,
2025-11-27T03:00:50.545085+00:00,train,2,3394,self,0.9525475000000219,0,96,
2025-11-27T03:00:50.545182+00:00,train,2,3395,self,0.9525475000000219,0,100,
2025-11-27T03:00:50.545280+00:00,train,2,3396,self,0.9525475000000219,0,100,
2025-11-27T03:00:50.545378+00:00,train,2,3397,self,0.9525475000000219,0,92,
2025-11-27T03:00:50.545476+00:00,train,2,3398,self,0.9525475000000219,0,95,
2025-11-27T03:00:50.545573+00:00,train,2,3399,self,0.9525475000000219,0,95,
2025-11-27T03:00:50.545689+00:00,train,2,3400,self,0.9525475000000219,0,100,
2025-11-27T03:00:50.545788+00:00,train,2,3401,self,0.9525475000000219,0,87,
2025-11-27T03:00:50.545886+00:00,train,2,3402,self,0.9525475000000219,0,98,
2025-11-27T03:00:50.545984+00:00,train,2,3403,self,0.9525475000000219,0,95,
2025-11-27T03:00:50.546081+00:00,train,2,3404,self,0.9525475000000219,0,98,
2025-11-27T03:00:50.546223+00:00,train,2,3405,self,0.9525475000000219,0,100,
2025-11-27T03:00:50.546321+00:00,train,2,3406,self,0.9525475000000219,0,100,
2025-11-27T03:00:50.546418+00:00,train,2,3407,self,0.9525475000000219,0,93,
2025-11-27T03:00:50.546515+00:00,train,2,3408,self,0.9525475000000219,0,99,
2025-11-27T03:00:50.546613+00:00,train,2,3409,self,0.9525475000000219,0,72,
2025-11-27T03:00:50.546710+00:00,train,2,3410,self,0.9525475000000219,0,92,
2025-11-27T03:00:50.546808+00:00,train,2,3411,self,0.9525475000000219,0,98,
2025-11-27T03:00:50.546905+00:00,train,2,3412,self,0.9525475000000219,0,100,
2025-11-27T03:00:50.547003+00:00,train,2,3413,self,0.9525475000000219,0,82,
2025-11-27T03:00:50.547100+00:00,train,2,3414,self,0.9525475000000219,0,95,
2025-11-27T03:00:50.547198+00:00,train,2,3415,self,0.9525475000000219,0,95,
2025-11-27T03:00:50.547296+00:00,train,2,3416,self,0.9525475000000219,0,98,
2025-11-27T03:00:50.547393+00:00,train,2,3417,self,0.9525475000000219,0,99,
2025-11-27T03:00:50.547491+00:00,train,2,3418,self,0.9525475000000219,0,100,
2025-11-27T03:00:50.547589+00:00,train,2,3419,self,0.9525475000000219,0,98,
2025-11-27T03:00:50.547687+00:00,train,2,3420,self,0.9525475000000219,0,98,
2025-11-27T03:00:50.547784+00:00,train,2,3421,self,0.9525475000000219,0,93,
2025-11-27T03:00:50.547881+00:00,train,2,3422,self,0.9525475000000219,0,99,
2025-11-27T03:00:50.547978+00:00,train,2,3423,self,0.9525475000000219,0,97,
2025-11-27T03:00:50.548075+00:00,train,2,3424,self,0.9525475000000219,0,98,
2025-11-27T03:00:50.548173+00:00,train,2,3425,self,0.9525475000000219,0,87,
2025-11-27T03:00:50.548270+00:00,train,2,3426,self,0.9525475000000219,0,92,
2025-11-27T03:00:50.548368+00:00,train,2,3427,self,0.9525475000000219,0,100,
2025-11-27T03:00:50.548465+00:00,train,2,3428,self,0.9525475000000219,0,100,
2025-11-27T03:00:50.548563+00:00,train,2,3429,self,0.9525475000000219,0,93,
2025-11-27T03:00:50.548660+00:00,train,2,3430,self,0.9525475000000219,0,100,
2025-11-27T03:00:50.548758+00:00,train,2,3431,self,0.9525475000000219,0,98,
2025-11-27T03:00:50.548857+00:00,train,2,3432,self,0.9525475000000219,0,99,
2025-11-27T03:00:50.548955+00:00,train,2,3433,self,0.9525475000000219,0,98,
2025-11-27T03:00:50.549215+00:00,train,2,3434,self,0.9525475000000219,0,100,
2025-11-27T03:00:50.549313+00:00,train,2,3435,self,0.9525475000000219,0,95,
2025-11-27T03:00:50.549497+00:00,train,2,3436,self,0.9525475000000219,0,100,
2025-11-27T03:00:50.549594+00:00,train,2,3437,self,0.9525475000000219,0,99,
2025-11-27T03:00:50.549692+00:00,train,2,3438,self,0.9525475000000219,0,100,
2025-11-27T03:00:50.549792+00:00,train,2,3439,self,0.9525475000000219,0,90,
2025-11-27T03:00:50.549890+00:00,train,2,3440,self,0.9525475000000219,0,93,
2025-11-27T03:00:50.549988+00:00,train,2,3441,self,0.9525475000000219,0,96,
2025-11-27T03:00:50.550085+00:00,train,2,3442,self,0.9525475000000219,0,99,
2025-11-27T03:00:50.550269+00:00,train,2,3443,self,0.9525475000000219,0,86,
2025-11-27T03:00:50.550389+00:00,train,2,3444,self,0.9525475000000219,0,98,
2025-11-27T03:00:50.550504+00:00,train,2,3445,self,0.9525475000000219,0,87,
2025-11-27T03:00:50.550602+00:00,train,2,3446,self,0.9525475000000219,0,99,
2025-11-27T03:00:50.550699+00:00,train,2,3447,self,0.9525475000000219,0,94,
2025-11-27T03:00:50.550796+00:00,train,2,3448,self,0.9525475000000219,0,97,
2025-11-27T03:00:50.550894+00:00,train,2,3449,self,0.9525475000000219,0,99,
2025-11-27T03:00:50.550991+00:00,train,2,3450,self,0.9525475000000219,0,99,
2025-11-27T03:00:50.551088+00:00,train,2,3451,self,0.9525475000000219,0,96,
2025-11-27T03:00:50.551186+00:00,train,2,3452,self,0.9525475000000219,0,98,
2025-11-27T03:00:50.551283+00:00,train,2,3453,self,0.9525475000000219,0,98,
2025-11-27T03:00:50.551381+00:00,train,2,3454,self,0.9525475000000219,0,99,
2025-11-27T03:00:50.551478+00:00,train,2,3455,self,0.9525475000000219,0,84,
2025-11-27T03:00:50.551575+00:00,train,2,3456,self,0.9525475000000219,0,100,
2025-11-27T03:00:50.551676+00:00,train,2,3457,self,0.9525475000000219,0,90,
2025-11-27T03:00:50.551774+00:00,train,2,3458,self,0.9525475000000219,0,100,
2025-11-27T03:00:50.551871+00:00,train,2,3459,self,0.9525475000000219,0,98,
2025-11-27T03:00:50.551969+00:00,train,2,3460,self,0.9525475000000219,0,99,
2025-11-27T03:00:50.552066+00:00,train,2,3461,self,0.9525475000000219,0,94,
2025-11-27T03:00:50.552163+00:00,train,2,3462,self,0.9525475000000219,0,99,
2025-11-27T03:00:50.552261+00:00,train,2,3463,self,0.9525475000000219,0,98,
2025-11-27T03:00:50.552358+00:00,train,2,3464,self,0.9525475000000219,0,100,
2025-11-27T03:00:50.552456+00:00,train,2,3465,self,0.9525475000000219,0,89,
2025-11-27T03:00:50.552554+00:00,train,2,3466,self,0.9525475000000219,0,96,
2025-11-27T03:00:50.552713+00:00,train,2,3467,self,0.9525475000000219,0,95,
2025-11-27T03:00:50.552811+00:00,train,2,3468,self,0.9525475000000219,0,100,
2025-11-27T03:00:50.552908+00:00,train,2,3469,self,0.9525475000000219,0,96,
2025-11-27T03:00:50.553006+00:00,train,2,3470,self,0.9525475000000219,0,100,
2025-11-27T03:00:50.553103+00:00,train,2,3471,self,0.9525475000000219,0,94,
2025-11-27T03:00:50.553200+00:00,train,2,3472,self,0.9525475000000219,0,99,
2025-11-27T03:00:50.553297+00:00,train,2,3473,self,0.9525475000000219,0,80,
2025-11-27T03:00:50.553395+00:00,train,2,3474,self,0.9525475000000219,0,100,
2025-11-27T03:00:50.553491+00:00,train,2,3475,self,0.9525475000000219,0,96,
2025-11-27T03:00:50.553589+00:00,train,2,3476,self,0.9525475000000219,0,100,
2025-11-27T03:00:50.553686+00:00,train,2,3477,self,0.9525475000000219,0,96,
2025-11-27T03:00:50.553783+00:00,train,2,3478,self,0.9525475000000219,0,99,
2025-11-27T03:00:50.553880+00:00,train,2,3479,self,0.9525475000000219,0,92,
2025-11-27T03:00:50.553978+00:00,train,2,3480,self,0.9525475000000219,0,100,
2025-11-27T03:00:50.554078+00:00,train,2,3481,self,0.9525475000000219,0,67,
2025-11-27T03:00:50.554176+00:00,train,2,3482,self,0.9525475000000219,0,100,
2025-11-27T03:00:50.554274+00:00,train,2,3483,self,0.9525475000000219,0,97,
2025-11-27T03:00:50.554372+00:00,train,2,3484,self,0.9525475000000219,0,100,
2025-11-27T03:00:50.554472+00:00,train,2,3485,self,0.9525475000000219,0,97,
2025-11-27T03:00:50.554570+00:00,train,2,3486,self,0.9525475000000219,0,99,
2025-11-27T03:00:50.554667+00:00,train,2,3487,self,0.9525475000000219,0,91,
2025-11-27T03:00:50.554764+00:00,train,2,3488,self,0.9525475000000219,0,92,
2025-11-27T03:00:50.554862+00:00,train,2,3489,self,0.9525475000000219,0,85,
2025-11-27T03:00:50.554959+00:00,train,2,3490,self,0.9525475000000219,0,96,
2025-11-27T03:00:50.555057+00:00,train,2,3491,self,0.9525475000000219,0,98,
2025-11-27T03:00:50.555154+00:00,train,2,3492,self,0.9525475000000219,0,98,
2025-11-27T03:00:50.555252+00:00,train,2,3493,self,0.9525475000000219,0,97,
2025-11-27T03:00:50.555349+00:00,train,2,3494,self,0.9525475000000219,0,98,
2025-11-27T03:00:50.555447+00:00,train,2,3495,self,0.9525475000000219,0,99,
2025-11-27T03:00:50.555544+00:00,train,2,3496,self,0.9525475000000219,0,100,
2025-11-27T03:00:50.555645+00:00,train,2,3497,self,0.9525475000000219,0,91,
2025-11-27T03:00:50.555743+00:00,train,2,3498,self,0.9525475000000219,0,95,
2025-11-27T03:00:50.555840+00:00,train,2,3499,self,0.9525475000000219,0,90,
2025-11-27T03:00:50.555938+00:00,train,2,3500,self,0.9525475000000219,0,99,
2025-11-27T03:00:50.556035+00:00,train,2,3501,self,0.9525475000000219,0,98,
2025-11-27T03:00:50.556133+00:00,train,2,3502,self,0.9525475000000219,0,98,
2025-11-27T03:00:50.556230+00:00,train,2,3503,self,0.9525475000000219,0,96,
2025-11-27T03:00:50.556328+00:00,train,2,3504,self,0.9525475000000219,0,98,
2025-11-27T03:00:50.556425+00:00,train,2,3505,self,0.9525475000000219,0,96,
2025-11-27T03:00:50.556523+00:00,train,2,3506,self,0.9525475000000219,0,100,
2025-11-27T03:00:50.556620+00:00,train,2,3507,self,0.9525475000000219,0,90,
2025-11-27T03:00:50.556717+00:00,train,2,3508,self,0.9525475000000219,0,98,
2025-11-27T03:00:50.556815+00:00,train,2,3509,self,0.9525475000000219,0,96,
2025-11-27T03:00:50.556912+00:00,train,2,3510,self,0.9525475000000219,0,97,
2025-11-27T03:00:50.557009+00:00,train,2,3511,self,0.9525475000000219,0,94,
2025-11-27T03:00:50.557107+00:00,train,2,3512,self,0.9525475000000219,0,99,
2025-11-27T03:00:50.557204+00:00,train,2,3513,self,0.9525475000000219,0,94,
2025-11-27T03:00:50.557301+00:00,train,2,3514,self,0.9525475000000219,0,97,
2025-11-27T03:00:50.557398+00:00,train,2,3515,self,0.9525475000000219,0,85,
2025-11-27T03:00:50.557496+00:00,train,2,3516,self,0.9525475000000219,0,100,
2025-11-27T03:00:50.557593+00:00,train,2,3517,self,0.9525475000000219,0,95,
2025-11-27T03:00:50.557690+00:00,train,2,3518,self,0.9525475000000219,0,99,
2025-11-27T03:00:50.557787+00:00,train,2,3519,self,0.9525475000000219,0,94,
2025-11-27T03:00:50.557885+00:00,train,2,3520,self,0.9525475000000219,0,97,
2025-11-27T03:00:50.557981+00:00,train,2,3521,self,0.9525475000000219,0,96,
2025-11-27T03:00:50.558083+00:00,train,2,3522,self,0.9525475000000219,0,99,
2025-11-27T03:00:50.558269+00:00,train,2,3523,self,0.9525475000000219,0,93,
2025-11-27T03:00:50.558367+00:00,train,2,3524,self,0.9525475000000219,0,96,
2025-11-27T03:00:50.558464+00:00,train,2,3525,self,0.9525475000000219,0,96,
2025-11-27T03:00:50.558561+00:00,train,2,3526,self,0.9525475000000219,0,98,
2025-11-27T03:00:50.558659+00:00,train,2,3527,self,0.9525475000000219,0,90,
2025-11-27T03:00:50.558756+00:00,train,2,3528,self,0.9525475000000219,0,94,
2025-11-27T03:00:50.558853+00:00,train,2,3529,self,0.9525475000000219,0,85,
2025-11-27T03:00:50.558951+00:00,train,2,3530,self,0.9525475000000219,0,97,
2025-11-27T03:00:50.559048+00:00,train,2,3531,self,0.9525475000000219,0,100,
2025-11-27T03:00:50.559145+00:00,train,2,3532,self,0.9525475000000219,0,100,
2025-11-27T03:00:50.559243+00:00,train,2,3533,self,0.9525475000000219,0,96,
2025-11-27T03:00:50.559404+00:00,train,2,3534,self,0.9525475000000219,0,98,
2025-11-27T03:00:50.559501+00:00,train,2,3535,self,0.9525475000000219,0,90,
2025-11-27T03:00:50.559598+00:00,train,2,3536,self,0.9525475000000219,0,99,
2025-11-27T03:00:50.559696+00:00,train,2,3537,self,0.9525475000000219,0,95,
2025-11-27T03:00:50.559800+00:00,train,2,3538,self,0.9525475000000219,0,97,
2025-11-27T03:00:50.560006+00:00,train,2,3539,self,0.9525475000000219,0,98,
2025-11-27T03:00:50.560146+00:00,train,2,3540,self,0.9525475000000219,0,98,
2025-11-27T03:00:50.560243+00:00,train,2,3541,self,0.9525475000000219,0,97,
2025-11-27T03:00:50.560341+00:00,train,2,3542,self,0.9525475000000219,0,99,
2025-11-27T03:00:50.560437+00:00,train,2,3543,self,0.9525475000000219,0,100,
2025-11-27T03:00:50.560535+00:00,train,2,3544,self,0.9525475000000219,0,100,
2025-11-27T03:00:50.560632+00:00,train,2,3545,self,0.9525475000000219,0,100,
2025-11-27T03:00:50.560729+00:00,train,2,3546,self,0.9525475000000219,0,100,
2025-11-27T03:00:50.560826+00:00,train,2,3547,self,0.9525475000000219,0,94,
2025-11-27T03:00:50.561019+00:00,train,2,3548,self,0.9525475000000219,0,99,
2025-11-27T03:00:50.561137+00:00,train,2,3549,self,0.9525475000000219,0,97,
2025-11-27T03:00:50.561251+00:00,train,2,3550,self,0.9525475000000219,0,99,
2025-11-27T03:00:50.561348+00:00,train,2,3551,self,0.9525475000000219,0,97,
2025-11-27T03:00:50.561446+00:00,train,2,3552,self,0.9525475000000219,0,98,
2025-11-27T03:00:50.561543+00:00,train,2,3553,self,0.9525475000000219,0,95,
2025-11-27T03:00:50.561640+00:00,train,2,3554,self,0.9525475000000219,0,98,
2025-11-27T03:00:50.561737+00:00,train,2,3555,self,0.9525475000000219,0,96,
2025-11-27T03:00:50.561834+00:00,train,2,3556,self,0.9525475000000219,0,100,
2025-11-27T03:00:50.561931+00:00,train,2,3557,self,0.9525475000000219,0,99,
2025-11-27T03:00:50.562028+00:00,train,2,3558,self,0.9525475000000219,0,100,
2025-11-27T03:00:50.562126+00:00,train,2,3559,self,0.9525475000000219,0,99,
2025-11-27T03:00:50.562223+00:00,train,2,3560,self,0.9525475000000219,0,100,
2025-11-27T03:00:50.562320+00:00,train,2,3561,self,0.9525475000000219,0,99,
2025-11-27T03:00:50.562418+00:00,train,2,3562,self,0.9525475000000219,0,100,
2025-11-27T03:00:50.562514+00:00,train,2,3563,self,0.9525475000000219,0,93,
2025-11-27T03:00:50.562611+00:00,train,2,3564,self,0.9525475000000219,0,96,
2025-11-27T03:00:50.562709+00:00,train,2,3565,self,0.9525475000000219,0,93,
2025-11-27T03:00:50.562806+00:00,train,2,3566,self,0.9525475000000219,0,100,
2025-11-27T03:00:50.562904+00:00,train,2,3567,self,0.9525475000000219,0,84,
2025-11-27T03:00:50.563001+00:00,train,2,3568,self,0.9525475000000219,0,97,
2025-11-27T03:00:50.563098+00:00,train,2,3569,self,0.9525475000000219,0,95,
2025-11-27T03:00:50.563196+00:00,train,2,3570,self,0.9525475000000219,0,98,
2025-11-27T03:00:50.563332+00:00,train,2,3571,self,0.9525475000000219,0,89,
2025-11-27T03:00:50.563430+00:00,train,2,3572,self,0.9525475000000219,0,98,
2025-11-27T03:00:50.563527+00:00,train,2,3573,self,0.9525475000000219,0,95,
2025-11-27T03:00:50.563623+00:00,train,2,3574,self,0.9525475000000219,0,96,
2025-11-27T03:00:50.563720+00:00,train,2,3575,self,0.9525475000000219,0,91,
2025-11-27T03:00:50.563818+00:00,train,2,3576,self,0.9525475000000219,0,95,
2025-11-27T03:00:50.563915+00:00,train,2,3577,self,0.9525475000000219,0,84,
2025-11-27T03:00:50.564012+00:00,train,2,3578,self,0.9525475000000219,0,90,
2025-11-27T03:00:50.564109+00:00,train,2,3579,self,0.9525475000000219,0,92,
2025-11-27T03:00:50.564206+00:00,train,2,3580,self,0.9525475000000219,0,93,
2025-11-27T03:00:50.564303+00:00,train,2,3581,self,0.9525475000000219,0,87,
2025-11-27T03:00:50.564400+00:00,train,2,3582,self,0.9525475000000219,0,95,
2025-11-27T03:00:50.564497+00:00,train,2,3583,self,0.9525475000000219,0,90,
2025-11-27T03:00:50.564594+00:00,train,2,3584,self,0.9525475000000219,0,97,
2025-11-27T03:00:50.564691+00:00,train,2,3585,self,0.9525475000000219,0,93,
2025-11-27T03:00:50.564788+00:00,train,2,3586,self,0.9525475000000219,0,96,
2025-11-27T03:00:50.564885+00:00,train,2,3587,self,0.9525475000000219,0,95,
2025-11-27T03:00:50.564982+00:00,train,2,3588,self,0.9525475000000219,0,96,
2025-11-27T03:00:50.565080+00:00,train,2,3589,self,0.9525475000000219,0,91,
2025-11-27T03:00:50.565177+00:00,train,2,3590,self,0.9525475000000219,0,100,
2025-11-27T03:00:50.565347+00:00,train,2,3591,self,0.9525475000000219,0,96,
2025-11-27T03:00:50.565446+00:00,train,2,3592,self,0.9525475000000219,0,98,
2025-11-27T03:00:50.565542+00:00,train,2,3593,self,0.9525475000000219,0,98,
2025-11-27T03:00:50.565642+00:00,train,2,3594,self,0.9525475000000219,0,100,
2025-11-27T03:00:50.565738+00:00,train,2,3595,self,0.9525475000000219,0,86,
2025-11-27T03:00:50.565834+00:00,train,2,3596,self,0.9525475000000219,0,99,
2025-11-27T03:00:50.565930+00:00,train,2,3597,self,0.9525475000000219,0,83,
2025-11-27T03:00:50.566026+00:00,train,2,3598,self,0.9525475000000219,0,86,
2025-11-27T03:00:50.566121+00:00,train,2,3599,self,0.9525475000000219,0,88,
2025-11-27T03:00:50.566217+00:00,train,2,3600,self,0.9525475000000219,0,91,
2025-11-27T03:00:50.574577+00:00,train,2,3601,self,0.9525475000000219,0,98,
2025-11-27T03:00:50.574716+00:00,train,2,3602,self,0.9525475000000219,0,100,
2025-11-27T03:00:50.574903+00:00,train,2,3603,self,0.9525475000000219,0,95,
2025-11-27T03:00:50.575057+00:00,train,2,3604,self,0.9525475000000219,0,97,
2025-11-27T03:00:50.575223+00:00,train,2,3605,self,0.9525475000000219,0,95,
2025-11-27T03:00:50.575339+00:00,train,2,3606,self,0.9525475000000219,0,100,
2025-11-27T03:00:50.575499+00:00,train,2,3607,self,0.9525475000000219,0,90,
2025-11-27T03:00:50.575636+00:00,train,2,3608,self,0.9525475000000219,0,92,
2025-11-27T03:00:50.575789+00:00,train,2,3609,self,0.9525475000000219,0,97,
2025-11-27T03:00:50.575908+00:00,train,2,3610,self,0.9525475000000219,0,99,
2025-11-27T03:00:50.576069+00:00,train,2,3611,self,0.9525475000000219,0,98,
2025-11-27T03:00:50.576193+00:00,train,2,3612,self,0.9525475000000219,0,100,
2025-11-27T03:00:50.576348+00:00,train,2,3613,self,0.9525475000000219,0,95,
2025-11-27T03:00:50.576466+00:00,train,2,3614,self,0.9525475000000219,0,100,
2025-11-27T03:00:50.576646+00:00,train,2,3615,self,0.9525475000000219,0,94,
2025-11-27T03:00:50.576773+00:00,train,2,3616,self,0.9525475000000219,0,95,
2025-11-27T03:00:50.576929+00:00,train,2,3617,self,0.9525475000000219,0,89,
2025-11-27T03:00:50.577051+00:00,train,2,3618,self,0.9525475000000219,0,100,
2025-11-27T03:00:50.577216+00:00,train,2,3619,self,0.9525475000000219,0,90,
2025-11-27T03:00:50.577346+00:00,train,2,3620,self,0.9525475000000219,0,97,
2025-11-27T03:00:50.577538+00:00,train,2,3621,self,0.9525475000000219,0,94,
2025-11-27T03:00:50.577680+00:00,train,2,3622,self,0.9525475000000219,0,100,
2025-11-27T03:00:50.577815+00:00,train,2,3623,self,0.9525475000000219,0,98,
2025-11-27T03:00:50.577927+00:00,train,2,3624,self,0.9525475000000219,0,100,
2025-11-27T03:00:50.578097+00:00,train,2,3625,self,0.9525475000000219,0,89,
2025-11-27T03:00:50.578230+00:00,train,2,3626,self,0.9525475000000219,0,100,
2025-11-27T03:00:50.578387+00:00,train,2,3627,self,0.9525475000000219,0,95,
2025-11-27T03:00:50.578526+00:00,train,2,3628,self,0.9525475000000219,0,99,
2025-11-27T03:00:50.578645+00:00,train,2,3629,self,0.9525475000000219,0,90,
2025-11-27T03:00:50.578760+00:00,train,2,3630,self,0.9525475000000219,0,97,
2025-11-27T03:00:50.578931+00:00,train,2,3631,self,0.9525475000000219,0,91,
2025-11-27T03:00:50.579065+00:00,train,2,3632,self,0.9525475000000219,0,99,
2025-11-27T03:00:50.579202+00:00,train,2,3633,self,0.9525475000000219,0,98,
2025-11-27T03:00:50.579326+00:00,train,2,3634,self,0.9525475000000219,0,99,
2025-11-27T03:00:50.579444+00:00,train,2,3635,self,0.9525475000000219,0,93,
2025-11-27T03:00:50.579575+00:00,train,2,3636,self,0.9525475000000219,0,98,
2025-11-27T03:00:50.579694+00:00,train,2,3637,self,0.9525475000000219,0,98,
2025-11-27T03:00:50.579812+00:00,train,2,3638,self,0.9525475000000219,0,100,
2025-11-27T03:00:50.579931+00:00,train,2,3639,self,0.9525475000000219,0,99,
2025-11-27T03:00:50.580048+00:00,train,2,3640,self,0.9525475000000219,0,100,
2025-11-27T03:00:50.580168+00:00,train,2,3641,self,0.9525475000000219,0,98,
2025-11-27T03:00:50.580286+00:00,train,2,3642,self,0.9525475000000219,0,100,
2025-11-27T03:00:50.580404+00:00,train,2,3643,self,0.9525475000000219,0,91,
2025-11-27T03:00:50.580540+00:00,train,2,3644,self,0.9525475000000219,0,96,
2025-11-27T03:00:50.580663+00:00,train,2,3645,self,0.9525475000000219,0,93,
2025-11-27T03:00:50.580785+00:00,train,2,3646,self,0.9525475000000219,0,94,
2025-11-27T03:00:50.580957+00:00,train,2,3647,self,0.9525475000000219,0,97,
2025-11-27T03:00:50.581081+00:00,train,2,3648,self,0.9525475000000219,0,97,
2025-11-27T03:00:50.581204+00:00,train,2,3649,self,0.9525475000000219,0,99,
2025-11-27T03:00:50.581327+00:00,train,2,3650,self,0.9525475000000219,0,99,
2025-11-27T03:00:50.581450+00:00,train,2,3651,self,0.9525475000000219,0,92,
2025-11-27T03:00:50.581590+00:00,train,2,3652,self,0.9525475000000219,0,94,
2025-11-27T03:00:50.581718+00:00,train,2,3653,self,0.9525475000000219,0,97,
2025-11-27T03:00:50.581845+00:00,train,2,3654,self,0.9525475000000219,0,99,
2025-11-27T03:00:50.581972+00:00,train,2,3655,self,0.9525475000000219,0,89,
2025-11-27T03:00:50.582098+00:00,train,2,3656,self,0.9525475000000219,0,92,
2025-11-27T03:00:50.582225+00:00,train,2,3657,self,0.9525475000000219,0,92,
2025-11-27T03:00:50.582351+00:00,train,2,3658,self,0.9525475000000219,0,99,
2025-11-27T03:00:50.582478+00:00,train,2,3659,self,0.9525475000000219,0,97,
2025-11-27T03:00:50.582604+00:00,train,2,3660,self,0.9525475000000219,0,100,
2025-11-27T03:00:50.582730+00:00,train,2,3661,self,0.9525475000000219,0,92,
2025-11-27T03:00:50.582857+00:00,train,2,3662,self,0.9525475000000219,0,100,
2025-11-27T03:00:50.582984+00:00,train,2,3663,self,0.9525475000000219,0,87,
2025-11-27T03:00:50.583111+00:00,train,2,3664,self,0.9525475000000219,0,95,
2025-11-27T03:00:50.583237+00:00,train,2,3665,self,0.9525475000000219,0,100,
2025-11-27T03:00:50.583364+00:00,train,2,3666,self,0.9525475000000219,0,100,
2025-11-27T03:00:50.583491+00:00,train,2,3667,self,0.9525475000000219,0,96,
2025-11-27T03:00:50.583624+00:00,train,2,3668,self,0.9525475000000219,0,99,
2025-11-27T03:00:50.583751+00:00,train,2,3669,self,0.9525475000000219,0,97,
2025-11-27T03:00:50.583879+00:00,train,2,3670,self,0.9525475000000219,0,99,
2025-11-27T03:00:50.584006+00:00,train,2,3671,self,0.9525475000000219,0,93,
2025-11-27T03:00:50.584133+00:00,train,2,3672,self,0.9525475000000219,0,100,
2025-11-27T03:00:50.584260+00:00,train,2,3673,self,0.9525475000000219,0,93,
2025-11-27T03:00:50.584387+00:00,train,2,3674,self,0.9525475000000219,0,99,
2025-11-27T03:00:50.584514+00:00,train,2,3675,self,0.9525475000000219,0,81,
2025-11-27T03:00:50.584641+00:00,train,2,3676,self,0.9525475000000219,0,93,
2025-11-27T03:00:50.584770+00:00,train,2,3677,self,0.9525475000000219,0,92,
2025-11-27T03:00:50.584906+00:00,train,2,3678,self,0.9525475000000219,0,98,
2025-11-27T03:00:50.585035+00:00,train,2,3679,self,0.9525475000000219,0,97,
2025-11-27T03:00:50.585162+00:00,train,2,3680,self,0.9525475000000219,0,98,
2025-11-27T03:00:50.585289+00:00,train,2,3681,self,0.9525475000000219,0,96,
2025-11-27T03:00:50.585416+00:00,train,2,3682,self,0.9525475000000219,0,96,
2025-11-27T03:00:50.585543+00:00,train,2,3683,self,0.9525475000000219,0,98,
2025-11-27T03:00:50.585670+00:00,train,2,3684,self,0.9525475000000219,0,100,
2025-11-27T03:00:50.585798+00:00,train,2,3685,self,0.9525475000000219,0,91,
2025-11-27T03:00:50.585927+00:00,train,2,3686,self,0.9525475000000219,0,100,
2025-11-27T03:00:50.586055+00:00,train,2,3687,self,0.9525475000000219,0,73,
2025-11-27T03:00:50.586202+00:00,train,2,3688,self,0.9525475000000219,0,95,
2025-11-27T03:00:50.586331+00:00,train,2,3689,self,0.9525475000000219,0,97,
2025-11-27T03:00:50.586458+00:00,train,2,3690,self,0.9525475000000219,0,100,
2025-11-27T03:00:50.586584+00:00,train,2,3691,self,0.9525475000000219,0,96,
2025-11-27T03:00:50.586712+00:00,train,2,3692,self,0.9525475000000219,0,99,
2025-11-27T03:00:50.586839+00:00,train,2,3693,self,0.9525475000000219,0,97,
2025-11-27T03:00:50.586966+00:00,train,2,3694,self,0.9525475000000219,0,98,
2025-11-27T03:00:50.587092+00:00,train,2,3695,self,0.9525475000000219,0,96,
2025-11-27T03:00:50.587221+00:00,train,2,3696,self,0.9525475000000219,0,99,
2025-11-27T03:00:50.587351+00:00,train,2,3697,self,0.9525475000000219,0,94,
2025-11-27T03:00:50.587477+00:00,train,2,3698,self,0.9525475000000219,0,96,
2025-11-27T03:00:50.587603+00:00,train,2,3699,self,0.9525475000000219,0,88,
2025-11-27T03:00:50.587730+00:00,train,2,3700,self,0.9525475000000219,0,98,
2025-11-27T03:00:50.587856+00:00,train,2,3701,self,0.9525475000000219,0,93,
2025-11-27T03:00:50.587982+00:00,train,2,3702,self,0.9525475000000219,0,100,
2025-11-27T03:00:50.588108+00:00,train,2,3703,self,0.9525475000000219,0,97,
2025-11-27T03:00:50.588234+00:00,train,2,3704,self,0.9525475000000219,0,97,
2025-11-27T03:00:50.588361+00:00,train,2,3705,self,0.9525475000000219,0,97,
2025-11-27T03:00:50.588488+00:00,train,2,3706,self,0.9525475000000219,0,100,
2025-11-27T03:00:50.588614+00:00,train,2,3707,self,0.9525475000000219,0,88,
2025-11-27T03:00:50.588741+00:00,train,2,3708,self,0.9525475000000219,0,96,
2025-11-27T03:00:50.588866+00:00,train,2,3709,self,0.9525475000000219,0,99,
2025-11-27T03:00:50.588992+00:00,train,2,3710,self,0.9525475000000219,0,99,
2025-11-27T03:00:50.589119+00:00,train,2,3711,self,0.9525475000000219,0,91,
2025-11-27T03:00:50.589245+00:00,train,2,3712,self,0.9525475000000219,0,98,
2025-11-27T03:00:50.589371+00:00,train,2,3713,self,0.9525475000000219,0,96,
2025-11-27T03:00:50.589497+00:00,train,2,3714,self,0.9525475000000219,0,98,
2025-11-27T03:00:50.589624+00:00,train,2,3715,self,0.9525475000000219,0,97,
2025-11-27T03:00:50.589751+00:00,train,2,3716,self,0.9525475000000219,0,99,
2025-11-27T03:00:50.589877+00:00,train,2,3717,self,0.9525475000000219,0,98,
2025-11-27T03:00:50.590004+00:00,train,2,3718,self,0.9525475000000219,0,99,
2025-11-27T03:00:50.590130+00:00,train,2,3719,self,0.9525475000000219,0,89,
2025-11-27T03:00:50.590257+00:00,train,2,3720,self,0.9525475000000219,0,99,
2025-11-27T03:00:50.590386+00:00,train,2,3721,self,0.9525475000000219,0,94,
2025-11-27T03:00:50.590513+00:00,train,2,3722,self,0.9525475000000219,0,98,
2025-11-27T03:00:50.590640+00:00,train,2,3723,self,0.9525475000000219,0,89,
2025-11-27T03:00:50.590766+00:00,train,2,3724,self,0.9525475000000219,0,100,
2025-11-27T03:00:50.590893+00:00,train,2,3725,self,0.9525475000000219,0,98,
2025-11-27T03:00:50.591019+00:00,train,2,3726,self,0.9525475000000219,0,100,
2025-11-27T03:00:50.591146+00:00,train,2,3727,self,0.9525475000000219,0,95,
2025-11-27T03:00:50.591272+00:00,train,2,3728,self,0.9525475000000219,0,98,
2025-11-27T03:00:50.591398+00:00,train,2,3729,self,0.9525475000000219,0,90,
2025-11-27T03:00:50.591536+00:00,train,2,3730,self,0.9525475000000219,0,100,
2025-11-27T03:00:50.591658+00:00,train,2,3731,self,0.9525475000000219,0,95,
2025-11-27T03:00:50.591782+00:00,train,2,3732,self,0.9525475000000219,0,95,
2025-11-27T03:00:50.591904+00:00,train,2,3733,self,0.9525475000000219,0,95,
2025-11-27T03:00:50.592027+00:00,train,2,3734,self,0.9525475000000219,0,100,
2025-11-27T03:00:50.592150+00:00,train,2,3735,self,0.9525475000000219,0,94,
2025-11-27T03:00:50.592273+00:00,train,2,3736,self,0.9525475000000219,0,100,
2025-11-27T03:00:50.592395+00:00,train,2,3737,self,0.9525475000000219,0,97,
2025-11-27T03:00:50.592531+00:00,train,2,3738,self,0.9525475000000219,0,99,
2025-11-27T03:00:50.592651+00:00,train,2,3739,self,0.9525475000000219,0,82,
2025-11-27T03:00:50.592769+00:00,train,2,3740,self,0.9525475000000219,0,89,
2025-11-27T03:00:50.592889+00:00,train,2,3741,self,0.9525475000000219,0,98,
2025-11-27T03:00:50.593008+00:00,train,2,3742,self,0.9525475000000219,0,99,
2025-11-27T03:00:50.593127+00:00,train,2,3743,self,0.9525475000000219,0,93,
2025-11-27T03:00:50.593247+00:00,train,2,3744,self,0.9525475000000219,0,100,
2025-11-27T03:00:50.593366+00:00,train,2,3745,self,0.9525475000000219,0,88,
2025-11-27T03:00:50.593499+00:00,train,2,3746,self,0.9525475000000219,0,90,
2025-11-27T03:00:50.593615+00:00,train,2,3747,self,0.9525475000000219,0,95,
2025-11-27T03:00:50.593732+00:00,train,2,3748,self,0.9525475000000219,0,100,
2025-11-27T03:00:50.593848+00:00,train,2,3749,self,0.9525475000000219,0,99,
2025-11-27T03:00:50.593966+00:00,train,2,3750,self,0.9525475000000219,0,100,
2025-11-27T03:00:50.594083+00:00,train,2,3751,self,0.9525475000000219,0,91,
2025-11-27T03:00:50.594199+00:00,train,2,3752,self,0.9525475000000219,0,97,
2025-11-27T03:00:50.594315+00:00,train,2,3753,self,0.9525475000000219,0,86,
2025-11-27T03:00:50.594431+00:00,train,2,3754,self,0.9525475000000219,0,99,
2025-11-27T03:00:50.594560+00:00,train,2,3755,self,0.9525475000000219,0,95,
2025-11-27T03:00:50.594673+00:00,train,2,3756,self,0.9525475000000219,0,98,
2025-11-27T03:00:50.594786+00:00,train,2,3757,self,0.9525475000000219,0,99,
2025-11-27T03:00:50.594900+00:00,train,2,3758,self,0.9525475000000219,0,100,
2025-11-27T03:00:50.595012+00:00,train,2,3759,self,0.9525475000000219,0,89,
2025-11-27T03:00:50.595125+00:00,train,2,3760,self,0.9525475000000219,0,100,
2025-11-27T03:00:50.595238+00:00,train,2,3761,self,0.9525475000000219,0,100,
2025-11-27T03:00:50.595351+00:00,train,2,3762,self,0.9525475000000219,0,100,
2025-11-27T03:00:50.595477+00:00,train,2,3763,self,0.9525475000000219,0,86,
2025-11-27T03:00:50.595596+00:00,train,2,3764,self,0.9525475000000219,0,97,
2025-11-27T03:00:50.595766+00:00,train,2,3765,self,0.9525475000000219,0,95,
2025-11-27T03:00:50.595886+00:00,train,2,3766,self,0.9525475000000219,0,96,
2025-11-27T03:00:50.595999+00:00,train,2,3767,self,0.9525475000000219,0,89,
2025-11-27T03:00:50.596196+00:00,train,2,3768,self,0.9525475000000219,0,94,
2025-11-27T03:00:50.596321+00:00,train,2,3769,self,0.9525475000000219,0,90,
2025-11-27T03:00:50.596455+00:00,train,2,3770,self,0.9525475000000219,0,95,
2025-11-27T03:00:50.596581+00:00,train,2,3771,self,0.9525475000000219,0,94,
2025-11-27T03:00:50.596701+00:00,train,2,3772,self,0.9525475000000219,0,95,
2025-11-27T03:00:50.596809+00:00,train,2,3773,self,0.9525475000000219,0,91,
2025-11-27T03:00:50.596941+00:00,train,2,3774,self,0.9525475000000219,0,100,
2025-11-27T03:00:50.597048+00:00,train,2,3775,self,0.9525475000000219,0,98,
2025-11-27T03:00:50.597170+00:00,train,2,3776,self,0.9525475000000219,0,100,
2025-11-27T03:00:50.597274+00:00,train,2,3777,self,0.9525475000000219,0,95,
2025-11-27T03:00:50.597394+00:00,train,2,3778,self,0.9525475000000219,0,100,
2025-11-27T03:00:50.597512+00:00,train,2,3779,self,0.9525475000000219,0,86,
2025-11-27T03:00:50.597613+00:00,train,2,3780,self,0.9525475000000219,0,91,
2025-11-27T03:00:50.597714+00:00,train,2,3781,self,0.9525475000000219,0,97,
2025-11-27T03:00:50.597814+00:00,train,2,3782,self,0.9525475000000219,0,100,
2025-11-27T03:00:50.597915+00:00,train,2,3783,self,0.9525475000000219,0,96,
2025-11-27T03:00:50.598015+00:00,train,2,3784,self,0.9525475000000219,0,98,
2025-11-27T03:00:50.598116+00:00,train,2,3785,self,0.9525475000000219,0,97,
2025-11-27T03:00:50.598216+00:00,train,2,3786,self,0.9525475000000219,0,99,
2025-11-27T03:00:50.598316+00:00,train,2,3787,self,0.9525475000000219,0,96,
2025-11-27T03:00:50.598417+00:00,train,2,3788,self,0.9525475000000219,0,98,
2025-11-27T03:00:50.598530+00:00,train,2,3789,self,0.9525475000000219,0,95,
2025-11-27T03:00:50.598628+00:00,train,2,3790,self,0.9525475000000219,0,100,
2025-11-27T03:00:50.598725+00:00,train,2,3791,self,0.9525475000000219,0,93,
2025-11-27T03:00:50.598822+00:00,train,2,3792,self,0.9525475000000219,0,99,
2025-11-27T03:00:50.598920+00:00,train,2,3793,self,0.9525475000000219,0,84,
2025-11-27T03:00:50.599018+00:00,train,2,3794,self,0.9525475000000219,0,98,
2025-11-27T03:00:50.599115+00:00,train,2,3795,self,0.9525475000000219,0,88,
2025-11-27T03:00:50.599212+00:00,train,2,3796,self,0.9525475000000219,0,99,
2025-11-27T03:00:50.599310+00:00,train,2,3797,self,0.9525475000000219,0,98,
2025-11-27T03:00:50.599407+00:00,train,2,3798,self,0.9525475000000219,0,100,
2025-11-27T03:00:50.599505+00:00,train,2,3799,self,0.9525475000000219,0,78,
2025-11-27T03:00:50.599603+00:00,train,2,3800,self,0.9525475000000219,0,99,
2025-11-27T03:00:50.599700+00:00,train,2,3801,self,0.9525475000000219,0,89,
2025-11-27T03:00:50.599797+00:00,train,2,3802,self,0.9525475000000219,0,100,
2025-11-27T03:00:50.599898+00:00,train,2,3803,self,0.9525475000000219,0,89,
2025-11-27T03:00:50.599996+00:00,train,2,3804,self,0.9525475000000219,0,92,
2025-11-27T03:00:50.600092+00:00,train,2,3805,self,0.9525475000000219,0,98,
2025-11-27T03:00:50.600190+00:00,train,2,3806,self,0.9525475000000219,0,99,
2025-11-27T03:00:50.600288+00:00,train,2,3807,self,0.9525475000000219,0,91,
2025-11-27T03:00:50.600385+00:00,train,2,3808,self,0.9525475000000219,0,98,
2025-11-27T03:00:50.600482+00:00,train,2,3809,self,0.9525475000000219,0,84,
2025-11-27T03:00:50.600617+00:00,train,2,3810,self,0.9525475000000219,0,94,
2025-11-27T03:00:50.600714+00:00,train,2,3811,self,0.9525475000000219,0,96,
2025-11-27T03:00:50.600812+00:00,train,2,3812,self,0.9525475000000219,0,100,
2025-11-27T03:00:50.600911+00:00,train,2,3813,self,0.9525475000000219,0,95,
2025-11-27T03:00:50.601009+00:00,train,2,3814,self,0.9525475000000219,0,100,
2025-11-27T03:00:50.601106+00:00,train,2,3815,self,0.9525475000000219,0,93,
2025-11-27T03:00:50.601204+00:00,train,2,3816,self,0.9525475000000219,0,99,
2025-11-27T03:00:50.601301+00:00,train,2,3817,self,0.9525475000000219,0,93,
2025-11-27T03:00:50.601399+00:00,train,2,3818,self,0.9525475000000219,0,98,
2025-11-27T03:00:50.601496+00:00,train,2,3819,self,0.9525475000000219,0,94,
2025-11-27T03:00:50.601593+00:00,train,2,3820,self,0.9525475000000219,0,100,
2025-11-27T03:00:50.601692+00:00,train,2,3821,self,0.9525475000000219,0,90,
2025-11-27T03:00:50.601789+00:00,train,2,3822,self,0.9525475000000219,0,92,
2025-11-27T03:00:50.601886+00:00,train,2,3823,self,0.9525475000000219,0,99,
2025-11-27T03:00:50.601983+00:00,train,2,3824,self,0.9525475000000219,0,99,
2025-11-27T03:00:50.602080+00:00,train,2,3825,self,0.9525475000000219,0,89,
2025-11-27T03:00:50.602178+00:00,train,2,3826,self,0.9525475000000219,0,100,
2025-11-27T03:00:50.602275+00:00,train,2,3827,self,0.9525475000000219,0,94,
2025-11-27T03:00:50.602411+00:00,train,2,3828,self,0.9525475000000219,0,97,
2025-11-27T03:00:50.602508+00:00,train,2,3829,self,0.9525475000000219,0,84,
2025-11-27T03:00:50.602605+00:00,train,2,3830,self,0.9525475000000219,0,99,
2025-11-27T03:00:50.602703+00:00,train,2,3831,self,0.9525475000000219,0,95,
2025-11-27T03:00:50.602800+00:00,train,2,3832,self,0.9525475000000219,0,100,
2025-11-27T03:00:50.602897+00:00,train,2,3833,self,0.9525475000000219,0,98,
2025-11-27T03:00:50.602995+00:00,train,2,3834,self,0.9525475000000219,0,99,
2025-11-27T03:00:50.603092+00:00,train,2,3835,self,0.9525475000000219,0,83,
2025-11-27T03:00:50.603191+00:00,train,2,3836,self,0.9525475000000219,0,100,
2025-11-27T03:00:50.603288+00:00,train,2,3837,self,0.9525475000000219,0,93,
2025-11-27T03:00:50.603424+00:00,train,2,3838,self,0.9525475000000219,0,97,
2025-11-27T03:00:50.603522+00:00,train,2,3839,self,0.9525475000000219,0,96,
2025-11-27T03:00:50.603619+00:00,train,2,3840,self,0.9525475000000219,0,99,
2025-11-27T03:00:50.603717+00:00,train,2,3841,self,0.9525475000000219,0,94,
2025-11-27T03:00:50.603816+00:00,train,2,3842,self,0.9525475000000219,0,95,
2025-11-27T03:00:50.603914+00:00,train,2,3843,self,0.9525475000000219,0,87,
2025-11-27T03:00:50.604011+00:00,train,2,3844,self,0.9525475000000219,0,99,
2025-11-27T03:00:50.604109+00:00,train,2,3845,self,0.9525475000000219,0,92,
2025-11-27T03:00:50.604206+00:00,train,2,3846,self,0.9525475000000219,0,98,
2025-11-27T03:00:50.604304+00:00,train,2,3847,self,0.9525475000000219,0,93,
2025-11-27T03:00:50.604401+00:00,train,2,3848,self,0.9525475000000219,0,98,
2025-11-27T03:00:50.604498+00:00,train,2,3849,self,0.9525475000000219,0,81,
2025-11-27T03:00:50.604595+00:00,train,2,3850,self,0.9525475000000219,0,99,
2025-11-27T03:00:50.604692+00:00,train,2,3851,self,0.9525475000000219,0,97,
2025-11-27T03:00:50.604790+00:00,train,2,3852,self,0.9525475000000219,0,99,
2025-11-27T03:00:50.604887+00:00,train,2,3853,self,0.9525475000000219,0,97,
2025-11-27T03:00:50.604985+00:00,train,2,3854,self,0.9525475000000219,0,100,
2025-11-27T03:00:50.605082+00:00,train,2,3855,self,0.9525475000000219,0,95,
2025-11-27T03:00:50.605182+00:00,train,2,3856,self,0.9525475000000219,0,99,
2025-11-27T03:00:50.605280+00:00,train,2,3857,self,0.9525475000000219,0,95,
2025-11-27T03:00:50.605377+00:00,train,2,3858,self,0.9525475000000219,0,99,
2025-11-27T03:00:50.605474+00:00,train,2,3859,self,0.9525475000000219,0,83,
2025-11-27T03:00:50.605572+00:00,train,2,3860,self,0.9525475000000219,0,98,
2025-11-27T03:00:50.605670+00:00,train,2,3861,self,0.9525475000000219,0,86,
2025-11-27T03:00:50.605815+00:00,train,2,3862,self,0.9525475000000219,0,92,
2025-11-27T03:00:50.605915+00:00,train,2,3863,self,0.9525475000000219,0,98,
2025-11-27T03:00:50.606015+00:00,train,2,3864,self,0.9525475000000219,0,99,
2025-11-27T03:00:50.606115+00:00,train,2,3865,self,0.9525475000000219,0,90,
2025-11-27T03:00:50.606214+00:00,train,2,3866,self,0.9525475000000219,0,99,
2025-11-27T03:00:50.606314+00:00,train,2,3867,self,0.9525475000000219,0,99,
2025-11-27T03:00:50.606414+00:00,train,2,3868,self,0.9525475000000219,0,100,
2025-11-27T03:00:50.606513+00:00,train,2,3869,self,0.9525475000000219,0,94,
2025-11-27T03:00:50.606613+00:00,train,2,3870,self,0.9525475000000219,0,99,
2025-11-27T03:00:50.606714+00:00,train,2,3871,self,0.9525475000000219,0,94,
2025-11-27T03:00:50.606814+00:00,train,2,3872,self,0.9525475000000219,0,99,
2025-11-27T03:00:50.606914+00:00,train,2,3873,self,0.9525475000000219,0,84,
2025-11-27T03:00:50.607014+00:00,train,2,3874,self,0.9525475000000219,0,96,
2025-11-27T03:00:50.607117+00:00,train,2,3875,self,0.9525475000000219,0,98,
2025-11-27T03:00:50.607217+00:00,train,2,3876,self,0.9525475000000219,0,98,
2025-11-27T03:00:50.607319+00:00,train,2,3877,self,0.9525475000000219,0,99,
2025-11-27T03:00:50.607420+00:00,train,2,3878,self,0.9525475000000219,0,99,
2025-11-27T03:00:50.607519+00:00,train,2,3879,self,0.9525475000000219,0,81,
2025-11-27T03:00:50.607619+00:00,train,2,3880,self,0.9525475000000219,0,100,
2025-11-27T03:00:50.607718+00:00,train,2,3881,self,0.9525475000000219,0,97,
2025-11-27T03:00:50.607818+00:00,train,2,3882,self,0.9525475000000219,0,100,
2025-11-27T03:00:50.607918+00:00,train,2,3883,self,0.9525475000000219,0,87,
2025-11-27T03:00:50.608018+00:00,train,2,3884,self,0.9525475000000219,0,98,
2025-11-27T03:00:50.608117+00:00,train,2,3885,self,0.9525475000000219,0,86,
2025-11-27T03:00:50.608235+00:00,train,2,3886,self,0.9525475000000219,0,95,
2025-11-27T03:00:50.608380+00:00,train,2,3887,self,0.9525475000000219,0,94,
2025-11-27T03:00:50.608481+00:00,train,2,3888,self,0.9525475000000219,0,95,
2025-11-27T03:00:50.608582+00:00,train,2,3889,self,0.9525475000000219,0,96,
2025-11-27T03:00:50.608683+00:00,train,2,3890,self,0.9525475000000219,0,96,
2025-11-27T03:00:50.608868+00:00,train,2,3891,self,0.9525475000000219,0,89,
2025-11-27T03:00:50.609293+00:00,train,2,3892,self,0.9525475000000219,0,97,
2025-11-27T03:00:50.609556+00:00,train,2,3893,self,0.9525475000000219,0,91,
2025-11-27T03:00:50.609722+00:00,train,2,3894,self,0.9525475000000219,0,99,
2025-11-27T03:00:50.609851+00:00,train,2,3895,self,0.9525475000000219,0,94,
2025-11-27T03:00:50.609957+00:00,train,2,3896,self,0.9525475000000219,0,99,
2025-11-27T03:00:50.610063+00:00,train,2,3897,self,0.9525475000000219,0,99,
2025-11-27T03:00:50.610201+00:00,train,2,3898,self,0.9525475000000219,0,100,
2025-11-27T03:00:50.610303+00:00,train,2,3899,self,0.9525475000000219,0,89,
2025-11-27T03:00:50.610404+00:00,train,2,3900,self,0.9525475000000219,0,96,
2025-11-27T03:00:50.610504+00:00,train,2,3901,self,0.9525475000000219,0,100,
2025-11-27T03:00:50.610621+00:00,train,2,3902,self,0.9525475000000219,0,100,
2025-11-27T03:00:50.610721+00:00,train,2,3903,self,0.9525475000000219,0,96,
2025-11-27T03:00:50.610821+00:00,train,2,3904,self,0.9525475000000219,0,98,
2025-11-27T03:00:50.610935+00:00,train,2,3905,self,0.9525475000000219,0,82,
2025-11-27T03:00:50.611035+00:00,train,2,3906,self,0.9525475000000219,0,99,
2025-11-27T03:00:50.611134+00:00,train,2,3907,self,0.9525475000000219,0,91,
2025-11-27T03:00:50.611279+00:00,train,2,3908,self,0.9525475000000219,0,100,
2025-11-27T03:00:50.611462+00:00,train,2,3909,self,0.9525475000000219,0,81,
2025-11-27T03:00:50.611590+00:00,train,2,3910,self,0.9525475000000219,0,95,
2025-11-27T03:00:50.611706+00:00,train,2,3911,self,0.9525475000000219,0,88,
2025-11-27T03:00:50.611805+00:00,train,2,3912,self,0.9525475000000219,0,98,
2025-11-27T03:00:50.611904+00:00,train,2,3913,self,0.9525475000000219,0,96,
2025-11-27T03:00:50.612002+00:00,train,2,3914,self,0.9525475000000219,0,98,
2025-11-27T03:00:50.612100+00:00,train,2,3915,self,0.9525475000000219,0,95,
2025-11-27T03:00:50.612199+00:00,train,2,3916,self,0.9525475000000219,0,98,
2025-11-27T03:00:50.612299+00:00,train,2,3917,self,0.9525475000000219,0,100,
2025-11-27T03:00:50.612398+00:00,train,2,3918,self,0.9525475000000219,0,100,
2025-11-27T03:00:50.612562+00:00,train,2,3919,self,0.9525475000000219,0,95,
2025-11-27T03:00:50.612722+00:00,train,2,3920,self,0.9525475000000219,0,98,
2025-11-27T03:00:50.612821+00:00,train,2,3921,self,0.9525475000000219,0,92,
2025-11-27T03:00:50.612920+00:00,train,2,3922,self,0.9525475000000219,0,96,
2025-11-27T03:00:50.613018+00:00,train,2,3923,self,0.9525475000000219,0,95,
2025-11-27T03:00:50.613117+00:00,train,2,3924,self,0.9525475000000219,0,97,
2025-11-27T03:00:50.613215+00:00,train,2,3925,self,0.9525475000000219,0,94,
2025-11-27T03:00:50.613314+00:00,train,2,3926,self,0.9525475000000219,0,100,
2025-11-27T03:00:50.613413+00:00,train,2,3927,self,0.9525475000000219,0,99,
2025-11-27T03:00:50.613512+00:00,train,2,3928,self,0.9525475000000219,0,100,
2025-11-27T03:00:50.613611+00:00,train,2,3929,self,0.9525475000000219,0,95,
2025-11-27T03:00:50.613710+00:00,train,2,3930,self,0.9525475000000219,0,100,
2025-11-27T03:00:50.613808+00:00,train,2,3931,self,0.9525475000000219,0,82,
2025-11-27T03:00:50.613907+00:00,train,2,3932,self,0.9525475000000219,0,96,
2025-11-27T03:00:50.614006+00:00,train,2,3933,self,0.9525475000000219,0,80,
2025-11-27T03:00:50.614105+00:00,train,2,3934,self,0.9525475000000219,0,97,
2025-11-27T03:00:50.614203+00:00,train,2,3935,self,0.9525475000000219,0,90,
2025-11-27T03:00:50.614302+00:00,train,2,3936,self,0.9525475000000219,0,98,
2025-11-27T03:00:50.614401+00:00,train,2,3937,self,0.9525475000000219,0,97,
2025-11-27T03:00:50.614499+00:00,train,2,3938,self,0.9525475000000219,0,99,
2025-11-27T03:00:50.614598+00:00,train,2,3939,self,0.9525475000000219,0,89,
2025-11-27T03:00:50.614696+00:00,train,2,3940,self,0.9525475000000219,0,97,
2025-11-27T03:00:50.614796+00:00,train,2,3941,self,0.9525475000000219,0,95,
2025-11-27T03:00:50.614895+00:00,train,2,3942,self,0.9525475000000219,0,99,
2025-11-27T03:00:50.614994+00:00,train,2,3943,self,0.9525475000000219,0,98,
2025-11-27T03:00:50.615093+00:00,train,2,3944,self,0.9525475000000219,0,100,
2025-11-27T03:00:50.615192+00:00,train,2,3945,self,0.9525475000000219,0,89,
2025-11-27T03:00:50.615290+00:00,train,2,3946,self,0.9525475000000219,0,97,
2025-11-27T03:00:50.615389+00:00,train,2,3947,self,0.9525475000000219,0,96,
2025-11-27T03:00:50.615488+00:00,train,2,3948,self,0.9525475000000219,0,98,
2025-11-27T03:00:50.615586+00:00,train,2,3949,self,0.9525475000000219,0,92,
2025-11-27T03:00:50.615685+00:00,train,2,3950,self,0.9525475000000219,0,100,
2025-11-27T03:00:50.615811+00:00,train,2,3951,self,0.9525475000000219,0,87,
2025-11-27T03:00:50.615970+00:00,train,2,3952,self,0.9525475000000219,0,94,
2025-11-27T03:00:50.616070+00:00,train,2,3953,self,0.9525475000000219,0,100,
2025-11-27T03:00:50.616170+00:00,train,2,3954,self,0.9525475000000219,0,100,
2025-11-27T03:00:50.616269+00:00,train,2,3955,self,0.9525475000000219,0,75,
2025-11-27T03:00:50.616368+00:00,train,2,3956,self,0.9525475000000219,0,96,
2025-11-27T03:00:50.616467+00:00,train,2,3957,self,0.9525475000000219,0,85,
2025-11-27T03:00:50.616680+00:00,train,2,3958,self,0.9525475000000219,0,94,
2025-11-27T03:00:50.616801+00:00,train,2,3959,self,0.9525475000000219,0,98,
2025-11-27T03:00:50.616913+00:00,train,2,3960,self,0.9525475000000219,0,100,
2025-11-27T03:00:50.617021+00:00,train,2,3961,self,0.9525475000000219,0,82,
2025-11-27T03:00:50.617129+00:00,train,2,3962,self,0.9525475000000219,0,97,
2025-11-27T03:00:50.617233+00:00,train,2,3963,self,0.9525475000000219,0,97,
2025-11-27T03:00:50.617339+00:00,train,2,3964,self,0.9525475000000219,0,100,
2025-11-27T03:00:50.617441+00:00,train,2,3965,self,0.9525475000000219,0,93,
2025-11-27T03:00:50.617542+00:00,train,2,3966,self,0.9525475000000219,0,100,
2025-11-27T03:00:50.617703+00:00,train,2,3967,self,0.9525475000000219,0,95,
2025-11-27T03:00:50.617890+00:00,train,2,3968,self,0.9525475000000219,0,99,
2025-11-27T03:00:50.618054+00:00,train,2,3969,self,0.9525475000000219,0,95,
2025-11-27T03:00:50.618161+00:00,train,2,3970,self,0.9525475000000219,0,97,
2025-11-27T03:00:50.618270+00:00,train,2,3971,self,0.9525475000000219,0,95,
2025-11-27T03:00:50.618372+00:00,train,2,3972,self,0.9525475000000219,0,96,
2025-11-27T03:00:50.618494+00:00,train,2,3973,self,0.9525475000000219,0,99,
2025-11-27T03:00:50.618596+00:00,train,2,3974,self,0.9525475000000219,0,100,
2025-11-27T03:00:50.618698+00:00,train,2,3975,self,0.9525475000000219,0,93,
2025-11-27T03:00:50.618816+00:00,train,2,3976,self,0.9525475000000219,0,100,
2025-11-27T03:00:50.618923+00:00,train,2,3977,self,0.9525475000000219,0,92,
2025-11-27T03:00:50.619026+00:00,train,2,3978,self,0.9525475000000219,0,94,
2025-11-27T03:00:50.619131+00:00,train,2,3979,self,0.9525475000000219,0,94,
2025-11-27T03:00:50.619254+00:00,train,2,3980,self,0.9525475000000219,0,99,
2025-11-27T03:00:50.619355+00:00,train,2,3981,self,0.9525475000000219,0,92,
2025-11-27T03:00:50.619455+00:00,train,2,3982,self,0.9525475000000219,0,100,
2025-11-27T03:00:50.619555+00:00,train,2,3983,self,0.9525475000000219,0,82,
2025-11-27T03:00:50.619728+00:00,train,2,3984,self,0.9525475000000219,0,100,
2025-11-27T03:00:50.619828+00:00,train,2,3985,self,0.9525475000000219,0,87,
2025-11-27T03:00:50.619976+00:00,train,2,3986,self,0.9525475000000219,0,99,
2025-11-27T03:00:50.620094+00:00,train,2,3987,self,0.9525475000000219,0,96,
2025-11-27T03:00:50.620220+00:00,train,2,3988,self,0.9525475000000219,0,96,
2025-11-27T03:00:50.620326+00:00,train,2,3989,self,0.9525475000000219,0,91,
2025-11-27T03:00:50.620530+00:00,train,2,3990,self,0.9525475000000219,0,97,
2025-11-27T03:00:50.620734+00:00,train,2,3991,self,0.9525475000000219,0,84,
2025-11-27T03:00:50.620940+00:00,train,2,3992,self,0.9525475000000219,0,91,
2025-11-27T03:00:50.621112+00:00,train,2,3993,self,0.9525475000000219,0,92,
2025-11-27T03:00:50.621261+00:00,train,2,3994,self,0.9525475000000219,0,100,
2025-11-27T03:00:50.621441+00:00,train,2,3995,self,0.9525475000000219,0,87,
2025-11-27T03:00:50.621574+00:00,train,2,3996,self,0.9525475000000219,0,92,
2025-11-27T03:00:50.621683+00:00,train,2,3997,self,0.9525475000000219,0,78,
2025-11-27T03:00:50.621790+00:00,train,2,3998,self,0.9525475000000219,0,97,
2025-11-27T03:00:50.621894+00:00,train,2,3999,self,0.9525475000000219,0,97,
2025-11-27T03:00:50.622031+00:00,train,2,4000,self,0.9525475000000219,0,99,
2025-11-27T03:00:50.622134+00:00,train,2,4001,self,0.9525475000000219,0,78,
2025-11-27T03:00:50.622236+00:00,train,2,4002,self,0.9525475000000219,0,100,
2025-11-27T03:00:50.622337+00:00,train,2,4003,self,0.9525475000000219,0,97,
2025-11-27T03:00:50.622438+00:00,train,2,4004,self,0.9525475000000219,0,97,
2025-11-27T03:00:50.622539+00:00,train,2,4005,self,0.9525475000000219,0,97,
2025-11-27T03:00:50.622640+00:00,train,2,4006,self,0.9525475000000219,0,100,
2025-11-27T03:00:50.622747+00:00,train,2,4007,self,0.9525475000000219,0,94,
2025-11-27T03:00:50.622858+00:00,train,2,4008,self,0.9525475000000219,0,94,
2025-11-27T03:00:50.622963+00:00,train,2,4009,self,0.9525475000000219,0,93,
2025-11-27T03:00:50.623068+00:00,train,2,4010,self,0.9525475000000219,0,95,
2025-11-27T03:00:50.623169+00:00,train,2,4011,self,0.9525475000000219,0,96,
2025-11-27T03:00:50.623268+00:00,train,2,4012,self,0.9525475000000219,0,99,
2025-11-27T03:00:50.623369+00:00,train,2,4013,self,0.9525475000000219,0,91,
2025-11-27T03:00:50.623469+00:00,train,2,4014,self,0.9525475000000219,0,92,
2025-11-27T03:00:50.623572+00:00,train,2,4015,self,0.9525475000000219,0,90,
2025-11-27T03:00:50.623674+00:00,train,2,4016,self,0.9525475000000219,0,92,
2025-11-27T03:00:50.623808+00:00,train,2,4017,self,0.9525475000000219,0,81,
2025-11-27T03:00:50.623908+00:00,train,2,4018,self,0.9525475000000219,0,82,
2025-11-27T03:00:50.624069+00:00,train,2,4019,self,0.9525475000000219,0,92,
2025-11-27T03:00:50.624189+00:00,train,2,4020,self,0.9525475000000219,0,98,
2025-11-27T03:00:50.624325+00:00,train,2,4021,self,0.9525475000000219,0,94,
2025-11-27T03:00:50.624433+00:00,train,2,4022,self,0.9525475000000219,0,96,
2025-11-27T03:00:50.624565+00:00,train,2,4023,self,0.9525475000000219,0,98,
2025-11-27T03:00:50.624667+00:00,train,2,4024,self,0.9525475000000219,0,99,
2025-11-27T03:00:50.624793+00:00,train,2,4025,self,0.9525475000000219,0,99,
2025-11-27T03:00:50.624898+00:00,train,2,4026,self,0.9525475000000219,0,100,
2025-11-27T03:00:50.625028+00:00,train,2,4027,self,0.9525475000000219,0,91,
2025-11-27T03:00:50.625128+00:00,train,2,4028,self,0.9525475000000219,0,100,
2025-11-27T03:00:50.625228+00:00,train,2,4029,self,0.9525475000000219,0,89,
2025-11-27T03:00:50.625347+00:00,train,2,4030,self,0.9525475000000219,0,99,
2025-11-27T03:00:50.625447+00:00,train,2,4031,self,0.9525475000000219,0,96,
2025-11-27T03:00:50.625606+00:00,train,2,4032,self,0.9525475000000219,0,99,
2025-11-27T03:00:50.625707+00:00,train,2,4033,self,0.9525475000000219,0,80,
2025-11-27T03:00:50.625805+00:00,train,2,4034,self,0.9525475000000219,0,100,
2025-11-27T03:00:50.625920+00:00,train,2,4035,self,0.9525475000000219,0,94,
2025-11-27T03:00:50.626020+00:00,train,2,4036,self,0.9525475000000219,0,99,
2025-11-27T03:00:50.626303+00:00,train,2,4037,self,0.9525475000000219,0,96,
2025-11-27T03:00:50.626427+00:00,train,2,4038,self,0.9525475000000219,0,100,
2025-11-27T03:00:50.626537+00:00,train,2,4039,self,0.9525475000000219,0,98,
2025-11-27T03:00:50.626643+00:00,train,2,4040,self,0.9525475000000219,0,100,
2025-11-27T03:00:50.626747+00:00,train,2,4041,self,0.9525475000000219,0,84,
2025-11-27T03:00:50.626853+00:00,train,2,4042,self,0.9525475000000219,0,100,
2025-11-27T03:00:50.626991+00:00,train,2,4043,self,0.9525475000000219,0,93,
2025-11-27T03:00:50.627092+00:00,train,2,4044,self,0.9525475000000219,0,97,
2025-11-27T03:00:50.627308+00:00,train,2,4045,self,0.9525475000000219,0,98,
2025-11-27T03:00:50.627569+00:00,train,2,4046,self,0.9525475000000219,0,99,
2025-11-27T03:00:50.627758+00:00,train,2,4047,self,0.9525475000000219,0,70,
2025-11-27T03:00:50.627920+00:00,train,2,4048,self,0.9525475000000219,0,100,
2025-11-27T03:00:50.628090+00:00,train,2,4049,self,0.9525475000000219,0,97,
2025-11-27T03:00:50.628198+00:00,train,2,4050,self,0.9525475000000219,0,98,
2025-11-27T03:00:50.628302+00:00,train,2,4051,self,0.9525475000000219,0,86,
2025-11-27T03:00:50.628404+00:00,train,2,4052,self,0.9525475000000219,0,98,
2025-11-27T03:00:50.628504+00:00,train,2,4053,self,0.9525475000000219,0,98,
2025-11-27T03:00:50.628683+00:00,train,2,4054,self,0.9525475000000219,0,99,
2025-11-27T03:00:50.628806+00:00,train,2,4055,self,0.9525475000000219,0,86,
2025-11-27T03:00:50.628921+00:00,train,2,4056,self,0.9525475000000219,0,95,
2025-11-27T03:00:50.629050+00:00,train,2,4057,self,0.9525475000000219,0,91,
2025-11-27T03:00:50.629161+00:00,train,2,4058,self,0.9525475000000219,0,99,
2025-11-27T03:00:50.629342+00:00,train,2,4059,self,0.9525475000000219,0,86,
2025-11-27T03:00:50.629449+00:00,train,2,4060,self,0.9525475000000219,0,100,
2025-11-27T03:00:50.629609+00:00,train,2,4061,self,0.9525475000000219,0,93,
2025-11-27T03:00:50.629860+00:00,train,2,4062,self,0.9525475000000219,0,100,
2025-11-27T03:00:50.630131+00:00,train,2,4063,self,0.9525475000000219,0,87,
2025-11-27T03:00:50.630264+00:00,train,2,4064,self,0.9525475000000219,0,99,
2025-11-27T03:00:50.630425+00:00,train,2,4065,self,0.9525475000000219,0,90,
2025-11-27T03:00:50.630552+00:00,train,2,4066,self,0.9525475000000219,0,97,
2025-11-27T03:00:50.630671+00:00,train,2,4067,self,0.9525475000000219,0,93,
2025-11-27T03:00:50.630784+00:00,train,2,4068,self,0.9525475000000219,0,95,
2025-11-27T03:00:50.630941+00:00,train,2,4069,self,0.9525475000000219,0,92,
2025-11-27T03:00:50.631078+00:00,train,2,4070,self,0.9525475000000219,0,95,
2025-11-27T03:00:50.631235+00:00,train,2,4071,self,0.9525475000000219,0,92,
2025-11-27T03:00:50.631359+00:00,train,2,4072,self,0.9525475000000219,0,93,
2025-11-27T03:00:50.631514+00:00,train,2,4073,self,0.9525475000000219,0,87,
2025-11-27T03:00:50.631632+00:00,train,2,4074,self,0.9525475000000219,0,94,
2025-11-27T03:00:50.631793+00:00,train,2,4075,self,0.9525475000000219,0,98,
2025-11-27T03:00:50.631916+00:00,train,2,4076,self,0.9525475000000219,0,100,
2025-11-27T03:00:50.632109+00:00,train,2,4077,self,0.9525475000000219,0,90,
2025-11-27T03:00:50.632227+00:00,train,2,4078,self,0.9525475000000219,0,97,
2025-11-27T03:00:50.632336+00:00,train,2,4079,self,0.9525475000000219,0,92,
2025-11-27T03:00:50.632501+00:00,train,2,4080,self,0.9525475000000219,0,100,
2025-11-27T03:00:50.632623+00:00,train,2,4081,self,0.9525475000000219,0,97,
2025-11-27T03:00:50.632739+00:00,train,2,4082,self,0.9525475000000219,0,99,
2025-11-27T03:00:50.632850+00:00,train,2,4083,self,0.9525475000000219,0,92,
2025-11-27T03:00:50.632978+00:00,train,2,4084,self,0.9525475000000219,0,99,
2025-11-27T03:00:50.633083+00:00,train,2,4085,self,0.9525475000000219,0,83,
2025-11-27T03:00:50.633210+00:00,train,2,4086,self,0.9525475000000219,0,92,
2025-11-27T03:00:50.633314+00:00,train,2,4087,self,0.9525475000000219,0,98,
2025-11-27T03:00:50.633439+00:00,train,2,4088,self,0.9525475000000219,0,100,
2025-11-27T03:00:50.633543+00:00,train,2,4089,self,0.9525475000000219,0,96,
2025-11-27T03:00:50.633686+00:00,train,2,4090,self,0.9525475000000219,0,98,
2025-11-27T03:00:50.633800+00:00,train,2,4091,self,0.9525475000000219,0,70,
2025-11-27T03:00:50.633972+00:00,train,2,4092,self,0.9525475000000219,0,94,
2025-11-27T03:00:50.634078+00:00,train,2,4093,self,0.9525475000000219,0,89,
2025-11-27T03:00:50.634200+00:00,train,2,4094,self,0.9525475000000219,0,90,
2025-11-27T03:00:50.634304+00:00,train,2,4095,self,0.9525475000000219,0,92,
2025-11-27T03:00:50.634421+00:00,train,2,4096,self,0.9525475000000219,0,98,
2025-11-27T03:00:50.634524+00:00,train,2,4097,self,0.9525475000000219,0,82,
2025-11-27T03:00:50.634670+00:00,train,2,4098,self,0.9525475000000219,0,97,
2025-11-27T03:00:50.634787+00:00,train,2,4099,self,0.9525475000000219,0,100,
2025-11-27T03:00:50.634908+00:00,train,2,4100,self,0.9525475000000219,0,100,
2025-11-27T03:00:50.638346+00:00,train,2,4101,self,0.9525475000000219,0,89,
2025-11-27T03:00:50.638576+00:00,train,2,4102,self,0.9525475000000219,0,99,
2025-11-27T03:00:50.638724+00:00,train,2,4103,self,0.9525475000000219,0,93,
2025-11-27T03:00:50.638843+00:00,train,2,4104,self,0.9525475000000219,0,96,
2025-11-27T03:00:50.638956+00:00,train,2,4105,self,0.9525475000000219,0,94,
2025-11-27T03:00:50.639086+00:00,train,2,4106,self,0.9525475000000219,0,98,
2025-11-27T03:00:50.639196+00:00,train,2,4107,self,0.9525475000000219,0,94,
2025-11-27T03:00:50.639321+00:00,train,2,4108,self,0.9525475000000219,0,98,
2025-11-27T03:00:50.639428+00:00,train,2,4109,self,0.9525475000000219,0,93,
2025-11-27T03:00:50.639564+00:00,train,2,4110,self,0.9525475000000219,0,97,
2025-11-27T03:00:50.639673+00:00,train,2,4111,self,0.9525475000000219,0,96,
2025-11-27T03:00:50.639847+00:00,train,2,4112,self,0.9525475000000219,0,99,
2025-11-27T03:00:50.639979+00:00,train,2,4113,self,0.9525475000000219,0,95,
2025-11-27T03:00:50.640101+00:00,train,2,4114,self,0.9525475000000219,0,99,
2025-11-27T03:00:50.640220+00:00,train,2,4115,self,0.9525475000000219,0,99,
2025-11-27T03:00:50.640336+00:00,train,2,4116,self,0.9525475000000219,0,100,
2025-11-27T03:00:50.640453+00:00,train,2,4117,self,0.9525475000000219,0,99,
2025-11-27T03:00:50.640581+00:00,train,2,4118,self,0.9525475000000219,0,100,
2025-11-27T03:00:50.640696+00:00,train,2,4119,self,0.9525475000000219,0,89,
2025-11-27T03:00:50.640810+00:00,train,2,4120,self,0.9525475000000219,0,99,
2025-11-27T03:00:50.640925+00:00,train,2,4121,self,0.9525475000000219,0,98,
2025-11-27T03:00:50.641042+00:00,train,2,4122,self,0.9525475000000219,0,100,
2025-11-27T03:00:50.641156+00:00,train,2,4123,self,0.9525475000000219,0,95,
2025-11-27T03:00:50.641269+00:00,train,2,4124,self,0.9525475000000219,0,96,
2025-11-27T03:00:50.641384+00:00,train,2,4125,self,0.9525475000000219,0,97,
2025-11-27T03:00:50.641512+00:00,train,2,4126,self,0.9525475000000219,0,100,
2025-11-27T03:00:50.641628+00:00,train,2,4127,self,0.9525475000000219,0,96,
2025-11-27T03:00:50.641744+00:00,train,2,4128,self,0.9525475000000219,0,99,
2025-11-27T03:00:50.641861+00:00,train,2,4129,self,0.9525475000000219,0,94,
2025-11-27T03:00:50.641976+00:00,train,2,4130,self,0.9525475000000219,0,94,
2025-11-27T03:00:50.642093+00:00,train,2,4131,self,0.9525475000000219,0,99,
2025-11-27T03:00:50.642209+00:00,train,2,4132,self,0.9525475000000219,0,100,
2025-11-27T03:00:50.642327+00:00,train,2,4133,self,0.9525475000000219,0,97,
2025-11-27T03:00:50.642443+00:00,train,2,4134,self,0.9525475000000219,0,100,
2025-11-27T03:00:50.642576+00:00,train,2,4135,self,0.9525475000000219,0,98,
2025-11-27T03:00:50.642696+00:00,train,2,4136,self,0.9525475000000219,0,100,
2025-11-27T03:00:50.642816+00:00,train,2,4137,self,0.9525475000000219,0,83,
2025-11-27T03:00:50.642934+00:00,train,2,4138,self,0.9525475000000219,0,100,
2025-11-27T03:00:50.643055+00:00,train,2,4139,self,0.9525475000000219,0,98,
2025-11-27T03:00:50.643174+00:00,train,2,4140,self,0.9525475000000219,0,100,
2025-11-27T03:00:50.643294+00:00,train,2,4141,self,0.9525475000000219,0,95,
2025-11-27T03:00:50.643422+00:00,train,2,4142,self,0.9525475000000219,0,100,
2025-11-27T03:00:50.643557+00:00,train,2,4143,self,0.9525475000000219,0,99,
2025-11-27T03:00:50.643679+00:00,train,2,4144,self,0.9525475000000219,0,99,
2025-11-27T03:00:50.643801+00:00,train,2,4145,self,0.9525475000000219,0,98,
2025-11-27T03:00:50.643991+00:00,train,2,4146,self,0.9525475000000219,0,100,
2025-11-27T03:00:50.644143+00:00,train,2,4147,self,0.9525475000000219,0,94,
2025-11-27T03:00:50.644283+00:00,train,2,4148,self,0.9525475000000219,0,100,
2025-11-27T03:00:50.644406+00:00,train,2,4149,self,0.9525475000000219,0,90,
2025-11-27T03:00:50.644588+00:00,train,2,4150,self,0.9525475000000219,0,97,
2025-11-27T03:00:50.644728+00:00,train,2,4151,self,0.9525475000000219,0,93,
2025-11-27T03:00:50.644860+00:00,train,2,4152,self,0.9525475000000219,0,100,
2025-11-27T03:00:50.644987+00:00,train,2,4153,self,0.9525475000000219,0,93,
2025-11-27T03:00:50.645112+00:00,train,2,4154,self,0.9525475000000219,0,95,
2025-11-27T03:00:50.645236+00:00,train,2,4155,self,0.9525475000000219,0,98,
2025-11-27T03:00:50.645384+00:00,train,2,4156,self,0.9525475000000219,0,100,
2025-11-27T03:00:50.645521+00:00,train,2,4157,self,0.9525475000000219,0,96,
2025-11-27T03:00:50.645649+00:00,train,2,4158,self,0.9525475000000219,0,96,
2025-11-27T03:00:50.645774+00:00,train,2,4159,self,0.9525475000000219,0,99,
2025-11-27T03:00:50.645900+00:00,train,2,4160,self,0.9525475000000219,0,100,
2025-11-27T03:00:50.646025+00:00,train,2,4161,self,0.9525475000000219,0,99,
2025-11-27T03:00:50.646150+00:00,train,2,4162,self,0.9525475000000219,0,99,
2025-11-27T03:00:50.646274+00:00,train,2,4163,self,0.9525475000000219,0,93,
2025-11-27T03:00:50.646398+00:00,train,2,4164,self,0.9525475000000219,0,100,
2025-11-27T03:00:50.646523+00:00,train,2,4165,self,0.9525475000000219,0,87,
2025-11-27T03:00:50.646648+00:00,train,2,4166,self,0.9525475000000219,0,97,
2025-11-27T03:00:50.646781+00:00,train,2,4167,self,0.9525475000000219,0,95,
2025-11-27T03:00:50.646914+00:00,train,2,4168,self,0.9525475000000219,0,98,
2025-11-27T03:00:50.647040+00:00,train,2,4169,self,0.9525475000000219,0,91,
2025-11-27T03:00:50.647217+00:00,train,2,4170,self,0.9525475000000219,0,92,
2025-11-27T03:00:50.647388+00:00,train,2,4171,self,0.9525475000000219,0,96,
2025-11-27T03:00:50.647595+00:00,train,2,4172,self,0.9525475000000219,0,98,
2025-11-27T03:00:50.647739+00:00,train,2,4173,self,0.9525475000000219,0,99,
2025-11-27T03:00:50.647874+00:00,train,2,4174,self,0.9525475000000219,0,100,
2025-11-27T03:00:50.648008+00:00,train,2,4175,self,0.9525475000000219,0,97,
2025-11-27T03:00:50.648140+00:00,train,2,4176,self,0.9525475000000219,0,100,
2025-11-27T03:00:50.648268+00:00,train,2,4177,self,0.9525475000000219,0,95,
2025-11-27T03:00:50.648395+00:00,train,2,4178,self,0.9525475000000219,0,100,
2025-11-27T03:00:50.648521+00:00,train,2,4179,self,0.9525475000000219,0,90,
2025-11-27T03:00:50.648651+00:00,train,2,4180,self,0.9525475000000219,0,96,
2025-11-27T03:00:50.648778+00:00,train,2,4181,self,0.9525475000000219,0,99,
2025-11-27T03:00:50.648988+00:00,train,2,4182,self,0.9525475000000219,0,99,
2025-11-27T03:00:50.649135+00:00,train,2,4183,self,0.9525475000000219,0,88,
2025-11-27T03:00:50.649274+00:00,train,2,4184,self,0.9525475000000219,0,96,
2025-11-27T03:00:50.649408+00:00,train,2,4185,self,0.9525475000000219,0,95,
2025-11-27T03:00:50.649540+00:00,train,2,4186,self,0.9525475000000219,0,96,
2025-11-27T03:00:50.649670+00:00,train,2,4187,self,0.9525475000000219,0,90,
2025-11-27T03:00:50.649812+00:00,train,2,4188,self,0.9525475000000219,0,95,
2025-11-27T03:00:50.649940+00:00,train,2,4189,self,0.9525475000000219,0,96,
2025-11-27T03:00:50.650117+00:00,train,2,4190,self,0.9525475000000219,0,98,
2025-11-27T03:00:50.650262+00:00,train,2,4191,self,0.9525475000000219,0,87,
2025-11-27T03:00:50.650410+00:00,train,2,4192,self,0.9525475000000219,0,94,
2025-11-27T03:00:50.650542+00:00,train,2,4193,self,0.9525475000000219,0,84,
2025-11-27T03:00:50.650671+00:00,train,2,4194,self,0.9525475000000219,0,91,
2025-11-27T03:00:50.650798+00:00,train,2,4195,self,0.9525475000000219,0,97,
2025-11-27T03:00:50.650926+00:00,train,2,4196,self,0.9525475000000219,0,99,
2025-11-27T03:00:50.651053+00:00,train,2,4197,self,0.9525475000000219,0,87,
2025-11-27T03:00:50.651180+00:00,train,2,4198,self,0.9525475000000219,0,94,
2025-11-27T03:00:50.651307+00:00,train,2,4199,self,0.9525475000000219,0,92,
2025-11-27T03:00:50.651433+00:00,train,2,4200,self,0.9525475000000219,0,93,
2025-11-27T03:00:50.651560+00:00,train,2,4201,self,0.9525475000000219,0,95,
2025-11-27T03:00:50.651686+00:00,train,2,4202,self,0.9525475000000219,0,97,
2025-11-27T03:00:50.651813+00:00,train,2,4203,self,0.9525475000000219,0,88,
2025-11-27T03:00:50.651939+00:00,train,2,4204,self,0.9525475000000219,0,97,
2025-11-27T03:00:50.652065+00:00,train,2,4205,self,0.9525475000000219,0,98,
2025-11-27T03:00:50.652196+00:00,train,2,4206,self,0.9525475000000219,0,100,
2025-11-27T03:00:50.652323+00:00,train,2,4207,self,0.9525475000000219,0,96,
2025-11-27T03:00:50.652449+00:00,train,2,4208,self,0.9525475000000219,0,98,
2025-11-27T03:00:50.652574+00:00,train,2,4209,self,0.9525475000000219,0,91,
2025-11-27T03:00:50.652701+00:00,train,2,4210,self,0.9525475000000219,0,99,
2025-11-27T03:00:50.652826+00:00,train,2,4211,self,0.9525475000000219,0,98,
2025-11-27T03:00:50.652953+00:00,train,2,4212,self,0.9525475000000219,0,98,
2025-11-27T03:00:50.653080+00:00,train,2,4213,self,0.9525475000000219,0,90,
2025-11-27T03:00:50.653213+00:00,train,2,4214,self,0.9525475000000219,0,99,
2025-11-27T03:00:50.653427+00:00,train,2,4215,self,0.9525475000000219,0,98,
2025-11-27T03:00:50.653579+00:00,train,2,4216,self,0.9525475000000219,0,100,
2025-11-27T03:00:50.653720+00:00,train,2,4217,self,0.9525475000000219,0,97,
2025-11-27T03:00:50.653857+00:00,train,2,4218,self,0.9525475000000219,0,100,
2025-11-27T03:00:50.653991+00:00,train,2,4219,self,0.9525475000000219,0,96,
2025-11-27T03:00:50.654122+00:00,train,2,4220,self,0.9525475000000219,0,98,
2025-11-27T03:00:50.654252+00:00,train,2,4221,self,0.9525475000000219,0,83,
2025-11-27T03:00:50.654392+00:00,train,2,4222,self,0.9525475000000219,0,100,
2025-11-27T03:00:50.654579+00:00,train,2,4223,self,0.9525475000000219,0,100,
2025-11-27T03:00:50.654776+00:00,train,2,4224,self,0.9525475000000219,0,100,
2025-11-27T03:00:50.654928+00:00,train,2,4225,self,0.9525475000000219,0,88,
2025-11-27T03:00:50.655067+00:00,train,2,4226,self,0.9525475000000219,0,97,
2025-11-27T03:00:50.655205+00:00,train,2,4227,self,0.9525475000000219,0,99,
2025-11-27T03:00:50.655346+00:00,train,2,4228,self,0.9525475000000219,0,100,
2025-11-27T03:00:50.655476+00:00,train,2,4229,self,0.9525475000000219,0,99,
2025-11-27T03:00:50.655611+00:00,train,2,4230,self,0.9525475000000219,0,100,
2025-11-27T03:00:50.655737+00:00,train,2,4231,self,0.9525475000000219,0,96,
2025-11-27T03:00:50.655942+00:00,train,2,4232,self,0.9525475000000219,0,97,
2025-11-27T03:00:50.656101+00:00,train,2,4233,self,0.9525475000000219,0,97,
2025-11-27T03:00:50.656241+00:00,train,2,4234,self,0.9525475000000219,0,100,
2025-11-27T03:00:50.656377+00:00,train,2,4235,self,0.9525475000000219,0,97,
2025-11-27T03:00:50.656588+00:00,train,2,4236,self,0.9525475000000219,0,97,
2025-11-27T03:00:50.656745+00:00,train,2,4237,self,0.9525475000000219,0,99,
2025-11-27T03:00:50.656883+00:00,train,2,4238,self,0.9525475000000219,0,100,
2025-11-27T03:00:50.657017+00:00,train,2,4239,self,0.9525475000000219,0,97,
2025-11-27T03:00:50.657146+00:00,train,2,4240,self,0.9525475000000219,0,98,
2025-11-27T03:00:50.657299+00:00,train,2,4241,self,0.9525475000000219,0,96,
2025-11-27T03:00:50.657427+00:00,train,2,4242,self,0.9525475000000219,0,100,
2025-11-27T03:00:50.657555+00:00,train,2,4243,self,0.9525475000000219,0,92,
2025-11-27T03:00:50.657728+00:00,train,2,4244,self,0.9525475000000219,0,95,
2025-11-27T03:00:50.658015+00:00,train,2,4245,self,0.9525475000000219,0,96,
2025-11-27T03:00:50.658270+00:00,train,2,4246,self,0.9525475000000219,0,100,
2025-11-27T03:00:50.658433+00:00,train,2,4247,self,0.9525475000000219,0,97,
2025-11-27T03:00:50.658573+00:00,train,2,4248,self,0.9525475000000219,0,100,
2025-11-27T03:00:50.658710+00:00,train,2,4249,self,0.9525475000000219,0,97,
2025-11-27T03:00:50.658894+00:00,train,2,4250,self,0.9525475000000219,0,98,
2025-11-27T03:00:50.659072+00:00,train,2,4251,self,0.9525475000000219,0,95,
2025-11-27T03:00:50.659270+00:00,train,2,4252,self,0.9525475000000219,0,97,
2025-11-27T03:00:50.659418+00:00,train,2,4253,self,0.9525475000000219,0,87,
2025-11-27T03:00:50.659556+00:00,train,2,4254,self,0.9525475000000219,0,96,
2025-11-27T03:00:50.659689+00:00,train,2,4255,self,0.9525475000000219,0,99,
2025-11-27T03:00:50.659819+00:00,train,2,4256,self,0.9525475000000219,0,99,
2025-11-27T03:00:50.659970+00:00,train,2,4257,self,0.9525475000000219,0,89,
2025-11-27T03:00:50.660103+00:00,train,2,4258,self,0.9525475000000219,0,94,
2025-11-27T03:00:50.660320+00:00,train,2,4259,self,0.9525475000000219,0,84,
2025-11-27T03:00:50.660474+00:00,train,2,4260,self,0.9525475000000219,0,90,
2025-11-27T03:00:50.660614+00:00,train,2,4261,self,0.9525475000000219,0,100,
2025-11-27T03:00:50.660748+00:00,train,2,4262,self,0.9525475000000219,0,100,
2025-11-27T03:00:50.660934+00:00,train,2,4263,self,0.9525475000000219,0,100,
2025-11-27T03:00:50.661090+00:00,train,2,4264,self,0.9525475000000219,0,100,
2025-11-27T03:00:50.661234+00:00,train,2,4265,self,0.9525475000000219,0,93,
2025-11-27T03:00:50.661373+00:00,train,2,4266,self,0.9525475000000219,0,95,
2025-11-27T03:00:50.661509+00:00,train,2,4267,self,0.9525475000000219,0,95,
2025-11-27T03:00:50.661686+00:00,train,2,4268,self,0.9525475000000219,0,97,
2025-11-27T03:00:50.661834+00:00,train,2,4269,self,0.9525475000000219,0,93,
2025-11-27T03:00:50.661971+00:00,train,2,4270,self,0.9525475000000219,0,97,
2025-11-27T03:00:50.662104+00:00,train,2,4271,self,0.9525475000000219,0,88,
2025-11-27T03:00:50.662289+00:00,train,2,4272,self,0.9525475000000219,0,96,
2025-11-27T03:00:50.662452+00:00,train,2,4273,self,0.9525475000000219,0,92,
2025-11-27T03:00:50.662596+00:00,train,2,4274,self,0.9525475000000219,0,100,
2025-11-27T03:00:50.662735+00:00,train,2,4275,self,0.9525475000000219,0,95,
2025-11-27T03:00:50.662871+00:00,train,2,4276,self,0.9525475000000219,0,97,
2025-11-27T03:00:50.663004+00:00,train,2,4277,self,0.9525475000000219,0,91,
2025-11-27T03:00:50.663144+00:00,train,2,4278,self,0.9525475000000219,0,99,
2025-11-27T03:00:50.663280+00:00,train,2,4279,self,0.9525475000000219,0,97,
2025-11-27T03:00:50.663495+00:00,train,2,4280,self,0.9525475000000219,0,98,
2025-11-27T03:00:50.663665+00:00,train,2,4281,self,0.9525475000000219,0,98,
2025-11-27T03:00:50.663809+00:00,train,2,4282,self,0.9525475000000219,0,100,
2025-11-27T03:00:50.663946+00:00,train,2,4283,self,0.9525475000000219,0,98,
2025-11-27T03:00:50.664077+00:00,train,2,4284,self,0.9525475000000219,0,100,
2025-11-27T03:00:50.664207+00:00,train,2,4285,self,0.9525475000000219,0,95,
2025-11-27T03:00:50.664335+00:00,train,2,4286,self,0.9525475000000219,0,100,
2025-11-27T03:00:50.664460+00:00,train,2,4287,self,0.9525475000000219,0,98,
2025-11-27T03:00:50.664587+00:00,train,2,4288,self,0.9525475000000219,0,100,
2025-11-27T03:00:50.664714+00:00,train,2,4289,self,0.9525475000000219,0,87,
2025-11-27T03:00:50.664839+00:00,train,2,4290,self,0.9525475000000219,0,98,
2025-11-27T03:00:50.664964+00:00,train,2,4291,self,0.9525475000000219,0,99,
2025-11-27T03:00:50.665130+00:00,train,2,4292,self,0.9525475000000219,0,99,
2025-11-27T03:00:50.665265+00:00,train,2,4293,self,0.9525475000000219,0,86,
2025-11-27T03:00:50.665471+00:00,train,2,4294,self,0.9525475000000219,0,100,
2025-11-27T03:00:50.665624+00:00,train,2,4295,self,0.9525475000000219,0,88,
2025-11-27T03:00:50.665766+00:00,train,2,4296,self,0.9525475000000219,0,100,
2025-11-27T03:00:50.665902+00:00,train,2,4297,self,0.9525475000000219,0,94,
2025-11-27T03:00:50.666036+00:00,train,2,4298,self,0.9525475000000219,0,96,
2025-11-27T03:00:50.666169+00:00,train,2,4299,self,0.9525475000000219,0,90,
2025-11-27T03:00:50.666301+00:00,train,2,4300,self,0.9525475000000219,0,97,
2025-11-27T03:00:50.666430+00:00,train,2,4301,self,0.9525475000000219,0,94,
2025-11-27T03:00:50.666561+00:00,train,2,4302,self,0.9525475000000219,0,100,
2025-11-27T03:00:50.666692+00:00,train,2,4303,self,0.9525475000000219,0,98,
2025-11-27T03:00:50.666822+00:00,train,2,4304,self,0.9525475000000219,0,100,
2025-11-27T03:00:50.666954+00:00,train,2,4305,self,0.9525475000000219,0,93,
2025-11-27T03:00:50.667084+00:00,train,2,4306,self,0.9525475000000219,0,99,
2025-11-27T03:00:50.667295+00:00,train,2,4307,self,0.9525475000000219,0,86,
2025-11-27T03:00:50.667445+00:00,train,2,4308,self,0.9525475000000219,0,88,
2025-11-27T03:00:50.667584+00:00,train,2,4309,self,0.9525475000000219,0,91,
2025-11-27T03:00:50.667719+00:00,train,2,4310,self,0.9525475000000219,0,100,
2025-11-27T03:00:50.667851+00:00,train,2,4311,self,0.9525475000000219,0,94,
2025-11-27T03:00:50.667982+00:00,train,2,4312,self,0.9525475000000219,0,97,
2025-11-27T03:00:50.668110+00:00,train,2,4313,self,0.9525475000000219,0,85,
2025-11-27T03:00:50.668266+00:00,train,2,4314,self,0.9525475000000219,0,96,
2025-11-27T03:00:50.668442+00:00,train,2,4315,self,0.9525475000000219,0,93,
2025-11-27T03:00:50.668585+00:00,train,2,4316,self,0.9525475000000219,0,99,
2025-11-27T03:00:50.668720+00:00,train,2,4317,self,0.9525475000000219,0,93,
2025-11-27T03:00:50.668851+00:00,train,2,4318,self,0.9525475000000219,0,98,
2025-11-27T03:00:50.668981+00:00,train,2,4319,self,0.9525475000000219,0,98,
2025-11-27T03:00:50.669109+00:00,train,2,4320,self,0.9525475000000219,0,100,
2025-11-27T03:00:50.669237+00:00,train,2,4321,self,0.9525475000000219,0,86,
2025-11-27T03:00:50.669362+00:00,train,2,4322,self,0.9525475000000219,0,93,
2025-11-27T03:00:50.669487+00:00,train,2,4323,self,0.9525475000000219,0,98,
2025-11-27T03:00:50.669613+00:00,train,2,4324,self,0.9525475000000219,0,99,
2025-11-27T03:00:50.669738+00:00,train,2,4325,self,0.9525475000000219,0,90,
2025-11-27T03:00:50.669863+00:00,train,2,4326,self,0.9525475000000219,0,99,
2025-11-27T03:00:50.669988+00:00,train,2,4327,self,0.9525475000000219,0,75,
2025-11-27T03:00:50.670187+00:00,train,2,4328,self,0.9525475000000219,0,100,
2025-11-27T03:00:50.670358+00:00,train,2,4329,self,0.9525475000000219,0,85,
2025-11-27T03:00:50.670507+00:00,train,2,4330,self,0.9525475000000219,0,100,
2025-11-27T03:00:50.670649+00:00,train,2,4331,self,0.9525475000000219,0,84,
2025-11-27T03:00:50.670787+00:00,train,2,4332,self,0.9525475000000219,0,100,
2025-11-27T03:00:50.670922+00:00,train,2,4333,self,0.9525475000000219,0,97,
2025-11-27T03:00:50.671059+00:00,train,2,4334,self,0.9525475000000219,0,100,
2025-11-27T03:00:50.671196+00:00,train,2,4335,self,0.9525475000000219,0,90,
2025-11-27T03:00:50.671334+00:00,train,2,4336,self,0.9525475000000219,0,98,
2025-11-27T03:00:50.671467+00:00,train,2,4337,self,0.9525475000000219,0,86,
2025-11-27T03:00:50.671598+00:00,train,2,4338,self,0.9525475000000219,0,89,
2025-11-27T03:00:50.671730+00:00,train,2,4339,self,0.9525475000000219,0,94,
2025-11-27T03:00:50.671861+00:00,train,2,4340,self,0.9525475000000219,0,94,
2025-11-27T03:00:50.671992+00:00,train,2,4341,self,0.9525475000000219,0,79,
2025-11-27T03:00:50.672123+00:00,train,2,4342,self,0.9525475000000219,0,99,
2025-11-27T03:00:50.672254+00:00,train,2,4343,self,0.9525475000000219,0,92,
2025-11-27T03:00:50.672385+00:00,train,2,4344,self,0.9525475000000219,0,95,
2025-11-27T03:00:50.672516+00:00,train,2,4345,self,0.9525475000000219,0,95,
2025-11-27T03:00:50.672646+00:00,train,2,4346,self,0.9525475000000219,0,98,
2025-11-27T03:00:50.672778+00:00,train,2,4347,self,0.9525475000000219,0,98,
2025-11-27T03:00:50.672909+00:00,train,2,4348,self,0.9525475000000219,0,99,
2025-11-27T03:00:50.673041+00:00,train,2,4349,self,0.9525475000000219,0,94,
2025-11-27T03:00:50.673173+00:00,train,2,4350,self,0.9525475000000219,0,99,
2025-11-27T03:00:50.673304+00:00,train,2,4351,self,0.9525475000000219,0,95,
2025-11-27T03:00:50.673436+00:00,train,2,4352,self,0.9525475000000219,0,97,
2025-11-27T03:00:50.673567+00:00,train,2,4353,self,0.9525475000000219,0,93,
2025-11-27T03:00:50.673699+00:00,train,2,4354,self,0.9525475000000219,0,98,
2025-11-27T03:00:50.673832+00:00,train,2,4355,self,0.9525475000000219,0,99,
2025-11-27T03:00:50.674012+00:00,train,2,4356,self,0.9525475000000219,0,99,
2025-11-27T03:00:50.674158+00:00,train,2,4357,self,0.9525475000000219,0,95,
2025-11-27T03:00:50.674293+00:00,train,2,4358,self,0.9525475000000219,0,100,
2025-11-27T03:00:50.674423+00:00,train,2,4359,self,0.9525475000000219,0,97,
2025-11-27T03:00:50.674611+00:00,train,2,4360,self,0.9525475000000219,0,100,
2025-11-27T03:00:50.674767+00:00,train,2,4361,self,0.9525475000000219,0,100,
2025-11-27T03:00:50.674910+00:00,train,2,4362,self,0.9525475000000219,0,100,
2025-11-27T03:00:50.675048+00:00,train,2,4363,self,0.9525475000000219,0,82,
2025-11-27T03:00:50.675184+00:00,train,2,4364,self,0.9525475000000219,0,93,
2025-11-27T03:00:50.675317+00:00,train,2,4365,self,0.9525475000000219,0,97,
2025-11-27T03:00:50.675450+00:00,train,2,4366,self,0.9525475000000219,0,98,
2025-11-27T03:00:50.675582+00:00,train,2,4367,self,0.9525475000000219,0,94,
2025-11-27T03:00:50.675714+00:00,train,2,4368,self,0.9525475000000219,0,96,
2025-11-27T03:00:50.675845+00:00,train,2,4369,self,0.9525475000000219,0,93,
2025-11-27T03:00:50.675976+00:00,train,2,4370,self,0.9525475000000219,0,94,
2025-11-27T03:00:50.676108+00:00,train,2,4371,self,0.9525475000000219,0,100,
2025-11-27T03:00:50.676239+00:00,train,2,4372,self,0.9525475000000219,0,100,
2025-11-27T03:00:50.676370+00:00,train,2,4373,self,0.9525475000000219,0,99,
2025-11-27T03:00:50.676502+00:00,train,2,4374,self,0.9525475000000219,0,100,
2025-11-27T03:00:50.676638+00:00,train,2,4375,self,0.9525475000000219,0,97,
2025-11-27T03:00:50.676769+00:00,train,2,4376,self,0.9525475000000219,0,97,
2025-11-27T03:00:50.676899+00:00,train,2,4377,self,0.9525475000000219,0,91,
2025-11-27T03:00:50.677029+00:00,train,2,4378,self,0.9525475000000219,0,99,
2025-11-27T03:00:50.677160+00:00,train,2,4379,self,0.9525475000000219,0,91,
2025-11-27T03:00:50.677290+00:00,train,2,4380,self,0.9525475000000219,0,99,
2025-11-27T03:00:50.677421+00:00,train,2,4381,self,0.9525475000000219,0,87,
2025-11-27T03:00:50.677552+00:00,train,2,4382,self,0.9525475000000219,0,100,
2025-11-27T03:00:50.677682+00:00,train,2,4383,self,0.9525475000000219,0,89,
2025-11-27T03:00:50.677812+00:00,train,2,4384,self,0.9525475000000219,0,100,
2025-11-27T03:00:50.677944+00:00,train,2,4385,self,0.9525475000000219,0,93,
2025-11-27T03:00:50.678074+00:00,train,2,4386,self,0.9525475000000219,0,97,
2025-11-27T03:00:50.678207+00:00,train,2,4387,self,0.9525475000000219,0,85,
2025-11-27T03:00:50.678339+00:00,train,2,4388,self,0.9525475000000219,0,100,
2025-11-27T03:00:50.678469+00:00,train,2,4389,self,0.9525475000000219,0,93,
2025-11-27T03:00:50.678599+00:00,train,2,4390,self,0.9525475000000219,0,96,
2025-11-27T03:00:50.678729+00:00,train,2,4391,self,0.9525475000000219,0,98,
2025-11-27T03:00:50.678860+00:00,train,2,4392,self,0.9525475000000219,0,99,
2025-11-27T03:00:50.678990+00:00,train,2,4393,self,0.9525475000000219,0,83,
2025-11-27T03:00:50.679120+00:00,train,2,4394,self,0.9525475000000219,0,93,
2025-11-27T03:00:50.679250+00:00,train,2,4395,self,0.9525475000000219,0,99,
2025-11-27T03:00:50.679383+00:00,train,2,4396,self,0.9525475000000219,0,99,
2025-11-27T03:00:50.679514+00:00,train,2,4397,self,0.9525475000000219,0,92,
2025-11-27T03:00:50.679644+00:00,train,2,4398,self,0.9525475000000219,0,95,
2025-11-27T03:00:50.679774+00:00,train,2,4399,self,0.9525475000000219,0,98,
2025-11-27T03:00:50.679905+00:00,train,2,4400,self,0.9525475000000219,0,100,
2025-11-27T03:00:50.680036+00:00,train,2,4401,self,0.9525475000000219,0,85,
2025-11-27T03:00:50.680167+00:00,train,2,4402,self,0.9525475000000219,0,96,
2025-11-27T03:00:50.680300+00:00,train,2,4403,self,0.9525475000000219,0,87,
2025-11-27T03:00:50.680436+00:00,train,2,4404,self,0.9525475000000219,0,99,
2025-11-27T03:00:50.680567+00:00,train,2,4405,self,0.9525475000000219,0,78,
2025-11-27T03:00:50.680698+00:00,train,2,4406,self,0.9525475000000219,0,87,
2025-11-27T03:00:50.680828+00:00,train,2,4407,self,0.9525475000000219,0,83,
2025-11-27T03:00:50.680958+00:00,train,2,4408,self,0.9525475000000219,0,95,
2025-11-27T03:00:50.681091+00:00,train,2,4409,self,0.9525475000000219,0,87,
2025-11-27T03:00:50.681221+00:00,train,2,4410,self,0.9525475000000219,0,100,
2025-11-27T03:00:50.681352+00:00,train,2,4411,self,0.9525475000000219,0,92,
2025-11-27T03:00:50.681486+00:00,train,2,4412,self,0.9525475000000219,0,97,
2025-11-27T03:00:50.681618+00:00,train,2,4413,self,0.9525475000000219,0,90,
2025-11-27T03:00:50.681749+00:00,train,2,4414,self,0.9525475000000219,0,96,
2025-11-27T03:00:50.681889+00:00,train,2,4415,self,0.9525475000000219,0,93,
2025-11-27T03:00:50.682022+00:00,train,2,4416,self,0.9525475000000219,0,100,
2025-11-27T03:00:50.682154+00:00,train,2,4417,self,0.9525475000000219,0,89,
2025-11-27T03:00:50.682284+00:00,train,2,4418,self,0.9525475000000219,0,92,
2025-11-27T03:00:50.682414+00:00,train,2,4419,self,0.9525475000000219,0,99,
2025-11-27T03:00:50.682544+00:00,train,2,4420,self,0.9525475000000219,0,99,
2025-11-27T03:00:50.682675+00:00,train,2,4421,self,0.9525475000000219,0,97,
2025-11-27T03:00:50.682805+00:00,train,2,4422,self,0.9525475000000219,0,100,
2025-11-27T03:00:50.682935+00:00,train,2,4423,self,0.9525475000000219,0,96,
2025-11-27T03:00:50.683065+00:00,train,2,4424,self,0.9525475000000219,0,99,
2025-11-27T03:00:50.683195+00:00,train,2,4425,self,0.9525475000000219,0,95,
2025-11-27T03:00:50.683325+00:00,train,2,4426,self,0.9525475000000219,0,95,
2025-11-27T03:00:50.683469+00:00,train,2,4427,self,0.9525475000000219,0,85,
2025-11-27T03:00:50.683595+00:00,train,2,4428,self,0.9525475000000219,0,100,
2025-11-27T03:00:50.683722+00:00,train,2,4429,self,0.9525475000000219,0,90,
2025-11-27T03:00:50.683848+00:00,train,2,4430,self,0.9525475000000219,0,99,
2025-11-27T03:00:50.683975+00:00,train,2,4431,self,0.9525475000000219,0,97,
2025-11-27T03:00:50.684101+00:00,train,2,4432,self,0.9525475000000219,0,99,
2025-11-27T03:00:50.684227+00:00,train,2,4433,self,0.9525475000000219,0,97,
2025-11-27T03:00:50.684356+00:00,train,2,4434,self,0.9525475000000219,0,98,
2025-11-27T03:00:50.684485+00:00,train,2,4435,self,0.9525475000000219,0,89,
2025-11-27T03:00:50.684622+00:00,train,2,4436,self,0.9525475000000219,0,90,
2025-11-27T03:00:50.684745+00:00,train,2,4437,self,0.9525475000000219,0,93,
2025-11-27T03:00:50.684869+00:00,train,2,4438,self,0.9525475000000219,0,100,
2025-11-27T03:00:50.684992+00:00,train,2,4439,self,0.9525475000000219,0,87,
2025-11-27T03:00:50.685184+00:00,train,2,4440,self,0.9525475000000219,0,97,
2025-11-27T03:00:50.685309+00:00,train,2,4441,self,0.9525475000000219,0,94,
2025-11-27T03:00:50.685432+00:00,train,2,4442,self,0.9525475000000219,0,98,
2025-11-27T03:00:50.685567+00:00,train,2,4443,self,0.9525475000000219,0,87,
2025-11-27T03:00:50.685686+00:00,train,2,4444,self,0.9525475000000219,0,93,
2025-11-27T03:00:50.685805+00:00,train,2,4445,self,0.9525475000000219,0,92,
2025-11-27T03:00:50.685925+00:00,train,2,4446,self,0.9525475000000219,0,100,
2025-11-27T03:00:50.686044+00:00,train,2,4447,self,0.9525475000000219,0,95,
2025-11-27T03:00:50.686163+00:00,train,2,4448,self,0.9525475000000219,0,100,
2025-11-27T03:00:50.686285+00:00,train,2,4449,self,0.9525475000000219,0,93,
2025-11-27T03:00:50.686406+00:00,train,2,4450,self,0.9525475000000219,0,96,
2025-11-27T03:00:50.686538+00:00,train,2,4451,self,0.9525475000000219,0,99,
2025-11-27T03:00:50.686654+00:00,train,2,4452,self,0.9525475000000219,0,100,
2025-11-27T03:00:50.686770+00:00,train,2,4453,self,0.9525475000000219,0,95,
2025-11-27T03:00:50.686887+00:00,train,2,4454,self,0.9525475000000219,0,100,
2025-11-27T03:00:50.687003+00:00,train,2,4455,self,0.9525475000000219,0,97,
2025-11-27T03:00:50.687120+00:00,train,2,4456,self,0.9525475000000219,0,99,
2025-11-27T03:00:50.687237+00:00,train,2,4457,self,0.9525475000000219,0,91,
2025-11-27T03:00:50.687353+00:00,train,2,4458,self,0.9525475000000219,0,99,
2025-11-27T03:00:50.687532+00:00,train,2,4459,self,0.9525475000000219,0,90,
2025-11-27T03:00:50.687657+00:00,train,2,4460,self,0.9525475000000219,0,98,
2025-11-27T03:00:50.687828+00:00,train,2,4461,self,0.9525475000000219,0,97,
2025-11-27T03:00:50.687962+00:00,train,2,4462,self,0.9525475000000219,0,98,
2025-11-27T03:00:50.688086+00:00,train,2,4463,self,0.9525475000000219,0,90,
2025-11-27T03:00:50.688206+00:00,train,2,4464,self,0.9525475000000219,0,94,
2025-11-27T03:00:50.688323+00:00,train,2,4465,self,0.9525475000000219,0,93,
2025-11-27T03:00:50.688440+00:00,train,2,4466,self,0.9525475000000219,0,97,
2025-11-27T03:00:50.688568+00:00,train,2,4467,self,0.9525475000000219,0,83,
2025-11-27T03:00:50.688680+00:00,train,2,4468,self,0.9525475000000219,0,98,
2025-11-27T03:00:50.688792+00:00,train,2,4469,self,0.9525475000000219,0,89,
2025-11-27T03:00:50.688904+00:00,train,2,4470,self,0.9525475000000219,0,89,
2025-11-27T03:00:50.689015+00:00,train,2,4471,self,0.9525475000000219,0,82,
2025-11-27T03:00:50.689123+00:00,train,2,4472,self,0.9525475000000219,0,99,
2025-11-27T03:00:50.689236+00:00,train,2,4473,self,0.9525475000000219,0,82,
2025-11-27T03:00:50.689343+00:00,train,2,4474,self,0.9525475000000219,0,93,
2025-11-27T03:00:50.689456+00:00,train,2,4475,self,0.9525475000000219,0,96,
2025-11-27T03:00:50.689574+00:00,train,2,4476,self,0.9525475000000219,0,100,
2025-11-27T03:00:50.689684+00:00,train,2,4477,self,0.9525475000000219,0,91,
2025-11-27T03:00:50.689789+00:00,train,2,4478,self,0.9525475000000219,0,91,
2025-11-27T03:00:50.689900+00:00,train,2,4479,self,0.9525475000000219,0,82,
2025-11-27T03:00:50.690004+00:00,train,2,4480,self,0.9525475000000219,0,86,
2025-11-27T03:00:50.690115+00:00,train,2,4481,self,0.9525475000000219,0,97,
2025-11-27T03:00:50.690219+00:00,train,2,4482,self,0.9525475000000219,0,100,
2025-11-27T03:00:50.690329+00:00,train,2,4483,self,0.9525475000000219,0,95,
2025-11-27T03:00:50.690461+00:00,train,2,4484,self,0.9525475000000219,0,96,
2025-11-27T03:00:50.690590+00:00,train,2,4485,self,0.9525475000000219,0,99,
2025-11-27T03:00:50.690698+00:00,train,2,4486,self,0.9525475000000219,0,100,
2025-11-27T03:00:50.690800+00:00,train,2,4487,self,0.9525475000000219,0,94,
2025-11-27T03:00:50.690908+00:00,train,2,4488,self,0.9525475000000219,0,99,
2025-11-27T03:00:50.691010+00:00,train,2,4489,self,0.9525475000000219,0,89,
2025-11-27T03:00:50.691117+00:00,train,2,4490,self,0.9525475000000219,0,98,
2025-11-27T03:00:50.691219+00:00,train,2,4491,self,0.9525475000000219,0,96,
2025-11-27T03:00:50.691326+00:00,train,2,4492,self,0.9525475000000219,0,98,
2025-11-27T03:00:50.691430+00:00,train,2,4493,self,0.9525475000000219,0,84,
2025-11-27T03:00:50.691538+00:00,train,2,4494,self,0.9525475000000219,0,88,
2025-11-27T03:00:50.691642+00:00,train,2,4495,self,0.9525475000000219,0,94,
2025-11-27T03:00:50.691767+00:00,train,2,4496,self,0.9525475000000219,0,98,
2025-11-27T03:00:50.691871+00:00,train,2,4497,self,0.9525475000000219,0,96,
2025-11-27T03:00:50.691980+00:00,train,2,4498,self,0.9525475000000219,0,100,
2025-11-27T03:00:50.692085+00:00,train,2,4499,self,0.9525475000000219,0,96,
2025-11-27T03:00:50.692187+00:00,train,2,4500,self,0.9525475000000219,0,97,
2025-11-27T03:00:50.692294+00:00,train,2,4501,self,0.9525475000000219,0,96,
2025-11-27T03:00:50.692396+00:00,train,2,4502,self,0.9525475000000219,0,98,
2025-11-27T03:00:50.692504+00:00,train,2,4503,self,0.9525475000000219,0,86,
2025-11-27T03:00:50.692605+00:00,train,2,4504,self,0.9525475000000219,0,95,
2025-11-27T03:00:50.692713+00:00,train,2,4505,self,0.9525475000000219,0,98,
2025-11-27T03:00:50.692816+00:00,train,2,4506,self,0.9525475000000219,0,100,
2025-11-27T03:00:50.692923+00:00,train,2,4507,self,0.9525475000000219,0,84,
2025-11-27T03:00:50.693025+00:00,train,2,4508,self,0.9525475000000219,0,97,
2025-11-27T03:00:50.693133+00:00,train,2,4509,self,0.9525475000000219,0,95,
2025-11-27T03:00:50.693237+00:00,train,2,4510,self,0.9525475000000219,0,99,
2025-11-27T03:00:50.693339+00:00,train,2,4511,self,0.9525475000000219,0,93,
2025-11-27T03:00:50.693446+00:00,train,2,4512,self,0.9525475000000219,0,97,
2025-11-27T03:00:50.693548+00:00,train,2,4513,self,0.9525475000000219,0,94,
2025-11-27T03:00:50.693655+00:00,train,2,4514,self,0.9525475000000219,0,100,
2025-11-27T03:00:50.693757+00:00,train,2,4515,self,0.9525475000000219,0,92,
2025-11-27T03:00:50.693864+00:00,train,2,4516,self,0.9525475000000219,0,94,
2025-11-27T03:00:50.693967+00:00,train,2,4517,self,0.9525475000000219,0,97,
2025-11-27T03:00:50.694075+00:00,train,2,4518,self,0.9525475000000219,0,99,
2025-11-27T03:00:50.694177+00:00,train,2,4519,self,0.9525475000000219,0,96,
2025-11-27T03:00:50.694284+00:00,train,2,4520,self,0.9525475000000219,0,97,
2025-11-27T03:00:50.694389+00:00,train,2,4521,self,0.9525475000000219,0,97,
2025-11-27T03:00:50.694490+00:00,train,2,4522,self,0.9525475000000219,0,98,
2025-11-27T03:00:50.694597+00:00,train,2,4523,self,0.9525475000000219,0,84,
2025-11-27T03:00:50.694698+00:00,train,2,4524,self,0.9525475000000219,0,90,
2025-11-27T03:00:50.694805+00:00,train,2,4525,self,0.9525475000000219,0,94,
2025-11-27T03:00:50.694907+00:00,train,2,4526,self,0.9525475000000219,0,99,
2025-11-27T03:00:50.695015+00:00,train,2,4527,self,0.9525475000000219,0,81,
2025-11-27T03:00:50.695116+00:00,train,2,4528,self,0.9525475000000219,0,99,
2025-11-27T03:00:50.695223+00:00,train,2,4529,self,0.9525475000000219,0,93,
2025-11-27T03:00:50.695325+00:00,train,2,4530,self,0.9525475000000219,0,97,
2025-11-27T03:00:50.695432+00:00,train,2,4531,self,0.9525475000000219,0,95,
2025-11-27T03:00:50.695536+00:00,train,2,4532,self,0.9525475000000219,0,96,
2025-11-27T03:00:50.695644+00:00,train,2,4533,self,0.9525475000000219,0,89,
2025-11-27T03:00:50.695751+00:00,train,2,4534,self,0.9525475000000219,0,97,
2025-11-27T03:00:50.695853+00:00,train,2,4535,self,0.9525475000000219,0,97,
2025-11-27T03:00:50.695960+00:00,train,2,4536,self,0.9525475000000219,0,98,
2025-11-27T03:00:50.696061+00:00,train,2,4537,self,0.9525475000000219,0,92,
2025-11-27T03:00:50.696173+00:00,train,2,4538,self,0.9525475000000219,0,100,
2025-11-27T03:00:50.696274+00:00,train,2,4539,self,0.9525475000000219,0,91,
2025-11-27T03:00:50.696381+00:00,train,2,4540,self,0.9525475000000219,0,98,
2025-11-27T03:00:50.696486+00:00,train,2,4541,self,0.9525475000000219,0,96,
2025-11-27T03:00:50.696588+00:00,train,2,4542,self,0.9525475000000219,0,100,
2025-11-27T03:00:50.696696+00:00,train,2,4543,self,0.9525475000000219,0,97,
2025-11-27T03:00:50.696798+00:00,train,2,4544,self,0.9525475000000219,0,97,
2025-11-27T03:00:50.696904+00:00,train,2,4545,self,0.9525475000000219,0,98,
2025-11-27T03:00:50.697008+00:00,train,2,4546,self,0.9525475000000219,0,99,
2025-11-27T03:00:50.697116+00:00,train,2,4547,self,0.9525475000000219,0,81,
2025-11-27T03:00:50.697218+00:00,train,2,4548,self,0.9525475000000219,0,98,
2025-11-27T03:00:50.697327+00:00,train,2,4549,self,0.9525475000000219,0,98,
2025-11-27T03:00:50.697429+00:00,train,2,4550,self,0.9525475000000219,0,98,
2025-11-27T03:00:50.697536+00:00,train,2,4551,self,0.9525475000000219,0,99,
2025-11-27T03:00:50.697641+00:00,train,2,4552,self,0.9525475000000219,0,100,
2025-11-27T03:00:50.697742+00:00,train,2,4553,self,0.9525475000000219,0,83,
2025-11-27T03:00:50.697849+00:00,train,2,4554,self,0.9525475000000219,0,100,
2025-11-27T03:00:50.697952+00:00,train,2,4555,self,0.9525475000000219,0,97,
2025-11-27T03:00:50.698059+00:00,train,2,4556,self,0.9525475000000219,0,98,
2025-11-27T03:00:50.698161+00:00,train,2,4557,self,0.9525475000000219,0,95,
2025-11-27T03:00:50.698268+00:00,train,2,4558,self,0.9525475000000219,0,97,
2025-11-27T03:00:50.698370+00:00,train,2,4559,self,0.9525475000000219,0,70,
2025-11-27T03:00:50.698477+00:00,train,2,4560,self,0.9525475000000219,0,95,
2025-11-27T03:00:50.698582+00:00,train,2,4561,self,0.9525475000000219,0,87,
2025-11-27T03:00:50.698684+00:00,train,2,4562,self,0.9525475000000219,0,98,
2025-11-27T03:00:50.698790+00:00,train,2,4563,self,0.9525475000000219,0,86,
2025-11-27T03:00:50.698891+00:00,train,2,4564,self,0.9525475000000219,0,98,
2025-11-27T03:00:50.698998+00:00,train,2,4565,self,0.9525475000000219,0,92,
2025-11-27T03:00:50.699099+00:00,train,2,4566,self,0.9525475000000219,0,100,
2025-11-27T03:00:50.699206+00:00,train,2,4567,self,0.9525475000000219,0,97,
2025-11-27T03:00:50.699308+00:00,train,2,4568,self,0.9525475000000219,0,99,
2025-11-27T03:00:50.699415+00:00,train,2,4569,self,0.9525475000000219,0,92,
2025-11-27T03:00:50.699517+00:00,train,2,4570,self,0.9525475000000219,0,97,
2025-11-27T03:00:50.699624+00:00,train,2,4571,self,0.9525475000000219,0,91,
2025-11-27T03:00:50.699728+00:00,train,2,4572,self,0.9525475000000219,0,92,
2025-11-27T03:00:50.699829+00:00,train,2,4573,self,0.9525475000000219,0,98,
2025-11-27T03:00:50.699936+00:00,train,2,4574,self,0.9525475000000219,0,99,
2025-11-27T03:00:50.700037+00:00,train,2,4575,self,0.9525475000000219,0,96,
2025-11-27T03:00:50.700144+00:00,train,2,4576,self,0.9525475000000219,0,100,
2025-11-27T03:00:50.700246+00:00,train,2,4577,self,0.9525475000000219,0,90,
2025-11-27T03:00:50.700353+00:00,train,2,4578,self,0.9525475000000219,0,98,
2025-11-27T03:00:50.700455+00:00,train,2,4579,self,0.9525475000000219,0,98,
2025-11-27T03:00:50.700564+00:00,train,2,4580,self,0.9525475000000219,0,99,
2025-11-27T03:00:50.700716+00:00,train,2,4581,self,0.9525475000000219,0,97,
2025-11-27T03:00:50.700819+00:00,train,2,4582,self,0.9525475000000219,0,100,
2025-11-27T03:00:50.700926+00:00,train,2,4583,self,0.9525475000000219,0,99,
2025-11-27T03:00:50.701027+00:00,train,2,4584,self,0.9525475000000219,0,100,
2025-11-27T03:00:50.701134+00:00,train,2,4585,self,0.9525475000000219,0,92,
2025-11-27T03:00:50.701236+00:00,train,2,4586,self,0.9525475000000219,0,100,
2025-11-27T03:00:50.701344+00:00,train,2,4587,self,0.9525475000000219,0,100,
2025-11-27T03:00:50.701446+00:00,train,2,4588,self,0.9525475000000219,0,100,
2025-11-27T03:00:50.701553+00:00,train,2,4589,self,0.9525475000000219,0,96,
2025-11-27T03:00:50.701660+00:00,train,2,4590,self,0.9525475000000219,0,100,
2025-11-27T03:00:50.701769+00:00,train,2,4591,self,0.9525475000000219,0,73,
2025-11-27T03:00:50.701872+00:00,train,2,4592,self,0.9525475000000219,0,99,
2025-11-27T03:00:50.701980+00:00,train,2,4593,self,0.9525475000000219,0,96,
2025-11-27T03:00:50.702082+00:00,train,2,4594,self,0.9525475000000219,0,100,
2025-11-27T03:00:50.702189+00:00,train,2,4595,self,0.9525475000000219,0,94,
2025-11-27T03:00:50.702293+00:00,train,2,4596,self,0.9525475000000219,0,95,
2025-11-27T03:00:50.702395+00:00,train,2,4597,self,0.9525475000000219,0,92,
2025-11-27T03:00:50.702504+00:00,train,2,4598,self,0.9525475000000219,0,95,
2025-11-27T03:00:50.702607+00:00,train,2,4599,self,0.9525475000000219,0,74,
2025-11-27T03:00:50.702714+00:00,train,2,4600,self,0.9525475000000219,0,78,
2025-11-27T03:00:50.705320+00:00,train,2,4601,self,0.9525475000000219,0,90,
2025-11-27T03:00:50.705430+00:00,train,2,4602,self,0.9525475000000219,0,99,
2025-11-27T03:00:50.705541+00:00,train,2,4603,self,0.9525475000000219,0,90,
2025-11-27T03:00:50.705643+00:00,train,2,4604,self,0.9525475000000219,0,93,
2025-11-27T03:00:50.705817+00:00,train,2,4605,self,0.9525475000000219,0,85,
2025-11-27T03:00:50.705937+00:00,train,2,4606,self,0.9525475000000219,0,94,
2025-11-27T03:00:50.706137+00:00,train,2,4607,self,0.9525475000000219,0,95,
2025-11-27T03:00:50.706265+00:00,train,2,4608,self,0.9525475000000219,0,97,
2025-11-27T03:00:50.706383+00:00,train,2,4609,self,0.9525475000000219,0,99,
2025-11-27T03:00:50.706497+00:00,train,2,4610,self,0.9525475000000219,0,99,
2025-11-27T03:00:50.706609+00:00,train,2,4611,self,0.9525475000000219,0,97,
2025-11-27T03:00:50.706721+00:00,train,2,4612,self,0.9525475000000219,0,100,
2025-11-27T03:00:50.706830+00:00,train,2,4613,self,0.9525475000000219,0,98,
2025-11-27T03:00:50.706936+00:00,train,2,4614,self,0.9525475000000219,0,99,
2025-11-27T03:00:50.707047+00:00,train,2,4615,self,0.9525475000000219,0,93,
2025-11-27T03:00:50.707153+00:00,train,2,4616,self,0.9525475000000219,0,96,
2025-11-27T03:00:50.707264+00:00,train,2,4617,self,0.9525475000000219,0,91,
2025-11-27T03:00:50.707369+00:00,train,2,4618,self,0.9525475000000219,0,99,
2025-11-27T03:00:50.707480+00:00,train,2,4619,self,0.9525475000000219,0,99,
2025-11-27T03:00:50.707602+00:00,train,2,4620,self,0.9525475000000219,0,100,
2025-11-27T03:00:50.707710+00:00,train,2,4621,self,0.9525475000000219,0,95,
2025-11-27T03:00:50.707823+00:00,train,2,4622,self,0.9525475000000219,0,100,
2025-11-27T03:00:50.707931+00:00,train,2,4623,self,0.9525475000000219,0,94,
2025-11-27T03:00:50.708044+00:00,train,2,4624,self,0.9525475000000219,0,99,
2025-11-27T03:00:50.708155+00:00,train,2,4625,self,0.9525475000000219,0,87,
2025-11-27T03:00:50.708270+00:00,train,2,4626,self,0.9525475000000219,0,97,
2025-11-27T03:00:50.708378+00:00,train,2,4627,self,0.9525475000000219,0,83,
2025-11-27T03:00:50.708491+00:00,train,2,4628,self,0.9525475000000219,0,98,
2025-11-27T03:00:50.708618+00:00,train,2,4629,self,0.9525475000000219,0,91,
2025-11-27T03:00:50.708731+00:00,train,2,4630,self,0.9525475000000219,0,100,
2025-11-27T03:00:50.708844+00:00,train,2,4631,self,0.9525475000000219,0,98,
2025-11-27T03:00:50.708957+00:00,train,2,4632,self,0.9525475000000219,0,100,
2025-11-27T03:00:50.709069+00:00,train,2,4633,self,0.9525475000000219,0,99,
2025-11-27T03:00:50.709183+00:00,train,2,4634,self,0.9525475000000219,0,100,
2025-11-27T03:00:50.709297+00:00,train,2,4635,self,0.9525475000000219,0,85,
2025-11-27T03:00:50.709410+00:00,train,2,4636,self,0.9525475000000219,0,92,
2025-11-27T03:00:50.709540+00:00,train,2,4637,self,0.9525475000000219,0,97,
2025-11-27T03:00:50.709656+00:00,train,2,4638,self,0.9525475000000219,0,100,
2025-11-27T03:00:50.709773+00:00,train,2,4639,self,0.9525475000000219,0,99,
2025-11-27T03:00:50.709889+00:00,train,2,4640,self,0.9525475000000219,0,100,
2025-11-27T03:00:50.710005+00:00,train,2,4641,self,0.9525475000000219,0,99,
2025-11-27T03:00:50.710121+00:00,train,2,4642,self,0.9525475000000219,0,99,
2025-11-27T03:00:50.710237+00:00,train,2,4643,self,0.9525475000000219,0,91,
2025-11-27T03:00:50.710354+00:00,train,2,4644,self,0.9525475000000219,0,100,
2025-11-27T03:00:50.710485+00:00,train,2,4645,self,0.9525475000000219,0,97,
2025-11-27T03:00:50.710604+00:00,train,2,4646,self,0.9525475000000219,0,98,
2025-11-27T03:00:50.710763+00:00,train,2,4647,self,0.9525475000000219,0,97,
2025-11-27T03:00:50.710924+00:00,train,2,4648,self,0.9525475000000219,0,100,
2025-11-27T03:00:50.711053+00:00,train,2,4649,self,0.9525475000000219,0,88,
2025-11-27T03:00:50.711197+00:00,train,2,4650,self,0.9525475000000219,0,99,
2025-11-27T03:00:50.711318+00:00,train,2,4651,self,0.9525475000000219,0,98,
2025-11-27T03:00:50.711496+00:00,train,2,4652,self,0.9525475000000219,0,100,
2025-11-27T03:00:50.711655+00:00,train,2,4653,self,0.9525475000000219,0,84,
2025-11-27T03:00:50.711792+00:00,train,2,4654,self,0.9525475000000219,0,98,
2025-11-27T03:00:50.711925+00:00,train,2,4655,self,0.9525475000000219,0,90,
2025-11-27T03:00:50.712054+00:00,train,2,4656,self,0.9525475000000219,0,99,
2025-11-27T03:00:50.712181+00:00,train,2,4657,self,0.9525475000000219,0,92,
2025-11-27T03:00:50.712306+00:00,train,2,4658,self,0.9525475000000219,0,95,
2025-11-27T03:00:50.712430+00:00,train,2,4659,self,0.9525475000000219,0,91,
2025-11-27T03:00:50.712572+00:00,train,2,4660,self,0.9525475000000219,0,98,
2025-11-27T03:00:50.712700+00:00,train,2,4661,self,0.9525475000000219,0,81,
2025-11-27T03:00:50.712828+00:00,train,2,4662,self,0.9525475000000219,0,99,
2025-11-27T03:00:50.712956+00:00,train,2,4663,self,0.9525475000000219,0,83,
2025-11-27T03:00:50.713082+00:00,train,2,4664,self,0.9525475000000219,0,100,
2025-11-27T03:00:50.713210+00:00,train,2,4665,self,0.9525475000000219,0,92,
2025-11-27T03:00:50.713338+00:00,train,2,4666,self,0.9525475000000219,0,98,
2025-11-27T03:00:50.713479+00:00,train,2,4667,self,0.9525475000000219,0,93,
2025-11-27T03:00:50.713610+00:00,train,2,4668,self,0.9525475000000219,0,98,
2025-11-27T03:00:50.713741+00:00,train,2,4669,self,0.9525475000000219,0,91,
2025-11-27T03:00:50.713873+00:00,train,2,4670,self,0.9525475000000219,0,97,
2025-11-27T03:00:50.714004+00:00,train,2,4671,self,0.9525475000000219,0,91,
2025-11-27T03:00:50.714135+00:00,train,2,4672,self,0.9525475000000219,0,95,
2025-11-27T03:00:50.714265+00:00,train,2,4673,self,0.9525475000000219,0,95,
2025-11-27T03:00:50.714396+00:00,train,2,4674,self,0.9525475000000219,0,98,
2025-11-27T03:00:50.714528+00:00,train,2,4675,self,0.9525475000000219,0,92,
2025-11-27T03:00:50.714659+00:00,train,2,4676,self,0.9525475000000219,0,100,
2025-11-27T03:00:50.714791+00:00,train,2,4677,self,0.9525475000000219,0,82,
2025-11-27T03:00:50.714921+00:00,train,2,4678,self,0.9525475000000219,0,100,
2025-11-27T03:00:50.715053+00:00,train,2,4679,self,0.9525475000000219,0,99,
2025-11-27T03:00:50.715184+00:00,train,2,4680,self,0.9525475000000219,0,100,
2025-11-27T03:00:50.715315+00:00,train,2,4681,self,0.9525475000000219,0,98,
2025-11-27T03:00:50.715447+00:00,train,2,4682,self,0.9525475000000219,0,100,
2025-11-27T03:00:50.715580+00:00,train,2,4683,self,0.9525475000000219,0,94,
2025-11-27T03:00:50.715712+00:00,train,2,4684,self,0.9525475000000219,0,100,
2025-11-27T03:00:50.715844+00:00,train,2,4685,self,0.9525475000000219,0,99,
2025-11-27T03:00:50.715975+00:00,train,2,4686,self,0.9525475000000219,0,100,
2025-11-27T03:00:50.716107+00:00,train,2,4687,self,0.9525475000000219,0,92,
2025-11-27T03:00:50.716238+00:00,train,2,4688,self,0.9525475000000219,0,99,
2025-11-27T03:00:50.716368+00:00,train,2,4689,self,0.9525475000000219,0,94,
2025-11-27T03:00:50.716499+00:00,train,2,4690,self,0.9525475000000219,0,97,
2025-11-27T03:00:50.716630+00:00,train,2,4691,self,0.9525475000000219,0,97,
2025-11-27T03:00:50.716761+00:00,train,2,4692,self,0.9525475000000219,0,99,
2025-11-27T03:00:50.716892+00:00,train,2,4693,self,0.9525475000000219,0,92,
2025-11-27T03:00:50.717023+00:00,train,2,4694,self,0.9525475000000219,0,96,
2025-11-27T03:00:50.717153+00:00,train,2,4695,self,0.9525475000000219,0,92,
2025-11-27T03:00:50.717284+00:00,train,2,4696,self,0.9525475000000219,0,97,
2025-11-27T03:00:50.717415+00:00,train,2,4697,self,0.9525475000000219,0,98,
2025-11-27T03:00:50.717557+00:00,train,2,4698,self,0.9525475000000219,0,98,
2025-11-27T03:00:50.717684+00:00,train,2,4699,self,0.9525475000000219,0,95,
2025-11-27T03:00:50.717812+00:00,train,2,4700,self,0.9525475000000219,0,99,
2025-11-27T03:00:50.717940+00:00,train,2,4701,self,0.9525475000000219,0,95,
2025-11-27T03:00:50.718068+00:00,train,2,4702,self,0.9525475000000219,0,98,
2025-11-27T03:00:50.718194+00:00,train,2,4703,self,0.9525475000000219,0,90,
2025-11-27T03:00:50.718322+00:00,train,2,4704,self,0.9525475000000219,0,99,
2025-11-27T03:00:50.718452+00:00,train,2,4705,self,0.9525475000000219,0,96,
2025-11-27T03:00:50.718584+00:00,train,2,4706,self,0.9525475000000219,0,99,
2025-11-27T03:00:50.718712+00:00,train,2,4707,self,0.9525475000000219,0,98,
2025-11-27T03:00:50.718839+00:00,train,2,4708,self,0.9525475000000219,0,99,
2025-11-27T03:00:50.718967+00:00,train,2,4709,self,0.9525475000000219,0,90,
2025-11-27T03:00:50.719094+00:00,train,2,4710,self,0.9525475000000219,0,95,
2025-11-27T03:00:50.719220+00:00,train,2,4711,self,0.9525475000000219,0,96,
2025-11-27T03:00:50.719347+00:00,train,2,4712,self,0.9525475000000219,0,100,
2025-11-27T03:00:50.719474+00:00,train,2,4713,self,0.9525475000000219,0,88,
2025-11-27T03:00:50.719602+00:00,train,2,4714,self,0.9525475000000219,0,98,
2025-11-27T03:00:50.719729+00:00,train,2,4715,self,0.9525475000000219,0,90,
2025-11-27T03:00:50.719857+00:00,train,2,4716,self,0.9525475000000219,0,98,
2025-11-27T03:00:50.719984+00:00,train,2,4717,self,0.9525475000000219,0,97,
2025-11-27T03:00:50.720111+00:00,train,2,4718,self,0.9525475000000219,0,99,
2025-11-27T03:00:50.720238+00:00,train,2,4719,self,0.9525475000000219,0,92,
2025-11-27T03:00:50.720365+00:00,train,2,4720,self,0.9525475000000219,0,100,
2025-11-27T03:00:50.720492+00:00,train,2,4721,self,0.9525475000000219,0,90,
2025-11-27T03:00:50.720619+00:00,train,2,4722,self,0.9525475000000219,0,93,
2025-11-27T03:00:50.720745+00:00,train,2,4723,self,0.9525475000000219,0,91,
2025-11-27T03:00:50.720939+00:00,train,2,4724,self,0.9525475000000219,0,98,
2025-11-27T03:00:50.721118+00:00,train,2,4725,self,0.9525475000000219,0,95,
2025-11-27T03:00:50.721259+00:00,train,2,4726,self,0.9525475000000219,0,97,
2025-11-27T03:00:50.721392+00:00,train,2,4727,self,0.9525475000000219,0,94,
2025-11-27T03:00:50.721570+00:00,train,2,4728,self,0.9525475000000219,0,100,
2025-11-27T03:00:50.721719+00:00,train,2,4729,self,0.9525475000000219,0,94,
2025-11-27T03:00:50.721859+00:00,train,2,4730,self,0.9525475000000219,0,95,
2025-11-27T03:00:50.721995+00:00,train,2,4731,self,0.9525475000000219,0,94,
2025-11-27T03:00:50.722129+00:00,train,2,4732,self,0.9525475000000219,0,95,
2025-11-27T03:00:50.722272+00:00,train,2,4733,self,0.9525475000000219,0,92,
2025-11-27T03:00:50.722402+00:00,train,2,4734,self,0.9525475000000219,0,98,
2025-11-27T03:00:50.722542+00:00,train,2,4735,self,0.9525475000000219,0,94,
2025-11-27T03:00:50.722671+00:00,train,2,4736,self,0.9525475000000219,0,99,
2025-11-27T03:00:50.722844+00:00,train,2,4737,self,0.9525475000000219,0,95,
2025-11-27T03:00:50.722985+00:00,train,2,4738,self,0.9525475000000219,0,99,
2025-11-27T03:00:50.723118+00:00,train,2,4739,self,0.9525475000000219,0,99,
2025-11-27T03:00:50.723244+00:00,train,2,4740,self,0.9525475000000219,0,99,
2025-11-27T03:00:50.723429+00:00,train,2,4741,self,0.9525475000000219,0,97,
2025-11-27T03:00:50.723577+00:00,train,2,4742,self,0.9525475000000219,0,99,
2025-11-27T03:00:50.723724+00:00,train,2,4743,self,0.9525475000000219,0,95,
2025-11-27T03:00:50.723860+00:00,train,2,4744,self,0.9525475000000219,0,96,
2025-11-27T03:00:50.723992+00:00,train,2,4745,self,0.9525475000000219,0,97,
2025-11-27T03:00:50.724122+00:00,train,2,4746,self,0.9525475000000219,0,98,
2025-11-27T03:00:50.724251+00:00,train,2,4747,self,0.9525475000000219,0,87,
2025-11-27T03:00:50.724383+00:00,train,2,4748,self,0.9525475000000219,0,90,
2025-11-27T03:00:50.724524+00:00,train,2,4749,self,0.9525475000000219,0,96,
2025-11-27T03:00:50.724648+00:00,train,2,4750,self,0.9525475000000219,0,99,
2025-11-27T03:00:50.724773+00:00,train,2,4751,self,0.9525475000000219,0,89,
2025-11-27T03:00:50.724897+00:00,train,2,4752,self,0.9525475000000219,0,95,
2025-11-27T03:00:50.725020+00:00,train,2,4753,self,0.9525475000000219,0,92,
2025-11-27T03:00:50.725143+00:00,train,2,4754,self,0.9525475000000219,0,94,
2025-11-27T03:00:50.725267+00:00,train,2,4755,self,0.9525475000000219,0,85,
2025-11-27T03:00:50.725390+00:00,train,2,4756,self,0.9525475000000219,0,90,
2025-11-27T03:00:50.725527+00:00,train,2,4757,self,0.9525475000000219,0,94,
2025-11-27T03:00:50.725648+00:00,train,2,4758,self,0.9525475000000219,0,97,
2025-11-27T03:00:50.725771+00:00,train,2,4759,self,0.9525475000000219,0,99,
2025-11-27T03:00:50.725891+00:00,train,2,4760,self,0.9525475000000219,0,100,
2025-11-27T03:00:50.726011+00:00,train,2,4761,self,0.9525475000000219,0,92,
2025-11-27T03:00:50.726132+00:00,train,2,4762,self,0.9525475000000219,0,98,
2025-11-27T03:00:50.726252+00:00,train,2,4763,self,0.9525475000000219,0,97,
2025-11-27T03:00:50.726372+00:00,train,2,4764,self,0.9525475000000219,0,100,
2025-11-27T03:00:50.726492+00:00,train,2,4765,self,0.9525475000000219,0,96,
2025-11-27T03:00:50.726622+00:00,train,2,4766,self,0.9525475000000219,0,100,
2025-11-27T03:00:50.726739+00:00,train,2,4767,self,0.9525475000000219,0,92,
2025-11-27T03:00:50.726856+00:00,train,2,4768,self,0.9525475000000219,0,100,
2025-11-27T03:00:50.726973+00:00,train,2,4769,self,0.9525475000000219,0,94,
2025-11-27T03:00:50.727090+00:00,train,2,4770,self,0.9525475000000219,0,100,
2025-11-27T03:00:50.727207+00:00,train,2,4771,self,0.9525475000000219,0,95,
2025-11-27T03:00:50.727323+00:00,train,2,4772,self,0.9525475000000219,0,97,
2025-11-27T03:00:50.727453+00:00,train,2,4773,self,0.9525475000000219,0,91,
2025-11-27T03:00:50.727566+00:00,train,2,4774,self,0.9525475000000219,0,98,
2025-11-27T03:00:50.727680+00:00,train,2,4775,self,0.9525475000000219,0,80,
2025-11-27T03:00:50.727793+00:00,train,2,4776,self,0.9525475000000219,0,97,
2025-11-27T03:00:50.727906+00:00,train,2,4777,self,0.9525475000000219,0,99,
2025-11-27T03:00:50.728019+00:00,train,2,4778,self,0.9525475000000219,0,100,
2025-11-27T03:00:50.728132+00:00,train,2,4779,self,0.9525475000000219,0,95,
2025-11-27T03:00:50.728246+00:00,train,2,4780,self,0.9525475000000219,0,98,
2025-11-27T03:00:50.728359+00:00,train,2,4781,self,0.9525475000000219,0,87,
2025-11-27T03:00:50.728485+00:00,train,2,4782,self,0.9525475000000219,0,97,
2025-11-27T03:00:50.728592+00:00,train,2,4783,self,0.9525475000000219,0,94,
2025-11-27T03:00:50.728705+00:00,train,2,4784,self,0.9525475000000219,0,98,
2025-11-27T03:00:50.728815+00:00,train,2,4785,self,0.9525475000000219,0,97,
2025-11-27T03:00:50.728928+00:00,train,2,4786,self,0.9525475000000219,0,98,
2025-11-27T03:00:50.729037+00:00,train,2,4787,self,0.9525475000000219,0,91,
2025-11-27T03:00:50.729147+00:00,train,2,4788,self,0.9525475000000219,0,98,
2025-11-27T03:00:50.729254+00:00,train,2,4789,self,0.9525475000000219,0,97,
2025-11-27T03:00:50.729366+00:00,train,2,4790,self,0.9525475000000219,0,98,
2025-11-27T03:00:50.729473+00:00,train,2,4791,self,0.9525475000000219,0,95,
2025-11-27T03:00:50.729595+00:00,train,2,4792,self,0.9525475000000219,0,100,
2025-11-27T03:00:50.729705+00:00,train,2,4793,self,0.9525475000000219,0,86,
2025-11-27T03:00:50.729810+00:00,train,2,4794,self,0.9525475000000219,0,99,
2025-11-27T03:00:50.729923+00:00,train,2,4795,self,0.9525475000000219,0,88,
2025-11-27T03:00:50.730033+00:00,train,2,4796,self,0.9525475000000219,0,88,
2025-11-27T03:00:50.730140+00:00,train,2,4797,self,0.9525475000000219,0,93,
2025-11-27T03:00:50.730244+00:00,train,2,4798,self,0.9525475000000219,0,95,
2025-11-27T03:00:50.730400+00:00,train,2,4799,self,0.9525475000000219,0,96,
2025-11-27T03:00:50.730524+00:00,train,2,4800,self,0.9525475000000219,0,100,
2025-11-27T03:00:50.730656+00:00,train,2,4801,self,0.9525475000000219,0,98,
2025-11-27T03:00:50.730767+00:00,train,2,4802,self,0.9525475000000219,0,100,
2025-11-27T03:00:50.730901+00:00,train,2,4803,self,0.9525475000000219,0,96,
2025-11-27T03:00:50.731008+00:00,train,2,4804,self,0.9525475000000219,0,99,
2025-11-27T03:00:50.731142+00:00,train,2,4805,self,0.9525475000000219,0,97,
2025-11-27T03:00:50.731247+00:00,train,2,4806,self,0.9525475000000219,0,98,
2025-11-27T03:00:50.731378+00:00,train,2,4807,self,0.9525475000000219,0,90,
2025-11-27T03:00:50.731483+00:00,train,2,4808,self,0.9525475000000219,0,94,
2025-11-27T03:00:50.731649+00:00,train,2,4809,self,0.9525475000000219,0,99,
2025-11-27T03:00:50.731806+00:00,train,2,4810,self,0.9525475000000219,0,100,
2025-11-27T03:00:50.731922+00:00,train,2,4811,self,0.9525475000000219,0,97,
2025-11-27T03:00:50.732033+00:00,train,2,4812,self,0.9525475000000219,0,97,
2025-11-27T03:00:50.732188+00:00,train,2,4813,self,0.9525475000000219,0,95,
2025-11-27T03:00:50.732314+00:00,train,2,4814,self,0.9525475000000219,0,97,
2025-11-27T03:00:50.732432+00:00,train,2,4815,self,0.9525475000000219,0,90,
2025-11-27T03:00:50.732547+00:00,train,2,4816,self,0.9525475000000219,0,91,
2025-11-27T03:00:50.732656+00:00,train,2,4817,self,0.9525475000000219,0,97,
2025-11-27T03:00:50.732769+00:00,train,2,4818,self,0.9525475000000219,0,98,
2025-11-27T03:00:50.732884+00:00,train,2,4819,self,0.9525475000000219,0,92,
2025-11-27T03:00:50.732990+00:00,train,2,4820,self,0.9525475000000219,0,100,
2025-11-27T03:00:50.733101+00:00,train,2,4821,self,0.9525475000000219,0,87,
2025-11-27T03:00:50.733207+00:00,train,2,4822,self,0.9525475000000219,0,95,
2025-11-27T03:00:50.733319+00:00,train,2,4823,self,0.9525475000000219,0,89,
2025-11-27T03:00:50.733423+00:00,train,2,4824,self,0.9525475000000219,0,98,
2025-11-27T03:00:50.733534+00:00,train,2,4825,self,0.9525475000000219,0,96,
2025-11-27T03:00:50.733640+00:00,train,2,4826,self,0.9525475000000219,0,96,
2025-11-27T03:00:50.733751+00:00,train,2,4827,self,0.9525475000000219,0,99,
2025-11-27T03:00:50.733857+00:00,train,2,4828,self,0.9525475000000219,0,100,
2025-11-27T03:00:50.734013+00:00,train,2,4829,self,0.9525475000000219,0,79,
2025-11-27T03:00:50.734132+00:00,train,2,4830,self,0.9525475000000219,0,100,
2025-11-27T03:00:50.734244+00:00,train,2,4831,self,0.9525475000000219,0,94,
2025-11-27T03:00:50.734351+00:00,train,2,4832,self,0.9525475000000219,0,100,
2025-11-27T03:00:50.734519+00:00,train,2,4833,self,0.9525475000000219,0,100,
2025-11-27T03:00:50.734646+00:00,train,2,4834,self,0.9525475000000219,0,100,
2025-11-27T03:00:50.734802+00:00,train,2,4835,self,0.9525475000000219,0,97,
2025-11-27T03:00:50.734920+00:00,train,2,4836,self,0.9525475000000219,0,100,
2025-11-27T03:00:50.735041+00:00,train,2,4837,self,0.9525475000000219,0,64,
2025-11-27T03:00:50.735149+00:00,train,2,4838,self,0.9525475000000219,0,98,
2025-11-27T03:00:50.735304+00:00,train,2,4839,self,0.9525475000000219,0,97,
2025-11-27T03:00:50.735430+00:00,train,2,4840,self,0.9525475000000219,0,99,
2025-11-27T03:00:50.735547+00:00,train,2,4841,self,0.9525475000000219,0,78,
2025-11-27T03:00:50.735661+00:00,train,2,4842,self,0.9525475000000219,0,88,
2025-11-27T03:00:50.735777+00:00,train,2,4843,self,0.9525475000000219,0,96,
2025-11-27T03:00:50.735887+00:00,train,2,4844,self,0.9525475000000219,0,97,
2025-11-27T03:00:50.735996+00:00,train,2,4845,self,0.9525475000000219,0,89,
2025-11-27T03:00:50.736104+00:00,train,2,4846,self,0.9525475000000219,0,97,
2025-11-27T03:00:50.736213+00:00,train,2,4847,self,0.9525475000000219,0,90,
2025-11-27T03:00:50.736318+00:00,train,2,4848,self,0.9525475000000219,0,94,
2025-11-27T03:00:50.736429+00:00,train,2,4849,self,0.9525475000000219,0,98,
2025-11-27T03:00:50.736533+00:00,train,2,4850,self,0.9525475000000219,0,98,
2025-11-27T03:00:50.736644+00:00,train,2,4851,self,0.9525475000000219,0,90,
2025-11-27T03:00:50.736748+00:00,train,2,4852,self,0.9525475000000219,0,94,
2025-11-27T03:00:50.736858+00:00,train,2,4853,self,0.9525475000000219,0,97,
2025-11-27T03:00:50.736963+00:00,train,2,4854,self,0.9525475000000219,0,98,
2025-11-27T03:00:50.737128+00:00,train,2,4855,self,0.9525475000000219,0,98,
2025-11-27T03:00:50.737247+00:00,train,2,4856,self,0.9525475000000219,0,100,
2025-11-27T03:00:50.737358+00:00,train,2,4857,self,0.9525475000000219,0,84,
2025-11-27T03:00:50.737574+00:00,train,2,4858,self,0.9525475000000219,0,100,
2025-11-27T03:00:50.737699+00:00,train,2,4859,self,0.9525475000000219,0,96,
2025-11-27T03:00:50.737817+00:00,train,2,4860,self,0.9525475000000219,0,100,
2025-11-27T03:00:50.737931+00:00,train,2,4861,self,0.9525475000000219,0,96,
2025-11-27T03:00:50.738040+00:00,train,2,4862,self,0.9525475000000219,0,99,
2025-11-27T03:00:50.738151+00:00,train,2,4863,self,0.9525475000000219,0,99,
2025-11-27T03:00:50.738263+00:00,train,2,4864,self,0.9525475000000219,0,99,
2025-11-27T03:00:50.738371+00:00,train,2,4865,self,0.9525475000000219,0,98,
2025-11-27T03:00:50.738482+00:00,train,2,4866,self,0.9525475000000219,0,100,
2025-11-27T03:00:50.738588+00:00,train,2,4867,self,0.9525475000000219,0,94,
2025-11-27T03:00:50.738699+00:00,train,2,4868,self,0.9525475000000219,0,99,
2025-11-27T03:00:50.738804+00:00,train,2,4869,self,0.9525475000000219,0,95,
2025-11-27T03:00:50.738915+00:00,train,2,4870,self,0.9525475000000219,0,95,
2025-11-27T03:00:50.739020+00:00,train,2,4871,self,0.9525475000000219,0,98,
2025-11-27T03:00:50.739131+00:00,train,2,4872,self,0.9525475000000219,0,100,
2025-11-27T03:00:50.739236+00:00,train,2,4873,self,0.9525475000000219,0,97,
2025-11-27T03:00:50.739347+00:00,train,2,4874,self,0.9525475000000219,0,100,
2025-11-27T03:00:50.739452+00:00,train,2,4875,self,0.9525475000000219,0,94,
2025-11-27T03:00:50.739563+00:00,train,2,4876,self,0.9525475000000219,0,98,
2025-11-27T03:00:50.739671+00:00,train,2,4877,self,0.9525475000000219,0,95,
2025-11-27T03:00:50.739776+00:00,train,2,4878,self,0.9525475000000219,0,98,
2025-11-27T03:00:50.739885+00:00,train,2,4879,self,0.9525475000000219,0,94,
2025-11-27T03:00:50.739989+00:00,train,2,4880,self,0.9525475000000219,0,95,
2025-11-27T03:00:50.740099+00:00,train,2,4881,self,0.9525475000000219,0,91,
2025-11-27T03:00:50.740204+00:00,train,2,4882,self,0.9525475000000219,0,98,
2025-11-27T03:00:50.740314+00:00,train,2,4883,self,0.9525475000000219,0,94,
2025-11-27T03:00:50.740426+00:00,train,2,4884,self,0.9525475000000219,0,96,
2025-11-27T03:00:50.740531+00:00,train,2,4885,self,0.9525475000000219,0,67,
2025-11-27T03:00:50.740642+00:00,train,2,4886,self,0.9525475000000219,0,98,
2025-11-27T03:00:50.740747+00:00,train,2,4887,self,0.9525475000000219,0,95,
2025-11-27T03:00:50.740857+00:00,train,2,4888,self,0.9525475000000219,0,98,
2025-11-27T03:00:50.740962+00:00,train,2,4889,self,0.9525475000000219,0,96,
2025-11-27T03:00:50.741075+00:00,train,2,4890,self,0.9525475000000219,0,98,
2025-11-27T03:00:50.741179+00:00,train,2,4891,self,0.9525475000000219,0,94,
2025-11-27T03:00:50.741290+00:00,train,2,4892,self,0.9525475000000219,0,100,
2025-11-27T03:00:50.741394+00:00,train,2,4893,self,0.9525475000000219,0,90,
2025-11-27T03:00:50.741505+00:00,train,2,4894,self,0.9525475000000219,0,97,
2025-11-27T03:00:50.741608+00:00,train,2,4895,self,0.9525475000000219,0,95,
2025-11-27T03:00:50.741719+00:00,train,2,4896,self,0.9525475000000219,0,96,
2025-11-27T03:00:50.741824+00:00,train,2,4897,self,0.9525475000000219,0,93,
2025-11-27T03:00:50.741940+00:00,train,2,4898,self,0.9525475000000219,0,99,
2025-11-27T03:00:50.742046+00:00,train,2,4899,self,0.9525475000000219,0,95,
2025-11-27T03:00:50.742157+00:00,train,2,4900,self,0.9525475000000219,0,98,
2025-11-27T03:00:50.742265+00:00,train,2,4901,self,0.9525475000000219,0,97,
2025-11-27T03:00:50.742369+00:00,train,2,4902,self,0.9525475000000219,0,98,
2025-11-27T03:00:50.742480+00:00,train,2,4903,self,0.9525475000000219,0,91,
2025-11-27T03:00:50.742585+00:00,train,2,4904,self,0.9525475000000219,0,96,
2025-11-27T03:00:50.742694+00:00,train,2,4905,self,0.9525475000000219,0,97,
2025-11-27T03:00:50.742798+00:00,train,2,4906,self,0.9525475000000219,0,100,
2025-11-27T03:00:50.742908+00:00,train,2,4907,self,0.9525475000000219,0,96,
2025-11-27T03:00:50.743013+00:00,train,2,4908,self,0.9525475000000219,0,97,
2025-11-27T03:00:50.743170+00:00,train,2,4909,self,0.9525475000000219,0,98,
2025-11-27T03:00:50.743290+00:00,train,2,4910,self,0.9525475000000219,0,98,
2025-11-27T03:00:50.743469+00:00,train,2,4911,self,0.9525475000000219,0,77,
2025-11-27T03:00:50.743597+00:00,train,2,4912,self,0.9525475000000219,0,99,
2025-11-27T03:00:50.743709+00:00,train,2,4913,self,0.9525475000000219,0,93,
2025-11-27T03:00:50.743841+00:00,train,2,4914,self,0.9525475000000219,0,98,
2025-11-27T03:00:50.743947+00:00,train,2,4915,self,0.9525475000000219,0,100,
2025-11-27T03:00:50.744081+00:00,train,2,4916,self,0.9525475000000219,0,100,
2025-11-27T03:00:50.744185+00:00,train,2,4917,self,0.9525475000000219,0,92,
2025-11-27T03:00:50.744371+00:00,train,2,4918,self,0.9525475000000219,0,100,
2025-11-27T03:00:50.744499+00:00,train,2,4919,self,0.9525475000000219,0,89,
2025-11-27T03:00:50.744616+00:00,train,2,4920,self,0.9525475000000219,0,97,
2025-11-27T03:00:50.744730+00:00,train,2,4921,self,0.9525475000000219,0,87,
2025-11-27T03:00:50.744842+00:00,train,2,4922,self,0.9525475000000219,0,96,
2025-11-27T03:00:50.744953+00:00,train,2,4923,self,0.9525475000000219,0,96,
2025-11-27T03:00:50.745059+00:00,train,2,4924,self,0.9525475000000219,0,99,
2025-11-27T03:00:50.745170+00:00,train,2,4925,self,0.9525475000000219,0,98,
2025-11-27T03:00:50.745276+00:00,train,2,4926,self,0.9525475000000219,0,99,
2025-11-27T03:00:50.745387+00:00,train,2,4927,self,0.9525475000000219,0,97,
2025-11-27T03:00:50.745492+00:00,train,2,4928,self,0.9525475000000219,0,100,
2025-11-27T03:00:50.745613+00:00,train,2,4929,self,0.9525475000000219,0,87,
2025-11-27T03:00:50.745718+00:00,train,2,4930,self,0.9525475000000219,0,94,
2025-11-27T03:00:50.745856+00:00,train,2,4931,self,0.9525475000000219,0,95,
2025-11-27T03:00:50.745964+00:00,train,2,4932,self,0.9525475000000219,0,99,
2025-11-27T03:00:50.746101+00:00,train,2,4933,self,0.9525475000000219,0,91,
2025-11-27T03:00:50.746205+00:00,train,2,4934,self,0.9525475000000219,0,95,
2025-11-27T03:00:50.746390+00:00,train,2,4935,self,0.9525475000000219,0,86,
2025-11-27T03:00:50.746518+00:00,train,2,4936,self,0.9525475000000219,0,97,
2025-11-27T03:00:50.746635+00:00,train,2,4937,self,0.9525475000000219,0,97,
2025-11-27T03:00:50.746749+00:00,train,2,4938,self,0.9525475000000219,0,98,
2025-11-27T03:00:50.746861+00:00,train,2,4939,self,0.9525475000000219,0,100,
2025-11-27T03:00:50.746968+00:00,train,2,4940,self,0.9525475000000219,0,100,
2025-11-27T03:00:50.747079+00:00,train,2,4941,self,0.9525475000000219,0,99,
2025-11-27T03:00:50.747185+00:00,train,2,4942,self,0.9525475000000219,0,99,
2025-11-27T03:00:50.747297+00:00,train,2,4943,self,0.9525475000000219,0,98,
2025-11-27T03:00:50.747402+00:00,train,2,4944,self,0.9525475000000219,0,99,
2025-11-27T03:00:50.747512+00:00,train,2,4945,self,0.9525475000000219,0,94,
2025-11-27T03:00:50.747617+00:00,train,2,4946,self,0.9525475000000219,0,96,
2025-11-27T03:00:50.747726+00:00,train,2,4947,self,0.9525475000000219,0,85,
2025-11-27T03:00:50.747832+00:00,train,2,4948,self,0.9525475000000219,0,94,
2025-11-27T03:00:50.747942+00:00,train,2,4949,self,0.9525475000000219,0,97,
2025-11-27T03:00:50.748047+00:00,train,2,4950,self,0.9525475000000219,0,98,
2025-11-27T03:00:50.748157+00:00,train,2,4951,self,0.9525475000000219,0,83,
2025-11-27T03:00:50.748264+00:00,train,2,4952,self,0.9525475000000219,0,98,
2025-11-27T03:00:50.748368+00:00,train,2,4953,self,0.9525475000000219,0,91,
2025-11-27T03:00:50.748478+00:00,train,2,4954,self,0.9525475000000219,0,99,
2025-11-27T03:00:50.748583+00:00,train,2,4955,self,0.9525475000000219,0,94,
2025-11-27T03:00:50.748693+00:00,train,2,4956,self,0.9525475000000219,0,98,
2025-11-27T03:00:50.748797+00:00,train,2,4957,self,0.9525475000000219,0,93,
2025-11-27T03:00:50.748907+00:00,train,2,4958,self,0.9525475000000219,0,95,
2025-11-27T03:00:50.749012+00:00,train,2,4959,self,0.9525475000000219,0,94,
2025-11-27T03:00:50.749122+00:00,train,2,4960,self,0.9525475000000219,0,100,
2025-11-27T03:00:50.749226+00:00,train,2,4961,self,0.9525475000000219,0,98,
2025-11-27T03:00:50.749336+00:00,train,2,4962,self,0.9525475000000219,0,100,
2025-11-27T03:00:50.749442+00:00,train,2,4963,self,0.9525475000000219,0,90,
2025-11-27T03:00:50.749547+00:00,train,2,4964,self,0.9525475000000219,0,97,
2025-11-27T03:00:50.749657+00:00,train,2,4965,self,0.9525475000000219,0,87,
2025-11-27T03:00:50.749761+00:00,train,2,4966,self,0.9525475000000219,0,97,
2025-11-27T03:00:50.749871+00:00,train,2,4967,self,0.9525475000000219,0,95,
2025-11-27T03:00:50.749976+00:00,train,2,4968,self,0.9525475000000219,0,97,
2025-11-27T03:00:50.750086+00:00,train,2,4969,self,0.9525475000000219,0,97,
2025-11-27T03:00:50.750191+00:00,train,2,4970,self,0.9525475000000219,0,99,
2025-11-27T03:00:50.750307+00:00,train,2,4971,self,0.9525475000000219,0,92,
2025-11-27T03:00:50.750417+00:00,train,2,4972,self,0.9525475000000219,0,100,
2025-11-27T03:00:50.750522+00:00,train,2,4973,self,0.9525475000000219,0,94,
2025-11-27T03:00:50.750633+00:00,train,2,4974,self,0.9525475000000219,0,95,
2025-11-27T03:00:50.750738+00:00,train,2,4975,self,0.9525475000000219,0,89,
2025-11-27T03:00:50.750848+00:00,train,2,4976,self,0.9525475000000219,0,97,
2025-11-27T03:00:50.750951+00:00,train,2,4977,self,0.9525475000000219,0,99,
2025-11-27T03:00:50.751062+00:00,train,2,4978,self,0.9525475000000219,0,99,
2025-11-27T03:00:50.751166+00:00,train,2,4979,self,0.9525475000000219,0,89,
2025-11-27T03:00:50.751276+00:00,train,2,4980,self,0.9525475000000219,0,100,
2025-11-27T03:00:50.751381+00:00,train,2,4981,self,0.9525475000000219,0,92,
2025-11-27T03:00:50.751491+00:00,train,2,4982,self,0.9525475000000219,0,100,
2025-11-27T03:00:50.751596+00:00,train,2,4983,self,0.9525475000000219,0,99,
2025-11-27T03:00:50.751711+00:00,train,2,4984,self,0.9525475000000219,0,99,
2025-11-27T03:00:50.752049+00:00,train,2,4985,self,0.9525475000000219,0,83,
2025-11-27T03:00:50.752169+00:00,train,2,4986,self,0.9525475000000219,0,100,
2025-11-27T03:00:50.752331+00:00,train,2,4987,self,0.9525475000000219,0,98,
2025-11-27T03:00:50.752454+00:00,train,2,4988,self,0.9525475000000219,0,98,
2025-11-27T03:00:50.752562+00:00,train,2,4989,self,0.9525475000000219,0,98,
2025-11-27T03:00:50.752696+00:00,train,2,4990,self,0.9525475000000219,0,99,
2025-11-27T03:00:50.752801+00:00,train,2,4991,self,0.9525475000000219,0,97,
2025-11-27T03:00:50.752937+00:00,train,2,4992,self,0.9525475000000219,0,100,
2025-11-27T03:00:50.753041+00:00,train,2,4993,self,0.9525475000000219,0,96,
2025-11-27T03:00:50.753177+00:00,train,2,4994,self,0.9525475000000219,0,100,
2025-11-27T03:00:50.753279+00:00,train,2,4995,self,0.9525475000000219,0,95,
2025-11-27T03:00:50.753402+00:00,train,2,4996,self,0.9525475000000219,0,98,
2025-11-27T03:00:50.753506+00:00,train,2,4997,self,0.9525475000000219,0,92,
2025-11-27T03:00:50.753641+00:00,train,2,4998,self,0.9525475000000219,0,98,
2025-11-27T03:00:50.753745+00:00,train,2,4999,self,0.9525475000000219,0,92,
2025-11-27T03:00:50.753865+00:00,train,2,5000,self,0.9525475000000219,0,97,
2025-11-27T03:00:50.753968+00:00,train,2,5001,self,0.9525475000000219,0,94,
2025-11-27T03:00:50.754071+00:00,train,2,5002,self,0.9525475000000219,0,96,
2025-11-27T03:00:50.754174+00:00,train,2,5003,self,0.9525475000000219,0,97,
2025-11-27T03:00:50.754277+00:00,train,2,5004,self,0.9525475000000219,0,99,
2025-11-27T03:00:50.754379+00:00,train,2,5005,self,0.9525475000000219,0,94,
2025-11-27T03:00:50.754546+00:00,train,2,5006,self,0.9525475000000219,0,100,
2025-11-27T03:00:50.754671+00:00,train,2,5007,self,0.9525475000000219,0,98,
2025-11-27T03:00:50.754783+00:00,train,2,5008,self,0.9525475000000219,0,99,
2025-11-27T03:00:50.754891+00:00,train,2,5009,self,0.9525475000000219,0,90,
2025-11-27T03:00:50.754997+00:00,train,2,5010,self,0.9525475000000219,0,90,
2025-11-27T03:00:50.755100+00:00,train,2,5011,self,0.9525475000000219,0,97,
2025-11-27T03:00:50.755203+00:00,train,2,5012,self,0.9525475000000219,0,99,
2025-11-27T03:00:50.755305+00:00,train,2,5013,self,0.9525475000000219,0,81,
2025-11-27T03:00:50.755407+00:00,train,2,5014,self,0.9525475000000219,0,98,
2025-11-27T03:00:50.755508+00:00,train,2,5015,self,0.9525475000000219,0,95,
2025-11-27T03:00:50.755610+00:00,train,2,5016,self,0.9525475000000219,0,100,
2025-11-27T03:00:50.755711+00:00,train,2,5017,self,0.9525475000000219,0,99,
2025-11-27T03:00:50.755812+00:00,train,2,5018,self,0.9525475000000219,0,100,
2025-11-27T03:00:50.755913+00:00,train,2,5019,self,0.9525475000000219,0,93,
2025-11-27T03:00:50.756014+00:00,train,2,5020,self,0.9525475000000219,0,100,
2025-11-27T03:00:50.756115+00:00,train,2,5021,self,0.9525475000000219,0,98,
2025-11-27T03:00:50.756217+00:00,train,2,5022,self,0.9525475000000219,0,100,
2025-11-27T03:00:50.756317+00:00,train,2,5023,self,0.9525475000000219,0,85,
2025-11-27T03:00:50.756421+00:00,train,2,5024,self,0.9525475000000219,0,90,
2025-11-27T03:00:50.756522+00:00,train,2,5025,self,0.9525475000000219,0,88,
2025-11-27T03:00:50.756623+00:00,train,2,5026,self,0.9525475000000219,0,94,
2025-11-27T03:00:50.756724+00:00,train,2,5027,self,0.9525475000000219,0,86,
2025-11-27T03:00:50.756825+00:00,train,2,5028,self,0.9525475000000219,0,100,
2025-11-27T03:00:50.756926+00:00,train,2,5029,self,0.9525475000000219,0,95,
2025-11-27T03:00:50.757027+00:00,train,2,5030,self,0.9525475000000219,0,100,
2025-11-27T03:00:50.757127+00:00,train,2,5031,self,0.9525475000000219,0,94,
2025-11-27T03:00:50.757228+00:00,train,2,5032,self,0.9525475000000219,0,99,
2025-11-27T03:00:50.757328+00:00,train,2,5033,self,0.9525475000000219,0,89,
2025-11-27T03:00:50.757429+00:00,train,2,5034,self,0.9525475000000219,0,91,
2025-11-27T03:00:50.757529+00:00,train,2,5035,self,0.9525475000000219,0,92,
2025-11-27T03:00:50.757629+00:00,train,2,5036,self,0.9525475000000219,0,100,
2025-11-27T03:00:50.757730+00:00,train,2,5037,self,0.9525475000000219,0,92,
2025-11-27T03:00:50.757831+00:00,train,2,5038,self,0.9525475000000219,0,93,
2025-11-27T03:00:50.757932+00:00,train,2,5039,self,0.9525475000000219,0,96,
2025-11-27T03:00:50.758033+00:00,train,2,5040,self,0.9525475000000219,0,100,
2025-11-27T03:00:50.758134+00:00,train,2,5041,self,0.9525475000000219,0,95,
2025-11-27T03:00:50.758234+00:00,train,2,5042,self,0.9525475000000219,0,98,
2025-11-27T03:00:50.758335+00:00,train,2,5043,self,0.9525475000000219,0,98,
2025-11-27T03:00:50.758435+00:00,train,2,5044,self,0.9525475000000219,0,100,
2025-11-27T03:00:50.758536+00:00,train,2,5045,self,0.9525475000000219,0,90,
2025-11-27T03:00:50.758636+00:00,train,2,5046,self,0.9525475000000219,0,100,
2025-11-27T03:00:50.758737+00:00,train,2,5047,self,0.9525475000000219,0,96,
2025-11-27T03:00:50.758838+00:00,train,2,5048,self,0.9525475000000219,0,98,
2025-11-27T03:00:50.758939+00:00,train,2,5049,self,0.9525475000000219,0,97,
2025-11-27T03:00:50.759039+00:00,train,2,5050,self,0.9525475000000219,0,99,
2025-11-27T03:00:50.759140+00:00,train,2,5051,self,0.9525475000000219,0,99,
2025-11-27T03:00:50.759241+00:00,train,2,5052,self,0.9525475000000219,0,100,
2025-11-27T03:00:50.759342+00:00,train,2,5053,self,0.9525475000000219,0,100,
2025-11-27T03:00:50.759442+00:00,train,2,5054,self,0.9525475000000219,0,100,
2025-11-27T03:00:50.759542+00:00,train,2,5055,self,0.9525475000000219,0,95,
2025-11-27T03:00:50.759643+00:00,train,2,5056,self,0.9525475000000219,0,97,
2025-11-27T03:00:50.759743+00:00,train,2,5057,self,0.9525475000000219,0,96,
2025-11-27T03:00:50.759843+00:00,train,2,5058,self,0.9525475000000219,0,99,
2025-11-27T03:00:50.759944+00:00,train,2,5059,self,0.9525475000000219,0,93,
2025-11-27T03:00:50.760044+00:00,train,2,5060,self,0.9525475000000219,0,99,
2025-11-27T03:00:50.760145+00:00,train,2,5061,self,0.9525475000000219,0,96,
2025-11-27T03:00:50.760245+00:00,train,2,5062,self,0.9525475000000219,0,98,
2025-11-27T03:00:50.760346+00:00,train,2,5063,self,0.9525475000000219,0,93,
2025-11-27T03:00:50.760447+00:00,train,2,5064,self,0.9525475000000219,0,100,
2025-11-27T03:00:50.760547+00:00,train,2,5065,self,0.9525475000000219,0,96,
2025-11-27T03:00:50.760647+00:00,train,2,5066,self,0.9525475000000219,0,100,
2025-11-27T03:00:50.760748+00:00,train,2,5067,self,0.9525475000000219,0,99,
2025-11-27T03:00:50.760849+00:00,train,2,5068,self,0.9525475000000219,0,100,
2025-11-27T03:00:50.760949+00:00,train,2,5069,self,0.9525475000000219,0,98,
2025-11-27T03:00:50.761050+00:00,train,2,5070,self,0.9525475000000219,0,98,
2025-11-27T03:00:50.761152+00:00,train,2,5071,self,0.9525475000000219,0,97,
2025-11-27T03:00:50.761253+00:00,train,2,5072,self,0.9525475000000219,0,99,
2025-11-27T03:00:50.761353+00:00,train,2,5073,self,0.9525475000000219,0,90,
2025-11-27T03:00:50.761454+00:00,train,2,5074,self,0.9525475000000219,0,94,
2025-11-27T03:00:50.761555+00:00,train,2,5075,self,0.9525475000000219,0,98,
2025-11-27T03:00:50.761655+00:00,train,2,5076,self,0.9525475000000219,0,98,
2025-11-27T03:00:50.761757+00:00,train,2,5077,self,0.9525475000000219,0,90,
2025-11-27T03:00:50.761858+00:00,train,2,5078,self,0.9525475000000219,0,92,
2025-11-27T03:00:50.761959+00:00,train,2,5079,self,0.9525475000000219,0,91,
2025-11-27T03:00:50.762059+00:00,train,2,5080,self,0.9525475000000219,0,98,
2025-11-27T03:00:50.762160+00:00,train,2,5081,self,0.9525475000000219,0,94,
2025-11-27T03:00:50.762261+00:00,train,2,5082,self,0.9525475000000219,0,99,
2025-11-27T03:00:50.762367+00:00,train,2,5083,self,0.9525475000000219,0,96,
2025-11-27T03:00:50.762469+00:00,train,2,5084,self,0.9525475000000219,0,98,
2025-11-27T03:00:50.762570+00:00,train,2,5085,self,0.9525475000000219,0,95,
2025-11-27T03:00:50.762671+00:00,train,2,5086,self,0.9525475000000219,0,98,
2025-11-27T03:00:50.762771+00:00,train,2,5087,self,0.9525475000000219,0,91,
2025-11-27T03:00:50.762872+00:00,train,2,5088,self,0.9525475000000219,0,92,
2025-11-27T03:00:50.762973+00:00,train,2,5089,self,0.9525475000000219,0,99,
2025-11-27T03:00:50.763073+00:00,train,2,5090,self,0.9525475000000219,0,100,
2025-11-27T03:00:50.763173+00:00,train,2,5091,self,0.9525475000000219,0,96,
2025-11-27T03:00:50.763275+00:00,train,2,5092,self,0.9525475000000219,0,100,
2025-11-27T03:00:50.763375+00:00,train,2,5093,self,0.9525475000000219,0,95,
2025-11-27T03:00:50.763477+00:00,train,2,5094,self,0.9525475000000219,0,100,
2025-11-27T03:00:50.763581+00:00,train,2,5095,self,0.9525475000000219,0,94,
2025-11-27T03:00:50.763682+00:00,train,2,5096,self,0.9525475000000219,0,98,
2025-11-27T03:00:50.763782+00:00,train,2,5097,self,0.9525475000000219,0,94,
2025-11-27T03:00:50.763883+00:00,train,2,5098,self,0.9525475000000219,0,99,
2025-11-27T03:00:50.763984+00:00,train,2,5099,self,0.9525475000000219,0,99,
2025-11-27T03:00:50.764084+00:00,train,2,5100,self,0.9525475000000219,0,100,
2025-11-27T03:01:08.749045+00:00,baseline_eval,2,5101,baseline,0.9050950000000437,1,77,78
2025-11-27T03:01:08.749254+00:00,baseline_eval,2,5102,baseline,0.9050950000000437,1,99,100
2025-11-27T03:01:08.749708+00:00,baseline_eval,2,5103,baseline,0.9050950000000437,1,93,94
2025-11-27T03:01:08.749837+00:00,baseline_eval,2,5104,baseline,0.9050950000000437,1,87,88
2025-11-27T03:01:08.749971+00:00,baseline_eval,2,5105,baseline,0.9050950000000437,1,96,97
2025-11-27T03:01:08.750089+00:00,baseline_eval,2,5106,baseline,0.9050950000000437,1,93,94
2025-11-27T03:01:08.750205+00:00,baseline_eval,2,5107,baseline,0.9050950000000437,1,91,92
2025-11-27T03:01:08.750365+00:00,baseline_eval,2,5108,baseline,0.9050950000000437,1,84,85
2025-11-27T03:01:08.750490+00:00,baseline_eval,2,5109,baseline,0.9050950000000437,1,89,90
2025-11-27T03:01:08.750651+00:00,baseline_eval,2,5110,baseline,0.9050950000000437,1,99,100
2025-11-27T03:01:08.750784+00:00,baseline_eval,2,5111,baseline,0.9050950000000437,1,99,100
2025-11-27T03:01:08.750964+00:00,baseline_eval,2,5112,baseline,0.9050950000000437,1,90,91
2025-11-27T03:01:08.751097+00:00,baseline_eval,2,5113,baseline,0.9050950000000437,1,85,86
2025-11-27T03:01:08.751234+00:00,baseline_eval,2,5114,baseline,0.9050950000000437,1,98,99
2025-11-27T03:01:08.751354+00:00,baseline_eval,2,5115,baseline,0.9050950000000437,1,97,98
2025-11-27T03:01:08.751515+00:00,baseline_eval,2,5116,baseline,0.9050950000000437,1,88,89
2025-11-27T03:01:08.751647+00:00,baseline_eval,2,5117,baseline,0.9050950000000437,1,96,97
2025-11-27T03:01:08.751783+00:00,baseline_eval,2,5118,baseline,0.9050950000000437,1,99,100
2025-11-27T03:01:08.751915+00:00,baseline_eval,2,5119,baseline,0.9050950000000437,1,98,99
2025-11-27T03:01:08.752077+00:00,baseline_eval,2,5120,baseline,0.9050950000000437,1,99,100
2025-11-27T03:01:08.752214+00:00,baseline_eval,2,5121,baseline,0.9050950000000437,1,84,85
2025-11-27T03:01:08.752349+00:00,baseline_eval,2,5122,baseline,0.9050950000000437,1,92,93
2025-11-27T03:01:08.752474+00:00,baseline_eval,2,5123,baseline,0.9050950000000437,1,99,100
2025-11-27T03:01:08.752614+00:00,baseline_eval,2,5124,baseline,0.9050950000000437,1,97,98
2025-11-27T03:01:08.752737+00:00,baseline_eval,2,5125,baseline,0.9050950000000437,1,96,97
2025-11-27T03:01:08.752876+00:00,baseline_eval,2,5126,baseline,0.9050950000000437,1,90,91
2025-11-27T03:01:08.752997+00:00,baseline_eval,2,5127,baseline,0.9050950000000437,1,92,93
2025-11-27T03:01:08.753174+00:00,baseline_eval,2,5128,baseline,0.9050950000000437,1,92,93
2025-11-27T03:01:08.753309+00:00,baseline_eval,2,5129,baseline,0.9050950000000437,1,99,100
2025-11-27T03:01:08.753453+00:00,baseline_eval,2,5130,baseline,0.9050950000000437,1,94,95
2025-11-27T03:01:08.753579+00:00,baseline_eval,2,5131,baseline,0.9050950000000437,1,96,97
2025-11-27T03:01:08.753759+00:00,baseline_eval,2,5132,baseline,0.9050950000000437,1,97,98
2025-11-27T03:01:08.753899+00:00,baseline_eval,2,5133,baseline,0.9050950000000437,1,96,97
2025-11-27T03:01:08.754048+00:00,baseline_eval,2,5134,baseline,0.9050950000000437,1,96,97
2025-11-27T03:01:08.754179+00:00,baseline_eval,2,5135,baseline,0.9050950000000437,1,93,94
2025-11-27T03:01:08.754306+00:00,baseline_eval,2,5136,baseline,0.9050950000000437,1,98,99
2025-11-27T03:01:08.754432+00:00,baseline_eval,2,5137,baseline,0.9050950000000437,1,80,81
2025-11-27T03:01:08.754558+00:00,baseline_eval,2,5138,baseline,0.9050950000000437,1,74,75
2025-11-27T03:01:08.754684+00:00,baseline_eval,2,5139,baseline,0.9050950000000437,1,89,90
2025-11-27T03:01:08.754808+00:00,baseline_eval,2,5140,baseline,0.9050950000000437,1,88,89
2025-11-27T03:01:08.754971+00:00,baseline_eval,2,5141,baseline,0.9050950000000437,1,92,93
2025-11-27T03:01:08.755098+00:00,baseline_eval,2,5142,baseline,0.9050950000000437,1,95,96
2025-11-27T03:01:08.755225+00:00,baseline_eval,2,5143,baseline,0.9050950000000437,1,98,99
2025-11-27T03:01:08.755353+00:00,baseline_eval,2,5144,baseline,0.9050950000000437,1,92,93
2025-11-27T03:01:08.755510+00:00,baseline_eval,2,5145,baseline,0.9050950000000437,1,94,95
2025-11-27T03:01:08.755689+00:00,baseline_eval,2,5146,baseline,0.9050950000000437,1,96,97
2025-11-27T03:01:08.755846+00:00,baseline_eval,2,5147,baseline,0.9050950000000437,1,71,72
2025-11-27T03:01:08.755983+00:00,baseline_eval,2,5148,baseline,0.9050950000000437,1,99,100
2025-11-27T03:01:08.756115+00:00,baseline_eval,2,5149,baseline,0.9050950000000437,1,95,96
2025-11-27T03:01:08.756252+00:00,baseline_eval,2,5150,baseline,0.9050950000000437,1,83,84
2025-11-27T03:01:08.756381+00:00,baseline_eval,2,5151,baseline,0.9050950000000437,1,97,98
2025-11-27T03:01:08.756521+00:00,baseline_eval,2,5152,baseline,0.9050950000000437,1,99,100
2025-11-27T03:01:08.756648+00:00,baseline_eval,2,5153,baseline,0.9050950000000437,1,88,89
2025-11-27T03:01:08.756776+00:00,baseline_eval,2,5154,baseline,0.9050950000000437,1,98,99
2025-11-27T03:01:08.756904+00:00,baseline_eval,2,5155,baseline,0.9050950000000437,1,99,100
2025-11-27T03:01:08.757030+00:00,baseline_eval,2,5156,baseline,0.9050950000000437,1,99,100
2025-11-27T03:01:08.757164+00:00,baseline_eval,2,5157,baseline,0.9050950000000437,1,98,99
2025-11-27T03:01:08.757293+00:00,baseline_eval,2,5158,baseline,0.9050950000000437,1,95,96
2025-11-27T03:01:08.757421+00:00,baseline_eval,2,5159,baseline,0.9050950000000437,1,98,99
2025-11-27T03:01:08.757548+00:00,baseline_eval,2,5160,baseline,0.9050950000000437,1,99,100
2025-11-27T03:01:08.757675+00:00,baseline_eval,2,5161,baseline,0.9050950000000437,1,97,98
2025-11-27T03:01:08.757801+00:00,baseline_eval,2,5162,baseline,0.9050950000000437,1,91,92
2025-11-27T03:01:08.757931+00:00,baseline_eval,2,5163,baseline,0.9050950000000437,1,99,100
2025-11-27T03:01:08.758057+00:00,baseline_eval,2,5164,baseline,0.9050950000000437,1,95,96
2025-11-27T03:01:08.758183+00:00,baseline_eval,2,5165,baseline,0.9050950000000437,1,91,92
2025-11-27T03:01:08.758309+00:00,baseline_eval,2,5166,baseline,0.9050950000000437,1,85,86
2025-11-27T03:01:08.758435+00:00,baseline_eval,2,5167,baseline,0.9050950000000437,1,96,97
2025-11-27T03:01:08.758560+00:00,baseline_eval,2,5168,baseline,0.9050950000000437,1,99,100
2025-11-27T03:01:08.758690+00:00,baseline_eval,2,5169,baseline,0.9050950000000437,1,94,95
2025-11-27T03:01:08.758817+00:00,baseline_eval,2,5170,baseline,0.9050950000000437,1,94,95
2025-11-27T03:01:08.758946+00:00,baseline_eval,2,5171,baseline,0.9050950000000437,1,93,94
2025-11-27T03:01:08.759073+00:00,baseline_eval,2,5172,baseline,0.9050950000000437,1,88,89
2025-11-27T03:01:08.759198+00:00,baseline_eval,2,5173,baseline,0.9050950000000437,1,93,94
2025-11-27T03:01:08.759406+00:00,baseline_eval,2,5174,baseline,0.9050950000000437,1,80,81
2025-11-27T03:01:08.759585+00:00,baseline_eval,2,5175,baseline,0.9050950000000437,1,93,94
2025-11-27T03:01:08.759859+00:00,baseline_eval,2,5176,baseline,0.9050950000000437,1,86,87
2025-11-27T03:01:08.760102+00:00,baseline_eval,2,5177,baseline,0.9050950000000437,1,96,97
2025-11-27T03:01:08.760297+00:00,baseline_eval,2,5178,baseline,0.9050950000000437,1,83,84
2025-11-27T03:01:08.760469+00:00,baseline_eval,2,5179,baseline,0.9050950000000437,1,96,97
2025-11-27T03:01:08.760626+00:00,baseline_eval,2,5180,baseline,0.9050950000000437,1,94,95
2025-11-27T03:01:08.760770+00:00,baseline_eval,2,5181,baseline,0.9050950000000437,1,94,95
2025-11-27T03:01:08.760915+00:00,baseline_eval,2,5182,baseline,0.9050950000000437,1,76,77
2025-11-27T03:01:08.761110+00:00,baseline_eval,2,5183,baseline,0.9050950000000437,1,99,100
2025-11-27T03:01:08.761255+00:00,baseline_eval,2,5184,baseline,0.9050950000000437,1,97,98
2025-11-27T03:01:08.761442+00:00,baseline_eval,2,5185,baseline,0.9050950000000437,1,94,95
2025-11-27T03:01:08.761611+00:00,baseline_eval,2,5186,baseline,0.9050950000000437,1,98,99
2025-11-27T03:01:08.761758+00:00,baseline_eval,2,5187,baseline,0.9050950000000437,1,87,88
2025-11-27T03:01:08.761899+00:00,baseline_eval,2,5188,baseline,0.9050950000000437,1,97,98
2025-11-27T03:01:08.762036+00:00,baseline_eval,2,5189,baseline,0.9050950000000437,1,94,95
2025-11-27T03:01:08.762172+00:00,baseline_eval,2,5190,baseline,0.9050950000000437,1,99,100
2025-11-27T03:01:08.762305+00:00,baseline_eval,2,5191,baseline,0.9050950000000437,1,99,100
2025-11-27T03:01:08.762437+00:00,baseline_eval,2,5192,baseline,0.9050950000000437,1,93,94
2025-11-27T03:01:08.762568+00:00,baseline_eval,2,5193,baseline,0.9050950000000437,1,99,100
2025-11-27T03:01:08.762711+00:00,baseline_eval,2,5194,baseline,0.9050950000000437,1,96,97
2025-11-27T03:01:08.762845+00:00,baseline_eval,2,5195,baseline,0.9050950000000437,1,95,96
2025-11-27T03:01:08.763030+00:00,baseline_eval,2,5196,baseline,0.9050950000000437,1,99,100
2025-11-27T03:01:08.763180+00:00,baseline_eval,2,5197,baseline,0.9050950000000437,1,94,95
2025-11-27T03:01:08.763374+00:00,baseline_eval,2,5198,baseline,0.9050950000000437,1,82,83
2025-11-27T03:01:08.763538+00:00,baseline_eval,2,5199,baseline,0.9050950000000437,1,98,99
2025-11-27T03:01:08.763699+00:00,baseline_eval,2,5200,baseline,0.9050950000000437,1,90,91
2025-11-27T03:01:38.075747+00:00,selfplay_eval,2,5201,selfplay_eval,0.9050950000000437,1,92,93
2025-11-27T03:01:38.076347+00:00,selfplay_eval,2,5202,selfplay_eval,0.9050950000000437,1,97,98
2025-11-27T03:01:38.076492+00:00,selfplay_eval,2,5203,selfplay_eval,0.9050950000000437,0,93,93
2025-11-27T03:01:38.076615+00:00,selfplay_eval,2,5204,selfplay_eval,0.9050950000000437,1,90,91
2025-11-27T03:01:38.076733+00:00,selfplay_eval,2,5205,selfplay_eval,0.9050950000000437,1,99,100
2025-11-27T03:01:38.076919+00:00,selfplay_eval,2,5206,selfplay_eval,0.9050950000000437,1,98,99
2025-11-27T03:01:38.077061+00:00,selfplay_eval,2,5207,selfplay_eval,0.9050950000000437,0,96,96
2025-11-27T03:01:38.077190+00:00,selfplay_eval,2,5208,selfplay_eval,0.9050950000000437,1,93,94
2025-11-27T03:01:38.077314+00:00,selfplay_eval,2,5209,selfplay_eval,0.9050950000000437,1,94,95
2025-11-27T03:01:38.077505+00:00,selfplay_eval,2,5210,selfplay_eval,0.9050950000000437,0,94,94
2025-11-27T03:01:38.077640+00:00,selfplay_eval,2,5211,selfplay_eval,0.9050950000000437,0,97,97
2025-11-27T03:01:38.077789+00:00,selfplay_eval,2,5212,selfplay_eval,0.9050950000000437,0,90,90
2025-11-27T03:01:38.077916+00:00,selfplay_eval,2,5213,selfplay_eval,0.9050950000000437,1,80,81
2025-11-27T03:01:38.078090+00:00,selfplay_eval,2,5214,selfplay_eval,0.9050950000000437,0,75,75
2025-11-27T03:01:38.078232+00:00,selfplay_eval,2,5215,selfplay_eval,0.9050950000000437,1,88,89
2025-11-27T03:01:38.078364+00:00,selfplay_eval,2,5216,selfplay_eval,0.9050950000000437,1,91,92
2025-11-27T03:01:38.078506+00:00,selfplay_eval,2,5217,selfplay_eval,0.9050950000000437,1,93,94
2025-11-27T03:01:38.078633+00:00,selfplay_eval,2,5218,selfplay_eval,0.9050950000000437,1,88,89
2025-11-27T03:01:38.078767+00:00,selfplay_eval,2,5219,selfplay_eval,0.9050950000000437,0,88,88
2025-11-27T03:01:38.078940+00:00,selfplay_eval,2,5220,selfplay_eval,0.9050950000000437,0,94,94
2025-11-27T03:01:38.079083+00:00,selfplay_eval,2,5221,selfplay_eval,0.9050950000000437,1,78,79
2025-11-27T03:01:38.079214+00:00,selfplay_eval,2,5222,selfplay_eval,0.9050950000000437,1,97,98
2025-11-27T03:01:38.079350+00:00,selfplay_eval,2,5223,selfplay_eval,0.9050950000000437,0,92,92
2025-11-27T03:01:38.079504+00:00,selfplay_eval,2,5224,selfplay_eval,0.9050950000000437,1,87,88
2025-11-27T03:01:38.079629+00:00,selfplay_eval,2,5225,selfplay_eval,0.9050950000000437,0,87,87
2025-11-27T03:01:38.079774+00:00,selfplay_eval,2,5226,selfplay_eval,0.9050950000000437,1,93,94
2025-11-27T03:01:38.079898+00:00,selfplay_eval,2,5227,selfplay_eval,0.9050950000000437,0,85,85
2025-11-27T03:01:38.080083+00:00,selfplay_eval,2,5228,selfplay_eval,0.9050950000000437,1,86,87
2025-11-27T03:01:38.080231+00:00,selfplay_eval,2,5229,selfplay_eval,0.9050950000000437,0,96,96
2025-11-27T03:01:38.080376+00:00,selfplay_eval,2,5230,selfplay_eval,0.9050950000000437,1,91,92
2025-11-27T03:01:38.080527+00:00,selfplay_eval,2,5231,selfplay_eval,0.9050950000000437,1,91,92
2025-11-27T03:01:38.080663+00:00,selfplay_eval,2,5232,selfplay_eval,0.9050950000000437,0,91,91
2025-11-27T03:01:38.080800+00:00,selfplay_eval,2,5233,selfplay_eval,0.9050950000000437,0,98,98
2025-11-27T03:01:38.080934+00:00,selfplay_eval,2,5234,selfplay_eval,0.9050950000000437,0,94,94
2025-11-27T03:01:38.081128+00:00,selfplay_eval,2,5235,selfplay_eval,0.9050950000000437,1,89,90
2025-11-27T03:01:38.081278+00:00,selfplay_eval,2,5236,selfplay_eval,0.9050950000000437,1,88,89
2025-11-27T03:01:38.081437+00:00,selfplay_eval,2,5237,selfplay_eval,0.9050950000000437,1,80,81
2025-11-27T03:01:38.081579+00:00,selfplay_eval,2,5238,selfplay_eval,0.9050950000000437,1,81,82
2025-11-27T03:01:38.081716+00:00,selfplay_eval,2,5239,selfplay_eval,0.9050950000000437,1,87,88
2025-11-27T03:01:38.081859+00:00,selfplay_eval,2,5240,selfplay_eval,0.9050950000000437,0,95,95
2025-11-27T03:01:38.081992+00:00,selfplay_eval,2,5241,selfplay_eval,0.9050950000000437,1,95,96
2025-11-27T03:01:38.082121+00:00,selfplay_eval,2,5242,selfplay_eval,0.9050950000000437,0,94,94
2025-11-27T03:01:38.082249+00:00,selfplay_eval,2,5243,selfplay_eval,0.9050950000000437,1,94,95
2025-11-27T03:01:38.082379+00:00,selfplay_eval,2,5244,selfplay_eval,0.9050950000000437,1,92,93
2025-11-27T03:01:38.082511+00:00,selfplay_eval,2,5245,selfplay_eval,0.9050950000000437,1,85,86
2025-11-27T03:01:38.082647+00:00,selfplay_eval,2,5246,selfplay_eval,0.9050950000000437,1,92,93
2025-11-27T03:01:38.082777+00:00,selfplay_eval,2,5247,selfplay_eval,0.9050950000000437,0,91,91
2025-11-27T03:01:38.082905+00:00,selfplay_eval,2,5248,selfplay_eval,0.9050950000000437,1,96,97
2025-11-27T03:01:38.083032+00:00,selfplay_eval,2,5249,selfplay_eval,0.9050950000000437,1,92,93
2025-11-27T03:01:38.083161+00:00,selfplay_eval,2,5250,selfplay_eval,0.9050950000000437,0,93,93
2025-11-27T03:01:38.083312+00:00,selfplay_eval,2,5251,selfplay_eval,0.9050950000000437,0,97,97
2025-11-27T03:01:38.083509+00:00,selfplay_eval,2,5252,selfplay_eval,0.9050950000000437,1,97,98
2025-11-27T03:01:38.083646+00:00,selfplay_eval,2,5253,selfplay_eval,0.9050950000000437,0,90,90
2025-11-27T03:01:38.083785+00:00,selfplay_eval,2,5254,selfplay_eval,0.9050950000000437,1,94,95
2025-11-27T03:01:38.083920+00:00,selfplay_eval,2,5255,selfplay_eval,0.9050950000000437,1,95,96
2025-11-27T03:01:38.084053+00:00,selfplay_eval,2,5256,selfplay_eval,0.9050950000000437,1,97,98
2025-11-27T03:01:38.084182+00:00,selfplay_eval,2,5257,selfplay_eval,0.9050950000000437,0,93,93
2025-11-27T03:01:38.084400+00:00,selfplay_eval,2,5258,selfplay_eval,0.9050950000000437,1,89,90
2025-11-27T03:01:38.084530+00:00,selfplay_eval,2,5259,selfplay_eval,0.9050950000000437,0,93,93
2025-11-27T03:01:38.084661+00:00,selfplay_eval,2,5260,selfplay_eval,0.9050950000000437,0,89,89
2025-11-27T03:01:38.084791+00:00,selfplay_eval,2,5261,selfplay_eval,0.9050950000000437,1,95,96
2025-11-27T03:01:38.084921+00:00,selfplay_eval,2,5262,selfplay_eval,0.9050950000000437,1,90,91
2025-11-27T03:01:38.085052+00:00,selfplay_eval,2,5263,selfplay_eval,0.9050950000000437,1,95,96
2025-11-27T03:01:38.085185+00:00,selfplay_eval,2,5264,selfplay_eval,0.9050950000000437,1,88,89
2025-11-27T03:01:38.085319+00:00,selfplay_eval,2,5265,selfplay_eval,0.9050950000000437,1,89,90
2025-11-27T03:01:38.085509+00:00,selfplay_eval,2,5266,selfplay_eval,0.9050950000000437,1,89,90
2025-11-27T03:01:38.085677+00:00,selfplay_eval,2,5267,selfplay_eval,0.9050950000000437,1,98,99
2025-11-27T03:01:38.085827+00:00,selfplay_eval,2,5268,selfplay_eval,0.9050950000000437,1,93,94
2025-11-27T03:01:38.085971+00:00,selfplay_eval,2,5269,selfplay_eval,0.9050950000000437,0,95,95
2025-11-27T03:01:38.086122+00:00,selfplay_eval,2,5270,selfplay_eval,0.9050950000000437,1,85,86
2025-11-27T03:01:38.086271+00:00,selfplay_eval,2,5271,selfplay_eval,0.9050950000000437,1,82,83
2025-11-27T03:01:38.086424+00:00,selfplay_eval,2,5272,selfplay_eval,0.9050950000000437,1,91,92
2025-11-27T03:01:38.086561+00:00,selfplay_eval,2,5273,selfplay_eval,0.9050950000000437,0,90,90
2025-11-27T03:01:38.086732+00:00,selfplay_eval,2,5274,selfplay_eval,0.9050950000000437,0,88,88
2025-11-27T03:01:38.087189+00:00,selfplay_eval,2,5275,selfplay_eval,0.9050950000000437,1,92,93
2025-11-27T03:01:38.087536+00:00,selfplay_eval,2,5276,selfplay_eval,0.9050950000000437,1,83,84
2025-11-27T03:01:38.087744+00:00,selfplay_eval,2,5277,selfplay_eval,0.9050950000000437,1,89,90
2025-11-27T03:01:38.087916+00:00,selfplay_eval,2,5278,selfplay_eval,0.9050950000000437,0,93,93
2025-11-27T03:01:38.088058+00:00,selfplay_eval,2,5279,selfplay_eval,0.9050950000000437,0,86,86
2025-11-27T03:01:38.088206+00:00,selfplay_eval,2,5280,selfplay_eval,0.9050950000000437,0,87,87
2025-11-27T03:01:38.088349+00:00,selfplay_eval,2,5281,selfplay_eval,0.9050950000000437,1,84,85
2025-11-27T03:01:38.088560+00:00,selfplay_eval,2,5282,selfplay_eval,0.9050950000000437,0,83,83
2025-11-27T03:01:38.088722+00:00,selfplay_eval,2,5283,selfplay_eval,0.9050950000000437,0,94,94
2025-11-27T03:01:38.088871+00:00,selfplay_eval,2,5284,selfplay_eval,0.9050950000000437,1,84,85
2025-11-27T03:01:38.089015+00:00,selfplay_eval,2,5285,selfplay_eval,0.9050950000000437,1,92,93
2025-11-27T03:01:38.089161+00:00,selfplay_eval,2,5286,selfplay_eval,0.9050950000000437,1,93,94
2025-11-27T03:01:38.089298+00:00,selfplay_eval,2,5287,selfplay_eval,0.9050950000000437,0,87,87
2025-11-27T03:01:38.089431+00:00,selfplay_eval,2,5288,selfplay_eval,0.9050950000000437,0,85,85
2025-11-27T03:01:38.089629+00:00,selfplay_eval,2,5289,selfplay_eval,0.9050950000000437,1,82,83
2025-11-27T03:01:38.089790+00:00,selfplay_eval,2,5290,selfplay_eval,0.9050950000000437,1,91,92
2025-11-27T03:01:38.089948+00:00,selfplay_eval,2,5291,selfplay_eval,0.9050950000000437,0,96,96
2025-11-27T03:01:38.090093+00:00,selfplay_eval,2,5292,selfplay_eval,0.9050950000000437,1,93,94
2025-11-27T03:01:38.090235+00:00,selfplay_eval,2,5293,selfplay_eval,0.9050950000000437,0,98,98
2025-11-27T03:01:38.090373+00:00,selfplay_eval,2,5294,selfplay_eval,0.9050950000000437,1,90,91
2025-11-27T03:01:38.090530+00:00,selfplay_eval,2,5295,selfplay_eval,0.9050950000000437,0,93,93
2025-11-27T03:01:38.090665+00:00,selfplay_eval,2,5296,selfplay_eval,0.9050950000000437,0,93,93
2025-11-27T03:01:38.090805+00:00,selfplay_eval,2,5297,selfplay_eval,0.9050950000000437,1,91,92
2025-11-27T03:01:38.090943+00:00,selfplay_eval,2,5298,selfplay_eval,0.9050950000000437,1,76,77
2025-11-27T03:01:38.091076+00:00,selfplay_eval,2,5299,selfplay_eval,0.9050950000000437,0,86,86
2025-11-27T03:01:38.091226+00:00,selfplay_eval,2,5300,selfplay_eval,0.9050950000000437,0,84,84
2025-11-27T03:01:38.091367+00:00,selfplay_eval,2,5301,selfplay_eval,0.9050950000000437,1,86,87
2025-11-27T03:01:38.091555+00:00,selfplay_eval,2,5302,selfplay_eval,0.9050950000000437,0,88,88
2025-11-27T03:01:38.091747+00:00,selfplay_eval,2,5303,selfplay_eval,0.9050950000000437,0,98,98
2025-11-27T03:01:38.091925+00:00,selfplay_eval,2,5304,selfplay_eval,0.9050950000000437,1,91,92
2025-11-27T03:01:38.092073+00:00,selfplay_eval,2,5305,selfplay_eval,0.9050950000000437,0,98,98
2025-11-27T03:01:38.092214+00:00,selfplay_eval,2,5306,selfplay_eval,0.9050950000000437,0,98,98
2025-11-27T03:01:38.092348+00:00,selfplay_eval,2,5307,selfplay_eval,0.9050950000000437,1,97,98
2025-11-27T03:01:38.092480+00:00,selfplay_eval,2,5308,selfplay_eval,0.9050950000000437,0,88,88
2025-11-27T03:01:38.092611+00:00,selfplay_eval,2,5309,selfplay_eval,0.9050950000000437,0,98,98
2025-11-27T03:01:38.092741+00:00,selfplay_eval,2,5310,selfplay_eval,0.9050950000000437,0,97,97
2025-11-27T03:01:38.092871+00:00,selfplay_eval,2,5311,selfplay_eval,0.9050950000000437,0,84,84
2025-11-27T03:01:38.093000+00:00,selfplay_eval,2,5312,selfplay_eval,0.9050950000000437,1,79,80
2025-11-27T03:01:38.093129+00:00,selfplay_eval,2,5313,selfplay_eval,0.9050950000000437,1,90,91
2025-11-27T03:01:38.093273+00:00,selfplay_eval,2,5314,selfplay_eval,0.9050950000000437,1,97,98
2025-11-27T03:01:38.093403+00:00,selfplay_eval,2,5315,selfplay_eval,0.9050950000000437,1,96,97
2025-11-27T03:01:38.093532+00:00,selfplay_eval,2,5316,selfplay_eval,0.9050950000000437,1,84,85
2025-11-27T03:01:38.093669+00:00,selfplay_eval,2,5317,selfplay_eval,0.9050950000000437,0,87,87
2025-11-27T03:01:38.093800+00:00,selfplay_eval,2,5318,selfplay_eval,0.9050950000000437,0,85,85
2025-11-27T03:01:38.093929+00:00,selfplay_eval,2,5319,selfplay_eval,0.9050950000000437,0,92,92
2025-11-27T03:01:38.094057+00:00,selfplay_eval,2,5320,selfplay_eval,0.9050950000000437,0,82,82
2025-11-27T03:01:38.094192+00:00,selfplay_eval,2,5321,selfplay_eval,0.9050950000000437,0,78,78
2025-11-27T03:01:38.094323+00:00,selfplay_eval,2,5322,selfplay_eval,0.9050950000000437,1,86,87
2025-11-27T03:01:38.094492+00:00,selfplay_eval,2,5323,selfplay_eval,0.9050950000000437,1,84,85
2025-11-27T03:01:38.094679+00:00,selfplay_eval,2,5324,selfplay_eval,0.9050950000000437,1,76,77
2025-11-27T03:01:38.094837+00:00,selfplay_eval,2,5325,selfplay_eval,0.9050950000000437,1,97,98
2025-11-27T03:01:38.094991+00:00,selfplay_eval,2,5326,selfplay_eval,0.9050950000000437,1,96,97
2025-11-27T03:01:38.095146+00:00,selfplay_eval,2,5327,selfplay_eval,0.9050950000000437,0,95,95
2025-11-27T03:01:38.095304+00:00,selfplay_eval,2,5328,selfplay_eval,0.9050950000000437,1,78,79
2025-11-27T03:01:38.095462+00:00,selfplay_eval,2,5329,selfplay_eval,0.9050950000000437,1,82,83
2025-11-27T03:01:38.095626+00:00,selfplay_eval,2,5330,selfplay_eval,0.9050950000000437,1,97,98
2025-11-27T03:01:38.095780+00:00,selfplay_eval,2,5331,selfplay_eval,0.9050950000000437,1,89,90
2025-11-27T03:01:38.095936+00:00,selfplay_eval,2,5332,selfplay_eval,0.9050950000000437,1,93,94
2025-11-27T03:01:38.096151+00:00,selfplay_eval,2,5333,selfplay_eval,0.9050950000000437,1,89,90
2025-11-27T03:01:38.096669+00:00,selfplay_eval,2,5334,selfplay_eval,0.9050950000000437,1,93,94
2025-11-27T03:01:38.097113+00:00,selfplay_eval,2,5335,selfplay_eval,0.9050950000000437,0,94,94
2025-11-27T03:01:38.097334+00:00,selfplay_eval,2,5336,selfplay_eval,0.9050950000000437,1,78,79
2025-11-27T03:01:38.097532+00:00,selfplay_eval,2,5337,selfplay_eval,0.9050950000000437,0,93,93
2025-11-27T03:01:38.097701+00:00,selfplay_eval,2,5338,selfplay_eval,0.9050950000000437,0,95,95
2025-11-27T03:01:38.097882+00:00,selfplay_eval,2,5339,selfplay_eval,0.9050950000000437,0,92,92
2025-11-27T03:01:38.098050+00:00,selfplay_eval,2,5340,selfplay_eval,0.9050950000000437,1,93,94
2025-11-27T03:01:38.098212+00:00,selfplay_eval,2,5341,selfplay_eval,0.9050950000000437,0,97,97
2025-11-27T03:01:38.098361+00:00,selfplay_eval,2,5342,selfplay_eval,0.9050950000000437,0,97,97
2025-11-27T03:01:38.098511+00:00,selfplay_eval,2,5343,selfplay_eval,0.9050950000000437,1,79,80
2025-11-27T03:01:38.098656+00:00,selfplay_eval,2,5344,selfplay_eval,0.9050950000000437,1,80,81
2025-11-27T03:01:38.098799+00:00,selfplay_eval,2,5345,selfplay_eval,0.9050950000000437,1,88,89
2025-11-27T03:01:38.098944+00:00,selfplay_eval,2,5346,selfplay_eval,0.9050950000000437,0,84,84
2025-11-27T03:01:38.099086+00:00,selfplay_eval,2,5347,selfplay_eval,0.9050950000000437,1,94,95
2025-11-27T03:01:38.099229+00:00,selfplay_eval,2,5348,selfplay_eval,0.9050950000000437,0,96,96
2025-11-27T03:01:38.099367+00:00,selfplay_eval,2,5349,selfplay_eval,0.9050950000000437,0,85,85
2025-11-27T03:01:38.099510+00:00,selfplay_eval,2,5350,selfplay_eval,0.9050950000000437,1,95,96
2025-11-27T03:01:38.099649+00:00,selfplay_eval,2,5351,selfplay_eval,0.9050950000000437,1,92,93
2025-11-27T03:01:38.099789+00:00,selfplay_eval,2,5352,selfplay_eval,0.9050950000000437,0,98,98
2025-11-27T03:01:38.099929+00:00,selfplay_eval,2,5353,selfplay_eval,0.9050950000000437,1,95,96
2025-11-27T03:01:38.100069+00:00,selfplay_eval,2,5354,selfplay_eval,0.9050950000000437,0,88,88
2025-11-27T03:01:38.100209+00:00,selfplay_eval,2,5355,selfplay_eval,0.9050950000000437,1,96,97
2025-11-27T03:01:38.100351+00:00,selfplay_eval,2,5356,selfplay_eval,0.9050950000000437,0,94,94
2025-11-27T03:01:38.100493+00:00,selfplay_eval,2,5357,selfplay_eval,0.9050950000000437,1,88,89
2025-11-27T03:01:38.100633+00:00,selfplay_eval,2,5358,selfplay_eval,0.9050950000000437,1,93,94
2025-11-27T03:01:38.100772+00:00,selfplay_eval,2,5359,selfplay_eval,0.9050950000000437,0,95,95
2025-11-27T03:01:38.100910+00:00,selfplay_eval,2,5360,selfplay_eval,0.9050950000000437,1,91,92
2025-11-27T03:01:38.101047+00:00,selfplay_eval,2,5361,selfplay_eval,0.9050950000000437,1,99,100
2025-11-27T03:01:38.101185+00:00,selfplay_eval,2,5362,selfplay_eval,0.9050950000000437,0,95,95
2025-11-27T03:01:38.101323+00:00,selfplay_eval,2,5363,selfplay_eval,0.9050950000000437,1,81,82
2025-11-27T03:01:38.101461+00:00,selfplay_eval,2,5364,selfplay_eval,0.9050950000000437,1,96,97
2025-11-27T03:01:38.101601+00:00,selfplay_eval,2,5365,selfplay_eval,0.9050950000000437,1,87,88
2025-11-27T03:01:38.101738+00:00,selfplay_eval,2,5366,selfplay_eval,0.9050950000000437,1,91,92
2025-11-27T03:01:38.101883+00:00,selfplay_eval,2,5367,selfplay_eval,0.9050950000000437,0,92,92
2025-11-27T03:01:38.102021+00:00,selfplay_eval,2,5368,selfplay_eval,0.9050950000000437,0,73,73
2025-11-27T03:01:38.102158+00:00,selfplay_eval,2,5369,selfplay_eval,0.9050950000000437,0,92,92
2025-11-27T03:01:38.102298+00:00,selfplay_eval,2,5370,selfplay_eval,0.9050950000000437,0,86,86
2025-11-27T03:01:38.102435+00:00,selfplay_eval,2,5371,selfplay_eval,0.9050950000000437,1,93,94
2025-11-27T03:01:38.102572+00:00,selfplay_eval,2,5372,selfplay_eval,0.9050950000000437,1,95,96
2025-11-27T03:01:38.102710+00:00,selfplay_eval,2,5373,selfplay_eval,0.9050950000000437,1,96,97
2025-11-27T03:01:38.102846+00:00,selfplay_eval,2,5374,selfplay_eval,0.9050950000000437,1,90,91
2025-11-27T03:01:38.102986+00:00,selfplay_eval,2,5375,selfplay_eval,0.9050950000000437,1,89,90
2025-11-27T03:01:38.103123+00:00,selfplay_eval,2,5376,selfplay_eval,0.9050950000000437,1,96,97
2025-11-27T03:01:38.103260+00:00,selfplay_eval,2,5377,selfplay_eval,0.9050950000000437,1,96,97
2025-11-27T03:01:38.103397+00:00,selfplay_eval,2,5378,selfplay_eval,0.9050950000000437,0,83,83
2025-11-27T03:01:38.103549+00:00,selfplay_eval,2,5379,selfplay_eval,0.9050950000000437,1,88,89
2025-11-27T03:01:38.103681+00:00,selfplay_eval,2,5380,selfplay_eval,0.9050950000000437,0,94,94
2025-11-27T03:01:38.103813+00:00,selfplay_eval,2,5381,selfplay_eval,0.9050950000000437,1,98,99
2025-11-27T03:01:38.103946+00:00,selfplay_eval,2,5382,selfplay_eval,0.9050950000000437,1,89,90
2025-11-27T03:01:38.104078+00:00,selfplay_eval,2,5383,selfplay_eval,0.9050950000000437,1,94,95
2025-11-27T03:01:38.104210+00:00,selfplay_eval,2,5384,selfplay_eval,0.9050950000000437,1,90,91
2025-11-27T03:01:38.104346+00:00,selfplay_eval,2,5385,selfplay_eval,0.9050950000000437,0,84,84
2025-11-27T03:01:38.104575+00:00,selfplay_eval,2,5386,selfplay_eval,0.9050950000000437,1,92,93
2025-11-27T03:01:38.104732+00:00,selfplay_eval,2,5387,selfplay_eval,0.9050950000000437,0,91,91
2025-11-27T03:01:38.104882+00:00,selfplay_eval,2,5388,selfplay_eval,0.9050950000000437,0,94,94
2025-11-27T03:01:38.105028+00:00,selfplay_eval,2,5389,selfplay_eval,0.9050950000000437,0,82,82
2025-11-27T03:01:38.105170+00:00,selfplay_eval,2,5390,selfplay_eval,0.9050950000000437,0,81,81
2025-11-27T03:01:38.105311+00:00,selfplay_eval,2,5391,selfplay_eval,0.9050950000000437,0,87,87
2025-11-27T03:01:38.105452+00:00,selfplay_eval,2,5392,selfplay_eval,0.9050950000000437,1,98,99
2025-11-27T03:01:38.105592+00:00,selfplay_eval,2,5393,selfplay_eval,0.9050950000000437,1,91,92
2025-11-27T03:01:38.105731+00:00,selfplay_eval,2,5394,selfplay_eval,0.9050950000000437,1,90,91
2025-11-27T03:01:38.105869+00:00,selfplay_eval,2,5395,selfplay_eval,0.9050950000000437,0,92,92
2025-11-27T03:01:38.106007+00:00,selfplay_eval,2,5396,selfplay_eval,0.9050950000000437,0,85,85
2025-11-27T03:01:38.106146+00:00,selfplay_eval,2,5397,selfplay_eval,0.9050950000000437,0,88,88
2025-11-27T03:01:38.106285+00:00,selfplay_eval,2,5398,selfplay_eval,0.9050950000000437,0,99,99
2025-11-27T03:01:38.106426+00:00,selfplay_eval,2,5399,selfplay_eval,0.9050950000000437,1,85,86
2025-11-27T03:01:38.106586+00:00,selfplay_eval,2,5400,selfplay_eval,0.9050950000000437,0,95,95
2025-11-27T03:01:38.106728+00:00,selfplay_eval,2,5401,selfplay_eval,0.9050950000000437,1,99,100
2025-11-27T03:01:38.106871+00:00,selfplay_eval,2,5402,selfplay_eval,0.9050950000000437,1,97,98
2025-11-27T03:01:38.107021+00:00,selfplay_eval,2,5403,selfplay_eval,0.9050950000000437,0,90,90
2025-11-27T03:01:38.107167+00:00,selfplay_eval,2,5404,selfplay_eval,0.9050950000000437,1,89,90
2025-11-27T03:01:38.107433+00:00,selfplay_eval,2,5405,selfplay_eval,0.9050950000000437,1,88,89
2025-11-27T03:01:38.107622+00:00,selfplay_eval,2,5406,selfplay_eval,0.9050950000000437,0,80,80
2025-11-27T03:01:38.107792+00:00,selfplay_eval,2,5407,selfplay_eval,0.9050950000000437,0,89,89
2025-11-27T03:01:38.108026+00:00,selfplay_eval,2,5408,selfplay_eval,0.9050950000000437,0,98,98
2025-11-27T03:01:38.108192+00:00,selfplay_eval,2,5409,selfplay_eval,0.9050950000000437,0,96,96
2025-11-27T03:01:38.108354+00:00,selfplay_eval,2,5410,selfplay_eval,0.9050950000000437,1,93,94
2025-11-27T03:01:38.108511+00:00,selfplay_eval,2,5411,selfplay_eval,0.9050950000000437,1,92,93
2025-11-27T03:01:38.108671+00:00,selfplay_eval,2,5412,selfplay_eval,0.9050950000000437,1,87,88
2025-11-27T03:01:38.108817+00:00,selfplay_eval,2,5413,selfplay_eval,0.9050950000000437,1,78,79
2025-11-27T03:01:38.108957+00:00,selfplay_eval,2,5414,selfplay_eval,0.9050950000000437,1,84,85
2025-11-27T03:01:38.109096+00:00,selfplay_eval,2,5415,selfplay_eval,0.9050950000000437,0,95,95
2025-11-27T03:01:38.109235+00:00,selfplay_eval,2,5416,selfplay_eval,0.9050950000000437,1,65,66
2025-11-27T03:01:38.109373+00:00,selfplay_eval,2,5417,selfplay_eval,0.9050950000000437,0,93,93
2025-11-27T03:01:38.109516+00:00,selfplay_eval,2,5418,selfplay_eval,0.9050950000000437,1,96,97
2025-11-27T03:01:38.109653+00:00,selfplay_eval,2,5419,selfplay_eval,0.9050950000000437,0,83,83
2025-11-27T03:01:38.109792+00:00,selfplay_eval,2,5420,selfplay_eval,0.9050950000000437,0,95,95
2025-11-27T03:01:38.109944+00:00,selfplay_eval,2,5421,selfplay_eval,0.9050950000000437,1,83,84
2025-11-27T03:01:38.110082+00:00,selfplay_eval,2,5422,selfplay_eval,0.9050950000000437,1,96,97
2025-11-27T03:01:38.110219+00:00,selfplay_eval,2,5423,selfplay_eval,0.9050950000000437,0,93,93
2025-11-27T03:01:38.110356+00:00,selfplay_eval,2,5424,selfplay_eval,0.9050950000000437,0,98,98
2025-11-27T03:01:38.110493+00:00,selfplay_eval,2,5425,selfplay_eval,0.9050950000000437,0,95,95
2025-11-27T03:01:38.110630+00:00,selfplay_eval,2,5426,selfplay_eval,0.9050950000000437,0,90,90
2025-11-27T03:01:38.110766+00:00,selfplay_eval,2,5427,selfplay_eval,0.9050950000000437,1,90,91
2025-11-27T03:01:38.110908+00:00,selfplay_eval,2,5428,selfplay_eval,0.9050950000000437,0,88,88
2025-11-27T03:01:38.111045+00:00,selfplay_eval,2,5429,selfplay_eval,0.9050950000000437,0,95,95
2025-11-27T03:01:38.111182+00:00,selfplay_eval,2,5430,selfplay_eval,0.9050950000000437,0,95,95
2025-11-27T03:01:38.111320+00:00,selfplay_eval,2,5431,selfplay_eval,0.9050950000000437,0,96,96
2025-11-27T03:01:38.111458+00:00,selfplay_eval,2,5432,selfplay_eval,0.9050950000000437,1,89,90
2025-11-27T03:01:38.111595+00:00,selfplay_eval,2,5433,selfplay_eval,0.9050950000000437,0,94,94
2025-11-27T03:01:38.111734+00:00,selfplay_eval,2,5434,selfplay_eval,0.9050950000000437,1,92,93
2025-11-27T03:01:38.111871+00:00,selfplay_eval,2,5435,selfplay_eval,0.9050950000000437,0,87,87
2025-11-27T03:01:38.112010+00:00,selfplay_eval,2,5436,selfplay_eval,0.9050950000000437,0,89,89
2025-11-27T03:01:38.112147+00:00,selfplay_eval,2,5437,selfplay_eval,0.9050950000000437,0,82,82
2025-11-27T03:01:38.112285+00:00,selfplay_eval,2,5438,selfplay_eval,0.9050950000000437,1,85,86
2025-11-27T03:01:38.112424+00:00,selfplay_eval,2,5439,selfplay_eval,0.9050950000000437,0,88,88
2025-11-27T03:01:38.112563+00:00,selfplay_eval,2,5440,selfplay_eval,0.9050950000000437,1,85,86
2025-11-27T03:01:38.112702+00:00,selfplay_eval,2,5441,selfplay_eval,0.9050950000000437,0,99,99
2025-11-27T03:01:38.112842+00:00,selfplay_eval,2,5442,selfplay_eval,0.9050950000000437,0,97,97
2025-11-27T03:01:38.112981+00:00,selfplay_eval,2,5443,selfplay_eval,0.9050950000000437,0,87,87
2025-11-27T03:01:38.113122+00:00,selfplay_eval,2,5444,selfplay_eval,0.9050950000000437,0,90,90
2025-11-27T03:01:38.113263+00:00,selfplay_eval,2,5445,selfplay_eval,0.9050950000000437,0,92,92
2025-11-27T03:01:38.113402+00:00,selfplay_eval,2,5446,selfplay_eval,0.9050950000000437,1,92,93
2025-11-27T03:01:38.113543+00:00,selfplay_eval,2,5447,selfplay_eval,0.9050950000000437,1,92,93
2025-11-27T03:01:38.113685+00:00,selfplay_eval,2,5448,selfplay_eval,0.9050950000000437,0,93,93
2025-11-27T03:01:38.113826+00:00,selfplay_eval,2,5449,selfplay_eval,0.9050950000000437,0,92,92
2025-11-27T03:01:38.113967+00:00,selfplay_eval,2,5450,selfplay_eval,0.9050950000000437,1,93,94
2025-11-27T03:01:38.114109+00:00,selfplay_eval,2,5451,selfplay_eval,0.9050950000000437,0,93,93
2025-11-27T03:01:38.114249+00:00,selfplay_eval,2,5452,selfplay_eval,0.9050950000000437,1,87,88
2025-11-27T03:01:38.114392+00:00,selfplay_eval,2,5453,selfplay_eval,0.9050950000000437,1,97,98
2025-11-27T03:01:38.114553+00:00,selfplay_eval,2,5454,selfplay_eval,0.9050950000000437,1,90,91
2025-11-27T03:01:38.114688+00:00,selfplay_eval,2,5455,selfplay_eval,0.9050950000000437,1,81,82
2025-11-27T03:01:38.114823+00:00,selfplay_eval,2,5456,selfplay_eval,0.9050950000000437,0,83,83
2025-11-27T03:01:38.114959+00:00,selfplay_eval,2,5457,selfplay_eval,0.9050950000000437,1,82,83
2025-11-27T03:01:38.115096+00:00,selfplay_eval,2,5458,selfplay_eval,0.9050950000000437,1,93,94
2025-11-27T03:01:38.115231+00:00,selfplay_eval,2,5459,selfplay_eval,0.9050950000000437,0,94,94
2025-11-27T03:01:38.115367+00:00,selfplay_eval,2,5460,selfplay_eval,0.9050950000000437,0,86,86
2025-11-27T03:01:38.115524+00:00,selfplay_eval,2,5461,selfplay_eval,0.9050950000000437,1,92,93
2025-11-27T03:01:38.115666+00:00,selfplay_eval,2,5462,selfplay_eval,0.9050950000000437,0,99,99
2025-11-27T03:01:38.115807+00:00,selfplay_eval,2,5463,selfplay_eval,0.9050950000000437,1,87,88
2025-11-27T03:01:38.115948+00:00,selfplay_eval,2,5464,selfplay_eval,0.9050950000000437,0,92,92
2025-11-27T03:01:38.116089+00:00,selfplay_eval,2,5465,selfplay_eval,0.9050950000000437,1,79,80
2025-11-27T03:01:38.116229+00:00,selfplay_eval,2,5466,selfplay_eval,0.9050950000000437,1,96,97
2025-11-27T03:01:38.116370+00:00,selfplay_eval,2,5467,selfplay_eval,0.9050950000000437,0,88,88
2025-11-27T03:01:38.116527+00:00,selfplay_eval,2,5468,selfplay_eval,0.9050950000000437,1,95,96
2025-11-27T03:01:38.116665+00:00,selfplay_eval,2,5469,selfplay_eval,0.9050950000000437,0,92,92
2025-11-27T03:01:38.116802+00:00,selfplay_eval,2,5470,selfplay_eval,0.9050950000000437,0,92,92
2025-11-27T03:01:38.116942+00:00,selfplay_eval,2,5471,selfplay_eval,0.9050950000000437,1,86,87
2025-11-27T03:01:38.117078+00:00,selfplay_eval,2,5472,selfplay_eval,0.9050950000000437,1,85,86
2025-11-27T03:01:38.117211+00:00,selfplay_eval,2,5473,selfplay_eval,0.9050950000000437,1,71,72
2025-11-27T03:01:38.117345+00:00,selfplay_eval,2,5474,selfplay_eval,0.9050950000000437,1,83,84
2025-11-27T03:01:38.117481+00:00,selfplay_eval,2,5475,selfplay_eval,0.9050950000000437,0,90,90
2025-11-27T03:01:38.117618+00:00,selfplay_eval,2,5476,selfplay_eval,0.9050950000000437,1,84,85
2025-11-27T03:01:38.117753+00:00,selfplay_eval,2,5477,selfplay_eval,0.9050950000000437,0,96,96
2025-11-27T03:01:38.118023+00:00,selfplay_eval,2,5478,selfplay_eval,0.9050950000000437,0,87,87
2025-11-27T03:01:38.118217+00:00,selfplay_eval,2,5479,selfplay_eval,0.9050950000000437,0,86,86
2025-11-27T03:01:38.118380+00:00,selfplay_eval,2,5480,selfplay_eval,0.9050950000000437,1,79,80
2025-11-27T03:01:38.118532+00:00,selfplay_eval,2,5481,selfplay_eval,0.9050950000000437,0,92,92
2025-11-27T03:01:38.118767+00:00,selfplay_eval,2,5482,selfplay_eval,0.9050950000000437,1,86,87
2025-11-27T03:01:38.118925+00:00,selfplay_eval,2,5483,selfplay_eval,0.9050950000000437,0,98,98
2025-11-27T03:01:38.119073+00:00,selfplay_eval,2,5484,selfplay_eval,0.9050950000000437,0,96,96
2025-11-27T03:01:38.119218+00:00,selfplay_eval,2,5485,selfplay_eval,0.9050950000000437,1,69,70
2025-11-27T03:01:38.119357+00:00,selfplay_eval,2,5486,selfplay_eval,0.9050950000000437,1,93,94
2025-11-27T03:01:38.119492+00:00,selfplay_eval,2,5487,selfplay_eval,0.9050950000000437,0,89,89
2025-11-27T03:01:38.119627+00:00,selfplay_eval,2,5488,selfplay_eval,0.9050950000000437,1,93,94
2025-11-27T03:01:38.119762+00:00,selfplay_eval,2,5489,selfplay_eval,0.9050950000000437,0,97,97
2025-11-27T03:01:38.119895+00:00,selfplay_eval,2,5490,selfplay_eval,0.9050950000000437,1,94,95
2025-11-27T03:01:38.120029+00:00,selfplay_eval,2,5491,selfplay_eval,0.9050950000000437,0,85,85
2025-11-27T03:01:38.120162+00:00,selfplay_eval,2,5492,selfplay_eval,0.9050950000000437,1,89,90
2025-11-27T03:01:38.120296+00:00,selfplay_eval,2,5493,selfplay_eval,0.9050950000000437,0,91,91
2025-11-27T03:01:38.120428+00:00,selfplay_eval,2,5494,selfplay_eval,0.9050950000000437,1,85,86
2025-11-27T03:01:38.120560+00:00,selfplay_eval,2,5495,selfplay_eval,0.9050950000000437,1,80,81
2025-11-27T03:01:38.120693+00:00,selfplay_eval,2,5496,selfplay_eval,0.9050950000000437,1,83,84
2025-11-27T03:01:38.120826+00:00,selfplay_eval,2,5497,selfplay_eval,0.9050950000000437,1,93,94
2025-11-27T03:01:38.120958+00:00,selfplay_eval,2,5498,selfplay_eval,0.9050950000000437,0,79,79
2025-11-27T03:01:38.121091+00:00,selfplay_eval,2,5499,selfplay_eval,0.9050950000000437,1,94,95
2025-11-27T03:01:38.121224+00:00,selfplay_eval,2,5500,selfplay_eval,0.9050950000000437,0,97,97
2025-11-27T03:01:38.121356+00:00,selfplay_eval,2,5501,selfplay_eval,0.9050950000000437,1,85,86
2025-11-27T03:01:38.121488+00:00,selfplay_eval,2,5502,selfplay_eval,0.9050950000000437,1,90,91
2025-11-27T03:01:38.121619+00:00,selfplay_eval,2,5503,selfplay_eval,0.9050950000000437,0,95,95
2025-11-27T03:01:38.121751+00:00,selfplay_eval,2,5504,selfplay_eval,0.9050950000000437,1,98,99
2025-11-27T03:01:38.121883+00:00,selfplay_eval,2,5505,selfplay_eval,0.9050950000000437,0,98,98
2025-11-27T03:01:38.122016+00:00,selfplay_eval,2,5506,selfplay_eval,0.9050950000000437,0,89,89
2025-11-27T03:01:38.122152+00:00,selfplay_eval,2,5507,selfplay_eval,0.9050950000000437,1,91,92
2025-11-27T03:01:38.122285+00:00,selfplay_eval,2,5508,selfplay_eval,0.9050950000000437,1,78,79
2025-11-27T03:01:38.122417+00:00,selfplay_eval,2,5509,selfplay_eval,0.9050950000000437,0,99,99
2025-11-27T03:01:38.122550+00:00,selfplay_eval,2,5510,selfplay_eval,0.9050950000000437,1,97,98
2025-11-27T03:01:38.122682+00:00,selfplay_eval,2,5511,selfplay_eval,0.9050950000000437,1,95,96
2025-11-27T03:01:38.122814+00:00,selfplay_eval,2,5512,selfplay_eval,0.9050950000000437,0,95,95
2025-11-27T03:01:38.122950+00:00,selfplay_eval,2,5513,selfplay_eval,0.9050950000000437,1,95,96
2025-11-27T03:01:38.123082+00:00,selfplay_eval,2,5514,selfplay_eval,0.9050950000000437,1,94,95
2025-11-27T03:01:38.123213+00:00,selfplay_eval,2,5515,selfplay_eval,0.9050950000000437,1,93,94
2025-11-27T03:01:38.123346+00:00,selfplay_eval,2,5516,selfplay_eval,0.9050950000000437,0,88,88
2025-11-27T03:01:38.123478+00:00,selfplay_eval,2,5517,selfplay_eval,0.9050950000000437,0,87,87
2025-11-27T03:01:38.123610+00:00,selfplay_eval,2,5518,selfplay_eval,0.9050950000000437,1,73,74
2025-11-27T03:01:38.123741+00:00,selfplay_eval,2,5519,selfplay_eval,0.9050950000000437,0,94,94
2025-11-27T03:01:38.123872+00:00,selfplay_eval,2,5520,selfplay_eval,0.9050950000000437,0,88,88
2025-11-27T03:01:38.124004+00:00,selfplay_eval,2,5521,selfplay_eval,0.9050950000000437,1,97,98
2025-11-27T03:01:38.124136+00:00,selfplay_eval,2,5522,selfplay_eval,0.9050950000000437,0,93,93
2025-11-27T03:01:38.124267+00:00,selfplay_eval,2,5523,selfplay_eval,0.9050950000000437,1,81,82
2025-11-27T03:01:38.124399+00:00,selfplay_eval,2,5524,selfplay_eval,0.9050950000000437,1,94,95
2025-11-27T03:01:38.124531+00:00,selfplay_eval,2,5525,selfplay_eval,0.9050950000000437,1,95,96
2025-11-27T03:01:38.124662+00:00,selfplay_eval,2,5526,selfplay_eval,0.9050950000000437,0,96,96
2025-11-27T03:01:38.124795+00:00,selfplay_eval,2,5527,selfplay_eval,0.9050950000000437,0,88,88
2025-11-27T03:01:38.124926+00:00,selfplay_eval,2,5528,selfplay_eval,0.9050950000000437,1,91,92
2025-11-27T03:01:38.125057+00:00,selfplay_eval,2,5529,selfplay_eval,0.9050950000000437,1,97,98
2025-11-27T03:01:38.125189+00:00,selfplay_eval,2,5530,selfplay_eval,0.9050950000000437,0,72,72
2025-11-27T03:01:38.125321+00:00,selfplay_eval,2,5531,selfplay_eval,0.9050950000000437,1,89,90
2025-11-27T03:01:38.125465+00:00,selfplay_eval,2,5532,selfplay_eval,0.9050950000000437,0,97,97
2025-11-27T03:01:38.125592+00:00,selfplay_eval,2,5533,selfplay_eval,0.9050950000000437,1,98,99
2025-11-27T03:01:38.125720+00:00,selfplay_eval,2,5534,selfplay_eval,0.9050950000000437,1,89,90
2025-11-27T03:01:38.125847+00:00,selfplay_eval,2,5535,selfplay_eval,0.9050950000000437,1,93,94
2025-11-27T03:01:38.125974+00:00,selfplay_eval,2,5536,selfplay_eval,0.9050950000000437,0,87,87
2025-11-27T03:01:38.126102+00:00,selfplay_eval,2,5537,selfplay_eval,0.9050950000000437,0,92,92
2025-11-27T03:01:38.126228+00:00,selfplay_eval,2,5538,selfplay_eval,0.9050950000000437,1,90,91
2025-11-27T03:01:38.126355+00:00,selfplay_eval,2,5539,selfplay_eval,0.9050950000000437,0,85,85
2025-11-27T03:01:38.126482+00:00,selfplay_eval,2,5540,selfplay_eval,0.9050950000000437,1,94,95
2025-11-27T03:01:38.126639+00:00,selfplay_eval,2,5541,selfplay_eval,0.9050950000000437,1,91,92
2025-11-27T03:01:38.126820+00:00,selfplay_eval,2,5542,selfplay_eval,0.9050950000000437,1,83,84
2025-11-27T03:01:38.126973+00:00,selfplay_eval,2,5543,selfplay_eval,0.9050950000000437,0,89,89
2025-11-27T03:01:38.127130+00:00,selfplay_eval,2,5544,selfplay_eval,0.9050950000000437,1,96,97
2025-11-27T03:01:38.127273+00:00,selfplay_eval,2,5545,selfplay_eval,0.9050950000000437,0,83,83
2025-11-27T03:01:38.127414+00:00,selfplay_eval,2,5546,selfplay_eval,0.9050950000000437,1,80,81
2025-11-27T03:01:38.127552+00:00,selfplay_eval,2,5547,selfplay_eval,0.9050950000000437,1,96,97
2025-11-27T03:01:38.127691+00:00,selfplay_eval,2,5548,selfplay_eval,0.9050950000000437,1,96,97
2025-11-27T03:01:38.127831+00:00,selfplay_eval,2,5549,selfplay_eval,0.9050950000000437,1,84,85
2025-11-27T03:01:38.128036+00:00,selfplay_eval,2,5550,selfplay_eval,0.9050950000000437,0,96,96
2025-11-27T03:01:38.128226+00:00,selfplay_eval,2,5551,selfplay_eval,0.9050950000000437,1,98,99
2025-11-27T03:01:38.128374+00:00,selfplay_eval,2,5552,selfplay_eval,0.9050950000000437,0,78,78
2025-11-27T03:01:38.128513+00:00,selfplay_eval,2,5553,selfplay_eval,0.9050950000000437,1,73,74
2025-11-27T03:01:38.128650+00:00,selfplay_eval,2,5554,selfplay_eval,0.9050950000000437,1,96,97
2025-11-27T03:01:38.128842+00:00,selfplay_eval,2,5555,selfplay_eval,0.9050950000000437,1,97,98
2025-11-27T03:01:38.129006+00:00,selfplay_eval,2,5556,selfplay_eval,0.9050950000000437,0,95,95
2025-11-27T03:01:38.129160+00:00,selfplay_eval,2,5557,selfplay_eval,0.9050950000000437,1,96,97
2025-11-27T03:01:38.129309+00:00,selfplay_eval,2,5558,selfplay_eval,0.9050950000000437,0,81,81
2025-11-27T03:01:38.129452+00:00,selfplay_eval,2,5559,selfplay_eval,0.9050950000000437,1,97,98
2025-11-27T03:01:38.129596+00:00,selfplay_eval,2,5560,selfplay_eval,0.9050950000000437,1,91,92
2025-11-27T03:01:38.129736+00:00,selfplay_eval,2,5561,selfplay_eval,0.9050950000000437,1,99,100
2025-11-27T03:01:38.129874+00:00,selfplay_eval,2,5562,selfplay_eval,0.9050950000000437,0,88,88
2025-11-27T03:01:38.130012+00:00,selfplay_eval,2,5563,selfplay_eval,0.9050950000000437,0,86,86
2025-11-27T03:01:38.130149+00:00,selfplay_eval,2,5564,selfplay_eval,0.9050950000000437,0,74,74
2025-11-27T03:01:38.130286+00:00,selfplay_eval,2,5565,selfplay_eval,0.9050950000000437,0,95,95
2025-11-27T03:01:38.130424+00:00,selfplay_eval,2,5566,selfplay_eval,0.9050950000000437,1,87,88
2025-11-27T03:01:38.130560+00:00,selfplay_eval,2,5567,selfplay_eval,0.9050950000000437,0,97,97
2025-11-27T03:01:38.130696+00:00,selfplay_eval,2,5568,selfplay_eval,0.9050950000000437,1,90,91
2025-11-27T03:01:38.130833+00:00,selfplay_eval,2,5569,selfplay_eval,0.9050950000000437,1,94,95
2025-11-27T03:01:38.130970+00:00,selfplay_eval,2,5570,selfplay_eval,0.9050950000000437,0,93,93
2025-11-27T03:01:38.131116+00:00,selfplay_eval,2,5571,selfplay_eval,0.9050950000000437,1,91,92
2025-11-27T03:01:38.131253+00:00,selfplay_eval,2,5572,selfplay_eval,0.9050950000000437,1,92,93
2025-11-27T03:01:38.131390+00:00,selfplay_eval,2,5573,selfplay_eval,0.9050950000000437,0,90,90
2025-11-27T03:01:38.131527+00:00,selfplay_eval,2,5574,selfplay_eval,0.9050950000000437,1,89,90
2025-11-27T03:01:38.131665+00:00,selfplay_eval,2,5575,selfplay_eval,0.9050950000000437,1,89,90
2025-11-27T03:01:38.131803+00:00,selfplay_eval,2,5576,selfplay_eval,0.9050950000000437,1,92,93
2025-11-27T03:01:38.131943+00:00,selfplay_eval,2,5577,selfplay_eval,0.9050950000000437,0,88,88
2025-11-27T03:01:38.132082+00:00,selfplay_eval,2,5578,selfplay_eval,0.9050950000000437,1,95,96
2025-11-27T03:01:38.132222+00:00,selfplay_eval,2,5579,selfplay_eval,0.9050950000000437,0,94,94
2025-11-27T03:01:38.132365+00:00,selfplay_eval,2,5580,selfplay_eval,0.9050950000000437,1,98,99
2025-11-27T03:01:38.132509+00:00,selfplay_eval,2,5581,selfplay_eval,0.9050950000000437,1,92,93
2025-11-27T03:01:38.132652+00:00,selfplay_eval,2,5582,selfplay_eval,0.9050950000000437,1,97,98
2025-11-27T03:01:38.132796+00:00,selfplay_eval,2,5583,selfplay_eval,0.9050950000000437,1,89,90
2025-11-27T03:01:38.132937+00:00,selfplay_eval,2,5584,selfplay_eval,0.9050950000000437,1,88,89
2025-11-27T03:01:38.133080+00:00,selfplay_eval,2,5585,selfplay_eval,0.9050950000000437,1,91,92
2025-11-27T03:01:38.133222+00:00,selfplay_eval,2,5586,selfplay_eval,0.9050950000000437,1,96,97
2025-11-27T03:01:38.133362+00:00,selfplay_eval,2,5587,selfplay_eval,0.9050950000000437,1,89,90
2025-11-27T03:01:38.133502+00:00,selfplay_eval,2,5588,selfplay_eval,0.9050950000000437,0,76,76
2025-11-27T03:01:38.133640+00:00,selfplay_eval,2,5589,selfplay_eval,0.9050950000000437,1,91,92
2025-11-27T03:01:38.133777+00:00,selfplay_eval,2,5590,selfplay_eval,0.9050950000000437,0,85,85
2025-11-27T03:01:38.133915+00:00,selfplay_eval,2,5591,selfplay_eval,0.9050950000000437,1,81,82
2025-11-27T03:01:38.134053+00:00,selfplay_eval,2,5592,selfplay_eval,0.9050950000000437,1,96,97
2025-11-27T03:01:38.134190+00:00,selfplay_eval,2,5593,selfplay_eval,0.9050950000000437,0,96,96
2025-11-27T03:01:38.134328+00:00,selfplay_eval,2,5594,selfplay_eval,0.9050950000000437,0,88,88
2025-11-27T03:01:38.134466+00:00,selfplay_eval,2,5595,selfplay_eval,0.9050950000000437,1,98,99
2025-11-27T03:01:38.134617+00:00,selfplay_eval,2,5596,selfplay_eval,0.9050950000000437,1,95,96
2025-11-27T03:01:38.134752+00:00,selfplay_eval,2,5597,selfplay_eval,0.9050950000000437,1,96,97
2025-11-27T03:01:38.134890+00:00,selfplay_eval,2,5598,selfplay_eval,0.9050950000000437,0,66,66
2025-11-27T03:01:38.135031+00:00,selfplay_eval,2,5599,selfplay_eval,0.9050950000000437,1,81,82
2025-11-27T03:01:38.135165+00:00,selfplay_eval,2,5600,selfplay_eval,0.9050950000000437,0,96,96
2025-11-27T03:01:38.135300+00:00,selfplay_eval,2,5601,selfplay_eval,0.9050950000000437,1,94,95
2025-11-27T03:01:38.135434+00:00,selfplay_eval,2,5602,selfplay_eval,0.9050950000000437,1,96,97
2025-11-27T03:01:38.135572+00:00,selfplay_eval,2,5603,selfplay_eval,0.9050950000000437,0,88,88
2025-11-27T03:01:38.135715+00:00,selfplay_eval,2,5604,selfplay_eval,0.9050950000000437,0,93,93
2025-11-27T03:01:38.135852+00:00,selfplay_eval,2,5605,selfplay_eval,0.9050950000000437,1,98,99
2025-11-27T03:01:38.135989+00:00,selfplay_eval,2,5606,selfplay_eval,0.9050950000000437,1,96,97
2025-11-27T03:01:38.136122+00:00,selfplay_eval,2,5607,selfplay_eval,0.9050950000000437,1,96,97
2025-11-27T03:01:38.136255+00:00,selfplay_eval,2,5608,selfplay_eval,0.9050950000000437,1,78,79
2025-11-27T03:01:38.136386+00:00,selfplay_eval,2,5609,selfplay_eval,0.9050950000000437,1,81,82
2025-11-27T03:01:38.136519+00:00,selfplay_eval,2,5610,selfplay_eval,0.9050950000000437,1,93,94
2025-11-27T03:01:38.136654+00:00,selfplay_eval,2,5611,selfplay_eval,0.9050950000000437,1,85,86
2025-11-27T03:01:38.136788+00:00,selfplay_eval,2,5612,selfplay_eval,0.9050950000000437,0,97,97
2025-11-27T03:01:38.136921+00:00,selfplay_eval,2,5613,selfplay_eval,0.9050950000000437,1,79,80
2025-11-27T03:01:38.137055+00:00,selfplay_eval,2,5614,selfplay_eval,0.9050950000000437,1,84,85
2025-11-27T03:01:38.137190+00:00,selfplay_eval,2,5615,selfplay_eval,0.9050950000000437,0,93,93
2025-11-27T03:01:38.137324+00:00,selfplay_eval,2,5616,selfplay_eval,0.9050950000000437,0,97,97
2025-11-27T03:01:38.137476+00:00,selfplay_eval,2,5617,selfplay_eval,0.9050950000000437,0,95,95
2025-11-27T03:01:38.137614+00:00,selfplay_eval,2,5618,selfplay_eval,0.9050950000000437,0,94,94
2025-11-27T03:01:38.137752+00:00,selfplay_eval,2,5619,selfplay_eval,0.9050950000000437,1,95,96
2025-11-27T03:01:38.137888+00:00,selfplay_eval,2,5620,selfplay_eval,0.9050950000000437,1,90,91
2025-11-27T03:01:38.138028+00:00,selfplay_eval,2,5621,selfplay_eval,0.9050950000000437,1,91,92
2025-11-27T03:01:38.138168+00:00,selfplay_eval,2,5622,selfplay_eval,0.9050950000000437,1,98,99
2025-11-27T03:01:38.138314+00:00,selfplay_eval,2,5623,selfplay_eval,0.9050950000000437,0,97,97
2025-11-27T03:01:38.138451+00:00,selfplay_eval,2,5624,selfplay_eval,0.9050950000000437,0,86,86
2025-11-27T03:01:38.138604+00:00,selfplay_eval,2,5625,selfplay_eval,0.9050950000000437,0,86,86
2025-11-27T03:01:38.138736+00:00,selfplay_eval,2,5626,selfplay_eval,0.9050950000000437,0,93,93
2025-11-27T03:01:38.138869+00:00,selfplay_eval,2,5627,selfplay_eval,0.9050950000000437,0,93,93
2025-11-27T03:01:38.139001+00:00,selfplay_eval,2,5628,selfplay_eval,0.9050950000000437,1,96,97
2025-11-27T03:01:38.139133+00:00,selfplay_eval,2,5629,selfplay_eval,0.9050950000000437,1,98,99
2025-11-27T03:01:38.139264+00:00,selfplay_eval,2,5630,selfplay_eval,0.9050950000000437,1,97,98
2025-11-27T03:01:38.139398+00:00,selfplay_eval,2,5631,selfplay_eval,0.9050950000000437,1,94,95
2025-11-27T03:01:38.139531+00:00,selfplay_eval,2,5632,selfplay_eval,0.9050950000000437,1,87,88
2025-11-27T03:01:38.139663+00:00,selfplay_eval,2,5633,selfplay_eval,0.9050950000000437,1,96,97
2025-11-27T03:01:38.139796+00:00,selfplay_eval,2,5634,selfplay_eval,0.9050950000000437,1,88,89
2025-11-27T03:01:38.139929+00:00,selfplay_eval,2,5635,selfplay_eval,0.9050950000000437,1,82,83
2025-11-27T03:01:38.140061+00:00,selfplay_eval,2,5636,selfplay_eval,0.9050950000000437,0,98,98
2025-11-27T03:01:38.140193+00:00,selfplay_eval,2,5637,selfplay_eval,0.9050950000000437,1,93,94
2025-11-27T03:01:38.140325+00:00,selfplay_eval,2,5638,selfplay_eval,0.9050950000000437,1,97,98
2025-11-27T03:01:38.140456+00:00,selfplay_eval,2,5639,selfplay_eval,0.9050950000000437,1,72,73
2025-11-27T03:01:38.140589+00:00,selfplay_eval,2,5640,selfplay_eval,0.9050950000000437,0,87,87
2025-11-27T03:01:38.140724+00:00,selfplay_eval,2,5641,selfplay_eval,0.9050950000000437,1,85,86
2025-11-27T03:01:38.140856+00:00,selfplay_eval,2,5642,selfplay_eval,0.9050950000000437,1,95,96
2025-11-27T03:01:38.140987+00:00,selfplay_eval,2,5643,selfplay_eval,0.9050950000000437,1,97,98
2025-11-27T03:01:38.141148+00:00,selfplay_eval,2,5644,selfplay_eval,0.9050950000000437,1,88,89
2025-11-27T03:01:38.141287+00:00,selfplay_eval,2,5645,selfplay_eval,0.9050950000000437,1,96,97
2025-11-27T03:01:38.141420+00:00,selfplay_eval,2,5646,selfplay_eval,0.9050950000000437,1,97,98
2025-11-27T03:01:38.141574+00:00,selfplay_eval,2,5647,selfplay_eval,0.9050950000000437,1,89,90
2025-11-27T03:01:38.141706+00:00,selfplay_eval,2,5648,selfplay_eval,0.9050950000000437,1,97,98
2025-11-27T03:01:38.141838+00:00,selfplay_eval,2,5649,selfplay_eval,0.9050950000000437,0,83,83
2025-11-27T03:01:38.141980+00:00,selfplay_eval,2,5650,selfplay_eval,0.9050950000000437,0,94,94
2025-11-27T03:01:38.142112+00:00,selfplay_eval,2,5651,selfplay_eval,0.9050950000000437,1,88,89
2025-11-27T03:01:38.142265+00:00,selfplay_eval,2,5652,selfplay_eval,0.9050950000000437,0,94,94
2025-11-27T03:01:38.142398+00:00,selfplay_eval,2,5653,selfplay_eval,0.9050950000000437,1,98,99
2025-11-27T03:01:38.142530+00:00,selfplay_eval,2,5654,selfplay_eval,0.9050950000000437,1,85,86
2025-11-27T03:01:38.142661+00:00,selfplay_eval,2,5655,selfplay_eval,0.9050950000000437,0,80,80
2025-11-27T03:01:38.142812+00:00,selfplay_eval,2,5656,selfplay_eval,0.9050950000000437,0,95,95
2025-11-27T03:01:38.142944+00:00,selfplay_eval,2,5657,selfplay_eval,0.9050950000000437,0,98,98
2025-11-27T03:01:38.143076+00:00,selfplay_eval,2,5658,selfplay_eval,0.9050950000000437,1,92,93
2025-11-27T03:01:38.143216+00:00,selfplay_eval,2,5659,selfplay_eval,0.9050950000000437,0,92,92
2025-11-27T03:01:38.143349+00:00,selfplay_eval,2,5660,selfplay_eval,0.9050950000000437,1,86,87
2025-11-27T03:01:38.143481+00:00,selfplay_eval,2,5661,selfplay_eval,0.9050950000000437,1,98,99
2025-11-27T03:01:38.143612+00:00,selfplay_eval,2,5662,selfplay_eval,0.9050950000000437,0,91,91
2025-11-27T03:01:38.143749+00:00,selfplay_eval,2,5663,selfplay_eval,0.9050950000000437,0,92,92
2025-11-27T03:01:38.143882+00:00,selfplay_eval,2,5664,selfplay_eval,0.9050950000000437,1,91,92
2025-11-27T03:01:38.144017+00:00,selfplay_eval,2,5665,selfplay_eval,0.9050950000000437,1,97,98
2025-11-27T03:01:38.144149+00:00,selfplay_eval,2,5666,selfplay_eval,0.9050950000000437,0,89,89
2025-11-27T03:01:38.144282+00:00,selfplay_eval,2,5667,selfplay_eval,0.9050950000000437,0,96,96
2025-11-27T03:01:38.144413+00:00,selfplay_eval,2,5668,selfplay_eval,0.9050950000000437,1,79,80
2025-11-27T03:01:38.144550+00:00,selfplay_eval,2,5669,selfplay_eval,0.9050950000000437,1,87,88
2025-11-27T03:01:38.144683+00:00,selfplay_eval,2,5670,selfplay_eval,0.9050950000000437,1,97,98
2025-11-27T03:01:38.144816+00:00,selfplay_eval,2,5671,selfplay_eval,0.9050950000000437,0,90,90
2025-11-27T03:01:38.144948+00:00,selfplay_eval,2,5672,selfplay_eval,0.9050950000000437,0,75,75
2025-11-27T03:01:38.145080+00:00,selfplay_eval,2,5673,selfplay_eval,0.9050950000000437,0,92,92
2025-11-27T03:01:38.145212+00:00,selfplay_eval,2,5674,selfplay_eval,0.9050950000000437,0,82,82
2025-11-27T03:01:38.145345+00:00,selfplay_eval,2,5675,selfplay_eval,0.9050950000000437,0,97,97
2025-11-27T03:01:38.145478+00:00,selfplay_eval,2,5676,selfplay_eval,0.9050950000000437,1,96,97
2025-11-27T03:01:38.145611+00:00,selfplay_eval,2,5677,selfplay_eval,0.9050950000000437,1,82,83
2025-11-27T03:01:38.145746+00:00,selfplay_eval,2,5678,selfplay_eval,0.9050950000000437,1,96,97
2025-11-27T03:01:38.145880+00:00,selfplay_eval,2,5679,selfplay_eval,0.9050950000000437,0,96,96
2025-11-27T03:01:38.146012+00:00,selfplay_eval,2,5680,selfplay_eval,0.9050950000000437,0,97,97
2025-11-27T03:01:38.146145+00:00,selfplay_eval,2,5681,selfplay_eval,0.9050950000000437,1,97,98
2025-11-27T03:01:38.146278+00:00,selfplay_eval,2,5682,selfplay_eval,0.9050950000000437,1,79,80
2025-11-27T03:01:38.146411+00:00,selfplay_eval,2,5683,selfplay_eval,0.9050950000000437,1,98,99
2025-11-27T03:01:38.146546+00:00,selfplay_eval,2,5684,selfplay_eval,0.9050950000000437,1,96,97
2025-11-27T03:01:38.146678+00:00,selfplay_eval,2,5685,selfplay_eval,0.9050950000000437,0,88,88
2025-11-27T03:01:38.146811+00:00,selfplay_eval,2,5686,selfplay_eval,0.9050950000000437,1,91,92
2025-11-27T03:01:38.146943+00:00,selfplay_eval,2,5687,selfplay_eval,0.9050950000000437,0,95,95
2025-11-27T03:01:38.147075+00:00,selfplay_eval,2,5688,selfplay_eval,0.9050950000000437,1,96,97
2025-11-27T03:01:38.147207+00:00,selfplay_eval,2,5689,selfplay_eval,0.9050950000000437,1,92,93
2025-11-27T03:01:38.147338+00:00,selfplay_eval,2,5690,selfplay_eval,0.9050950000000437,0,98,98
2025-11-27T03:01:38.147469+00:00,selfplay_eval,2,5691,selfplay_eval,0.9050950000000437,1,96,97
2025-11-27T03:01:38.147601+00:00,selfplay_eval,2,5692,selfplay_eval,0.9050950000000437,0,94,94
2025-11-27T03:01:38.147733+00:00,selfplay_eval,2,5693,selfplay_eval,0.9050950000000437,0,97,97
2025-11-27T03:01:38.147871+00:00,selfplay_eval,2,5694,selfplay_eval,0.9050950000000437,0,91,91
2025-11-27T03:01:38.148005+00:00,selfplay_eval,2,5695,selfplay_eval,0.9050950000000437,0,95,95
2025-11-27T03:01:38.148136+00:00,selfplay_eval,2,5696,selfplay_eval,0.9050950000000437,0,92,92
2025-11-27T03:01:38.148271+00:00,selfplay_eval,2,5697,selfplay_eval,0.9050950000000437,1,97,98
2025-11-27T03:01:38.148410+00:00,selfplay_eval,2,5698,selfplay_eval,0.9050950000000437,0,92,92
2025-11-27T03:01:38.148542+00:00,selfplay_eval,2,5699,selfplay_eval,0.9050950000000437,0,87,87
2025-11-27T03:01:38.148674+00:00,selfplay_eval,2,5700,selfplay_eval,0.9050950000000437,0,95,95
2025-11-27T03:01:38.148805+00:00,selfplay_eval,2,5701,selfplay_eval,0.9050950000000437,1,97,98
2025-11-27T03:01:38.148936+00:00,selfplay_eval,2,5702,selfplay_eval,0.9050950000000437,1,84,85
2025-11-27T03:01:38.149067+00:00,selfplay_eval,2,5703,selfplay_eval,0.9050950000000437,1,98,99
2025-11-27T03:01:38.149198+00:00,selfplay_eval,2,5704,selfplay_eval,0.9050950000000437,0,96,96
2025-11-27T03:01:38.149329+00:00,selfplay_eval,2,5705,selfplay_eval,0.9050950000000437,1,94,95
2025-11-27T03:01:38.149460+00:00,selfplay_eval,2,5706,selfplay_eval,0.9050950000000437,0,88,88
2025-11-27T03:01:38.149590+00:00,selfplay_eval,2,5707,selfplay_eval,0.9050950000000437,1,94,95
2025-11-27T03:01:38.149721+00:00,selfplay_eval,2,5708,selfplay_eval,0.9050950000000437,1,93,94
2025-11-27T03:01:38.149853+00:00,selfplay_eval,2,5709,selfplay_eval,0.9050950000000437,0,97,97
2025-11-27T03:01:38.149983+00:00,selfplay_eval,2,5710,selfplay_eval,0.9050950000000437,1,98,99
2025-11-27T03:01:38.150114+00:00,selfplay_eval,2,5711,selfplay_eval,0.9050950000000437,0,92,92
2025-11-27T03:01:38.150244+00:00,selfplay_eval,2,5712,selfplay_eval,0.9050950000000437,1,81,82
2025-11-27T03:01:38.150375+00:00,selfplay_eval,2,5713,selfplay_eval,0.9050950000000437,0,98,98
2025-11-27T03:01:38.150505+00:00,selfplay_eval,2,5714,selfplay_eval,0.9050950000000437,0,89,89
2025-11-27T03:01:38.150639+00:00,selfplay_eval,2,5715,selfplay_eval,0.9050950000000437,0,89,89
2025-11-27T03:01:38.150772+00:00,selfplay_eval,2,5716,selfplay_eval,0.9050950000000437,0,90,90
2025-11-27T03:01:38.150903+00:00,selfplay_eval,2,5717,selfplay_eval,0.9050950000000437,1,68,69
2025-11-27T03:01:38.151035+00:00,selfplay_eval,2,5718,selfplay_eval,0.9050950000000437,0,76,76
2025-11-27T03:01:38.151166+00:00,selfplay_eval,2,5719,selfplay_eval,0.9050950000000437,1,88,89
2025-11-27T03:01:38.151297+00:00,selfplay_eval,2,5720,selfplay_eval,0.9050950000000437,1,95,96
2025-11-27T03:01:38.151428+00:00,selfplay_eval,2,5721,selfplay_eval,0.9050950000000437,1,99,100
2025-11-27T03:01:38.151561+00:00,selfplay_eval,2,5722,selfplay_eval,0.9050950000000437,0,93,93
2025-11-27T03:01:38.151693+00:00,selfplay_eval,2,5723,selfplay_eval,0.9050950000000437,1,93,94
2025-11-27T03:01:38.151824+00:00,selfplay_eval,2,5724,selfplay_eval,0.9050950000000437,0,99,99
2025-11-27T03:01:38.151956+00:00,selfplay_eval,2,5725,selfplay_eval,0.9050950000000437,0,94,94
2025-11-27T03:01:38.152088+00:00,selfplay_eval,2,5726,selfplay_eval,0.9050950000000437,0,89,89
2025-11-27T03:01:38.152221+00:00,selfplay_eval,2,5727,selfplay_eval,0.9050950000000437,1,93,94
2025-11-27T03:01:38.152429+00:00,selfplay_eval,2,5728,selfplay_eval,0.9050950000000437,0,94,94
2025-11-27T03:01:38.152560+00:00,selfplay_eval,2,5729,selfplay_eval,0.9050950000000437,1,96,97
2025-11-27T03:01:38.152752+00:00,selfplay_eval,2,5730,selfplay_eval,0.9050950000000437,1,92,93
2025-11-27T03:01:38.152906+00:00,selfplay_eval,2,5731,selfplay_eval,0.9050950000000437,1,91,92
2025-11-27T03:01:38.153145+00:00,selfplay_eval,2,5732,selfplay_eval,0.9050950000000437,1,89,90
2025-11-27T03:01:38.153308+00:00,selfplay_eval,2,5733,selfplay_eval,0.9050950000000437,1,97,98
2025-11-27T03:01:38.153452+00:00,selfplay_eval,2,5734,selfplay_eval,0.9050950000000437,1,89,90
2025-11-27T03:01:38.153588+00:00,selfplay_eval,2,5735,selfplay_eval,0.9050950000000437,0,98,98
2025-11-27T03:01:38.153721+00:00,selfplay_eval,2,5736,selfplay_eval,0.9050950000000437,0,89,89
2025-11-27T03:01:38.153852+00:00,selfplay_eval,2,5737,selfplay_eval,0.9050950000000437,0,92,92
2025-11-27T03:01:38.153982+00:00,selfplay_eval,2,5738,selfplay_eval,0.9050950000000437,1,81,82
2025-11-27T03:01:38.154109+00:00,selfplay_eval,2,5739,selfplay_eval,0.9050950000000437,0,97,97
2025-11-27T03:01:38.154240+00:00,selfplay_eval,2,5740,selfplay_eval,0.9050950000000437,0,90,90
2025-11-27T03:01:38.154367+00:00,selfplay_eval,2,5741,selfplay_eval,0.9050950000000437,0,98,98
2025-11-27T03:01:38.154555+00:00,selfplay_eval,2,5742,selfplay_eval,0.9050950000000437,1,96,97
2025-11-27T03:01:38.154715+00:00,selfplay_eval,2,5743,selfplay_eval,0.9050950000000437,0,95,95
2025-11-27T03:01:38.154861+00:00,selfplay_eval,2,5744,selfplay_eval,0.9050950000000437,1,95,96
2025-11-27T03:01:38.155001+00:00,selfplay_eval,2,5745,selfplay_eval,0.9050950000000437,1,87,88
2025-11-27T03:01:38.155138+00:00,selfplay_eval,2,5746,selfplay_eval,0.9050950000000437,1,84,85
2025-11-27T03:01:38.155278+00:00,selfplay_eval,2,5747,selfplay_eval,0.9050950000000437,0,92,92
2025-11-27T03:01:38.155465+00:00,selfplay_eval,2,5748,selfplay_eval,0.9050950000000437,1,91,92
2025-11-27T03:01:38.155612+00:00,selfplay_eval,2,5749,selfplay_eval,0.9050950000000437,0,92,92
2025-11-27T03:01:38.155749+00:00,selfplay_eval,2,5750,selfplay_eval,0.9050950000000437,1,84,85
2025-11-27T03:01:38.155881+00:00,selfplay_eval,2,5751,selfplay_eval,0.9050950000000437,0,96,96
2025-11-27T03:01:38.156010+00:00,selfplay_eval,2,5752,selfplay_eval,0.9050950000000437,0,89,89
2025-11-27T03:01:38.156206+00:00,selfplay_eval,2,5753,selfplay_eval,0.9050950000000437,0,74,74
2025-11-27T03:01:38.156361+00:00,selfplay_eval,2,5754,selfplay_eval,0.9050950000000437,0,90,90
2025-11-27T03:01:38.156505+00:00,selfplay_eval,2,5755,selfplay_eval,0.9050950000000437,0,98,98
2025-11-27T03:01:38.156645+00:00,selfplay_eval,2,5756,selfplay_eval,0.9050950000000437,1,98,99
2025-11-27T03:01:38.156782+00:00,selfplay_eval,2,5757,selfplay_eval,0.9050950000000437,1,96,97
2025-11-27T03:01:38.156916+00:00,selfplay_eval,2,5758,selfplay_eval,0.9050950000000437,1,95,96
2025-11-27T03:01:38.157049+00:00,selfplay_eval,2,5759,selfplay_eval,0.9050950000000437,0,92,92
2025-11-27T03:01:38.157183+00:00,selfplay_eval,2,5760,selfplay_eval,0.9050950000000437,1,88,89
2025-11-27T03:01:38.157315+00:00,selfplay_eval,2,5761,selfplay_eval,0.9050950000000437,0,90,90
2025-11-27T03:01:38.157446+00:00,selfplay_eval,2,5762,selfplay_eval,0.9050950000000437,0,90,90
2025-11-27T03:01:38.157578+00:00,selfplay_eval,2,5763,selfplay_eval,0.9050950000000437,1,78,79
2025-11-27T03:01:38.157709+00:00,selfplay_eval,2,5764,selfplay_eval,0.9050950000000437,1,97,98
2025-11-27T03:01:38.157840+00:00,selfplay_eval,2,5765,selfplay_eval,0.9050950000000437,1,89,90
2025-11-27T03:01:38.157971+00:00,selfplay_eval,2,5766,selfplay_eval,0.9050950000000437,1,93,94
2025-11-27T03:01:38.158102+00:00,selfplay_eval,2,5767,selfplay_eval,0.9050950000000437,1,92,93
2025-11-27T03:01:38.158233+00:00,selfplay_eval,2,5768,selfplay_eval,0.9050950000000437,1,98,99
2025-11-27T03:01:38.158369+00:00,selfplay_eval,2,5769,selfplay_eval,0.9050950000000437,1,89,90
2025-11-27T03:01:38.158510+00:00,selfplay_eval,2,5770,selfplay_eval,0.9050950000000437,0,92,92
2025-11-27T03:01:38.158641+00:00,selfplay_eval,2,5771,selfplay_eval,0.9050950000000437,0,93,93
2025-11-27T03:01:38.158772+00:00,selfplay_eval,2,5772,selfplay_eval,0.9050950000000437,1,89,90
2025-11-27T03:01:38.158902+00:00,selfplay_eval,2,5773,selfplay_eval,0.9050950000000437,1,81,82
2025-11-27T03:01:38.159033+00:00,selfplay_eval,2,5774,selfplay_eval,0.9050950000000437,0,97,97
2025-11-27T03:01:38.159163+00:00,selfplay_eval,2,5775,selfplay_eval,0.9050950000000437,0,96,96
2025-11-27T03:01:38.159293+00:00,selfplay_eval,2,5776,selfplay_eval,0.9050950000000437,0,96,96
2025-11-27T03:01:38.159424+00:00,selfplay_eval,2,5777,selfplay_eval,0.9050950000000437,1,87,88
2025-11-27T03:01:38.159563+00:00,selfplay_eval,2,5778,selfplay_eval,0.9050950000000437,1,92,93
2025-11-27T03:01:38.159695+00:00,selfplay_eval,2,5779,selfplay_eval,0.9050950000000437,0,88,88
2025-11-27T03:01:38.159826+00:00,selfplay_eval,2,5780,selfplay_eval,0.9050950000000437,1,89,90
2025-11-27T03:01:38.159980+00:00,selfplay_eval,2,5781,selfplay_eval,0.9050950000000437,1,77,78
2025-11-27T03:01:38.160115+00:00,selfplay_eval,2,5782,selfplay_eval,0.9050950000000437,0,72,72
2025-11-27T03:01:38.160246+00:00,selfplay_eval,2,5783,selfplay_eval,0.9050950000000437,1,82,83
2025-11-27T03:01:38.160385+00:00,selfplay_eval,2,5784,selfplay_eval,0.9050950000000437,0,99,99
2025-11-27T03:01:38.160534+00:00,selfplay_eval,2,5785,selfplay_eval,0.9050950000000437,1,95,96
2025-11-27T03:01:38.160669+00:00,selfplay_eval,2,5786,selfplay_eval,0.9050950000000437,0,98,98
2025-11-27T03:01:38.160805+00:00,selfplay_eval,2,5787,selfplay_eval,0.9050950000000437,0,98,98
2025-11-27T03:01:38.160948+00:00,selfplay_eval,2,5788,selfplay_eval,0.9050950000000437,0,80,80
2025-11-27T03:01:38.161092+00:00,selfplay_eval,2,5789,selfplay_eval,0.9050950000000437,1,92,93
2025-11-27T03:01:38.161235+00:00,selfplay_eval,2,5790,selfplay_eval,0.9050950000000437,1,92,93
2025-11-27T03:01:38.161450+00:00,selfplay_eval,2,5791,selfplay_eval,0.9050950000000437,0,97,97
2025-11-27T03:01:38.161603+00:00,selfplay_eval,2,5792,selfplay_eval,0.9050950000000437,1,99,100
2025-11-27T03:01:38.161755+00:00,selfplay_eval,2,5793,selfplay_eval,0.9050950000000437,1,99,100
2025-11-27T03:01:38.161893+00:00,selfplay_eval,2,5794,selfplay_eval,0.9050950000000437,0,91,91
2025-11-27T03:01:38.162027+00:00,selfplay_eval,2,5795,selfplay_eval,0.9050950000000437,0,96,96
2025-11-27T03:01:38.162167+00:00,selfplay_eval,2,5796,selfplay_eval,0.9050950000000437,0,99,99
2025-11-27T03:01:38.162303+00:00,selfplay_eval,2,5797,selfplay_eval,0.9050950000000437,1,95,96
2025-11-27T03:01:38.162445+00:00,selfplay_eval,2,5798,selfplay_eval,0.9050950000000437,1,89,90
2025-11-27T03:01:38.162581+00:00,selfplay_eval,2,5799,selfplay_eval,0.9050950000000437,0,93,93
2025-11-27T03:01:38.162707+00:00,selfplay_eval,2,5800,selfplay_eval,0.9050950000000437,1,94,95
2025-11-27T03:01:38.162899+00:00,selfplay_eval,2,5801,selfplay_eval,0.9050950000000437,0,90,90
2025-11-27T03:01:38.163054+00:00,selfplay_eval,2,5802,selfplay_eval,0.9050950000000437,0,99,99
2025-11-27T03:01:38.163194+00:00,selfplay_eval,2,5803,selfplay_eval,0.9050950000000437,1,79,80
2025-11-27T03:01:38.163332+00:00,selfplay_eval,2,5804,selfplay_eval,0.9050950000000437,1,93,94
2025-11-27T03:01:38.163493+00:00,selfplay_eval,2,5805,selfplay_eval,0.9050950000000437,0,98,98
2025-11-27T03:01:38.163634+00:00,selfplay_eval,2,5806,selfplay_eval,0.9050950000000437,0,93,93
2025-11-27T03:01:38.163770+00:00,selfplay_eval,2,5807,selfplay_eval,0.9050950000000437,1,91,92
2025-11-27T03:01:38.163907+00:00,selfplay_eval,2,5808,selfplay_eval,0.9050950000000437,1,86,87
2025-11-27T03:01:38.164038+00:00,selfplay_eval,2,5809,selfplay_eval,0.9050950000000437,0,99,99
2025-11-27T03:01:38.164169+00:00,selfplay_eval,2,5810,selfplay_eval,0.9050950000000437,0,97,97
2025-11-27T03:01:38.164299+00:00,selfplay_eval,2,5811,selfplay_eval,0.9050950000000437,1,85,86
2025-11-27T03:01:38.164434+00:00,selfplay_eval,2,5812,selfplay_eval,0.9050950000000437,1,91,92
2025-11-27T03:01:38.164585+00:00,selfplay_eval,2,5813,selfplay_eval,0.9050950000000437,1,98,99
2025-11-27T03:01:38.164713+00:00,selfplay_eval,2,5814,selfplay_eval,0.9050950000000437,0,96,96
2025-11-27T03:01:38.164845+00:00,selfplay_eval,2,5815,selfplay_eval,0.9050950000000437,1,88,89
2025-11-27T03:01:38.164973+00:00,selfplay_eval,2,5816,selfplay_eval,0.9050950000000437,1,99,100
2025-11-27T03:01:38.165100+00:00,selfplay_eval,2,5817,selfplay_eval,0.9050950000000437,0,92,92
2025-11-27T03:01:38.165226+00:00,selfplay_eval,2,5818,selfplay_eval,0.9050950000000437,0,98,98
2025-11-27T03:01:38.165360+00:00,selfplay_eval,2,5819,selfplay_eval,0.9050950000000437,0,99,99
2025-11-27T03:01:38.165486+00:00,selfplay_eval,2,5820,selfplay_eval,0.9050950000000437,1,90,91
2025-11-27T03:01:38.165619+00:00,selfplay_eval,2,5821,selfplay_eval,0.9050950000000437,1,91,92
2025-11-27T03:01:38.165746+00:00,selfplay_eval,2,5822,selfplay_eval,0.9050950000000437,0,91,91
2025-11-27T03:01:38.165878+00:00,selfplay_eval,2,5823,selfplay_eval,0.9050950000000437,0,99,99
2025-11-27T03:01:38.166006+00:00,selfplay_eval,2,5824,selfplay_eval,0.9050950000000437,0,96,96
2025-11-27T03:01:38.166139+00:00,selfplay_eval,2,5825,selfplay_eval,0.9050950000000437,1,92,93
2025-11-27T03:01:38.166267+00:00,selfplay_eval,2,5826,selfplay_eval,0.9050950000000437,0,92,92
2025-11-27T03:01:38.166392+00:00,selfplay_eval,2,5827,selfplay_eval,0.9050950000000437,0,99,99
2025-11-27T03:01:38.166539+00:00,selfplay_eval,2,5828,selfplay_eval,0.9050950000000437,1,96,97
2025-11-27T03:01:38.166673+00:00,selfplay_eval,2,5829,selfplay_eval,0.9050950000000437,0,91,91
2025-11-27T03:01:38.166808+00:00,selfplay_eval,2,5830,selfplay_eval,0.9050950000000437,0,84,84
2025-11-27T03:01:38.166941+00:00,selfplay_eval,2,5831,selfplay_eval,0.9050950000000437,0,85,85
2025-11-27T03:01:38.167070+00:00,selfplay_eval,2,5832,selfplay_eval,0.9050950000000437,0,97,97
2025-11-27T03:01:38.167204+00:00,selfplay_eval,2,5833,selfplay_eval,0.9050950000000437,1,91,92
2025-11-27T03:01:38.167337+00:00,selfplay_eval,2,5834,selfplay_eval,0.9050950000000437,1,89,90
2025-11-27T03:01:38.167467+00:00,selfplay_eval,2,5835,selfplay_eval,0.9050950000000437,1,87,88
2025-11-27T03:01:38.167596+00:00,selfplay_eval,2,5836,selfplay_eval,0.9050950000000437,0,92,92
2025-11-27T03:01:38.167726+00:00,selfplay_eval,2,5837,selfplay_eval,0.9050950000000437,0,96,96
2025-11-27T03:01:38.167857+00:00,selfplay_eval,2,5838,selfplay_eval,0.9050950000000437,1,89,90
2025-11-27T03:01:38.167987+00:00,selfplay_eval,2,5839,selfplay_eval,0.9050950000000437,1,98,99
2025-11-27T03:01:38.168117+00:00,selfplay_eval,2,5840,selfplay_eval,0.9050950000000437,0,75,75
2025-11-27T03:01:38.168248+00:00,selfplay_eval,2,5841,selfplay_eval,0.9050950000000437,1,96,97
2025-11-27T03:01:38.168377+00:00,selfplay_eval,2,5842,selfplay_eval,0.9050950000000437,1,95,96
2025-11-27T03:01:38.168517+00:00,selfplay_eval,2,5843,selfplay_eval,0.9050950000000437,1,93,94
2025-11-27T03:01:38.168649+00:00,selfplay_eval,2,5844,selfplay_eval,0.9050950000000437,1,97,98
2025-11-27T03:01:38.168775+00:00,selfplay_eval,2,5845,selfplay_eval,0.9050950000000437,0,92,92
2025-11-27T03:01:38.168901+00:00,selfplay_eval,2,5846,selfplay_eval,0.9050950000000437,0,98,98
2025-11-27T03:01:38.169026+00:00,selfplay_eval,2,5847,selfplay_eval,0.9050950000000437,0,89,89
2025-11-27T03:01:38.169153+00:00,selfplay_eval,2,5848,selfplay_eval,0.9050950000000437,1,87,88
2025-11-27T03:01:38.169279+00:00,selfplay_eval,2,5849,selfplay_eval,0.9050950000000437,0,98,98
2025-11-27T03:01:38.169405+00:00,selfplay_eval,2,5850,selfplay_eval,0.9050950000000437,0,93,93
2025-11-27T03:01:38.169530+00:00,selfplay_eval,2,5851,selfplay_eval,0.9050950000000437,1,98,99
2025-11-27T03:01:38.169656+00:00,selfplay_eval,2,5852,selfplay_eval,0.9050950000000437,1,93,94
2025-11-27T03:01:38.169783+00:00,selfplay_eval,2,5853,selfplay_eval,0.9050950000000437,0,88,88
2025-11-27T03:01:38.169909+00:00,selfplay_eval,2,5854,selfplay_eval,0.9050950000000437,1,98,99
2025-11-27T03:01:38.170046+00:00,selfplay_eval,2,5855,selfplay_eval,0.9050950000000437,0,97,97
2025-11-27T03:01:38.170174+00:00,selfplay_eval,2,5856,selfplay_eval,0.9050950000000437,1,87,88
2025-11-27T03:01:38.170312+00:00,selfplay_eval,2,5857,selfplay_eval,0.9050950000000437,1,81,82
2025-11-27T03:01:38.170440+00:00,selfplay_eval,2,5858,selfplay_eval,0.9050950000000437,1,88,89
2025-11-27T03:01:38.170568+00:00,selfplay_eval,2,5859,selfplay_eval,0.9050950000000437,0,94,94
2025-11-27T03:01:38.170700+00:00,selfplay_eval,2,5860,selfplay_eval,0.9050950000000437,0,97,97
2025-11-27T03:01:38.170829+00:00,selfplay_eval,2,5861,selfplay_eval,0.9050950000000437,0,91,91
2025-11-27T03:01:38.170960+00:00,selfplay_eval,2,5862,selfplay_eval,0.9050950000000437,0,94,94
2025-11-27T03:01:38.171091+00:00,selfplay_eval,2,5863,selfplay_eval,0.9050950000000437,0,92,92
2025-11-27T03:01:38.171218+00:00,selfplay_eval,2,5864,selfplay_eval,0.9050950000000437,1,83,84
2025-11-27T03:01:38.171344+00:00,selfplay_eval,2,5865,selfplay_eval,0.9050950000000437,0,97,97
2025-11-27T03:01:38.171471+00:00,selfplay_eval,2,5866,selfplay_eval,0.9050950000000437,0,90,90
2025-11-27T03:01:38.171598+00:00,selfplay_eval,2,5867,selfplay_eval,0.9050950000000437,1,95,96
2025-11-27T03:01:38.171723+00:00,selfplay_eval,2,5868,selfplay_eval,0.9050950000000437,1,93,94
2025-11-27T03:01:38.171849+00:00,selfplay_eval,2,5869,selfplay_eval,0.9050950000000437,1,87,88
2025-11-27T03:01:38.171974+00:00,selfplay_eval,2,5870,selfplay_eval,0.9050950000000437,0,92,92
2025-11-27T03:01:38.172099+00:00,selfplay_eval,2,5871,selfplay_eval,0.9050950000000437,1,95,96
2025-11-27T03:01:38.172225+00:00,selfplay_eval,2,5872,selfplay_eval,0.9050950000000437,1,94,95
2025-11-27T03:01:38.172350+00:00,selfplay_eval,2,5873,selfplay_eval,0.9050950000000437,1,85,86
2025-11-27T03:01:38.172486+00:00,selfplay_eval,2,5874,selfplay_eval,0.9050950000000437,1,95,96
2025-11-27T03:01:38.172613+00:00,selfplay_eval,2,5875,selfplay_eval,0.9050950000000437,1,97,98
2025-11-27T03:01:38.172742+00:00,selfplay_eval,2,5876,selfplay_eval,0.9050950000000437,0,88,88
2025-11-27T03:01:38.172872+00:00,selfplay_eval,2,5877,selfplay_eval,0.9050950000000437,1,90,91
2025-11-27T03:01:38.172997+00:00,selfplay_eval,2,5878,selfplay_eval,0.9050950000000437,1,87,88
2025-11-27T03:01:38.173124+00:00,selfplay_eval,2,5879,selfplay_eval,0.9050950000000437,1,88,89
2025-11-27T03:01:38.173250+00:00,selfplay_eval,2,5880,selfplay_eval,0.9050950000000437,0,94,94
2025-11-27T03:01:38.173375+00:00,selfplay_eval,2,5881,selfplay_eval,0.9050950000000437,1,89,90
2025-11-27T03:01:38.173501+00:00,selfplay_eval,2,5882,selfplay_eval,0.9050950000000437,0,95,95
2025-11-27T03:01:38.173627+00:00,selfplay_eval,2,5883,selfplay_eval,0.9050950000000437,1,99,100
2025-11-27T03:01:38.173752+00:00,selfplay_eval,2,5884,selfplay_eval,0.9050950000000437,1,99,100
2025-11-27T03:01:38.173879+00:00,selfplay_eval,2,5885,selfplay_eval,0.9050950000000437,0,97,97
2025-11-27T03:01:38.174004+00:00,selfplay_eval,2,5886,selfplay_eval,0.9050950000000437,1,96,97
2025-11-27T03:01:38.174130+00:00,selfplay_eval,2,5887,selfplay_eval,0.9050950000000437,0,93,93
2025-11-27T03:01:38.174256+00:00,selfplay_eval,2,5888,selfplay_eval,0.9050950000000437,1,89,90
2025-11-27T03:01:38.174381+00:00,selfplay_eval,2,5889,selfplay_eval,0.9050950000000437,1,78,79
2025-11-27T03:01:38.174507+00:00,selfplay_eval,2,5890,selfplay_eval,0.9050950000000437,0,91,91
2025-11-27T03:01:38.174633+00:00,selfplay_eval,2,5891,selfplay_eval,0.9050950000000437,0,87,87
2025-11-27T03:01:38.174759+00:00,selfplay_eval,2,5892,selfplay_eval,0.9050950000000437,1,92,93
2025-11-27T03:01:38.174884+00:00,selfplay_eval,2,5893,selfplay_eval,0.9050950000000437,1,94,95
2025-11-27T03:01:38.175009+00:00,selfplay_eval,2,5894,selfplay_eval,0.9050950000000437,1,92,93
2025-11-27T03:01:38.175134+00:00,selfplay_eval,2,5895,selfplay_eval,0.9050950000000437,0,85,85
2025-11-27T03:01:38.175258+00:00,selfplay_eval,2,5896,selfplay_eval,0.9050950000000437,0,91,91
2025-11-27T03:01:38.175385+00:00,selfplay_eval,2,5897,selfplay_eval,0.9050950000000437,1,85,86
2025-11-27T03:01:38.175510+00:00,selfplay_eval,2,5898,selfplay_eval,0.9050950000000437,0,92,92
2025-11-27T03:01:38.175634+00:00,selfplay_eval,2,5899,selfplay_eval,0.9050950000000437,0,89,89
2025-11-27T03:01:38.175759+00:00,selfplay_eval,2,5900,selfplay_eval,0.9050950000000437,1,95,96
2025-11-27T03:01:38.175886+00:00,selfplay_eval,2,5901,selfplay_eval,0.9050950000000437,1,87,88
2025-11-27T03:01:38.176012+00:00,selfplay_eval,2,5902,selfplay_eval,0.9050950000000437,1,75,76
2025-11-27T03:01:38.176200+00:00,selfplay_eval,2,5903,selfplay_eval,0.9050950000000437,0,96,96
2025-11-27T03:01:38.176349+00:00,selfplay_eval,2,5904,selfplay_eval,0.9050950000000437,0,98,98
2025-11-27T03:01:38.176486+00:00,selfplay_eval,2,5905,selfplay_eval,0.9050950000000437,1,87,88
2025-11-27T03:01:38.176653+00:00,selfplay_eval,2,5906,selfplay_eval,0.9050950000000437,1,98,99
2025-11-27T03:01:38.176844+00:00,selfplay_eval,2,5907,selfplay_eval,0.9050950000000437,0,96,96
2025-11-27T03:01:38.176997+00:00,selfplay_eval,2,5908,selfplay_eval,0.9050950000000437,0,90,90
2025-11-27T03:01:38.177141+00:00,selfplay_eval,2,5909,selfplay_eval,0.9050950000000437,1,94,95
2025-11-27T03:01:38.177282+00:00,selfplay_eval,2,5910,selfplay_eval,0.9050950000000437,0,91,91
2025-11-27T03:01:38.177420+00:00,selfplay_eval,2,5911,selfplay_eval,0.9050950000000437,1,93,94
2025-11-27T03:01:38.177557+00:00,selfplay_eval,2,5912,selfplay_eval,0.9050950000000437,1,98,99
2025-11-27T03:01:38.177693+00:00,selfplay_eval,2,5913,selfplay_eval,0.9050950000000437,1,72,73
2025-11-27T03:01:38.177827+00:00,selfplay_eval,2,5914,selfplay_eval,0.9050950000000437,1,95,96
2025-11-27T03:01:38.177970+00:00,selfplay_eval,2,5915,selfplay_eval,0.9050950000000437,1,84,85
2025-11-27T03:01:38.178103+00:00,selfplay_eval,2,5916,selfplay_eval,0.9050950000000437,1,98,99
2025-11-27T03:01:38.178236+00:00,selfplay_eval,2,5917,selfplay_eval,0.9050950000000437,1,92,93
2025-11-27T03:01:38.178367+00:00,selfplay_eval,2,5918,selfplay_eval,0.9050950000000437,1,92,93
2025-11-27T03:01:38.178499+00:00,selfplay_eval,2,5919,selfplay_eval,0.9050950000000437,0,91,91
2025-11-27T03:01:38.178631+00:00,selfplay_eval,2,5920,selfplay_eval,0.9050950000000437,1,81,82
2025-11-27T03:01:38.178801+00:00,selfplay_eval,2,5921,selfplay_eval,0.9050950000000437,1,95,96
2025-11-27T03:01:38.178967+00:00,selfplay_eval,2,5922,selfplay_eval,0.9050950000000437,1,88,89
2025-11-27T03:01:38.179107+00:00,selfplay_eval,2,5923,selfplay_eval,0.9050950000000437,0,94,94
2025-11-27T03:01:38.179241+00:00,selfplay_eval,2,5924,selfplay_eval,0.9050950000000437,1,98,99
2025-11-27T03:01:38.179371+00:00,selfplay_eval,2,5925,selfplay_eval,0.9050950000000437,1,82,83
2025-11-27T03:01:38.179501+00:00,selfplay_eval,2,5926,selfplay_eval,0.9050950000000437,0,82,82
2025-11-27T03:01:38.179630+00:00,selfplay_eval,2,5927,selfplay_eval,0.9050950000000437,0,78,78
2025-11-27T03:01:38.179763+00:00,selfplay_eval,2,5928,selfplay_eval,0.9050950000000437,0,88,88
2025-11-27T03:01:38.179891+00:00,selfplay_eval,2,5929,selfplay_eval,0.9050950000000437,0,96,96
2025-11-27T03:01:38.180018+00:00,selfplay_eval,2,5930,selfplay_eval,0.9050950000000437,0,97,97
2025-11-27T03:01:38.180144+00:00,selfplay_eval,2,5931,selfplay_eval,0.9050950000000437,0,91,91
2025-11-27T03:01:38.180283+00:00,selfplay_eval,2,5932,selfplay_eval,0.9050950000000437,1,87,88
2025-11-27T03:01:38.180411+00:00,selfplay_eval,2,5933,selfplay_eval,0.9050950000000437,0,98,98
2025-11-27T03:01:38.180562+00:00,selfplay_eval,2,5934,selfplay_eval,0.9050950000000437,1,91,92
2025-11-27T03:01:38.180690+00:00,selfplay_eval,2,5935,selfplay_eval,0.9050950000000437,0,99,99
2025-11-27T03:01:38.180926+00:00,selfplay_eval,2,5936,selfplay_eval,0.9050950000000437,0,92,92
2025-11-27T03:01:38.181079+00:00,selfplay_eval,2,5937,selfplay_eval,0.9050950000000437,1,90,91
2025-11-27T03:01:38.181222+00:00,selfplay_eval,2,5938,selfplay_eval,0.9050950000000437,0,99,99
2025-11-27T03:01:38.181362+00:00,selfplay_eval,2,5939,selfplay_eval,0.9050950000000437,0,97,97
2025-11-27T03:01:38.181611+00:00,selfplay_eval,2,5940,selfplay_eval,0.9050950000000437,1,98,99
2025-11-27T03:01:38.181749+00:00,selfplay_eval,2,5941,selfplay_eval,0.9050950000000437,0,98,98
2025-11-27T03:01:38.181882+00:00,selfplay_eval,2,5942,selfplay_eval,0.9050950000000437,1,73,74
2025-11-27T03:01:38.182017+00:00,selfplay_eval,2,5943,selfplay_eval,0.9050950000000437,1,95,96
2025-11-27T03:01:38.182149+00:00,selfplay_eval,2,5944,selfplay_eval,0.9050950000000437,0,94,94
2025-11-27T03:01:38.182280+00:00,selfplay_eval,2,5945,selfplay_eval,0.9050950000000437,0,93,93
2025-11-27T03:01:38.182410+00:00,selfplay_eval,2,5946,selfplay_eval,0.9050950000000437,0,95,95
2025-11-27T03:01:38.182539+00:00,selfplay_eval,2,5947,selfplay_eval,0.9050950000000437,1,94,95
2025-11-27T03:01:38.182668+00:00,selfplay_eval,2,5948,selfplay_eval,0.9050950000000437,0,88,88
2025-11-27T03:01:38.182797+00:00,selfplay_eval,2,5949,selfplay_eval,0.9050950000000437,0,90,90
2025-11-27T03:01:38.182926+00:00,selfplay_eval,2,5950,selfplay_eval,0.9050950000000437,0,95,95
2025-11-27T03:01:38.183055+00:00,selfplay_eval,2,5951,selfplay_eval,0.9050950000000437,1,69,70
2025-11-27T03:01:38.183183+00:00,selfplay_eval,2,5952,selfplay_eval,0.9050950000000437,1,95,96
2025-11-27T03:01:38.183312+00:00,selfplay_eval,2,5953,selfplay_eval,0.9050950000000437,1,90,91
2025-11-27T03:01:38.183440+00:00,selfplay_eval,2,5954,selfplay_eval,0.9050950000000437,0,89,89
2025-11-27T03:01:38.183568+00:00,selfplay_eval,2,5955,selfplay_eval,0.9050950000000437,1,79,80
2025-11-27T03:01:38.183696+00:00,selfplay_eval,2,5956,selfplay_eval,0.9050950000000437,1,97,98
2025-11-27T03:01:38.183824+00:00,selfplay_eval,2,5957,selfplay_eval,0.9050950000000437,0,83,83
2025-11-27T03:01:38.183952+00:00,selfplay_eval,2,5958,selfplay_eval,0.9050950000000437,1,99,100
2025-11-27T03:01:38.184080+00:00,selfplay_eval,2,5959,selfplay_eval,0.9050950000000437,0,85,85
2025-11-27T03:01:38.184208+00:00,selfplay_eval,2,5960,selfplay_eval,0.9050950000000437,1,87,88
2025-11-27T03:01:38.184336+00:00,selfplay_eval,2,5961,selfplay_eval,0.9050950000000437,1,87,88
2025-11-27T03:01:38.184464+00:00,selfplay_eval,2,5962,selfplay_eval,0.9050950000000437,1,84,85
2025-11-27T03:01:38.184592+00:00,selfplay_eval,2,5963,selfplay_eval,0.9050950000000437,1,95,96
2025-11-27T03:01:38.184720+00:00,selfplay_eval,2,5964,selfplay_eval,0.9050950000000437,1,89,90
2025-11-27T03:01:38.184848+00:00,selfplay_eval,2,5965,selfplay_eval,0.9050950000000437,0,86,86
2025-11-27T03:01:38.184975+00:00,selfplay_eval,2,5966,selfplay_eval,0.9050950000000437,1,98,99
2025-11-27T03:01:38.185103+00:00,selfplay_eval,2,5967,selfplay_eval,0.9050950000000437,0,92,92
2025-11-27T03:01:38.185231+00:00,selfplay_eval,2,5968,selfplay_eval,0.9050950000000437,0,99,99
2025-11-27T03:01:38.185360+00:00,selfplay_eval,2,5969,selfplay_eval,0.9050950000000437,0,97,97
2025-11-27T03:01:38.185488+00:00,selfplay_eval,2,5970,selfplay_eval,0.9050950000000437,1,94,95
2025-11-27T03:01:38.185616+00:00,selfplay_eval,2,5971,selfplay_eval,0.9050950000000437,1,96,97
2025-11-27T03:01:38.185744+00:00,selfplay_eval,2,5972,selfplay_eval,0.9050950000000437,0,95,95
2025-11-27T03:01:38.185876+00:00,selfplay_eval,2,5973,selfplay_eval,0.9050950000000437,0,95,95
2025-11-27T03:01:38.186004+00:00,selfplay_eval,2,5974,selfplay_eval,0.9050950000000437,1,97,98
2025-11-27T03:01:38.186133+00:00,selfplay_eval,2,5975,selfplay_eval,0.9050950000000437,0,86,86
2025-11-27T03:01:38.186294+00:00,selfplay_eval,2,5976,selfplay_eval,0.9050950000000437,1,94,95
2025-11-27T03:01:38.186424+00:00,selfplay_eval,2,5977,selfplay_eval,0.9050950000000437,1,93,94
2025-11-27T03:01:38.186552+00:00,selfplay_eval,2,5978,selfplay_eval,0.9050950000000437,1,98,99
2025-11-27T03:01:38.186694+00:00,selfplay_eval,2,5979,selfplay_eval,0.9050950000000437,0,83,83
2025-11-27T03:01:38.186823+00:00,selfplay_eval,2,5980,selfplay_eval,0.9050950000000437,0,94,94
2025-11-27T03:01:38.186951+00:00,selfplay_eval,2,5981,selfplay_eval,0.9050950000000437,1,93,94
2025-11-27T03:01:38.187099+00:00,selfplay_eval,2,5982,selfplay_eval,0.9050950000000437,0,96,96
2025-11-27T03:01:38.187231+00:00,selfplay_eval,2,5983,selfplay_eval,0.9050950000000437,0,94,94
2025-11-27T03:01:38.187383+00:00,selfplay_eval,2,5984,selfplay_eval,0.9050950000000437,1,82,83
2025-11-27T03:01:38.187520+00:00,selfplay_eval,2,5985,selfplay_eval,0.9050950000000437,0,87,87
2025-11-27T03:01:38.187652+00:00,selfplay_eval,2,5986,selfplay_eval,0.9050950000000437,0,96,96
2025-11-27T03:01:38.187784+00:00,selfplay_eval,2,5987,selfplay_eval,0.9050950000000437,0,96,96
2025-11-27T03:01:38.187917+00:00,selfplay_eval,2,5988,selfplay_eval,0.9050950000000437,0,92,92
2025-11-27T03:01:38.188048+00:00,selfplay_eval,2,5989,selfplay_eval,0.9050950000000437,1,88,89
2025-11-27T03:01:38.188180+00:00,selfplay_eval,2,5990,selfplay_eval,0.9050950000000437,0,88,88
2025-11-27T03:01:38.188311+00:00,selfplay_eval,2,5991,selfplay_eval,0.9050950000000437,0,90,90
2025-11-27T03:01:38.188442+00:00,selfplay_eval,2,5992,selfplay_eval,0.9050950000000437,0,94,94
2025-11-27T03:01:38.188574+00:00,selfplay_eval,2,5993,selfplay_eval,0.9050950000000437,1,76,77
2025-11-27T03:01:38.188706+00:00,selfplay_eval,2,5994,selfplay_eval,0.9050950000000437,0,98,98
2025-11-27T03:01:38.188837+00:00,selfplay_eval,2,5995,selfplay_eval,0.9050950000000437,0,98,98
2025-11-27T03:01:38.188969+00:00,selfplay_eval,2,5996,selfplay_eval,0.9050950000000437,1,95,96
2025-11-27T03:01:38.189116+00:00,selfplay_eval,2,5997,selfplay_eval,0.9050950000000437,0,82,82
2025-11-27T03:01:38.189252+00:00,selfplay_eval,2,5998,selfplay_eval,0.9050950000000437,0,90,90
2025-11-27T03:01:38.189385+00:00,selfplay_eval,2,5999,selfplay_eval,0.9050950000000437,1,91,92
2025-11-27T03:01:38.189517+00:00,selfplay_eval,2,6000,selfplay_eval,0.9050950000000437,1,90,91
2025-11-27T03:01:38.189649+00:00,selfplay_eval,2,6001,selfplay_eval,0.9050950000000437,1,94,95
2025-11-27T03:01:38.189781+00:00,selfplay_eval,2,6002,selfplay_eval,0.9050950000000437,0,88,88
2025-11-27T03:01:38.189914+00:00,selfplay_eval,2,6003,selfplay_eval,0.9050950000000437,1,94,95
2025-11-27T03:01:38.190058+00:00,selfplay_eval,2,6004,selfplay_eval,0.9050950000000437,0,82,82
2025-11-27T03:01:38.190247+00:00,selfplay_eval,2,6005,selfplay_eval,0.9050950000000437,0,94,94
2025-11-27T03:01:38.190410+00:00,selfplay_eval,2,6006,selfplay_eval,0.9050950000000437,0,94,94
2025-11-27T03:01:38.190553+00:00,selfplay_eval,2,6007,selfplay_eval,0.9050950000000437,0,85,85
2025-11-27T03:01:38.190688+00:00,selfplay_eval,2,6008,selfplay_eval,0.9050950000000437,1,96,97
2025-11-27T03:01:38.190828+00:00,selfplay_eval,2,6009,selfplay_eval,0.9050950000000437,1,79,80
2025-11-27T03:01:38.190958+00:00,selfplay_eval,2,6010,selfplay_eval,0.9050950000000437,0,93,93
2025-11-27T03:01:38.191084+00:00,selfplay_eval,2,6011,selfplay_eval,0.9050950000000437,0,93,93
2025-11-27T03:01:38.191322+00:00,selfplay_eval,2,6012,selfplay_eval,0.9050950000000437,1,97,98
2025-11-27T03:01:38.191477+00:00,selfplay_eval,2,6013,selfplay_eval,0.9050950000000437,1,89,90
2025-11-27T03:01:38.191625+00:00,selfplay_eval,2,6014,selfplay_eval,0.9050950000000437,1,95,96
2025-11-27T03:01:38.191765+00:00,selfplay_eval,2,6015,selfplay_eval,0.9050950000000437,0,96,96
2025-11-27T03:01:38.191902+00:00,selfplay_eval,2,6016,selfplay_eval,0.9050950000000437,1,89,90
2025-11-27T03:01:38.192038+00:00,selfplay_eval,2,6017,selfplay_eval,0.9050950000000437,0,77,77
2025-11-27T03:01:38.192173+00:00,selfplay_eval,2,6018,selfplay_eval,0.9050950000000437,1,92,93
2025-11-27T03:01:38.192306+00:00,selfplay_eval,2,6019,selfplay_eval,0.9050950000000437,1,91,92
2025-11-27T03:01:38.192443+00:00,selfplay_eval,2,6020,selfplay_eval,0.9050950000000437,1,98,99
2025-11-27T03:01:38.192576+00:00,selfplay_eval,2,6021,selfplay_eval,0.9050950000000437,1,92,93
2025-11-27T03:01:38.192708+00:00,selfplay_eval,2,6022,selfplay_eval,0.9050950000000437,0,90,90
2025-11-27T03:01:38.192841+00:00,selfplay_eval,2,6023,selfplay_eval,0.9050950000000437,1,76,77
2025-11-27T03:01:38.192973+00:00,selfplay_eval,2,6024,selfplay_eval,0.9050950000000437,0,94,94
2025-11-27T03:01:38.193109+00:00,selfplay_eval,2,6025,selfplay_eval,0.9050950000000437,1,76,77
2025-11-27T03:01:38.193255+00:00,selfplay_eval,2,6026,selfplay_eval,0.9050950000000437,1,89,90
2025-11-27T03:01:38.193388+00:00,selfplay_eval,2,6027,selfplay_eval,0.9050950000000437,0,91,91
2025-11-27T03:01:38.193532+00:00,selfplay_eval,2,6028,selfplay_eval,0.9050950000000437,0,91,91
2025-11-27T03:01:38.193712+00:00,selfplay_eval,2,6029,selfplay_eval,0.9050950000000437,1,90,91
2025-11-27T03:01:38.193900+00:00,selfplay_eval,2,6030,selfplay_eval,0.9050950000000437,1,91,92
2025-11-27T03:01:38.194047+00:00,selfplay_eval,2,6031,selfplay_eval,0.9050950000000437,1,72,73
2025-11-27T03:01:38.194195+00:00,selfplay_eval,2,6032,selfplay_eval,0.9050950000000437,1,97,98
2025-11-27T03:01:38.194334+00:00,selfplay_eval,2,6033,selfplay_eval,0.9050950000000437,0,82,82
2025-11-27T03:01:38.194468+00:00,selfplay_eval,2,6034,selfplay_eval,0.9050950000000437,1,86,87
2025-11-27T03:01:38.194599+00:00,selfplay_eval,2,6035,selfplay_eval,0.9050950000000437,0,83,83
2025-11-27T03:01:38.194801+00:00,selfplay_eval,2,6036,selfplay_eval,0.9050950000000437,1,72,73
2025-11-27T03:01:38.194957+00:00,selfplay_eval,2,6037,selfplay_eval,0.9050950000000437,1,94,95
2025-11-27T03:01:38.195101+00:00,selfplay_eval,2,6038,selfplay_eval,0.9050950000000437,1,81,82
2025-11-27T03:01:38.195242+00:00,selfplay_eval,2,6039,selfplay_eval,0.9050950000000437,1,79,80
2025-11-27T03:01:38.195380+00:00,selfplay_eval,2,6040,selfplay_eval,0.9050950000000437,1,95,96
2025-11-27T03:01:38.195515+00:00,selfplay_eval,2,6041,selfplay_eval,0.9050950000000437,0,85,85
2025-11-27T03:01:38.195653+00:00,selfplay_eval,2,6042,selfplay_eval,0.9050950000000437,1,90,91
2025-11-27T03:01:38.195787+00:00,selfplay_eval,2,6043,selfplay_eval,0.9050950000000437,1,92,93
2025-11-27T03:01:38.195921+00:00,selfplay_eval,2,6044,selfplay_eval,0.9050950000000437,0,81,81
2025-11-27T03:01:38.196054+00:00,selfplay_eval,2,6045,selfplay_eval,0.9050950000000437,1,89,90
2025-11-27T03:01:38.196187+00:00,selfplay_eval,2,6046,selfplay_eval,0.9050950000000437,1,93,94
2025-11-27T03:01:38.196320+00:00,selfplay_eval,2,6047,selfplay_eval,0.9050950000000437,1,92,93
2025-11-27T03:01:38.196452+00:00,selfplay_eval,2,6048,selfplay_eval,0.9050950000000437,1,94,95
2025-11-27T03:01:38.196585+00:00,selfplay_eval,2,6049,selfplay_eval,0.9050950000000437,0,86,86
2025-11-27T03:01:38.196716+00:00,selfplay_eval,2,6050,selfplay_eval,0.9050950000000437,1,89,90
2025-11-27T03:01:38.196847+00:00,selfplay_eval,2,6051,selfplay_eval,0.9050950000000437,1,84,85
2025-11-27T03:01:38.196978+00:00,selfplay_eval,2,6052,selfplay_eval,0.9050950000000437,0,91,91
2025-11-27T03:01:38.197124+00:00,selfplay_eval,2,6053,selfplay_eval,0.9050950000000437,1,94,95
2025-11-27T03:01:38.197257+00:00,selfplay_eval,2,6054,selfplay_eval,0.9050950000000437,1,98,99
2025-11-27T03:01:38.197389+00:00,selfplay_eval,2,6055,selfplay_eval,0.9050950000000437,1,98,99
2025-11-27T03:01:38.197520+00:00,selfplay_eval,2,6056,selfplay_eval,0.9050950000000437,0,93,93
2025-11-27T03:01:38.197651+00:00,selfplay_eval,2,6057,selfplay_eval,0.9050950000000437,1,91,92
2025-11-27T03:01:38.197783+00:00,selfplay_eval,2,6058,selfplay_eval,0.9050950000000437,1,93,94
2025-11-27T03:01:38.197921+00:00,selfplay_eval,2,6059,selfplay_eval,0.9050950000000437,0,99,99
2025-11-27T03:01:38.198057+00:00,selfplay_eval,2,6060,selfplay_eval,0.9050950000000437,1,96,97
2025-11-27T03:01:38.198191+00:00,selfplay_eval,2,6061,selfplay_eval,0.9050950000000437,1,92,93
2025-11-27T03:01:38.198324+00:00,selfplay_eval,2,6062,selfplay_eval,0.9050950000000437,1,85,86
2025-11-27T03:01:38.198456+00:00,selfplay_eval,2,6063,selfplay_eval,0.9050950000000437,1,88,89
2025-11-27T03:01:38.198588+00:00,selfplay_eval,2,6064,selfplay_eval,0.9050950000000437,1,89,90
2025-11-27T03:01:38.198720+00:00,selfplay_eval,2,6065,selfplay_eval,0.9050950000000437,1,93,94
2025-11-27T03:01:38.198851+00:00,selfplay_eval,2,6066,selfplay_eval,0.9050950000000437,0,88,88
2025-11-27T03:01:38.198983+00:00,selfplay_eval,2,6067,selfplay_eval,0.9050950000000437,0,96,96
2025-11-27T03:01:38.199177+00:00,selfplay_eval,2,6068,selfplay_eval,0.9050950000000437,0,92,92
2025-11-27T03:01:38.199361+00:00,selfplay_eval,2,6069,selfplay_eval,0.9050950000000437,1,93,94
2025-11-27T03:01:38.199505+00:00,selfplay_eval,2,6070,selfplay_eval,0.9050950000000437,0,90,90
2025-11-27T03:01:38.199639+00:00,selfplay_eval,2,6071,selfplay_eval,0.9050950000000437,1,93,94
2025-11-27T03:01:38.199771+00:00,selfplay_eval,2,6072,selfplay_eval,0.9050950000000437,0,92,92
2025-11-27T03:01:38.199900+00:00,selfplay_eval,2,6073,selfplay_eval,0.9050950000000437,0,86,86
2025-11-27T03:01:38.200026+00:00,selfplay_eval,2,6074,selfplay_eval,0.9050950000000437,1,83,84
2025-11-27T03:01:38.200153+00:00,selfplay_eval,2,6075,selfplay_eval,0.9050950000000437,1,99,100
2025-11-27T03:01:38.200333+00:00,selfplay_eval,2,6076,selfplay_eval,0.9050950000000437,1,94,95
2025-11-27T03:01:38.200487+00:00,selfplay_eval,2,6077,selfplay_eval,0.9050950000000437,0,94,94
2025-11-27T03:01:38.200627+00:00,selfplay_eval,2,6078,selfplay_eval,0.9050950000000437,0,99,99
2025-11-27T03:01:38.200762+00:00,selfplay_eval,2,6079,selfplay_eval,0.9050950000000437,0,82,82
2025-11-27T03:01:38.200894+00:00,selfplay_eval,2,6080,selfplay_eval,0.9050950000000437,0,85,85
2025-11-27T03:01:38.201023+00:00,selfplay_eval,2,6081,selfplay_eval,0.9050950000000437,0,98,98
2025-11-27T03:01:38.201151+00:00,selfplay_eval,2,6082,selfplay_eval,0.9050950000000437,1,84,85
2025-11-27T03:01:38.201277+00:00,selfplay_eval,2,6083,selfplay_eval,0.9050950000000437,1,99,100
2025-11-27T03:01:38.201417+00:00,selfplay_eval,2,6084,selfplay_eval,0.9050950000000437,1,92,93
2025-11-27T03:01:38.201544+00:00,selfplay_eval,2,6085,selfplay_eval,0.9050950000000437,1,73,74
2025-11-27T03:01:38.201670+00:00,selfplay_eval,2,6086,selfplay_eval,0.9050950000000437,1,86,87
2025-11-27T03:01:38.201796+00:00,selfplay_eval,2,6087,selfplay_eval,0.9050950000000437,0,94,94
2025-11-27T03:01:38.201922+00:00,selfplay_eval,2,6088,selfplay_eval,0.9050950000000437,0,98,98
2025-11-27T03:01:38.202049+00:00,selfplay_eval,2,6089,selfplay_eval,0.9050950000000437,0,92,92
2025-11-27T03:01:38.202175+00:00,selfplay_eval,2,6090,selfplay_eval,0.9050950000000437,0,97,97
2025-11-27T03:01:38.202302+00:00,selfplay_eval,2,6091,selfplay_eval,0.9050950000000437,1,94,95
2025-11-27T03:01:38.202429+00:00,selfplay_eval,2,6092,selfplay_eval,0.9050950000000437,1,85,86
2025-11-27T03:01:38.202555+00:00,selfplay_eval,2,6093,selfplay_eval,0.9050950000000437,0,95,95
2025-11-27T03:01:38.202680+00:00,selfplay_eval,2,6094,selfplay_eval,0.9050950000000437,1,90,91
2025-11-27T03:01:38.202806+00:00,selfplay_eval,2,6095,selfplay_eval,0.9050950000000437,0,97,97
2025-11-27T03:01:38.202932+00:00,selfplay_eval,2,6096,selfplay_eval,0.9050950000000437,1,97,98
2025-11-27T03:01:38.203058+00:00,selfplay_eval,2,6097,selfplay_eval,0.9050950000000437,0,93,93
2025-11-27T03:01:38.203183+00:00,selfplay_eval,2,6098,selfplay_eval,0.9050950000000437,1,92,93
2025-11-27T03:01:38.203307+00:00,selfplay_eval,2,6099,selfplay_eval,0.9050950000000437,0,97,97
2025-11-27T03:01:38.203433+00:00,selfplay_eval,2,6100,selfplay_eval,0.9050950000000437,1,89,90
2025-11-27T03:01:38.203559+00:00,selfplay_eval,2,6101,selfplay_eval,0.9050950000000437,1,95,96
2025-11-27T03:01:38.203685+00:00,selfplay_eval,2,6102,selfplay_eval,0.9050950000000437,0,94,94
2025-11-27T03:01:38.203810+00:00,selfplay_eval,2,6103,selfplay_eval,0.9050950000000437,1,95,96
2025-11-27T03:01:38.203935+00:00,selfplay_eval,2,6104,selfplay_eval,0.9050950000000437,1,91,92
2025-11-27T03:01:38.204060+00:00,selfplay_eval,2,6105,selfplay_eval,0.9050950000000437,1,88,89
2025-11-27T03:01:38.204185+00:00,selfplay_eval,2,6106,selfplay_eval,0.9050950000000437,1,92,93
2025-11-27T03:01:38.204310+00:00,selfplay_eval,2,6107,selfplay_eval,0.9050950000000437,0,70,70
2025-11-27T03:01:38.204434+00:00,selfplay_eval,2,6108,selfplay_eval,0.9050950000000437,1,97,98
2025-11-27T03:01:38.204560+00:00,selfplay_eval,2,6109,selfplay_eval,0.9050950000000437,0,98,98
2025-11-27T03:01:38.204684+00:00,selfplay_eval,2,6110,selfplay_eval,0.9050950000000437,1,87,88
2025-11-27T03:01:38.204812+00:00,selfplay_eval,2,6111,selfplay_eval,0.9050950000000437,1,96,97
2025-11-27T03:01:38.204939+00:00,selfplay_eval,2,6112,selfplay_eval,0.9050950000000437,1,89,90
2025-11-27T03:01:38.205064+00:00,selfplay_eval,2,6113,selfplay_eval,0.9050950000000437,0,97,97
2025-11-27T03:01:38.205190+00:00,selfplay_eval,2,6114,selfplay_eval,0.9050950000000437,1,91,92
2025-11-27T03:01:38.205315+00:00,selfplay_eval,2,6115,selfplay_eval,0.9050950000000437,1,95,96
2025-11-27T03:01:38.205460+00:00,selfplay_eval,2,6116,selfplay_eval,0.9050950000000437,1,83,84
2025-11-27T03:01:38.205582+00:00,selfplay_eval,2,6117,selfplay_eval,0.9050950000000437,0,97,97
2025-11-27T03:01:38.205703+00:00,selfplay_eval,2,6118,selfplay_eval,0.9050950000000437,1,95,96
2025-11-27T03:01:38.205825+00:00,selfplay_eval,2,6119,selfplay_eval,0.9050950000000437,1,88,89
2025-11-27T03:01:38.205946+00:00,selfplay_eval,2,6120,selfplay_eval,0.9050950000000437,0,91,91
2025-11-27T03:01:38.206067+00:00,selfplay_eval,2,6121,selfplay_eval,0.9050950000000437,0,96,96
2025-11-27T03:01:38.206188+00:00,selfplay_eval,2,6122,selfplay_eval,0.9050950000000437,0,87,87
2025-11-27T03:01:38.206310+00:00,selfplay_eval,2,6123,selfplay_eval,0.9050950000000437,1,96,97
2025-11-27T03:01:38.206445+00:00,selfplay_eval,2,6124,selfplay_eval,0.9050950000000437,1,94,95
2025-11-27T03:01:38.206563+00:00,selfplay_eval,2,6125,selfplay_eval,0.9050950000000437,0,96,96
2025-11-27T03:01:38.206681+00:00,selfplay_eval,2,6126,selfplay_eval,0.9050950000000437,0,88,88
2025-11-27T03:01:38.206799+00:00,selfplay_eval,2,6127,selfplay_eval,0.9050950000000437,0,87,87
2025-11-27T03:01:38.206918+00:00,selfplay_eval,2,6128,selfplay_eval,0.9050950000000437,0,90,90
2025-11-27T03:01:38.207036+00:00,selfplay_eval,2,6129,selfplay_eval,0.9050950000000437,1,93,94
2025-11-27T03:01:38.207153+00:00,selfplay_eval,2,6130,selfplay_eval,0.9050950000000437,1,95,96
2025-11-27T03:01:38.207271+00:00,selfplay_eval,2,6131,selfplay_eval,0.9050950000000437,1,98,99
2025-11-27T03:01:38.207389+00:00,selfplay_eval,2,6132,selfplay_eval,0.9050950000000437,0,98,98
2025-11-27T03:01:38.207521+00:00,selfplay_eval,2,6133,selfplay_eval,0.9050950000000437,1,97,98
2025-11-27T03:01:38.207636+00:00,selfplay_eval,2,6134,selfplay_eval,0.9050950000000437,0,94,94
2025-11-27T03:01:38.207751+00:00,selfplay_eval,2,6135,selfplay_eval,0.9050950000000437,1,92,93
2025-11-27T03:01:38.207866+00:00,selfplay_eval,2,6136,selfplay_eval,0.9050950000000437,1,97,98
2025-11-27T03:01:38.207980+00:00,selfplay_eval,2,6137,selfplay_eval,0.9050950000000437,0,93,93
2025-11-27T03:01:38.208097+00:00,selfplay_eval,2,6138,selfplay_eval,0.9050950000000437,1,93,94
2025-11-27T03:01:38.208216+00:00,selfplay_eval,2,6139,selfplay_eval,0.9050950000000437,1,96,97
2025-11-27T03:01:38.208331+00:00,selfplay_eval,2,6140,selfplay_eval,0.9050950000000437,0,94,94
2025-11-27T03:01:38.208446+00:00,selfplay_eval,2,6141,selfplay_eval,0.9050950000000437,1,90,91
2025-11-27T03:01:38.208573+00:00,selfplay_eval,2,6142,selfplay_eval,0.9050950000000437,0,80,80
2025-11-27T03:01:38.208686+00:00,selfplay_eval,2,6143,selfplay_eval,0.9050950000000437,0,95,95
2025-11-27T03:01:38.208798+00:00,selfplay_eval,2,6144,selfplay_eval,0.9050950000000437,1,89,90
2025-11-27T03:01:38.208910+00:00,selfplay_eval,2,6145,selfplay_eval,0.9050950000000437,1,94,95
2025-11-27T03:01:38.209021+00:00,selfplay_eval,2,6146,selfplay_eval,0.9050950000000437,1,95,96
2025-11-27T03:01:38.209134+00:00,selfplay_eval,2,6147,selfplay_eval,0.9050950000000437,1,84,85
2025-11-27T03:01:38.209245+00:00,selfplay_eval,2,6148,selfplay_eval,0.9050950000000437,1,90,91
2025-11-27T03:01:38.209357+00:00,selfplay_eval,2,6149,selfplay_eval,0.9050950000000437,1,96,97
2025-11-27T03:01:38.209480+00:00,selfplay_eval,2,6150,selfplay_eval,0.9050950000000437,1,87,88
2025-11-27T03:01:38.209588+00:00,selfplay_eval,2,6151,selfplay_eval,0.9050950000000437,1,87,88
2025-11-27T03:01:38.209696+00:00,selfplay_eval,2,6152,selfplay_eval,0.9050950000000437,1,97,98
2025-11-27T03:01:38.209806+00:00,selfplay_eval,2,6153,selfplay_eval,0.9050950000000437,1,94,95
2025-11-27T03:01:38.209916+00:00,selfplay_eval,2,6154,selfplay_eval,0.9050950000000437,1,92,93
2025-11-27T03:01:38.210025+00:00,selfplay_eval,2,6155,selfplay_eval,0.9050950000000437,1,94,95
2025-11-27T03:01:38.210138+00:00,selfplay_eval,2,6156,selfplay_eval,0.9050950000000437,0,87,87
2025-11-27T03:01:38.210248+00:00,selfplay_eval,2,6157,selfplay_eval,0.9050950000000437,1,94,95
2025-11-27T03:01:38.210358+00:00,selfplay_eval,2,6158,selfplay_eval,0.9050950000000437,1,96,97
2025-11-27T03:01:38.210481+00:00,selfplay_eval,2,6159,selfplay_eval,0.9050950000000437,0,87,87
2025-11-27T03:01:38.210588+00:00,selfplay_eval,2,6160,selfplay_eval,0.9050950000000437,0,96,96
2025-11-27T03:01:38.210695+00:00,selfplay_eval,2,6161,selfplay_eval,0.9050950000000437,1,92,93
2025-11-27T03:01:38.210801+00:00,selfplay_eval,2,6162,selfplay_eval,0.9050950000000437,1,90,91
2025-11-27T03:01:38.210906+00:00,selfplay_eval,2,6163,selfplay_eval,0.9050950000000437,0,88,88
2025-11-27T03:01:38.211012+00:00,selfplay_eval,2,6164,selfplay_eval,0.9050950000000437,1,92,93
2025-11-27T03:01:38.211118+00:00,selfplay_eval,2,6165,selfplay_eval,0.9050950000000437,1,88,89
2025-11-27T03:01:38.211226+00:00,selfplay_eval,2,6166,selfplay_eval,0.9050950000000437,0,81,81
2025-11-27T03:01:38.211356+00:00,selfplay_eval,2,6167,selfplay_eval,0.9050950000000437,0,89,89
2025-11-27T03:01:38.211471+00:00,selfplay_eval,2,6168,selfplay_eval,0.9050950000000437,1,94,95
2025-11-27T03:01:38.211589+00:00,selfplay_eval,2,6169,selfplay_eval,0.9050950000000437,0,79,79
2025-11-27T03:01:38.211693+00:00,selfplay_eval,2,6170,selfplay_eval,0.9050950000000437,0,88,88
2025-11-27T03:01:38.211796+00:00,selfplay_eval,2,6171,selfplay_eval,0.9050950000000437,0,91,91
2025-11-27T03:01:38.211899+00:00,selfplay_eval,2,6172,selfplay_eval,0.9050950000000437,1,89,90
2025-11-27T03:01:38.212002+00:00,selfplay_eval,2,6173,selfplay_eval,0.9050950000000437,0,94,94
2025-11-27T03:01:38.212106+00:00,selfplay_eval,2,6174,selfplay_eval,0.9050950000000437,0,98,98
2025-11-27T03:01:38.212209+00:00,selfplay_eval,2,6175,selfplay_eval,0.9050950000000437,0,95,95
2025-11-27T03:01:38.212312+00:00,selfplay_eval,2,6176,selfplay_eval,0.9050950000000437,1,95,96
2025-11-27T03:01:38.212415+00:00,selfplay_eval,2,6177,selfplay_eval,0.9050950000000437,1,86,87
2025-11-27T03:01:38.212518+00:00,selfplay_eval,2,6178,selfplay_eval,0.9050950000000437,0,98,98
2025-11-27T03:01:38.212622+00:00,selfplay_eval,2,6179,selfplay_eval,0.9050950000000437,1,89,90
2025-11-27T03:01:38.212726+00:00,selfplay_eval,2,6180,selfplay_eval,0.9050950000000437,0,84,84
2025-11-27T03:01:38.212829+00:00,selfplay_eval,2,6181,selfplay_eval,0.9050950000000437,1,95,96
2025-11-27T03:01:38.212932+00:00,selfplay_eval,2,6182,selfplay_eval,0.9050950000000437,0,95,95
2025-11-27T03:01:38.213035+00:00,selfplay_eval,2,6183,selfplay_eval,0.9050950000000437,0,93,93
2025-11-27T03:01:38.213139+00:00,selfplay_eval,2,6184,selfplay_eval,0.9050950000000437,1,83,84
2025-11-27T03:01:38.213242+00:00,selfplay_eval,2,6185,selfplay_eval,0.9050950000000437,0,94,94
2025-11-27T03:01:38.213346+00:00,selfplay_eval,2,6186,selfplay_eval,0.9050950000000437,1,93,94
2025-11-27T03:01:38.213449+00:00,selfplay_eval,2,6187,selfplay_eval,0.9050950000000437,0,96,96
2025-11-27T03:01:38.213552+00:00,selfplay_eval,2,6188,selfplay_eval,0.9050950000000437,1,84,85
2025-11-27T03:01:38.213655+00:00,selfplay_eval,2,6189,selfplay_eval,0.9050950000000437,0,93,93
2025-11-27T03:01:38.213758+00:00,selfplay_eval,2,6190,selfplay_eval,0.9050950000000437,0,96,96
2025-11-27T03:01:38.213861+00:00,selfplay_eval,2,6191,selfplay_eval,0.9050950000000437,0,97,97
2025-11-27T03:01:38.213964+00:00,selfplay_eval,2,6192,selfplay_eval,0.9050950000000437,1,95,96
2025-11-27T03:01:38.214110+00:00,selfplay_eval,2,6193,selfplay_eval,0.9050950000000437,0,90,90
2025-11-27T03:01:38.214234+00:00,selfplay_eval,2,6194,selfplay_eval,0.9050950000000437,0,79,79
2025-11-27T03:01:38.214396+00:00,selfplay_eval,2,6195,selfplay_eval,0.9050950000000437,0,91,91
2025-11-27T03:01:38.214524+00:00,selfplay_eval,2,6196,selfplay_eval,0.9050950000000437,1,97,98
2025-11-27T03:01:38.214639+00:00,selfplay_eval,2,6197,selfplay_eval,0.9050950000000437,1,90,91
2025-11-27T03:01:38.214749+00:00,selfplay_eval,2,6198,selfplay_eval,0.9050950000000437,0,76,76
2025-11-27T03:01:38.214857+00:00,selfplay_eval,2,6199,selfplay_eval,0.9050950000000437,1,93,94
2025-11-27T03:01:38.214964+00:00,selfplay_eval,2,6200,selfplay_eval,0.9050950000000437,1,95,96
