timestamp,phase,round,episode,opponent,epsilon,outcome,moves,win_rate,baseline_win_rate
2025-11-27T00:38:25.139323+00:00,run_start,0,0,,1.0,,,,
2025-11-27T00:38:36.157813+00:00,train,1,1,self,1.0,0,88,,
2025-11-27T00:38:36.158086+00:00,train,1,2,self,1.0,0,98,,
2025-11-27T00:38:36.158439+00:00,train,1,3,self,1.0,0,98,,
2025-11-27T00:38:36.158624+00:00,train,1,4,self,1.0,0,98,,
2025-11-27T00:38:36.158806+00:00,train,1,5,self,1.0,0,95,,
2025-11-27T00:38:36.158980+00:00,train,1,6,self,1.0,0,99,,
2025-11-27T00:38:36.159149+00:00,train,1,7,self,1.0,0,91,,
2025-11-27T00:38:36.159370+00:00,train,1,8,self,1.0,0,100,,
2025-11-27T00:38:36.159585+00:00,train,1,9,self,1.0,0,91,,
2025-11-27T00:38:36.159755+00:00,train,1,10,self,1.0,0,94,,
2025-11-27T00:38:36.159915+00:00,train,1,11,self,1.0,0,94,,
2025-11-27T00:38:36.160076+00:00,train,1,12,self,1.0,0,98,,
2025-11-27T00:38:36.160228+00:00,train,1,13,self,1.0,0,98,,
2025-11-27T00:38:36.160380+00:00,train,1,14,self,1.0,0,99,,
2025-11-27T00:38:36.160531+00:00,train,1,15,self,1.0,0,93,,
2025-11-27T00:38:36.160699+00:00,train,1,16,self,1.0,0,94,,
2025-11-27T00:38:36.160866+00:00,train,1,17,self,1.0,0,84,,
2025-11-27T00:38:36.161020+00:00,train,1,18,self,1.0,0,85,,
2025-11-27T00:38:36.161169+00:00,train,1,19,self,1.0,0,90,,
2025-11-27T00:38:36.161315+00:00,train,1,20,self,1.0,0,99,,
2025-11-27T00:38:36.161461+00:00,train,1,21,self,1.0,0,88,,
2025-11-27T00:38:36.161606+00:00,train,1,22,self,1.0,0,100,,
2025-11-27T00:38:36.161752+00:00,train,1,23,self,1.0,0,94,,
2025-11-27T00:38:36.161897+00:00,train,1,24,self,1.0,0,97,,
2025-11-27T00:38:36.162043+00:00,train,1,25,self,1.0,0,95,,
2025-11-27T00:38:36.162189+00:00,train,1,26,self,1.0,0,100,,
2025-11-27T00:38:36.162334+00:00,train,1,27,self,1.0,0,85,,
2025-11-27T00:38:36.162478+00:00,train,1,28,self,1.0,0,93,,
2025-11-27T00:38:36.162622+00:00,train,1,29,self,1.0,0,96,,
2025-11-27T00:38:36.162780+00:00,train,1,30,self,1.0,0,100,,
2025-11-27T00:38:36.162919+00:00,train,1,31,self,1.0,0,99,,
2025-11-27T00:38:36.163061+00:00,train,1,32,self,1.0,0,99,,
2025-11-27T00:38:36.163201+00:00,train,1,33,self,1.0,0,87,,
2025-11-27T00:38:36.163350+00:00,train,1,34,self,1.0,0,98,,
2025-11-27T00:38:36.163490+00:00,train,1,35,self,1.0,0,93,,
2025-11-27T00:38:36.163630+00:00,train,1,36,self,1.0,0,100,,
2025-11-27T00:38:36.163770+00:00,train,1,37,self,1.0,0,95,,
2025-11-27T00:38:36.163909+00:00,train,1,38,self,1.0,0,99,,
2025-11-27T00:38:36.164048+00:00,train,1,39,self,1.0,0,90,,
2025-11-27T00:38:36.164188+00:00,train,1,40,self,1.0,0,97,,
2025-11-27T00:38:36.164328+00:00,train,1,41,self,1.0,0,99,,
2025-11-27T00:38:36.164467+00:00,train,1,42,self,1.0,0,100,,
2025-11-27T00:38:36.164606+00:00,train,1,43,self,1.0,0,97,,
2025-11-27T00:38:36.164746+00:00,train,1,44,self,1.0,0,99,,
2025-11-27T00:38:36.164885+00:00,train,1,45,self,1.0,0,99,,
2025-11-27T00:38:36.165024+00:00,train,1,46,self,1.0,0,100,,
2025-11-27T00:38:36.165164+00:00,train,1,47,self,1.0,0,95,,
2025-11-27T00:38:36.165302+00:00,train,1,48,self,1.0,0,98,,
2025-11-27T00:38:36.165443+00:00,train,1,49,self,1.0,0,100,,
2025-11-27T00:38:36.165583+00:00,train,1,50,self,1.0,0,100,,
2025-11-27T00:38:36.165722+00:00,train,1,51,self,1.0,0,95,,
2025-11-27T00:38:36.165860+00:00,train,1,52,self,1.0,0,96,,
2025-11-27T00:38:36.165999+00:00,train,1,53,self,1.0,0,99,,
2025-11-27T00:38:36.166138+00:00,train,1,54,self,1.0,0,100,,
2025-11-27T00:38:36.166278+00:00,train,1,55,self,1.0,0,99,,
2025-11-27T00:38:36.166417+00:00,train,1,56,self,1.0,0,100,,
2025-11-27T00:38:36.166557+00:00,train,1,57,self,1.0,0,97,,
2025-11-27T00:38:36.166697+00:00,train,1,58,self,1.0,0,100,,
2025-11-27T00:38:36.166837+00:00,train,1,59,self,1.0,0,91,,
2025-11-27T00:38:36.166976+00:00,train,1,60,self,1.0,0,98,,
2025-11-27T00:38:36.167117+00:00,train,1,61,self,1.0,0,93,,
2025-11-27T00:38:36.167257+00:00,train,1,62,self,1.0,0,97,,
2025-11-27T00:38:36.167397+00:00,train,1,63,self,1.0,0,96,,
2025-11-27T00:38:36.167537+00:00,train,1,64,self,1.0,0,100,,
2025-11-27T00:38:36.167677+00:00,train,1,65,self,1.0,0,96,,
2025-11-27T00:38:36.167919+00:00,train,1,66,self,1.0,0,96,,
2025-11-27T00:38:36.168063+00:00,train,1,67,self,1.0,0,94,,
2025-11-27T00:38:36.168287+00:00,train,1,68,self,1.0,0,98,,
2025-11-27T00:38:36.168489+00:00,train,1,69,self,1.0,0,97,,
2025-11-27T00:38:36.168651+00:00,train,1,70,self,1.0,0,98,,
2025-11-27T00:38:36.168804+00:00,train,1,71,self,1.0,0,89,,
2025-11-27T00:38:36.168954+00:00,train,1,72,self,1.0,0,95,,
2025-11-27T00:38:36.169101+00:00,train,1,73,self,1.0,0,83,,
2025-11-27T00:38:36.169246+00:00,train,1,74,self,1.0,0,100,,
2025-11-27T00:38:36.169397+00:00,train,1,75,self,1.0,0,89,,
2025-11-27T00:38:36.169544+00:00,train,1,76,self,1.0,0,96,,
2025-11-27T00:38:36.169688+00:00,train,1,77,self,1.0,0,97,,
2025-11-27T00:38:36.169831+00:00,train,1,78,self,1.0,0,97,,
2025-11-27T00:38:36.169973+00:00,train,1,79,self,1.0,0,96,,
2025-11-27T00:38:36.170115+00:00,train,1,80,self,1.0,0,99,,
2025-11-27T00:38:36.170258+00:00,train,1,81,self,1.0,0,98,,
2025-11-27T00:38:36.170401+00:00,train,1,82,self,1.0,0,100,,
2025-11-27T00:38:36.170556+00:00,train,1,83,self,1.0,0,92,,
2025-11-27T00:38:36.170700+00:00,train,1,84,self,1.0,0,93,,
2025-11-27T00:38:36.170842+00:00,train,1,85,self,1.0,0,95,,
2025-11-27T00:38:36.170985+00:00,train,1,86,self,1.0,0,97,,
2025-11-27T00:38:36.171128+00:00,train,1,87,self,1.0,0,90,,
2025-11-27T00:38:36.171270+00:00,train,1,88,self,1.0,0,99,,
2025-11-27T00:38:36.171412+00:00,train,1,89,self,1.0,0,96,,
2025-11-27T00:38:36.171553+00:00,train,1,90,self,1.0,0,99,,
2025-11-27T00:38:36.171699+00:00,train,1,91,self,1.0,0,96,,
2025-11-27T00:38:36.171842+00:00,train,1,92,self,1.0,0,99,,
2025-11-27T00:38:36.171985+00:00,train,1,93,self,1.0,0,96,,
2025-11-27T00:38:36.172127+00:00,train,1,94,self,1.0,0,100,,
2025-11-27T00:38:36.172274+00:00,train,1,95,self,1.0,0,78,,
2025-11-27T00:38:36.172417+00:00,train,1,96,self,1.0,0,100,,
2025-11-27T00:38:36.172559+00:00,train,1,97,self,1.0,0,97,,
2025-11-27T00:38:36.172702+00:00,train,1,98,self,1.0,0,98,,
2025-11-27T00:38:36.172844+00:00,train,1,99,self,1.0,0,72,,
2025-11-27T00:38:36.172986+00:00,train,1,100,self,1.0,0,97,,
2025-11-27T00:38:36.173127+00:00,train,1,101,self,1.0,0,96,,
2025-11-27T00:38:36.173274+00:00,train,1,102,self,1.0,0,99,,
2025-11-27T00:38:36.173417+00:00,train,1,103,self,1.0,0,90,,
2025-11-27T00:38:36.173560+00:00,train,1,104,self,1.0,0,98,,
2025-11-27T00:38:36.173701+00:00,train,1,105,self,1.0,0,85,,
2025-11-27T00:38:36.173843+00:00,train,1,106,self,1.0,0,100,,
2025-11-27T00:38:36.173985+00:00,train,1,107,self,1.0,0,95,,
2025-11-27T00:38:36.174127+00:00,train,1,108,self,1.0,0,97,,
2025-11-27T00:38:36.174268+00:00,train,1,109,self,1.0,0,99,,
2025-11-27T00:38:36.174410+00:00,train,1,110,self,1.0,0,99,,
2025-11-27T00:38:36.174553+00:00,train,1,111,self,1.0,0,95,,
2025-11-27T00:38:36.174695+00:00,train,1,112,self,1.0,0,99,,
2025-11-27T00:38:36.174837+00:00,train,1,113,self,1.0,0,99,,
2025-11-27T00:38:36.174979+00:00,train,1,114,self,1.0,0,100,,
2025-11-27T00:38:36.175121+00:00,train,1,115,self,1.0,0,72,,
2025-11-27T00:38:36.175263+00:00,train,1,116,self,1.0,0,99,,
2025-11-27T00:38:36.175404+00:00,train,1,117,self,1.0,0,92,,
2025-11-27T00:38:36.175546+00:00,train,1,118,self,1.0,0,100,,
2025-11-27T00:38:36.175688+00:00,train,1,119,self,1.0,0,96,,
2025-11-27T00:38:36.175830+00:00,train,1,120,self,1.0,0,97,,
2025-11-27T00:38:36.175974+00:00,train,1,121,self,1.0,0,84,,
2025-11-27T00:38:36.176116+00:00,train,1,122,self,1.0,0,91,,
2025-11-27T00:38:36.176257+00:00,train,1,123,self,1.0,0,84,,
2025-11-27T00:38:36.176398+00:00,train,1,124,self,1.0,0,100,,
2025-11-27T00:38:36.176540+00:00,train,1,125,self,1.0,0,94,,
2025-11-27T00:38:36.176682+00:00,train,1,126,self,1.0,0,100,,
2025-11-27T00:38:36.176825+00:00,train,1,127,self,1.0,0,98,,
2025-11-27T00:38:36.176967+00:00,train,1,128,self,1.0,0,99,,
2025-11-27T00:38:36.177109+00:00,train,1,129,self,1.0,0,96,,
2025-11-27T00:38:36.177252+00:00,train,1,130,self,1.0,0,96,,
2025-11-27T00:38:36.177393+00:00,train,1,131,self,1.0,0,93,,
2025-11-27T00:38:36.177536+00:00,train,1,132,self,1.0,0,98,,
2025-11-27T00:38:36.177763+00:00,train,1,133,self,1.0,0,97,,
2025-11-27T00:38:36.177920+00:00,train,1,134,self,1.0,0,99,,
2025-11-27T00:38:36.178071+00:00,train,1,135,self,1.0,0,98,,
2025-11-27T00:38:36.178223+00:00,train,1,136,self,1.0,0,100,,
2025-11-27T00:38:36.178374+00:00,train,1,137,self,1.0,0,97,,
2025-11-27T00:38:36.178525+00:00,train,1,138,self,1.0,0,99,,
2025-11-27T00:38:36.178730+00:00,train,1,139,self,1.0,0,94,,
2025-11-27T00:38:36.178929+00:00,train,1,140,self,1.0,0,94,,
2025-11-27T00:38:36.179095+00:00,train,1,141,self,1.0,0,96,,
2025-11-27T00:38:36.179254+00:00,train,1,142,self,1.0,0,99,,
2025-11-27T00:38:36.179408+00:00,train,1,143,self,1.0,0,97,,
2025-11-27T00:38:36.179560+00:00,train,1,144,self,1.0,0,98,,
2025-11-27T00:38:36.179709+00:00,train,1,145,self,1.0,0,94,,
2025-11-27T00:38:36.179858+00:00,train,1,146,self,1.0,0,96,,
2025-11-27T00:38:36.180010+00:00,train,1,147,self,1.0,0,95,,
2025-11-27T00:38:36.180159+00:00,train,1,148,self,1.0,0,100,,
2025-11-27T00:38:36.180306+00:00,train,1,149,self,1.0,0,93,,
2025-11-27T00:38:36.180454+00:00,train,1,150,self,1.0,0,100,,
2025-11-27T00:38:36.180600+00:00,train,1,151,self,1.0,0,92,,
2025-11-27T00:38:36.180746+00:00,train,1,152,self,1.0,0,100,,
2025-11-27T00:38:36.180891+00:00,train,1,153,self,1.0,0,96,,
2025-11-27T00:38:36.181038+00:00,train,1,154,self,1.0,0,100,,
2025-11-27T00:38:36.181183+00:00,train,1,155,self,1.0,0,89,,
2025-11-27T00:38:36.181330+00:00,train,1,156,self,1.0,0,98,,
2025-11-27T00:38:36.181477+00:00,train,1,157,self,1.0,0,99,,
2025-11-27T00:38:36.181622+00:00,train,1,158,self,1.0,0,100,,
2025-11-27T00:38:36.181768+00:00,train,1,159,self,1.0,0,96,,
2025-11-27T00:38:36.181915+00:00,train,1,160,self,1.0,0,100,,
2025-11-27T00:38:36.182061+00:00,train,1,161,self,1.0,0,95,,
2025-11-27T00:38:36.182206+00:00,train,1,162,self,1.0,0,97,,
2025-11-27T00:38:36.182352+00:00,train,1,163,self,1.0,0,98,,
2025-11-27T00:38:36.182499+00:00,train,1,164,self,1.0,0,100,,
2025-11-27T00:38:36.182644+00:00,train,1,165,self,1.0,0,91,,
2025-11-27T00:38:36.182791+00:00,train,1,166,self,1.0,0,95,,
2025-11-27T00:38:36.182937+00:00,train,1,167,self,1.0,0,93,,
2025-11-27T00:38:36.183082+00:00,train,1,168,self,1.0,0,99,,
2025-11-27T00:38:36.183229+00:00,train,1,169,self,1.0,0,87,,
2025-11-27T00:38:36.183375+00:00,train,1,170,self,1.0,0,97,,
2025-11-27T00:38:36.183520+00:00,train,1,171,self,1.0,0,90,,
2025-11-27T00:38:36.183666+00:00,train,1,172,self,1.0,0,100,,
2025-11-27T00:38:36.183825+00:00,train,1,173,self,1.0,0,97,,
2025-11-27T00:38:36.183966+00:00,train,1,174,self,1.0,0,99,,
2025-11-27T00:38:36.184107+00:00,train,1,175,self,1.0,0,94,,
2025-11-27T00:38:36.184247+00:00,train,1,176,self,1.0,0,100,,
2025-11-27T00:38:36.184388+00:00,train,1,177,self,1.0,0,92,,
2025-11-27T00:38:36.184530+00:00,train,1,178,self,1.0,0,100,,
2025-11-27T00:38:36.184670+00:00,train,1,179,self,1.0,0,92,,
2025-11-27T00:38:36.184811+00:00,train,1,180,self,1.0,0,97,,
2025-11-27T00:38:36.184952+00:00,train,1,181,self,1.0,0,91,,
2025-11-27T00:38:36.185093+00:00,train,1,182,self,1.0,0,97,,
2025-11-27T00:38:36.185233+00:00,train,1,183,self,1.0,0,92,,
2025-11-27T00:38:36.185374+00:00,train,1,184,self,1.0,0,94,,
2025-11-27T00:38:36.185516+00:00,train,1,185,self,1.0,0,99,,
2025-11-27T00:38:36.185658+00:00,train,1,186,self,1.0,0,99,,
2025-11-27T00:38:36.185798+00:00,train,1,187,self,1.0,0,92,,
2025-11-27T00:38:36.185939+00:00,train,1,188,self,1.0,0,99,,
2025-11-27T00:38:36.186081+00:00,train,1,189,self,1.0,0,92,,
2025-11-27T00:38:36.186221+00:00,train,1,190,self,1.0,0,97,,
2025-11-27T00:38:36.186362+00:00,train,1,191,self,1.0,0,95,,
2025-11-27T00:38:36.186502+00:00,train,1,192,self,1.0,0,100,,
2025-11-27T00:38:36.186641+00:00,train,1,193,self,1.0,0,99,,
2025-11-27T00:38:36.186794+00:00,train,1,194,self,1.0,0,100,,
2025-11-27T00:38:36.186930+00:00,train,1,195,self,1.0,0,88,,
2025-11-27T00:38:36.187066+00:00,train,1,196,self,1.0,0,91,,
2025-11-27T00:38:36.187202+00:00,train,1,197,self,1.0,0,95,,
2025-11-27T00:38:36.187338+00:00,train,1,198,self,1.0,0,99,,
2025-11-27T00:38:36.187524+00:00,train,1,199,self,1.0,0,95,,
2025-11-27T00:38:36.187664+00:00,train,1,200,self,1.0,0,100,,
2025-11-27T00:38:36.187802+00:00,train,1,201,self,1.0,0,98,,
2025-11-27T00:38:36.187943+00:00,train,1,202,self,1.0,0,100,,
2025-11-27T00:38:36.188081+00:00,train,1,203,self,1.0,0,98,,
2025-11-27T00:38:36.188219+00:00,train,1,204,self,1.0,0,100,,
2025-11-27T00:38:36.188356+00:00,train,1,205,self,1.0,0,99,,
2025-11-27T00:38:36.188493+00:00,train,1,206,self,1.0,0,100,,
2025-11-27T00:38:36.188630+00:00,train,1,207,self,1.0,0,84,,
2025-11-27T00:38:36.188771+00:00,train,1,208,self,1.0,0,100,,
2025-11-27T00:38:36.188908+00:00,train,1,209,self,1.0,0,90,,
2025-11-27T00:38:36.189050+00:00,train,1,210,self,1.0,0,100,,
2025-11-27T00:38:36.189187+00:00,train,1,211,self,1.0,0,94,,
2025-11-27T00:38:36.189324+00:00,train,1,212,self,1.0,0,97,,
2025-11-27T00:38:36.189460+00:00,train,1,213,self,1.0,0,93,,
2025-11-27T00:38:36.189598+00:00,train,1,214,self,1.0,0,96,,
2025-11-27T00:38:36.189747+00:00,train,1,215,self,1.0,0,92,,
2025-11-27T00:38:36.189880+00:00,train,1,216,self,1.0,0,93,,
2025-11-27T00:38:36.190013+00:00,train,1,217,self,1.0,0,89,,
2025-11-27T00:38:36.190146+00:00,train,1,218,self,1.0,0,97,,
2025-11-27T00:38:36.190281+00:00,train,1,219,self,1.0,0,92,,
2025-11-27T00:38:36.190412+00:00,train,1,220,self,1.0,0,100,,
2025-11-27T00:38:36.190544+00:00,train,1,221,self,1.0,0,94,,
2025-11-27T00:38:36.190676+00:00,train,1,222,self,1.0,0,96,,
2025-11-27T00:38:36.190808+00:00,train,1,223,self,1.0,0,97,,
2025-11-27T00:38:36.190940+00:00,train,1,224,self,1.0,0,99,,
2025-11-27T00:38:36.191073+00:00,train,1,225,self,1.0,0,97,,
2025-11-27T00:38:36.191205+00:00,train,1,226,self,1.0,0,98,,
2025-11-27T00:38:36.191337+00:00,train,1,227,self,1.0,0,96,,
2025-11-27T00:38:36.191469+00:00,train,1,228,self,1.0,0,99,,
2025-11-27T00:38:36.191601+00:00,train,1,229,self,1.0,0,68,,
2025-11-27T00:38:36.191733+00:00,train,1,230,self,1.0,0,93,,
2025-11-27T00:38:36.191865+00:00,train,1,231,self,1.0,0,90,,
2025-11-27T00:38:36.191997+00:00,train,1,232,self,1.0,0,96,,
2025-11-27T00:38:36.192129+00:00,train,1,233,self,1.0,0,87,,
2025-11-27T00:38:36.192262+00:00,train,1,234,self,1.0,0,99,,
2025-11-27T00:38:36.192395+00:00,train,1,235,self,1.0,0,98,,
2025-11-27T00:38:36.192527+00:00,train,1,236,self,1.0,0,100,,
2025-11-27T00:38:36.192659+00:00,train,1,237,self,1.0,0,93,,
2025-11-27T00:38:36.192791+00:00,train,1,238,self,1.0,0,95,,
2025-11-27T00:38:36.192923+00:00,train,1,239,self,1.0,0,96,,
2025-11-27T00:38:36.193056+00:00,train,1,240,self,1.0,0,99,,
2025-11-27T00:38:36.193188+00:00,train,1,241,self,1.0,0,78,,
2025-11-27T00:38:36.193321+00:00,train,1,242,self,1.0,0,97,,
2025-11-27T00:38:36.193453+00:00,train,1,243,self,1.0,0,92,,
2025-11-27T00:38:36.193585+00:00,train,1,244,self,1.0,0,93,,
2025-11-27T00:38:36.193718+00:00,train,1,245,self,1.0,0,96,,
2025-11-27T00:38:36.193851+00:00,train,1,246,self,1.0,0,100,,
2025-11-27T00:38:36.193984+00:00,train,1,247,self,1.0,0,79,,
2025-11-27T00:38:36.194117+00:00,train,1,248,self,1.0,0,100,,
2025-11-27T00:38:36.194249+00:00,train,1,249,self,1.0,0,95,,
2025-11-27T00:38:36.194382+00:00,train,1,250,self,1.0,0,99,,
2025-11-27T00:38:36.194515+00:00,train,1,251,self,1.0,0,95,,
2025-11-27T00:38:36.194647+00:00,train,1,252,self,1.0,0,99,,
2025-11-27T00:38:36.194778+00:00,train,1,253,self,1.0,0,81,,
2025-11-27T00:38:36.194911+00:00,train,1,254,self,1.0,0,94,,
2025-11-27T00:38:36.195043+00:00,train,1,255,self,1.0,0,98,,
2025-11-27T00:38:36.195175+00:00,train,1,256,self,1.0,0,99,,
2025-11-27T00:38:36.195307+00:00,train,1,257,self,1.0,0,94,,
2025-11-27T00:38:36.195440+00:00,train,1,258,self,1.0,0,97,,
2025-11-27T00:38:36.195572+00:00,train,1,259,self,1.0,0,90,,
2025-11-27T00:38:36.195705+00:00,train,1,260,self,1.0,0,97,,
2025-11-27T00:38:36.195838+00:00,train,1,261,self,1.0,0,95,,
2025-11-27T00:38:36.195970+00:00,train,1,262,self,1.0,0,100,,
2025-11-27T00:38:36.196103+00:00,train,1,263,self,1.0,0,100,,
2025-11-27T00:38:36.196280+00:00,train,1,264,self,1.0,0,100,,
2025-11-27T00:38:36.196414+00:00,train,1,265,self,1.0,0,96,,
2025-11-27T00:38:36.196547+00:00,train,1,266,self,1.0,0,99,,
2025-11-27T00:38:36.196680+00:00,train,1,267,self,1.0,0,94,,
2025-11-27T00:38:36.196813+00:00,train,1,268,self,1.0,0,95,,
2025-11-27T00:38:36.196945+00:00,train,1,269,self,1.0,0,94,,
2025-11-27T00:38:36.197077+00:00,train,1,270,self,1.0,0,97,,
2025-11-27T00:38:36.197209+00:00,train,1,271,self,1.0,0,87,,
2025-11-27T00:38:36.197342+00:00,train,1,272,self,1.0,0,99,,
2025-11-27T00:38:36.197474+00:00,train,1,273,self,1.0,0,95,,
2025-11-27T00:38:36.197606+00:00,train,1,274,self,1.0,0,99,,
2025-11-27T00:38:36.197739+00:00,train,1,275,self,1.0,0,93,,
2025-11-27T00:38:36.197875+00:00,train,1,276,self,1.0,0,100,,
2025-11-27T00:38:36.198008+00:00,train,1,277,self,1.0,0,93,,
2025-11-27T00:38:36.198141+00:00,train,1,278,self,1.0,0,100,,
2025-11-27T00:38:36.198272+00:00,train,1,279,self,1.0,0,97,,
2025-11-27T00:38:36.198404+00:00,train,1,280,self,1.0,0,98,,
2025-11-27T00:38:36.198536+00:00,train,1,281,self,1.0,0,95,,
2025-11-27T00:38:36.198669+00:00,train,1,282,self,1.0,0,99,,
2025-11-27T00:38:36.198805+00:00,train,1,283,self,1.0,0,93,,
2025-11-27T00:38:36.198938+00:00,train,1,284,self,1.0,0,97,,
2025-11-27T00:38:36.199070+00:00,train,1,285,self,1.0,0,96,,
2025-11-27T00:38:36.199202+00:00,train,1,286,self,1.0,0,97,,
2025-11-27T00:38:36.199334+00:00,train,1,287,self,1.0,0,100,,
2025-11-27T00:38:36.199466+00:00,train,1,288,self,1.0,0,100,,
2025-11-27T00:38:36.199598+00:00,train,1,289,self,1.0,0,89,,
2025-11-27T00:38:36.199731+00:00,train,1,290,self,1.0,0,95,,
2025-11-27T00:38:36.199862+00:00,train,1,291,self,1.0,0,91,,
2025-11-27T00:38:36.199999+00:00,train,1,292,self,1.0,0,95,,
2025-11-27T00:38:36.200141+00:00,train,1,293,self,1.0,0,97,,
2025-11-27T00:38:36.200274+00:00,train,1,294,self,1.0,0,99,,
2025-11-27T00:38:36.200406+00:00,train,1,295,self,1.0,0,92,,
2025-11-27T00:38:36.200538+00:00,train,1,296,self,1.0,0,100,,
2025-11-27T00:38:36.200671+00:00,train,1,297,self,1.0,0,92,,
2025-11-27T00:38:36.200804+00:00,train,1,298,self,1.0,0,98,,
2025-11-27T00:38:36.200936+00:00,train,1,299,self,1.0,0,93,,
2025-11-27T00:38:36.201069+00:00,train,1,300,self,1.0,0,98,,
2025-11-27T00:38:36.201204+00:00,train,1,301,self,1.0,0,90,,
2025-11-27T00:38:36.201394+00:00,train,1,302,self,1.0,0,98,,
2025-11-27T00:38:36.201553+00:00,train,1,303,self,1.0,0,93,,
2025-11-27T00:38:36.201701+00:00,train,1,304,self,1.0,0,93,,
2025-11-27T00:38:36.201845+00:00,train,1,305,self,1.0,0,93,,
2025-11-27T00:38:36.201986+00:00,train,1,306,self,1.0,0,98,,
2025-11-27T00:38:36.202124+00:00,train,1,307,self,1.0,0,97,,
2025-11-27T00:38:36.202262+00:00,train,1,308,self,1.0,0,100,,
2025-11-27T00:38:36.202399+00:00,train,1,309,self,1.0,0,91,,
2025-11-27T00:38:36.202535+00:00,train,1,310,self,1.0,0,100,,
2025-11-27T00:38:36.202671+00:00,train,1,311,self,1.0,0,97,,
2025-11-27T00:38:36.202807+00:00,train,1,312,self,1.0,0,100,,
2025-11-27T00:38:36.202942+00:00,train,1,313,self,1.0,0,88,,
2025-11-27T00:38:36.203078+00:00,train,1,314,self,1.0,0,100,,
2025-11-27T00:38:36.203213+00:00,train,1,315,self,1.0,0,94,,
2025-11-27T00:38:36.203349+00:00,train,1,316,self,1.0,0,95,,
2025-11-27T00:38:36.203484+00:00,train,1,317,self,1.0,0,93,,
2025-11-27T00:38:36.203619+00:00,train,1,318,self,1.0,0,97,,
2025-11-27T00:38:36.203754+00:00,train,1,319,self,1.0,0,89,,
2025-11-27T00:38:36.203907+00:00,train,1,320,self,1.0,0,98,,
2025-11-27T00:38:36.204038+00:00,train,1,321,self,1.0,0,97,,
2025-11-27T00:38:36.204169+00:00,train,1,322,self,1.0,0,97,,
2025-11-27T00:38:36.204300+00:00,train,1,323,self,1.0,0,80,,
2025-11-27T00:38:36.204431+00:00,train,1,324,self,1.0,0,98,,
2025-11-27T00:38:36.204562+00:00,train,1,325,self,1.0,0,91,,
2025-11-27T00:38:36.204692+00:00,train,1,326,self,1.0,0,98,,
2025-11-27T00:38:36.204823+00:00,train,1,327,self,1.0,0,92,,
2025-11-27T00:38:36.204953+00:00,train,1,328,self,1.0,0,94,,
2025-11-27T00:38:36.205083+00:00,train,1,329,self,1.0,0,99,,
2025-11-27T00:38:36.205259+00:00,train,1,330,self,1.0,0,100,,
2025-11-27T00:38:36.205393+00:00,train,1,331,self,1.0,0,91,,
2025-11-27T00:38:36.205525+00:00,train,1,332,self,1.0,0,92,,
2025-11-27T00:38:36.205656+00:00,train,1,333,self,1.0,0,86,,
2025-11-27T00:38:36.205788+00:00,train,1,334,self,1.0,0,92,,
2025-11-27T00:38:36.205920+00:00,train,1,335,self,1.0,0,95,,
2025-11-27T00:38:36.206051+00:00,train,1,336,self,1.0,0,97,,
2025-11-27T00:38:36.206182+00:00,train,1,337,self,1.0,0,90,,
2025-11-27T00:38:36.206313+00:00,train,1,338,self,1.0,0,100,,
2025-11-27T00:38:36.206444+00:00,train,1,339,self,1.0,0,98,,
2025-11-27T00:38:36.206576+00:00,train,1,340,self,1.0,0,99,,
2025-11-27T00:38:36.206707+00:00,train,1,341,self,1.0,0,90,,
2025-11-27T00:38:36.206838+00:00,train,1,342,self,1.0,0,96,,
2025-11-27T00:38:36.206969+00:00,train,1,343,self,1.0,0,95,,
2025-11-27T00:38:36.207099+00:00,train,1,344,self,1.0,0,98,,
2025-11-27T00:38:36.207229+00:00,train,1,345,self,1.0,0,89,,
2025-11-27T00:38:36.207361+00:00,train,1,346,self,1.0,0,98,,
2025-11-27T00:38:36.207491+00:00,train,1,347,self,1.0,0,86,,
2025-11-27T00:38:36.207622+00:00,train,1,348,self,1.0,0,89,,
2025-11-27T00:38:36.207752+00:00,train,1,349,self,1.0,0,99,,
2025-11-27T00:38:36.207887+00:00,train,1,350,self,1.0,0,99,,
2025-11-27T00:38:36.208019+00:00,train,1,351,self,1.0,0,95,,
2025-11-27T00:38:36.208150+00:00,train,1,352,self,1.0,0,100,,
2025-11-27T00:38:36.208281+00:00,train,1,353,self,1.0,0,91,,
2025-11-27T00:38:36.208412+00:00,train,1,354,self,1.0,0,100,,
2025-11-27T00:38:36.208543+00:00,train,1,355,self,1.0,0,89,,
2025-11-27T00:38:36.208674+00:00,train,1,356,self,1.0,0,100,,
2025-11-27T00:38:36.208817+00:00,train,1,357,self,1.0,0,98,,
2025-11-27T00:38:36.208944+00:00,train,1,358,self,1.0,0,100,,
2025-11-27T00:38:36.209071+00:00,train,1,359,self,1.0,0,85,,
2025-11-27T00:38:36.209198+00:00,train,1,360,self,1.0,0,97,,
2025-11-27T00:38:36.209325+00:00,train,1,361,self,1.0,0,94,,
2025-11-27T00:38:36.209451+00:00,train,1,362,self,1.0,0,96,,
2025-11-27T00:38:36.209578+00:00,train,1,363,self,1.0,0,96,,
2025-11-27T00:38:36.209705+00:00,train,1,364,self,1.0,0,99,,
2025-11-27T00:38:36.209844+00:00,train,1,365,self,1.0,0,95,,
2025-11-27T00:38:36.209967+00:00,train,1,366,self,1.0,0,100,,
2025-11-27T00:38:36.210089+00:00,train,1,367,self,1.0,0,81,,
2025-11-27T00:38:36.210247+00:00,train,1,368,self,1.0,0,92,,
2025-11-27T00:38:36.210429+00:00,train,1,369,self,1.0,0,99,,
2025-11-27T00:38:36.210578+00:00,train,1,370,self,1.0,0,100,,
2025-11-27T00:38:36.210720+00:00,train,1,371,self,1.0,0,84,,
2025-11-27T00:38:36.210870+00:00,train,1,372,self,1.0,0,92,,
2025-11-27T00:38:36.211000+00:00,train,1,373,self,1.0,0,86,,
2025-11-27T00:38:36.211130+00:00,train,1,374,self,1.0,0,89,,
2025-11-27T00:38:36.211260+00:00,train,1,375,self,1.0,0,97,,
2025-11-27T00:38:36.211452+00:00,train,1,376,self,1.0,0,99,,
2025-11-27T00:38:36.211598+00:00,train,1,377,self,1.0,0,95,,
2025-11-27T00:38:36.211730+00:00,train,1,378,self,1.0,0,99,,
2025-11-27T00:38:36.211868+00:00,train,1,379,self,1.0,0,98,,
2025-11-27T00:38:36.211989+00:00,train,1,380,self,1.0,0,100,,
2025-11-27T00:38:36.212109+00:00,train,1,381,self,1.0,0,81,,
2025-11-27T00:38:36.212228+00:00,train,1,382,self,1.0,0,98,,
2025-11-27T00:38:36.212347+00:00,train,1,383,self,1.0,0,92,,
2025-11-27T00:38:36.212465+00:00,train,1,384,self,1.0,0,98,,
2025-11-27T00:38:36.212586+00:00,train,1,385,self,1.0,0,88,,
2025-11-27T00:38:36.212704+00:00,train,1,386,self,1.0,0,100,,
2025-11-27T00:38:36.212834+00:00,train,1,387,self,1.0,0,86,,
2025-11-27T00:38:36.212948+00:00,train,1,388,self,1.0,0,98,,
2025-11-27T00:38:36.213061+00:00,train,1,389,self,1.0,0,95,,
2025-11-27T00:38:36.213174+00:00,train,1,390,self,1.0,0,100,,
2025-11-27T00:38:36.213287+00:00,train,1,391,self,1.0,0,92,,
2025-11-27T00:38:36.213401+00:00,train,1,392,self,1.0,0,98,,
2025-11-27T00:38:36.213514+00:00,train,1,393,self,1.0,0,98,,
2025-11-27T00:38:36.213627+00:00,train,1,394,self,1.0,0,99,,
2025-11-27T00:38:36.213740+00:00,train,1,395,self,1.0,0,97,,
2025-11-27T00:38:36.213903+00:00,train,1,396,self,1.0,0,98,,
2025-11-27T00:38:36.214015+00:00,train,1,397,self,1.0,0,91,,
2025-11-27T00:38:36.214126+00:00,train,1,398,self,1.0,0,98,,
2025-11-27T00:38:36.214237+00:00,train,1,399,self,1.0,0,96,,
2025-11-27T00:38:36.214348+00:00,train,1,400,self,1.0,0,99,,
2025-11-27T00:38:36.214458+00:00,train,1,401,self,1.0,0,89,,
2025-11-27T00:38:36.214569+00:00,train,1,402,self,1.0,0,94,,
2025-11-27T00:38:36.214680+00:00,train,1,403,self,1.0,0,95,,
2025-11-27T00:38:36.214791+00:00,train,1,404,self,1.0,0,99,,
2025-11-27T00:38:36.214901+00:00,train,1,405,self,1.0,0,98,,
2025-11-27T00:38:36.215011+00:00,train,1,406,self,1.0,0,98,,
2025-11-27T00:38:36.215122+00:00,train,1,407,self,1.0,0,93,,
2025-11-27T00:38:36.215232+00:00,train,1,408,self,1.0,0,99,,
2025-11-27T00:38:36.215343+00:00,train,1,409,self,1.0,0,97,,
2025-11-27T00:38:36.215454+00:00,train,1,410,self,1.0,0,99,,
2025-11-27T00:38:36.215564+00:00,train,1,411,self,1.0,0,95,,
2025-11-27T00:38:36.215675+00:00,train,1,412,self,1.0,0,96,,
2025-11-27T00:38:36.215785+00:00,train,1,413,self,1.0,0,94,,
2025-11-27T00:38:36.215895+00:00,train,1,414,self,1.0,0,99,,
2025-11-27T00:38:36.216005+00:00,train,1,415,self,1.0,0,89,,
2025-11-27T00:38:36.216116+00:00,train,1,416,self,1.0,0,96,,
2025-11-27T00:38:36.216227+00:00,train,1,417,self,1.0,0,98,,
2025-11-27T00:38:36.216337+00:00,train,1,418,self,1.0,0,100,,
2025-11-27T00:38:36.216447+00:00,train,1,419,self,1.0,0,89,,
2025-11-27T00:38:36.216557+00:00,train,1,420,self,1.0,0,97,,
2025-11-27T00:38:36.216668+00:00,train,1,421,self,1.0,0,99,,
2025-11-27T00:38:36.216779+00:00,train,1,422,self,1.0,0,99,,
2025-11-27T00:38:36.216889+00:00,train,1,423,self,1.0,0,90,,
2025-11-27T00:38:36.217001+00:00,train,1,424,self,1.0,0,99,,
2025-11-27T00:38:36.217111+00:00,train,1,425,self,1.0,0,76,,
2025-11-27T00:38:36.217222+00:00,train,1,426,self,1.0,0,98,,
2025-11-27T00:38:36.217332+00:00,train,1,427,self,1.0,0,94,,
2025-11-27T00:38:36.217443+00:00,train,1,428,self,1.0,0,94,,
2025-11-27T00:38:36.217554+00:00,train,1,429,self,1.0,0,98,,
2025-11-27T00:38:36.217664+00:00,train,1,430,self,1.0,0,99,,
2025-11-27T00:38:36.217774+00:00,train,1,431,self,1.0,0,96,,
2025-11-27T00:38:36.217884+00:00,train,1,432,self,1.0,0,98,,
2025-11-27T00:38:36.217994+00:00,train,1,433,self,1.0,0,91,,
2025-11-27T00:38:36.218105+00:00,train,1,434,self,1.0,0,97,,
2025-11-27T00:38:36.218216+00:00,train,1,435,self,1.0,0,98,,
2025-11-27T00:38:36.218326+00:00,train,1,436,self,1.0,0,100,,
2025-11-27T00:38:36.218436+00:00,train,1,437,self,1.0,0,97,,
2025-11-27T00:38:36.218546+00:00,train,1,438,self,1.0,0,99,,
2025-11-27T00:38:36.218657+00:00,train,1,439,self,1.0,0,94,,
2025-11-27T00:38:36.218768+00:00,train,1,440,self,1.0,0,97,,
2025-11-27T00:38:36.218878+00:00,train,1,441,self,1.0,0,97,,
2025-11-27T00:38:36.218989+00:00,train,1,442,self,1.0,0,100,,
2025-11-27T00:38:36.219099+00:00,train,1,443,self,1.0,0,86,,
2025-11-27T00:38:36.219210+00:00,train,1,444,self,1.0,0,96,,
2025-11-27T00:38:36.219320+00:00,train,1,445,self,1.0,0,96,,
2025-11-27T00:38:36.219430+00:00,train,1,446,self,1.0,0,99,,
2025-11-27T00:38:36.219540+00:00,train,1,447,self,1.0,0,88,,
2025-11-27T00:38:36.219651+00:00,train,1,448,self,1.0,0,91,,
2025-11-27T00:38:36.219762+00:00,train,1,449,self,1.0,0,88,,
2025-11-27T00:38:36.219872+00:00,train,1,450,self,1.0,0,94,,
2025-11-27T00:38:36.219981+00:00,train,1,451,self,1.0,0,88,,
2025-11-27T00:38:36.220091+00:00,train,1,452,self,1.0,0,95,,
2025-11-27T00:38:36.220201+00:00,train,1,453,self,1.0,0,90,,
2025-11-27T00:38:36.220311+00:00,train,1,454,self,1.0,0,100,,
2025-11-27T00:38:36.220422+00:00,train,1,455,self,1.0,0,88,,
2025-11-27T00:38:36.220537+00:00,train,1,456,self,1.0,0,89,,
2025-11-27T00:38:36.220647+00:00,train,1,457,self,1.0,0,94,,
2025-11-27T00:38:36.220758+00:00,train,1,458,self,1.0,0,97,,
2025-11-27T00:38:36.220869+00:00,train,1,459,self,1.0,0,97,,
2025-11-27T00:38:36.220979+00:00,train,1,460,self,1.0,0,100,,
2025-11-27T00:38:36.221090+00:00,train,1,461,self,1.0,0,96,,
2025-11-27T00:38:36.221247+00:00,train,1,462,self,1.0,0,99,,
2025-11-27T00:38:36.221365+00:00,train,1,463,self,1.0,0,99,,
2025-11-27T00:38:36.221477+00:00,train,1,464,self,1.0,0,100,,
2025-11-27T00:38:36.221590+00:00,train,1,465,self,1.0,0,99,,
2025-11-27T00:38:36.221702+00:00,train,1,466,self,1.0,0,100,,
2025-11-27T00:38:36.221815+00:00,train,1,467,self,1.0,0,96,,
2025-11-27T00:38:36.221925+00:00,train,1,468,self,1.0,0,100,,
2025-11-27T00:38:36.222036+00:00,train,1,469,self,1.0,0,95,,
2025-11-27T00:38:36.222148+00:00,train,1,470,self,1.0,0,100,,
2025-11-27T00:38:36.222258+00:00,train,1,471,self,1.0,0,82,,
2025-11-27T00:38:36.222369+00:00,train,1,472,self,1.0,0,99,,
2025-11-27T00:38:36.222480+00:00,train,1,473,self,1.0,0,95,,
2025-11-27T00:38:36.222589+00:00,train,1,474,self,1.0,0,100,,
2025-11-27T00:38:36.222699+00:00,train,1,475,self,1.0,0,97,,
2025-11-27T00:38:36.222809+00:00,train,1,476,self,1.0,0,100,,
2025-11-27T00:38:36.222920+00:00,train,1,477,self,1.0,0,86,,
2025-11-27T00:38:36.223030+00:00,train,1,478,self,1.0,0,98,,
2025-11-27T00:38:36.223141+00:00,train,1,479,self,1.0,0,94,,
2025-11-27T00:38:36.223252+00:00,train,1,480,self,1.0,0,98,,
2025-11-27T00:38:36.223363+00:00,train,1,481,self,1.0,0,92,,
2025-11-27T00:38:36.223473+00:00,train,1,482,self,1.0,0,100,,
2025-11-27T00:38:36.223584+00:00,train,1,483,self,1.0,0,94,,
2025-11-27T00:38:36.223694+00:00,train,1,484,self,1.0,0,99,,
2025-11-27T00:38:36.223804+00:00,train,1,485,self,1.0,0,88,,
2025-11-27T00:38:36.223915+00:00,train,1,486,self,1.0,0,95,,
2025-11-27T00:38:36.224025+00:00,train,1,487,self,1.0,0,91,,
2025-11-27T00:38:36.224136+00:00,train,1,488,self,1.0,0,94,,
2025-11-27T00:38:36.224247+00:00,train,1,489,self,1.0,0,97,,
2025-11-27T00:38:36.224357+00:00,train,1,490,self,1.0,0,99,,
2025-11-27T00:38:36.224467+00:00,train,1,491,self,1.0,0,92,,
2025-11-27T00:38:36.224577+00:00,train,1,492,self,1.0,0,99,,
2025-11-27T00:38:36.224687+00:00,train,1,493,self,1.0,0,95,,
2025-11-27T00:38:36.224797+00:00,train,1,494,self,1.0,0,95,,
2025-11-27T00:38:36.224908+00:00,train,1,495,self,1.0,0,94,,
2025-11-27T00:38:36.225018+00:00,train,1,496,self,1.0,0,100,,
2025-11-27T00:38:36.225128+00:00,train,1,497,self,1.0,0,96,,
2025-11-27T00:38:36.225239+00:00,train,1,498,self,1.0,0,97,,
2025-11-27T00:38:36.225349+00:00,train,1,499,self,1.0,0,92,,
2025-11-27T00:38:36.225459+00:00,train,1,500,self,1.0,0,97,,
2025-11-27T00:38:36.228058+00:00,train,1,501,self,1.0,0,85,,
2025-11-27T00:38:36.228190+00:00,train,1,502,self,1.0,0,90,,
2025-11-27T00:38:36.228305+00:00,train,1,503,self,1.0,0,87,,
2025-11-27T00:38:36.228417+00:00,train,1,504,self,1.0,0,99,,
2025-11-27T00:38:36.228529+00:00,train,1,505,self,1.0,0,92,,
2025-11-27T00:38:36.228641+00:00,train,1,506,self,1.0,0,99,,
2025-11-27T00:38:36.228752+00:00,train,1,507,self,1.0,0,95,,
2025-11-27T00:38:36.228863+00:00,train,1,508,self,1.0,0,99,,
2025-11-27T00:38:36.228974+00:00,train,1,509,self,1.0,0,90,,
2025-11-27T00:38:36.229084+00:00,train,1,510,self,1.0,0,99,,
2025-11-27T00:38:36.229195+00:00,train,1,511,self,1.0,0,94,,
2025-11-27T00:38:36.229306+00:00,train,1,512,self,1.0,0,96,,
2025-11-27T00:38:36.229417+00:00,train,1,513,self,1.0,0,94,,
2025-11-27T00:38:36.229528+00:00,train,1,514,self,1.0,0,97,,
2025-11-27T00:38:36.229638+00:00,train,1,515,self,1.0,0,87,,
2025-11-27T00:38:36.229763+00:00,train,1,516,self,1.0,0,88,,
2025-11-27T00:38:36.229876+00:00,train,1,517,self,1.0,0,96,,
2025-11-27T00:38:36.230060+00:00,train,1,518,self,1.0,0,100,,
2025-11-27T00:38:36.230191+00:00,train,1,519,self,1.0,0,98,,
2025-11-27T00:38:36.230313+00:00,train,1,520,self,1.0,0,100,,
2025-11-27T00:38:36.230432+00:00,train,1,521,self,1.0,0,98,,
2025-11-27T00:38:36.230549+00:00,train,1,522,self,1.0,0,100,,
2025-11-27T00:38:36.230663+00:00,train,1,523,self,1.0,0,83,,
2025-11-27T00:38:36.230792+00:00,train,1,524,self,1.0,0,88,,
2025-11-27T00:38:36.230907+00:00,train,1,525,self,1.0,0,85,,
2025-11-27T00:38:36.231091+00:00,train,1,526,self,1.0,0,98,,
2025-11-27T00:38:36.231232+00:00,train,1,527,self,1.0,0,94,,
2025-11-27T00:38:36.231416+00:00,train,1,528,self,1.0,0,99,,
2025-11-27T00:38:36.231549+00:00,train,1,529,self,1.0,0,81,,
2025-11-27T00:38:36.231677+00:00,train,1,530,self,1.0,0,95,,
2025-11-27T00:38:36.231819+00:00,train,1,531,self,1.0,0,92,,
2025-11-27T00:38:36.231948+00:00,train,1,532,self,1.0,0,96,,
2025-11-27T00:38:36.232078+00:00,train,1,533,self,1.0,0,97,,
2025-11-27T00:38:36.232275+00:00,train,1,534,self,1.0,0,97,,
2025-11-27T00:38:36.232422+00:00,train,1,535,self,1.0,0,92,,
2025-11-27T00:38:36.232555+00:00,train,1,536,self,1.0,0,98,,
2025-11-27T00:38:36.232684+00:00,train,1,537,self,1.0,0,94,,
2025-11-27T00:38:36.232826+00:00,train,1,538,self,1.0,0,100,,
2025-11-27T00:38:36.232955+00:00,train,1,539,self,1.0,0,95,,
2025-11-27T00:38:36.233081+00:00,train,1,540,self,1.0,0,98,,
2025-11-27T00:38:36.233207+00:00,train,1,541,self,1.0,0,98,,
2025-11-27T00:38:36.233333+00:00,train,1,542,self,1.0,0,100,,
2025-11-27T00:38:36.233459+00:00,train,1,543,self,1.0,0,86,,
2025-11-27T00:38:36.233585+00:00,train,1,544,self,1.0,0,100,,
2025-11-27T00:38:36.233709+00:00,train,1,545,self,1.0,0,93,,
2025-11-27T00:38:36.233849+00:00,train,1,546,self,1.0,0,99,,
2025-11-27T00:38:36.233977+00:00,train,1,547,self,1.0,0,93,,
2025-11-27T00:38:36.234106+00:00,train,1,548,self,1.0,0,96,,
2025-11-27T00:38:36.234234+00:00,train,1,549,self,1.0,0,99,,
2025-11-27T00:38:36.234361+00:00,train,1,550,self,1.0,0,100,,
2025-11-27T00:38:36.234490+00:00,train,1,551,self,1.0,0,98,,
2025-11-27T00:38:36.234618+00:00,train,1,552,self,1.0,0,100,,
2025-11-27T00:38:36.234747+00:00,train,1,553,self,1.0,0,93,,
2025-11-27T00:38:36.234892+00:00,train,1,554,self,1.0,0,98,,
2025-11-27T00:38:36.235023+00:00,train,1,555,self,1.0,0,94,,
2025-11-27T00:38:36.235155+00:00,train,1,556,self,1.0,0,97,,
2025-11-27T00:38:36.235286+00:00,train,1,557,self,1.0,0,95,,
2025-11-27T00:38:36.235418+00:00,train,1,558,self,1.0,0,100,,
2025-11-27T00:38:36.235550+00:00,train,1,559,self,1.0,0,94,,
2025-11-27T00:38:36.235681+00:00,train,1,560,self,1.0,0,95,,
2025-11-27T00:38:36.235813+00:00,train,1,561,self,1.0,0,98,,
2025-11-27T00:38:36.235945+00:00,train,1,562,self,1.0,0,100,,
2025-11-27T00:38:36.236078+00:00,train,1,563,self,1.0,0,88,,
2025-11-27T00:38:36.236210+00:00,train,1,564,self,1.0,0,100,,
2025-11-27T00:38:36.236341+00:00,train,1,565,self,1.0,0,99,,
2025-11-27T00:38:36.236473+00:00,train,1,566,self,1.0,0,99,,
2025-11-27T00:38:36.236605+00:00,train,1,567,self,1.0,0,94,,
2025-11-27T00:38:36.236736+00:00,train,1,568,self,1.0,0,99,,
2025-11-27T00:38:36.236867+00:00,train,1,569,self,1.0,0,98,,
2025-11-27T00:38:36.236998+00:00,train,1,570,self,1.0,0,99,,
2025-11-27T00:38:36.237129+00:00,train,1,571,self,1.0,0,90,,
2025-11-27T00:38:36.237262+00:00,train,1,572,self,1.0,0,98,,
2025-11-27T00:38:36.237393+00:00,train,1,573,self,1.0,0,93,,
2025-11-27T00:38:36.237525+00:00,train,1,574,self,1.0,0,98,,
2025-11-27T00:38:36.237655+00:00,train,1,575,self,1.0,0,90,,
2025-11-27T00:38:36.237786+00:00,train,1,576,self,1.0,0,98,,
2025-11-27T00:38:36.237917+00:00,train,1,577,self,1.0,0,96,,
2025-11-27T00:38:36.238048+00:00,train,1,578,self,1.0,0,97,,
2025-11-27T00:38:36.238179+00:00,train,1,579,self,1.0,0,91,,
2025-11-27T00:38:36.238311+00:00,train,1,580,self,1.0,0,95,,
2025-11-27T00:38:36.238442+00:00,train,1,581,self,1.0,0,97,,
2025-11-27T00:38:36.238574+00:00,train,1,582,self,1.0,0,99,,
2025-11-27T00:38:36.238705+00:00,train,1,583,self,1.0,0,99,,
2025-11-27T00:38:36.238836+00:00,train,1,584,self,1.0,0,100,,
2025-11-27T00:38:36.238967+00:00,train,1,585,self,1.0,0,93,,
2025-11-27T00:38:36.239099+00:00,train,1,586,self,1.0,0,99,,
2025-11-27T00:38:36.239230+00:00,train,1,587,self,1.0,0,93,,
2025-11-27T00:38:36.239362+00:00,train,1,588,self,1.0,0,100,,
2025-11-27T00:38:36.239494+00:00,train,1,589,self,1.0,0,96,,
2025-11-27T00:38:36.239625+00:00,train,1,590,self,1.0,0,98,,
2025-11-27T00:38:36.239757+00:00,train,1,591,self,1.0,0,98,,
2025-11-27T00:38:36.239888+00:00,train,1,592,self,1.0,0,100,,
2025-11-27T00:38:36.240019+00:00,train,1,593,self,1.0,0,97,,
2025-11-27T00:38:36.240199+00:00,train,1,594,self,1.0,0,98,,
2025-11-27T00:38:36.240332+00:00,train,1,595,self,1.0,0,97,,
2025-11-27T00:38:36.240464+00:00,train,1,596,self,1.0,0,98,,
2025-11-27T00:38:36.240596+00:00,train,1,597,self,1.0,0,93,,
2025-11-27T00:38:36.240727+00:00,train,1,598,self,1.0,0,98,,
2025-11-27T00:38:36.240860+00:00,train,1,599,self,1.0,0,99,,
2025-11-27T00:38:36.240992+00:00,train,1,600,self,1.0,0,100,,
2025-11-27T00:38:36.241123+00:00,train,1,601,self,1.0,0,95,,
2025-11-27T00:38:36.241335+00:00,train,1,602,self,1.0,0,98,,
2025-11-27T00:38:36.241484+00:00,train,1,603,self,1.0,0,98,,
2025-11-27T00:38:36.241625+00:00,train,1,604,self,1.0,0,99,,
2025-11-27T00:38:36.241762+00:00,train,1,605,self,1.0,0,92,,
2025-11-27T00:38:36.241907+00:00,train,1,606,self,1.0,0,98,,
2025-11-27T00:38:36.242036+00:00,train,1,607,self,1.0,0,88,,
2025-11-27T00:38:36.242167+00:00,train,1,608,self,1.0,0,100,,
2025-11-27T00:38:36.242296+00:00,train,1,609,self,1.0,0,93,,
2025-11-27T00:38:36.242427+00:00,train,1,610,self,1.0,0,100,,
2025-11-27T00:38:36.242556+00:00,train,1,611,self,1.0,0,87,,
2025-11-27T00:38:36.242683+00:00,train,1,612,self,1.0,0,100,,
2025-11-27T00:38:36.242821+00:00,train,1,613,self,1.0,0,90,,
2025-11-27T00:38:36.242943+00:00,train,1,614,self,1.0,0,100,,
2025-11-27T00:38:36.243067+00:00,train,1,615,self,1.0,0,97,,
2025-11-27T00:38:36.243189+00:00,train,1,616,self,1.0,0,99,,
2025-11-27T00:38:36.243312+00:00,train,1,617,self,1.0,0,81,,
2025-11-27T00:38:36.243434+00:00,train,1,618,self,1.0,0,90,,
2025-11-27T00:38:36.243556+00:00,train,1,619,self,1.0,0,93,,
2025-11-27T00:38:36.243678+00:00,train,1,620,self,1.0,0,98,,
2025-11-27T00:38:36.243814+00:00,train,1,621,self,1.0,0,92,,
2025-11-27T00:38:36.243932+00:00,train,1,622,self,1.0,0,98,,
2025-11-27T00:38:36.244051+00:00,train,1,623,self,1.0,0,92,,
2025-11-27T00:38:36.244169+00:00,train,1,624,self,1.0,0,95,,
2025-11-27T00:38:36.244287+00:00,train,1,625,self,1.0,0,93,,
2025-11-27T00:38:36.244405+00:00,train,1,626,self,1.0,0,100,,
2025-11-27T00:38:36.244523+00:00,train,1,627,self,1.0,0,92,,
2025-11-27T00:38:36.244642+00:00,train,1,628,self,1.0,0,97,,
2025-11-27T00:38:36.244774+00:00,train,1,629,self,1.0,0,93,,
2025-11-27T00:38:36.244889+00:00,train,1,630,self,1.0,0,96,,
2025-11-27T00:38:36.245004+00:00,train,1,631,self,1.0,0,90,,
2025-11-27T00:38:36.245119+00:00,train,1,632,self,1.0,0,99,,
2025-11-27T00:38:36.245235+00:00,train,1,633,self,1.0,0,79,,
2025-11-27T00:38:36.245350+00:00,train,1,634,self,1.0,0,98,,
2025-11-27T00:38:36.245465+00:00,train,1,635,self,1.0,0,100,,
2025-11-27T00:38:36.245580+00:00,train,1,636,self,1.0,0,100,,
2025-11-27T00:38:36.245696+00:00,train,1,637,self,1.0,0,92,,
2025-11-27T00:38:36.245823+00:00,train,1,638,self,1.0,0,100,,
2025-11-27T00:38:36.245936+00:00,train,1,639,self,1.0,0,97,,
2025-11-27T00:38:36.246048+00:00,train,1,640,self,1.0,0,97,,
2025-11-27T00:38:36.246161+00:00,train,1,641,self,1.0,0,88,,
2025-11-27T00:38:36.246273+00:00,train,1,642,self,1.0,0,96,,
2025-11-27T00:38:36.246386+00:00,train,1,643,self,1.0,0,98,,
2025-11-27T00:38:36.246497+00:00,train,1,644,self,1.0,0,100,,
2025-11-27T00:38:36.246610+00:00,train,1,645,self,1.0,0,96,,
2025-11-27T00:38:36.246722+00:00,train,1,646,self,1.0,0,100,,
2025-11-27T00:38:36.246847+00:00,train,1,647,self,1.0,0,87,,
2025-11-27T00:38:36.246956+00:00,train,1,648,self,1.0,0,87,,
2025-11-27T00:38:36.247066+00:00,train,1,649,self,1.0,0,98,,
2025-11-27T00:38:36.247175+00:00,train,1,650,self,1.0,0,99,,
2025-11-27T00:38:36.247285+00:00,train,1,651,self,1.0,0,93,,
2025-11-27T00:38:36.247394+00:00,train,1,652,self,1.0,0,98,,
2025-11-27T00:38:36.247504+00:00,train,1,653,self,1.0,0,87,,
2025-11-27T00:38:36.247613+00:00,train,1,654,self,1.0,0,91,,
2025-11-27T00:38:36.247723+00:00,train,1,655,self,1.0,0,93,,
2025-11-27T00:38:36.247832+00:00,train,1,656,self,1.0,0,95,,
2025-11-27T00:38:36.247941+00:00,train,1,657,self,1.0,0,98,,
2025-11-27T00:38:36.248050+00:00,train,1,658,self,1.0,0,100,,
2025-11-27T00:38:36.248160+00:00,train,1,659,self,1.0,0,98,,
2025-11-27T00:38:36.248318+00:00,train,1,660,self,1.0,0,99,,
2025-11-27T00:38:36.248429+00:00,train,1,661,self,1.0,0,88,,
2025-11-27T00:38:36.248540+00:00,train,1,662,self,1.0,0,100,,
2025-11-27T00:38:36.248649+00:00,train,1,663,self,1.0,0,91,,
2025-11-27T00:38:36.248758+00:00,train,1,664,self,1.0,0,93,,
2025-11-27T00:38:36.248868+00:00,train,1,665,self,1.0,0,97,,
2025-11-27T00:38:36.248977+00:00,train,1,666,self,1.0,0,98,,
2025-11-27T00:38:36.249087+00:00,train,1,667,self,1.0,0,89,,
2025-11-27T00:38:36.249197+00:00,train,1,668,self,1.0,0,91,,
2025-11-27T00:38:36.249306+00:00,train,1,669,self,1.0,0,95,,
2025-11-27T00:38:36.249416+00:00,train,1,670,self,1.0,0,100,,
2025-11-27T00:38:36.249525+00:00,train,1,671,self,1.0,0,94,,
2025-11-27T00:38:36.249635+00:00,train,1,672,self,1.0,0,97,,
2025-11-27T00:38:36.249831+00:00,train,1,673,self,1.0,0,96,,
2025-11-27T00:38:36.249970+00:00,train,1,674,self,1.0,0,100,,
2025-11-27T00:38:36.250100+00:00,train,1,675,self,1.0,0,91,,
2025-11-27T00:38:36.250227+00:00,train,1,676,self,1.0,0,97,,
2025-11-27T00:38:36.250361+00:00,train,1,677,self,1.0,0,90,,
2025-11-27T00:38:36.250484+00:00,train,1,678,self,1.0,0,97,,
2025-11-27T00:38:36.250609+00:00,train,1,679,self,1.0,0,91,,
2025-11-27T00:38:36.250730+00:00,train,1,680,self,1.0,0,96,,
2025-11-27T00:38:36.250863+00:00,train,1,681,self,1.0,0,93,,
2025-11-27T00:38:36.250981+00:00,train,1,682,self,1.0,0,97,,
2025-11-27T00:38:36.251116+00:00,train,1,683,self,1.0,0,95,,
2025-11-27T00:38:36.251238+00:00,train,1,684,self,1.0,0,98,,
2025-11-27T00:38:36.251423+00:00,train,1,685,self,1.0,0,99,,
2025-11-27T00:38:36.251555+00:00,train,1,686,self,1.0,0,99,,
2025-11-27T00:38:36.251676+00:00,train,1,687,self,1.0,0,95,,
2025-11-27T00:38:36.251793+00:00,train,1,688,self,1.0,0,99,,
2025-11-27T00:38:36.251911+00:00,train,1,689,self,1.0,0,98,,
2025-11-27T00:38:36.252025+00:00,train,1,690,self,1.0,0,99,,
2025-11-27T00:38:36.252137+00:00,train,1,691,self,1.0,0,96,,
2025-11-27T00:38:36.252249+00:00,train,1,692,self,1.0,0,100,,
2025-11-27T00:38:36.252359+00:00,train,1,693,self,1.0,0,95,,
2025-11-27T00:38:36.252469+00:00,train,1,694,self,1.0,0,99,,
2025-11-27T00:38:36.252600+00:00,train,1,695,self,1.0,0,93,,
2025-11-27T00:38:36.252713+00:00,train,1,696,self,1.0,0,93,,
2025-11-27T00:38:36.252823+00:00,train,1,697,self,1.0,0,96,,
2025-11-27T00:38:36.252934+00:00,train,1,698,self,1.0,0,96,,
2025-11-27T00:38:36.253043+00:00,train,1,699,self,1.0,0,91,,
2025-11-27T00:38:36.253153+00:00,train,1,700,self,1.0,0,98,,
2025-11-27T00:38:36.253263+00:00,train,1,701,self,1.0,0,81,,
2025-11-27T00:38:36.253373+00:00,train,1,702,self,1.0,0,97,,
2025-11-27T00:38:36.253483+00:00,train,1,703,self,1.0,0,98,,
2025-11-27T00:38:36.253593+00:00,train,1,704,self,1.0,0,99,,
2025-11-27T00:38:36.253703+00:00,train,1,705,self,1.0,0,87,,
2025-11-27T00:38:36.253813+00:00,train,1,706,self,1.0,0,95,,
2025-11-27T00:38:36.253922+00:00,train,1,707,self,1.0,0,95,,
2025-11-27T00:38:36.254031+00:00,train,1,708,self,1.0,0,98,,
2025-11-27T00:38:36.254140+00:00,train,1,709,self,1.0,0,94,,
2025-11-27T00:38:36.254248+00:00,train,1,710,self,1.0,0,97,,
2025-11-27T00:38:36.254357+00:00,train,1,711,self,1.0,0,98,,
2025-11-27T00:38:36.254466+00:00,train,1,712,self,1.0,0,99,,
2025-11-27T00:38:36.254575+00:00,train,1,713,self,1.0,0,93,,
2025-11-27T00:38:36.254684+00:00,train,1,714,self,1.0,0,94,,
2025-11-27T00:38:36.254793+00:00,train,1,715,self,1.0,0,93,,
2025-11-27T00:38:36.254902+00:00,train,1,716,self,1.0,0,100,,
2025-11-27T00:38:36.255011+00:00,train,1,717,self,1.0,0,90,,
2025-11-27T00:38:36.255121+00:00,train,1,718,self,1.0,0,99,,
2025-11-27T00:38:36.255229+00:00,train,1,719,self,1.0,0,98,,
2025-11-27T00:38:36.255338+00:00,train,1,720,self,1.0,0,99,,
2025-11-27T00:38:36.255447+00:00,train,1,721,self,1.0,0,91,,
2025-11-27T00:38:36.255556+00:00,train,1,722,self,1.0,0,100,,
2025-11-27T00:38:36.255665+00:00,train,1,723,self,1.0,0,91,,
2025-11-27T00:38:36.255774+00:00,train,1,724,self,1.0,0,99,,
2025-11-27T00:38:36.255884+00:00,train,1,725,self,1.0,0,85,,
2025-11-27T00:38:36.256036+00:00,train,1,726,self,1.0,0,99,,
2025-11-27T00:38:36.256148+00:00,train,1,727,self,1.0,0,98,,
2025-11-27T00:38:36.256259+00:00,train,1,728,self,1.0,0,99,,
2025-11-27T00:38:36.256422+00:00,train,1,729,self,1.0,0,83,,
2025-11-27T00:38:36.256553+00:00,train,1,730,self,1.0,0,98,,
2025-11-27T00:38:36.256674+00:00,train,1,731,self,1.0,0,95,,
2025-11-27T00:38:36.256792+00:00,train,1,732,self,1.0,0,100,,
2025-11-27T00:38:36.256908+00:00,train,1,733,self,1.0,0,98,,
2025-11-27T00:38:36.257023+00:00,train,1,734,self,1.0,0,99,,
2025-11-27T00:38:36.257136+00:00,train,1,735,self,1.0,0,98,,
2025-11-27T00:38:36.257249+00:00,train,1,736,self,1.0,0,100,,
2025-11-27T00:38:36.257362+00:00,train,1,737,self,1.0,0,87,,
2025-11-27T00:38:36.257477+00:00,train,1,738,self,1.0,0,100,,
2025-11-27T00:38:36.257589+00:00,train,1,739,self,1.0,0,90,,
2025-11-27T00:38:36.257700+00:00,train,1,740,self,1.0,0,99,,
2025-11-27T00:38:36.257811+00:00,train,1,741,self,1.0,0,95,,
2025-11-27T00:38:36.257922+00:00,train,1,742,self,1.0,0,100,,
2025-11-27T00:38:36.258033+00:00,train,1,743,self,1.0,0,95,,
2025-11-27T00:38:36.258144+00:00,train,1,744,self,1.0,0,96,,
2025-11-27T00:38:36.258254+00:00,train,1,745,self,1.0,0,92,,
2025-11-27T00:38:36.258364+00:00,train,1,746,self,1.0,0,100,,
2025-11-27T00:38:36.258475+00:00,train,1,747,self,1.0,0,95,,
2025-11-27T00:38:36.258585+00:00,train,1,748,self,1.0,0,98,,
2025-11-27T00:38:36.258695+00:00,train,1,749,self,1.0,0,92,,
2025-11-27T00:38:36.258805+00:00,train,1,750,self,1.0,0,96,,
2025-11-27T00:38:36.258916+00:00,train,1,751,self,1.0,0,82,,
2025-11-27T00:38:36.259026+00:00,train,1,752,self,1.0,0,100,,
2025-11-27T00:38:36.259136+00:00,train,1,753,self,1.0,0,96,,
2025-11-27T00:38:36.259246+00:00,train,1,754,self,1.0,0,99,,
2025-11-27T00:38:36.259356+00:00,train,1,755,self,1.0,0,92,,
2025-11-27T00:38:36.259467+00:00,train,1,756,self,1.0,0,96,,
2025-11-27T00:38:36.259577+00:00,train,1,757,self,1.0,0,87,,
2025-11-27T00:38:36.259688+00:00,train,1,758,self,1.0,0,99,,
2025-11-27T00:38:36.259798+00:00,train,1,759,self,1.0,0,94,,
2025-11-27T00:38:36.259908+00:00,train,1,760,self,1.0,0,95,,
2025-11-27T00:38:36.260018+00:00,train,1,761,self,1.0,0,88,,
2025-11-27T00:38:36.260129+00:00,train,1,762,self,1.0,0,99,,
2025-11-27T00:38:36.260239+00:00,train,1,763,self,1.0,0,96,,
2025-11-27T00:38:36.260350+00:00,train,1,764,self,1.0,0,97,,
2025-11-27T00:38:36.260460+00:00,train,1,765,self,1.0,0,92,,
2025-11-27T00:38:36.260571+00:00,train,1,766,self,1.0,0,97,,
2025-11-27T00:38:36.260680+00:00,train,1,767,self,1.0,0,97,,
2025-11-27T00:38:36.260790+00:00,train,1,768,self,1.0,0,99,,
2025-11-27T00:38:36.260899+00:00,train,1,769,self,1.0,0,79,,
2025-11-27T00:38:36.261010+00:00,train,1,770,self,1.0,0,100,,
2025-11-27T00:38:36.261120+00:00,train,1,771,self,1.0,0,99,,
2025-11-27T00:38:36.261230+00:00,train,1,772,self,1.0,0,100,,
2025-11-27T00:38:36.261340+00:00,train,1,773,self,1.0,0,99,,
2025-11-27T00:38:36.261450+00:00,train,1,774,self,1.0,0,100,,
2025-11-27T00:38:36.261560+00:00,train,1,775,self,1.0,0,97,,
2025-11-27T00:38:36.261671+00:00,train,1,776,self,1.0,0,100,,
2025-11-27T00:38:36.261781+00:00,train,1,777,self,1.0,0,88,,
2025-11-27T00:38:36.261975+00:00,train,1,778,self,1.0,0,94,,
2025-11-27T00:38:36.262102+00:00,train,1,779,self,1.0,0,93,,
2025-11-27T00:38:36.262221+00:00,train,1,780,self,1.0,0,99,,
2025-11-27T00:38:36.262337+00:00,train,1,781,self,1.0,0,89,,
2025-11-27T00:38:36.262451+00:00,train,1,782,self,1.0,0,90,,
2025-11-27T00:38:36.262564+00:00,train,1,783,self,1.0,0,82,,
2025-11-27T00:38:36.262676+00:00,train,1,784,self,1.0,0,97,,
2025-11-27T00:38:36.262787+00:00,train,1,785,self,1.0,0,86,,
2025-11-27T00:38:36.262899+00:00,train,1,786,self,1.0,0,100,,
2025-11-27T00:38:36.263009+00:00,train,1,787,self,1.0,0,97,,
2025-11-27T00:38:36.263141+00:00,train,1,788,self,1.0,0,100,,
2025-11-27T00:38:36.263253+00:00,train,1,789,self,1.0,0,98,,
2025-11-27T00:38:36.263363+00:00,train,1,790,self,1.0,0,100,,
2025-11-27T00:38:36.263474+00:00,train,1,791,self,1.0,0,89,,
2025-11-27T00:38:36.263629+00:00,train,1,792,self,1.0,0,99,,
2025-11-27T00:38:36.263743+00:00,train,1,793,self,1.0,0,99,,
2025-11-27T00:38:36.263855+00:00,train,1,794,self,1.0,0,100,,
2025-11-27T00:38:36.263967+00:00,train,1,795,self,1.0,0,81,,
2025-11-27T00:38:36.264079+00:00,train,1,796,self,1.0,0,92,,
2025-11-27T00:38:36.264191+00:00,train,1,797,self,1.0,0,95,,
2025-11-27T00:38:36.264302+00:00,train,1,798,self,1.0,0,99,,
2025-11-27T00:38:36.264414+00:00,train,1,799,self,1.0,0,97,,
2025-11-27T00:38:36.264526+00:00,train,1,800,self,1.0,0,99,,
2025-11-27T00:38:36.264637+00:00,train,1,801,self,1.0,0,97,,
2025-11-27T00:38:36.264749+00:00,train,1,802,self,1.0,0,98,,
2025-11-27T00:38:36.264860+00:00,train,1,803,self,1.0,0,94,,
2025-11-27T00:38:36.264971+00:00,train,1,804,self,1.0,0,99,,
2025-11-27T00:38:36.265083+00:00,train,1,805,self,1.0,0,93,,
2025-11-27T00:38:36.265194+00:00,train,1,806,self,1.0,0,98,,
2025-11-27T00:38:36.265305+00:00,train,1,807,self,1.0,0,94,,
2025-11-27T00:38:36.265418+00:00,train,1,808,self,1.0,0,100,,
2025-11-27T00:38:36.265548+00:00,train,1,809,self,1.0,0,99,,
2025-11-27T00:38:36.265660+00:00,train,1,810,self,1.0,0,100,,
2025-11-27T00:38:36.265772+00:00,train,1,811,self,1.0,0,96,,
2025-11-27T00:38:36.265884+00:00,train,1,812,self,1.0,0,97,,
2025-11-27T00:38:36.265995+00:00,train,1,813,self,1.0,0,97,,
2025-11-27T00:38:36.266106+00:00,train,1,814,self,1.0,0,97,,
2025-11-27T00:38:36.266217+00:00,train,1,815,self,1.0,0,95,,
2025-11-27T00:38:36.266332+00:00,train,1,816,self,1.0,0,99,,
2025-11-27T00:38:36.266444+00:00,train,1,817,self,1.0,0,96,,
2025-11-27T00:38:36.266555+00:00,train,1,818,self,1.0,0,96,,
2025-11-27T00:38:36.266667+00:00,train,1,819,self,1.0,0,96,,
2025-11-27T00:38:36.266778+00:00,train,1,820,self,1.0,0,100,,
2025-11-27T00:38:36.266889+00:00,train,1,821,self,1.0,0,94,,
2025-11-27T00:38:36.267000+00:00,train,1,822,self,1.0,0,98,,
2025-11-27T00:38:36.267111+00:00,train,1,823,self,1.0,0,100,,
2025-11-27T00:38:36.267222+00:00,train,1,824,self,1.0,0,100,,
2025-11-27T00:38:36.267334+00:00,train,1,825,self,1.0,0,99,,
2025-11-27T00:38:36.267446+00:00,train,1,826,self,1.0,0,100,,
2025-11-27T00:38:36.267557+00:00,train,1,827,self,1.0,0,95,,
2025-11-27T00:38:36.267668+00:00,train,1,828,self,1.0,0,100,,
2025-11-27T00:38:36.267780+00:00,train,1,829,self,1.0,0,91,,
2025-11-27T00:38:36.267891+00:00,train,1,830,self,1.0,0,95,,
2025-11-27T00:38:36.268002+00:00,train,1,831,self,1.0,0,100,,
2025-11-27T00:38:36.268113+00:00,train,1,832,self,1.0,0,100,,
2025-11-27T00:38:36.268224+00:00,train,1,833,self,1.0,0,90,,
2025-11-27T00:38:36.268337+00:00,train,1,834,self,1.0,0,97,,
2025-11-27T00:38:36.268448+00:00,train,1,835,self,1.0,0,89,,
2025-11-27T00:38:36.268559+00:00,train,1,836,self,1.0,0,99,,
2025-11-27T00:38:36.268671+00:00,train,1,837,self,1.0,0,88,,
2025-11-27T00:38:36.268783+00:00,train,1,838,self,1.0,0,91,,
2025-11-27T00:38:36.268894+00:00,train,1,839,self,1.0,0,98,,
2025-11-27T00:38:36.269005+00:00,train,1,840,self,1.0,0,100,,
2025-11-27T00:38:36.269116+00:00,train,1,841,self,1.0,0,98,,
2025-11-27T00:38:36.269228+00:00,train,1,842,self,1.0,0,99,,
2025-11-27T00:38:36.269339+00:00,train,1,843,self,1.0,0,95,,
2025-11-27T00:38:36.269450+00:00,train,1,844,self,1.0,0,98,,
2025-11-27T00:38:36.269561+00:00,train,1,845,self,1.0,0,87,,
2025-11-27T00:38:36.269672+00:00,train,1,846,self,1.0,0,93,,
2025-11-27T00:38:36.269783+00:00,train,1,847,self,1.0,0,87,,
2025-11-27T00:38:36.269895+00:00,train,1,848,self,1.0,0,100,,
2025-11-27T00:38:36.270006+00:00,train,1,849,self,1.0,0,83,,
2025-11-27T00:38:36.270117+00:00,train,1,850,self,1.0,0,98,,
2025-11-27T00:38:36.270228+00:00,train,1,851,self,1.0,0,98,,
2025-11-27T00:38:36.270339+00:00,train,1,852,self,1.0,0,99,,
2025-11-27T00:38:36.270450+00:00,train,1,853,self,1.0,0,96,,
2025-11-27T00:38:36.270561+00:00,train,1,854,self,1.0,0,100,,
2025-11-27T00:38:36.270672+00:00,train,1,855,self,1.0,0,92,,
2025-11-27T00:38:36.270783+00:00,train,1,856,self,1.0,0,95,,
2025-11-27T00:38:36.270938+00:00,train,1,857,self,1.0,0,86,,
2025-11-27T00:38:36.271050+00:00,train,1,858,self,1.0,0,97,,
2025-11-27T00:38:36.271161+00:00,train,1,859,self,1.0,0,97,,
2025-11-27T00:38:36.271273+00:00,train,1,860,self,1.0,0,100,,
2025-11-27T00:38:36.271384+00:00,train,1,861,self,1.0,0,85,,
2025-11-27T00:38:36.271496+00:00,train,1,862,self,1.0,0,100,,
2025-11-27T00:38:36.271607+00:00,train,1,863,self,1.0,0,91,,
2025-11-27T00:38:36.271719+00:00,train,1,864,self,1.0,0,96,,
2025-11-27T00:38:36.271830+00:00,train,1,865,self,1.0,0,94,,
2025-11-27T00:38:36.271942+00:00,train,1,866,self,1.0,0,99,,
2025-11-27T00:38:36.272106+00:00,train,1,867,self,1.0,0,92,,
2025-11-27T00:38:36.272218+00:00,train,1,868,self,1.0,0,94,,
2025-11-27T00:38:36.272330+00:00,train,1,869,self,1.0,0,96,,
2025-11-27T00:38:36.272445+00:00,train,1,870,self,1.0,0,98,,
2025-11-27T00:38:36.272557+00:00,train,1,871,self,1.0,0,94,,
2025-11-27T00:38:36.272668+00:00,train,1,872,self,1.0,0,94,,
2025-11-27T00:38:36.272780+00:00,train,1,873,self,1.0,0,87,,
2025-11-27T00:38:36.272891+00:00,train,1,874,self,1.0,0,97,,
2025-11-27T00:38:36.273003+00:00,train,1,875,self,1.0,0,94,,
2025-11-27T00:38:36.273141+00:00,train,1,876,self,1.0,0,95,,
2025-11-27T00:38:36.273298+00:00,train,1,877,self,1.0,0,95,,
2025-11-27T00:38:36.273425+00:00,train,1,878,self,1.0,0,99,,
2025-11-27T00:38:36.273546+00:00,train,1,879,self,1.0,0,94,,
2025-11-27T00:38:36.273663+00:00,train,1,880,self,1.0,0,96,,
2025-11-27T00:38:36.273777+00:00,train,1,881,self,1.0,0,94,,
2025-11-27T00:38:36.273892+00:00,train,1,882,self,1.0,0,97,,
2025-11-27T00:38:36.274004+00:00,train,1,883,self,1.0,0,97,,
2025-11-27T00:38:36.274116+00:00,train,1,884,self,1.0,0,97,,
2025-11-27T00:38:36.274228+00:00,train,1,885,self,1.0,0,92,,
2025-11-27T00:38:36.274340+00:00,train,1,886,self,1.0,0,95,,
2025-11-27T00:38:36.274452+00:00,train,1,887,self,1.0,0,100,,
2025-11-27T00:38:36.274563+00:00,train,1,888,self,1.0,0,100,,
2025-11-27T00:38:36.274675+00:00,train,1,889,self,1.0,0,95,,
2025-11-27T00:38:36.274786+00:00,train,1,890,self,1.0,0,99,,
2025-11-27T00:38:36.274898+00:00,train,1,891,self,1.0,0,78,,
2025-11-27T00:38:36.275009+00:00,train,1,892,self,1.0,0,100,,
2025-11-27T00:38:36.275119+00:00,train,1,893,self,1.0,0,88,,
2025-11-27T00:38:36.275230+00:00,train,1,894,self,1.0,0,100,,
2025-11-27T00:38:36.275341+00:00,train,1,895,self,1.0,0,92,,
2025-11-27T00:38:36.275452+00:00,train,1,896,self,1.0,0,97,,
2025-11-27T00:38:36.275564+00:00,train,1,897,self,1.0,0,85,,
2025-11-27T00:38:36.275674+00:00,train,1,898,self,1.0,0,100,,
2025-11-27T00:38:36.275784+00:00,train,1,899,self,1.0,0,59,,
2025-11-27T00:38:36.275894+00:00,train,1,900,self,1.0,0,80,,
2025-11-27T00:38:36.276005+00:00,train,1,901,self,1.0,0,92,,
2025-11-27T00:38:36.276115+00:00,train,1,902,self,1.0,0,99,,
2025-11-27T00:38:36.276226+00:00,train,1,903,self,1.0,0,95,,
2025-11-27T00:38:36.276337+00:00,train,1,904,self,1.0,0,95,,
2025-11-27T00:38:36.276451+00:00,train,1,905,self,1.0,0,95,,
2025-11-27T00:38:36.276561+00:00,train,1,906,self,1.0,0,96,,
2025-11-27T00:38:36.276671+00:00,train,1,907,self,1.0,0,88,,
2025-11-27T00:38:36.276782+00:00,train,1,908,self,1.0,0,96,,
2025-11-27T00:38:36.276893+00:00,train,1,909,self,1.0,0,97,,
2025-11-27T00:38:36.277004+00:00,train,1,910,self,1.0,0,98,,
2025-11-27T00:38:36.277115+00:00,train,1,911,self,1.0,0,97,,
2025-11-27T00:38:36.277225+00:00,train,1,912,self,1.0,0,97,,
2025-11-27T00:38:36.277336+00:00,train,1,913,self,1.0,0,87,,
2025-11-27T00:38:36.277446+00:00,train,1,914,self,1.0,0,92,,
2025-11-27T00:38:36.277556+00:00,train,1,915,self,1.0,0,93,,
2025-11-27T00:38:36.277667+00:00,train,1,916,self,1.0,0,95,,
2025-11-27T00:38:36.277778+00:00,train,1,917,self,1.0,0,90,,
2025-11-27T00:38:36.277888+00:00,train,1,918,self,1.0,0,99,,
2025-11-27T00:38:36.277999+00:00,train,1,919,self,1.0,0,98,,
2025-11-27T00:38:36.278110+00:00,train,1,920,self,1.0,0,99,,
2025-11-27T00:38:36.278220+00:00,train,1,921,self,1.0,0,95,,
2025-11-27T00:38:36.278330+00:00,train,1,922,self,1.0,0,99,,
2025-11-27T00:38:36.278486+00:00,train,1,923,self,1.0,0,93,,
2025-11-27T00:38:36.278598+00:00,train,1,924,self,1.0,0,100,,
2025-11-27T00:38:36.278709+00:00,train,1,925,self,1.0,0,93,,
2025-11-27T00:38:36.278821+00:00,train,1,926,self,1.0,0,99,,
2025-11-27T00:38:36.278932+00:00,train,1,927,self,1.0,0,80,,
2025-11-27T00:38:36.279043+00:00,train,1,928,self,1.0,0,94,,
2025-11-27T00:38:36.279154+00:00,train,1,929,self,1.0,0,95,,
2025-11-27T00:38:36.279265+00:00,train,1,930,self,1.0,0,97,,
2025-11-27T00:38:36.279376+00:00,train,1,931,self,1.0,0,89,,
2025-11-27T00:38:36.279486+00:00,train,1,932,self,1.0,0,95,,
2025-11-27T00:38:36.279596+00:00,train,1,933,self,1.0,0,99,,
2025-11-27T00:38:36.279707+00:00,train,1,934,self,1.0,0,100,,
2025-11-27T00:38:36.279818+00:00,train,1,935,self,1.0,0,92,,
2025-11-27T00:38:36.279929+00:00,train,1,936,self,1.0,0,99,,
2025-11-27T00:38:36.280040+00:00,train,1,937,self,1.0,0,99,,
2025-11-27T00:38:36.280151+00:00,train,1,938,self,1.0,0,100,,
2025-11-27T00:38:36.280263+00:00,train,1,939,self,1.0,0,97,,
2025-11-27T00:38:36.280373+00:00,train,1,940,self,1.0,0,98,,
2025-11-27T00:38:36.280484+00:00,train,1,941,self,1.0,0,84,,
2025-11-27T00:38:36.280594+00:00,train,1,942,self,1.0,0,100,,
2025-11-27T00:38:36.280704+00:00,train,1,943,self,1.0,0,84,,
2025-11-27T00:38:36.280815+00:00,train,1,944,self,1.0,0,99,,
2025-11-27T00:38:36.280925+00:00,train,1,945,self,1.0,0,83,,
2025-11-27T00:38:36.281035+00:00,train,1,946,self,1.0,0,100,,
2025-11-27T00:38:36.281146+00:00,train,1,947,self,1.0,0,95,,
2025-11-27T00:38:36.281257+00:00,train,1,948,self,1.0,0,99,,
2025-11-27T00:38:36.281367+00:00,train,1,949,self,1.0,0,90,,
2025-11-27T00:38:36.281478+00:00,train,1,950,self,1.0,0,95,,
2025-11-27T00:38:36.281588+00:00,train,1,951,self,1.0,0,99,,
2025-11-27T00:38:36.281699+00:00,train,1,952,self,1.0,0,100,,
2025-11-27T00:38:36.281809+00:00,train,1,953,self,1.0,0,98,,
2025-11-27T00:38:36.281959+00:00,train,1,954,self,1.0,0,100,,
2025-11-27T00:38:36.282107+00:00,train,1,955,self,1.0,0,90,,
2025-11-27T00:38:36.282247+00:00,train,1,956,self,1.0,0,95,,
2025-11-27T00:38:36.282375+00:00,train,1,957,self,1.0,0,93,,
2025-11-27T00:38:36.282549+00:00,train,1,958,self,1.0,0,99,,
2025-11-27T00:38:36.282683+00:00,train,1,959,self,1.0,0,94,,
2025-11-27T00:38:36.282807+00:00,train,1,960,self,1.0,0,99,,
2025-11-27T00:38:36.282927+00:00,train,1,961,self,1.0,0,90,,
2025-11-27T00:38:36.283045+00:00,train,1,962,self,1.0,0,95,,
2025-11-27T00:38:36.283161+00:00,train,1,963,self,1.0,0,95,,
2025-11-27T00:38:36.283276+00:00,train,1,964,self,1.0,0,100,,
2025-11-27T00:38:36.283392+00:00,train,1,965,self,1.0,0,93,,
2025-11-27T00:38:36.283554+00:00,train,1,966,self,1.0,0,100,,
2025-11-27T00:38:36.283687+00:00,train,1,967,self,1.0,0,93,,
2025-11-27T00:38:36.283810+00:00,train,1,968,self,1.0,0,100,,
2025-11-27T00:38:36.283928+00:00,train,1,969,self,1.0,0,92,,
2025-11-27T00:38:36.284046+00:00,train,1,970,self,1.0,0,95,,
2025-11-27T00:38:36.284161+00:00,train,1,971,self,1.0,0,90,,
2025-11-27T00:38:36.284275+00:00,train,1,972,self,1.0,0,92,,
2025-11-27T00:38:36.284388+00:00,train,1,973,self,1.0,0,95,,
2025-11-27T00:38:36.284502+00:00,train,1,974,self,1.0,0,100,,
2025-11-27T00:38:36.284615+00:00,train,1,975,self,1.0,0,95,,
2025-11-27T00:38:36.284728+00:00,train,1,976,self,1.0,0,96,,
2025-11-27T00:38:36.284841+00:00,train,1,977,self,1.0,0,90,,
2025-11-27T00:38:36.284954+00:00,train,1,978,self,1.0,0,92,,
2025-11-27T00:38:36.285066+00:00,train,1,979,self,1.0,0,93,,
2025-11-27T00:38:36.285179+00:00,train,1,980,self,1.0,0,98,,
2025-11-27T00:38:36.285292+00:00,train,1,981,self,1.0,0,98,,
2025-11-27T00:38:36.285404+00:00,train,1,982,self,1.0,0,100,,
2025-11-27T00:38:36.285516+00:00,train,1,983,self,1.0,0,88,,
2025-11-27T00:38:36.285628+00:00,train,1,984,self,1.0,0,99,,
2025-11-27T00:38:36.285741+00:00,train,1,985,self,1.0,0,89,,
2025-11-27T00:38:36.285853+00:00,train,1,986,self,1.0,0,100,,
2025-11-27T00:38:36.285966+00:00,train,1,987,self,1.0,0,98,,
2025-11-27T00:38:36.286080+00:00,train,1,988,self,1.0,0,98,,
2025-11-27T00:38:36.286283+00:00,train,1,989,self,1.0,0,87,,
2025-11-27T00:38:36.286417+00:00,train,1,990,self,1.0,0,96,,
2025-11-27T00:38:36.286545+00:00,train,1,991,self,1.0,0,99,,
2025-11-27T00:38:36.286670+00:00,train,1,992,self,1.0,0,100,,
2025-11-27T00:38:36.286806+00:00,train,1,993,self,1.0,0,96,,
2025-11-27T00:38:36.286929+00:00,train,1,994,self,1.0,0,100,,
2025-11-27T00:38:36.287062+00:00,train,1,995,self,1.0,0,99,,
2025-11-27T00:38:36.287183+00:00,train,1,996,self,1.0,0,100,,
2025-11-27T00:38:36.287313+00:00,train,1,997,self,1.0,0,99,,
2025-11-27T00:38:36.287433+00:00,train,1,998,self,1.0,0,100,,
2025-11-27T00:38:36.287552+00:00,train,1,999,self,1.0,0,98,,
2025-11-27T00:38:36.287671+00:00,train,1,1000,self,1.0,0,99,,
2025-11-27T00:38:36.290049+00:00,train,1,1001,self,1.0,0,88,,
2025-11-27T00:38:36.290179+00:00,train,1,1002,self,1.0,0,89,,
2025-11-27T00:38:36.290316+00:00,train,1,1003,self,1.0,0,90,,
2025-11-27T00:38:36.290437+00:00,train,1,1004,self,1.0,0,100,,
2025-11-27T00:38:36.290604+00:00,train,1,1005,self,1.0,0,95,,
2025-11-27T00:38:36.290736+00:00,train,1,1006,self,1.0,0,97,,
2025-11-27T00:38:36.290902+00:00,train,1,1007,self,1.0,0,98,,
2025-11-27T00:38:36.291040+00:00,train,1,1008,self,1.0,0,100,,
2025-11-27T00:38:36.291170+00:00,train,1,1009,self,1.0,0,90,,
2025-11-27T00:38:36.291295+00:00,train,1,1010,self,1.0,0,93,,
2025-11-27T00:38:36.291458+00:00,train,1,1011,self,1.0,0,79,,
2025-11-27T00:38:36.291590+00:00,train,1,1012,self,1.0,0,98,,
2025-11-27T00:38:36.291754+00:00,train,1,1013,self,1.0,0,99,,
2025-11-27T00:38:36.291891+00:00,train,1,1014,self,1.0,0,100,,
2025-11-27T00:38:36.292022+00:00,train,1,1015,self,1.0,0,91,,
2025-11-27T00:38:36.292146+00:00,train,1,1016,self,1.0,0,98,,
2025-11-27T00:38:36.292353+00:00,train,1,1017,self,1.0,0,95,,
2025-11-27T00:38:36.292490+00:00,train,1,1018,self,1.0,0,99,,
2025-11-27T00:38:36.292631+00:00,train,1,1019,self,1.0,0,94,,
2025-11-27T00:38:36.292751+00:00,train,1,1020,self,1.0,0,94,,
2025-11-27T00:38:36.292945+00:00,train,1,1021,self,1.0,0,93,,
2025-11-27T00:38:36.293090+00:00,train,1,1022,self,1.0,0,100,,
2025-11-27T00:38:36.293222+00:00,train,1,1023,self,1.0,0,96,,
2025-11-27T00:38:36.293351+00:00,train,1,1024,self,1.0,0,99,,
2025-11-27T00:38:36.293530+00:00,train,1,1025,self,1.0,0,95,,
2025-11-27T00:38:36.293667+00:00,train,1,1026,self,1.0,0,100,,
2025-11-27T00:38:36.293815+00:00,train,1,1027,self,1.0,0,96,,
2025-11-27T00:38:36.293941+00:00,train,1,1028,self,1.0,0,99,,
2025-11-27T00:38:36.294116+00:00,train,1,1029,self,1.0,0,91,,
2025-11-27T00:38:36.294262+00:00,train,1,1030,self,1.0,0,95,,
2025-11-27T00:38:36.294398+00:00,train,1,1031,self,1.0,0,85,,
2025-11-27T00:38:36.294530+00:00,train,1,1032,self,1.0,0,93,,
2025-11-27T00:38:36.294658+00:00,train,1,1033,self,1.0,0,86,,
2025-11-27T00:38:36.294785+00:00,train,1,1034,self,1.0,0,98,,
2025-11-27T00:38:36.294935+00:00,train,1,1035,self,1.0,0,96,,
2025-11-27T00:38:36.295064+00:00,train,1,1036,self,1.0,0,98,,
2025-11-27T00:38:36.295192+00:00,train,1,1037,self,1.0,0,92,,
2025-11-27T00:38:36.295319+00:00,train,1,1038,self,1.0,0,98,,
2025-11-27T00:38:36.295446+00:00,train,1,1039,self,1.0,0,99,,
2025-11-27T00:38:36.295576+00:00,train,1,1040,self,1.0,0,100,,
2025-11-27T00:38:36.295704+00:00,train,1,1041,self,1.0,0,95,,
2025-11-27T00:38:36.295846+00:00,train,1,1042,self,1.0,0,96,,
2025-11-27T00:38:36.295977+00:00,train,1,1043,self,1.0,0,93,,
2025-11-27T00:38:36.296107+00:00,train,1,1044,self,1.0,0,100,,
2025-11-27T00:38:36.296238+00:00,train,1,1045,self,1.0,0,95,,
2025-11-27T00:38:36.296371+00:00,train,1,1046,self,1.0,0,95,,
2025-11-27T00:38:36.296502+00:00,train,1,1047,self,1.0,0,100,,
2025-11-27T00:38:36.296633+00:00,train,1,1048,self,1.0,0,100,,
2025-11-27T00:38:36.296764+00:00,train,1,1049,self,1.0,0,90,,
2025-11-27T00:38:36.296914+00:00,train,1,1050,self,1.0,0,92,,
2025-11-27T00:38:36.297049+00:00,train,1,1051,self,1.0,0,89,,
2025-11-27T00:38:36.297184+00:00,train,1,1052,self,1.0,0,97,,
2025-11-27T00:38:36.297322+00:00,train,1,1053,self,1.0,0,90,,
2025-11-27T00:38:36.297511+00:00,train,1,1054,self,1.0,0,99,,
2025-11-27T00:38:36.297649+00:00,train,1,1055,self,1.0,0,93,,
2025-11-27T00:38:36.297799+00:00,train,1,1056,self,1.0,0,100,,
2025-11-27T00:38:36.297937+00:00,train,1,1057,self,1.0,0,96,,
2025-11-27T00:38:36.298077+00:00,train,1,1058,self,1.0,0,98,,
2025-11-27T00:38:36.298215+00:00,train,1,1059,self,1.0,0,95,,
2025-11-27T00:38:36.298354+00:00,train,1,1060,self,1.0,0,100,,
2025-11-27T00:38:36.298494+00:00,train,1,1061,self,1.0,0,92,,
2025-11-27T00:38:36.298634+00:00,train,1,1062,self,1.0,0,93,,
2025-11-27T00:38:36.298772+00:00,train,1,1063,self,1.0,0,96,,
2025-11-27T00:38:36.298911+00:00,train,1,1064,self,1.0,0,100,,
2025-11-27T00:38:36.299049+00:00,train,1,1065,self,1.0,0,97,,
2025-11-27T00:38:36.299188+00:00,train,1,1066,self,1.0,0,99,,
2025-11-27T00:38:36.299326+00:00,train,1,1067,self,1.0,0,100,,
2025-11-27T00:38:36.299464+00:00,train,1,1068,self,1.0,0,100,,
2025-11-27T00:38:36.299603+00:00,train,1,1069,self,1.0,0,93,,
2025-11-27T00:38:36.299741+00:00,train,1,1070,self,1.0,0,98,,
2025-11-27T00:38:36.299879+00:00,train,1,1071,self,1.0,0,97,,
2025-11-27T00:38:36.300021+00:00,train,1,1072,self,1.0,0,100,,
2025-11-27T00:38:36.300161+00:00,train,1,1073,self,1.0,0,96,,
2025-11-27T00:38:36.300300+00:00,train,1,1074,self,1.0,0,97,,
2025-11-27T00:38:36.300438+00:00,train,1,1075,self,1.0,0,91,,
2025-11-27T00:38:36.300577+00:00,train,1,1076,self,1.0,0,100,,
2025-11-27T00:38:36.300716+00:00,train,1,1077,self,1.0,0,91,,
2025-11-27T00:38:36.300855+00:00,train,1,1078,self,1.0,0,98,,
2025-11-27T00:38:36.300998+00:00,train,1,1079,self,1.0,0,96,,
2025-11-27T00:38:36.301138+00:00,train,1,1080,self,1.0,0,100,,
2025-11-27T00:38:36.301277+00:00,train,1,1081,self,1.0,0,92,,
2025-11-27T00:38:36.301416+00:00,train,1,1082,self,1.0,0,92,,
2025-11-27T00:38:36.301556+00:00,train,1,1083,self,1.0,0,96,,
2025-11-27T00:38:36.301695+00:00,train,1,1084,self,1.0,0,98,,
2025-11-27T00:38:36.301833+00:00,train,1,1085,self,1.0,0,96,,
2025-11-27T00:38:36.301973+00:00,train,1,1086,self,1.0,0,100,,
2025-11-27T00:38:36.302113+00:00,train,1,1087,self,1.0,0,94,,
2025-11-27T00:38:36.302252+00:00,train,1,1088,self,1.0,0,99,,
2025-11-27T00:38:36.302430+00:00,train,1,1089,self,1.0,0,94,,
2025-11-27T00:38:36.302617+00:00,train,1,1090,self,1.0,0,97,,
2025-11-27T00:38:36.302767+00:00,train,1,1091,self,1.0,0,92,,
2025-11-27T00:38:36.302911+00:00,train,1,1092,self,1.0,0,96,,
2025-11-27T00:38:36.303052+00:00,train,1,1093,self,1.0,0,98,,
2025-11-27T00:38:36.303190+00:00,train,1,1094,self,1.0,0,100,,
2025-11-27T00:38:36.303324+00:00,train,1,1095,self,1.0,0,84,,
2025-11-27T00:38:36.303459+00:00,train,1,1096,self,1.0,0,94,,
2025-11-27T00:38:36.303593+00:00,train,1,1097,self,1.0,0,98,,
2025-11-27T00:38:36.303728+00:00,train,1,1098,self,1.0,0,99,,
2025-11-27T00:38:36.303860+00:00,train,1,1099,self,1.0,0,96,,
2025-11-27T00:38:36.303995+00:00,train,1,1100,self,1.0,0,99,,
2025-11-27T00:38:36.304126+00:00,train,1,1101,self,1.0,0,87,,
2025-11-27T00:38:36.304257+00:00,train,1,1102,self,1.0,0,93,,
2025-11-27T00:38:36.304387+00:00,train,1,1103,self,1.0,0,93,,
2025-11-27T00:38:36.304518+00:00,train,1,1104,self,1.0,0,97,,
2025-11-27T00:38:36.304649+00:00,train,1,1105,self,1.0,0,96,,
2025-11-27T00:38:36.304781+00:00,train,1,1106,self,1.0,0,99,,
2025-11-27T00:38:36.304912+00:00,train,1,1107,self,1.0,0,94,,
2025-11-27T00:38:36.305044+00:00,train,1,1108,self,1.0,0,100,,
2025-11-27T00:38:36.305175+00:00,train,1,1109,self,1.0,0,94,,
2025-11-27T00:38:36.305307+00:00,train,1,1110,self,1.0,0,99,,
2025-11-27T00:38:36.305439+00:00,train,1,1111,self,1.0,0,93,,
2025-11-27T00:38:36.305570+00:00,train,1,1112,self,1.0,0,95,,
2025-11-27T00:38:36.305701+00:00,train,1,1113,self,1.0,0,87,,
2025-11-27T00:38:36.305845+00:00,train,1,1114,self,1.0,0,92,,
2025-11-27T00:38:36.305973+00:00,train,1,1115,self,1.0,0,100,,
2025-11-27T00:38:36.306100+00:00,train,1,1116,self,1.0,0,100,,
2025-11-27T00:38:36.306228+00:00,train,1,1117,self,1.0,0,96,,
2025-11-27T00:38:36.306355+00:00,train,1,1118,self,1.0,0,96,,
2025-11-27T00:38:36.306555+00:00,train,1,1119,self,1.0,0,94,,
2025-11-27T00:38:36.306684+00:00,train,1,1120,self,1.0,0,95,,
2025-11-27T00:38:36.306824+00:00,train,1,1121,self,1.0,0,92,,
2025-11-27T00:38:36.306946+00:00,train,1,1122,self,1.0,0,99,,
2025-11-27T00:38:36.307068+00:00,train,1,1123,self,1.0,0,86,,
2025-11-27T00:38:36.307190+00:00,train,1,1124,self,1.0,0,98,,
2025-11-27T00:38:36.307312+00:00,train,1,1125,self,1.0,0,90,,
2025-11-27T00:38:36.307433+00:00,train,1,1126,self,1.0,0,98,,
2025-11-27T00:38:36.307554+00:00,train,1,1127,self,1.0,0,90,,
2025-11-27T00:38:36.307675+00:00,train,1,1128,self,1.0,0,99,,
2025-11-27T00:38:36.307810+00:00,train,1,1129,self,1.0,0,94,,
2025-11-27T00:38:36.307928+00:00,train,1,1130,self,1.0,0,95,,
2025-11-27T00:38:36.308046+00:00,train,1,1131,self,1.0,0,85,,
2025-11-27T00:38:36.308164+00:00,train,1,1132,self,1.0,0,95,,
2025-11-27T00:38:36.308281+00:00,train,1,1133,self,1.0,0,96,,
2025-11-27T00:38:36.308399+00:00,train,1,1134,self,1.0,0,100,,
2025-11-27T00:38:36.308517+00:00,train,1,1135,self,1.0,0,86,,
2025-11-27T00:38:36.308636+00:00,train,1,1136,self,1.0,0,99,,
2025-11-27T00:38:36.308767+00:00,train,1,1137,self,1.0,0,98,,
2025-11-27T00:38:36.308882+00:00,train,1,1138,self,1.0,0,100,,
2025-11-27T00:38:36.308997+00:00,train,1,1139,self,1.0,0,97,,
2025-11-27T00:38:36.309111+00:00,train,1,1140,self,1.0,0,99,,
2025-11-27T00:38:36.309225+00:00,train,1,1141,self,1.0,0,98,,
2025-11-27T00:38:36.309340+00:00,train,1,1142,self,1.0,0,100,,
2025-11-27T00:38:36.309454+00:00,train,1,1143,self,1.0,0,93,,
2025-11-27T00:38:36.309569+00:00,train,1,1144,self,1.0,0,93,,
2025-11-27T00:38:36.309683+00:00,train,1,1145,self,1.0,0,97,,
2025-11-27T00:38:36.309812+00:00,train,1,1146,self,1.0,0,97,,
2025-11-27T00:38:36.309923+00:00,train,1,1147,self,1.0,0,95,,
2025-11-27T00:38:36.310034+00:00,train,1,1148,self,1.0,0,98,,
2025-11-27T00:38:36.310146+00:00,train,1,1149,self,1.0,0,93,,
2025-11-27T00:38:36.310258+00:00,train,1,1150,self,1.0,0,100,,
2025-11-27T00:38:36.310369+00:00,train,1,1151,self,1.0,0,95,,
2025-11-27T00:38:36.310530+00:00,train,1,1152,self,1.0,0,100,,
2025-11-27T00:38:36.310681+00:00,train,1,1153,self,1.0,0,96,,
2025-11-27T00:38:36.310831+00:00,train,1,1154,self,1.0,0,98,,
2025-11-27T00:38:36.310949+00:00,train,1,1155,self,1.0,0,93,,
2025-11-27T00:38:36.311065+00:00,train,1,1156,self,1.0,0,94,,
2025-11-27T00:38:36.311179+00:00,train,1,1157,self,1.0,0,95,,
2025-11-27T00:38:36.311292+00:00,train,1,1158,self,1.0,0,100,,
2025-11-27T00:38:36.311431+00:00,train,1,1159,self,1.0,0,94,,
2025-11-27T00:38:36.311550+00:00,train,1,1160,self,1.0,0,98,,
2025-11-27T00:38:36.311662+00:00,train,1,1161,self,1.0,0,94,,
2025-11-27T00:38:36.311787+00:00,train,1,1162,self,1.0,0,99,,
2025-11-27T00:38:36.311896+00:00,train,1,1163,self,1.0,0,96,,
2025-11-27T00:38:36.312005+00:00,train,1,1164,self,1.0,0,98,,
2025-11-27T00:38:36.312114+00:00,train,1,1165,self,1.0,0,87,,
2025-11-27T00:38:36.312224+00:00,train,1,1166,self,1.0,0,94,,
2025-11-27T00:38:36.312332+00:00,train,1,1167,self,1.0,0,83,,
2025-11-27T00:38:36.312440+00:00,train,1,1168,self,1.0,0,96,,
2025-11-27T00:38:36.312548+00:00,train,1,1169,self,1.0,0,99,,
2025-11-27T00:38:36.312655+00:00,train,1,1170,self,1.0,0,100,,
2025-11-27T00:38:36.312819+00:00,train,1,1171,self,1.0,0,88,,
2025-11-27T00:38:36.312928+00:00,train,1,1172,self,1.0,0,99,,
2025-11-27T00:38:36.313036+00:00,train,1,1173,self,1.0,0,91,,
2025-11-27T00:38:36.313144+00:00,train,1,1174,self,1.0,0,97,,
2025-11-27T00:38:36.313252+00:00,train,1,1175,self,1.0,0,99,,
2025-11-27T00:38:36.313360+00:00,train,1,1176,self,1.0,0,100,,
2025-11-27T00:38:36.313467+00:00,train,1,1177,self,1.0,0,95,,
2025-11-27T00:38:36.313575+00:00,train,1,1178,self,1.0,0,96,,
2025-11-27T00:38:36.313682+00:00,train,1,1179,self,1.0,0,88,,
2025-11-27T00:38:36.313789+00:00,train,1,1180,self,1.0,0,99,,
2025-11-27T00:38:36.313897+00:00,train,1,1181,self,1.0,0,98,,
2025-11-27T00:38:36.314008+00:00,train,1,1182,self,1.0,0,100,,
2025-11-27T00:38:36.314135+00:00,train,1,1183,self,1.0,0,95,,
2025-11-27T00:38:36.314247+00:00,train,1,1184,self,1.0,0,100,,
2025-11-27T00:38:36.314359+00:00,train,1,1185,self,1.0,0,89,,
2025-11-27T00:38:36.314469+00:00,train,1,1186,self,1.0,0,95,,
2025-11-27T00:38:36.314579+00:00,train,1,1187,self,1.0,0,96,,
2025-11-27T00:38:36.314690+00:00,train,1,1188,self,1.0,0,100,,
2025-11-27T00:38:36.314799+00:00,train,1,1189,self,1.0,0,87,,
2025-11-27T00:38:36.314909+00:00,train,1,1190,self,1.0,0,98,,
2025-11-27T00:38:36.315019+00:00,train,1,1191,self,1.0,0,88,,
2025-11-27T00:38:36.315128+00:00,train,1,1192,self,1.0,0,100,,
2025-11-27T00:38:36.315238+00:00,train,1,1193,self,1.0,0,98,,
2025-11-27T00:38:36.315392+00:00,train,1,1194,self,1.0,0,98,,
2025-11-27T00:38:36.315502+00:00,train,1,1195,self,1.0,0,95,,
2025-11-27T00:38:36.315613+00:00,train,1,1196,self,1.0,0,99,,
2025-11-27T00:38:36.315723+00:00,train,1,1197,self,1.0,0,96,,
2025-11-27T00:38:36.315833+00:00,train,1,1198,self,1.0,0,97,,
2025-11-27T00:38:36.315942+00:00,train,1,1199,self,1.0,0,95,,
2025-11-27T00:38:36.316052+00:00,train,1,1200,self,1.0,0,100,,
2025-11-27T00:38:36.316163+00:00,train,1,1201,self,1.0,0,95,,
2025-11-27T00:38:36.316323+00:00,train,1,1202,self,1.0,0,98,,
2025-11-27T00:38:36.316433+00:00,train,1,1203,self,1.0,0,95,,
2025-11-27T00:38:36.316543+00:00,train,1,1204,self,1.0,0,98,,
2025-11-27T00:38:36.316652+00:00,train,1,1205,self,1.0,0,95,,
2025-11-27T00:38:36.316762+00:00,train,1,1206,self,1.0,0,96,,
2025-11-27T00:38:36.316872+00:00,train,1,1207,self,1.0,0,97,,
2025-11-27T00:38:36.316981+00:00,train,1,1208,self,1.0,0,100,,
2025-11-27T00:38:36.317091+00:00,train,1,1209,self,1.0,0,98,,
2025-11-27T00:38:36.317201+00:00,train,1,1210,self,1.0,0,100,,
2025-11-27T00:38:36.317310+00:00,train,1,1211,self,1.0,0,93,,
2025-11-27T00:38:36.317420+00:00,train,1,1212,self,1.0,0,94,,
2025-11-27T00:38:36.317529+00:00,train,1,1213,self,1.0,0,93,,
2025-11-27T00:38:36.317639+00:00,train,1,1214,self,1.0,0,98,,
2025-11-27T00:38:36.317748+00:00,train,1,1215,self,1.0,0,86,,
2025-11-27T00:38:36.317857+00:00,train,1,1216,self,1.0,0,96,,
2025-11-27T00:38:36.317966+00:00,train,1,1217,self,1.0,0,93,,
2025-11-27T00:38:36.318076+00:00,train,1,1218,self,1.0,0,95,,
2025-11-27T00:38:36.318185+00:00,train,1,1219,self,1.0,0,98,,
2025-11-27T00:38:36.318294+00:00,train,1,1220,self,1.0,0,100,,
2025-11-27T00:38:36.318404+00:00,train,1,1221,self,1.0,0,98,,
2025-11-27T00:38:36.318513+00:00,train,1,1222,self,1.0,0,100,,
2025-11-27T00:38:36.318622+00:00,train,1,1223,self,1.0,0,93,,
2025-11-27T00:38:36.318732+00:00,train,1,1224,self,1.0,0,99,,
2025-11-27T00:38:36.318842+00:00,train,1,1225,self,1.0,0,92,,
2025-11-27T00:38:36.318951+00:00,train,1,1226,self,1.0,0,99,,
2025-11-27T00:38:36.319060+00:00,train,1,1227,self,1.0,0,99,,
2025-11-27T00:38:36.319169+00:00,train,1,1228,self,1.0,0,100,,
2025-11-27T00:38:36.319279+00:00,train,1,1229,self,1.0,0,87,,
2025-11-27T00:38:36.319388+00:00,train,1,1230,self,1.0,0,97,,
2025-11-27T00:38:36.319498+00:00,train,1,1231,self,1.0,0,95,,
2025-11-27T00:38:36.319607+00:00,train,1,1232,self,1.0,0,98,,
2025-11-27T00:38:36.319716+00:00,train,1,1233,self,1.0,0,96,,
2025-11-27T00:38:36.319826+00:00,train,1,1234,self,1.0,0,100,,
2025-11-27T00:38:36.319936+00:00,train,1,1235,self,1.0,0,95,,
2025-11-27T00:38:36.320045+00:00,train,1,1236,self,1.0,0,100,,
2025-11-27T00:38:36.320154+00:00,train,1,1237,self,1.0,0,93,,
2025-11-27T00:38:36.320264+00:00,train,1,1238,self,1.0,0,99,,
2025-11-27T00:38:36.320373+00:00,train,1,1239,self,1.0,0,100,,
2025-11-27T00:38:36.320482+00:00,train,1,1240,self,1.0,0,100,,
2025-11-27T00:38:36.320592+00:00,train,1,1241,self,1.0,0,99,,
2025-11-27T00:38:36.320701+00:00,train,1,1242,self,1.0,0,100,,
2025-11-27T00:38:36.320811+00:00,train,1,1243,self,1.0,0,94,,
2025-11-27T00:38:36.320921+00:00,train,1,1244,self,1.0,0,99,,
2025-11-27T00:38:36.321030+00:00,train,1,1245,self,1.0,0,95,,
2025-11-27T00:38:36.321139+00:00,train,1,1246,self,1.0,0,99,,
2025-11-27T00:38:36.321248+00:00,train,1,1247,self,1.0,0,95,,
2025-11-27T00:38:36.321358+00:00,train,1,1248,self,1.0,0,96,,
2025-11-27T00:38:36.321469+00:00,train,1,1249,self,1.0,0,86,,
2025-11-27T00:38:36.321579+00:00,train,1,1250,self,1.0,0,92,,
2025-11-27T00:38:36.321688+00:00,train,1,1251,self,1.0,0,92,,
2025-11-27T00:38:36.321797+00:00,train,1,1252,self,1.0,0,96,,
2025-11-27T00:38:36.321907+00:00,train,1,1253,self,1.0,0,96,,
2025-11-27T00:38:36.322016+00:00,train,1,1254,self,1.0,0,97,,
2025-11-27T00:38:36.322125+00:00,train,1,1255,self,1.0,0,97,,
2025-11-27T00:38:36.322235+00:00,train,1,1256,self,1.0,0,100,,
2025-11-27T00:38:36.322344+00:00,train,1,1257,self,1.0,0,85,,
2025-11-27T00:38:36.322454+00:00,train,1,1258,self,1.0,0,100,,
2025-11-27T00:38:36.322564+00:00,train,1,1259,self,1.0,0,98,,
2025-11-27T00:38:36.322673+00:00,train,1,1260,self,1.0,0,99,,
2025-11-27T00:38:36.322783+00:00,train,1,1261,self,1.0,0,83,,
2025-11-27T00:38:36.322892+00:00,train,1,1262,self,1.0,0,98,,
2025-11-27T00:38:36.323002+00:00,train,1,1263,self,1.0,0,100,,
2025-11-27T00:38:36.323112+00:00,train,1,1264,self,1.0,0,100,,
2025-11-27T00:38:36.323222+00:00,train,1,1265,self,1.0,0,98,,
2025-11-27T00:38:36.323331+00:00,train,1,1266,self,1.0,0,100,,
2025-11-27T00:38:36.323571+00:00,train,1,1267,self,1.0,0,95,,
2025-11-27T00:38:36.323706+00:00,train,1,1268,self,1.0,0,96,,
2025-11-27T00:38:36.323832+00:00,train,1,1269,self,1.0,0,87,,
2025-11-27T00:38:36.323968+00:00,train,1,1270,self,1.0,0,100,,
2025-11-27T00:38:36.324090+00:00,train,1,1271,self,1.0,0,95,,
2025-11-27T00:38:36.324219+00:00,train,1,1272,self,1.0,0,99,,
2025-11-27T00:38:36.324338+00:00,train,1,1273,self,1.0,0,98,,
2025-11-27T00:38:36.324474+00:00,train,1,1274,self,1.0,0,98,,
2025-11-27T00:38:36.324593+00:00,train,1,1275,self,1.0,0,96,,
2025-11-27T00:38:36.324726+00:00,train,1,1276,self,1.0,0,96,,
2025-11-27T00:38:36.324843+00:00,train,1,1277,self,1.0,0,98,,
2025-11-27T00:38:36.324976+00:00,train,1,1278,self,1.0,0,100,,
2025-11-27T00:38:36.325093+00:00,train,1,1279,self,1.0,0,85,,
2025-11-27T00:38:36.325225+00:00,train,1,1280,self,1.0,0,98,,
2025-11-27T00:38:36.325342+00:00,train,1,1281,self,1.0,0,94,,
2025-11-27T00:38:36.325473+00:00,train,1,1282,self,1.0,0,99,,
2025-11-27T00:38:36.325590+00:00,train,1,1283,self,1.0,0,95,,
2025-11-27T00:38:36.325706+00:00,train,1,1284,self,1.0,0,97,,
2025-11-27T00:38:36.325822+00:00,train,1,1285,self,1.0,0,86,,
2025-11-27T00:38:36.325938+00:00,train,1,1286,self,1.0,0,99,,
2025-11-27T00:38:36.326053+00:00,train,1,1287,self,1.0,0,91,,
2025-11-27T00:38:36.326169+00:00,train,1,1288,self,1.0,0,94,,
2025-11-27T00:38:36.326286+00:00,train,1,1289,self,1.0,0,94,,
2025-11-27T00:38:36.326406+00:00,train,1,1290,self,1.0,0,96,,
2025-11-27T00:38:36.326522+00:00,train,1,1291,self,1.0,0,98,,
2025-11-27T00:38:36.326653+00:00,train,1,1292,self,1.0,0,100,,
2025-11-27T00:38:36.326769+00:00,train,1,1293,self,1.0,0,87,,
2025-11-27T00:38:36.326886+00:00,train,1,1294,self,1.0,0,99,,
2025-11-27T00:38:36.327002+00:00,train,1,1295,self,1.0,0,98,,
2025-11-27T00:38:36.327118+00:00,train,1,1296,self,1.0,0,98,,
2025-11-27T00:38:36.327234+00:00,train,1,1297,self,1.0,0,88,,
2025-11-27T00:38:36.327350+00:00,train,1,1298,self,1.0,0,98,,
2025-11-27T00:38:36.327466+00:00,train,1,1299,self,1.0,0,100,,
2025-11-27T00:38:36.327583+00:00,train,1,1300,self,1.0,0,100,,
2025-11-27T00:38:36.327699+00:00,train,1,1301,self,1.0,0,96,,
2025-11-27T00:38:36.327815+00:00,train,1,1302,self,1.0,0,100,,
2025-11-27T00:38:36.327932+00:00,train,1,1303,self,1.0,0,87,,
2025-11-27T00:38:36.328048+00:00,train,1,1304,self,1.0,0,97,,
2025-11-27T00:38:36.328163+00:00,train,1,1305,self,1.0,0,89,,
2025-11-27T00:38:36.328279+00:00,train,1,1306,self,1.0,0,100,,
2025-11-27T00:38:36.328395+00:00,train,1,1307,self,1.0,0,87,,
2025-11-27T00:38:36.328510+00:00,train,1,1308,self,1.0,0,98,,
2025-11-27T00:38:36.328625+00:00,train,1,1309,self,1.0,0,95,,
2025-11-27T00:38:36.328741+00:00,train,1,1310,self,1.0,0,100,,
2025-11-27T00:38:36.328856+00:00,train,1,1311,self,1.0,0,81,,
2025-11-27T00:38:36.328971+00:00,train,1,1312,self,1.0,0,100,,
2025-11-27T00:38:36.329087+00:00,train,1,1313,self,1.0,0,99,,
2025-11-27T00:38:36.329206+00:00,train,1,1314,self,1.0,0,99,,
2025-11-27T00:38:36.329322+00:00,train,1,1315,self,1.0,0,74,,
2025-11-27T00:38:36.329437+00:00,train,1,1316,self,1.0,0,97,,
2025-11-27T00:38:36.329553+00:00,train,1,1317,self,1.0,0,91,,
2025-11-27T00:38:36.329668+00:00,train,1,1318,self,1.0,0,97,,
2025-11-27T00:38:36.329784+00:00,train,1,1319,self,1.0,0,93,,
2025-11-27T00:38:36.329899+00:00,train,1,1320,self,1.0,0,99,,
2025-11-27T00:38:36.330014+00:00,train,1,1321,self,1.0,0,91,,
2025-11-27T00:38:36.330129+00:00,train,1,1322,self,1.0,0,100,,
2025-11-27T00:38:36.330244+00:00,train,1,1323,self,1.0,0,92,,
2025-11-27T00:38:36.330359+00:00,train,1,1324,self,1.0,0,94,,
2025-11-27T00:38:36.330474+00:00,train,1,1325,self,1.0,0,92,,
2025-11-27T00:38:36.330590+00:00,train,1,1326,self,1.0,0,100,,
2025-11-27T00:38:36.330705+00:00,train,1,1327,self,1.0,0,98,,
2025-11-27T00:38:36.330820+00:00,train,1,1328,self,1.0,0,99,,
2025-11-27T00:38:36.330937+00:00,train,1,1329,self,1.0,0,95,,
2025-11-27T00:38:36.331052+00:00,train,1,1330,self,1.0,0,100,,
2025-11-27T00:38:36.331168+00:00,train,1,1331,self,1.0,0,88,,
2025-11-27T00:38:36.331283+00:00,train,1,1332,self,1.0,0,100,,
2025-11-27T00:38:36.331398+00:00,train,1,1333,self,1.0,0,90,,
2025-11-27T00:38:36.331514+00:00,train,1,1334,self,1.0,0,100,,
2025-11-27T00:38:36.331630+00:00,train,1,1335,self,1.0,0,94,,
2025-11-27T00:38:36.331745+00:00,train,1,1336,self,1.0,0,100,,
2025-11-27T00:38:36.331862+00:00,train,1,1337,self,1.0,0,99,,
2025-11-27T00:38:36.331978+00:00,train,1,1338,self,1.0,0,100,,
2025-11-27T00:38:36.332093+00:00,train,1,1339,self,1.0,0,91,,
2025-11-27T00:38:36.332208+00:00,train,1,1340,self,1.0,0,99,,
2025-11-27T00:38:36.332325+00:00,train,1,1341,self,1.0,0,95,,
2025-11-27T00:38:36.332440+00:00,train,1,1342,self,1.0,0,97,,
2025-11-27T00:38:36.332555+00:00,train,1,1343,self,1.0,0,87,,
2025-11-27T00:38:36.332670+00:00,train,1,1344,self,1.0,0,97,,
2025-11-27T00:38:36.332786+00:00,train,1,1345,self,1.0,0,93,,
2025-11-27T00:38:36.332901+00:00,train,1,1346,self,1.0,0,99,,
2025-11-27T00:38:36.333017+00:00,train,1,1347,self,1.0,0,91,,
2025-11-27T00:38:36.333132+00:00,train,1,1348,self,1.0,0,95,,
2025-11-27T00:38:36.333249+00:00,train,1,1349,self,1.0,0,92,,
2025-11-27T00:38:36.333364+00:00,train,1,1350,self,1.0,0,100,,
2025-11-27T00:38:36.333480+00:00,train,1,1351,self,1.0,0,92,,
2025-11-27T00:38:36.333597+00:00,train,1,1352,self,1.0,0,98,,
2025-11-27T00:38:36.333805+00:00,train,1,1353,self,1.0,0,92,,
2025-11-27T00:38:36.333921+00:00,train,1,1354,self,1.0,0,100,,
2025-11-27T00:38:36.334082+00:00,train,1,1355,self,1.0,0,97,,
2025-11-27T00:38:36.334210+00:00,train,1,1356,self,1.0,0,99,,
2025-11-27T00:38:36.334346+00:00,train,1,1357,self,1.0,0,91,,
2025-11-27T00:38:36.334463+00:00,train,1,1358,self,1.0,0,98,,
2025-11-27T00:38:36.334631+00:00,train,1,1359,self,1.0,0,95,,
2025-11-27T00:38:36.334769+00:00,train,1,1360,self,1.0,0,95,,
2025-11-27T00:38:36.334896+00:00,train,1,1361,self,1.0,0,93,,
2025-11-27T00:38:36.335019+00:00,train,1,1362,self,1.0,0,96,,
2025-11-27T00:38:36.335140+00:00,train,1,1363,self,1.0,0,96,,
2025-11-27T00:38:36.335259+00:00,train,1,1364,self,1.0,0,100,,
2025-11-27T00:38:36.335377+00:00,train,1,1365,self,1.0,0,95,,
2025-11-27T00:38:36.335494+00:00,train,1,1366,self,1.0,0,96,,
2025-11-27T00:38:36.335611+00:00,train,1,1367,self,1.0,0,93,,
2025-11-27T00:38:36.335727+00:00,train,1,1368,self,1.0,0,96,,
2025-11-27T00:38:36.335843+00:00,train,1,1369,self,1.0,0,99,,
2025-11-27T00:38:36.335959+00:00,train,1,1370,self,1.0,0,99,,
2025-11-27T00:38:36.336075+00:00,train,1,1371,self,1.0,0,79,,
2025-11-27T00:38:36.336191+00:00,train,1,1372,self,1.0,0,94,,
2025-11-27T00:38:36.336306+00:00,train,1,1373,self,1.0,0,98,,
2025-11-27T00:38:36.336422+00:00,train,1,1374,self,1.0,0,99,,
2025-11-27T00:38:36.336540+00:00,train,1,1375,self,1.0,0,94,,
2025-11-27T00:38:36.336694+00:00,train,1,1376,self,1.0,0,99,,
2025-11-27T00:38:36.336809+00:00,train,1,1377,self,1.0,0,95,,
2025-11-27T00:38:36.336927+00:00,train,1,1378,self,1.0,0,98,,
2025-11-27T00:38:36.337042+00:00,train,1,1379,self,1.0,0,91,,
2025-11-27T00:38:36.337158+00:00,train,1,1380,self,1.0,0,95,,
2025-11-27T00:38:36.337274+00:00,train,1,1381,self,1.0,0,85,,
2025-11-27T00:38:36.337389+00:00,train,1,1382,self,1.0,0,99,,
2025-11-27T00:38:36.337505+00:00,train,1,1383,self,1.0,0,94,,
2025-11-27T00:38:36.337620+00:00,train,1,1384,self,1.0,0,95,,
2025-11-27T00:38:36.337735+00:00,train,1,1385,self,1.0,0,98,,
2025-11-27T00:38:36.337849+00:00,train,1,1386,self,1.0,0,100,,
2025-11-27T00:38:36.337965+00:00,train,1,1387,self,1.0,0,96,,
2025-11-27T00:38:36.338079+00:00,train,1,1388,self,1.0,0,97,,
2025-11-27T00:38:36.338194+00:00,train,1,1389,self,1.0,0,99,,
2025-11-27T00:38:36.338309+00:00,train,1,1390,self,1.0,0,100,,
2025-11-27T00:38:36.338424+00:00,train,1,1391,self,1.0,0,88,,
2025-11-27T00:38:36.338539+00:00,train,1,1392,self,1.0,0,97,,
2025-11-27T00:38:36.338655+00:00,train,1,1393,self,1.0,0,95,,
2025-11-27T00:38:36.338769+00:00,train,1,1394,self,1.0,0,99,,
2025-11-27T00:38:36.338884+00:00,train,1,1395,self,1.0,0,95,,
2025-11-27T00:38:36.338999+00:00,train,1,1396,self,1.0,0,96,,
2025-11-27T00:38:36.339113+00:00,train,1,1397,self,1.0,0,90,,
2025-11-27T00:38:36.339227+00:00,train,1,1398,self,1.0,0,99,,
2025-11-27T00:38:36.339343+00:00,train,1,1399,self,1.0,0,96,,
2025-11-27T00:38:36.339457+00:00,train,1,1400,self,1.0,0,99,,
2025-11-27T00:38:36.339572+00:00,train,1,1401,self,1.0,0,94,,
2025-11-27T00:38:36.339688+00:00,train,1,1402,self,1.0,0,98,,
2025-11-27T00:38:36.339802+00:00,train,1,1403,self,1.0,0,89,,
2025-11-27T00:38:36.339917+00:00,train,1,1404,self,1.0,0,93,,
2025-11-27T00:38:36.340032+00:00,train,1,1405,self,1.0,0,100,,
2025-11-27T00:38:36.340242+00:00,train,1,1406,self,1.0,0,100,,
2025-11-27T00:38:36.340379+00:00,train,1,1407,self,1.0,0,90,,
2025-11-27T00:38:36.340544+00:00,train,1,1408,self,1.0,0,96,,
2025-11-27T00:38:36.340715+00:00,train,1,1409,self,1.0,0,81,,
2025-11-27T00:38:36.340844+00:00,train,1,1410,self,1.0,0,87,,
2025-11-27T00:38:36.340965+00:00,train,1,1411,self,1.0,0,91,,
2025-11-27T00:38:36.341083+00:00,train,1,1412,self,1.0,0,99,,
2025-11-27T00:38:36.341198+00:00,train,1,1413,self,1.0,0,99,,
2025-11-27T00:38:36.341311+00:00,train,1,1414,self,1.0,0,100,,
2025-11-27T00:38:36.341446+00:00,train,1,1415,self,1.0,0,95,,
2025-11-27T00:38:36.341559+00:00,train,1,1416,self,1.0,0,100,,
2025-11-27T00:38:36.341699+00:00,train,1,1417,self,1.0,0,97,,
2025-11-27T00:38:36.341811+00:00,train,1,1418,self,1.0,0,98,,
2025-11-27T00:38:36.341945+00:00,train,1,1419,self,1.0,0,95,,
2025-11-27T00:38:36.342056+00:00,train,1,1420,self,1.0,0,98,,
2025-11-27T00:38:36.342191+00:00,train,1,1421,self,1.0,0,97,,
2025-11-27T00:38:36.342302+00:00,train,1,1422,self,1.0,0,99,,
2025-11-27T00:38:36.342512+00:00,train,1,1423,self,1.0,0,94,,
2025-11-27T00:38:36.342647+00:00,train,1,1424,self,1.0,0,98,,
2025-11-27T00:38:36.342815+00:00,train,1,1425,self,1.0,0,93,,
2025-11-27T00:38:36.343051+00:00,train,1,1426,self,1.0,0,100,,
2025-11-27T00:38:36.343191+00:00,train,1,1427,self,1.0,0,97,,
2025-11-27T00:38:36.343311+00:00,train,1,1428,self,1.0,0,100,,
2025-11-27T00:38:36.343463+00:00,train,1,1429,self,1.0,0,90,,
2025-11-27T00:38:36.343593+00:00,train,1,1430,self,1.0,0,96,,
2025-11-27T00:38:36.343791+00:00,train,1,1431,self,1.0,0,90,,
2025-11-27T00:38:36.343927+00:00,train,1,1432,self,1.0,0,98,,
2025-11-27T00:38:36.344160+00:00,train,1,1433,self,1.0,0,97,,
2025-11-27T00:38:36.344288+00:00,train,1,1434,self,1.0,0,100,,
2025-11-27T00:38:36.344426+00:00,train,1,1435,self,1.0,0,94,,
2025-11-27T00:38:36.344544+00:00,train,1,1436,self,1.0,0,95,,
2025-11-27T00:38:36.344658+00:00,train,1,1437,self,1.0,0,96,,
2025-11-27T00:38:36.344770+00:00,train,1,1438,self,1.0,0,100,,
2025-11-27T00:38:36.344929+00:00,train,1,1439,self,1.0,0,96,,
2025-11-27T00:38:36.345041+00:00,train,1,1440,self,1.0,0,97,,
2025-11-27T00:38:36.345151+00:00,train,1,1441,self,1.0,0,96,,
2025-11-27T00:38:36.345313+00:00,train,1,1442,self,1.0,0,98,,
2025-11-27T00:38:36.345451+00:00,train,1,1443,self,1.0,0,93,,
2025-11-27T00:38:36.345609+00:00,train,1,1444,self,1.0,0,98,,
2025-11-27T00:38:36.345739+00:00,train,1,1445,self,1.0,0,99,,
2025-11-27T00:38:36.345860+00:00,train,1,1446,self,1.0,0,99,,
2025-11-27T00:38:36.345977+00:00,train,1,1447,self,1.0,0,97,,
2025-11-27T00:38:36.346092+00:00,train,1,1448,self,1.0,0,97,,
2025-11-27T00:38:36.346204+00:00,train,1,1449,self,1.0,0,93,,
2025-11-27T00:38:36.346327+00:00,train,1,1450,self,1.0,0,94,,
2025-11-27T00:38:36.346443+00:00,train,1,1451,self,1.0,0,86,,
2025-11-27T00:38:36.346555+00:00,train,1,1452,self,1.0,0,97,,
2025-11-27T00:38:36.346666+00:00,train,1,1453,self,1.0,0,85,,
2025-11-27T00:38:36.346778+00:00,train,1,1454,self,1.0,0,92,,
2025-11-27T00:38:36.346889+00:00,train,1,1455,self,1.0,0,79,,
2025-11-27T00:38:36.347000+00:00,train,1,1456,self,1.0,0,97,,
2025-11-27T00:38:36.347111+00:00,train,1,1457,self,1.0,0,97,,
2025-11-27T00:38:36.347221+00:00,train,1,1458,self,1.0,0,99,,
2025-11-27T00:38:36.347332+00:00,train,1,1459,self,1.0,0,94,,
2025-11-27T00:38:36.347441+00:00,train,1,1460,self,1.0,0,99,,
2025-11-27T00:38:36.347551+00:00,train,1,1461,self,1.0,0,95,,
2025-11-27T00:38:36.347661+00:00,train,1,1462,self,1.0,0,98,,
2025-11-27T00:38:36.347772+00:00,train,1,1463,self,1.0,0,91,,
2025-11-27T00:38:36.347882+00:00,train,1,1464,self,1.0,0,98,,
2025-11-27T00:38:36.347992+00:00,train,1,1465,self,1.0,0,99,,
2025-11-27T00:38:36.348102+00:00,train,1,1466,self,1.0,0,100,,
2025-11-27T00:38:36.348212+00:00,train,1,1467,self,1.0,0,97,,
2025-11-27T00:38:36.348321+00:00,train,1,1468,self,1.0,0,99,,
2025-11-27T00:38:36.348431+00:00,train,1,1469,self,1.0,0,90,,
2025-11-27T00:38:36.348541+00:00,train,1,1470,self,1.0,0,100,,
2025-11-27T00:38:36.348716+00:00,train,1,1471,self,1.0,0,97,,
2025-11-27T00:38:36.348850+00:00,train,1,1472,self,1.0,0,99,,
2025-11-27T00:38:36.348972+00:00,train,1,1473,self,1.0,0,94,,
2025-11-27T00:38:36.349088+00:00,train,1,1474,self,1.0,0,95,,
2025-11-27T00:38:36.349202+00:00,train,1,1475,self,1.0,0,95,,
2025-11-27T00:38:36.349315+00:00,train,1,1476,self,1.0,0,96,,
2025-11-27T00:38:36.349427+00:00,train,1,1477,self,1.0,0,89,,
2025-11-27T00:38:36.349537+00:00,train,1,1478,self,1.0,0,100,,
2025-11-27T00:38:36.349647+00:00,train,1,1479,self,1.0,0,99,,
2025-11-27T00:38:36.349756+00:00,train,1,1480,self,1.0,0,100,,
2025-11-27T00:38:36.349865+00:00,train,1,1481,self,1.0,0,90,,
2025-11-27T00:38:36.349975+00:00,train,1,1482,self,1.0,0,98,,
2025-11-27T00:38:36.350084+00:00,train,1,1483,self,1.0,0,79,,
2025-11-27T00:38:36.350192+00:00,train,1,1484,self,1.0,0,99,,
2025-11-27T00:38:36.350301+00:00,train,1,1485,self,1.0,0,100,,
2025-11-27T00:38:36.350410+00:00,train,1,1486,self,1.0,0,100,,
2025-11-27T00:38:36.350518+00:00,train,1,1487,self,1.0,0,94,,
2025-11-27T00:38:36.350627+00:00,train,1,1488,self,1.0,0,100,,
2025-11-27T00:38:36.350736+00:00,train,1,1489,self,1.0,0,92,,
2025-11-27T00:38:36.350845+00:00,train,1,1490,self,1.0,0,100,,
2025-11-27T00:38:36.350954+00:00,train,1,1491,self,1.0,0,97,,
2025-11-27T00:38:36.351064+00:00,train,1,1492,self,1.0,0,98,,
2025-11-27T00:38:36.351172+00:00,train,1,1493,self,1.0,0,98,,
2025-11-27T00:38:36.351281+00:00,train,1,1494,self,1.0,0,98,,
2025-11-27T00:38:36.351389+00:00,train,1,1495,self,1.0,0,99,,
2025-11-27T00:38:36.351497+00:00,train,1,1496,self,1.0,0,100,,
2025-11-27T00:38:36.351605+00:00,train,1,1497,self,1.0,0,91,,
2025-11-27T00:38:36.351713+00:00,train,1,1498,self,1.0,0,97,,
2025-11-27T00:38:36.351821+00:00,train,1,1499,self,1.0,0,95,,
2025-11-27T00:38:36.351929+00:00,train,1,1500,self,1.0,0,98,,
2025-11-27T00:38:36.354236+00:00,train,1,1501,self,1.0,0,88,,
2025-11-27T00:38:36.354351+00:00,train,1,1502,self,1.0,0,91,,
2025-11-27T00:38:36.354570+00:00,train,1,1503,self,1.0,0,98,,
2025-11-27T00:38:36.354698+00:00,train,1,1504,self,1.0,0,100,,
2025-11-27T00:38:36.354819+00:00,train,1,1505,self,1.0,0,98,,
2025-11-27T00:38:36.354937+00:00,train,1,1506,self,1.0,0,99,,
2025-11-27T00:38:36.355052+00:00,train,1,1507,self,1.0,0,97,,
2025-11-27T00:38:36.355169+00:00,train,1,1508,self,1.0,0,100,,
2025-11-27T00:38:36.355285+00:00,train,1,1509,self,1.0,0,95,,
2025-11-27T00:38:36.355397+00:00,train,1,1510,self,1.0,0,99,,
2025-11-27T00:38:36.355509+00:00,train,1,1511,self,1.0,0,94,,
2025-11-27T00:38:36.355622+00:00,train,1,1512,self,1.0,0,99,,
2025-11-27T00:38:36.355735+00:00,train,1,1513,self,1.0,0,91,,
2025-11-27T00:38:36.355859+00:00,train,1,1514,self,1.0,0,100,,
2025-11-27T00:38:36.355972+00:00,train,1,1515,self,1.0,0,87,,
2025-11-27T00:38:36.356085+00:00,train,1,1516,self,1.0,0,89,,
2025-11-27T00:38:36.356205+00:00,train,1,1517,self,1.0,0,90,,
2025-11-27T00:38:36.356318+00:00,train,1,1518,self,1.0,0,96,,
2025-11-27T00:38:36.356430+00:00,train,1,1519,self,1.0,0,91,,
2025-11-27T00:38:36.356543+00:00,train,1,1520,self,1.0,0,100,,
2025-11-27T00:38:36.356656+00:00,train,1,1521,self,1.0,0,97,,
2025-11-27T00:38:36.356783+00:00,train,1,1522,self,1.0,0,99,,
2025-11-27T00:38:36.356899+00:00,train,1,1523,self,1.0,0,91,,
2025-11-27T00:38:36.357015+00:00,train,1,1524,self,1.0,0,98,,
2025-11-27T00:38:36.357131+00:00,train,1,1525,self,1.0,0,94,,
2025-11-27T00:38:36.357247+00:00,train,1,1526,self,1.0,0,100,,
2025-11-27T00:38:36.357363+00:00,train,1,1527,self,1.0,0,90,,
2025-11-27T00:38:36.357479+00:00,train,1,1528,self,1.0,0,100,,
2025-11-27T00:38:36.357594+00:00,train,1,1529,self,1.0,0,99,,
2025-11-27T00:38:36.357709+00:00,train,1,1530,self,1.0,0,100,,
2025-11-27T00:38:36.357840+00:00,train,1,1531,self,1.0,0,94,,
2025-11-27T00:38:36.357958+00:00,train,1,1532,self,1.0,0,96,,
2025-11-27T00:38:36.358076+00:00,train,1,1533,self,1.0,0,85,,
2025-11-27T00:38:36.358195+00:00,train,1,1534,self,1.0,0,96,,
2025-11-27T00:38:36.358313+00:00,train,1,1535,self,1.0,0,86,,
2025-11-27T00:38:36.358432+00:00,train,1,1536,self,1.0,0,97,,
2025-11-27T00:38:36.358550+00:00,train,1,1537,self,1.0,0,78,,
2025-11-27T00:38:36.358669+00:00,train,1,1538,self,1.0,0,99,,
2025-11-27T00:38:36.358808+00:00,train,1,1539,self,1.0,0,96,,
2025-11-27T00:38:36.358930+00:00,train,1,1540,self,1.0,0,99,,
2025-11-27T00:38:36.359052+00:00,train,1,1541,self,1.0,0,93,,
2025-11-27T00:38:36.359174+00:00,train,1,1542,self,1.0,0,98,,
2025-11-27T00:38:36.359295+00:00,train,1,1543,self,1.0,0,98,,
2025-11-27T00:38:36.359417+00:00,train,1,1544,self,1.0,0,99,,
2025-11-27T00:38:36.359538+00:00,train,1,1545,self,1.0,0,98,,
2025-11-27T00:38:36.359659+00:00,train,1,1546,self,1.0,0,100,,
2025-11-27T00:38:36.359796+00:00,train,1,1547,self,1.0,0,95,,
2025-11-27T00:38:36.359921+00:00,train,1,1548,self,1.0,0,96,,
2025-11-27T00:38:36.360046+00:00,train,1,1549,self,1.0,0,82,,
2025-11-27T00:38:36.360171+00:00,train,1,1550,self,1.0,0,99,,
2025-11-27T00:38:36.360296+00:00,train,1,1551,self,1.0,0,90,,
2025-11-27T00:38:36.360421+00:00,train,1,1552,self,1.0,0,94,,
2025-11-27T00:38:36.360545+00:00,train,1,1553,self,1.0,0,91,,
2025-11-27T00:38:36.360670+00:00,train,1,1554,self,1.0,0,100,,
2025-11-27T00:38:36.360810+00:00,train,1,1555,self,1.0,0,89,,
2025-11-27T00:38:36.360939+00:00,train,1,1556,self,1.0,0,98,,
2025-11-27T00:38:36.361068+00:00,train,1,1557,self,1.0,0,92,,
2025-11-27T00:38:36.361196+00:00,train,1,1558,self,1.0,0,94,,
2025-11-27T00:38:36.361325+00:00,train,1,1559,self,1.0,0,96,,
2025-11-27T00:38:36.361453+00:00,train,1,1560,self,1.0,0,98,,
2025-11-27T00:38:36.361582+00:00,train,1,1561,self,1.0,0,93,,
2025-11-27T00:38:36.361710+00:00,train,1,1562,self,1.0,0,98,,
2025-11-27T00:38:36.361855+00:00,train,1,1563,self,1.0,0,87,,
2025-11-27T00:38:36.361987+00:00,train,1,1564,self,1.0,0,97,,
2025-11-27T00:38:36.362119+00:00,train,1,1565,self,1.0,0,98,,
2025-11-27T00:38:36.362251+00:00,train,1,1566,self,1.0,0,100,,
2025-11-27T00:38:36.362384+00:00,train,1,1567,self,1.0,0,90,,
2025-11-27T00:38:36.362517+00:00,train,1,1568,self,1.0,0,97,,
2025-11-27T00:38:36.362650+00:00,train,1,1569,self,1.0,0,87,,
2025-11-27T00:38:36.362784+00:00,train,1,1570,self,1.0,0,99,,
2025-11-27T00:38:36.362917+00:00,train,1,1571,self,1.0,0,96,,
2025-11-27T00:38:36.363050+00:00,train,1,1572,self,1.0,0,100,,
2025-11-27T00:38:36.363186+00:00,train,1,1573,self,1.0,0,97,,
2025-11-27T00:38:36.363320+00:00,train,1,1574,self,1.0,0,100,,
2025-11-27T00:38:36.363453+00:00,train,1,1575,self,1.0,0,99,,
2025-11-27T00:38:36.363586+00:00,train,1,1576,self,1.0,0,100,,
2025-11-27T00:38:36.363719+00:00,train,1,1577,self,1.0,0,96,,
2025-11-27T00:38:36.363852+00:00,train,1,1578,self,1.0,0,97,,
2025-11-27T00:38:36.363985+00:00,train,1,1579,self,1.0,0,94,,
2025-11-27T00:38:36.364119+00:00,train,1,1580,self,1.0,0,100,,
2025-11-27T00:38:36.364251+00:00,train,1,1581,self,1.0,0,91,,
2025-11-27T00:38:36.364384+00:00,train,1,1582,self,1.0,0,95,,
2025-11-27T00:38:36.364544+00:00,train,1,1583,self,1.0,0,96,,
2025-11-27T00:38:36.364686+00:00,train,1,1584,self,1.0,0,100,,
2025-11-27T00:38:36.364821+00:00,train,1,1585,self,1.0,0,97,,
2025-11-27T00:38:36.364954+00:00,train,1,1586,self,1.0,0,99,,
2025-11-27T00:38:36.365087+00:00,train,1,1587,self,1.0,0,96,,
2025-11-27T00:38:36.365221+00:00,train,1,1588,self,1.0,0,100,,
2025-11-27T00:38:36.365358+00:00,train,1,1589,self,1.0,0,85,,
2025-11-27T00:38:36.365491+00:00,train,1,1590,self,1.0,0,100,,
2025-11-27T00:38:36.365669+00:00,train,1,1591,self,1.0,0,91,,
2025-11-27T00:38:36.365881+00:00,train,1,1592,self,1.0,0,94,,
2025-11-27T00:38:36.366044+00:00,train,1,1593,self,1.0,0,93,,
2025-11-27T00:38:36.366197+00:00,train,1,1594,self,1.0,0,99,,
2025-11-27T00:38:36.366345+00:00,train,1,1595,self,1.0,0,98,,
2025-11-27T00:38:36.366491+00:00,train,1,1596,self,1.0,0,100,,
2025-11-27T00:38:36.366635+00:00,train,1,1597,self,1.0,0,94,,
2025-11-27T00:38:36.366778+00:00,train,1,1598,self,1.0,0,98,,
2025-11-27T00:38:36.366920+00:00,train,1,1599,self,1.0,0,97,,
2025-11-27T00:38:36.367061+00:00,train,1,1600,self,1.0,0,100,,
2025-11-27T00:38:36.367202+00:00,train,1,1601,self,1.0,0,96,,
2025-11-27T00:38:36.367342+00:00,train,1,1602,self,1.0,0,99,,
2025-11-27T00:38:36.367484+00:00,train,1,1603,self,1.0,0,97,,
2025-11-27T00:38:36.367624+00:00,train,1,1604,self,1.0,0,99,,
2025-11-27T00:38:36.367764+00:00,train,1,1605,self,1.0,0,93,,
2025-11-27T00:38:36.367914+00:00,train,1,1606,self,1.0,0,100,,
2025-11-27T00:38:36.368050+00:00,train,1,1607,self,1.0,0,93,,
2025-11-27T00:38:36.368185+00:00,train,1,1608,self,1.0,0,99,,
2025-11-27T00:38:36.368321+00:00,train,1,1609,self,1.0,0,98,,
2025-11-27T00:38:36.368456+00:00,train,1,1610,self,1.0,0,100,,
2025-11-27T00:38:36.368590+00:00,train,1,1611,self,1.0,0,83,,
2025-11-27T00:38:36.368832+00:00,train,1,1612,self,1.0,0,94,,
2025-11-27T00:38:36.368982+00:00,train,1,1613,self,1.0,0,87,,
2025-11-27T00:38:36.369120+00:00,train,1,1614,self,1.0,0,98,,
2025-11-27T00:38:36.369255+00:00,train,1,1615,self,1.0,0,100,,
2025-11-27T00:38:36.369388+00:00,train,1,1616,self,1.0,0,100,,
2025-11-27T00:38:36.369568+00:00,train,1,1617,self,1.0,0,92,,
2025-11-27T00:38:36.369720+00:00,train,1,1618,self,1.0,0,94,,
2025-11-27T00:38:36.369872+00:00,train,1,1619,self,1.0,0,89,,
2025-11-27T00:38:36.370006+00:00,train,1,1620,self,1.0,0,97,,
2025-11-27T00:38:36.370139+00:00,train,1,1621,self,1.0,0,87,,
2025-11-27T00:38:36.370270+00:00,train,1,1622,self,1.0,0,99,,
2025-11-27T00:38:36.370399+00:00,train,1,1623,self,1.0,0,93,,
2025-11-27T00:38:36.370530+00:00,train,1,1624,self,1.0,0,100,,
2025-11-27T00:38:36.370660+00:00,train,1,1625,self,1.0,0,88,,
2025-11-27T00:38:36.370803+00:00,train,1,1626,self,1.0,0,91,,
2025-11-27T00:38:36.370928+00:00,train,1,1627,self,1.0,0,96,,
2025-11-27T00:38:36.371053+00:00,train,1,1628,self,1.0,0,97,,
2025-11-27T00:38:36.371178+00:00,train,1,1629,self,1.0,0,79,,
2025-11-27T00:38:36.371303+00:00,train,1,1630,self,1.0,0,96,,
2025-11-27T00:38:36.371428+00:00,train,1,1631,self,1.0,0,84,,
2025-11-27T00:38:36.371552+00:00,train,1,1632,self,1.0,0,99,,
2025-11-27T00:38:36.371677+00:00,train,1,1633,self,1.0,0,94,,
2025-11-27T00:38:36.371812+00:00,train,1,1634,self,1.0,0,100,,
2025-11-27T00:38:36.371934+00:00,train,1,1635,self,1.0,0,95,,
2025-11-27T00:38:36.372054+00:00,train,1,1636,self,1.0,0,99,,
2025-11-27T00:38:36.372174+00:00,train,1,1637,self,1.0,0,98,,
2025-11-27T00:38:36.372298+00:00,train,1,1638,self,1.0,0,100,,
2025-11-27T00:38:36.372419+00:00,train,1,1639,self,1.0,0,80,,
2025-11-27T00:38:36.372540+00:00,train,1,1640,self,1.0,0,94,,
2025-11-27T00:38:36.372661+00:00,train,1,1641,self,1.0,0,85,,
2025-11-27T00:38:36.372794+00:00,train,1,1642,self,1.0,0,99,,
2025-11-27T00:38:36.372913+00:00,train,1,1643,self,1.0,0,94,,
2025-11-27T00:38:36.373031+00:00,train,1,1644,self,1.0,0,98,,
2025-11-27T00:38:36.373149+00:00,train,1,1645,self,1.0,0,95,,
2025-11-27T00:38:36.373266+00:00,train,1,1646,self,1.0,0,100,,
2025-11-27T00:38:36.373385+00:00,train,1,1647,self,1.0,0,92,,
2025-11-27T00:38:36.373502+00:00,train,1,1648,self,1.0,0,97,,
2025-11-27T00:38:36.373620+00:00,train,1,1649,self,1.0,0,91,,
2025-11-27T00:38:36.373738+00:00,train,1,1650,self,1.0,0,97,,
2025-11-27T00:38:36.373867+00:00,train,1,1651,self,1.0,0,92,,
2025-11-27T00:38:36.373982+00:00,train,1,1652,self,1.0,0,95,,
2025-11-27T00:38:36.374097+00:00,train,1,1653,self,1.0,0,100,,
2025-11-27T00:38:36.374213+00:00,train,1,1654,self,1.0,0,100,,
2025-11-27T00:38:36.374328+00:00,train,1,1655,self,1.0,0,91,,
2025-11-27T00:38:36.374443+00:00,train,1,1656,self,1.0,0,95,,
2025-11-27T00:38:36.374558+00:00,train,1,1657,self,1.0,0,94,,
2025-11-27T00:38:36.374766+00:00,train,1,1658,self,1.0,0,100,,
2025-11-27T00:38:36.374963+00:00,train,1,1659,self,1.0,0,86,,
2025-11-27T00:38:36.375090+00:00,train,1,1660,self,1.0,0,100,,
2025-11-27T00:38:36.375214+00:00,train,1,1661,self,1.0,0,94,,
2025-11-27T00:38:36.375345+00:00,train,1,1662,self,1.0,0,95,,
2025-11-27T00:38:36.375460+00:00,train,1,1663,self,1.0,0,97,,
2025-11-27T00:38:36.375595+00:00,train,1,1664,self,1.0,0,97,,
2025-11-27T00:38:36.375708+00:00,train,1,1665,self,1.0,0,85,,
2025-11-27T00:38:36.375885+00:00,train,1,1666,self,1.0,0,88,,
2025-11-27T00:38:36.376021+00:00,train,1,1667,self,1.0,0,96,,
2025-11-27T00:38:36.376147+00:00,train,1,1668,self,1.0,0,100,,
2025-11-27T00:38:36.376271+00:00,train,1,1669,self,1.0,0,88,,
2025-11-27T00:38:36.376392+00:00,train,1,1670,self,1.0,0,99,,
2025-11-27T00:38:36.376511+00:00,train,1,1671,self,1.0,0,81,,
2025-11-27T00:38:36.376629+00:00,train,1,1672,self,1.0,0,90,,
2025-11-27T00:38:36.376745+00:00,train,1,1673,self,1.0,0,92,,
2025-11-27T00:38:36.376861+00:00,train,1,1674,self,1.0,0,96,,
2025-11-27T00:38:36.376976+00:00,train,1,1675,self,1.0,0,96,,
2025-11-27T00:38:36.377093+00:00,train,1,1676,self,1.0,0,100,,
2025-11-27T00:38:36.377209+00:00,train,1,1677,self,1.0,0,94,,
2025-11-27T00:38:36.377324+00:00,train,1,1678,self,1.0,0,100,,
2025-11-27T00:38:36.377440+00:00,train,1,1679,self,1.0,0,94,,
2025-11-27T00:38:36.377555+00:00,train,1,1680,self,1.0,0,96,,
2025-11-27T00:38:36.377670+00:00,train,1,1681,self,1.0,0,97,,
2025-11-27T00:38:36.377786+00:00,train,1,1682,self,1.0,0,99,,
2025-11-27T00:38:36.377901+00:00,train,1,1683,self,1.0,0,99,,
2025-11-27T00:38:36.378016+00:00,train,1,1684,self,1.0,0,100,,
2025-11-27T00:38:36.378130+00:00,train,1,1685,self,1.0,0,91,,
2025-11-27T00:38:36.378245+00:00,train,1,1686,self,1.0,0,96,,
2025-11-27T00:38:36.378360+00:00,train,1,1687,self,1.0,0,93,,
2025-11-27T00:38:36.378474+00:00,train,1,1688,self,1.0,0,99,,
2025-11-27T00:38:36.378589+00:00,train,1,1689,self,1.0,0,96,,
2025-11-27T00:38:36.378703+00:00,train,1,1690,self,1.0,0,100,,
2025-11-27T00:38:36.378818+00:00,train,1,1691,self,1.0,0,85,,
2025-11-27T00:38:36.378932+00:00,train,1,1692,self,1.0,0,93,,
2025-11-27T00:38:36.379046+00:00,train,1,1693,self,1.0,0,86,,
2025-11-27T00:38:36.379160+00:00,train,1,1694,self,1.0,0,99,,
2025-11-27T00:38:36.379275+00:00,train,1,1695,self,1.0,0,91,,
2025-11-27T00:38:36.379390+00:00,train,1,1696,self,1.0,0,100,,
2025-11-27T00:38:36.379504+00:00,train,1,1697,self,1.0,0,92,,
2025-11-27T00:38:36.379618+00:00,train,1,1698,self,1.0,0,98,,
2025-11-27T00:38:36.379733+00:00,train,1,1699,self,1.0,0,99,,
2025-11-27T00:38:36.379847+00:00,train,1,1700,self,1.0,0,99,,
2025-11-27T00:38:36.379962+00:00,train,1,1701,self,1.0,0,78,,
2025-11-27T00:38:36.380076+00:00,train,1,1702,self,1.0,0,89,,
2025-11-27T00:38:36.380193+00:00,train,1,1703,self,1.0,0,96,,
2025-11-27T00:38:36.380308+00:00,train,1,1704,self,1.0,0,99,,
2025-11-27T00:38:36.380422+00:00,train,1,1705,self,1.0,0,96,,
2025-11-27T00:38:36.380537+00:00,train,1,1706,self,1.0,0,98,,
2025-11-27T00:38:36.380652+00:00,train,1,1707,self,1.0,0,92,,
2025-11-27T00:38:36.380766+00:00,train,1,1708,self,1.0,0,99,,
2025-11-27T00:38:36.380881+00:00,train,1,1709,self,1.0,0,93,,
2025-11-27T00:38:36.380998+00:00,train,1,1710,self,1.0,0,93,,
2025-11-27T00:38:36.381116+00:00,train,1,1711,self,1.0,0,98,,
2025-11-27T00:38:36.381231+00:00,train,1,1712,self,1.0,0,100,,
2025-11-27T00:38:36.381363+00:00,train,1,1713,self,1.0,0,96,,
2025-11-27T00:38:36.381479+00:00,train,1,1714,self,1.0,0,100,,
2025-11-27T00:38:36.381608+00:00,train,1,1715,self,1.0,0,89,,
2025-11-27T00:38:36.381723+00:00,train,1,1716,self,1.0,0,97,,
2025-11-27T00:38:36.381974+00:00,train,1,1717,self,1.0,0,99,,
2025-11-27T00:38:36.382153+00:00,train,1,1718,self,1.0,0,99,,
2025-11-27T00:38:36.382277+00:00,train,1,1719,self,1.0,0,98,,
2025-11-27T00:38:36.382395+00:00,train,1,1720,self,1.0,0,100,,
2025-11-27T00:38:36.382564+00:00,train,1,1721,self,1.0,0,95,,
2025-11-27T00:38:36.382698+00:00,train,1,1722,self,1.0,0,100,,
2025-11-27T00:38:36.382825+00:00,train,1,1723,self,1.0,0,97,,
2025-11-27T00:38:36.382948+00:00,train,1,1724,self,1.0,0,99,,
2025-11-27T00:38:36.383070+00:00,train,1,1725,self,1.0,0,93,,
2025-11-27T00:38:36.383190+00:00,train,1,1726,self,1.0,0,100,,
2025-11-27T00:38:36.383308+00:00,train,1,1727,self,1.0,0,96,,
2025-11-27T00:38:36.383425+00:00,train,1,1728,self,1.0,0,100,,
2025-11-27T00:38:36.383541+00:00,train,1,1729,self,1.0,0,89,,
2025-11-27T00:38:36.383658+00:00,train,1,1730,self,1.0,0,93,,
2025-11-27T00:38:36.383773+00:00,train,1,1731,self,1.0,0,96,,
2025-11-27T00:38:36.383890+00:00,train,1,1732,self,1.0,0,98,,
2025-11-27T00:38:36.384006+00:00,train,1,1733,self,1.0,0,92,,
2025-11-27T00:38:36.384122+00:00,train,1,1734,self,1.0,0,100,,
2025-11-27T00:38:36.384238+00:00,train,1,1735,self,1.0,0,97,,
2025-11-27T00:38:36.384354+00:00,train,1,1736,self,1.0,0,98,,
2025-11-27T00:38:36.384469+00:00,train,1,1737,self,1.0,0,89,,
2025-11-27T00:38:36.384584+00:00,train,1,1738,self,1.0,0,99,,
2025-11-27T00:38:36.384700+00:00,train,1,1739,self,1.0,0,82,,
2025-11-27T00:38:36.384815+00:00,train,1,1740,self,1.0,0,97,,
2025-11-27T00:38:36.384930+00:00,train,1,1741,self,1.0,0,97,,
2025-11-27T00:38:36.385045+00:00,train,1,1742,self,1.0,0,99,,
2025-11-27T00:38:36.385160+00:00,train,1,1743,self,1.0,0,90,,
2025-11-27T00:38:36.385280+00:00,train,1,1744,self,1.0,0,96,,
2025-11-27T00:38:36.385482+00:00,train,1,1745,self,1.0,0,94,,
2025-11-27T00:38:36.385600+00:00,train,1,1746,self,1.0,0,100,,
2025-11-27T00:38:36.385716+00:00,train,1,1747,self,1.0,0,98,,
2025-11-27T00:38:36.385831+00:00,train,1,1748,self,1.0,0,98,,
2025-11-27T00:38:36.385946+00:00,train,1,1749,self,1.0,0,94,,
2025-11-27T00:38:36.386061+00:00,train,1,1750,self,1.0,0,100,,
2025-11-27T00:38:36.386176+00:00,train,1,1751,self,1.0,0,88,,
2025-11-27T00:38:36.386291+00:00,train,1,1752,self,1.0,0,98,,
2025-11-27T00:38:36.386408+00:00,train,1,1753,self,1.0,0,94,,
2025-11-27T00:38:36.386524+00:00,train,1,1754,self,1.0,0,99,,
2025-11-27T00:38:36.386641+00:00,train,1,1755,self,1.0,0,89,,
2025-11-27T00:38:36.386757+00:00,train,1,1756,self,1.0,0,100,,
2025-11-27T00:38:36.386873+00:00,train,1,1757,self,1.0,0,92,,
2025-11-27T00:38:36.386988+00:00,train,1,1758,self,1.0,0,100,,
2025-11-27T00:38:36.387103+00:00,train,1,1759,self,1.0,0,97,,
2025-11-27T00:38:36.387218+00:00,train,1,1760,self,1.0,0,100,,
2025-11-27T00:38:36.387333+00:00,train,1,1761,self,1.0,0,92,,
2025-11-27T00:38:36.387448+00:00,train,1,1762,self,1.0,0,100,,
2025-11-27T00:38:36.387563+00:00,train,1,1763,self,1.0,0,95,,
2025-11-27T00:38:36.387679+00:00,train,1,1764,self,1.0,0,97,,
2025-11-27T00:38:36.387793+00:00,train,1,1765,self,1.0,0,93,,
2025-11-27T00:38:36.387908+00:00,train,1,1766,self,1.0,0,98,,
2025-11-27T00:38:36.388025+00:00,train,1,1767,self,1.0,0,89,,
2025-11-27T00:38:36.388140+00:00,train,1,1768,self,1.0,0,100,,
2025-11-27T00:38:36.388255+00:00,train,1,1769,self,1.0,0,97,,
2025-11-27T00:38:36.388370+00:00,train,1,1770,self,1.0,0,97,,
2025-11-27T00:38:36.388485+00:00,train,1,1771,self,1.0,0,91,,
2025-11-27T00:38:36.388601+00:00,train,1,1772,self,1.0,0,100,,
2025-11-27T00:38:36.388716+00:00,train,1,1773,self,1.0,0,96,,
2025-11-27T00:38:36.388830+00:00,train,1,1774,self,1.0,0,100,,
2025-11-27T00:38:36.388945+00:00,train,1,1775,self,1.0,0,100,,
2025-11-27T00:38:36.389060+00:00,train,1,1776,self,1.0,0,100,,
2025-11-27T00:38:36.389174+00:00,train,1,1777,self,1.0,0,93,,
2025-11-27T00:38:36.389289+00:00,train,1,1778,self,1.0,0,94,,
2025-11-27T00:38:36.389404+00:00,train,1,1779,self,1.0,0,76,,
2025-11-27T00:38:36.389519+00:00,train,1,1780,self,1.0,0,96,,
2025-11-27T00:38:36.389634+00:00,train,1,1781,self,1.0,0,94,,
2025-11-27T00:38:36.389748+00:00,train,1,1782,self,1.0,0,100,,
2025-11-27T00:38:36.389863+00:00,train,1,1783,self,1.0,0,95,,
2025-11-27T00:38:36.389978+00:00,train,1,1784,self,1.0,0,100,,
2025-11-27T00:38:36.390092+00:00,train,1,1785,self,1.0,0,85,,
2025-11-27T00:38:36.390206+00:00,train,1,1786,self,1.0,0,98,,
2025-11-27T00:38:36.390320+00:00,train,1,1787,self,1.0,0,97,,
2025-11-27T00:38:36.390435+00:00,train,1,1788,self,1.0,0,99,,
2025-11-27T00:38:36.390549+00:00,train,1,1789,self,1.0,0,96,,
2025-11-27T00:38:36.390664+00:00,train,1,1790,self,1.0,0,100,,
2025-11-27T00:38:36.390779+00:00,train,1,1791,self,1.0,0,95,,
2025-11-27T00:38:36.390893+00:00,train,1,1792,self,1.0,0,99,,
2025-11-27T00:38:36.391007+00:00,train,1,1793,self,1.0,0,98,,
2025-11-27T00:38:36.391122+00:00,train,1,1794,self,1.0,0,99,,
2025-11-27T00:38:36.391236+00:00,train,1,1795,self,1.0,0,89,,
2025-11-27T00:38:36.391351+00:00,train,1,1796,self,1.0,0,99,,
2025-11-27T00:38:36.391465+00:00,train,1,1797,self,1.0,0,97,,
2025-11-27T00:38:36.391581+00:00,train,1,1798,self,1.0,0,99,,
2025-11-27T00:38:36.391697+00:00,train,1,1799,self,1.0,0,95,,
2025-11-27T00:38:36.391812+00:00,train,1,1800,self,1.0,0,98,,
2025-11-27T00:38:36.391927+00:00,train,1,1801,self,1.0,0,92,,
2025-11-27T00:38:36.392042+00:00,train,1,1802,self,1.0,0,97,,
2025-11-27T00:38:36.392157+00:00,train,1,1803,self,1.0,0,93,,
2025-11-27T00:38:36.392272+00:00,train,1,1804,self,1.0,0,99,,
2025-11-27T00:38:36.392387+00:00,train,1,1805,self,1.0,0,92,,
2025-11-27T00:38:36.392504+00:00,train,1,1806,self,1.0,0,99,,
2025-11-27T00:38:36.392618+00:00,train,1,1807,self,1.0,0,87,,
2025-11-27T00:38:36.392734+00:00,train,1,1808,self,1.0,0,94,,
2025-11-27T00:38:36.392848+00:00,train,1,1809,self,1.0,0,97,,
2025-11-27T00:38:36.392963+00:00,train,1,1810,self,1.0,0,99,,
2025-11-27T00:38:36.393078+00:00,train,1,1811,self,1.0,0,87,,
2025-11-27T00:38:36.393192+00:00,train,1,1812,self,1.0,0,98,,
2025-11-27T00:38:36.393307+00:00,train,1,1813,self,1.0,0,94,,
2025-11-27T00:38:36.393422+00:00,train,1,1814,self,1.0,0,96,,
2025-11-27T00:38:36.393536+00:00,train,1,1815,self,1.0,0,99,,
2025-11-27T00:38:36.393651+00:00,train,1,1816,self,1.0,0,100,,
2025-11-27T00:38:36.393766+00:00,train,1,1817,self,1.0,0,95,,
2025-11-27T00:38:36.393880+00:00,train,1,1818,self,1.0,0,97,,
2025-11-27T00:38:36.393995+00:00,train,1,1819,self,1.0,0,94,,
2025-11-27T00:38:36.394110+00:00,train,1,1820,self,1.0,0,96,,
2025-11-27T00:38:36.394225+00:00,train,1,1821,self,1.0,0,99,,
2025-11-27T00:38:36.394340+00:00,train,1,1822,self,1.0,0,100,,
2025-11-27T00:38:36.394455+00:00,train,1,1823,self,1.0,0,92,,
2025-11-27T00:38:36.394569+00:00,train,1,1824,self,1.0,0,99,,
2025-11-27T00:38:36.394684+00:00,train,1,1825,self,1.0,0,97,,
2025-11-27T00:38:36.394799+00:00,train,1,1826,self,1.0,0,100,,
2025-11-27T00:38:36.394914+00:00,train,1,1827,self,1.0,0,99,,
2025-11-27T00:38:36.395028+00:00,train,1,1828,self,1.0,0,99,,
2025-11-27T00:38:36.395142+00:00,train,1,1829,self,1.0,0,86,,
2025-11-27T00:38:36.395256+00:00,train,1,1830,self,1.0,0,97,,
2025-11-27T00:38:36.395371+00:00,train,1,1831,self,1.0,0,91,,
2025-11-27T00:38:36.395490+00:00,train,1,1832,self,1.0,0,98,,
2025-11-27T00:38:36.395696+00:00,train,1,1833,self,1.0,0,95,,
2025-11-27T00:38:36.395811+00:00,train,1,1834,self,1.0,0,98,,
2025-11-27T00:38:36.395925+00:00,train,1,1835,self,1.0,0,93,,
2025-11-27T00:38:36.396040+00:00,train,1,1836,self,1.0,0,96,,
2025-11-27T00:38:36.396157+00:00,train,1,1837,self,1.0,0,99,,
2025-11-27T00:38:36.396271+00:00,train,1,1838,self,1.0,0,100,,
2025-11-27T00:38:36.396386+00:00,train,1,1839,self,1.0,0,93,,
2025-11-27T00:38:36.396501+00:00,train,1,1840,self,1.0,0,97,,
2025-11-27T00:38:36.396618+00:00,train,1,1841,self,1.0,0,100,,
2025-11-27T00:38:36.396735+00:00,train,1,1842,self,1.0,0,100,,
2025-11-27T00:38:36.396851+00:00,train,1,1843,self,1.0,0,90,,
2025-11-27T00:38:36.396966+00:00,train,1,1844,self,1.0,0,96,,
2025-11-27T00:38:36.397081+00:00,train,1,1845,self,1.0,0,94,,
2025-11-27T00:38:36.397197+00:00,train,1,1846,self,1.0,0,95,,
2025-11-27T00:38:36.397312+00:00,train,1,1847,self,1.0,0,92,,
2025-11-27T00:38:36.397427+00:00,train,1,1848,self,1.0,0,98,,
2025-11-27T00:38:36.397541+00:00,train,1,1849,self,1.0,0,90,,
2025-11-27T00:38:36.397655+00:00,train,1,1850,self,1.0,0,94,,
2025-11-27T00:38:36.397770+00:00,train,1,1851,self,1.0,0,93,,
2025-11-27T00:38:36.397884+00:00,train,1,1852,self,1.0,0,100,,
2025-11-27T00:38:36.398002+00:00,train,1,1853,self,1.0,0,81,,
2025-11-27T00:38:36.398116+00:00,train,1,1854,self,1.0,0,100,,
2025-11-27T00:38:36.398231+00:00,train,1,1855,self,1.0,0,95,,
2025-11-27T00:38:36.398346+00:00,train,1,1856,self,1.0,0,96,,
2025-11-27T00:38:36.398461+00:00,train,1,1857,self,1.0,0,98,,
2025-11-27T00:38:36.398577+00:00,train,1,1858,self,1.0,0,99,,
2025-11-27T00:38:36.398691+00:00,train,1,1859,self,1.0,0,100,,
2025-11-27T00:38:36.398805+00:00,train,1,1860,self,1.0,0,100,,
2025-11-27T00:38:36.398920+00:00,train,1,1861,self,1.0,0,92,,
2025-11-27T00:38:36.399034+00:00,train,1,1862,self,1.0,0,93,,
2025-11-27T00:38:36.399149+00:00,train,1,1863,self,1.0,0,95,,
2025-11-27T00:38:36.399263+00:00,train,1,1864,self,1.0,0,99,,
2025-11-27T00:38:36.399377+00:00,train,1,1865,self,1.0,0,96,,
2025-11-27T00:38:36.399493+00:00,train,1,1866,self,1.0,0,100,,
2025-11-27T00:38:36.399609+00:00,train,1,1867,self,1.0,0,88,,
2025-11-27T00:38:36.399723+00:00,train,1,1868,self,1.0,0,97,,
2025-11-27T00:38:36.399838+00:00,train,1,1869,self,1.0,0,89,,
2025-11-27T00:38:36.399952+00:00,train,1,1870,self,1.0,0,97,,
2025-11-27T00:38:36.400067+00:00,train,1,1871,self,1.0,0,95,,
2025-11-27T00:38:36.400181+00:00,train,1,1872,self,1.0,0,100,,
2025-11-27T00:38:36.400296+00:00,train,1,1873,self,1.0,0,97,,
2025-11-27T00:38:36.400410+00:00,train,1,1874,self,1.0,0,99,,
2025-11-27T00:38:36.400574+00:00,train,1,1875,self,1.0,0,98,,
2025-11-27T00:38:36.400688+00:00,train,1,1876,self,1.0,0,100,,
2025-11-27T00:38:36.400802+00:00,train,1,1877,self,1.0,0,84,,
2025-11-27T00:38:36.400917+00:00,train,1,1878,self,1.0,0,93,,
2025-11-27T00:38:36.401031+00:00,train,1,1879,self,1.0,0,87,,
2025-11-27T00:38:36.401146+00:00,train,1,1880,self,1.0,0,100,,
2025-11-27T00:38:36.401261+00:00,train,1,1881,self,1.0,0,97,,
2025-11-27T00:38:36.401376+00:00,train,1,1882,self,1.0,0,100,,
2025-11-27T00:38:36.401490+00:00,train,1,1883,self,1.0,0,93,,
2025-11-27T00:38:36.401605+00:00,train,1,1884,self,1.0,0,100,,
2025-11-27T00:38:36.401722+00:00,train,1,1885,self,1.0,0,95,,
2025-11-27T00:38:36.401836+00:00,train,1,1886,self,1.0,0,98,,
2025-11-27T00:38:36.401950+00:00,train,1,1887,self,1.0,0,97,,
2025-11-27T00:38:36.402064+00:00,train,1,1888,self,1.0,0,100,,
2025-11-27T00:38:36.402177+00:00,train,1,1889,self,1.0,0,99,,
2025-11-27T00:38:36.402292+00:00,train,1,1890,self,1.0,0,99,,
2025-11-27T00:38:36.402405+00:00,train,1,1891,self,1.0,0,99,,
2025-11-27T00:38:36.402522+00:00,train,1,1892,self,1.0,0,100,,
2025-11-27T00:38:36.402637+00:00,train,1,1893,self,1.0,0,74,,
2025-11-27T00:38:36.402750+00:00,train,1,1894,self,1.0,0,79,,
2025-11-27T00:38:36.402864+00:00,train,1,1895,self,1.0,0,99,,
2025-11-27T00:38:36.402979+00:00,train,1,1896,self,1.0,0,100,,
2025-11-27T00:38:36.403094+00:00,train,1,1897,self,1.0,0,95,,
2025-11-27T00:38:36.403209+00:00,train,1,1898,self,1.0,0,99,,
2025-11-27T00:38:36.403323+00:00,train,1,1899,self,1.0,0,94,,
2025-11-27T00:38:36.403437+00:00,train,1,1900,self,1.0,0,98,,
2025-11-27T00:38:36.403552+00:00,train,1,1901,self,1.0,0,96,,
2025-11-27T00:38:36.403667+00:00,train,1,1902,self,1.0,0,99,,
2025-11-27T00:38:36.403781+00:00,train,1,1903,self,1.0,0,98,,
2025-11-27T00:38:36.403897+00:00,train,1,1904,self,1.0,0,100,,
2025-11-27T00:38:36.404012+00:00,train,1,1905,self,1.0,0,97,,
2025-11-27T00:38:36.404127+00:00,train,1,1906,self,1.0,0,98,,
2025-11-27T00:38:36.404242+00:00,train,1,1907,self,1.0,0,90,,
2025-11-27T00:38:36.404356+00:00,train,1,1908,self,1.0,0,99,,
2025-11-27T00:38:36.404470+00:00,train,1,1909,self,1.0,0,97,,
2025-11-27T00:38:36.404584+00:00,train,1,1910,self,1.0,0,100,,
2025-11-27T00:38:36.404699+00:00,train,1,1911,self,1.0,0,90,,
2025-11-27T00:38:36.404814+00:00,train,1,1912,self,1.0,0,95,,
2025-11-27T00:38:36.404929+00:00,train,1,1913,self,1.0,0,80,,
2025-11-27T00:38:36.405043+00:00,train,1,1914,self,1.0,0,95,,
2025-11-27T00:38:36.405158+00:00,train,1,1915,self,1.0,0,98,,
2025-11-27T00:38:36.405273+00:00,train,1,1916,self,1.0,0,100,,
2025-11-27T00:38:36.405388+00:00,train,1,1917,self,1.0,0,91,,
2025-11-27T00:38:36.405502+00:00,train,1,1918,self,1.0,0,96,,
2025-11-27T00:38:36.405619+00:00,train,1,1919,self,1.0,0,99,,
2025-11-27T00:38:36.405784+00:00,train,1,1920,self,1.0,0,100,,
2025-11-27T00:38:36.405898+00:00,train,1,1921,self,1.0,0,90,,
2025-11-27T00:38:36.406013+00:00,train,1,1922,self,1.0,0,99,,
2025-11-27T00:38:36.406128+00:00,train,1,1923,self,1.0,0,99,,
2025-11-27T00:38:36.406242+00:00,train,1,1924,self,1.0,0,99,,
2025-11-27T00:38:36.406357+00:00,train,1,1925,self,1.0,0,99,,
2025-11-27T00:38:36.406472+00:00,train,1,1926,self,1.0,0,100,,
2025-11-27T00:38:36.406586+00:00,train,1,1927,self,1.0,0,94,,
2025-11-27T00:38:36.406703+00:00,train,1,1928,self,1.0,0,96,,
2025-11-27T00:38:36.406901+00:00,train,1,1929,self,1.0,0,97,,
2025-11-27T00:38:36.407016+00:00,train,1,1930,self,1.0,0,99,,
2025-11-27T00:38:36.407171+00:00,train,1,1931,self,1.0,0,84,,
2025-11-27T00:38:36.407300+00:00,train,1,1932,self,1.0,0,89,,
2025-11-27T00:38:36.407430+00:00,train,1,1933,self,1.0,0,97,,
2025-11-27T00:38:36.407547+00:00,train,1,1934,self,1.0,0,100,,
2025-11-27T00:38:36.407681+00:00,train,1,1935,self,1.0,0,93,,
2025-11-27T00:38:36.407794+00:00,train,1,1936,self,1.0,0,95,,
2025-11-27T00:38:36.407928+00:00,train,1,1937,self,1.0,0,91,,
2025-11-27T00:38:36.408040+00:00,train,1,1938,self,1.0,0,96,,
2025-11-27T00:38:36.408171+00:00,train,1,1939,self,1.0,0,95,,
2025-11-27T00:38:36.408283+00:00,train,1,1940,self,1.0,0,98,,
2025-11-27T00:38:36.408415+00:00,train,1,1941,self,1.0,0,88,,
2025-11-27T00:38:36.408526+00:00,train,1,1942,self,1.0,0,97,,
2025-11-27T00:38:36.408660+00:00,train,1,1943,self,1.0,0,92,,
2025-11-27T00:38:36.408771+00:00,train,1,1944,self,1.0,0,92,,
2025-11-27T00:38:36.408881+00:00,train,1,1945,self,1.0,0,97,,
2025-11-27T00:38:36.408992+00:00,train,1,1946,self,1.0,0,100,,
2025-11-27T00:38:36.409119+00:00,train,1,1947,self,1.0,0,94,,
2025-11-27T00:38:36.409232+00:00,train,1,1948,self,1.0,0,97,,
2025-11-27T00:38:36.409353+00:00,train,1,1949,self,1.0,0,97,,
2025-11-27T00:38:36.409465+00:00,train,1,1950,self,1.0,0,98,,
2025-11-27T00:38:36.409576+00:00,train,1,1951,self,1.0,0,97,,
2025-11-27T00:38:36.409686+00:00,train,1,1952,self,1.0,0,97,,
2025-11-27T00:38:36.409797+00:00,train,1,1953,self,1.0,0,87,,
2025-11-27T00:38:36.409908+00:00,train,1,1954,self,1.0,0,89,,
2025-11-27T00:38:36.410018+00:00,train,1,1955,self,1.0,0,98,,
2025-11-27T00:38:36.410129+00:00,train,1,1956,self,1.0,0,98,,
2025-11-27T00:38:36.410240+00:00,train,1,1957,self,1.0,0,94,,
2025-11-27T00:38:36.410350+00:00,train,1,1958,self,1.0,0,98,,
2025-11-27T00:38:36.410461+00:00,train,1,1959,self,1.0,0,99,,
2025-11-27T00:38:36.410570+00:00,train,1,1960,self,1.0,0,99,,
2025-11-27T00:38:36.410681+00:00,train,1,1961,self,1.0,0,93,,
2025-11-27T00:38:36.410793+00:00,train,1,1962,self,1.0,0,100,,
2025-11-27T00:38:36.410904+00:00,train,1,1963,self,1.0,0,89,,
2025-11-27T00:38:36.411014+00:00,train,1,1964,self,1.0,0,96,,
2025-11-27T00:38:36.411125+00:00,train,1,1965,self,1.0,0,92,,
2025-11-27T00:38:36.411235+00:00,train,1,1966,self,1.0,0,99,,
2025-11-27T00:38:36.411345+00:00,train,1,1967,self,1.0,0,85,,
2025-11-27T00:38:36.411456+00:00,train,1,1968,self,1.0,0,91,,
2025-11-27T00:38:36.411566+00:00,train,1,1969,self,1.0,0,89,,
2025-11-27T00:38:36.411677+00:00,train,1,1970,self,1.0,0,93,,
2025-11-27T00:38:36.411788+00:00,train,1,1971,self,1.0,0,68,,
2025-11-27T00:38:36.411897+00:00,train,1,1972,self,1.0,0,100,,
2025-11-27T00:38:36.412011+00:00,train,1,1973,self,1.0,0,80,,
2025-11-27T00:38:36.412122+00:00,train,1,1974,self,1.0,0,98,,
2025-11-27T00:38:36.412234+00:00,train,1,1975,self,1.0,0,84,,
2025-11-27T00:38:36.412344+00:00,train,1,1976,self,1.0,0,100,,
2025-11-27T00:38:36.412454+00:00,train,1,1977,self,1.0,0,85,,
2025-11-27T00:38:36.412565+00:00,train,1,1978,self,1.0,0,97,,
2025-11-27T00:38:36.412675+00:00,train,1,1979,self,1.0,0,92,,
2025-11-27T00:38:36.412785+00:00,train,1,1980,self,1.0,0,94,,
2025-11-27T00:38:36.412896+00:00,train,1,1981,self,1.0,0,92,,
2025-11-27T00:38:36.413005+00:00,train,1,1982,self,1.0,0,97,,
2025-11-27T00:38:36.413115+00:00,train,1,1983,self,1.0,0,98,,
2025-11-27T00:38:36.413225+00:00,train,1,1984,self,1.0,0,100,,
2025-11-27T00:38:36.413335+00:00,train,1,1985,self,1.0,0,95,,
2025-11-27T00:38:36.413445+00:00,train,1,1986,self,1.0,0,100,,
2025-11-27T00:38:36.413554+00:00,train,1,1987,self,1.0,0,96,,
2025-11-27T00:38:36.413664+00:00,train,1,1988,self,1.0,0,100,,
2025-11-27T00:38:36.413774+00:00,train,1,1989,self,1.0,0,98,,
2025-11-27T00:38:36.413884+00:00,train,1,1990,self,1.0,0,99,,
2025-11-27T00:38:36.413994+00:00,train,1,1991,self,1.0,0,97,,
2025-11-27T00:38:36.414104+00:00,train,1,1992,self,1.0,0,98,,
2025-11-27T00:38:36.414213+00:00,train,1,1993,self,1.0,0,97,,
2025-11-27T00:38:36.414323+00:00,train,1,1994,self,1.0,0,100,,
2025-11-27T00:38:36.414433+00:00,train,1,1995,self,1.0,0,88,,
2025-11-27T00:38:36.414590+00:00,train,1,1996,self,1.0,0,94,,
2025-11-27T00:38:36.414702+00:00,train,1,1997,self,1.0,0,99,,
2025-11-27T00:38:36.414812+00:00,train,1,1998,self,1.0,0,100,,
2025-11-27T00:38:36.414922+00:00,train,1,1999,self,1.0,0,95,,
2025-11-27T00:38:36.415032+00:00,train,1,2000,self,1.0,0,95,,
2025-11-27T00:39:03.500212+00:00,baseline_eval,1,2001,,0.9525000000000219,,,,1.0
2025-11-27T00:39:20.278788+00:00,selfplay_eval,1,2001,,0.9525000000000219,,,0.555,1.0
2025-11-27T00:39:32.995088+00:00,train,2,2001,self,0.9525000000000219,0,96,,
2025-11-27T00:39:32.995329+00:00,train,2,2002,self,0.9525000000000219,0,98,,
2025-11-27T00:39:32.995875+00:00,train,2,2003,self,0.9525000000000219,0,99,,
2025-11-27T00:39:32.996043+00:00,train,2,2004,self,0.9525000000000219,0,100,,
2025-11-27T00:39:32.996196+00:00,train,2,2005,self,0.9525000000000219,0,89,,
2025-11-27T00:39:32.996343+00:00,train,2,2006,self,0.9525000000000219,0,99,,
2025-11-27T00:39:32.996486+00:00,train,2,2007,self,0.9525000000000219,0,86,,
2025-11-27T00:39:32.996636+00:00,train,2,2008,self,0.9525000000000219,0,88,,
2025-11-27T00:39:32.996781+00:00,train,2,2009,self,0.9525000000000219,0,97,,
2025-11-27T00:39:32.996922+00:00,train,2,2010,self,0.9525000000000219,0,98,,
2025-11-27T00:39:32.997061+00:00,train,2,2011,self,0.9525000000000219,0,96,,
2025-11-27T00:39:32.997200+00:00,train,2,2012,self,0.9525000000000219,0,100,,
2025-11-27T00:39:32.997339+00:00,train,2,2013,self,0.9525000000000219,0,85,,
2025-11-27T00:39:32.997479+00:00,train,2,2014,self,0.9525000000000219,0,88,,
2025-11-27T00:39:32.997617+00:00,train,2,2015,self,0.9525000000000219,0,99,,
2025-11-27T00:39:32.997755+00:00,train,2,2016,self,0.9525000000000219,0,100,,
2025-11-27T00:39:32.997894+00:00,train,2,2017,self,0.9525000000000219,0,91,,
2025-11-27T00:39:32.998032+00:00,train,2,2018,self,0.9525000000000219,0,100,,
2025-11-27T00:39:32.998169+00:00,train,2,2019,self,0.9525000000000219,0,88,,
2025-11-27T00:39:32.998309+00:00,train,2,2020,self,0.9525000000000219,0,96,,
2025-11-27T00:39:32.998447+00:00,train,2,2021,self,0.9525000000000219,0,95,,
2025-11-27T00:39:32.998585+00:00,train,2,2022,self,0.9525000000000219,0,98,,
2025-11-27T00:39:32.998723+00:00,train,2,2023,self,0.9525000000000219,0,81,,
2025-11-27T00:39:32.998863+00:00,train,2,2024,self,0.9525000000000219,0,99,,
2025-11-27T00:39:32.999002+00:00,train,2,2025,self,0.9525000000000219,0,98,,
2025-11-27T00:39:32.999140+00:00,train,2,2026,self,0.9525000000000219,0,100,,
2025-11-27T00:39:32.999279+00:00,train,2,2027,self,0.9525000000000219,0,96,,
2025-11-27T00:39:32.999417+00:00,train,2,2028,self,0.9525000000000219,0,100,,
2025-11-27T00:39:32.999564+00:00,train,2,2029,self,0.9525000000000219,0,90,,
2025-11-27T00:39:32.999704+00:00,train,2,2030,self,0.9525000000000219,0,95,,
2025-11-27T00:39:32.999843+00:00,train,2,2031,self,0.9525000000000219,0,89,,
2025-11-27T00:39:32.999982+00:00,train,2,2032,self,0.9525000000000219,0,97,,
2025-11-27T00:39:33.000122+00:00,train,2,2033,self,0.9525000000000219,0,87,,
2025-11-27T00:39:33.000261+00:00,train,2,2034,self,0.9525000000000219,0,99,,
2025-11-27T00:39:33.000399+00:00,train,2,2035,self,0.9525000000000219,0,99,,
2025-11-27T00:39:33.000542+00:00,train,2,2036,self,0.9525000000000219,0,100,,
2025-11-27T00:39:33.000680+00:00,train,2,2037,self,0.9525000000000219,0,95,,
2025-11-27T00:39:33.000818+00:00,train,2,2038,self,0.9525000000000219,0,97,,
2025-11-27T00:39:33.000955+00:00,train,2,2039,self,0.9525000000000219,0,97,,
2025-11-27T00:39:33.001093+00:00,train,2,2040,self,0.9525000000000219,0,99,,
2025-11-27T00:39:33.001231+00:00,train,2,2041,self,0.9525000000000219,0,98,,
2025-11-27T00:39:33.001369+00:00,train,2,2042,self,0.9525000000000219,0,100,,
2025-11-27T00:39:33.001507+00:00,train,2,2043,self,0.9525000000000219,0,98,,
2025-11-27T00:39:33.001645+00:00,train,2,2044,self,0.9525000000000219,0,100,,
2025-11-27T00:39:33.001787+00:00,train,2,2045,self,0.9525000000000219,0,93,,
2025-11-27T00:39:33.001926+00:00,train,2,2046,self,0.9525000000000219,0,98,,
2025-11-27T00:39:33.002065+00:00,train,2,2047,self,0.9525000000000219,0,96,,
2025-11-27T00:39:33.002202+00:00,train,2,2048,self,0.9525000000000219,0,98,,
2025-11-27T00:39:33.002341+00:00,train,2,2049,self,0.9525000000000219,0,88,,
2025-11-27T00:39:33.002479+00:00,train,2,2050,self,0.9525000000000219,0,100,,
2025-11-27T00:39:33.002618+00:00,train,2,2051,self,0.9525000000000219,0,96,,
2025-11-27T00:39:33.002770+00:00,train,2,2052,self,0.9525000000000219,0,98,,
2025-11-27T00:39:33.002903+00:00,train,2,2053,self,0.9525000000000219,0,90,,
2025-11-27T00:39:33.003037+00:00,train,2,2054,self,0.9525000000000219,0,97,,
2025-11-27T00:39:33.003174+00:00,train,2,2055,self,0.9525000000000219,0,89,,
2025-11-27T00:39:33.003308+00:00,train,2,2056,self,0.9525000000000219,0,97,,
2025-11-27T00:39:33.003441+00:00,train,2,2057,self,0.9525000000000219,0,100,,
2025-11-27T00:39:33.003574+00:00,train,2,2058,self,0.9525000000000219,0,100,,
2025-11-27T00:39:33.003707+00:00,train,2,2059,self,0.9525000000000219,0,83,,
2025-11-27T00:39:33.003858+00:00,train,2,2060,self,0.9525000000000219,0,93,,
2025-11-27T00:39:33.003996+00:00,train,2,2061,self,0.9525000000000219,0,98,,
2025-11-27T00:39:33.004134+00:00,train,2,2062,self,0.9525000000000219,0,99,,
2025-11-27T00:39:33.004278+00:00,train,2,2063,self,0.9525000000000219,0,92,,
2025-11-27T00:39:33.004416+00:00,train,2,2064,self,0.9525000000000219,0,100,,
2025-11-27T00:39:33.004554+00:00,train,2,2065,self,0.9525000000000219,0,93,,
2025-11-27T00:39:33.004692+00:00,train,2,2066,self,0.9525000000000219,0,100,,
2025-11-27T00:39:33.004835+00:00,train,2,2067,self,0.9525000000000219,0,94,,
2025-11-27T00:39:33.004973+00:00,train,2,2068,self,0.9525000000000219,0,97,,
2025-11-27T00:39:33.005117+00:00,train,2,2069,self,0.9525000000000219,0,97,,
2025-11-27T00:39:33.005257+00:00,train,2,2070,self,0.9525000000000219,0,98,,
2025-11-27T00:39:33.005409+00:00,train,2,2071,self,0.9525000000000219,0,96,,
2025-11-27T00:39:33.005550+00:00,train,2,2072,self,0.9525000000000219,0,100,,
2025-11-27T00:39:33.005693+00:00,train,2,2073,self,0.9525000000000219,0,94,,
2025-11-27T00:39:33.005833+00:00,train,2,2074,self,0.9525000000000219,0,99,,
2025-11-27T00:39:33.005972+00:00,train,2,2075,self,0.9525000000000219,0,82,,
2025-11-27T00:39:33.006113+00:00,train,2,2076,self,0.9525000000000219,0,94,,
2025-11-27T00:39:33.006254+00:00,train,2,2077,self,0.9525000000000219,0,95,,
2025-11-27T00:39:33.006393+00:00,train,2,2078,self,0.9525000000000219,0,100,,
2025-11-27T00:39:33.006536+00:00,train,2,2079,self,0.9525000000000219,0,81,,
2025-11-27T00:39:33.006676+00:00,train,2,2080,self,0.9525000000000219,0,98,,
2025-11-27T00:39:33.006814+00:00,train,2,2081,self,0.9525000000000219,0,99,,
2025-11-27T00:39:33.006956+00:00,train,2,2082,self,0.9525000000000219,0,99,,
2025-11-27T00:39:33.007098+00:00,train,2,2083,self,0.9525000000000219,0,92,,
2025-11-27T00:39:33.007236+00:00,train,2,2084,self,0.9525000000000219,0,100,,
2025-11-27T00:39:33.007376+00:00,train,2,2085,self,0.9525000000000219,0,89,,
2025-11-27T00:39:33.007515+00:00,train,2,2086,self,0.9525000000000219,0,96,,
2025-11-27T00:39:33.007653+00:00,train,2,2087,self,0.9525000000000219,0,99,,
2025-11-27T00:39:33.007790+00:00,train,2,2088,self,0.9525000000000219,0,100,,
2025-11-27T00:39:33.007929+00:00,train,2,2089,self,0.9525000000000219,0,91,,
2025-11-27T00:39:33.008072+00:00,train,2,2090,self,0.9525000000000219,0,100,,
2025-11-27T00:39:33.008210+00:00,train,2,2091,self,0.9525000000000219,0,85,,
2025-11-27T00:39:33.008349+00:00,train,2,2092,self,0.9525000000000219,0,89,,
2025-11-27T00:39:33.008487+00:00,train,2,2093,self,0.9525000000000219,0,88,,
2025-11-27T00:39:33.008625+00:00,train,2,2094,self,0.9525000000000219,0,97,,
2025-11-27T00:39:33.008776+00:00,train,2,2095,self,0.9525000000000219,0,90,,
2025-11-27T00:39:33.008909+00:00,train,2,2096,self,0.9525000000000219,0,97,,
2025-11-27T00:39:33.009042+00:00,train,2,2097,self,0.9525000000000219,0,94,,
2025-11-27T00:39:33.009175+00:00,train,2,2098,self,0.9525000000000219,0,100,,
2025-11-27T00:39:33.009309+00:00,train,2,2099,self,0.9525000000000219,0,95,,
2025-11-27T00:39:33.009443+00:00,train,2,2100,self,0.9525000000000219,0,100,,
2025-11-27T00:39:33.009578+00:00,train,2,2101,self,0.9525000000000219,0,99,,
2025-11-27T00:39:33.009711+00:00,train,2,2102,self,0.9525000000000219,0,100,,
2025-11-27T00:39:33.009844+00:00,train,2,2103,self,0.9525000000000219,0,92,,
2025-11-27T00:39:33.009981+00:00,train,2,2104,self,0.9525000000000219,0,99,,
2025-11-27T00:39:33.010115+00:00,train,2,2105,self,0.9525000000000219,0,93,,
2025-11-27T00:39:33.010249+00:00,train,2,2106,self,0.9525000000000219,0,100,,
2025-11-27T00:39:33.010384+00:00,train,2,2107,self,0.9525000000000219,0,92,,
2025-11-27T00:39:33.010518+00:00,train,2,2108,self,0.9525000000000219,0,98,,
2025-11-27T00:39:33.010652+00:00,train,2,2109,self,0.9525000000000219,0,85,,
2025-11-27T00:39:33.010785+00:00,train,2,2110,self,0.9525000000000219,0,98,,
2025-11-27T00:39:33.010919+00:00,train,2,2111,self,0.9525000000000219,0,87,,
2025-11-27T00:39:33.011053+00:00,train,2,2112,self,0.9525000000000219,0,100,,
2025-11-27T00:39:33.011187+00:00,train,2,2113,self,0.9525000000000219,0,91,,
2025-11-27T00:39:33.011322+00:00,train,2,2114,self,0.9525000000000219,0,95,,
2025-11-27T00:39:33.011456+00:00,train,2,2115,self,0.9525000000000219,0,94,,
2025-11-27T00:39:33.011590+00:00,train,2,2116,self,0.9525000000000219,0,97,,
2025-11-27T00:39:33.011724+00:00,train,2,2117,self,0.9525000000000219,0,99,,
2025-11-27T00:39:33.011857+00:00,train,2,2118,self,0.9525000000000219,0,100,,
2025-11-27T00:39:33.011992+00:00,train,2,2119,self,0.9525000000000219,0,88,,
2025-11-27T00:39:33.012126+00:00,train,2,2120,self,0.9525000000000219,0,93,,
2025-11-27T00:39:33.012261+00:00,train,2,2121,self,0.9525000000000219,0,98,,
2025-11-27T00:39:33.012395+00:00,train,2,2122,self,0.9525000000000219,0,98,,
2025-11-27T00:39:33.012528+00:00,train,2,2123,self,0.9525000000000219,0,93,,
2025-11-27T00:39:33.012768+00:00,train,2,2124,self,0.9525000000000219,0,97,,
2025-11-27T00:39:33.012904+00:00,train,2,2125,self,0.9525000000000219,0,86,,
2025-11-27T00:39:33.013043+00:00,train,2,2126,self,0.9525000000000219,0,91,,
2025-11-27T00:39:33.013179+00:00,train,2,2127,self,0.9525000000000219,0,100,,
2025-11-27T00:39:33.013312+00:00,train,2,2128,self,0.9525000000000219,0,100,,
2025-11-27T00:39:33.013444+00:00,train,2,2129,self,0.9525000000000219,0,97,,
2025-11-27T00:39:33.013576+00:00,train,2,2130,self,0.9525000000000219,0,99,,
2025-11-27T00:39:33.013708+00:00,train,2,2131,self,0.9525000000000219,0,95,,
2025-11-27T00:39:33.013839+00:00,train,2,2132,self,0.9525000000000219,0,97,,
2025-11-27T00:39:33.013970+00:00,train,2,2133,self,0.9525000000000219,0,85,,
2025-11-27T00:39:33.014102+00:00,train,2,2134,self,0.9525000000000219,0,97,,
2025-11-27T00:39:33.014234+00:00,train,2,2135,self,0.9525000000000219,0,97,,
2025-11-27T00:39:33.014365+00:00,train,2,2136,self,0.9525000000000219,0,98,,
2025-11-27T00:39:33.014497+00:00,train,2,2137,self,0.9525000000000219,0,75,,
2025-11-27T00:39:33.014628+00:00,train,2,2138,self,0.9525000000000219,0,94,,
2025-11-27T00:39:33.014835+00:00,train,2,2139,self,0.9525000000000219,0,94,,
2025-11-27T00:39:33.014967+00:00,train,2,2140,self,0.9525000000000219,0,100,,
2025-11-27T00:39:33.015097+00:00,train,2,2141,self,0.9525000000000219,0,95,,
2025-11-27T00:39:33.015228+00:00,train,2,2142,self,0.9525000000000219,0,96,,
2025-11-27T00:39:33.015418+00:00,train,2,2143,self,0.9525000000000219,0,95,,
2025-11-27T00:39:33.015625+00:00,train,2,2144,self,0.9525000000000219,0,100,,
2025-11-27T00:39:33.015771+00:00,train,2,2145,self,0.9525000000000219,0,91,,
2025-11-27T00:39:33.015908+00:00,train,2,2146,self,0.9525000000000219,0,95,,
2025-11-27T00:39:33.016040+00:00,train,2,2147,self,0.9525000000000219,0,99,,
2025-11-27T00:39:33.016168+00:00,train,2,2148,self,0.9525000000000219,0,99,,
2025-11-27T00:39:33.016296+00:00,train,2,2149,self,0.9525000000000219,0,84,,
2025-11-27T00:39:33.016445+00:00,train,2,2150,self,0.9525000000000219,0,100,,
2025-11-27T00:39:33.016571+00:00,train,2,2151,self,0.9525000000000219,0,97,,
2025-11-27T00:39:33.016700+00:00,train,2,2152,self,0.9525000000000219,0,99,,
2025-11-27T00:39:33.016827+00:00,train,2,2153,self,0.9525000000000219,0,95,,
2025-11-27T00:39:33.016953+00:00,train,2,2154,self,0.9525000000000219,0,100,,
2025-11-27T00:39:33.017077+00:00,train,2,2155,self,0.9525000000000219,0,95,,
2025-11-27T00:39:33.017262+00:00,train,2,2156,self,0.9525000000000219,0,98,,
2025-11-27T00:39:33.017416+00:00,train,2,2157,self,0.9525000000000219,0,97,,
2025-11-27T00:39:33.017560+00:00,train,2,2158,self,0.9525000000000219,0,100,,
2025-11-27T00:39:33.017699+00:00,train,2,2159,self,0.9525000000000219,0,89,,
2025-11-27T00:39:33.017836+00:00,train,2,2160,self,0.9525000000000219,0,99,,
2025-11-27T00:39:33.017971+00:00,train,2,2161,self,0.9525000000000219,0,86,,
2025-11-27T00:39:33.018106+00:00,train,2,2162,self,0.9525000000000219,0,91,,
2025-11-27T00:39:33.018240+00:00,train,2,2163,self,0.9525000000000219,0,97,,
2025-11-27T00:39:33.018372+00:00,train,2,2164,self,0.9525000000000219,0,99,,
2025-11-27T00:39:33.018505+00:00,train,2,2165,self,0.9525000000000219,0,94,,
2025-11-27T00:39:33.018637+00:00,train,2,2166,self,0.9525000000000219,0,98,,
2025-11-27T00:39:33.018770+00:00,train,2,2167,self,0.9525000000000219,0,90,,
2025-11-27T00:39:33.018902+00:00,train,2,2168,self,0.9525000000000219,0,91,,
2025-11-27T00:39:33.019034+00:00,train,2,2169,self,0.9525000000000219,0,92,,
2025-11-27T00:39:33.019166+00:00,train,2,2170,self,0.9525000000000219,0,93,,
2025-11-27T00:39:33.019297+00:00,train,2,2171,self,0.9525000000000219,0,97,,
2025-11-27T00:39:33.019429+00:00,train,2,2172,self,0.9525000000000219,0,98,,
2025-11-27T00:39:33.019560+00:00,train,2,2173,self,0.9525000000000219,0,97,,
2025-11-27T00:39:33.019692+00:00,train,2,2174,self,0.9525000000000219,0,100,,
2025-11-27T00:39:33.019823+00:00,train,2,2175,self,0.9525000000000219,0,96,,
2025-11-27T00:39:33.019955+00:00,train,2,2176,self,0.9525000000000219,0,99,,
2025-11-27T00:39:33.020090+00:00,train,2,2177,self,0.9525000000000219,0,90,,
2025-11-27T00:39:33.020225+00:00,train,2,2178,self,0.9525000000000219,0,96,,
2025-11-27T00:39:33.020359+00:00,train,2,2179,self,0.9525000000000219,0,95,,
2025-11-27T00:39:33.020489+00:00,train,2,2180,self,0.9525000000000219,0,100,,
2025-11-27T00:39:33.020626+00:00,train,2,2181,self,0.9525000000000219,0,99,,
2025-11-27T00:39:33.020760+00:00,train,2,2182,self,0.9525000000000219,0,100,,
2025-11-27T00:39:33.020905+00:00,train,2,2183,self,0.9525000000000219,0,93,,
2025-11-27T00:39:33.021034+00:00,train,2,2184,self,0.9525000000000219,0,100,,
2025-11-27T00:39:33.021163+00:00,train,2,2185,self,0.9525000000000219,0,100,,
2025-11-27T00:39:33.021293+00:00,train,2,2186,self,0.9525000000000219,0,100,,
2025-11-27T00:39:33.021422+00:00,train,2,2187,self,0.9525000000000219,0,93,,
2025-11-27T00:39:33.021552+00:00,train,2,2188,self,0.9525000000000219,0,96,,
2025-11-27T00:39:33.021681+00:00,train,2,2189,self,0.9525000000000219,0,97,,
2025-11-27T00:39:33.021823+00:00,train,2,2190,self,0.9525000000000219,0,97,,
2025-11-27T00:39:33.021949+00:00,train,2,2191,self,0.9525000000000219,0,87,,
2025-11-27T00:39:33.022075+00:00,train,2,2192,self,0.9525000000000219,0,100,,
2025-11-27T00:39:33.022201+00:00,train,2,2193,self,0.9525000000000219,0,92,,
2025-11-27T00:39:33.022326+00:00,train,2,2194,self,0.9525000000000219,0,92,,
2025-11-27T00:39:33.022452+00:00,train,2,2195,self,0.9525000000000219,0,89,,
2025-11-27T00:39:33.022577+00:00,train,2,2196,self,0.9525000000000219,0,98,,
2025-11-27T00:39:33.022703+00:00,train,2,2197,self,0.9525000000000219,0,99,,
2025-11-27T00:39:33.022842+00:00,train,2,2198,self,0.9525000000000219,0,99,,
2025-11-27T00:39:33.022965+00:00,train,2,2199,self,0.9525000000000219,0,89,,
2025-11-27T00:39:33.023087+00:00,train,2,2200,self,0.9525000000000219,0,95,,
2025-11-27T00:39:33.023210+00:00,train,2,2201,self,0.9525000000000219,0,87,,
2025-11-27T00:39:33.023333+00:00,train,2,2202,self,0.9525000000000219,0,95,,
2025-11-27T00:39:33.023455+00:00,train,2,2203,self,0.9525000000000219,0,96,,
2025-11-27T00:39:33.023577+00:00,train,2,2204,self,0.9525000000000219,0,100,,
2025-11-27T00:39:33.023699+00:00,train,2,2205,self,0.9525000000000219,0,93,,
2025-11-27T00:39:33.023834+00:00,train,2,2206,self,0.9525000000000219,0,98,,
2025-11-27T00:39:33.023953+00:00,train,2,2207,self,0.9525000000000219,0,96,,
2025-11-27T00:39:33.024072+00:00,train,2,2208,self,0.9525000000000219,0,100,,
2025-11-27T00:39:33.024191+00:00,train,2,2209,self,0.9525000000000219,0,97,,
2025-11-27T00:39:33.024310+00:00,train,2,2210,self,0.9525000000000219,0,100,,
2025-11-27T00:39:33.024429+00:00,train,2,2211,self,0.9525000000000219,0,94,,
2025-11-27T00:39:33.024547+00:00,train,2,2212,self,0.9525000000000219,0,97,,
2025-11-27T00:39:33.024666+00:00,train,2,2213,self,0.9525000000000219,0,98,,
2025-11-27T00:39:33.024798+00:00,train,2,2214,self,0.9525000000000219,0,98,,
2025-11-27T00:39:33.024914+00:00,train,2,2215,self,0.9525000000000219,0,95,,
2025-11-27T00:39:33.025029+00:00,train,2,2216,self,0.9525000000000219,0,99,,
2025-11-27T00:39:33.025145+00:00,train,2,2217,self,0.9525000000000219,0,99,,
2025-11-27T00:39:33.025260+00:00,train,2,2218,self,0.9525000000000219,0,100,,
2025-11-27T00:39:33.025376+00:00,train,2,2219,self,0.9525000000000219,0,88,,
2025-11-27T00:39:33.025491+00:00,train,2,2220,self,0.9525000000000219,0,99,,
2025-11-27T00:39:33.025609+00:00,train,2,2221,self,0.9525000000000219,0,95,,
2025-11-27T00:39:33.025729+00:00,train,2,2222,self,0.9525000000000219,0,96,,
2025-11-27T00:39:33.025859+00:00,train,2,2223,self,0.9525000000000219,0,90,,
2025-11-27T00:39:33.025972+00:00,train,2,2224,self,0.9525000000000219,0,95,,
2025-11-27T00:39:33.026085+00:00,train,2,2225,self,0.9525000000000219,0,85,,
2025-11-27T00:39:33.026197+00:00,train,2,2226,self,0.9525000000000219,0,99,,
2025-11-27T00:39:33.026310+00:00,train,2,2227,self,0.9525000000000219,0,91,,
2025-11-27T00:39:33.026423+00:00,train,2,2228,self,0.9525000000000219,0,98,,
2025-11-27T00:39:33.026538+00:00,train,2,2229,self,0.9525000000000219,0,96,,
2025-11-27T00:39:33.026651+00:00,train,2,2230,self,0.9525000000000219,0,98,,
2025-11-27T00:39:33.026773+00:00,train,2,2231,self,0.9525000000000219,0,97,,
2025-11-27T00:39:33.026899+00:00,train,2,2232,self,0.9525000000000219,0,97,,
2025-11-27T00:39:33.027012+00:00,train,2,2233,self,0.9525000000000219,0,94,,
2025-11-27T00:39:33.027126+00:00,train,2,2234,self,0.9525000000000219,0,98,,
2025-11-27T00:39:33.027236+00:00,train,2,2235,self,0.9525000000000219,0,92,,
2025-11-27T00:39:33.027347+00:00,train,2,2236,self,0.9525000000000219,0,97,,
2025-11-27T00:39:33.027458+00:00,train,2,2237,self,0.9525000000000219,0,92,,
2025-11-27T00:39:33.027568+00:00,train,2,2238,self,0.9525000000000219,0,100,,
2025-11-27T00:39:33.027679+00:00,train,2,2239,self,0.9525000000000219,0,91,,
2025-11-27T00:39:33.027802+00:00,train,2,2240,self,0.9525000000000219,0,98,,
2025-11-27T00:39:33.027909+00:00,train,2,2241,self,0.9525000000000219,0,89,,
2025-11-27T00:39:33.028018+00:00,train,2,2242,self,0.9525000000000219,0,98,,
2025-11-27T00:39:33.028125+00:00,train,2,2243,self,0.9525000000000219,0,94,,
2025-11-27T00:39:33.028234+00:00,train,2,2244,self,0.9525000000000219,0,96,,
2025-11-27T00:39:33.028339+00:00,train,2,2245,self,0.9525000000000219,0,94,,
2025-11-27T00:39:33.028449+00:00,train,2,2246,self,0.9525000000000219,0,98,,
2025-11-27T00:39:33.028557+00:00,train,2,2247,self,0.9525000000000219,0,99,,
2025-11-27T00:39:33.028662+00:00,train,2,2248,self,0.9525000000000219,0,100,,
2025-11-27T00:39:33.028772+00:00,train,2,2249,self,0.9525000000000219,0,87,,
2025-11-27T00:39:33.028877+00:00,train,2,2250,self,0.9525000000000219,0,98,,
2025-11-27T00:39:33.029026+00:00,train,2,2251,self,0.9525000000000219,0,89,,
2025-11-27T00:39:33.029131+00:00,train,2,2252,self,0.9525000000000219,0,99,,
2025-11-27T00:39:33.029241+00:00,train,2,2253,self,0.9525000000000219,0,76,,
2025-11-27T00:39:33.029345+00:00,train,2,2254,self,0.9525000000000219,0,98,,
2025-11-27T00:39:33.029455+00:00,train,2,2255,self,0.9525000000000219,0,93,,
2025-11-27T00:39:33.029560+00:00,train,2,2256,self,0.9525000000000219,0,99,,
2025-11-27T00:39:33.029670+00:00,train,2,2257,self,0.9525000000000219,0,94,,
2025-11-27T00:39:33.029775+00:00,train,2,2258,self,0.9525000000000219,0,96,,
2025-11-27T00:39:33.029888+00:00,train,2,2259,self,0.9525000000000219,0,90,,
2025-11-27T00:39:33.029996+00:00,train,2,2260,self,0.9525000000000219,0,91,,
2025-11-27T00:39:33.030101+00:00,train,2,2261,self,0.9525000000000219,0,95,,
2025-11-27T00:39:33.030211+00:00,train,2,2262,self,0.9525000000000219,0,99,,
2025-11-27T00:39:33.030315+00:00,train,2,2263,self,0.9525000000000219,0,94,,
2025-11-27T00:39:33.030425+00:00,train,2,2264,self,0.9525000000000219,0,99,,
2025-11-27T00:39:33.030530+00:00,train,2,2265,self,0.9525000000000219,0,91,,
2025-11-27T00:39:33.030640+00:00,train,2,2266,self,0.9525000000000219,0,100,,
2025-11-27T00:39:33.030745+00:00,train,2,2267,self,0.9525000000000219,0,93,,
2025-11-27T00:39:33.030855+00:00,train,2,2268,self,0.9525000000000219,0,98,,
2025-11-27T00:39:33.030962+00:00,train,2,2269,self,0.9525000000000219,0,98,,
2025-11-27T00:39:33.031135+00:00,train,2,2270,self,0.9525000000000219,0,99,,
2025-11-27T00:39:33.031255+00:00,train,2,2271,self,0.9525000000000219,0,79,,
2025-11-27T00:39:33.031445+00:00,train,2,2272,self,0.9525000000000219,0,98,,
2025-11-27T00:39:33.031636+00:00,train,2,2273,self,0.9525000000000219,0,80,,
2025-11-27T00:39:33.031828+00:00,train,2,2274,self,0.9525000000000219,0,87,,
2025-11-27T00:39:33.031939+00:00,train,2,2275,self,0.9525000000000219,0,96,,
2025-11-27T00:39:33.032143+00:00,train,2,2276,self,0.9525000000000219,0,97,,
2025-11-27T00:39:33.032271+00:00,train,2,2277,self,0.9525000000000219,0,99,,
2025-11-27T00:39:33.032390+00:00,train,2,2278,self,0.9525000000000219,0,100,,
2025-11-27T00:39:33.032504+00:00,train,2,2279,self,0.9525000000000219,0,90,,
2025-11-27T00:39:33.032621+00:00,train,2,2280,self,0.9525000000000219,0,100,,
2025-11-27T00:39:33.032732+00:00,train,2,2281,self,0.9525000000000219,0,97,,
2025-11-27T00:39:33.032844+00:00,train,2,2282,self,0.9525000000000219,0,97,,
2025-11-27T00:39:33.032997+00:00,train,2,2283,self,0.9525000000000219,0,90,,
2025-11-27T00:39:33.033103+00:00,train,2,2284,self,0.9525000000000219,0,100,,
2025-11-27T00:39:33.033257+00:00,train,2,2285,self,0.9525000000000219,0,97,,
2025-11-27T00:39:33.033367+00:00,train,2,2286,self,0.9525000000000219,0,100,,
2025-11-27T00:39:33.033475+00:00,train,2,2287,self,0.9525000000000219,0,98,,
2025-11-27T00:39:33.033625+00:00,train,2,2288,self,0.9525000000000219,0,100,,
2025-11-27T00:39:33.033733+00:00,train,2,2289,self,0.9525000000000219,0,87,,
2025-11-27T00:39:33.033838+00:00,train,2,2290,self,0.9525000000000219,0,95,,
2025-11-27T00:39:33.033948+00:00,train,2,2291,self,0.9525000000000219,0,89,,
2025-11-27T00:39:33.034053+00:00,train,2,2292,self,0.9525000000000219,0,96,,
2025-11-27T00:39:33.034163+00:00,train,2,2293,self,0.9525000000000219,0,98,,
2025-11-27T00:39:33.034268+00:00,train,2,2294,self,0.9525000000000219,0,98,,
2025-11-27T00:39:33.034378+00:00,train,2,2295,self,0.9525000000000219,0,93,,
2025-11-27T00:39:33.034521+00:00,train,2,2296,self,0.9525000000000219,0,99,,
2025-11-27T00:39:33.034629+00:00,train,2,2297,self,0.9525000000000219,0,81,,
2025-11-27T00:39:33.034737+00:00,train,2,2298,self,0.9525000000000219,0,98,,
2025-11-27T00:39:33.034842+00:00,train,2,2299,self,0.9525000000000219,0,91,,
2025-11-27T00:39:33.034952+00:00,train,2,2300,self,0.9525000000000219,0,99,,
2025-11-27T00:39:33.035056+00:00,train,2,2301,self,0.9525000000000219,0,94,,
2025-11-27T00:39:33.035166+00:00,train,2,2302,self,0.9525000000000219,0,100,,
2025-11-27T00:39:33.035271+00:00,train,2,2303,self,0.9525000000000219,0,96,,
2025-11-27T00:39:33.035380+00:00,train,2,2304,self,0.9525000000000219,0,100,,
2025-11-27T00:39:33.035485+00:00,train,2,2305,self,0.9525000000000219,0,90,,
2025-11-27T00:39:33.035631+00:00,train,2,2306,self,0.9525000000000219,0,100,,
2025-11-27T00:39:33.035736+00:00,train,2,2307,self,0.9525000000000219,0,95,,
2025-11-27T00:39:33.035846+00:00,train,2,2308,self,0.9525000000000219,0,96,,
2025-11-27T00:39:33.035954+00:00,train,2,2309,self,0.9525000000000219,0,91,,
2025-11-27T00:39:33.036062+00:00,train,2,2310,self,0.9525000000000219,0,94,,
2025-11-27T00:39:33.036170+00:00,train,2,2311,self,0.9525000000000219,0,89,,
2025-11-27T00:39:33.036274+00:00,train,2,2312,self,0.9525000000000219,0,97,,
2025-11-27T00:39:33.036384+00:00,train,2,2313,self,0.9525000000000219,0,93,,
2025-11-27T00:39:33.036561+00:00,train,2,2314,self,0.9525000000000219,0,98,,
2025-11-27T00:39:33.036709+00:00,train,2,2315,self,0.9525000000000219,0,96,,
2025-11-27T00:39:33.036815+00:00,train,2,2316,self,0.9525000000000219,0,98,,
2025-11-27T00:39:33.036926+00:00,train,2,2317,self,0.9525000000000219,0,89,,
2025-11-27T00:39:33.037031+00:00,train,2,2318,self,0.9525000000000219,0,99,,
2025-11-27T00:39:33.037141+00:00,train,2,2319,self,0.9525000000000219,0,95,,
2025-11-27T00:39:33.037246+00:00,train,2,2320,self,0.9525000000000219,0,97,,
2025-11-27T00:39:33.037356+00:00,train,2,2321,self,0.9525000000000219,0,93,,
2025-11-27T00:39:33.037460+00:00,train,2,2322,self,0.9525000000000219,0,99,,
2025-11-27T00:39:33.037571+00:00,train,2,2323,self,0.9525000000000219,0,91,,
2025-11-27T00:39:33.037725+00:00,train,2,2324,self,0.9525000000000219,0,100,,
2025-11-27T00:39:33.037945+00:00,train,2,2325,self,0.9525000000000219,0,100,,
2025-11-27T00:39:33.038054+00:00,train,2,2326,self,0.9525000000000219,0,100,,
2025-11-27T00:39:33.038163+00:00,train,2,2327,self,0.9525000000000219,0,95,,
2025-11-27T00:39:33.038269+00:00,train,2,2328,self,0.9525000000000219,0,100,,
2025-11-27T00:39:33.038379+00:00,train,2,2329,self,0.9525000000000219,0,97,,
2025-11-27T00:39:33.038483+00:00,train,2,2330,self,0.9525000000000219,0,99,,
2025-11-27T00:39:33.038594+00:00,train,2,2331,self,0.9525000000000219,0,92,,
2025-11-27T00:39:33.038702+00:00,train,2,2332,self,0.9525000000000219,0,97,,
2025-11-27T00:39:33.038810+00:00,train,2,2333,self,0.9525000000000219,0,98,,
2025-11-27T00:39:33.038917+00:00,train,2,2334,self,0.9525000000000219,0,98,,
2025-11-27T00:39:33.039028+00:00,train,2,2335,self,0.9525000000000219,0,88,,
2025-11-27T00:39:33.039136+00:00,train,2,2336,self,0.9525000000000219,0,95,,
2025-11-27T00:39:33.039245+00:00,train,2,2337,self,0.9525000000000219,0,91,,
2025-11-27T00:39:33.039352+00:00,train,2,2338,self,0.9525000000000219,0,100,,
2025-11-27T00:39:33.039457+00:00,train,2,2339,self,0.9525000000000219,0,93,,
2025-11-27T00:39:33.039567+00:00,train,2,2340,self,0.9525000000000219,0,97,,
2025-11-27T00:39:33.039671+00:00,train,2,2341,self,0.9525000000000219,0,96,,
2025-11-27T00:39:33.039781+00:00,train,2,2342,self,0.9525000000000219,0,97,,
2025-11-27T00:39:33.039886+00:00,train,2,2343,self,0.9525000000000219,0,89,,
2025-11-27T00:39:33.039996+00:00,train,2,2344,self,0.9525000000000219,0,96,,
2025-11-27T00:39:33.040104+00:00,train,2,2345,self,0.9525000000000219,0,92,,
2025-11-27T00:39:33.040211+00:00,train,2,2346,self,0.9525000000000219,0,100,,
2025-11-27T00:39:33.040319+00:00,train,2,2347,self,0.9525000000000219,0,92,,
2025-11-27T00:39:33.040426+00:00,train,2,2348,self,0.9525000000000219,0,97,,
2025-11-27T00:39:33.040533+00:00,train,2,2349,self,0.9525000000000219,0,91,,
2025-11-27T00:39:33.040637+00:00,train,2,2350,self,0.9525000000000219,0,96,,
2025-11-27T00:39:33.040747+00:00,train,2,2351,self,0.9525000000000219,0,98,,
2025-11-27T00:39:33.040852+00:00,train,2,2352,self,0.9525000000000219,0,99,,
2025-11-27T00:39:33.040962+00:00,train,2,2353,self,0.9525000000000219,0,92,,
2025-11-27T00:39:33.041066+00:00,train,2,2354,self,0.9525000000000219,0,94,,
2025-11-27T00:39:33.041225+00:00,train,2,2355,self,0.9525000000000219,0,94,,
2025-11-27T00:39:33.041330+00:00,train,2,2356,self,0.9525000000000219,0,99,,
2025-11-27T00:39:33.041442+00:00,train,2,2357,self,0.9525000000000219,0,91,,
2025-11-27T00:39:33.041549+00:00,train,2,2358,self,0.9525000000000219,0,93,,
2025-11-27T00:39:33.041657+00:00,train,2,2359,self,0.9525000000000219,0,93,,
2025-11-27T00:39:33.041762+00:00,train,2,2360,self,0.9525000000000219,0,98,,
2025-11-27T00:39:33.041872+00:00,train,2,2361,self,0.9525000000000219,0,97,,
2025-11-27T00:39:33.041979+00:00,train,2,2362,self,0.9525000000000219,0,100,,
2025-11-27T00:39:33.042087+00:00,train,2,2363,self,0.9525000000000219,0,93,,
2025-11-27T00:39:33.042195+00:00,train,2,2364,self,0.9525000000000219,0,93,,
2025-11-27T00:39:33.042300+00:00,train,2,2365,self,0.9525000000000219,0,100,,
2025-11-27T00:39:33.042410+00:00,train,2,2366,self,0.9525000000000219,0,100,,
2025-11-27T00:39:33.042515+00:00,train,2,2367,self,0.9525000000000219,0,89,,
2025-11-27T00:39:33.042625+00:00,train,2,2368,self,0.9525000000000219,0,98,,
2025-11-27T00:39:33.042733+00:00,train,2,2369,self,0.9525000000000219,0,88,,
2025-11-27T00:39:33.042841+00:00,train,2,2370,self,0.9525000000000219,0,99,,
2025-11-27T00:39:33.042948+00:00,train,2,2371,self,0.9525000000000219,0,89,,
2025-11-27T00:39:33.043056+00:00,train,2,2372,self,0.9525000000000219,0,100,,
2025-11-27T00:39:33.043162+00:00,train,2,2373,self,0.9525000000000219,0,90,,
2025-11-27T00:39:33.043267+00:00,train,2,2374,self,0.9525000000000219,0,94,,
2025-11-27T00:39:33.043423+00:00,train,2,2375,self,0.9525000000000219,0,95,,
2025-11-27T00:39:33.043527+00:00,train,2,2376,self,0.9525000000000219,0,99,,
2025-11-27T00:39:33.043639+00:00,train,2,2377,self,0.9525000000000219,0,95,,
2025-11-27T00:39:33.043744+00:00,train,2,2378,self,0.9525000000000219,0,97,,
2025-11-27T00:39:33.043898+00:00,train,2,2379,self,0.9525000000000219,0,88,,
2025-11-27T00:39:33.044005+00:00,train,2,2380,self,0.9525000000000219,0,97,,
2025-11-27T00:39:33.044113+00:00,train,2,2381,self,0.9525000000000219,0,97,,
2025-11-27T00:39:33.044221+00:00,train,2,2382,self,0.9525000000000219,0,98,,
2025-11-27T00:39:33.044325+00:00,train,2,2383,self,0.9525000000000219,0,93,,
2025-11-27T00:39:33.044436+00:00,train,2,2384,self,0.9525000000000219,0,97,,
2025-11-27T00:39:33.044541+00:00,train,2,2385,self,0.9525000000000219,0,97,,
2025-11-27T00:39:33.044651+00:00,train,2,2386,self,0.9525000000000219,0,97,,
2025-11-27T00:39:33.044758+00:00,train,2,2387,self,0.9525000000000219,0,98,,
2025-11-27T00:39:33.044868+00:00,train,2,2388,self,0.9525000000000219,0,100,,
2025-11-27T00:39:33.044973+00:00,train,2,2389,self,0.9525000000000219,0,93,,
2025-11-27T00:39:33.045082+00:00,train,2,2390,self,0.9525000000000219,0,97,,
2025-11-27T00:39:33.045187+00:00,train,2,2391,self,0.9525000000000219,0,83,,
2025-11-27T00:39:33.045342+00:00,train,2,2392,self,0.9525000000000219,0,96,,
2025-11-27T00:39:33.045485+00:00,train,2,2393,self,0.9525000000000219,0,97,,
2025-11-27T00:39:33.045596+00:00,train,2,2394,self,0.9525000000000219,0,100,,
2025-11-27T00:39:33.045700+00:00,train,2,2395,self,0.9525000000000219,0,93,,
2025-11-27T00:39:33.045810+00:00,train,2,2396,self,0.9525000000000219,0,95,,
2025-11-27T00:39:33.045918+00:00,train,2,2397,self,0.9525000000000219,0,96,,
2025-11-27T00:39:33.046025+00:00,train,2,2398,self,0.9525000000000219,0,100,,
2025-11-27T00:39:33.046133+00:00,train,2,2399,self,0.9525000000000219,0,76,,
2025-11-27T00:39:33.046238+00:00,train,2,2400,self,0.9525000000000219,0,96,,
2025-11-27T00:39:33.046348+00:00,train,2,2401,self,0.9525000000000219,0,97,,
2025-11-27T00:39:33.046452+00:00,train,2,2402,self,0.9525000000000219,0,100,,
2025-11-27T00:39:33.046563+00:00,train,2,2403,self,0.9525000000000219,0,96,,
2025-11-27T00:39:33.046672+00:00,train,2,2404,self,0.9525000000000219,0,99,,
2025-11-27T00:39:33.046869+00:00,train,2,2405,self,0.9525000000000219,0,80,,
2025-11-27T00:39:33.046977+00:00,train,2,2406,self,0.9525000000000219,0,95,,
2025-11-27T00:39:33.047086+00:00,train,2,2407,self,0.9525000000000219,0,91,,
2025-11-27T00:39:33.047193+00:00,train,2,2408,self,0.9525000000000219,0,99,,
2025-11-27T00:39:33.047301+00:00,train,2,2409,self,0.9525000000000219,0,97,,
2025-11-27T00:39:33.047408+00:00,train,2,2410,self,0.9525000000000219,0,100,,
2025-11-27T00:39:33.047517+00:00,train,2,2411,self,0.9525000000000219,0,96,,
2025-11-27T00:39:33.047625+00:00,train,2,2412,self,0.9525000000000219,0,98,,
2025-11-27T00:39:33.047733+00:00,train,2,2413,self,0.9525000000000219,0,87,,
2025-11-27T00:39:33.047889+00:00,train,2,2414,self,0.9525000000000219,0,95,,
2025-11-27T00:39:33.047997+00:00,train,2,2415,self,0.9525000000000219,0,99,,
2025-11-27T00:39:33.048106+00:00,train,2,2416,self,0.9525000000000219,0,99,,
2025-11-27T00:39:33.048211+00:00,train,2,2417,self,0.9525000000000219,0,93,,
2025-11-27T00:39:33.048322+00:00,train,2,2418,self,0.9525000000000219,0,100,,
2025-11-27T00:39:33.048427+00:00,train,2,2419,self,0.9525000000000219,0,98,,
2025-11-27T00:39:33.048539+00:00,train,2,2420,self,0.9525000000000219,0,98,,
2025-11-27T00:39:33.048646+00:00,train,2,2421,self,0.9525000000000219,0,94,,
2025-11-27T00:39:33.048755+00:00,train,2,2422,self,0.9525000000000219,0,100,,
2025-11-27T00:39:33.048862+00:00,train,2,2423,self,0.9525000000000219,0,89,,
2025-11-27T00:39:33.048970+00:00,train,2,2424,self,0.9525000000000219,0,97,,
2025-11-27T00:39:33.049078+00:00,train,2,2425,self,0.9525000000000219,0,87,,
2025-11-27T00:39:33.049183+00:00,train,2,2426,self,0.9525000000000219,0,91,,
2025-11-27T00:39:33.049338+00:00,train,2,2427,self,0.9525000000000219,0,90,,
2025-11-27T00:39:33.049443+00:00,train,2,2428,self,0.9525000000000219,0,92,,
2025-11-27T00:39:33.049588+00:00,train,2,2429,self,0.9525000000000219,0,90,,
2025-11-27T00:39:33.049697+00:00,train,2,2430,self,0.9525000000000219,0,98,,
2025-11-27T00:39:33.049804+00:00,train,2,2431,self,0.9525000000000219,0,93,,
2025-11-27T00:39:33.049909+00:00,train,2,2432,self,0.9525000000000219,0,99,,
2025-11-27T00:39:33.050020+00:00,train,2,2433,self,0.9525000000000219,0,95,,
2025-11-27T00:39:33.050125+00:00,train,2,2434,self,0.9525000000000219,0,96,,
2025-11-27T00:39:33.050235+00:00,train,2,2435,self,0.9525000000000219,0,93,,
2025-11-27T00:39:33.050340+00:00,train,2,2436,self,0.9525000000000219,0,98,,
2025-11-27T00:39:33.050450+00:00,train,2,2437,self,0.9525000000000219,0,93,,
2025-11-27T00:39:33.050557+00:00,train,2,2438,self,0.9525000000000219,0,97,,
2025-11-27T00:39:33.050666+00:00,train,2,2439,self,0.9525000000000219,0,91,,
2025-11-27T00:39:33.050771+00:00,train,2,2440,self,0.9525000000000219,0,96,,
2025-11-27T00:39:33.050882+00:00,train,2,2441,self,0.9525000000000219,0,92,,
2025-11-27T00:39:33.050989+00:00,train,2,2442,self,0.9525000000000219,0,100,,
2025-11-27T00:39:33.051094+00:00,train,2,2443,self,0.9525000000000219,0,90,,
2025-11-27T00:39:33.051247+00:00,train,2,2444,self,0.9525000000000219,0,100,,
2025-11-27T00:39:33.051352+00:00,train,2,2445,self,0.9525000000000219,0,94,,
2025-11-27T00:39:33.051464+00:00,train,2,2446,self,0.9525000000000219,0,99,,
2025-11-27T00:39:33.051568+00:00,train,2,2447,self,0.9525000000000219,0,88,,
2025-11-27T00:39:33.051678+00:00,train,2,2448,self,0.9525000000000219,0,100,,
2025-11-27T00:39:33.051783+00:00,train,2,2449,self,0.9525000000000219,0,76,,
2025-11-27T00:39:33.051896+00:00,train,2,2450,self,0.9525000000000219,0,84,,
2025-11-27T00:39:33.052000+00:00,train,2,2451,self,0.9525000000000219,0,99,,
2025-11-27T00:39:33.052111+00:00,train,2,2452,self,0.9525000000000219,0,100,,
2025-11-27T00:39:33.052215+00:00,train,2,2453,self,0.9525000000000219,0,94,,
2025-11-27T00:39:33.052326+00:00,train,2,2454,self,0.9525000000000219,0,97,,
2025-11-27T00:39:33.052433+00:00,train,2,2455,self,0.9525000000000219,0,97,,
2025-11-27T00:39:33.052538+00:00,train,2,2456,self,0.9525000000000219,0,98,,
2025-11-27T00:39:33.052648+00:00,train,2,2457,self,0.9525000000000219,0,95,,
2025-11-27T00:39:33.052753+00:00,train,2,2458,self,0.9525000000000219,0,99,,
2025-11-27T00:39:33.052904+00:00,train,2,2459,self,0.9525000000000219,0,93,,
2025-11-27T00:39:33.053008+00:00,train,2,2460,self,0.9525000000000219,0,98,,
2025-11-27T00:39:33.053118+00:00,train,2,2461,self,0.9525000000000219,0,95,,
2025-11-27T00:39:33.053222+00:00,train,2,2462,self,0.9525000000000219,0,98,,
2025-11-27T00:39:33.053332+00:00,train,2,2463,self,0.9525000000000219,0,95,,
2025-11-27T00:39:33.053437+00:00,train,2,2464,self,0.9525000000000219,0,97,,
2025-11-27T00:39:33.053547+00:00,train,2,2465,self,0.9525000000000219,0,96,,
2025-11-27T00:39:33.053651+00:00,train,2,2466,self,0.9525000000000219,0,100,,
2025-11-27T00:39:33.053762+00:00,train,2,2467,self,0.9525000000000219,0,98,,
2025-11-27T00:39:33.053869+00:00,train,2,2468,self,0.9525000000000219,0,99,,
2025-11-27T00:39:33.053973+00:00,train,2,2469,self,0.9525000000000219,0,89,,
2025-11-27T00:39:33.054083+00:00,train,2,2470,self,0.9525000000000219,0,97,,
2025-11-27T00:39:33.054188+00:00,train,2,2471,self,0.9525000000000219,0,86,,
2025-11-27T00:39:33.054298+00:00,train,2,2472,self,0.9525000000000219,0,100,,
2025-11-27T00:39:33.054402+00:00,train,2,2473,self,0.9525000000000219,0,96,,
2025-11-27T00:39:33.054513+00:00,train,2,2474,self,0.9525000000000219,0,99,,
2025-11-27T00:39:33.054618+00:00,train,2,2475,self,0.9525000000000219,0,85,,
2025-11-27T00:39:33.054732+00:00,train,2,2476,self,0.9525000000000219,0,99,,
2025-11-27T00:39:33.054836+00:00,train,2,2477,self,0.9525000000000219,0,95,,
2025-11-27T00:39:33.054948+00:00,train,2,2478,self,0.9525000000000219,0,99,,
2025-11-27T00:39:33.055094+00:00,train,2,2479,self,0.9525000000000219,0,95,,
2025-11-27T00:39:33.055202+00:00,train,2,2480,self,0.9525000000000219,0,100,,
2025-11-27T00:39:33.055310+00:00,train,2,2481,self,0.9525000000000219,0,89,,
2025-11-27T00:39:33.055414+00:00,train,2,2482,self,0.9525000000000219,0,99,,
2025-11-27T00:39:33.055524+00:00,train,2,2483,self,0.9525000000000219,0,81,,
2025-11-27T00:39:33.055629+00:00,train,2,2484,self,0.9525000000000219,0,100,,
2025-11-27T00:39:33.055740+00:00,train,2,2485,self,0.9525000000000219,0,97,,
2025-11-27T00:39:33.055844+00:00,train,2,2486,self,0.9525000000000219,0,100,,
2025-11-27T00:39:33.055954+00:00,train,2,2487,self,0.9525000000000219,0,96,,
2025-11-27T00:39:33.056059+00:00,train,2,2488,self,0.9525000000000219,0,100,,
2025-11-27T00:39:33.056170+00:00,train,2,2489,self,0.9525000000000219,0,95,,
2025-11-27T00:39:33.056274+00:00,train,2,2490,self,0.9525000000000219,0,95,,
2025-11-27T00:39:33.056386+00:00,train,2,2491,self,0.9525000000000219,0,86,,
2025-11-27T00:39:33.056491+00:00,train,2,2492,self,0.9525000000000219,0,96,,
2025-11-27T00:39:33.056601+00:00,train,2,2493,self,0.9525000000000219,0,93,,
2025-11-27T00:39:33.056710+00:00,train,2,2494,self,0.9525000000000219,0,98,,
2025-11-27T00:39:33.056814+00:00,train,2,2495,self,0.9525000000000219,0,84,,
2025-11-27T00:39:33.057015+00:00,train,2,2496,self,0.9525000000000219,0,98,,
2025-11-27T00:39:33.057119+00:00,train,2,2497,self,0.9525000000000219,0,98,,
2025-11-27T00:39:33.057229+00:00,train,2,2498,self,0.9525000000000219,0,100,,
2025-11-27T00:39:33.057337+00:00,train,2,2499,self,0.9525000000000219,0,96,,
2025-11-27T00:39:33.057445+00:00,train,2,2500,self,0.9525000000000219,0,98,,
2025-11-27T00:39:33.065949+00:00,train,2,2501,self,0.9525000000000219,0,84,,
2025-11-27T00:39:33.066090+00:00,train,2,2502,self,0.9525000000000219,0,99,,
2025-11-27T00:39:33.066261+00:00,train,2,2503,self,0.9525000000000219,0,93,,
2025-11-27T00:39:33.066384+00:00,train,2,2504,self,0.9525000000000219,0,94,,
2025-11-27T00:39:33.066499+00:00,train,2,2505,self,0.9525000000000219,0,91,,
2025-11-27T00:39:33.066671+00:00,train,2,2506,self,0.9525000000000219,0,100,,
2025-11-27T00:39:33.066814+00:00,train,2,2507,self,0.9525000000000219,0,90,,
2025-11-27T00:39:33.066936+00:00,train,2,2508,self,0.9525000000000219,0,97,,
2025-11-27T00:39:33.067057+00:00,train,2,2509,self,0.9525000000000219,0,99,,
2025-11-27T00:39:33.067199+00:00,train,2,2510,self,0.9525000000000219,0,100,,
2025-11-27T00:39:33.067316+00:00,train,2,2511,self,0.9525000000000219,0,95,,
2025-11-27T00:39:33.067485+00:00,train,2,2512,self,0.9525000000000219,0,99,,
2025-11-27T00:39:33.067614+00:00,train,2,2513,self,0.9525000000000219,0,90,,
2025-11-27T00:39:33.067772+00:00,train,2,2514,self,0.9525000000000219,0,100,,
2025-11-27T00:39:33.067919+00:00,train,2,2515,self,0.9525000000000219,0,96,,
2025-11-27T00:39:33.068045+00:00,train,2,2516,self,0.9525000000000219,0,100,,
2025-11-27T00:39:33.068169+00:00,train,2,2517,self,0.9525000000000219,0,98,,
2025-11-27T00:39:33.068291+00:00,train,2,2518,self,0.9525000000000219,0,99,,
2025-11-27T00:39:33.068457+00:00,train,2,2519,self,0.9525000000000219,0,92,,
2025-11-27T00:39:33.068587+00:00,train,2,2520,self,0.9525000000000219,0,98,,
2025-11-27T00:39:33.068725+00:00,train,2,2521,self,0.9525000000000219,0,99,,
2025-11-27T00:39:33.068857+00:00,train,2,2522,self,0.9525000000000219,0,100,,
2025-11-27T00:39:33.068975+00:00,train,2,2523,self,0.9525000000000219,0,90,,
2025-11-27T00:39:33.069090+00:00,train,2,2524,self,0.9525000000000219,0,94,,
2025-11-27T00:39:33.069265+00:00,train,2,2525,self,0.9525000000000219,0,95,,
2025-11-27T00:39:33.069404+00:00,train,2,2526,self,0.9525000000000219,0,96,,
2025-11-27T00:39:33.069534+00:00,train,2,2527,self,0.9525000000000219,0,98,,
2025-11-27T00:39:33.069659+00:00,train,2,2528,self,0.9525000000000219,0,100,,
2025-11-27T00:39:33.069796+00:00,train,2,2529,self,0.9525000000000219,0,90,,
2025-11-27T00:39:33.069921+00:00,train,2,2530,self,0.9525000000000219,0,99,,
2025-11-27T00:39:33.070045+00:00,train,2,2531,self,0.9525000000000219,0,97,,
2025-11-27T00:39:33.070169+00:00,train,2,2532,self,0.9525000000000219,0,98,,
2025-11-27T00:39:33.070292+00:00,train,2,2533,self,0.9525000000000219,0,98,,
2025-11-27T00:39:33.070414+00:00,train,2,2534,self,0.9525000000000219,0,100,,
2025-11-27T00:39:33.070536+00:00,train,2,2535,self,0.9525000000000219,0,98,,
2025-11-27T00:39:33.070657+00:00,train,2,2536,self,0.9525000000000219,0,98,,
2025-11-27T00:39:33.070794+00:00,train,2,2537,self,0.9525000000000219,0,94,,
2025-11-27T00:39:33.070923+00:00,train,2,2538,self,0.9525000000000219,0,100,,
2025-11-27T00:39:33.071053+00:00,train,2,2539,self,0.9525000000000219,0,86,,
2025-11-27T00:39:33.071180+00:00,train,2,2540,self,0.9525000000000219,0,90,,
2025-11-27T00:39:33.071355+00:00,train,2,2541,self,0.9525000000000219,0,98,,
2025-11-27T00:39:33.071495+00:00,train,2,2542,self,0.9525000000000219,0,98,,
2025-11-27T00:39:33.071626+00:00,train,2,2543,self,0.9525000000000219,0,95,,
2025-11-27T00:39:33.071754+00:00,train,2,2544,self,0.9525000000000219,0,99,,
2025-11-27T00:39:33.071953+00:00,train,2,2545,self,0.9525000000000219,0,89,,
2025-11-27T00:39:33.072102+00:00,train,2,2546,self,0.9525000000000219,0,90,,
2025-11-27T00:39:33.072243+00:00,train,2,2547,self,0.9525000000000219,0,85,,
2025-11-27T00:39:33.072380+00:00,train,2,2548,self,0.9525000000000219,0,96,,
2025-11-27T00:39:33.072514+00:00,train,2,2549,self,0.9525000000000219,0,94,,
2025-11-27T00:39:33.072646+00:00,train,2,2550,self,0.9525000000000219,0,95,,
2025-11-27T00:39:33.072791+00:00,train,2,2551,self,0.9525000000000219,0,97,,
2025-11-27T00:39:33.072926+00:00,train,2,2552,self,0.9525000000000219,0,99,,
2025-11-27T00:39:33.073061+00:00,train,2,2553,self,0.9525000000000219,0,91,,
2025-11-27T00:39:33.073194+00:00,train,2,2554,self,0.9525000000000219,0,95,,
2025-11-27T00:39:33.073327+00:00,train,2,2555,self,0.9525000000000219,0,100,,
2025-11-27T00:39:33.073460+00:00,train,2,2556,self,0.9525000000000219,0,100,,
2025-11-27T00:39:33.073592+00:00,train,2,2557,self,0.9525000000000219,0,90,,
2025-11-27T00:39:33.073726+00:00,train,2,2558,self,0.9525000000000219,0,99,,
2025-11-27T00:39:33.073885+00:00,train,2,2559,self,0.9525000000000219,0,94,,
2025-11-27T00:39:33.074022+00:00,train,2,2560,self,0.9525000000000219,0,96,,
2025-11-27T00:39:33.074160+00:00,train,2,2561,self,0.9525000000000219,0,85,,
2025-11-27T00:39:33.074298+00:00,train,2,2562,self,0.9525000000000219,0,99,,
2025-11-27T00:39:33.074435+00:00,train,2,2563,self,0.9525000000000219,0,96,,
2025-11-27T00:39:33.074571+00:00,train,2,2564,self,0.9525000000000219,0,100,,
2025-11-27T00:39:33.074708+00:00,train,2,2565,self,0.9525000000000219,0,92,,
2025-11-27T00:39:33.074844+00:00,train,2,2566,self,0.9525000000000219,0,97,,
2025-11-27T00:39:33.074981+00:00,train,2,2567,self,0.9525000000000219,0,84,,
2025-11-27T00:39:33.075118+00:00,train,2,2568,self,0.9525000000000219,0,96,,
2025-11-27T00:39:33.075255+00:00,train,2,2569,self,0.9525000000000219,0,99,,
2025-11-27T00:39:33.075392+00:00,train,2,2570,self,0.9525000000000219,0,100,,
2025-11-27T00:39:33.075529+00:00,train,2,2571,self,0.9525000000000219,0,87,,
2025-11-27T00:39:33.075666+00:00,train,2,2572,self,0.9525000000000219,0,96,,
2025-11-27T00:39:33.075803+00:00,train,2,2573,self,0.9525000000000219,0,89,,
2025-11-27T00:39:33.075940+00:00,train,2,2574,self,0.9525000000000219,0,89,,
2025-11-27T00:39:33.076076+00:00,train,2,2575,self,0.9525000000000219,0,92,,
2025-11-27T00:39:33.076213+00:00,train,2,2576,self,0.9525000000000219,0,94,,
2025-11-27T00:39:33.076350+00:00,train,2,2577,self,0.9525000000000219,0,94,,
2025-11-27T00:39:33.076487+00:00,train,2,2578,self,0.9525000000000219,0,100,,
2025-11-27T00:39:33.076624+00:00,train,2,2579,self,0.9525000000000219,0,93,,
2025-11-27T00:39:33.076760+00:00,train,2,2580,self,0.9525000000000219,0,98,,
2025-11-27T00:39:33.076896+00:00,train,2,2581,self,0.9525000000000219,0,97,,
2025-11-27T00:39:33.077032+00:00,train,2,2582,self,0.9525000000000219,0,99,,
2025-11-27T00:39:33.077172+00:00,train,2,2583,self,0.9525000000000219,0,94,,
2025-11-27T00:39:33.077312+00:00,train,2,2584,self,0.9525000000000219,0,100,,
2025-11-27T00:39:33.077451+00:00,train,2,2585,self,0.9525000000000219,0,95,,
2025-11-27T00:39:33.077588+00:00,train,2,2586,self,0.9525000000000219,0,100,,
2025-11-27T00:39:33.077724+00:00,train,2,2587,self,0.9525000000000219,0,95,,
2025-11-27T00:39:33.077861+00:00,train,2,2588,self,0.9525000000000219,0,97,,
2025-11-27T00:39:33.077998+00:00,train,2,2589,self,0.9525000000000219,0,94,,
2025-11-27T00:39:33.078134+00:00,train,2,2590,self,0.9525000000000219,0,97,,
2025-11-27T00:39:33.078270+00:00,train,2,2591,self,0.9525000000000219,0,97,,
2025-11-27T00:39:33.078407+00:00,train,2,2592,self,0.9525000000000219,0,98,,
2025-11-27T00:39:33.078546+00:00,train,2,2593,self,0.9525000000000219,0,98,,
2025-11-27T00:39:33.078682+00:00,train,2,2594,self,0.9525000000000219,0,99,,
2025-11-27T00:39:33.078820+00:00,train,2,2595,self,0.9525000000000219,0,91,,
2025-11-27T00:39:33.078960+00:00,train,2,2596,self,0.9525000000000219,0,100,,
2025-11-27T00:39:33.079096+00:00,train,2,2597,self,0.9525000000000219,0,97,,
2025-11-27T00:39:33.079233+00:00,train,2,2598,self,0.9525000000000219,0,99,,
2025-11-27T00:39:33.079369+00:00,train,2,2599,self,0.9525000000000219,0,98,,
2025-11-27T00:39:33.079506+00:00,train,2,2600,self,0.9525000000000219,0,99,,
2025-11-27T00:39:33.079642+00:00,train,2,2601,self,0.9525000000000219,0,88,,
2025-11-27T00:39:33.079791+00:00,train,2,2602,self,0.9525000000000219,0,98,,
2025-11-27T00:39:33.079924+00:00,train,2,2603,self,0.9525000000000219,0,81,,
2025-11-27T00:39:33.080056+00:00,train,2,2604,self,0.9525000000000219,0,96,,
2025-11-27T00:39:33.080189+00:00,train,2,2605,self,0.9525000000000219,0,94,,
2025-11-27T00:39:33.080321+00:00,train,2,2606,self,0.9525000000000219,0,96,,
2025-11-27T00:39:33.080453+00:00,train,2,2607,self,0.9525000000000219,0,96,,
2025-11-27T00:39:33.080585+00:00,train,2,2608,self,0.9525000000000219,0,99,,
2025-11-27T00:39:33.080718+00:00,train,2,2609,self,0.9525000000000219,0,95,,
2025-11-27T00:39:33.080851+00:00,train,2,2610,self,0.9525000000000219,0,96,,
2025-11-27T00:39:33.080983+00:00,train,2,2611,self,0.9525000000000219,0,97,,
2025-11-27T00:39:33.081116+00:00,train,2,2612,self,0.9525000000000219,0,100,,
2025-11-27T00:39:33.081248+00:00,train,2,2613,self,0.9525000000000219,0,96,,
2025-11-27T00:39:33.081382+00:00,train,2,2614,self,0.9525000000000219,0,98,,
2025-11-27T00:39:33.081516+00:00,train,2,2615,self,0.9525000000000219,0,81,,
2025-11-27T00:39:33.081648+00:00,train,2,2616,self,0.9525000000000219,0,100,,
2025-11-27T00:39:33.081783+00:00,train,2,2617,self,0.9525000000000219,0,90,,
2025-11-27T00:39:33.081920+00:00,train,2,2618,self,0.9525000000000219,0,100,,
2025-11-27T00:39:33.082052+00:00,train,2,2619,self,0.9525000000000219,0,80,,
2025-11-27T00:39:33.082185+00:00,train,2,2620,self,0.9525000000000219,0,100,,
2025-11-27T00:39:33.082318+00:00,train,2,2621,self,0.9525000000000219,0,98,,
2025-11-27T00:39:33.082455+00:00,train,2,2622,self,0.9525000000000219,0,100,,
2025-11-27T00:39:33.082588+00:00,train,2,2623,self,0.9525000000000219,0,98,,
2025-11-27T00:39:33.082722+00:00,train,2,2624,self,0.9525000000000219,0,99,,
2025-11-27T00:39:33.082855+00:00,train,2,2625,self,0.9525000000000219,0,94,,
2025-11-27T00:39:33.082987+00:00,train,2,2626,self,0.9525000000000219,0,98,,
2025-11-27T00:39:33.083119+00:00,train,2,2627,self,0.9525000000000219,0,98,,
2025-11-27T00:39:33.083252+00:00,train,2,2628,self,0.9525000000000219,0,99,,
2025-11-27T00:39:33.083384+00:00,train,2,2629,self,0.9525000000000219,0,91,,
2025-11-27T00:39:33.083517+00:00,train,2,2630,self,0.9525000000000219,0,94,,
2025-11-27T00:39:33.083652+00:00,train,2,2631,self,0.9525000000000219,0,100,,
2025-11-27T00:39:33.083786+00:00,train,2,2632,self,0.9525000000000219,0,100,,
2025-11-27T00:39:33.083918+00:00,train,2,2633,self,0.9525000000000219,0,94,,
2025-11-27T00:39:33.084050+00:00,train,2,2634,self,0.9525000000000219,0,99,,
2025-11-27T00:39:33.084227+00:00,train,2,2635,self,0.9525000000000219,0,90,,
2025-11-27T00:39:33.084374+00:00,train,2,2636,self,0.9525000000000219,0,98,,
2025-11-27T00:39:33.084512+00:00,train,2,2637,self,0.9525000000000219,0,85,,
2025-11-27T00:39:33.084645+00:00,train,2,2638,self,0.9525000000000219,0,97,,
2025-11-27T00:39:33.084829+00:00,train,2,2639,self,0.9525000000000219,0,98,,
2025-11-27T00:39:33.084985+00:00,train,2,2640,self,0.9525000000000219,0,100,,
2025-11-27T00:39:33.085129+00:00,train,2,2641,self,0.9525000000000219,0,94,,
2025-11-27T00:39:33.085268+00:00,train,2,2642,self,0.9525000000000219,0,97,,
2025-11-27T00:39:33.085405+00:00,train,2,2643,self,0.9525000000000219,0,100,,
2025-11-27T00:39:33.085541+00:00,train,2,2644,self,0.9525000000000219,0,100,,
2025-11-27T00:39:33.085678+00:00,train,2,2645,self,0.9525000000000219,0,82,,
2025-11-27T00:39:33.085814+00:00,train,2,2646,self,0.9525000000000219,0,89,,
2025-11-27T00:39:33.085948+00:00,train,2,2647,self,0.9525000000000219,0,95,,
2025-11-27T00:39:33.086083+00:00,train,2,2648,self,0.9525000000000219,0,100,,
2025-11-27T00:39:33.086221+00:00,train,2,2649,self,0.9525000000000219,0,92,,
2025-11-27T00:39:33.086356+00:00,train,2,2650,self,0.9525000000000219,0,97,,
2025-11-27T00:39:33.086498+00:00,train,2,2651,self,0.9525000000000219,0,99,,
2025-11-27T00:39:33.086633+00:00,train,2,2652,self,0.9525000000000219,0,99,,
2025-11-27T00:39:33.086766+00:00,train,2,2653,self,0.9525000000000219,0,95,,
2025-11-27T00:39:33.086900+00:00,train,2,2654,self,0.9525000000000219,0,96,,
2025-11-27T00:39:33.087034+00:00,train,2,2655,self,0.9525000000000219,0,93,,
2025-11-27T00:39:33.087168+00:00,train,2,2656,self,0.9525000000000219,0,95,,
2025-11-27T00:39:33.087378+00:00,train,2,2657,self,0.9525000000000219,0,81,,
2025-11-27T00:39:33.087565+00:00,train,2,2658,self,0.9525000000000219,0,91,,
2025-11-27T00:39:33.087716+00:00,train,2,2659,self,0.9525000000000219,0,95,,
2025-11-27T00:39:33.087856+00:00,train,2,2660,self,0.9525000000000219,0,100,,
2025-11-27T00:39:33.087993+00:00,train,2,2661,self,0.9525000000000219,0,97,,
2025-11-27T00:39:33.088142+00:00,train,2,2662,self,0.9525000000000219,0,98,,
2025-11-27T00:39:33.088278+00:00,train,2,2663,self,0.9525000000000219,0,100,,
2025-11-27T00:39:33.088412+00:00,train,2,2664,self,0.9525000000000219,0,100,,
2025-11-27T00:39:33.088543+00:00,train,2,2665,self,0.9525000000000219,0,93,,
2025-11-27T00:39:33.088751+00:00,train,2,2666,self,0.9525000000000219,0,98,,
2025-11-27T00:39:33.088905+00:00,train,2,2667,self,0.9525000000000219,0,84,,
2025-11-27T00:39:33.089048+00:00,train,2,2668,self,0.9525000000000219,0,97,,
2025-11-27T00:39:33.089187+00:00,train,2,2669,self,0.9525000000000219,0,88,,
2025-11-27T00:39:33.089322+00:00,train,2,2670,self,0.9525000000000219,0,98,,
2025-11-27T00:39:33.089454+00:00,train,2,2671,self,0.9525000000000219,0,84,,
2025-11-27T00:39:33.089586+00:00,train,2,2672,self,0.9525000000000219,0,98,,
2025-11-27T00:39:33.089718+00:00,train,2,2673,self,0.9525000000000219,0,94,,
2025-11-27T00:39:33.089850+00:00,train,2,2674,self,0.9525000000000219,0,95,,
2025-11-27T00:39:33.089981+00:00,train,2,2675,self,0.9525000000000219,0,86,,
2025-11-27T00:39:33.090111+00:00,train,2,2676,self,0.9525000000000219,0,98,,
2025-11-27T00:39:33.090241+00:00,train,2,2677,self,0.9525000000000219,0,98,,
2025-11-27T00:39:33.090370+00:00,train,2,2678,self,0.9525000000000219,0,99,,
2025-11-27T00:39:33.090498+00:00,train,2,2679,self,0.9525000000000219,0,94,,
2025-11-27T00:39:33.090628+00:00,train,2,2680,self,0.9525000000000219,0,98,,
2025-11-27T00:39:33.090757+00:00,train,2,2681,self,0.9525000000000219,0,93,,
2025-11-27T00:39:33.090885+00:00,train,2,2682,self,0.9525000000000219,0,97,,
2025-11-27T00:39:33.091013+00:00,train,2,2683,self,0.9525000000000219,0,95,,
2025-11-27T00:39:33.091142+00:00,train,2,2684,self,0.9525000000000219,0,97,,
2025-11-27T00:39:33.091271+00:00,train,2,2685,self,0.9525000000000219,0,98,,
2025-11-27T00:39:33.091400+00:00,train,2,2686,self,0.9525000000000219,0,99,,
2025-11-27T00:39:33.091528+00:00,train,2,2687,self,0.9525000000000219,0,99,,
2025-11-27T00:39:33.091657+00:00,train,2,2688,self,0.9525000000000219,0,100,,
2025-11-27T00:39:33.091863+00:00,train,2,2689,self,0.9525000000000219,0,94,,
2025-11-27T00:39:33.092016+00:00,train,2,2690,self,0.9525000000000219,0,97,,
2025-11-27T00:39:33.092156+00:00,train,2,2691,self,0.9525000000000219,0,99,,
2025-11-27T00:39:33.092292+00:00,train,2,2692,self,0.9525000000000219,0,99,,
2025-11-27T00:39:33.092424+00:00,train,2,2693,self,0.9525000000000219,0,95,,
2025-11-27T00:39:33.092556+00:00,train,2,2694,self,0.9525000000000219,0,98,,
2025-11-27T00:39:33.092685+00:00,train,2,2695,self,0.9525000000000219,0,90,,
2025-11-27T00:39:33.092814+00:00,train,2,2696,self,0.9525000000000219,0,100,,
2025-11-27T00:39:33.092943+00:00,train,2,2697,self,0.9525000000000219,0,99,,
2025-11-27T00:39:33.093071+00:00,train,2,2698,self,0.9525000000000219,0,100,,
2025-11-27T00:39:33.093199+00:00,train,2,2699,self,0.9525000000000219,0,94,,
2025-11-27T00:39:33.093328+00:00,train,2,2700,self,0.9525000000000219,0,98,,
2025-11-27T00:39:33.093458+00:00,train,2,2701,self,0.9525000000000219,0,86,,
2025-11-27T00:39:33.093586+00:00,train,2,2702,self,0.9525000000000219,0,99,,
2025-11-27T00:39:33.093714+00:00,train,2,2703,self,0.9525000000000219,0,95,,
2025-11-27T00:39:33.093841+00:00,train,2,2704,self,0.9525000000000219,0,100,,
2025-11-27T00:39:33.093970+00:00,train,2,2705,self,0.9525000000000219,0,91,,
2025-11-27T00:39:33.094097+00:00,train,2,2706,self,0.9525000000000219,0,100,,
2025-11-27T00:39:33.094224+00:00,train,2,2707,self,0.9525000000000219,0,88,,
2025-11-27T00:39:33.094351+00:00,train,2,2708,self,0.9525000000000219,0,91,,
2025-11-27T00:39:33.094478+00:00,train,2,2709,self,0.9525000000000219,0,92,,
2025-11-27T00:39:33.094606+00:00,train,2,2710,self,0.9525000000000219,0,100,,
2025-11-27T00:39:33.094756+00:00,train,2,2711,self,0.9525000000000219,0,95,,
2025-11-27T00:39:33.094901+00:00,train,2,2712,self,0.9525000000000219,0,100,,
2025-11-27T00:39:33.095026+00:00,train,2,2713,self,0.9525000000000219,0,97,,
2025-11-27T00:39:33.095150+00:00,train,2,2714,self,0.9525000000000219,0,98,,
2025-11-27T00:39:33.095275+00:00,train,2,2715,self,0.9525000000000219,0,98,,
2025-11-27T00:39:33.095399+00:00,train,2,2716,self,0.9525000000000219,0,99,,
2025-11-27T00:39:33.095522+00:00,train,2,2717,self,0.9525000000000219,0,100,,
2025-11-27T00:39:33.095646+00:00,train,2,2718,self,0.9525000000000219,0,100,,
2025-11-27T00:39:33.095771+00:00,train,2,2719,self,0.9525000000000219,0,86,,
2025-11-27T00:39:33.095920+00:00,train,2,2720,self,0.9525000000000219,0,95,,
2025-11-27T00:39:33.096049+00:00,train,2,2721,self,0.9525000000000219,0,86,,
2025-11-27T00:39:33.096176+00:00,train,2,2722,self,0.9525000000000219,0,100,,
2025-11-27T00:39:33.096303+00:00,train,2,2723,self,0.9525000000000219,0,94,,
2025-11-27T00:39:33.096431+00:00,train,2,2724,self,0.9525000000000219,0,95,,
2025-11-27T00:39:33.096561+00:00,train,2,2725,self,0.9525000000000219,0,98,,
2025-11-27T00:39:33.096689+00:00,train,2,2726,self,0.9525000000000219,0,100,,
2025-11-27T00:39:33.096817+00:00,train,2,2727,self,0.9525000000000219,0,98,,
2025-11-27T00:39:33.096946+00:00,train,2,2728,self,0.9525000000000219,0,100,,
2025-11-27T00:39:33.097075+00:00,train,2,2729,self,0.9525000000000219,0,89,,
2025-11-27T00:39:33.097211+00:00,train,2,2730,self,0.9525000000000219,0,100,,
2025-11-27T00:39:33.097347+00:00,train,2,2731,self,0.9525000000000219,0,93,,
2025-11-27T00:39:33.097476+00:00,train,2,2732,self,0.9525000000000219,0,99,,
2025-11-27T00:39:33.097608+00:00,train,2,2733,self,0.9525000000000219,0,97,,
2025-11-27T00:39:33.097736+00:00,train,2,2734,self,0.9525000000000219,0,98,,
2025-11-27T00:39:33.097865+00:00,train,2,2735,self,0.9525000000000219,0,86,,
2025-11-27T00:39:33.097993+00:00,train,2,2736,self,0.9525000000000219,0,98,,
2025-11-27T00:39:33.098127+00:00,train,2,2737,self,0.9525000000000219,0,97,,
2025-11-27T00:39:33.098264+00:00,train,2,2738,self,0.9525000000000219,0,99,,
2025-11-27T00:39:33.098397+00:00,train,2,2739,self,0.9525000000000219,0,85,,
2025-11-27T00:39:33.098570+00:00,train,2,2740,self,0.9525000000000219,0,100,,
2025-11-27T00:39:33.098741+00:00,train,2,2741,self,0.9525000000000219,0,94,,
2025-11-27T00:39:33.098885+00:00,train,2,2742,self,0.9525000000000219,0,99,,
2025-11-27T00:39:33.099020+00:00,train,2,2743,self,0.9525000000000219,0,100,,
2025-11-27T00:39:33.099153+00:00,train,2,2744,self,0.9525000000000219,0,100,,
2025-11-27T00:39:33.099358+00:00,train,2,2745,self,0.9525000000000219,0,81,,
2025-11-27T00:39:33.099554+00:00,train,2,2746,self,0.9525000000000219,0,98,,
2025-11-27T00:39:33.099833+00:00,train,2,2747,self,0.9525000000000219,0,89,,
2025-11-27T00:39:33.100057+00:00,train,2,2748,self,0.9525000000000219,0,97,,
2025-11-27T00:39:33.100226+00:00,train,2,2749,self,0.9525000000000219,0,82,,
2025-11-27T00:39:33.100373+00:00,train,2,2750,self,0.9525000000000219,0,94,,
2025-11-27T00:39:33.100519+00:00,train,2,2751,self,0.9525000000000219,0,73,,
2025-11-27T00:39:33.100659+00:00,train,2,2752,self,0.9525000000000219,0,92,,
2025-11-27T00:39:33.100797+00:00,train,2,2753,self,0.9525000000000219,0,94,,
2025-11-27T00:39:33.100929+00:00,train,2,2754,self,0.9525000000000219,0,99,,
2025-11-27T00:39:33.101061+00:00,train,2,2755,self,0.9525000000000219,0,96,,
2025-11-27T00:39:33.101193+00:00,train,2,2756,self,0.9525000000000219,0,99,,
2025-11-27T00:39:33.101324+00:00,train,2,2757,self,0.9525000000000219,0,97,,
2025-11-27T00:39:33.101454+00:00,train,2,2758,self,0.9525000000000219,0,100,,
2025-11-27T00:39:33.101584+00:00,train,2,2759,self,0.9525000000000219,0,94,,
2025-11-27T00:39:33.101714+00:00,train,2,2760,self,0.9525000000000219,0,100,,
2025-11-27T00:39:33.101844+00:00,train,2,2761,self,0.9525000000000219,0,94,,
2025-11-27T00:39:33.101974+00:00,train,2,2762,self,0.9525000000000219,0,95,,
2025-11-27T00:39:33.102104+00:00,train,2,2763,self,0.9525000000000219,0,97,,
2025-11-27T00:39:33.102234+00:00,train,2,2764,self,0.9525000000000219,0,100,,
2025-11-27T00:39:33.102377+00:00,train,2,2765,self,0.9525000000000219,0,97,,
2025-11-27T00:39:33.102517+00:00,train,2,2766,self,0.9525000000000219,0,99,,
2025-11-27T00:39:33.102648+00:00,train,2,2767,self,0.9525000000000219,0,99,,
2025-11-27T00:39:33.102779+00:00,train,2,2768,self,0.9525000000000219,0,99,,
2025-11-27T00:39:33.102910+00:00,train,2,2769,self,0.9525000000000219,0,98,,
2025-11-27T00:39:33.103039+00:00,train,2,2770,self,0.9525000000000219,0,99,,
2025-11-27T00:39:33.103170+00:00,train,2,2771,self,0.9525000000000219,0,100,,
2025-11-27T00:39:33.103300+00:00,train,2,2772,self,0.9525000000000219,0,100,,
2025-11-27T00:39:33.103429+00:00,train,2,2773,self,0.9525000000000219,0,93,,
2025-11-27T00:39:33.103558+00:00,train,2,2774,self,0.9525000000000219,0,99,,
2025-11-27T00:39:33.103687+00:00,train,2,2775,self,0.9525000000000219,0,96,,
2025-11-27T00:39:33.103817+00:00,train,2,2776,self,0.9525000000000219,0,96,,
2025-11-27T00:39:33.103946+00:00,train,2,2777,self,0.9525000000000219,0,84,,
2025-11-27T00:39:33.104075+00:00,train,2,2778,self,0.9525000000000219,0,98,,
2025-11-27T00:39:33.104204+00:00,train,2,2779,self,0.9525000000000219,0,96,,
2025-11-27T00:39:33.104333+00:00,train,2,2780,self,0.9525000000000219,0,97,,
2025-11-27T00:39:33.104463+00:00,train,2,2781,self,0.9525000000000219,0,93,,
2025-11-27T00:39:33.104592+00:00,train,2,2782,self,0.9525000000000219,0,96,,
2025-11-27T00:39:33.104729+00:00,train,2,2783,self,0.9525000000000219,0,99,,
2025-11-27T00:39:33.104860+00:00,train,2,2784,self,0.9525000000000219,0,99,,
2025-11-27T00:39:33.104991+00:00,train,2,2785,self,0.9525000000000219,0,95,,
2025-11-27T00:39:33.105121+00:00,train,2,2786,self,0.9525000000000219,0,97,,
2025-11-27T00:39:33.105251+00:00,train,2,2787,self,0.9525000000000219,0,86,,
2025-11-27T00:39:33.105381+00:00,train,2,2788,self,0.9525000000000219,0,97,,
2025-11-27T00:39:33.105512+00:00,train,2,2789,self,0.9525000000000219,0,90,,
2025-11-27T00:39:33.105643+00:00,train,2,2790,self,0.9525000000000219,0,93,,
2025-11-27T00:39:33.105771+00:00,train,2,2791,self,0.9525000000000219,0,91,,
2025-11-27T00:39:33.105901+00:00,train,2,2792,self,0.9525000000000219,0,100,,
2025-11-27T00:39:33.106031+00:00,train,2,2793,self,0.9525000000000219,0,98,,
2025-11-27T00:39:33.106161+00:00,train,2,2794,self,0.9525000000000219,0,99,,
2025-11-27T00:39:33.106290+00:00,train,2,2795,self,0.9525000000000219,0,94,,
2025-11-27T00:39:33.106419+00:00,train,2,2796,self,0.9525000000000219,0,99,,
2025-11-27T00:39:33.106548+00:00,train,2,2797,self,0.9525000000000219,0,87,,
2025-11-27T00:39:33.106676+00:00,train,2,2798,self,0.9525000000000219,0,90,,
2025-11-27T00:39:33.106805+00:00,train,2,2799,self,0.9525000000000219,0,95,,
2025-11-27T00:39:33.106934+00:00,train,2,2800,self,0.9525000000000219,0,98,,
2025-11-27T00:39:33.107062+00:00,train,2,2801,self,0.9525000000000219,0,96,,
2025-11-27T00:39:33.107191+00:00,train,2,2802,self,0.9525000000000219,0,99,,
2025-11-27T00:39:33.107321+00:00,train,2,2803,self,0.9525000000000219,0,90,,
2025-11-27T00:39:33.107449+00:00,train,2,2804,self,0.9525000000000219,0,92,,
2025-11-27T00:39:33.107581+00:00,train,2,2805,self,0.9525000000000219,0,96,,
2025-11-27T00:39:33.107713+00:00,train,2,2806,self,0.9525000000000219,0,98,,
2025-11-27T00:39:33.107844+00:00,train,2,2807,self,0.9525000000000219,0,96,,
2025-11-27T00:39:33.107973+00:00,train,2,2808,self,0.9525000000000219,0,100,,
2025-11-27T00:39:33.108109+00:00,train,2,2809,self,0.9525000000000219,0,74,,
2025-11-27T00:39:33.108239+00:00,train,2,2810,self,0.9525000000000219,0,95,,
2025-11-27T00:39:33.108369+00:00,train,2,2811,self,0.9525000000000219,0,95,,
2025-11-27T00:39:33.108569+00:00,train,2,2812,self,0.9525000000000219,0,96,,
2025-11-27T00:39:33.108922+00:00,train,2,2813,self,0.9525000000000219,0,82,,
2025-11-27T00:39:33.109139+00:00,train,2,2814,self,0.9525000000000219,0,93,,
2025-11-27T00:39:33.109290+00:00,train,2,2815,self,0.9525000000000219,0,98,,
2025-11-27T00:39:33.109429+00:00,train,2,2816,self,0.9525000000000219,0,100,,
2025-11-27T00:39:33.109564+00:00,train,2,2817,self,0.9525000000000219,0,95,,
2025-11-27T00:39:33.109695+00:00,train,2,2818,self,0.9525000000000219,0,95,,
2025-11-27T00:39:33.109843+00:00,train,2,2819,self,0.9525000000000219,0,98,,
2025-11-27T00:39:33.109978+00:00,train,2,2820,self,0.9525000000000219,0,99,,
2025-11-27T00:39:33.110111+00:00,train,2,2821,self,0.9525000000000219,0,86,,
2025-11-27T00:39:33.110245+00:00,train,2,2822,self,0.9525000000000219,0,97,,
2025-11-27T00:39:33.110378+00:00,train,2,2823,self,0.9525000000000219,0,99,,
2025-11-27T00:39:33.110510+00:00,train,2,2824,self,0.9525000000000219,0,100,,
2025-11-27T00:39:33.110879+00:00,train,2,2825,self,0.9525000000000219,0,90,,
2025-11-27T00:39:33.111116+00:00,train,2,2826,self,0.9525000000000219,0,98,,
2025-11-27T00:39:33.111296+00:00,train,2,2827,self,0.9525000000000219,0,95,,
2025-11-27T00:39:33.111529+00:00,train,2,2828,self,0.9525000000000219,0,97,,
2025-11-27T00:39:33.111738+00:00,train,2,2829,self,0.9525000000000219,0,97,,
2025-11-27T00:39:33.111899+00:00,train,2,2830,self,0.9525000000000219,0,100,,
2025-11-27T00:39:33.112050+00:00,train,2,2831,self,0.9525000000000219,0,92,,
2025-11-27T00:39:33.112197+00:00,train,2,2832,self,0.9525000000000219,0,100,,
2025-11-27T00:39:33.112340+00:00,train,2,2833,self,0.9525000000000219,0,87,,
2025-11-27T00:39:33.112482+00:00,train,2,2834,self,0.9525000000000219,0,98,,
2025-11-27T00:39:33.112642+00:00,train,2,2835,self,0.9525000000000219,0,91,,
2025-11-27T00:39:33.112782+00:00,train,2,2836,self,0.9525000000000219,0,98,,
2025-11-27T00:39:33.112932+00:00,train,2,2837,self,0.9525000000000219,0,98,,
2025-11-27T00:39:33.113124+00:00,train,2,2838,self,0.9525000000000219,0,100,,
2025-11-27T00:39:33.113342+00:00,train,2,2839,self,0.9525000000000219,0,82,,
2025-11-27T00:39:33.113542+00:00,train,2,2840,self,0.9525000000000219,0,97,,
2025-11-27T00:39:33.113728+00:00,train,2,2841,self,0.9525000000000219,0,100,,
2025-11-27T00:39:33.113910+00:00,train,2,2842,self,0.9525000000000219,0,100,,
2025-11-27T00:39:33.114068+00:00,train,2,2843,self,0.9525000000000219,0,81,,
2025-11-27T00:39:33.114267+00:00,train,2,2844,self,0.9525000000000219,0,99,,
2025-11-27T00:39:33.114443+00:00,train,2,2845,self,0.9525000000000219,0,92,,
2025-11-27T00:39:33.114610+00:00,train,2,2846,self,0.9525000000000219,0,94,,
2025-11-27T00:39:33.114772+00:00,train,2,2847,self,0.9525000000000219,0,92,,
2025-11-27T00:39:33.114966+00:00,train,2,2848,self,0.9525000000000219,0,93,,
2025-11-27T00:39:33.115149+00:00,train,2,2849,self,0.9525000000000219,0,99,,
2025-11-27T00:39:33.115299+00:00,train,2,2850,self,0.9525000000000219,0,100,,
2025-11-27T00:39:33.115442+00:00,train,2,2851,self,0.9525000000000219,0,99,,
2025-11-27T00:39:33.115581+00:00,train,2,2852,self,0.9525000000000219,0,100,,
2025-11-27T00:39:33.115722+00:00,train,2,2853,self,0.9525000000000219,0,83,,
2025-11-27T00:39:33.115858+00:00,train,2,2854,self,0.9525000000000219,0,96,,
2025-11-27T00:39:33.115993+00:00,train,2,2855,self,0.9525000000000219,0,93,,
2025-11-27T00:39:33.116125+00:00,train,2,2856,self,0.9525000000000219,0,99,,
2025-11-27T00:39:33.116258+00:00,train,2,2857,self,0.9525000000000219,0,97,,
2025-11-27T00:39:33.116394+00:00,train,2,2858,self,0.9525000000000219,0,99,,
2025-11-27T00:39:33.116527+00:00,train,2,2859,self,0.9525000000000219,0,87,,
2025-11-27T00:39:33.116661+00:00,train,2,2860,self,0.9525000000000219,0,93,,
2025-11-27T00:39:33.116795+00:00,train,2,2861,self,0.9525000000000219,0,98,,
2025-11-27T00:39:33.116929+00:00,train,2,2862,self,0.9525000000000219,0,99,,
2025-11-27T00:39:33.117064+00:00,train,2,2863,self,0.9525000000000219,0,93,,
2025-11-27T00:39:33.117199+00:00,train,2,2864,self,0.9525000000000219,0,96,,
2025-11-27T00:39:33.117344+00:00,train,2,2865,self,0.9525000000000219,0,90,,
2025-11-27T00:39:33.117491+00:00,train,2,2866,self,0.9525000000000219,0,99,,
2025-11-27T00:39:33.117635+00:00,train,2,2867,self,0.9525000000000219,0,92,,
2025-11-27T00:39:33.117813+00:00,train,2,2868,self,0.9525000000000219,0,98,,
2025-11-27T00:39:33.118015+00:00,train,2,2869,self,0.9525000000000219,0,84,,
2025-11-27T00:39:33.118238+00:00,train,2,2870,self,0.9525000000000219,0,95,,
2025-11-27T00:39:33.118434+00:00,train,2,2871,self,0.9525000000000219,0,89,,
2025-11-27T00:39:33.118789+00:00,train,2,2872,self,0.9525000000000219,0,100,,
2025-11-27T00:39:33.118972+00:00,train,2,2873,self,0.9525000000000219,0,94,,
2025-11-27T00:39:33.119123+00:00,train,2,2874,self,0.9525000000000219,0,98,,
2025-11-27T00:39:33.119265+00:00,train,2,2875,self,0.9525000000000219,0,98,,
2025-11-27T00:39:33.119405+00:00,train,2,2876,self,0.9525000000000219,0,99,,
2025-11-27T00:39:33.119540+00:00,train,2,2877,self,0.9525000000000219,0,94,,
2025-11-27T00:39:33.119678+00:00,train,2,2878,self,0.9525000000000219,0,97,,
2025-11-27T00:39:33.119810+00:00,train,2,2879,self,0.9525000000000219,0,88,,
2025-11-27T00:39:33.119943+00:00,train,2,2880,self,0.9525000000000219,0,97,,
2025-11-27T00:39:33.120082+00:00,train,2,2881,self,0.9525000000000219,0,100,,
2025-11-27T00:39:33.120215+00:00,train,2,2882,self,0.9525000000000219,0,100,,
2025-11-27T00:39:33.120348+00:00,train,2,2883,self,0.9525000000000219,0,96,,
2025-11-27T00:39:33.120480+00:00,train,2,2884,self,0.9525000000000219,0,98,,
2025-11-27T00:39:33.120613+00:00,train,2,2885,self,0.9525000000000219,0,87,,
2025-11-27T00:39:33.120745+00:00,train,2,2886,self,0.9525000000000219,0,98,,
2025-11-27T00:39:33.120877+00:00,train,2,2887,self,0.9525000000000219,0,98,,
2025-11-27T00:39:33.121009+00:00,train,2,2888,self,0.9525000000000219,0,99,,
2025-11-27T00:39:33.121144+00:00,train,2,2889,self,0.9525000000000219,0,98,,
2025-11-27T00:39:33.121276+00:00,train,2,2890,self,0.9525000000000219,0,98,,
2025-11-27T00:39:33.121406+00:00,train,2,2891,self,0.9525000000000219,0,94,,
2025-11-27T00:39:33.121535+00:00,train,2,2892,self,0.9525000000000219,0,96,,
2025-11-27T00:39:33.121666+00:00,train,2,2893,self,0.9525000000000219,0,97,,
2025-11-27T00:39:33.121797+00:00,train,2,2894,self,0.9525000000000219,0,99,,
2025-11-27T00:39:33.121944+00:00,train,2,2895,self,0.9525000000000219,0,76,,
2025-11-27T00:39:33.122078+00:00,train,2,2896,self,0.9525000000000219,0,100,,
2025-11-27T00:39:33.122214+00:00,train,2,2897,self,0.9525000000000219,0,98,,
2025-11-27T00:39:33.122349+00:00,train,2,2898,self,0.9525000000000219,0,100,,
2025-11-27T00:39:33.122486+00:00,train,2,2899,self,0.9525000000000219,0,87,,
2025-11-27T00:39:33.122618+00:00,train,2,2900,self,0.9525000000000219,0,99,,
2025-11-27T00:39:33.122752+00:00,train,2,2901,self,0.9525000000000219,0,97,,
2025-11-27T00:39:33.122895+00:00,train,2,2902,self,0.9525000000000219,0,100,,
2025-11-27T00:39:33.123034+00:00,train,2,2903,self,0.9525000000000219,0,94,,
2025-11-27T00:39:33.123169+00:00,train,2,2904,self,0.9525000000000219,0,97,,
2025-11-27T00:39:33.123303+00:00,train,2,2905,self,0.9525000000000219,0,88,,
2025-11-27T00:39:33.123436+00:00,train,2,2906,self,0.9525000000000219,0,94,,
2025-11-27T00:39:33.123570+00:00,train,2,2907,self,0.9525000000000219,0,97,,
2025-11-27T00:39:33.123704+00:00,train,2,2908,self,0.9525000000000219,0,98,,
2025-11-27T00:39:33.123837+00:00,train,2,2909,self,0.9525000000000219,0,94,,
2025-11-27T00:39:33.123972+00:00,train,2,2910,self,0.9525000000000219,0,98,,
2025-11-27T00:39:33.124114+00:00,train,2,2911,self,0.9525000000000219,0,80,,
2025-11-27T00:39:33.124250+00:00,train,2,2912,self,0.9525000000000219,0,95,,
2025-11-27T00:39:33.124384+00:00,train,2,2913,self,0.9525000000000219,0,99,,
2025-11-27T00:39:33.124518+00:00,train,2,2914,self,0.9525000000000219,0,100,,
2025-11-27T00:39:33.124650+00:00,train,2,2915,self,0.9525000000000219,0,80,,
2025-11-27T00:39:33.124784+00:00,train,2,2916,self,0.9525000000000219,0,100,,
2025-11-27T00:39:33.124918+00:00,train,2,2917,self,0.9525000000000219,0,87,,
2025-11-27T00:39:33.125054+00:00,train,2,2918,self,0.9525000000000219,0,97,,
2025-11-27T00:39:33.125190+00:00,train,2,2919,self,0.9525000000000219,0,95,,
2025-11-27T00:39:33.125323+00:00,train,2,2920,self,0.9525000000000219,0,97,,
2025-11-27T00:39:33.125465+00:00,train,2,2921,self,0.9525000000000219,0,93,,
2025-11-27T00:39:33.125605+00:00,train,2,2922,self,0.9525000000000219,0,99,,
2025-11-27T00:39:33.125743+00:00,train,2,2923,self,0.9525000000000219,0,97,,
2025-11-27T00:39:33.125903+00:00,train,2,2924,self,0.9525000000000219,0,97,,
2025-11-27T00:39:33.126043+00:00,train,2,2925,self,0.9525000000000219,0,90,,
2025-11-27T00:39:33.126181+00:00,train,2,2926,self,0.9525000000000219,0,96,,
2025-11-27T00:39:33.126319+00:00,train,2,2927,self,0.9525000000000219,0,87,,
2025-11-27T00:39:33.126455+00:00,train,2,2928,self,0.9525000000000219,0,100,,
2025-11-27T00:39:33.126592+00:00,train,2,2929,self,0.9525000000000219,0,86,,
2025-11-27T00:39:33.126729+00:00,train,2,2930,self,0.9525000000000219,0,99,,
2025-11-27T00:39:33.126878+00:00,train,2,2931,self,0.9525000000000219,0,97,,
2025-11-27T00:39:33.127011+00:00,train,2,2932,self,0.9525000000000219,0,98,,
2025-11-27T00:39:33.127150+00:00,train,2,2933,self,0.9525000000000219,0,96,,
2025-11-27T00:39:33.127285+00:00,train,2,2934,self,0.9525000000000219,0,97,,
2025-11-27T00:39:33.127416+00:00,train,2,2935,self,0.9525000000000219,0,98,,
2025-11-27T00:39:33.127549+00:00,train,2,2936,self,0.9525000000000219,0,99,,
2025-11-27T00:39:33.127682+00:00,train,2,2937,self,0.9525000000000219,0,92,,
2025-11-27T00:39:33.127833+00:00,train,2,2938,self,0.9525000000000219,0,100,,
2025-11-27T00:39:33.127968+00:00,train,2,2939,self,0.9525000000000219,0,95,,
2025-11-27T00:39:33.128104+00:00,train,2,2940,self,0.9525000000000219,0,97,,
2025-11-27T00:39:33.128239+00:00,train,2,2941,self,0.9525000000000219,0,92,,
2025-11-27T00:39:33.128373+00:00,train,2,2942,self,0.9525000000000219,0,98,,
2025-11-27T00:39:33.128507+00:00,train,2,2943,self,0.9525000000000219,0,88,,
2025-11-27T00:39:33.128643+00:00,train,2,2944,self,0.9525000000000219,0,97,,
2025-11-27T00:39:33.128777+00:00,train,2,2945,self,0.9525000000000219,0,92,,
2025-11-27T00:39:33.128912+00:00,train,2,2946,self,0.9525000000000219,0,93,,
2025-11-27T00:39:33.129048+00:00,train,2,2947,self,0.9525000000000219,0,90,,
2025-11-27T00:39:33.129321+00:00,train,2,2948,self,0.9525000000000219,0,99,,
2025-11-27T00:39:33.129491+00:00,train,2,2949,self,0.9525000000000219,0,99,,
2025-11-27T00:39:33.129641+00:00,train,2,2950,self,0.9525000000000219,0,100,,
2025-11-27T00:39:33.129786+00:00,train,2,2951,self,0.9525000000000219,0,97,,
2025-11-27T00:39:33.129929+00:00,train,2,2952,self,0.9525000000000219,0,98,,
2025-11-27T00:39:33.130070+00:00,train,2,2953,self,0.9525000000000219,0,95,,
2025-11-27T00:39:33.130209+00:00,train,2,2954,self,0.9525000000000219,0,96,,
2025-11-27T00:39:33.130411+00:00,train,2,2955,self,0.9525000000000219,0,95,,
2025-11-27T00:39:33.130595+00:00,train,2,2956,self,0.9525000000000219,0,96,,
2025-11-27T00:39:33.130756+00:00,train,2,2957,self,0.9525000000000219,0,90,,
2025-11-27T00:39:33.130909+00:00,train,2,2958,self,0.9525000000000219,0,98,,
2025-11-27T00:39:33.131058+00:00,train,2,2959,self,0.9525000000000219,0,97,,
2025-11-27T00:39:33.131206+00:00,train,2,2960,self,0.9525000000000219,0,100,,
2025-11-27T00:39:33.131419+00:00,train,2,2961,self,0.9525000000000219,0,100,,
2025-11-27T00:39:33.131654+00:00,train,2,2962,self,0.9525000000000219,0,100,,
2025-11-27T00:39:33.131967+00:00,train,2,2963,self,0.9525000000000219,0,86,,
2025-11-27T00:39:33.132143+00:00,train,2,2964,self,0.9525000000000219,0,99,,
2025-11-27T00:39:33.132304+00:00,train,2,2965,self,0.9525000000000219,0,97,,
2025-11-27T00:39:33.132558+00:00,train,2,2966,self,0.9525000000000219,0,98,,
2025-11-27T00:39:33.132770+00:00,train,2,2967,self,0.9525000000000219,0,99,,
2025-11-27T00:39:33.133006+00:00,train,2,2968,self,0.9525000000000219,0,99,,
2025-11-27T00:39:33.133256+00:00,train,2,2969,self,0.9525000000000219,0,89,,
2025-11-27T00:39:33.133437+00:00,train,2,2970,self,0.9525000000000219,0,96,,
2025-11-27T00:39:33.133591+00:00,train,2,2971,self,0.9525000000000219,0,94,,
2025-11-27T00:39:33.133742+00:00,train,2,2972,self,0.9525000000000219,0,99,,
2025-11-27T00:39:33.133886+00:00,train,2,2973,self,0.9525000000000219,0,93,,
2025-11-27T00:39:33.134025+00:00,train,2,2974,self,0.9525000000000219,0,98,,
2025-11-27T00:39:33.134190+00:00,train,2,2975,self,0.9525000000000219,0,99,,
2025-11-27T00:39:33.134334+00:00,train,2,2976,self,0.9525000000000219,0,99,,
2025-11-27T00:39:33.134476+00:00,train,2,2977,self,0.9525000000000219,0,98,,
2025-11-27T00:39:33.134616+00:00,train,2,2978,self,0.9525000000000219,0,99,,
2025-11-27T00:39:33.134754+00:00,train,2,2979,self,0.9525000000000219,0,95,,
2025-11-27T00:39:33.134894+00:00,train,2,2980,self,0.9525000000000219,0,95,,
2025-11-27T00:39:33.135031+00:00,train,2,2981,self,0.9525000000000219,0,95,,
2025-11-27T00:39:33.135168+00:00,train,2,2982,self,0.9525000000000219,0,99,,
2025-11-27T00:39:33.135308+00:00,train,2,2983,self,0.9525000000000219,0,93,,
2025-11-27T00:39:33.135476+00:00,train,2,2984,self,0.9525000000000219,0,97,,
2025-11-27T00:39:33.135719+00:00,train,2,2985,self,0.9525000000000219,0,95,,
2025-11-27T00:39:33.135896+00:00,train,2,2986,self,0.9525000000000219,0,97,,
2025-11-27T00:39:33.136053+00:00,train,2,2987,self,0.9525000000000219,0,96,,
2025-11-27T00:39:33.136224+00:00,train,2,2988,self,0.9525000000000219,0,99,,
2025-11-27T00:39:33.136402+00:00,train,2,2989,self,0.9525000000000219,0,98,,
2025-11-27T00:39:33.136570+00:00,train,2,2990,self,0.9525000000000219,0,99,,
2025-11-27T00:39:33.136721+00:00,train,2,2991,self,0.9525000000000219,0,98,,
2025-11-27T00:39:33.136868+00:00,train,2,2992,self,0.9525000000000219,0,99,,
2025-11-27T00:39:33.137009+00:00,train,2,2993,self,0.9525000000000219,0,97,,
2025-11-27T00:39:33.137149+00:00,train,2,2994,self,0.9525000000000219,0,98,,
2025-11-27T00:39:33.137288+00:00,train,2,2995,self,0.9525000000000219,0,96,,
2025-11-27T00:39:33.137427+00:00,train,2,2996,self,0.9525000000000219,0,98,,
2025-11-27T00:39:33.137564+00:00,train,2,2997,self,0.9525000000000219,0,93,,
2025-11-27T00:39:33.137705+00:00,train,2,2998,self,0.9525000000000219,0,99,,
2025-11-27T00:39:33.137841+00:00,train,2,2999,self,0.9525000000000219,0,88,,
2025-11-27T00:39:33.137978+00:00,train,2,3000,self,0.9525000000000219,0,96,,
2025-11-27T00:39:33.140718+00:00,train,2,3001,self,0.9525000000000219,0,99,,
2025-11-27T00:39:33.140881+00:00,train,2,3002,self,0.9525000000000219,0,100,,
2025-11-27T00:39:33.141030+00:00,train,2,3003,self,0.9525000000000219,0,89,,
2025-11-27T00:39:33.141177+00:00,train,2,3004,self,0.9525000000000219,0,98,,
2025-11-27T00:39:33.141322+00:00,train,2,3005,self,0.9525000000000219,0,93,,
2025-11-27T00:39:33.141470+00:00,train,2,3006,self,0.9525000000000219,0,100,,
2025-11-27T00:39:33.141616+00:00,train,2,3007,self,0.9525000000000219,0,98,,
2025-11-27T00:39:33.141761+00:00,train,2,3008,self,0.9525000000000219,0,100,,
2025-11-27T00:39:33.141905+00:00,train,2,3009,self,0.9525000000000219,0,85,,
2025-11-27T00:39:33.142051+00:00,train,2,3010,self,0.9525000000000219,0,90,,
2025-11-27T00:39:33.142194+00:00,train,2,3011,self,0.9525000000000219,0,94,,
2025-11-27T00:39:33.142338+00:00,train,2,3012,self,0.9525000000000219,0,98,,
2025-11-27T00:39:33.142482+00:00,train,2,3013,self,0.9525000000000219,0,98,,
2025-11-27T00:39:33.142627+00:00,train,2,3014,self,0.9525000000000219,0,98,,
2025-11-27T00:39:33.142774+00:00,train,2,3015,self,0.9525000000000219,0,93,,
2025-11-27T00:39:33.142919+00:00,train,2,3016,self,0.9525000000000219,0,100,,
2025-11-27T00:39:33.143064+00:00,train,2,3017,self,0.9525000000000219,0,96,,
2025-11-27T00:39:33.143209+00:00,train,2,3018,self,0.9525000000000219,0,99,,
2025-11-27T00:39:33.143353+00:00,train,2,3019,self,0.9525000000000219,0,91,,
2025-11-27T00:39:33.143498+00:00,train,2,3020,self,0.9525000000000219,0,98,,
2025-11-27T00:39:33.143642+00:00,train,2,3021,self,0.9525000000000219,0,94,,
2025-11-27T00:39:33.143787+00:00,train,2,3022,self,0.9525000000000219,0,96,,
2025-11-27T00:39:33.143933+00:00,train,2,3023,self,0.9525000000000219,0,90,,
2025-11-27T00:39:33.144077+00:00,train,2,3024,self,0.9525000000000219,0,93,,
2025-11-27T00:39:33.144221+00:00,train,2,3025,self,0.9525000000000219,0,95,,
2025-11-27T00:39:33.144366+00:00,train,2,3026,self,0.9525000000000219,0,100,,
2025-11-27T00:39:33.144511+00:00,train,2,3027,self,0.9525000000000219,0,94,,
2025-11-27T00:39:33.144656+00:00,train,2,3028,self,0.9525000000000219,0,98,,
2025-11-27T00:39:33.144800+00:00,train,2,3029,self,0.9525000000000219,0,84,,
2025-11-27T00:39:33.144944+00:00,train,2,3030,self,0.9525000000000219,0,90,,
2025-11-27T00:39:33.145088+00:00,train,2,3031,self,0.9525000000000219,0,95,,
2025-11-27T00:39:33.145233+00:00,train,2,3032,self,0.9525000000000219,0,98,,
2025-11-27T00:39:33.145378+00:00,train,2,3033,self,0.9525000000000219,0,90,,
2025-11-27T00:39:33.145523+00:00,train,2,3034,self,0.9525000000000219,0,98,,
2025-11-27T00:39:33.145668+00:00,train,2,3035,self,0.9525000000000219,0,94,,
2025-11-27T00:39:33.145813+00:00,train,2,3036,self,0.9525000000000219,0,100,,
2025-11-27T00:39:33.145958+00:00,train,2,3037,self,0.9525000000000219,0,91,,
2025-11-27T00:39:33.146102+00:00,train,2,3038,self,0.9525000000000219,0,100,,
2025-11-27T00:39:33.146247+00:00,train,2,3039,self,0.9525000000000219,0,93,,
2025-11-27T00:39:33.146396+00:00,train,2,3040,self,0.9525000000000219,0,96,,
2025-11-27T00:39:33.146541+00:00,train,2,3041,self,0.9525000000000219,0,85,,
2025-11-27T00:39:33.146688+00:00,train,2,3042,self,0.9525000000000219,0,95,,
2025-11-27T00:39:33.146834+00:00,train,2,3043,self,0.9525000000000219,0,87,,
2025-11-27T00:39:33.146980+00:00,train,2,3044,self,0.9525000000000219,0,99,,
2025-11-27T00:39:33.147125+00:00,train,2,3045,self,0.9525000000000219,0,91,,
2025-11-27T00:39:33.147270+00:00,train,2,3046,self,0.9525000000000219,0,100,,
2025-11-27T00:39:33.147417+00:00,train,2,3047,self,0.9525000000000219,0,94,,
2025-11-27T00:39:33.147561+00:00,train,2,3048,self,0.9525000000000219,0,97,,
2025-11-27T00:39:33.147710+00:00,train,2,3049,self,0.9525000000000219,0,99,,
2025-11-27T00:39:33.147854+00:00,train,2,3050,self,0.9525000000000219,0,100,,
2025-11-27T00:39:33.147998+00:00,train,2,3051,self,0.9525000000000219,0,77,,
2025-11-27T00:39:33.148143+00:00,train,2,3052,self,0.9525000000000219,0,95,,
2025-11-27T00:39:33.148287+00:00,train,2,3053,self,0.9525000000000219,0,99,,
2025-11-27T00:39:33.148431+00:00,train,2,3054,self,0.9525000000000219,0,99,,
2025-11-27T00:39:33.148574+00:00,train,2,3055,self,0.9525000000000219,0,95,,
2025-11-27T00:39:33.148719+00:00,train,2,3056,self,0.9525000000000219,0,99,,
2025-11-27T00:39:33.148864+00:00,train,2,3057,self,0.9525000000000219,0,96,,
2025-11-27T00:39:33.149009+00:00,train,2,3058,self,0.9525000000000219,0,98,,
2025-11-27T00:39:33.149152+00:00,train,2,3059,self,0.9525000000000219,0,84,,
2025-11-27T00:39:33.149295+00:00,train,2,3060,self,0.9525000000000219,0,95,,
2025-11-27T00:39:33.149439+00:00,train,2,3061,self,0.9525000000000219,0,97,,
2025-11-27T00:39:33.149584+00:00,train,2,3062,self,0.9525000000000219,0,97,,
2025-11-27T00:39:33.149728+00:00,train,2,3063,self,0.9525000000000219,0,90,,
2025-11-27T00:39:33.149872+00:00,train,2,3064,self,0.9525000000000219,0,97,,
2025-11-27T00:39:33.150016+00:00,train,2,3065,self,0.9525000000000219,0,88,,
2025-11-27T00:39:33.150160+00:00,train,2,3066,self,0.9525000000000219,0,100,,
2025-11-27T00:39:33.150304+00:00,train,2,3067,self,0.9525000000000219,0,94,,
2025-11-27T00:39:33.150458+00:00,train,2,3068,self,0.9525000000000219,0,96,,
2025-11-27T00:39:33.150616+00:00,train,2,3069,self,0.9525000000000219,0,97,,
2025-11-27T00:39:33.150790+00:00,train,2,3070,self,0.9525000000000219,0,100,,
2025-11-27T00:39:33.150991+00:00,train,2,3071,self,0.9525000000000219,0,89,,
2025-11-27T00:39:33.151191+00:00,train,2,3072,self,0.9525000000000219,0,100,,
2025-11-27T00:39:33.151359+00:00,train,2,3073,self,0.9525000000000219,0,99,,
2025-11-27T00:39:33.151577+00:00,train,2,3074,self,0.9525000000000219,0,100,,
2025-11-27T00:39:33.151747+00:00,train,2,3075,self,0.9525000000000219,0,100,,
2025-11-27T00:39:33.151903+00:00,train,2,3076,self,0.9525000000000219,0,100,,
2025-11-27T00:39:33.152054+00:00,train,2,3077,self,0.9525000000000219,0,90,,
2025-11-27T00:39:33.152203+00:00,train,2,3078,self,0.9525000000000219,0,99,,
2025-11-27T00:39:33.152350+00:00,train,2,3079,self,0.9525000000000219,0,89,,
2025-11-27T00:39:33.152494+00:00,train,2,3080,self,0.9525000000000219,0,92,,
2025-11-27T00:39:33.152639+00:00,train,2,3081,self,0.9525000000000219,0,97,,
2025-11-27T00:39:33.152786+00:00,train,2,3082,self,0.9525000000000219,0,99,,
2025-11-27T00:39:33.152941+00:00,train,2,3083,self,0.9525000000000219,0,95,,
2025-11-27T00:39:33.153085+00:00,train,2,3084,self,0.9525000000000219,0,99,,
2025-11-27T00:39:33.153229+00:00,train,2,3085,self,0.9525000000000219,0,84,,
2025-11-27T00:39:33.153373+00:00,train,2,3086,self,0.9525000000000219,0,98,,
2025-11-27T00:39:33.153517+00:00,train,2,3087,self,0.9525000000000219,0,93,,
2025-11-27T00:39:33.153660+00:00,train,2,3088,self,0.9525000000000219,0,96,,
2025-11-27T00:39:33.153803+00:00,train,2,3089,self,0.9525000000000219,0,96,,
2025-11-27T00:39:33.153946+00:00,train,2,3090,self,0.9525000000000219,0,100,,
2025-11-27T00:39:33.154089+00:00,train,2,3091,self,0.9525000000000219,0,91,,
2025-11-27T00:39:33.154230+00:00,train,2,3092,self,0.9525000000000219,0,96,,
2025-11-27T00:39:33.154371+00:00,train,2,3093,self,0.9525000000000219,0,93,,
2025-11-27T00:39:33.154512+00:00,train,2,3094,self,0.9525000000000219,0,97,,
2025-11-27T00:39:33.154652+00:00,train,2,3095,self,0.9525000000000219,0,83,,
2025-11-27T00:39:33.154792+00:00,train,2,3096,self,0.9525000000000219,0,99,,
2025-11-27T00:39:33.154934+00:00,train,2,3097,self,0.9525000000000219,0,86,,
2025-11-27T00:39:33.155083+00:00,train,2,3098,self,0.9525000000000219,0,98,,
2025-11-27T00:39:33.155224+00:00,train,2,3099,self,0.9525000000000219,0,98,,
2025-11-27T00:39:33.155365+00:00,train,2,3100,self,0.9525000000000219,0,99,,
2025-11-27T00:39:33.155506+00:00,train,2,3101,self,0.9525000000000219,0,94,,
2025-11-27T00:39:33.155648+00:00,train,2,3102,self,0.9525000000000219,0,97,,
2025-11-27T00:39:33.155789+00:00,train,2,3103,self,0.9525000000000219,0,85,,
2025-11-27T00:39:33.155929+00:00,train,2,3104,self,0.9525000000000219,0,96,,
2025-11-27T00:39:33.156070+00:00,train,2,3105,self,0.9525000000000219,0,97,,
2025-11-27T00:39:33.156212+00:00,train,2,3106,self,0.9525000000000219,0,100,,
2025-11-27T00:39:33.156354+00:00,train,2,3107,self,0.9525000000000219,0,90,,
2025-11-27T00:39:33.156497+00:00,train,2,3108,self,0.9525000000000219,0,97,,
2025-11-27T00:39:33.156638+00:00,train,2,3109,self,0.9525000000000219,0,88,,
2025-11-27T00:39:33.156779+00:00,train,2,3110,self,0.9525000000000219,0,94,,
2025-11-27T00:39:33.156920+00:00,train,2,3111,self,0.9525000000000219,0,89,,
2025-11-27T00:39:33.157061+00:00,train,2,3112,self,0.9525000000000219,0,97,,
2025-11-27T00:39:33.157204+00:00,train,2,3113,self,0.9525000000000219,0,90,,
2025-11-27T00:39:33.157345+00:00,train,2,3114,self,0.9525000000000219,0,97,,
2025-11-27T00:39:33.157487+00:00,train,2,3115,self,0.9525000000000219,0,97,,
2025-11-27T00:39:33.157630+00:00,train,2,3116,self,0.9525000000000219,0,99,,
2025-11-27T00:39:33.157774+00:00,train,2,3117,self,0.9525000000000219,0,85,,
2025-11-27T00:39:33.157930+00:00,train,2,3118,self,0.9525000000000219,0,97,,
2025-11-27T00:39:33.158065+00:00,train,2,3119,self,0.9525000000000219,0,92,,
2025-11-27T00:39:33.158205+00:00,train,2,3120,self,0.9525000000000219,0,96,,
2025-11-27T00:39:33.158341+00:00,train,2,3121,self,0.9525000000000219,0,94,,
2025-11-27T00:39:33.158477+00:00,train,2,3122,self,0.9525000000000219,0,99,,
2025-11-27T00:39:33.158613+00:00,train,2,3123,self,0.9525000000000219,0,90,,
2025-11-27T00:39:33.158747+00:00,train,2,3124,self,0.9525000000000219,0,91,,
2025-11-27T00:39:33.158882+00:00,train,2,3125,self,0.9525000000000219,0,96,,
2025-11-27T00:39:33.159016+00:00,train,2,3126,self,0.9525000000000219,0,98,,
2025-11-27T00:39:33.159151+00:00,train,2,3127,self,0.9525000000000219,0,92,,
2025-11-27T00:39:33.159287+00:00,train,2,3128,self,0.9525000000000219,0,96,,
2025-11-27T00:39:33.159422+00:00,train,2,3129,self,0.9525000000000219,0,93,,
2025-11-27T00:39:33.159558+00:00,train,2,3130,self,0.9525000000000219,0,100,,
2025-11-27T00:39:33.159692+00:00,train,2,3131,self,0.9525000000000219,0,96,,
2025-11-27T00:39:33.159828+00:00,train,2,3132,self,0.9525000000000219,0,97,,
2025-11-27T00:39:33.159963+00:00,train,2,3133,self,0.9525000000000219,0,98,,
2025-11-27T00:39:33.160098+00:00,train,2,3134,self,0.9525000000000219,0,100,,
2025-11-27T00:39:33.160233+00:00,train,2,3135,self,0.9525000000000219,0,91,,
2025-11-27T00:39:33.160367+00:00,train,2,3136,self,0.9525000000000219,0,99,,
2025-11-27T00:39:33.160501+00:00,train,2,3137,self,0.9525000000000219,0,94,,
2025-11-27T00:39:33.160636+00:00,train,2,3138,self,0.9525000000000219,0,99,,
2025-11-27T00:39:33.160770+00:00,train,2,3139,self,0.9525000000000219,0,99,,
2025-11-27T00:39:33.160905+00:00,train,2,3140,self,0.9525000000000219,0,100,,
2025-11-27T00:39:33.161040+00:00,train,2,3141,self,0.9525000000000219,0,98,,
2025-11-27T00:39:33.161174+00:00,train,2,3142,self,0.9525000000000219,0,100,,
2025-11-27T00:39:33.161309+00:00,train,2,3143,self,0.9525000000000219,0,97,,
2025-11-27T00:39:33.161444+00:00,train,2,3144,self,0.9525000000000219,0,100,,
2025-11-27T00:39:33.161584+00:00,train,2,3145,self,0.9525000000000219,0,99,,
2025-11-27T00:39:33.161719+00:00,train,2,3146,self,0.9525000000000219,0,100,,
2025-11-27T00:39:33.161910+00:00,train,2,3147,self,0.9525000000000219,0,99,,
2025-11-27T00:39:33.162100+00:00,train,2,3148,self,0.9525000000000219,0,100,,
2025-11-27T00:39:33.162251+00:00,train,2,3149,self,0.9525000000000219,0,94,,
2025-11-27T00:39:33.162394+00:00,train,2,3150,self,0.9525000000000219,0,100,,
2025-11-27T00:39:33.162534+00:00,train,2,3151,self,0.9525000000000219,0,99,,
2025-11-27T00:39:33.162671+00:00,train,2,3152,self,0.9525000000000219,0,100,,
2025-11-27T00:39:33.162806+00:00,train,2,3153,self,0.9525000000000219,0,99,,
2025-11-27T00:39:33.162940+00:00,train,2,3154,self,0.9525000000000219,0,100,,
2025-11-27T00:39:33.163075+00:00,train,2,3155,self,0.9525000000000219,0,88,,
2025-11-27T00:39:33.163266+00:00,train,2,3156,self,0.9525000000000219,0,94,,
2025-11-27T00:39:33.163420+00:00,train,2,3157,self,0.9525000000000219,0,97,,
2025-11-27T00:39:33.163564+00:00,train,2,3158,self,0.9525000000000219,0,99,,
2025-11-27T00:39:33.163704+00:00,train,2,3159,self,0.9525000000000219,0,98,,
2025-11-27T00:39:33.163841+00:00,train,2,3160,self,0.9525000000000219,0,98,,
2025-11-27T00:39:33.163977+00:00,train,2,3161,self,0.9525000000000219,0,90,,
2025-11-27T00:39:33.164111+00:00,train,2,3162,self,0.9525000000000219,0,98,,
2025-11-27T00:39:33.164244+00:00,train,2,3163,self,0.9525000000000219,0,92,,
2025-11-27T00:39:33.164430+00:00,train,2,3164,self,0.9525000000000219,0,98,,
2025-11-27T00:39:33.164584+00:00,train,2,3165,self,0.9525000000000219,0,89,,
2025-11-27T00:39:33.164727+00:00,train,2,3166,self,0.9525000000000219,0,99,,
2025-11-27T00:39:33.164866+00:00,train,2,3167,self,0.9525000000000219,0,95,,
2025-11-27T00:39:33.165000+00:00,train,2,3168,self,0.9525000000000219,0,100,,
2025-11-27T00:39:33.165133+00:00,train,2,3169,self,0.9525000000000219,0,96,,
2025-11-27T00:39:33.165266+00:00,train,2,3170,self,0.9525000000000219,0,99,,
2025-11-27T00:39:33.165397+00:00,train,2,3171,self,0.9525000000000219,0,92,,
2025-11-27T00:39:33.165529+00:00,train,2,3172,self,0.9525000000000219,0,100,,
2025-11-27T00:39:33.165663+00:00,train,2,3173,self,0.9525000000000219,0,95,,
2025-11-27T00:39:33.165794+00:00,train,2,3174,self,0.9525000000000219,0,100,,
2025-11-27T00:39:33.165924+00:00,train,2,3175,self,0.9525000000000219,0,94,,
2025-11-27T00:39:33.166055+00:00,train,2,3176,self,0.9525000000000219,0,99,,
2025-11-27T00:39:33.166186+00:00,train,2,3177,self,0.9525000000000219,0,95,,
2025-11-27T00:39:33.166317+00:00,train,2,3178,self,0.9525000000000219,0,98,,
2025-11-27T00:39:33.166447+00:00,train,2,3179,self,0.9525000000000219,0,94,,
2025-11-27T00:39:33.166578+00:00,train,2,3180,self,0.9525000000000219,0,99,,
2025-11-27T00:39:33.166708+00:00,train,2,3181,self,0.9525000000000219,0,75,,
2025-11-27T00:39:33.166838+00:00,train,2,3182,self,0.9525000000000219,0,100,,
2025-11-27T00:39:33.166969+00:00,train,2,3183,self,0.9525000000000219,0,99,,
2025-11-27T00:39:33.167099+00:00,train,2,3184,self,0.9525000000000219,0,99,,
2025-11-27T00:39:33.167227+00:00,train,2,3185,self,0.9525000000000219,0,92,,
2025-11-27T00:39:33.167356+00:00,train,2,3186,self,0.9525000000000219,0,98,,
2025-11-27T00:39:33.167486+00:00,train,2,3187,self,0.9525000000000219,0,86,,
2025-11-27T00:39:33.167617+00:00,train,2,3188,self,0.9525000000000219,0,94,,
2025-11-27T00:39:33.167747+00:00,train,2,3189,self,0.9525000000000219,0,95,,
2025-11-27T00:39:33.167876+00:00,train,2,3190,self,0.9525000000000219,0,96,,
2025-11-27T00:39:33.168006+00:00,train,2,3191,self,0.9525000000000219,0,86,,
2025-11-27T00:39:33.168136+00:00,train,2,3192,self,0.9525000000000219,0,92,,
2025-11-27T00:39:33.168266+00:00,train,2,3193,self,0.9525000000000219,0,77,,
2025-11-27T00:39:33.168395+00:00,train,2,3194,self,0.9525000000000219,0,96,,
2025-11-27T00:39:33.168585+00:00,train,2,3195,self,0.9525000000000219,0,94,,
2025-11-27T00:39:33.168746+00:00,train,2,3196,self,0.9525000000000219,0,99,,
2025-11-27T00:39:33.168894+00:00,train,2,3197,self,0.9525000000000219,0,97,,
2025-11-27T00:39:33.169034+00:00,train,2,3198,self,0.9525000000000219,0,97,,
2025-11-27T00:39:33.169172+00:00,train,2,3199,self,0.9525000000000219,0,89,,
2025-11-27T00:39:33.169307+00:00,train,2,3200,self,0.9525000000000219,0,98,,
2025-11-27T00:39:33.169441+00:00,train,2,3201,self,0.9525000000000219,0,95,,
2025-11-27T00:39:33.169574+00:00,train,2,3202,self,0.9525000000000219,0,98,,
2025-11-27T00:39:33.169707+00:00,train,2,3203,self,0.9525000000000219,0,97,,
2025-11-27T00:39:33.169845+00:00,train,2,3204,self,0.9525000000000219,0,99,,
2025-11-27T00:39:33.169978+00:00,train,2,3205,self,0.9525000000000219,0,91,,
2025-11-27T00:39:33.170110+00:00,train,2,3206,self,0.9525000000000219,0,100,,
2025-11-27T00:39:33.170242+00:00,train,2,3207,self,0.9525000000000219,0,99,,
2025-11-27T00:39:33.170374+00:00,train,2,3208,self,0.9525000000000219,0,100,,
2025-11-27T00:39:33.170506+00:00,train,2,3209,self,0.9525000000000219,0,92,,
2025-11-27T00:39:33.170638+00:00,train,2,3210,self,0.9525000000000219,0,96,,
2025-11-27T00:39:33.170769+00:00,train,2,3211,self,0.9525000000000219,0,98,,
2025-11-27T00:39:33.170901+00:00,train,2,3212,self,0.9525000000000219,0,98,,
2025-11-27T00:39:33.171031+00:00,train,2,3213,self,0.9525000000000219,0,93,,
2025-11-27T00:39:33.171162+00:00,train,2,3214,self,0.9525000000000219,0,96,,
2025-11-27T00:39:33.171293+00:00,train,2,3215,self,0.9525000000000219,0,95,,
2025-11-27T00:39:33.171423+00:00,train,2,3216,self,0.9525000000000219,0,99,,
2025-11-27T00:39:33.171554+00:00,train,2,3217,self,0.9525000000000219,0,93,,
2025-11-27T00:39:33.171684+00:00,train,2,3218,self,0.9525000000000219,0,95,,
2025-11-27T00:39:33.171815+00:00,train,2,3219,self,0.9525000000000219,0,92,,
2025-11-27T00:39:33.171946+00:00,train,2,3220,self,0.9525000000000219,0,95,,
2025-11-27T00:39:33.172081+00:00,train,2,3221,self,0.9525000000000219,0,85,,
2025-11-27T00:39:33.172219+00:00,train,2,3222,self,0.9525000000000219,0,100,,
2025-11-27T00:39:33.172352+00:00,train,2,3223,self,0.9525000000000219,0,88,,
2025-11-27T00:39:33.172483+00:00,train,2,3224,self,0.9525000000000219,0,100,,
2025-11-27T00:39:33.172618+00:00,train,2,3225,self,0.9525000000000219,0,97,,
2025-11-27T00:39:33.172750+00:00,train,2,3226,self,0.9525000000000219,0,100,,
2025-11-27T00:39:33.172881+00:00,train,2,3227,self,0.9525000000000219,0,93,,
2025-11-27T00:39:33.173012+00:00,train,2,3228,self,0.9525000000000219,0,100,,
2025-11-27T00:39:33.173146+00:00,train,2,3229,self,0.9525000000000219,0,96,,
2025-11-27T00:39:33.173279+00:00,train,2,3230,self,0.9525000000000219,0,100,,
2025-11-27T00:39:33.173425+00:00,train,2,3231,self,0.9525000000000219,0,94,,
2025-11-27T00:39:33.173557+00:00,train,2,3232,self,0.9525000000000219,0,100,,
2025-11-27T00:39:33.173688+00:00,train,2,3233,self,0.9525000000000219,0,91,,
2025-11-27T00:39:33.173819+00:00,train,2,3234,self,0.9525000000000219,0,99,,
2025-11-27T00:39:33.174039+00:00,train,2,3235,self,0.9525000000000219,0,97,,
2025-11-27T00:39:33.174205+00:00,train,2,3236,self,0.9525000000000219,0,98,,
2025-11-27T00:39:33.174356+00:00,train,2,3237,self,0.9525000000000219,0,96,,
2025-11-27T00:39:33.174502+00:00,train,2,3238,self,0.9525000000000219,0,97,,
2025-11-27T00:39:33.174643+00:00,train,2,3239,self,0.9525000000000219,0,93,,
2025-11-27T00:39:33.174784+00:00,train,2,3240,self,0.9525000000000219,0,97,,
2025-11-27T00:39:33.174925+00:00,train,2,3241,self,0.9525000000000219,0,87,,
2025-11-27T00:39:33.175065+00:00,train,2,3242,self,0.9525000000000219,0,98,,
2025-11-27T00:39:33.175203+00:00,train,2,3243,self,0.9525000000000219,0,99,,
2025-11-27T00:39:33.175341+00:00,train,2,3244,self,0.9525000000000219,0,100,,
2025-11-27T00:39:33.175479+00:00,train,2,3245,self,0.9525000000000219,0,98,,
2025-11-27T00:39:33.175615+00:00,train,2,3246,self,0.9525000000000219,0,99,,
2025-11-27T00:39:33.175753+00:00,train,2,3247,self,0.9525000000000219,0,87,,
2025-11-27T00:39:33.175890+00:00,train,2,3248,self,0.9525000000000219,0,100,,
2025-11-27T00:39:33.176027+00:00,train,2,3249,self,0.9525000000000219,0,90,,
2025-11-27T00:39:33.176164+00:00,train,2,3250,self,0.9525000000000219,0,96,,
2025-11-27T00:39:33.176301+00:00,train,2,3251,self,0.9525000000000219,0,99,,
2025-11-27T00:39:33.176440+00:00,train,2,3252,self,0.9525000000000219,0,100,,
2025-11-27T00:39:33.176578+00:00,train,2,3253,self,0.9525000000000219,0,96,,
2025-11-27T00:39:33.176716+00:00,train,2,3254,self,0.9525000000000219,0,100,,
2025-11-27T00:39:33.176866+00:00,train,2,3255,self,0.9525000000000219,0,95,,
2025-11-27T00:39:33.177000+00:00,train,2,3256,self,0.9525000000000219,0,100,,
2025-11-27T00:39:33.177134+00:00,train,2,3257,self,0.9525000000000219,0,97,,
2025-11-27T00:39:33.177269+00:00,train,2,3258,self,0.9525000000000219,0,100,,
2025-11-27T00:39:33.177402+00:00,train,2,3259,self,0.9525000000000219,0,95,,
2025-11-27T00:39:33.177537+00:00,train,2,3260,self,0.9525000000000219,0,100,,
2025-11-27T00:39:33.177672+00:00,train,2,3261,self,0.9525000000000219,0,90,,
2025-11-27T00:39:33.177806+00:00,train,2,3262,self,0.9525000000000219,0,99,,
2025-11-27T00:39:33.177939+00:00,train,2,3263,self,0.9525000000000219,0,93,,
2025-11-27T00:39:33.178073+00:00,train,2,3264,self,0.9525000000000219,0,96,,
2025-11-27T00:39:33.178206+00:00,train,2,3265,self,0.9525000000000219,0,83,,
2025-11-27T00:39:33.178341+00:00,train,2,3266,self,0.9525000000000219,0,88,,
2025-11-27T00:39:33.178475+00:00,train,2,3267,self,0.9525000000000219,0,89,,
2025-11-27T00:39:33.178608+00:00,train,2,3268,self,0.9525000000000219,0,90,,
2025-11-27T00:39:33.178742+00:00,train,2,3269,self,0.9525000000000219,0,93,,
2025-11-27T00:39:33.178875+00:00,train,2,3270,self,0.9525000000000219,0,99,,
2025-11-27T00:39:33.179008+00:00,train,2,3271,self,0.9525000000000219,0,90,,
2025-11-27T00:39:33.179142+00:00,train,2,3272,self,0.9525000000000219,0,96,,
2025-11-27T00:39:33.179276+00:00,train,2,3273,self,0.9525000000000219,0,99,,
2025-11-27T00:39:33.179408+00:00,train,2,3274,self,0.9525000000000219,0,100,,
2025-11-27T00:39:33.179541+00:00,train,2,3275,self,0.9525000000000219,0,93,,
2025-11-27T00:39:33.179677+00:00,train,2,3276,self,0.9525000000000219,0,99,,
2025-11-27T00:39:33.179813+00:00,train,2,3277,self,0.9525000000000219,0,82,,
2025-11-27T00:39:33.179945+00:00,train,2,3278,self,0.9525000000000219,0,98,,
2025-11-27T00:39:33.180078+00:00,train,2,3279,self,0.9525000000000219,0,97,,
2025-11-27T00:39:33.180211+00:00,train,2,3280,self,0.9525000000000219,0,97,,
2025-11-27T00:39:33.180344+00:00,train,2,3281,self,0.9525000000000219,0,96,,
2025-11-27T00:39:33.180477+00:00,train,2,3282,self,0.9525000000000219,0,100,,
2025-11-27T00:39:33.180613+00:00,train,2,3283,self,0.9525000000000219,0,94,,
2025-11-27T00:39:33.180747+00:00,train,2,3284,self,0.9525000000000219,0,100,,
2025-11-27T00:39:33.180881+00:00,train,2,3285,self,0.9525000000000219,0,81,,
2025-11-27T00:39:33.181014+00:00,train,2,3286,self,0.9525000000000219,0,87,,
2025-11-27T00:39:33.181146+00:00,train,2,3287,self,0.9525000000000219,0,94,,
2025-11-27T00:39:33.181281+00:00,train,2,3288,self,0.9525000000000219,0,99,,
2025-11-27T00:39:33.181414+00:00,train,2,3289,self,0.9525000000000219,0,94,,
2025-11-27T00:39:33.181549+00:00,train,2,3290,self,0.9525000000000219,0,96,,
2025-11-27T00:39:33.181683+00:00,train,2,3291,self,0.9525000000000219,0,95,,
2025-11-27T00:39:33.181816+00:00,train,2,3292,self,0.9525000000000219,0,100,,
2025-11-27T00:39:33.181949+00:00,train,2,3293,self,0.9525000000000219,0,94,,
2025-11-27T00:39:33.182084+00:00,train,2,3294,self,0.9525000000000219,0,100,,
2025-11-27T00:39:33.182219+00:00,train,2,3295,self,0.9525000000000219,0,97,,
2025-11-27T00:39:33.182357+00:00,train,2,3296,self,0.9525000000000219,0,99,,
2025-11-27T00:39:33.182490+00:00,train,2,3297,self,0.9525000000000219,0,88,,
2025-11-27T00:39:33.182623+00:00,train,2,3298,self,0.9525000000000219,0,88,,
2025-11-27T00:39:33.182757+00:00,train,2,3299,self,0.9525000000000219,0,89,,
2025-11-27T00:39:33.182900+00:00,train,2,3300,self,0.9525000000000219,0,95,,
2025-11-27T00:39:33.183032+00:00,train,2,3301,self,0.9525000000000219,0,96,,
2025-11-27T00:39:33.183164+00:00,train,2,3302,self,0.9525000000000219,0,100,,
2025-11-27T00:39:33.183296+00:00,train,2,3303,self,0.9525000000000219,0,95,,
2025-11-27T00:39:33.183427+00:00,train,2,3304,self,0.9525000000000219,0,97,,
2025-11-27T00:39:33.183604+00:00,train,2,3305,self,0.9525000000000219,0,90,,
2025-11-27T00:39:33.183761+00:00,train,2,3306,self,0.9525000000000219,0,100,,
2025-11-27T00:39:33.183895+00:00,train,2,3307,self,0.9525000000000219,0,88,,
2025-11-27T00:39:33.184021+00:00,train,2,3308,self,0.9525000000000219,0,88,,
2025-11-27T00:39:33.184193+00:00,train,2,3309,self,0.9525000000000219,0,94,,
2025-11-27T00:39:33.184336+00:00,train,2,3310,self,0.9525000000000219,0,99,,
2025-11-27T00:39:33.184468+00:00,train,2,3311,self,0.9525000000000219,0,91,,
2025-11-27T00:39:33.184597+00:00,train,2,3312,self,0.9525000000000219,0,97,,
2025-11-27T00:39:33.184723+00:00,train,2,3313,self,0.9525000000000219,0,96,,
2025-11-27T00:39:33.184920+00:00,train,2,3314,self,0.9525000000000219,0,100,,
2025-11-27T00:39:33.185063+00:00,train,2,3315,self,0.9525000000000219,0,83,,
2025-11-27T00:39:33.185199+00:00,train,2,3316,self,0.9525000000000219,0,94,,
2025-11-27T00:39:33.185329+00:00,train,2,3317,self,0.9525000000000219,0,100,,
2025-11-27T00:39:33.185457+00:00,train,2,3318,self,0.9525000000000219,0,100,,
2025-11-27T00:39:33.185582+00:00,train,2,3319,self,0.9525000000000219,0,93,,
2025-11-27T00:39:33.185706+00:00,train,2,3320,self,0.9525000000000219,0,99,,
2025-11-27T00:39:33.185843+00:00,train,2,3321,self,0.9525000000000219,0,94,,
2025-11-27T00:39:33.185962+00:00,train,2,3322,self,0.9525000000000219,0,98,,
2025-11-27T00:39:33.186081+00:00,train,2,3323,self,0.9525000000000219,0,91,,
2025-11-27T00:39:33.186200+00:00,train,2,3324,self,0.9525000000000219,0,99,,
2025-11-27T00:39:33.186321+00:00,train,2,3325,self,0.9525000000000219,0,100,,
2025-11-27T00:39:33.186444+00:00,train,2,3326,self,0.9525000000000219,0,100,,
2025-11-27T00:39:33.186566+00:00,train,2,3327,self,0.9525000000000219,0,96,,
2025-11-27T00:39:33.186685+00:00,train,2,3328,self,0.9525000000000219,0,98,,
2025-11-27T00:39:33.186817+00:00,train,2,3329,self,0.9525000000000219,0,96,,
2025-11-27T00:39:33.186934+00:00,train,2,3330,self,0.9525000000000219,0,97,,
2025-11-27T00:39:33.187050+00:00,train,2,3331,self,0.9525000000000219,0,96,,
2025-11-27T00:39:33.187165+00:00,train,2,3332,self,0.9525000000000219,0,97,,
2025-11-27T00:39:33.187280+00:00,train,2,3333,self,0.9525000000000219,0,90,,
2025-11-27T00:39:33.187395+00:00,train,2,3334,self,0.9525000000000219,0,99,,
2025-11-27T00:39:33.187510+00:00,train,2,3335,self,0.9525000000000219,0,91,,
2025-11-27T00:39:33.187625+00:00,train,2,3336,self,0.9525000000000219,0,99,,
2025-11-27T00:39:33.187740+00:00,train,2,3337,self,0.9525000000000219,0,99,,
2025-11-27T00:39:33.187866+00:00,train,2,3338,self,0.9525000000000219,0,100,,
2025-11-27T00:39:33.187979+00:00,train,2,3339,self,0.9525000000000219,0,94,,
2025-11-27T00:39:33.188104+00:00,train,2,3340,self,0.9525000000000219,0,99,,
2025-11-27T00:39:33.188217+00:00,train,2,3341,self,0.9525000000000219,0,96,,
2025-11-27T00:39:33.188330+00:00,train,2,3342,self,0.9525000000000219,0,96,,
2025-11-27T00:39:33.188443+00:00,train,2,3343,self,0.9525000000000219,0,91,,
2025-11-27T00:39:33.188556+00:00,train,2,3344,self,0.9525000000000219,0,93,,
2025-11-27T00:39:33.188668+00:00,train,2,3345,self,0.9525000000000219,0,92,,
2025-11-27T00:39:33.188780+00:00,train,2,3346,self,0.9525000000000219,0,99,,
2025-11-27T00:39:33.188903+00:00,train,2,3347,self,0.9525000000000219,0,89,,
2025-11-27T00:39:33.189012+00:00,train,2,3348,self,0.9525000000000219,0,93,,
2025-11-27T00:39:33.189121+00:00,train,2,3349,self,0.9525000000000219,0,94,,
2025-11-27T00:39:33.189231+00:00,train,2,3350,self,0.9525000000000219,0,97,,
2025-11-27T00:39:33.189339+00:00,train,2,3351,self,0.9525000000000219,0,98,,
2025-11-27T00:39:33.189449+00:00,train,2,3352,self,0.9525000000000219,0,99,,
2025-11-27T00:39:33.189560+00:00,train,2,3353,self,0.9525000000000219,0,97,,
2025-11-27T00:39:33.189714+00:00,train,2,3354,self,0.9525000000000219,0,100,,
2025-11-27T00:39:33.189823+00:00,train,2,3355,self,0.9525000000000219,0,99,,
2025-11-27T00:39:33.189932+00:00,train,2,3356,self,0.9525000000000219,0,100,,
2025-11-27T00:39:33.190042+00:00,train,2,3357,self,0.9525000000000219,0,80,,
2025-11-27T00:39:33.190151+00:00,train,2,3358,self,0.9525000000000219,0,100,,
2025-11-27T00:39:33.190261+00:00,train,2,3359,self,0.9525000000000219,0,96,,
2025-11-27T00:39:33.190369+00:00,train,2,3360,self,0.9525000000000219,0,100,,
2025-11-27T00:39:33.190479+00:00,train,2,3361,self,0.9525000000000219,0,90,,
2025-11-27T00:39:33.190589+00:00,train,2,3362,self,0.9525000000000219,0,99,,
2025-11-27T00:39:33.190699+00:00,train,2,3363,self,0.9525000000000219,0,89,,
2025-11-27T00:39:33.190809+00:00,train,2,3364,self,0.9525000000000219,0,99,,
2025-11-27T00:39:33.190916+00:00,train,2,3365,self,0.9525000000000219,0,94,,
2025-11-27T00:39:33.191029+00:00,train,2,3366,self,0.9525000000000219,0,97,,
2025-11-27T00:39:33.191138+00:00,train,2,3367,self,0.9525000000000219,0,99,,
2025-11-27T00:39:33.191244+00:00,train,2,3368,self,0.9525000000000219,0,100,,
2025-11-27T00:39:33.191357+00:00,train,2,3369,self,0.9525000000000219,0,95,,
2025-11-27T00:39:33.191466+00:00,train,2,3370,self,0.9525000000000219,0,98,,
2025-11-27T00:39:33.191580+00:00,train,2,3371,self,0.9525000000000219,0,94,,
2025-11-27T00:39:33.191690+00:00,train,2,3372,self,0.9525000000000219,0,95,,
2025-11-27T00:39:33.191800+00:00,train,2,3373,self,0.9525000000000219,0,91,,
2025-11-27T00:39:33.191909+00:00,train,2,3374,self,0.9525000000000219,0,94,,
2025-11-27T00:39:33.192018+00:00,train,2,3375,self,0.9525000000000219,0,82,,
2025-11-27T00:39:33.192128+00:00,train,2,3376,self,0.9525000000000219,0,93,,
2025-11-27T00:39:33.192238+00:00,train,2,3377,self,0.9525000000000219,0,86,,
2025-11-27T00:39:33.192394+00:00,train,2,3378,self,0.9525000000000219,0,97,,
2025-11-27T00:39:33.192506+00:00,train,2,3379,self,0.9525000000000219,0,92,,
2025-11-27T00:39:33.192616+00:00,train,2,3380,self,0.9525000000000219,0,99,,
2025-11-27T00:39:33.192725+00:00,train,2,3381,self,0.9525000000000219,0,96,,
2025-11-27T00:39:33.192834+00:00,train,2,3382,self,0.9525000000000219,0,100,,
2025-11-27T00:39:33.192946+00:00,train,2,3383,self,0.9525000000000219,0,95,,
2025-11-27T00:39:33.193055+00:00,train,2,3384,self,0.9525000000000219,0,99,,
2025-11-27T00:39:33.193164+00:00,train,2,3385,self,0.9525000000000219,0,93,,
2025-11-27T00:39:33.193273+00:00,train,2,3386,self,0.9525000000000219,0,98,,
2025-11-27T00:39:33.193383+00:00,train,2,3387,self,0.9525000000000219,0,84,,
2025-11-27T00:39:33.193492+00:00,train,2,3388,self,0.9525000000000219,0,87,,
2025-11-27T00:39:33.193603+00:00,train,2,3389,self,0.9525000000000219,0,92,,
2025-11-27T00:39:33.193714+00:00,train,2,3390,self,0.9525000000000219,0,97,,
2025-11-27T00:39:33.193824+00:00,train,2,3391,self,0.9525000000000219,0,84,,
2025-11-27T00:39:33.193933+00:00,train,2,3392,self,0.9525000000000219,0,99,,
2025-11-27T00:39:33.194043+00:00,train,2,3393,self,0.9525000000000219,0,94,,
2025-11-27T00:39:33.194159+00:00,train,2,3394,self,0.9525000000000219,0,97,,
2025-11-27T00:39:33.194268+00:00,train,2,3395,self,0.9525000000000219,0,96,,
2025-11-27T00:39:33.194379+00:00,train,2,3396,self,0.9525000000000219,0,99,,
2025-11-27T00:39:33.194488+00:00,train,2,3397,self,0.9525000000000219,0,95,,
2025-11-27T00:39:33.194597+00:00,train,2,3398,self,0.9525000000000219,0,98,,
2025-11-27T00:39:33.194706+00:00,train,2,3399,self,0.9525000000000219,0,72,,
2025-11-27T00:39:33.194816+00:00,train,2,3400,self,0.9525000000000219,0,99,,
2025-11-27T00:39:33.194925+00:00,train,2,3401,self,0.9525000000000219,0,98,,
2025-11-27T00:39:33.195034+00:00,train,2,3402,self,0.9525000000000219,0,99,,
2025-11-27T00:39:33.195146+00:00,train,2,3403,self,0.9525000000000219,0,94,,
2025-11-27T00:39:33.195256+00:00,train,2,3404,self,0.9525000000000219,0,99,,
2025-11-27T00:39:33.195365+00:00,train,2,3405,self,0.9525000000000219,0,91,,
2025-11-27T00:39:33.195476+00:00,train,2,3406,self,0.9525000000000219,0,96,,
2025-11-27T00:39:33.195600+00:00,train,2,3407,self,0.9525000000000219,0,91,,
2025-11-27T00:39:33.195712+00:00,train,2,3408,self,0.9525000000000219,0,96,,
2025-11-27T00:39:33.195824+00:00,train,2,3409,self,0.9525000000000219,0,85,,
2025-11-27T00:39:33.195936+00:00,train,2,3410,self,0.9525000000000219,0,98,,
2025-11-27T00:39:33.196048+00:00,train,2,3411,self,0.9525000000000219,0,97,,
2025-11-27T00:39:33.196161+00:00,train,2,3412,self,0.9525000000000219,0,98,,
2025-11-27T00:39:33.196273+00:00,train,2,3413,self,0.9525000000000219,0,98,,
2025-11-27T00:39:33.196386+00:00,train,2,3414,self,0.9525000000000219,0,100,,
2025-11-27T00:39:33.196498+00:00,train,2,3415,self,0.9525000000000219,0,95,,
2025-11-27T00:39:33.196611+00:00,train,2,3416,self,0.9525000000000219,0,99,,
2025-11-27T00:39:33.196723+00:00,train,2,3417,self,0.9525000000000219,0,96,,
2025-11-27T00:39:33.196837+00:00,train,2,3418,self,0.9525000000000219,0,97,,
2025-11-27T00:39:33.196950+00:00,train,2,3419,self,0.9525000000000219,0,97,,
2025-11-27T00:39:33.197062+00:00,train,2,3420,self,0.9525000000000219,0,98,,
2025-11-27T00:39:33.197174+00:00,train,2,3421,self,0.9525000000000219,0,96,,
2025-11-27T00:39:33.197287+00:00,train,2,3422,self,0.9525000000000219,0,99,,
2025-11-27T00:39:33.197399+00:00,train,2,3423,self,0.9525000000000219,0,94,,
2025-11-27T00:39:33.197511+00:00,train,2,3424,self,0.9525000000000219,0,100,,
2025-11-27T00:39:33.197624+00:00,train,2,3425,self,0.9525000000000219,0,93,,
2025-11-27T00:39:33.197736+00:00,train,2,3426,self,0.9525000000000219,0,99,,
2025-11-27T00:39:33.197849+00:00,train,2,3427,self,0.9525000000000219,0,97,,
2025-11-27T00:39:33.197961+00:00,train,2,3428,self,0.9525000000000219,0,98,,
2025-11-27T00:39:33.198073+00:00,train,2,3429,self,0.9525000000000219,0,96,,
2025-11-27T00:39:33.198185+00:00,train,2,3430,self,0.9525000000000219,0,97,,
2025-11-27T00:39:33.198297+00:00,train,2,3431,self,0.9525000000000219,0,97,,
2025-11-27T00:39:33.198410+00:00,train,2,3432,self,0.9525000000000219,0,99,,
2025-11-27T00:39:33.198522+00:00,train,2,3433,self,0.9525000000000219,0,97,,
2025-11-27T00:39:33.198635+00:00,train,2,3434,self,0.9525000000000219,0,99,,
2025-11-27T00:39:33.198749+00:00,train,2,3435,self,0.9525000000000219,0,98,,
2025-11-27T00:39:33.198862+00:00,train,2,3436,self,0.9525000000000219,0,99,,
2025-11-27T00:39:33.198974+00:00,train,2,3437,self,0.9525000000000219,0,94,,
2025-11-27T00:39:33.199086+00:00,train,2,3438,self,0.9525000000000219,0,96,,
2025-11-27T00:39:33.199198+00:00,train,2,3439,self,0.9525000000000219,0,97,,
2025-11-27T00:39:33.199311+00:00,train,2,3440,self,0.9525000000000219,0,99,,
2025-11-27T00:39:33.199424+00:00,train,2,3441,self,0.9525000000000219,0,96,,
2025-11-27T00:39:33.199536+00:00,train,2,3442,self,0.9525000000000219,0,98,,
2025-11-27T00:39:33.199648+00:00,train,2,3443,self,0.9525000000000219,0,91,,
2025-11-27T00:39:33.199761+00:00,train,2,3444,self,0.9525000000000219,0,95,,
2025-11-27T00:39:33.199873+00:00,train,2,3445,self,0.9525000000000219,0,83,,
2025-11-27T00:39:33.199985+00:00,train,2,3446,self,0.9525000000000219,0,94,,
2025-11-27T00:39:33.200097+00:00,train,2,3447,self,0.9525000000000219,0,90,,
2025-11-27T00:39:33.200209+00:00,train,2,3448,self,0.9525000000000219,0,100,,
2025-11-27T00:39:33.200321+00:00,train,2,3449,self,0.9525000000000219,0,89,,
2025-11-27T00:39:33.200434+00:00,train,2,3450,self,0.9525000000000219,0,92,,
2025-11-27T00:39:33.200546+00:00,train,2,3451,self,0.9525000000000219,0,95,,
2025-11-27T00:39:33.200658+00:00,train,2,3452,self,0.9525000000000219,0,98,,
2025-11-27T00:39:33.200771+00:00,train,2,3453,self,0.9525000000000219,0,98,,
2025-11-27T00:39:33.200883+00:00,train,2,3454,self,0.9525000000000219,0,100,,
2025-11-27T00:39:33.200995+00:00,train,2,3455,self,0.9525000000000219,0,96,,
2025-11-27T00:39:33.201107+00:00,train,2,3456,self,0.9525000000000219,0,99,,
2025-11-27T00:39:33.201219+00:00,train,2,3457,self,0.9525000000000219,0,93,,
2025-11-27T00:39:33.201331+00:00,train,2,3458,self,0.9525000000000219,0,100,,
2025-11-27T00:39:33.201443+00:00,train,2,3459,self,0.9525000000000219,0,98,,
2025-11-27T00:39:33.201554+00:00,train,2,3460,self,0.9525000000000219,0,100,,
2025-11-27T00:39:33.201667+00:00,train,2,3461,self,0.9525000000000219,0,95,,
2025-11-27T00:39:33.201779+00:00,train,2,3462,self,0.9525000000000219,0,98,,
2025-11-27T00:39:33.201891+00:00,train,2,3463,self,0.9525000000000219,0,96,,
2025-11-27T00:39:33.202003+00:00,train,2,3464,self,0.9525000000000219,0,100,,
2025-11-27T00:39:33.202115+00:00,train,2,3465,self,0.9525000000000219,0,86,,
2025-11-27T00:39:33.202227+00:00,train,2,3466,self,0.9525000000000219,0,98,,
2025-11-27T00:39:33.202340+00:00,train,2,3467,self,0.9525000000000219,0,98,,
2025-11-27T00:39:33.202454+00:00,train,2,3468,self,0.9525000000000219,0,98,,
2025-11-27T00:39:33.202570+00:00,train,2,3469,self,0.9525000000000219,0,98,,
2025-11-27T00:39:33.202683+00:00,train,2,3470,self,0.9525000000000219,0,100,,
2025-11-27T00:39:33.202795+00:00,train,2,3471,self,0.9525000000000219,0,95,,
2025-11-27T00:39:33.202908+00:00,train,2,3472,self,0.9525000000000219,0,97,,
2025-11-27T00:39:33.203021+00:00,train,2,3473,self,0.9525000000000219,0,100,,
2025-11-27T00:39:33.203134+00:00,train,2,3474,self,0.9525000000000219,0,100,,
2025-11-27T00:39:33.203247+00:00,train,2,3475,self,0.9525000000000219,0,98,,
2025-11-27T00:39:33.203359+00:00,train,2,3476,self,0.9525000000000219,0,99,,
2025-11-27T00:39:33.203472+00:00,train,2,3477,self,0.9525000000000219,0,95,,
2025-11-27T00:39:33.203587+00:00,train,2,3478,self,0.9525000000000219,0,98,,
2025-11-27T00:39:33.203700+00:00,train,2,3479,self,0.9525000000000219,0,93,,
2025-11-27T00:39:33.203813+00:00,train,2,3480,self,0.9525000000000219,0,95,,
2025-11-27T00:39:33.203924+00:00,train,2,3481,self,0.9525000000000219,0,98,,
2025-11-27T00:39:33.204036+00:00,train,2,3482,self,0.9525000000000219,0,99,,
2025-11-27T00:39:33.204153+00:00,train,2,3483,self,0.9525000000000219,0,94,,
2025-11-27T00:39:33.204266+00:00,train,2,3484,self,0.9525000000000219,0,95,,
2025-11-27T00:39:33.204378+00:00,train,2,3485,self,0.9525000000000219,0,89,,
2025-11-27T00:39:33.204493+00:00,train,2,3486,self,0.9525000000000219,0,98,,
2025-11-27T00:39:33.204608+00:00,train,2,3487,self,0.9525000000000219,0,97,,
2025-11-27T00:39:33.204720+00:00,train,2,3488,self,0.9525000000000219,0,100,,
2025-11-27T00:39:33.204833+00:00,train,2,3489,self,0.9525000000000219,0,92,,
2025-11-27T00:39:33.204945+00:00,train,2,3490,self,0.9525000000000219,0,98,,
2025-11-27T00:39:33.205057+00:00,train,2,3491,self,0.9525000000000219,0,90,,
2025-11-27T00:39:33.205169+00:00,train,2,3492,self,0.9525000000000219,0,94,,
2025-11-27T00:39:33.205281+00:00,train,2,3493,self,0.9525000000000219,0,74,,
2025-11-27T00:39:33.205394+00:00,train,2,3494,self,0.9525000000000219,0,100,,
2025-11-27T00:39:33.205507+00:00,train,2,3495,self,0.9525000000000219,0,100,,
2025-11-27T00:39:33.205620+00:00,train,2,3496,self,0.9525000000000219,0,100,,
2025-11-27T00:39:33.205733+00:00,train,2,3497,self,0.9525000000000219,0,95,,
2025-11-27T00:39:33.205846+00:00,train,2,3498,self,0.9525000000000219,0,97,,
2025-11-27T00:39:33.205958+00:00,train,2,3499,self,0.9525000000000219,0,97,,
2025-11-27T00:39:33.206070+00:00,train,2,3500,self,0.9525000000000219,0,98,,
2025-11-27T00:39:33.208938+00:00,train,2,3501,self,0.9525000000000219,0,96,,
2025-11-27T00:39:33.209059+00:00,train,2,3502,self,0.9525000000000219,0,98,,
2025-11-27T00:39:33.209177+00:00,train,2,3503,self,0.9525000000000219,0,85,,
2025-11-27T00:39:33.209293+00:00,train,2,3504,self,0.9525000000000219,0,100,,
2025-11-27T00:39:33.209407+00:00,train,2,3505,self,0.9525000000000219,0,93,,
2025-11-27T00:39:33.209520+00:00,train,2,3506,self,0.9525000000000219,0,97,,
2025-11-27T00:39:33.209634+00:00,train,2,3507,self,0.9525000000000219,0,95,,
2025-11-27T00:39:33.209747+00:00,train,2,3508,self,0.9525000000000219,0,98,,
2025-11-27T00:39:33.209860+00:00,train,2,3509,self,0.9525000000000219,0,93,,
2025-11-27T00:39:33.209972+00:00,train,2,3510,self,0.9525000000000219,0,99,,
2025-11-27T00:39:33.210087+00:00,train,2,3511,self,0.9525000000000219,0,91,,
2025-11-27T00:39:33.210199+00:00,train,2,3512,self,0.9525000000000219,0,97,,
2025-11-27T00:39:33.210312+00:00,train,2,3513,self,0.9525000000000219,0,98,,
2025-11-27T00:39:33.210424+00:00,train,2,3514,self,0.9525000000000219,0,100,,
2025-11-27T00:39:33.210537+00:00,train,2,3515,self,0.9525000000000219,0,96,,
2025-11-27T00:39:33.210648+00:00,train,2,3516,self,0.9525000000000219,0,97,,
2025-11-27T00:39:33.210793+00:00,train,2,3517,self,0.9525000000000219,0,93,,
2025-11-27T00:39:33.210909+00:00,train,2,3518,self,0.9525000000000219,0,98,,
2025-11-27T00:39:33.211041+00:00,train,2,3519,self,0.9525000000000219,0,89,,
2025-11-27T00:39:33.211157+00:00,train,2,3520,self,0.9525000000000219,0,98,,
2025-11-27T00:39:33.211290+00:00,train,2,3521,self,0.9525000000000219,0,95,,
2025-11-27T00:39:33.211406+00:00,train,2,3522,self,0.9525000000000219,0,96,,
2025-11-27T00:39:33.211538+00:00,train,2,3523,self,0.9525000000000219,0,96,,
2025-11-27T00:39:33.211655+00:00,train,2,3524,self,0.9525000000000219,0,99,,
2025-11-27T00:39:33.211834+00:00,train,2,3525,self,0.9525000000000219,0,98,,
2025-11-27T00:39:33.211968+00:00,train,2,3526,self,0.9525000000000219,0,99,,
2025-11-27T00:39:33.212104+00:00,train,2,3527,self,0.9525000000000219,0,94,,
2025-11-27T00:39:33.212228+00:00,train,2,3528,self,0.9525000000000219,0,99,,
2025-11-27T00:39:33.212347+00:00,train,2,3529,self,0.9525000000000219,0,98,,
2025-11-27T00:39:33.212561+00:00,train,2,3530,self,0.9525000000000219,0,99,,
2025-11-27T00:39:33.212702+00:00,train,2,3531,self,0.9525000000000219,0,94,,
2025-11-27T00:39:33.212897+00:00,train,2,3532,self,0.9525000000000219,0,95,,
2025-11-27T00:39:33.213035+00:00,train,2,3533,self,0.9525000000000219,0,96,,
2025-11-27T00:39:33.213209+00:00,train,2,3534,self,0.9525000000000219,0,100,,
2025-11-27T00:39:33.213353+00:00,train,2,3535,self,0.9525000000000219,0,94,,
2025-11-27T00:39:33.213485+00:00,train,2,3536,self,0.9525000000000219,0,94,,
2025-11-27T00:39:33.213616+00:00,train,2,3537,self,0.9525000000000219,0,94,,
2025-11-27T00:39:33.213743+00:00,train,2,3538,self,0.9525000000000219,0,99,,
2025-11-27T00:39:33.213888+00:00,train,2,3539,self,0.9525000000000219,0,87,,
2025-11-27T00:39:33.214021+00:00,train,2,3540,self,0.9525000000000219,0,98,,
2025-11-27T00:39:33.214194+00:00,train,2,3541,self,0.9525000000000219,0,96,,
2025-11-27T00:39:33.214334+00:00,train,2,3542,self,0.9525000000000219,0,98,,
2025-11-27T00:39:33.214464+00:00,train,2,3543,self,0.9525000000000219,0,91,,
2025-11-27T00:39:33.214589+00:00,train,2,3544,self,0.9525000000000219,0,99,,
2025-11-27T00:39:33.214774+00:00,train,2,3545,self,0.9525000000000219,0,96,,
2025-11-27T00:39:33.214937+00:00,train,2,3546,self,0.9525000000000219,0,98,,
2025-11-27T00:39:33.215078+00:00,train,2,3547,self,0.9525000000000219,0,98,,
2025-11-27T00:39:33.215214+00:00,train,2,3548,self,0.9525000000000219,0,100,,
2025-11-27T00:39:33.215348+00:00,train,2,3549,self,0.9525000000000219,0,94,,
2025-11-27T00:39:33.215481+00:00,train,2,3550,self,0.9525000000000219,0,97,,
2025-11-27T00:39:33.215612+00:00,train,2,3551,self,0.9525000000000219,0,87,,
2025-11-27T00:39:33.215742+00:00,train,2,3552,self,0.9525000000000219,0,89,,
2025-11-27T00:39:33.215889+00:00,train,2,3553,self,0.9525000000000219,0,94,,
2025-11-27T00:39:33.216023+00:00,train,2,3554,self,0.9525000000000219,0,100,,
2025-11-27T00:39:33.216157+00:00,train,2,3555,self,0.9525000000000219,0,95,,
2025-11-27T00:39:33.216292+00:00,train,2,3556,self,0.9525000000000219,0,96,,
2025-11-27T00:39:33.216425+00:00,train,2,3557,self,0.9525000000000219,0,86,,
2025-11-27T00:39:33.216558+00:00,train,2,3558,self,0.9525000000000219,0,100,,
2025-11-27T00:39:33.216692+00:00,train,2,3559,self,0.9525000000000219,0,92,,
2025-11-27T00:39:33.216826+00:00,train,2,3560,self,0.9525000000000219,0,100,,
2025-11-27T00:39:33.216960+00:00,train,2,3561,self,0.9525000000000219,0,93,,
2025-11-27T00:39:33.217094+00:00,train,2,3562,self,0.9525000000000219,0,98,,
2025-11-27T00:39:33.217226+00:00,train,2,3563,self,0.9525000000000219,0,98,,
2025-11-27T00:39:33.217359+00:00,train,2,3564,self,0.9525000000000219,0,100,,
2025-11-27T00:39:33.217493+00:00,train,2,3565,self,0.9525000000000219,0,87,,
2025-11-27T00:39:33.217626+00:00,train,2,3566,self,0.9525000000000219,0,98,,
2025-11-27T00:39:33.217758+00:00,train,2,3567,self,0.9525000000000219,0,100,,
2025-11-27T00:39:33.217891+00:00,train,2,3568,self,0.9525000000000219,0,100,,
2025-11-27T00:39:33.218024+00:00,train,2,3569,self,0.9525000000000219,0,99,,
2025-11-27T00:39:33.218157+00:00,train,2,3570,self,0.9525000000000219,0,100,,
2025-11-27T00:39:33.218292+00:00,train,2,3571,self,0.9525000000000219,0,99,,
2025-11-27T00:39:33.218424+00:00,train,2,3572,self,0.9525000000000219,0,100,,
2025-11-27T00:39:33.218557+00:00,train,2,3573,self,0.9525000000000219,0,100,,
2025-11-27T00:39:33.218690+00:00,train,2,3574,self,0.9525000000000219,0,100,,
2025-11-27T00:39:33.218823+00:00,train,2,3575,self,0.9525000000000219,0,99,,
2025-11-27T00:39:33.218955+00:00,train,2,3576,self,0.9525000000000219,0,99,,
2025-11-27T00:39:33.219089+00:00,train,2,3577,self,0.9525000000000219,0,96,,
2025-11-27T00:39:33.219222+00:00,train,2,3578,self,0.9525000000000219,0,100,,
2025-11-27T00:39:33.219354+00:00,train,2,3579,self,0.9525000000000219,0,96,,
2025-11-27T00:39:33.219487+00:00,train,2,3580,self,0.9525000000000219,0,98,,
2025-11-27T00:39:33.219619+00:00,train,2,3581,self,0.9525000000000219,0,95,,
2025-11-27T00:39:33.219751+00:00,train,2,3582,self,0.9525000000000219,0,96,,
2025-11-27T00:39:33.219884+00:00,train,2,3583,self,0.9525000000000219,0,80,,
2025-11-27T00:39:33.220016+00:00,train,2,3584,self,0.9525000000000219,0,88,,
2025-11-27T00:39:33.220150+00:00,train,2,3585,self,0.9525000000000219,0,93,,
2025-11-27T00:39:33.220283+00:00,train,2,3586,self,0.9525000000000219,0,100,,
2025-11-27T00:39:33.220415+00:00,train,2,3587,self,0.9525000000000219,0,100,,
2025-11-27T00:39:33.220549+00:00,train,2,3588,self,0.9525000000000219,0,100,,
2025-11-27T00:39:33.220682+00:00,train,2,3589,self,0.9525000000000219,0,87,,
2025-11-27T00:39:33.220814+00:00,train,2,3590,self,0.9525000000000219,0,99,,
2025-11-27T00:39:33.220946+00:00,train,2,3591,self,0.9525000000000219,0,95,,
2025-11-27T00:39:33.221093+00:00,train,2,3592,self,0.9525000000000219,0,100,,
2025-11-27T00:39:33.221227+00:00,train,2,3593,self,0.9525000000000219,0,100,,
2025-11-27T00:39:33.221359+00:00,train,2,3594,self,0.9525000000000219,0,100,,
2025-11-27T00:39:33.221491+00:00,train,2,3595,self,0.9525000000000219,0,92,,
2025-11-27T00:39:33.221670+00:00,train,2,3596,self,0.9525000000000219,0,95,,
2025-11-27T00:39:33.221817+00:00,train,2,3597,self,0.9525000000000219,0,87,,
2025-11-27T00:39:33.221954+00:00,train,2,3598,self,0.9525000000000219,0,100,,
2025-11-27T00:39:33.222087+00:00,train,2,3599,self,0.9525000000000219,0,97,,
2025-11-27T00:39:33.222219+00:00,train,2,3600,self,0.9525000000000219,0,99,,
2025-11-27T00:39:33.222348+00:00,train,2,3601,self,0.9525000000000219,0,96,,
2025-11-27T00:39:33.222541+00:00,train,2,3602,self,0.9525000000000219,0,99,,
2025-11-27T00:39:33.222688+00:00,train,2,3603,self,0.9525000000000219,0,92,,
2025-11-27T00:39:33.222824+00:00,train,2,3604,self,0.9525000000000219,0,93,,
2025-11-27T00:39:33.223029+00:00,train,2,3605,self,0.9525000000000219,0,83,,
2025-11-27T00:39:33.223187+00:00,train,2,3606,self,0.9525000000000219,0,96,,
2025-11-27T00:39:33.223333+00:00,train,2,3607,self,0.9525000000000219,0,92,,
2025-11-27T00:39:33.223475+00:00,train,2,3608,self,0.9525000000000219,0,96,,
2025-11-27T00:39:33.223614+00:00,train,2,3609,self,0.9525000000000219,0,92,,
2025-11-27T00:39:33.223751+00:00,train,2,3610,self,0.9525000000000219,0,97,,
2025-11-27T00:39:33.223889+00:00,train,2,3611,self,0.9525000000000219,0,96,,
2025-11-27T00:39:33.224088+00:00,train,2,3612,self,0.9525000000000219,0,99,,
2025-11-27T00:39:33.224241+00:00,train,2,3613,self,0.9525000000000219,0,91,,
2025-11-27T00:39:33.224384+00:00,train,2,3614,self,0.9525000000000219,0,97,,
2025-11-27T00:39:33.224522+00:00,train,2,3615,self,0.9525000000000219,0,90,,
2025-11-27T00:39:33.224657+00:00,train,2,3616,self,0.9525000000000219,0,100,,
2025-11-27T00:39:33.224790+00:00,train,2,3617,self,0.9525000000000219,0,70,,
2025-11-27T00:39:33.224922+00:00,train,2,3618,self,0.9525000000000219,0,99,,
2025-11-27T00:39:33.225053+00:00,train,2,3619,self,0.9525000000000219,0,92,,
2025-11-27T00:39:33.225183+00:00,train,2,3620,self,0.9525000000000219,0,95,,
2025-11-27T00:39:33.225313+00:00,train,2,3621,self,0.9525000000000219,0,89,,
2025-11-27T00:39:33.225441+00:00,train,2,3622,self,0.9525000000000219,0,97,,
2025-11-27T00:39:33.225571+00:00,train,2,3623,self,0.9525000000000219,0,87,,
2025-11-27T00:39:33.225699+00:00,train,2,3624,self,0.9525000000000219,0,94,,
2025-11-27T00:39:33.225828+00:00,train,2,3625,self,0.9525000000000219,0,89,,
2025-11-27T00:39:33.225957+00:00,train,2,3626,self,0.9525000000000219,0,98,,
2025-11-27T00:39:33.226087+00:00,train,2,3627,self,0.9525000000000219,0,99,,
2025-11-27T00:39:33.226216+00:00,train,2,3628,self,0.9525000000000219,0,100,,
2025-11-27T00:39:33.226345+00:00,train,2,3629,self,0.9525000000000219,0,97,,
2025-11-27T00:39:33.226475+00:00,train,2,3630,self,0.9525000000000219,0,97,,
2025-11-27T00:39:33.226604+00:00,train,2,3631,self,0.9525000000000219,0,99,,
2025-11-27T00:39:33.226733+00:00,train,2,3632,self,0.9525000000000219,0,99,,
2025-11-27T00:39:33.226861+00:00,train,2,3633,self,0.9525000000000219,0,92,,
2025-11-27T00:39:33.226990+00:00,train,2,3634,self,0.9525000000000219,0,99,,
2025-11-27T00:39:33.227118+00:00,train,2,3635,self,0.9525000000000219,0,97,,
2025-11-27T00:39:33.227247+00:00,train,2,3636,self,0.9525000000000219,0,99,,
2025-11-27T00:39:33.227375+00:00,train,2,3637,self,0.9525000000000219,0,94,,
2025-11-27T00:39:33.227503+00:00,train,2,3638,self,0.9525000000000219,0,100,,
2025-11-27T00:39:33.227632+00:00,train,2,3639,self,0.9525000000000219,0,96,,
2025-11-27T00:39:33.227760+00:00,train,2,3640,self,0.9525000000000219,0,100,,
2025-11-27T00:39:33.227889+00:00,train,2,3641,self,0.9525000000000219,0,93,,
2025-11-27T00:39:33.228017+00:00,train,2,3642,self,0.9525000000000219,0,100,,
2025-11-27T00:39:33.228146+00:00,train,2,3643,self,0.9525000000000219,0,93,,
2025-11-27T00:39:33.228277+00:00,train,2,3644,self,0.9525000000000219,0,94,,
2025-11-27T00:39:33.228405+00:00,train,2,3645,self,0.9525000000000219,0,97,,
2025-11-27T00:39:33.228534+00:00,train,2,3646,self,0.9525000000000219,0,98,,
2025-11-27T00:39:33.228662+00:00,train,2,3647,self,0.9525000000000219,0,93,,
2025-11-27T00:39:33.228805+00:00,train,2,3648,self,0.9525000000000219,0,100,,
2025-11-27T00:39:33.228931+00:00,train,2,3649,self,0.9525000000000219,0,99,,
2025-11-27T00:39:33.229056+00:00,train,2,3650,self,0.9525000000000219,0,99,,
2025-11-27T00:39:33.229182+00:00,train,2,3651,self,0.9525000000000219,0,97,,
2025-11-27T00:39:33.229308+00:00,train,2,3652,self,0.9525000000000219,0,100,,
2025-11-27T00:39:33.229433+00:00,train,2,3653,self,0.9525000000000219,0,95,,
2025-11-27T00:39:33.229559+00:00,train,2,3654,self,0.9525000000000219,0,98,,
2025-11-27T00:39:33.229683+00:00,train,2,3655,self,0.9525000000000219,0,98,,
2025-11-27T00:39:33.229820+00:00,train,2,3656,self,0.9525000000000219,0,99,,
2025-11-27T00:39:33.229942+00:00,train,2,3657,self,0.9525000000000219,0,96,,
2025-11-27T00:39:33.230064+00:00,train,2,3658,self,0.9525000000000219,0,96,,
2025-11-27T00:39:33.230186+00:00,train,2,3659,self,0.9525000000000219,0,96,,
2025-11-27T00:39:33.230308+00:00,train,2,3660,self,0.9525000000000219,0,97,,
2025-11-27T00:39:33.230430+00:00,train,2,3661,self,0.9525000000000219,0,99,,
2025-11-27T00:39:33.230552+00:00,train,2,3662,self,0.9525000000000219,0,100,,
2025-11-27T00:39:33.230673+00:00,train,2,3663,self,0.9525000000000219,0,87,,
2025-11-27T00:39:33.230795+00:00,train,2,3664,self,0.9525000000000219,0,97,,
2025-11-27T00:39:33.230927+00:00,train,2,3665,self,0.9525000000000219,0,96,,
2025-11-27T00:39:33.231045+00:00,train,2,3666,self,0.9525000000000219,0,96,,
2025-11-27T00:39:33.231163+00:00,train,2,3667,self,0.9525000000000219,0,88,,
2025-11-27T00:39:33.231282+00:00,train,2,3668,self,0.9525000000000219,0,94,,
2025-11-27T00:39:33.231400+00:00,train,2,3669,self,0.9525000000000219,0,99,,
2025-11-27T00:39:33.231519+00:00,train,2,3670,self,0.9525000000000219,0,100,,
2025-11-27T00:39:33.231636+00:00,train,2,3671,self,0.9525000000000219,0,95,,
2025-11-27T00:39:33.231754+00:00,train,2,3672,self,0.9525000000000219,0,98,,
2025-11-27T00:39:33.231884+00:00,train,2,3673,self,0.9525000000000219,0,90,,
2025-11-27T00:39:33.231999+00:00,train,2,3674,self,0.9525000000000219,0,96,,
2025-11-27T00:39:33.232113+00:00,train,2,3675,self,0.9525000000000219,0,94,,
2025-11-27T00:39:33.232228+00:00,train,2,3676,self,0.9525000000000219,0,99,,
2025-11-27T00:39:33.232343+00:00,train,2,3677,self,0.9525000000000219,0,100,,
2025-11-27T00:39:33.232458+00:00,train,2,3678,self,0.9525000000000219,0,100,,
2025-11-27T00:39:33.232573+00:00,train,2,3679,self,0.9525000000000219,0,98,,
2025-11-27T00:39:33.232688+00:00,train,2,3680,self,0.9525000000000219,0,99,,
2025-11-27T00:39:33.232815+00:00,train,2,3681,self,0.9525000000000219,0,87,,
2025-11-27T00:39:33.232928+00:00,train,2,3682,self,0.9525000000000219,0,98,,
2025-11-27T00:39:33.233040+00:00,train,2,3683,self,0.9525000000000219,0,97,,
2025-11-27T00:39:33.233209+00:00,train,2,3684,self,0.9525000000000219,0,100,,
2025-11-27T00:39:33.233361+00:00,train,2,3685,self,0.9525000000000219,0,96,,
2025-11-27T00:39:33.233517+00:00,train,2,3686,self,0.9525000000000219,0,98,,
2025-11-27T00:39:33.233647+00:00,train,2,3687,self,0.9525000000000219,0,90,,
2025-11-27T00:39:33.233781+00:00,train,2,3688,self,0.9525000000000219,0,98,,
2025-11-27T00:39:33.233916+00:00,train,2,3689,self,0.9525000000000219,0,97,,
2025-11-27T00:39:33.234033+00:00,train,2,3690,self,0.9525000000000219,0,100,,
2025-11-27T00:39:33.234150+00:00,train,2,3691,self,0.9525000000000219,0,94,,
2025-11-27T00:39:33.234285+00:00,train,2,3692,self,0.9525000000000219,0,100,,
2025-11-27T00:39:33.234401+00:00,train,2,3693,self,0.9525000000000219,0,94,,
2025-11-27T00:39:33.234533+00:00,train,2,3694,self,0.9525000000000219,0,97,,
2025-11-27T00:39:33.234649+00:00,train,2,3695,self,0.9525000000000219,0,87,,
2025-11-27T00:39:33.234779+00:00,train,2,3696,self,0.9525000000000219,0,94,,
2025-11-27T00:39:33.234896+00:00,train,2,3697,self,0.9525000000000219,0,96,,
2025-11-27T00:39:33.235071+00:00,train,2,3698,self,0.9525000000000219,0,100,,
2025-11-27T00:39:33.235199+00:00,train,2,3699,self,0.9525000000000219,0,91,,
2025-11-27T00:39:33.235317+00:00,train,2,3700,self,0.9525000000000219,0,99,,
2025-11-27T00:39:33.235433+00:00,train,2,3701,self,0.9525000000000219,0,95,,
2025-11-27T00:39:33.235549+00:00,train,2,3702,self,0.9525000000000219,0,95,,
2025-11-27T00:39:33.235660+00:00,train,2,3703,self,0.9525000000000219,0,97,,
2025-11-27T00:39:33.235769+00:00,train,2,3704,self,0.9525000000000219,0,97,,
2025-11-27T00:39:33.235878+00:00,train,2,3705,self,0.9525000000000219,0,94,,
2025-11-27T00:39:33.235986+00:00,train,2,3706,self,0.9525000000000219,0,99,,
2025-11-27T00:39:33.236095+00:00,train,2,3707,self,0.9525000000000219,0,82,,
2025-11-27T00:39:33.236202+00:00,train,2,3708,self,0.9525000000000219,0,98,,
2025-11-27T00:39:33.236310+00:00,train,2,3709,self,0.9525000000000219,0,95,,
2025-11-27T00:39:33.236418+00:00,train,2,3710,self,0.9525000000000219,0,99,,
2025-11-27T00:39:33.236527+00:00,train,2,3711,self,0.9525000000000219,0,99,,
2025-11-27T00:39:33.236634+00:00,train,2,3712,self,0.9525000000000219,0,100,,
2025-11-27T00:39:33.236742+00:00,train,2,3713,self,0.9525000000000219,0,99,,
2025-11-27T00:39:33.236850+00:00,train,2,3714,self,0.9525000000000219,0,99,,
2025-11-27T00:39:33.236956+00:00,train,2,3715,self,0.9525000000000219,0,87,,
2025-11-27T00:39:33.237063+00:00,train,2,3716,self,0.9525000000000219,0,98,,
2025-11-27T00:39:33.237170+00:00,train,2,3717,self,0.9525000000000219,0,92,,
2025-11-27T00:39:33.237277+00:00,train,2,3718,self,0.9525000000000219,0,92,,
2025-11-27T00:39:33.237384+00:00,train,2,3719,self,0.9525000000000219,0,95,,
2025-11-27T00:39:33.237492+00:00,train,2,3720,self,0.9525000000000219,0,99,,
2025-11-27T00:39:33.237599+00:00,train,2,3721,self,0.9525000000000219,0,90,,
2025-11-27T00:39:33.237706+00:00,train,2,3722,self,0.9525000000000219,0,92,,
2025-11-27T00:39:33.237813+00:00,train,2,3723,self,0.9525000000000219,0,90,,
2025-11-27T00:39:33.237920+00:00,train,2,3724,self,0.9525000000000219,0,97,,
2025-11-27T00:39:33.238027+00:00,train,2,3725,self,0.9525000000000219,0,99,,
2025-11-27T00:39:33.238135+00:00,train,2,3726,self,0.9525000000000219,0,100,,
2025-11-27T00:39:33.238243+00:00,train,2,3727,self,0.9525000000000219,0,97,,
2025-11-27T00:39:33.238350+00:00,train,2,3728,self,0.9525000000000219,0,97,,
2025-11-27T00:39:33.238456+00:00,train,2,3729,self,0.9525000000000219,0,98,,
2025-11-27T00:39:33.238563+00:00,train,2,3730,self,0.9525000000000219,0,100,,
2025-11-27T00:39:33.238670+00:00,train,2,3731,self,0.9525000000000219,0,93,,
2025-11-27T00:39:33.238777+00:00,train,2,3732,self,0.9525000000000219,0,97,,
2025-11-27T00:39:33.238884+00:00,train,2,3733,self,0.9525000000000219,0,94,,
2025-11-27T00:39:33.238991+00:00,train,2,3734,self,0.9525000000000219,0,95,,
2025-11-27T00:39:33.239098+00:00,train,2,3735,self,0.9525000000000219,0,89,,
2025-11-27T00:39:33.239205+00:00,train,2,3736,self,0.9525000000000219,0,99,,
2025-11-27T00:39:33.239312+00:00,train,2,3737,self,0.9525000000000219,0,96,,
2025-11-27T00:39:33.239419+00:00,train,2,3738,self,0.9525000000000219,0,99,,
2025-11-27T00:39:33.239525+00:00,train,2,3739,self,0.9525000000000219,0,94,,
2025-11-27T00:39:33.239632+00:00,train,2,3740,self,0.9525000000000219,0,99,,
2025-11-27T00:39:33.239738+00:00,train,2,3741,self,0.9525000000000219,0,81,,
2025-11-27T00:39:33.239910+00:00,train,2,3742,self,0.9525000000000219,0,95,,
2025-11-27T00:39:33.240035+00:00,train,2,3743,self,0.9525000000000219,0,80,,
2025-11-27T00:39:33.240151+00:00,train,2,3744,self,0.9525000000000219,0,96,,
2025-11-27T00:39:33.240265+00:00,train,2,3745,self,0.9525000000000219,0,96,,
2025-11-27T00:39:33.240377+00:00,train,2,3746,self,0.9525000000000219,0,99,,
2025-11-27T00:39:33.240487+00:00,train,2,3747,self,0.9525000000000219,0,97,,
2025-11-27T00:39:33.240597+00:00,train,2,3748,self,0.9525000000000219,0,100,,
2025-11-27T00:39:33.240708+00:00,train,2,3749,self,0.9525000000000219,0,96,,
2025-11-27T00:39:33.240816+00:00,train,2,3750,self,0.9525000000000219,0,99,,
2025-11-27T00:39:33.240924+00:00,train,2,3751,self,0.9525000000000219,0,81,,
2025-11-27T00:39:33.241032+00:00,train,2,3752,self,0.9525000000000219,0,100,,
2025-11-27T00:39:33.241138+00:00,train,2,3753,self,0.9525000000000219,0,95,,
2025-11-27T00:39:33.241246+00:00,train,2,3754,self,0.9525000000000219,0,99,,
2025-11-27T00:39:33.241352+00:00,train,2,3755,self,0.9525000000000219,0,93,,
2025-11-27T00:39:33.241459+00:00,train,2,3756,self,0.9525000000000219,0,97,,
2025-11-27T00:39:33.241566+00:00,train,2,3757,self,0.9525000000000219,0,94,,
2025-11-27T00:39:33.241673+00:00,train,2,3758,self,0.9525000000000219,0,95,,
2025-11-27T00:39:33.241779+00:00,train,2,3759,self,0.9525000000000219,0,93,,
2025-11-27T00:39:33.241886+00:00,train,2,3760,self,0.9525000000000219,0,100,,
2025-11-27T00:39:33.241992+00:00,train,2,3761,self,0.9525000000000219,0,97,,
2025-11-27T00:39:33.242102+00:00,train,2,3762,self,0.9525000000000219,0,100,,
2025-11-27T00:39:33.242209+00:00,train,2,3763,self,0.9525000000000219,0,95,,
2025-11-27T00:39:33.242315+00:00,train,2,3764,self,0.9525000000000219,0,99,,
2025-11-27T00:39:33.242421+00:00,train,2,3765,self,0.9525000000000219,0,96,,
2025-11-27T00:39:33.242528+00:00,train,2,3766,self,0.9525000000000219,0,98,,
2025-11-27T00:39:33.242634+00:00,train,2,3767,self,0.9525000000000219,0,96,,
2025-11-27T00:39:33.242740+00:00,train,2,3768,self,0.9525000000000219,0,98,,
2025-11-27T00:39:33.242846+00:00,train,2,3769,self,0.9525000000000219,0,82,,
2025-11-27T00:39:33.242953+00:00,train,2,3770,self,0.9525000000000219,0,88,,
2025-11-27T00:39:33.243059+00:00,train,2,3771,self,0.9525000000000219,0,97,,
2025-11-27T00:39:33.243166+00:00,train,2,3772,self,0.9525000000000219,0,100,,
2025-11-27T00:39:33.243273+00:00,train,2,3773,self,0.9525000000000219,0,98,,
2025-11-27T00:39:33.243378+00:00,train,2,3774,self,0.9525000000000219,0,100,,
2025-11-27T00:39:33.243489+00:00,train,2,3775,self,0.9525000000000219,0,95,,
2025-11-27T00:39:33.243597+00:00,train,2,3776,self,0.9525000000000219,0,98,,
2025-11-27T00:39:33.243702+00:00,train,2,3777,self,0.9525000000000219,0,94,,
2025-11-27T00:39:33.243809+00:00,train,2,3778,self,0.9525000000000219,0,99,,
2025-11-27T00:39:33.243914+00:00,train,2,3779,self,0.9525000000000219,0,93,,
2025-11-27T00:39:33.244021+00:00,train,2,3780,self,0.9525000000000219,0,100,,
2025-11-27T00:39:33.244127+00:00,train,2,3781,self,0.9525000000000219,0,94,,
2025-11-27T00:39:33.244233+00:00,train,2,3782,self,0.9525000000000219,0,98,,
2025-11-27T00:39:33.244339+00:00,train,2,3783,self,0.9525000000000219,0,90,,
2025-11-27T00:39:33.244445+00:00,train,2,3784,self,0.9525000000000219,0,99,,
2025-11-27T00:39:33.244553+00:00,train,2,3785,self,0.9525000000000219,0,94,,
2025-11-27T00:39:33.244660+00:00,train,2,3786,self,0.9525000000000219,0,96,,
2025-11-27T00:39:33.244767+00:00,train,2,3787,self,0.9525000000000219,0,94,,
2025-11-27T00:39:33.244874+00:00,train,2,3788,self,0.9525000000000219,0,96,,
2025-11-27T00:39:33.244983+00:00,train,2,3789,self,0.9525000000000219,0,95,,
2025-11-27T00:39:33.245090+00:00,train,2,3790,self,0.9525000000000219,0,96,,
2025-11-27T00:39:33.245196+00:00,train,2,3791,self,0.9525000000000219,0,96,,
2025-11-27T00:39:33.245303+00:00,train,2,3792,self,0.9525000000000219,0,99,,
2025-11-27T00:39:33.245409+00:00,train,2,3793,self,0.9525000000000219,0,98,,
2025-11-27T00:39:33.245515+00:00,train,2,3794,self,0.9525000000000219,0,98,,
2025-11-27T00:39:33.245620+00:00,train,2,3795,self,0.9525000000000219,0,91,,
2025-11-27T00:39:33.245726+00:00,train,2,3796,self,0.9525000000000219,0,100,,
2025-11-27T00:39:33.245832+00:00,train,2,3797,self,0.9525000000000219,0,87,,
2025-11-27T00:39:33.245939+00:00,train,2,3798,self,0.9525000000000219,0,99,,
2025-11-27T00:39:33.246044+00:00,train,2,3799,self,0.9525000000000219,0,92,,
2025-11-27T00:39:33.246151+00:00,train,2,3800,self,0.9525000000000219,0,96,,
2025-11-27T00:39:33.246258+00:00,train,2,3801,self,0.9525000000000219,0,94,,
2025-11-27T00:39:33.246426+00:00,train,2,3802,self,0.9525000000000219,0,100,,
2025-11-27T00:39:33.246534+00:00,train,2,3803,self,0.9525000000000219,0,94,,
2025-11-27T00:39:33.246704+00:00,train,2,3804,self,0.9525000000000219,0,99,,
2025-11-27T00:39:33.246829+00:00,train,2,3805,self,0.9525000000000219,0,96,,
2025-11-27T00:39:33.246949+00:00,train,2,3806,self,0.9525000000000219,0,100,,
2025-11-27T00:39:33.247089+00:00,train,2,3807,self,0.9525000000000219,0,93,,
2025-11-27T00:39:33.247207+00:00,train,2,3808,self,0.9525000000000219,0,96,,
2025-11-27T00:39:33.247339+00:00,train,2,3809,self,0.9525000000000219,0,96,,
2025-11-27T00:39:33.247455+00:00,train,2,3810,self,0.9525000000000219,0,98,,
2025-11-27T00:39:33.247586+00:00,train,2,3811,self,0.9525000000000219,0,85,,
2025-11-27T00:39:33.247702+00:00,train,2,3812,self,0.9525000000000219,0,100,,
2025-11-27T00:39:33.247832+00:00,train,2,3813,self,0.9525000000000219,0,97,,
2025-11-27T00:39:33.247947+00:00,train,2,3814,self,0.9525000000000219,0,99,,
2025-11-27T00:39:33.248111+00:00,train,2,3815,self,0.9525000000000219,0,79,,
2025-11-27T00:39:33.248240+00:00,train,2,3816,self,0.9525000000000219,0,100,,
2025-11-27T00:39:33.248358+00:00,train,2,3817,self,0.9525000000000219,0,90,,
2025-11-27T00:39:33.248472+00:00,train,2,3818,self,0.9525000000000219,0,95,,
2025-11-27T00:39:33.248584+00:00,train,2,3819,self,0.9525000000000219,0,95,,
2025-11-27T00:39:33.248695+00:00,train,2,3820,self,0.9525000000000219,0,98,,
2025-11-27T00:39:33.248805+00:00,train,2,3821,self,0.9525000000000219,0,84,,
2025-11-27T00:39:33.248915+00:00,train,2,3822,self,0.9525000000000219,0,95,,
2025-11-27T00:39:33.249028+00:00,train,2,3823,self,0.9525000000000219,0,89,,
2025-11-27T00:39:33.249138+00:00,train,2,3824,self,0.9525000000000219,0,90,,
2025-11-27T00:39:33.249246+00:00,train,2,3825,self,0.9525000000000219,0,95,,
2025-11-27T00:39:33.249355+00:00,train,2,3826,self,0.9525000000000219,0,100,,
2025-11-27T00:39:33.249462+00:00,train,2,3827,self,0.9525000000000219,0,93,,
2025-11-27T00:39:33.249570+00:00,train,2,3828,self,0.9525000000000219,0,100,,
2025-11-27T00:39:33.249677+00:00,train,2,3829,self,0.9525000000000219,0,97,,
2025-11-27T00:39:33.249785+00:00,train,2,3830,self,0.9525000000000219,0,100,,
2025-11-27T00:39:33.249892+00:00,train,2,3831,self,0.9525000000000219,0,93,,
2025-11-27T00:39:33.250000+00:00,train,2,3832,self,0.9525000000000219,0,98,,
2025-11-27T00:39:33.250108+00:00,train,2,3833,self,0.9525000000000219,0,97,,
2025-11-27T00:39:33.250215+00:00,train,2,3834,self,0.9525000000000219,0,97,,
2025-11-27T00:39:33.250322+00:00,train,2,3835,self,0.9525000000000219,0,93,,
2025-11-27T00:39:33.250429+00:00,train,2,3836,self,0.9525000000000219,0,98,,
2025-11-27T00:39:33.250537+00:00,train,2,3837,self,0.9525000000000219,0,87,,
2025-11-27T00:39:33.250644+00:00,train,2,3838,self,0.9525000000000219,0,96,,
2025-11-27T00:39:33.250750+00:00,train,2,3839,self,0.9525000000000219,0,98,,
2025-11-27T00:39:33.250858+00:00,train,2,3840,self,0.9525000000000219,0,99,,
2025-11-27T00:39:33.250966+00:00,train,2,3841,self,0.9525000000000219,0,92,,
2025-11-27T00:39:33.251073+00:00,train,2,3842,self,0.9525000000000219,0,100,,
2025-11-27T00:39:33.251180+00:00,train,2,3843,self,0.9525000000000219,0,87,,
2025-11-27T00:39:33.251288+00:00,train,2,3844,self,0.9525000000000219,0,98,,
2025-11-27T00:39:33.251395+00:00,train,2,3845,self,0.9525000000000219,0,99,,
2025-11-27T00:39:33.251501+00:00,train,2,3846,self,0.9525000000000219,0,99,,
2025-11-27T00:39:33.251609+00:00,train,2,3847,self,0.9525000000000219,0,97,,
2025-11-27T00:39:33.251716+00:00,train,2,3848,self,0.9525000000000219,0,99,,
2025-11-27T00:39:33.251823+00:00,train,2,3849,self,0.9525000000000219,0,96,,
2025-11-27T00:39:33.251930+00:00,train,2,3850,self,0.9525000000000219,0,98,,
2025-11-27T00:39:33.252039+00:00,train,2,3851,self,0.9525000000000219,0,100,,
2025-11-27T00:39:33.252146+00:00,train,2,3852,self,0.9525000000000219,0,100,,
2025-11-27T00:39:33.252254+00:00,train,2,3853,self,0.9525000000000219,0,93,,
2025-11-27T00:39:33.252363+00:00,train,2,3854,self,0.9525000000000219,0,100,,
2025-11-27T00:39:33.252471+00:00,train,2,3855,self,0.9525000000000219,0,98,,
2025-11-27T00:39:33.252579+00:00,train,2,3856,self,0.9525000000000219,0,100,,
2025-11-27T00:39:33.252686+00:00,train,2,3857,self,0.9525000000000219,0,97,,
2025-11-27T00:39:33.252793+00:00,train,2,3858,self,0.9525000000000219,0,99,,
2025-11-27T00:39:33.252899+00:00,train,2,3859,self,0.9525000000000219,0,91,,
2025-11-27T00:39:33.253007+00:00,train,2,3860,self,0.9525000000000219,0,98,,
2025-11-27T00:39:33.253114+00:00,train,2,3861,self,0.9525000000000219,0,95,,
2025-11-27T00:39:33.253222+00:00,train,2,3862,self,0.9525000000000219,0,99,,
2025-11-27T00:39:33.253329+00:00,train,2,3863,self,0.9525000000000219,0,94,,
2025-11-27T00:39:33.253437+00:00,train,2,3864,self,0.9525000000000219,0,94,,
2025-11-27T00:39:33.253549+00:00,train,2,3865,self,0.9525000000000219,0,95,,
2025-11-27T00:39:33.253656+00:00,train,2,3866,self,0.9525000000000219,0,100,,
2025-11-27T00:39:33.253764+00:00,train,2,3867,self,0.9525000000000219,0,98,,
2025-11-27T00:39:33.253871+00:00,train,2,3868,self,0.9525000000000219,0,100,,
2025-11-27T00:39:33.253979+00:00,train,2,3869,self,0.9525000000000219,0,94,,
2025-11-27T00:39:33.254087+00:00,train,2,3870,self,0.9525000000000219,0,97,,
2025-11-27T00:39:33.254194+00:00,train,2,3871,self,0.9525000000000219,0,96,,
2025-11-27T00:39:33.254301+00:00,train,2,3872,self,0.9525000000000219,0,96,,
2025-11-27T00:39:33.254408+00:00,train,2,3873,self,0.9525000000000219,0,94,,
2025-11-27T00:39:33.254516+00:00,train,2,3874,self,0.9525000000000219,0,96,,
2025-11-27T00:39:33.254628+00:00,train,2,3875,self,0.9525000000000219,0,90,,
2025-11-27T00:39:33.254756+00:00,train,2,3876,self,0.9525000000000219,0,98,,
2025-11-27T00:39:33.254864+00:00,train,2,3877,self,0.9525000000000219,0,94,,
2025-11-27T00:39:33.254972+00:00,train,2,3878,self,0.9525000000000219,0,98,,
2025-11-27T00:39:33.255080+00:00,train,2,3879,self,0.9525000000000219,0,94,,
2025-11-27T00:39:33.255187+00:00,train,2,3880,self,0.9525000000000219,0,98,,
2025-11-27T00:39:33.255295+00:00,train,2,3881,self,0.9525000000000219,0,98,,
2025-11-27T00:39:33.255402+00:00,train,2,3882,self,0.9525000000000219,0,100,,
2025-11-27T00:39:33.255510+00:00,train,2,3883,self,0.9525000000000219,0,97,,
2025-11-27T00:39:33.255617+00:00,train,2,3884,self,0.9525000000000219,0,99,,
2025-11-27T00:39:33.255724+00:00,train,2,3885,self,0.9525000000000219,0,98,,
2025-11-27T00:39:33.255833+00:00,train,2,3886,self,0.9525000000000219,0,98,,
2025-11-27T00:39:33.255941+00:00,train,2,3887,self,0.9525000000000219,0,96,,
2025-11-27T00:39:33.256048+00:00,train,2,3888,self,0.9525000000000219,0,97,,
2025-11-27T00:39:33.256155+00:00,train,2,3889,self,0.9525000000000219,0,95,,
2025-11-27T00:39:33.256263+00:00,train,2,3890,self,0.9525000000000219,0,99,,
2025-11-27T00:39:33.256371+00:00,train,2,3891,self,0.9525000000000219,0,97,,
2025-11-27T00:39:33.256479+00:00,train,2,3892,self,0.9525000000000219,0,99,,
2025-11-27T00:39:33.256652+00:00,train,2,3893,self,0.9525000000000219,0,88,,
2025-11-27T00:39:33.256780+00:00,train,2,3894,self,0.9525000000000219,0,97,,
2025-11-27T00:39:33.256900+00:00,train,2,3895,self,0.9525000000000219,0,83,,
2025-11-27T00:39:33.257035+00:00,train,2,3896,self,0.9525000000000219,0,98,,
2025-11-27T00:39:33.257153+00:00,train,2,3897,self,0.9525000000000219,0,97,,
2025-11-27T00:39:33.257286+00:00,train,2,3898,self,0.9525000000000219,0,100,,
2025-11-27T00:39:33.257402+00:00,train,2,3899,self,0.9525000000000219,0,93,,
2025-11-27T00:39:33.257532+00:00,train,2,3900,self,0.9525000000000219,0,97,,
2025-11-27T00:39:33.257649+00:00,train,2,3901,self,0.9525000000000219,0,94,,
2025-11-27T00:39:33.257780+00:00,train,2,3902,self,0.9525000000000219,0,98,,
2025-11-27T00:39:33.257895+00:00,train,2,3903,self,0.9525000000000219,0,89,,
2025-11-27T00:39:33.258070+00:00,train,2,3904,self,0.9525000000000219,0,92,,
2025-11-27T00:39:33.258199+00:00,train,2,3905,self,0.9525000000000219,0,88,,
2025-11-27T00:39:33.258320+00:00,train,2,3906,self,0.9525000000000219,0,95,,
2025-11-27T00:39:33.258435+00:00,train,2,3907,self,0.9525000000000219,0,99,,
2025-11-27T00:39:33.258547+00:00,train,2,3908,self,0.9525000000000219,0,99,,
2025-11-27T00:39:33.258658+00:00,train,2,3909,self,0.9525000000000219,0,90,,
2025-11-27T00:39:33.258768+00:00,train,2,3910,self,0.9525000000000219,0,99,,
2025-11-27T00:39:33.258876+00:00,train,2,3911,self,0.9525000000000219,0,98,,
2025-11-27T00:39:33.258989+00:00,train,2,3912,self,0.9525000000000219,0,98,,
2025-11-27T00:39:33.259098+00:00,train,2,3913,self,0.9525000000000219,0,88,,
2025-11-27T00:39:33.259205+00:00,train,2,3914,self,0.9525000000000219,0,93,,
2025-11-27T00:39:33.259314+00:00,train,2,3915,self,0.9525000000000219,0,93,,
2025-11-27T00:39:33.259421+00:00,train,2,3916,self,0.9525000000000219,0,98,,
2025-11-27T00:39:33.259529+00:00,train,2,3917,self,0.9525000000000219,0,88,,
2025-11-27T00:39:33.259637+00:00,train,2,3918,self,0.9525000000000219,0,96,,
2025-11-27T00:39:33.259744+00:00,train,2,3919,self,0.9525000000000219,0,91,,
2025-11-27T00:39:33.259851+00:00,train,2,3920,self,0.9525000000000219,0,97,,
2025-11-27T00:39:33.259958+00:00,train,2,3921,self,0.9525000000000219,0,94,,
2025-11-27T00:39:33.260067+00:00,train,2,3922,self,0.9525000000000219,0,97,,
2025-11-27T00:39:33.260174+00:00,train,2,3923,self,0.9525000000000219,0,93,,
2025-11-27T00:39:33.260282+00:00,train,2,3924,self,0.9525000000000219,0,98,,
2025-11-27T00:39:33.260388+00:00,train,2,3925,self,0.9525000000000219,0,97,,
2025-11-27T00:39:33.260496+00:00,train,2,3926,self,0.9525000000000219,0,100,,
2025-11-27T00:39:33.260604+00:00,train,2,3927,self,0.9525000000000219,0,94,,
2025-11-27T00:39:33.260711+00:00,train,2,3928,self,0.9525000000000219,0,99,,
2025-11-27T00:39:33.260818+00:00,train,2,3929,self,0.9525000000000219,0,94,,
2025-11-27T00:39:33.260925+00:00,train,2,3930,self,0.9525000000000219,0,99,,
2025-11-27T00:39:33.261033+00:00,train,2,3931,self,0.9525000000000219,0,92,,
2025-11-27T00:39:33.261140+00:00,train,2,3932,self,0.9525000000000219,0,97,,
2025-11-27T00:39:33.261247+00:00,train,2,3933,self,0.9525000000000219,0,91,,
2025-11-27T00:39:33.261355+00:00,train,2,3934,self,0.9525000000000219,0,96,,
2025-11-27T00:39:33.261461+00:00,train,2,3935,self,0.9525000000000219,0,88,,
2025-11-27T00:39:33.261567+00:00,train,2,3936,self,0.9525000000000219,0,99,,
2025-11-27T00:39:33.261675+00:00,train,2,3937,self,0.9525000000000219,0,97,,
2025-11-27T00:39:33.261782+00:00,train,2,3938,self,0.9525000000000219,0,98,,
2025-11-27T00:39:33.261889+00:00,train,2,3939,self,0.9525000000000219,0,92,,
2025-11-27T00:39:33.261996+00:00,train,2,3940,self,0.9525000000000219,0,93,,
2025-11-27T00:39:33.262104+00:00,train,2,3941,self,0.9525000000000219,0,81,,
2025-11-27T00:39:33.262210+00:00,train,2,3942,self,0.9525000000000219,0,100,,
2025-11-27T00:39:33.262318+00:00,train,2,3943,self,0.9525000000000219,0,98,,
2025-11-27T00:39:33.262425+00:00,train,2,3944,self,0.9525000000000219,0,99,,
2025-11-27T00:39:33.262532+00:00,train,2,3945,self,0.9525000000000219,0,95,,
2025-11-27T00:39:33.262638+00:00,train,2,3946,self,0.9525000000000219,0,95,,
2025-11-27T00:39:33.262745+00:00,train,2,3947,self,0.9525000000000219,0,94,,
2025-11-27T00:39:33.262851+00:00,train,2,3948,self,0.9525000000000219,0,100,,
2025-11-27T00:39:33.262958+00:00,train,2,3949,self,0.9525000000000219,0,99,,
2025-11-27T00:39:33.263065+00:00,train,2,3950,self,0.9525000000000219,0,100,,
2025-11-27T00:39:33.263173+00:00,train,2,3951,self,0.9525000000000219,0,97,,
2025-11-27T00:39:33.263281+00:00,train,2,3952,self,0.9525000000000219,0,98,,
2025-11-27T00:39:33.263388+00:00,train,2,3953,self,0.9525000000000219,0,85,,
2025-11-27T00:39:33.263495+00:00,train,2,3954,self,0.9525000000000219,0,91,,
2025-11-27T00:39:33.263683+00:00,train,2,3955,self,0.9525000000000219,0,92,,
2025-11-27T00:39:33.263806+00:00,train,2,3956,self,0.9525000000000219,0,95,,
2025-11-27T00:39:33.263922+00:00,train,2,3957,self,0.9525000000000219,0,97,,
2025-11-27T00:39:33.264035+00:00,train,2,3958,self,0.9525000000000219,0,99,,
2025-11-27T00:39:33.264148+00:00,train,2,3959,self,0.9525000000000219,0,93,,
2025-11-27T00:39:33.264258+00:00,train,2,3960,self,0.9525000000000219,0,95,,
2025-11-27T00:39:33.264370+00:00,train,2,3961,self,0.9525000000000219,0,97,,
2025-11-27T00:39:33.264478+00:00,train,2,3962,self,0.9525000000000219,0,99,,
2025-11-27T00:39:33.264586+00:00,train,2,3963,self,0.9525000000000219,0,93,,
2025-11-27T00:39:33.264694+00:00,train,2,3964,self,0.9525000000000219,0,100,,
2025-11-27T00:39:33.264856+00:00,train,2,3965,self,0.9525000000000219,0,80,,
2025-11-27T00:39:33.264983+00:00,train,2,3966,self,0.9525000000000219,0,100,,
2025-11-27T00:39:33.265101+00:00,train,2,3967,self,0.9525000000000219,0,99,,
2025-11-27T00:39:33.265215+00:00,train,2,3968,self,0.9525000000000219,0,100,,
2025-11-27T00:39:33.265327+00:00,train,2,3969,self,0.9525000000000219,0,98,,
2025-11-27T00:39:33.265437+00:00,train,2,3970,self,0.9525000000000219,0,99,,
2025-11-27T00:39:33.265547+00:00,train,2,3971,self,0.9525000000000219,0,97,,
2025-11-27T00:39:33.265656+00:00,train,2,3972,self,0.9525000000000219,0,98,,
2025-11-27T00:39:33.265765+00:00,train,2,3973,self,0.9525000000000219,0,96,,
2025-11-27T00:39:33.265873+00:00,train,2,3974,self,0.9525000000000219,0,100,,
2025-11-27T00:39:33.265981+00:00,train,2,3975,self,0.9525000000000219,0,87,,
2025-11-27T00:39:33.266089+00:00,train,2,3976,self,0.9525000000000219,0,97,,
2025-11-27T00:39:33.266197+00:00,train,2,3977,self,0.9525000000000219,0,90,,
2025-11-27T00:39:33.266304+00:00,train,2,3978,self,0.9525000000000219,0,91,,
2025-11-27T00:39:33.266412+00:00,train,2,3979,self,0.9525000000000219,0,94,,
2025-11-27T00:39:33.266519+00:00,train,2,3980,self,0.9525000000000219,0,97,,
2025-11-27T00:39:33.266626+00:00,train,2,3981,self,0.9525000000000219,0,81,,
2025-11-27T00:39:33.266733+00:00,train,2,3982,self,0.9525000000000219,0,93,,
2025-11-27T00:39:33.266839+00:00,train,2,3983,self,0.9525000000000219,0,95,,
2025-11-27T00:39:33.266947+00:00,train,2,3984,self,0.9525000000000219,0,98,,
2025-11-27T00:39:33.267053+00:00,train,2,3985,self,0.9525000000000219,0,98,,
2025-11-27T00:39:33.267160+00:00,train,2,3986,self,0.9525000000000219,0,100,,
2025-11-27T00:39:33.267268+00:00,train,2,3987,self,0.9525000000000219,0,97,,
2025-11-27T00:39:33.267375+00:00,train,2,3988,self,0.9525000000000219,0,99,,
2025-11-27T00:39:33.267482+00:00,train,2,3989,self,0.9525000000000219,0,98,,
2025-11-27T00:39:33.267589+00:00,train,2,3990,self,0.9525000000000219,0,98,,
2025-11-27T00:39:33.267700+00:00,train,2,3991,self,0.9525000000000219,0,94,,
2025-11-27T00:39:33.267808+00:00,train,2,3992,self,0.9525000000000219,0,100,,
2025-11-27T00:39:33.267916+00:00,train,2,3993,self,0.9525000000000219,0,91,,
2025-11-27T00:39:33.268023+00:00,train,2,3994,self,0.9525000000000219,0,95,,
2025-11-27T00:39:33.268129+00:00,train,2,3995,self,0.9525000000000219,0,96,,
2025-11-27T00:39:33.268236+00:00,train,2,3996,self,0.9525000000000219,0,100,,
2025-11-27T00:39:33.268344+00:00,train,2,3997,self,0.9525000000000219,0,93,,
2025-11-27T00:39:33.268451+00:00,train,2,3998,self,0.9525000000000219,0,96,,
2025-11-27T00:39:33.268558+00:00,train,2,3999,self,0.9525000000000219,0,99,,
2025-11-27T00:39:33.268665+00:00,train,2,4000,self,0.9525000000000219,0,100,,
2025-11-27T00:39:52.463492+00:00,baseline_eval,2,4001,,0.9050000000000438,,,,1.0
2025-11-27T00:40:07.089586+00:00,selfplay_eval,2,4001,,0.9050000000000438,,,0.505,1.0
2025-11-27T00:40:26.764329+00:00,train,3,4001,self,0.9050000000000438,0,98,,
2025-11-27T00:40:26.765119+00:00,train,3,4002,self,0.9050000000000438,0,98,,
2025-11-27T00:40:26.765323+00:00,train,3,4003,self,0.9050000000000438,0,87,,
2025-11-27T00:40:26.765518+00:00,train,3,4004,self,0.9050000000000438,0,98,,
2025-11-27T00:40:26.765696+00:00,train,3,4005,self,0.9050000000000438,0,94,,
2025-11-27T00:40:26.765868+00:00,train,3,4006,self,0.9050000000000438,0,96,,
2025-11-27T00:40:26.766027+00:00,train,3,4007,self,0.9050000000000438,0,99,,
2025-11-27T00:40:26.766171+00:00,train,3,4008,self,0.9050000000000438,0,99,,
2025-11-27T00:40:26.766317+00:00,train,3,4009,self,0.9050000000000438,0,81,,
2025-11-27T00:40:26.766461+00:00,train,3,4010,self,0.9050000000000438,0,84,,
2025-11-27T00:40:26.766603+00:00,train,3,4011,self,0.9050000000000438,0,92,,
2025-11-27T00:40:26.766746+00:00,train,3,4012,self,0.9050000000000438,0,100,,
2025-11-27T00:40:26.766888+00:00,train,3,4013,self,0.9050000000000438,0,89,,
2025-11-27T00:40:26.767029+00:00,train,3,4014,self,0.9050000000000438,0,98,,
2025-11-27T00:40:26.767170+00:00,train,3,4015,self,0.9050000000000438,0,86,,
2025-11-27T00:40:26.767311+00:00,train,3,4016,self,0.9050000000000438,0,95,,
2025-11-27T00:40:26.767451+00:00,train,3,4017,self,0.9050000000000438,0,91,,
2025-11-27T00:40:26.767592+00:00,train,3,4018,self,0.9050000000000438,0,97,,
2025-11-27T00:40:26.767736+00:00,train,3,4019,self,0.9050000000000438,0,84,,
2025-11-27T00:40:26.767877+00:00,train,3,4020,self,0.9050000000000438,0,95,,
2025-11-27T00:40:26.768018+00:00,train,3,4021,self,0.9050000000000438,0,87,,
2025-11-27T00:40:26.768158+00:00,train,3,4022,self,0.9050000000000438,0,95,,
2025-11-27T00:40:26.768299+00:00,train,3,4023,self,0.9050000000000438,0,93,,
2025-11-27T00:40:26.768440+00:00,train,3,4024,self,0.9050000000000438,0,96,,
2025-11-27T00:40:26.768582+00:00,train,3,4025,self,0.9050000000000438,0,93,,
2025-11-27T00:40:26.768723+00:00,train,3,4026,self,0.9050000000000438,0,99,,
2025-11-27T00:40:26.768865+00:00,train,3,4027,self,0.9050000000000438,0,93,,
2025-11-27T00:40:26.769008+00:00,train,3,4028,self,0.9050000000000438,0,96,,
2025-11-27T00:40:26.769149+00:00,train,3,4029,self,0.9050000000000438,0,95,,
2025-11-27T00:40:26.769290+00:00,train,3,4030,self,0.9050000000000438,0,99,,
2025-11-27T00:40:26.769431+00:00,train,3,4031,self,0.9050000000000438,0,99,,
2025-11-27T00:40:26.769571+00:00,train,3,4032,self,0.9050000000000438,0,100,,
2025-11-27T00:40:26.769726+00:00,train,3,4033,self,0.9050000000000438,0,97,,
2025-11-27T00:40:26.769863+00:00,train,3,4034,self,0.9050000000000438,0,98,,
2025-11-27T00:40:26.769999+00:00,train,3,4035,self,0.9050000000000438,0,88,,
2025-11-27T00:40:26.770137+00:00,train,3,4036,self,0.9050000000000438,0,92,,
2025-11-27T00:40:26.770275+00:00,train,3,4037,self,0.9050000000000438,0,94,,
2025-11-27T00:40:26.770411+00:00,train,3,4038,self,0.9050000000000438,0,99,,
2025-11-27T00:40:26.770548+00:00,train,3,4039,self,0.9050000000000438,0,93,,
2025-11-27T00:40:26.770685+00:00,train,3,4040,self,0.9050000000000438,0,98,,
2025-11-27T00:40:26.770821+00:00,train,3,4041,self,0.9050000000000438,0,85,,
2025-11-27T00:40:26.770961+00:00,train,3,4042,self,0.9050000000000438,0,98,,
2025-11-27T00:40:26.771098+00:00,train,3,4043,self,0.9050000000000438,0,100,,
2025-11-27T00:40:26.771234+00:00,train,3,4044,self,0.9050000000000438,0,100,,
2025-11-27T00:40:26.771371+00:00,train,3,4045,self,0.9050000000000438,0,85,,
2025-11-27T00:40:26.771508+00:00,train,3,4046,self,0.9050000000000438,0,100,,
2025-11-27T00:40:26.771645+00:00,train,3,4047,self,0.9050000000000438,0,99,,
2025-11-27T00:40:26.771781+00:00,train,3,4048,self,0.9050000000000438,0,100,,
2025-11-27T00:40:26.771918+00:00,train,3,4049,self,0.9050000000000438,0,81,,
2025-11-27T00:40:26.772054+00:00,train,3,4050,self,0.9050000000000438,0,96,,
2025-11-27T00:40:26.772191+00:00,train,3,4051,self,0.9050000000000438,0,96,,
2025-11-27T00:40:26.772326+00:00,train,3,4052,self,0.9050000000000438,0,100,,
2025-11-27T00:40:26.772462+00:00,train,3,4053,self,0.9050000000000438,0,99,,
2025-11-27T00:40:26.772598+00:00,train,3,4054,self,0.9050000000000438,0,100,,
2025-11-27T00:40:26.772735+00:00,train,3,4055,self,0.9050000000000438,0,82,,
2025-11-27T00:40:26.772871+00:00,train,3,4056,self,0.9050000000000438,0,99,,
2025-11-27T00:40:26.773007+00:00,train,3,4057,self,0.9050000000000438,0,97,,
2025-11-27T00:40:26.773144+00:00,train,3,4058,self,0.9050000000000438,0,98,,
2025-11-27T00:40:26.773280+00:00,train,3,4059,self,0.9050000000000438,0,81,,
2025-11-27T00:40:26.773417+00:00,train,3,4060,self,0.9050000000000438,0,100,,
2025-11-27T00:40:26.773556+00:00,train,3,4061,self,0.9050000000000438,0,78,,
2025-11-27T00:40:26.773693+00:00,train,3,4062,self,0.9050000000000438,0,99,,
2025-11-27T00:40:26.773829+00:00,train,3,4063,self,0.9050000000000438,0,90,,
2025-11-27T00:40:26.773966+00:00,train,3,4064,self,0.9050000000000438,0,96,,
2025-11-27T00:40:26.774103+00:00,train,3,4065,self,0.9050000000000438,0,94,,
2025-11-27T00:40:26.774239+00:00,train,3,4066,self,0.9050000000000438,0,96,,
2025-11-27T00:40:26.774376+00:00,train,3,4067,self,0.9050000000000438,0,92,,
2025-11-27T00:40:26.774512+00:00,train,3,4068,self,0.9050000000000438,0,92,,
2025-11-27T00:40:26.774649+00:00,train,3,4069,self,0.9050000000000438,0,89,,
2025-11-27T00:40:26.774784+00:00,train,3,4070,self,0.9050000000000438,0,97,,
2025-11-27T00:40:26.774925+00:00,train,3,4071,self,0.9050000000000438,0,95,,
2025-11-27T00:40:26.775064+00:00,train,3,4072,self,0.9050000000000438,0,99,,
2025-11-27T00:40:26.775213+00:00,train,3,4073,self,0.9050000000000438,0,88,,
2025-11-27T00:40:26.775355+00:00,train,3,4074,self,0.9050000000000438,0,94,,
2025-11-27T00:40:26.775499+00:00,train,3,4075,self,0.9050000000000438,0,93,,
2025-11-27T00:40:26.775638+00:00,train,3,4076,self,0.9050000000000438,0,94,,
2025-11-27T00:40:26.775778+00:00,train,3,4077,self,0.9050000000000438,0,94,,
2025-11-27T00:40:26.775917+00:00,train,3,4078,self,0.9050000000000438,0,97,,
2025-11-27T00:40:26.776054+00:00,train,3,4079,self,0.9050000000000438,0,100,,
2025-11-27T00:40:26.776193+00:00,train,3,4080,self,0.9050000000000438,0,100,,
2025-11-27T00:40:26.776332+00:00,train,3,4081,self,0.9050000000000438,0,91,,
2025-11-27T00:40:26.776470+00:00,train,3,4082,self,0.9050000000000438,0,96,,
2025-11-27T00:40:26.776606+00:00,train,3,4083,self,0.9050000000000438,0,92,,
2025-11-27T00:40:26.776742+00:00,train,3,4084,self,0.9050000000000438,0,99,,
2025-11-27T00:40:26.776878+00:00,train,3,4085,self,0.9050000000000438,0,96,,
2025-11-27T00:40:26.777015+00:00,train,3,4086,self,0.9050000000000438,0,97,,
2025-11-27T00:40:26.777153+00:00,train,3,4087,self,0.9050000000000438,0,98,,
2025-11-27T00:40:26.777289+00:00,train,3,4088,self,0.9050000000000438,0,99,,
2025-11-27T00:40:26.777424+00:00,train,3,4089,self,0.9050000000000438,0,89,,
2025-11-27T00:40:26.777561+00:00,train,3,4090,self,0.9050000000000438,0,99,,
2025-11-27T00:40:26.777698+00:00,train,3,4091,self,0.9050000000000438,0,95,,
2025-11-27T00:40:26.777835+00:00,train,3,4092,self,0.9050000000000438,0,96,,
2025-11-27T00:40:26.777972+00:00,train,3,4093,self,0.9050000000000438,0,90,,
2025-11-27T00:40:26.778108+00:00,train,3,4094,self,0.9050000000000438,0,92,,
2025-11-27T00:40:26.778247+00:00,train,3,4095,self,0.9050000000000438,0,96,,
2025-11-27T00:40:26.778384+00:00,train,3,4096,self,0.9050000000000438,0,100,,
2025-11-27T00:40:26.778521+00:00,train,3,4097,self,0.9050000000000438,0,100,,
2025-11-27T00:40:26.778658+00:00,train,3,4098,self,0.9050000000000438,0,100,,
2025-11-27T00:40:26.778795+00:00,train,3,4099,self,0.9050000000000438,0,97,,
2025-11-27T00:40:26.778932+00:00,train,3,4100,self,0.9050000000000438,0,99,,
2025-11-27T00:40:26.779070+00:00,train,3,4101,self,0.9050000000000438,0,98,,
2025-11-27T00:40:26.779207+00:00,train,3,4102,self,0.9050000000000438,0,99,,
2025-11-27T00:40:26.779344+00:00,train,3,4103,self,0.9050000000000438,0,88,,
2025-11-27T00:40:26.779480+00:00,train,3,4104,self,0.9050000000000438,0,98,,
2025-11-27T00:40:26.779617+00:00,train,3,4105,self,0.9050000000000438,0,99,,
2025-11-27T00:40:26.779753+00:00,train,3,4106,self,0.9050000000000438,0,100,,
2025-11-27T00:40:26.779890+00:00,train,3,4107,self,0.9050000000000438,0,92,,
2025-11-27T00:40:26.780032+00:00,train,3,4108,self,0.9050000000000438,0,98,,
2025-11-27T00:40:26.780168+00:00,train,3,4109,self,0.9050000000000438,0,87,,
2025-11-27T00:40:26.780305+00:00,train,3,4110,self,0.9050000000000438,0,97,,
2025-11-27T00:40:26.780443+00:00,train,3,4111,self,0.9050000000000438,0,98,,
2025-11-27T00:40:26.780579+00:00,train,3,4112,self,0.9050000000000438,0,98,,
2025-11-27T00:40:26.780717+00:00,train,3,4113,self,0.9050000000000438,0,96,,
2025-11-27T00:40:26.780856+00:00,train,3,4114,self,0.9050000000000438,0,99,,
2025-11-27T00:40:26.780993+00:00,train,3,4115,self,0.9050000000000438,0,90,,
2025-11-27T00:40:26.781131+00:00,train,3,4116,self,0.9050000000000438,0,91,,
2025-11-27T00:40:26.781268+00:00,train,3,4117,self,0.9050000000000438,0,90,,
2025-11-27T00:40:26.781404+00:00,train,3,4118,self,0.9050000000000438,0,92,,
2025-11-27T00:40:26.781541+00:00,train,3,4119,self,0.9050000000000438,0,90,,
2025-11-27T00:40:26.781679+00:00,train,3,4120,self,0.9050000000000438,0,98,,
2025-11-27T00:40:26.781816+00:00,train,3,4121,self,0.9050000000000438,0,92,,
2025-11-27T00:40:26.781952+00:00,train,3,4122,self,0.9050000000000438,0,100,,
2025-11-27T00:40:26.782089+00:00,train,3,4123,self,0.9050000000000438,0,99,,
2025-11-27T00:40:26.782225+00:00,train,3,4124,self,0.9050000000000438,0,100,,
2025-11-27T00:40:26.782362+00:00,train,3,4125,self,0.9050000000000438,0,87,,
2025-11-27T00:40:26.782499+00:00,train,3,4126,self,0.9050000000000438,0,89,,
2025-11-27T00:40:26.782636+00:00,train,3,4127,self,0.9050000000000438,0,98,,
2025-11-27T00:40:26.782773+00:00,train,3,4128,self,0.9050000000000438,0,100,,
2025-11-27T00:40:26.782913+00:00,train,3,4129,self,0.9050000000000438,0,93,,
2025-11-27T00:40:26.783051+00:00,train,3,4130,self,0.9050000000000438,0,99,,
2025-11-27T00:40:26.783187+00:00,train,3,4131,self,0.9050000000000438,0,92,,
2025-11-27T00:40:26.783324+00:00,train,3,4132,self,0.9050000000000438,0,98,,
2025-11-27T00:40:26.783460+00:00,train,3,4133,self,0.9050000000000438,0,98,,
2025-11-27T00:40:26.783595+00:00,train,3,4134,self,0.9050000000000438,0,99,,
2025-11-27T00:40:26.783733+00:00,train,3,4135,self,0.9050000000000438,0,94,,
2025-11-27T00:40:26.783869+00:00,train,3,4136,self,0.9050000000000438,0,98,,
2025-11-27T00:40:26.784005+00:00,train,3,4137,self,0.9050000000000438,0,95,,
2025-11-27T00:40:26.784141+00:00,train,3,4138,self,0.9050000000000438,0,99,,
2025-11-27T00:40:26.784278+00:00,train,3,4139,self,0.9050000000000438,0,99,,
2025-11-27T00:40:26.784414+00:00,train,3,4140,self,0.9050000000000438,0,100,,
2025-11-27T00:40:26.784549+00:00,train,3,4141,self,0.9050000000000438,0,96,,
2025-11-27T00:40:26.784686+00:00,train,3,4142,self,0.9050000000000438,0,97,,
2025-11-27T00:40:26.784821+00:00,train,3,4143,self,0.9050000000000438,0,93,,
2025-11-27T00:40:26.784960+00:00,train,3,4144,self,0.9050000000000438,0,98,,
2025-11-27T00:40:26.785097+00:00,train,3,4145,self,0.9050000000000438,0,93,,
2025-11-27T00:40:26.785235+00:00,train,3,4146,self,0.9050000000000438,0,98,,
2025-11-27T00:40:26.785376+00:00,train,3,4147,self,0.9050000000000438,0,82,,
2025-11-27T00:40:26.785514+00:00,train,3,4148,self,0.9050000000000438,0,100,,
2025-11-27T00:40:26.785651+00:00,train,3,4149,self,0.9050000000000438,0,95,,
2025-11-27T00:40:26.785788+00:00,train,3,4150,self,0.9050000000000438,0,99,,
2025-11-27T00:40:26.785924+00:00,train,3,4151,self,0.9050000000000438,0,97,,
2025-11-27T00:40:26.786061+00:00,train,3,4152,self,0.9050000000000438,0,98,,
2025-11-27T00:40:26.786199+00:00,train,3,4153,self,0.9050000000000438,0,83,,
2025-11-27T00:40:26.786337+00:00,train,3,4154,self,0.9050000000000438,0,94,,
2025-11-27T00:40:26.786475+00:00,train,3,4155,self,0.9050000000000438,0,99,,
2025-11-27T00:40:26.786613+00:00,train,3,4156,self,0.9050000000000438,0,100,,
2025-11-27T00:40:26.786750+00:00,train,3,4157,self,0.9050000000000438,0,95,,
2025-11-27T00:40:26.786898+00:00,train,3,4158,self,0.9050000000000438,0,97,,
2025-11-27T00:40:26.787030+00:00,train,3,4159,self,0.9050000000000438,0,89,,
2025-11-27T00:40:26.787163+00:00,train,3,4160,self,0.9050000000000438,0,98,,
2025-11-27T00:40:26.787294+00:00,train,3,4161,self,0.9050000000000438,0,95,,
2025-11-27T00:40:26.787433+00:00,train,3,4162,self,0.9050000000000438,0,99,,
2025-11-27T00:40:26.787566+00:00,train,3,4163,self,0.9050000000000438,0,100,,
2025-11-27T00:40:26.787699+00:00,train,3,4164,self,0.9050000000000438,0,100,,
2025-11-27T00:40:26.787830+00:00,train,3,4165,self,0.9050000000000438,0,95,,
2025-11-27T00:40:26.787964+00:00,train,3,4166,self,0.9050000000000438,0,99,,
2025-11-27T00:40:26.788096+00:00,train,3,4167,self,0.9050000000000438,0,89,,
2025-11-27T00:40:26.788228+00:00,train,3,4168,self,0.9050000000000438,0,95,,
2025-11-27T00:40:26.788359+00:00,train,3,4169,self,0.9050000000000438,0,99,,
2025-11-27T00:40:26.788492+00:00,train,3,4170,self,0.9050000000000438,0,100,,
2025-11-27T00:40:26.788624+00:00,train,3,4171,self,0.9050000000000438,0,94,,
2025-11-27T00:40:26.788756+00:00,train,3,4172,self,0.9050000000000438,0,100,,
2025-11-27T00:40:26.788888+00:00,train,3,4173,self,0.9050000000000438,0,98,,
2025-11-27T00:40:26.789020+00:00,train,3,4174,self,0.9050000000000438,0,99,,
2025-11-27T00:40:26.789151+00:00,train,3,4175,self,0.9050000000000438,0,87,,
2025-11-27T00:40:26.789283+00:00,train,3,4176,self,0.9050000000000438,0,99,,
2025-11-27T00:40:26.789416+00:00,train,3,4177,self,0.9050000000000438,0,89,,
2025-11-27T00:40:26.789548+00:00,train,3,4178,self,0.9050000000000438,0,99,,
2025-11-27T00:40:26.789681+00:00,train,3,4179,self,0.9050000000000438,0,96,,
2025-11-27T00:40:26.789814+00:00,train,3,4180,self,0.9050000000000438,0,98,,
2025-11-27T00:40:26.789946+00:00,train,3,4181,self,0.9050000000000438,0,97,,
2025-11-27T00:40:26.790079+00:00,train,3,4182,self,0.9050000000000438,0,97,,
2025-11-27T00:40:26.790210+00:00,train,3,4183,self,0.9050000000000438,0,99,,
2025-11-27T00:40:26.790342+00:00,train,3,4184,self,0.9050000000000438,0,100,,
2025-11-27T00:40:26.790474+00:00,train,3,4185,self,0.9050000000000438,0,81,,
2025-11-27T00:40:26.790607+00:00,train,3,4186,self,0.9050000000000438,0,93,,
2025-11-27T00:40:26.790739+00:00,train,3,4187,self,0.9050000000000438,0,95,,
2025-11-27T00:40:26.790872+00:00,train,3,4188,self,0.9050000000000438,0,98,,
2025-11-27T00:40:26.791004+00:00,train,3,4189,self,0.9050000000000438,0,92,,
2025-11-27T00:40:26.791139+00:00,train,3,4190,self,0.9050000000000438,0,98,,
2025-11-27T00:40:26.791271+00:00,train,3,4191,self,0.9050000000000438,0,91,,
2025-11-27T00:40:26.791404+00:00,train,3,4192,self,0.9050000000000438,0,95,,
2025-11-27T00:40:26.791537+00:00,train,3,4193,self,0.9050000000000438,0,97,,
2025-11-27T00:40:26.791669+00:00,train,3,4194,self,0.9050000000000438,0,97,,
2025-11-27T00:40:26.791811+00:00,train,3,4195,self,0.9050000000000438,0,99,,
2025-11-27T00:40:26.791939+00:00,train,3,4196,self,0.9050000000000438,0,100,,
2025-11-27T00:40:26.792067+00:00,train,3,4197,self,0.9050000000000438,0,97,,
2025-11-27T00:40:26.792196+00:00,train,3,4198,self,0.9050000000000438,0,100,,
2025-11-27T00:40:26.792323+00:00,train,3,4199,self,0.9050000000000438,0,98,,
2025-11-27T00:40:26.792452+00:00,train,3,4200,self,0.9050000000000438,0,100,,
2025-11-27T00:40:26.792580+00:00,train,3,4201,self,0.9050000000000438,0,88,,
2025-11-27T00:40:26.792708+00:00,train,3,4202,self,0.9050000000000438,0,90,,
2025-11-27T00:40:26.792855+00:00,train,3,4203,self,0.9050000000000438,0,93,,
2025-11-27T00:40:26.792979+00:00,train,3,4204,self,0.9050000000000438,0,94,,
2025-11-27T00:40:26.793104+00:00,train,3,4205,self,0.9050000000000438,0,96,,
2025-11-27T00:40:26.793229+00:00,train,3,4206,self,0.9050000000000438,0,99,,
2025-11-27T00:40:26.793355+00:00,train,3,4207,self,0.9050000000000438,0,96,,
2025-11-27T00:40:26.793480+00:00,train,3,4208,self,0.9050000000000438,0,97,,
2025-11-27T00:40:26.793605+00:00,train,3,4209,self,0.9050000000000438,0,95,,
2025-11-27T00:40:26.793742+00:00,train,3,4210,self,0.9050000000000438,0,100,,
2025-11-27T00:40:26.793864+00:00,train,3,4211,self,0.9050000000000438,0,99,,
2025-11-27T00:40:26.793986+00:00,train,3,4212,self,0.9050000000000438,0,100,,
2025-11-27T00:40:26.794108+00:00,train,3,4213,self,0.9050000000000438,0,91,,
2025-11-27T00:40:26.794229+00:00,train,3,4214,self,0.9050000000000438,0,97,,
2025-11-27T00:40:26.794351+00:00,train,3,4215,self,0.9050000000000438,0,92,,
2025-11-27T00:40:26.794472+00:00,train,3,4216,self,0.9050000000000438,0,99,,
2025-11-27T00:40:26.794594+00:00,train,3,4217,self,0.9050000000000438,0,87,,
2025-11-27T00:40:26.794729+00:00,train,3,4218,self,0.9050000000000438,0,97,,
2025-11-27T00:40:26.794851+00:00,train,3,4219,self,0.9050000000000438,0,95,,
2025-11-27T00:40:26.794970+00:00,train,3,4220,self,0.9050000000000438,0,99,,
2025-11-27T00:40:26.795267+00:00,train,3,4221,self,0.9050000000000438,0,98,,
2025-11-27T00:40:26.795410+00:00,train,3,4222,self,0.9050000000000438,0,99,,
2025-11-27T00:40:26.795541+00:00,train,3,4223,self,0.9050000000000438,0,97,,
2025-11-27T00:40:26.795664+00:00,train,3,4224,self,0.9050000000000438,0,99,,
2025-11-27T00:40:26.795812+00:00,train,3,4225,self,0.9050000000000438,0,89,,
2025-11-27T00:40:26.795928+00:00,train,3,4226,self,0.9050000000000438,0,94,,
2025-11-27T00:40:26.796157+00:00,train,3,4227,self,0.9050000000000438,0,98,,
2025-11-27T00:40:26.796286+00:00,train,3,4228,self,0.9050000000000438,0,100,,
2025-11-27T00:40:26.796406+00:00,train,3,4229,self,0.9050000000000438,0,92,,
2025-11-27T00:40:26.796523+00:00,train,3,4230,self,0.9050000000000438,0,100,,
2025-11-27T00:40:26.796780+00:00,train,3,4231,self,0.9050000000000438,0,93,,
2025-11-27T00:40:26.796913+00:00,train,3,4232,self,0.9050000000000438,0,95,,
2025-11-27T00:40:26.797045+00:00,train,3,4233,self,0.9050000000000438,0,99,,
2025-11-27T00:40:26.797162+00:00,train,3,4234,self,0.9050000000000438,0,99,,
2025-11-27T00:40:26.797281+00:00,train,3,4235,self,0.9050000000000438,0,92,,
2025-11-27T00:40:26.797394+00:00,train,3,4236,self,0.9050000000000438,0,99,,
2025-11-27T00:40:26.797527+00:00,train,3,4237,self,0.9050000000000438,0,92,,
2025-11-27T00:40:26.797639+00:00,train,3,4238,self,0.9050000000000438,0,96,,
2025-11-27T00:40:26.797779+00:00,train,3,4239,self,0.9050000000000438,0,91,,
2025-11-27T00:40:26.797887+00:00,train,3,4240,self,0.9050000000000438,0,91,,
2025-11-27T00:40:26.797994+00:00,train,3,4241,self,0.9050000000000438,0,88,,
2025-11-27T00:40:26.798101+00:00,train,3,4242,self,0.9050000000000438,0,99,,
2025-11-27T00:40:26.798207+00:00,train,3,4243,self,0.9050000000000438,0,95,,
2025-11-27T00:40:26.798314+00:00,train,3,4244,self,0.9050000000000438,0,98,,
2025-11-27T00:40:26.798420+00:00,train,3,4245,self,0.9050000000000438,0,87,,
2025-11-27T00:40:26.798526+00:00,train,3,4246,self,0.9050000000000438,0,96,,
2025-11-27T00:40:26.798632+00:00,train,3,4247,self,0.9050000000000438,0,78,,
2025-11-27T00:40:26.798738+00:00,train,3,4248,self,0.9050000000000438,0,100,,
2025-11-27T00:40:26.798844+00:00,train,3,4249,self,0.9050000000000438,0,92,,
2025-11-27T00:40:26.798951+00:00,train,3,4250,self,0.9050000000000438,0,98,,
2025-11-27T00:40:26.799057+00:00,train,3,4251,self,0.9050000000000438,0,80,,
2025-11-27T00:40:26.799164+00:00,train,3,4252,self,0.9050000000000438,0,93,,
2025-11-27T00:40:26.799270+00:00,train,3,4253,self,0.9050000000000438,0,93,,
2025-11-27T00:40:26.799376+00:00,train,3,4254,self,0.9050000000000438,0,98,,
2025-11-27T00:40:26.799482+00:00,train,3,4255,self,0.9050000000000438,0,83,,
2025-11-27T00:40:26.799588+00:00,train,3,4256,self,0.9050000000000438,0,94,,
2025-11-27T00:40:26.799694+00:00,train,3,4257,self,0.9050000000000438,0,94,,
2025-11-27T00:40:26.799801+00:00,train,3,4258,self,0.9050000000000438,0,98,,
2025-11-27T00:40:26.799907+00:00,train,3,4259,self,0.9050000000000438,0,97,,
2025-11-27T00:40:26.800013+00:00,train,3,4260,self,0.9050000000000438,0,98,,
2025-11-27T00:40:26.800119+00:00,train,3,4261,self,0.9050000000000438,0,95,,
2025-11-27T00:40:26.800226+00:00,train,3,4262,self,0.9050000000000438,0,97,,
2025-11-27T00:40:26.800332+00:00,train,3,4263,self,0.9050000000000438,0,93,,
2025-11-27T00:40:26.800439+00:00,train,3,4264,self,0.9050000000000438,0,100,,
2025-11-27T00:40:26.800545+00:00,train,3,4265,self,0.9050000000000438,0,80,,
2025-11-27T00:40:26.800651+00:00,train,3,4266,self,0.9050000000000438,0,95,,
2025-11-27T00:40:26.800756+00:00,train,3,4267,self,0.9050000000000438,0,95,,
2025-11-27T00:40:26.800862+00:00,train,3,4268,self,0.9050000000000438,0,98,,
2025-11-27T00:40:26.800968+00:00,train,3,4269,self,0.9050000000000438,0,88,,
2025-11-27T00:40:26.801074+00:00,train,3,4270,self,0.9050000000000438,0,100,,
2025-11-27T00:40:26.801184+00:00,train,3,4271,self,0.9050000000000438,0,94,,
2025-11-27T00:40:26.801290+00:00,train,3,4272,self,0.9050000000000438,0,94,,
2025-11-27T00:40:26.801396+00:00,train,3,4273,self,0.9050000000000438,0,97,,
2025-11-27T00:40:26.801546+00:00,train,3,4274,self,0.9050000000000438,0,99,,
2025-11-27T00:40:26.801672+00:00,train,3,4275,self,0.9050000000000438,0,89,,
2025-11-27T00:40:26.801825+00:00,train,3,4276,self,0.9050000000000438,0,95,,
2025-11-27T00:40:26.801936+00:00,train,3,4277,self,0.9050000000000438,0,85,,
2025-11-27T00:40:26.802046+00:00,train,3,4278,self,0.9050000000000438,0,96,,
2025-11-27T00:40:26.802168+00:00,train,3,4279,self,0.9050000000000438,0,95,,
2025-11-27T00:40:26.802276+00:00,train,3,4280,self,0.9050000000000438,0,99,,
2025-11-27T00:40:26.802384+00:00,train,3,4281,self,0.9050000000000438,0,94,,
2025-11-27T00:40:26.802491+00:00,train,3,4282,self,0.9050000000000438,0,99,,
2025-11-27T00:40:26.802598+00:00,train,3,4283,self,0.9050000000000438,0,96,,
2025-11-27T00:40:26.802779+00:00,train,3,4284,self,0.9050000000000438,0,97,,
2025-11-27T00:40:26.802919+00:00,train,3,4285,self,0.9050000000000438,0,98,,
2025-11-27T00:40:26.803037+00:00,train,3,4286,self,0.9050000000000438,0,100,,
2025-11-27T00:40:26.803149+00:00,train,3,4287,self,0.9050000000000438,0,97,,
2025-11-27T00:40:26.803260+00:00,train,3,4288,self,0.9050000000000438,0,97,,
2025-11-27T00:40:26.803368+00:00,train,3,4289,self,0.9050000000000438,0,100,,
2025-11-27T00:40:26.803476+00:00,train,3,4290,self,0.9050000000000438,0,100,,
2025-11-27T00:40:26.803582+00:00,train,3,4291,self,0.9050000000000438,0,93,,
2025-11-27T00:40:26.803687+00:00,train,3,4292,self,0.9050000000000438,0,99,,
2025-11-27T00:40:26.803793+00:00,train,3,4293,self,0.9050000000000438,0,92,,
2025-11-27T00:40:26.803898+00:00,train,3,4294,self,0.9050000000000438,0,95,,
2025-11-27T00:40:26.804004+00:00,train,3,4295,self,0.9050000000000438,0,96,,
2025-11-27T00:40:26.804108+00:00,train,3,4296,self,0.9050000000000438,0,100,,
2025-11-27T00:40:26.804212+00:00,train,3,4297,self,0.9050000000000438,0,88,,
2025-11-27T00:40:26.804317+00:00,train,3,4298,self,0.9050000000000438,0,96,,
2025-11-27T00:40:26.804440+00:00,train,3,4299,self,0.9050000000000438,0,96,,
2025-11-27T00:40:26.804545+00:00,train,3,4300,self,0.9050000000000438,0,100,,
2025-11-27T00:40:26.804650+00:00,train,3,4301,self,0.9050000000000438,0,99,,
2025-11-27T00:40:26.804755+00:00,train,3,4302,self,0.9050000000000438,0,100,,
2025-11-27T00:40:26.804859+00:00,train,3,4303,self,0.9050000000000438,0,91,,
2025-11-27T00:40:26.804964+00:00,train,3,4304,self,0.9050000000000438,0,97,,
2025-11-27T00:40:26.805068+00:00,train,3,4305,self,0.9050000000000438,0,98,,
2025-11-27T00:40:26.805172+00:00,train,3,4306,self,0.9050000000000438,0,100,,
2025-11-27T00:40:26.805276+00:00,train,3,4307,self,0.9050000000000438,0,100,,
2025-11-27T00:40:26.805380+00:00,train,3,4308,self,0.9050000000000438,0,100,,
2025-11-27T00:40:26.805484+00:00,train,3,4309,self,0.9050000000000438,0,99,,
2025-11-27T00:40:26.805588+00:00,train,3,4310,self,0.9050000000000438,0,100,,
2025-11-27T00:40:26.805693+00:00,train,3,4311,self,0.9050000000000438,0,99,,
2025-11-27T00:40:26.805797+00:00,train,3,4312,self,0.9050000000000438,0,100,,
2025-11-27T00:40:26.805902+00:00,train,3,4313,self,0.9050000000000438,0,93,,
2025-11-27T00:40:26.806006+00:00,train,3,4314,self,0.9050000000000438,0,99,,
2025-11-27T00:40:26.806110+00:00,train,3,4315,self,0.9050000000000438,0,92,,
2025-11-27T00:40:26.806265+00:00,train,3,4316,self,0.9050000000000438,0,100,,
2025-11-27T00:40:26.806370+00:00,train,3,4317,self,0.9050000000000438,0,96,,
2025-11-27T00:40:26.806473+00:00,train,3,4318,self,0.9050000000000438,0,100,,
2025-11-27T00:40:26.806577+00:00,train,3,4319,self,0.9050000000000438,0,94,,
2025-11-27T00:40:26.806681+00:00,train,3,4320,self,0.9050000000000438,0,100,,
2025-11-27T00:40:26.806785+00:00,train,3,4321,self,0.9050000000000438,0,95,,
2025-11-27T00:40:26.806889+00:00,train,3,4322,self,0.9050000000000438,0,100,,
2025-11-27T00:40:26.806991+00:00,train,3,4323,self,0.9050000000000438,0,98,,
2025-11-27T00:40:26.807097+00:00,train,3,4324,self,0.9050000000000438,0,99,,
2025-11-27T00:40:26.807201+00:00,train,3,4325,self,0.9050000000000438,0,93,,
2025-11-27T00:40:26.807305+00:00,train,3,4326,self,0.9050000000000438,0,100,,
2025-11-27T00:40:26.807410+00:00,train,3,4327,self,0.9050000000000438,0,94,,
2025-11-27T00:40:26.807515+00:00,train,3,4328,self,0.9050000000000438,0,96,,
2025-11-27T00:40:26.807619+00:00,train,3,4329,self,0.9050000000000438,0,89,,
2025-11-27T00:40:26.807722+00:00,train,3,4330,self,0.9050000000000438,0,90,,
2025-11-27T00:40:26.807826+00:00,train,3,4331,self,0.9050000000000438,0,97,,
2025-11-27T00:40:26.807930+00:00,train,3,4332,self,0.9050000000000438,0,99,,
2025-11-27T00:40:26.808035+00:00,train,3,4333,self,0.9050000000000438,0,92,,
2025-11-27T00:40:26.808138+00:00,train,3,4334,self,0.9050000000000438,0,100,,
2025-11-27T00:40:26.808242+00:00,train,3,4335,self,0.9050000000000438,0,94,,
2025-11-27T00:40:26.808346+00:00,train,3,4336,self,0.9050000000000438,0,95,,
2025-11-27T00:40:26.808451+00:00,train,3,4337,self,0.9050000000000438,0,98,,
2025-11-27T00:40:26.808555+00:00,train,3,4338,self,0.9050000000000438,0,100,,
2025-11-27T00:40:26.808659+00:00,train,3,4339,self,0.9050000000000438,0,97,,
2025-11-27T00:40:26.808763+00:00,train,3,4340,self,0.9050000000000438,0,97,,
2025-11-27T00:40:26.808867+00:00,train,3,4341,self,0.9050000000000438,0,92,,
2025-11-27T00:40:26.808971+00:00,train,3,4342,self,0.9050000000000438,0,97,,
2025-11-27T00:40:26.809074+00:00,train,3,4343,self,0.9050000000000438,0,98,,
2025-11-27T00:40:26.809179+00:00,train,3,4344,self,0.9050000000000438,0,100,,
2025-11-27T00:40:26.809283+00:00,train,3,4345,self,0.9050000000000438,0,93,,
2025-11-27T00:40:26.809387+00:00,train,3,4346,self,0.9050000000000438,0,97,,
2025-11-27T00:40:26.809491+00:00,train,3,4347,self,0.9050000000000438,0,91,,
2025-11-27T00:40:26.809595+00:00,train,3,4348,self,0.9050000000000438,0,99,,
2025-11-27T00:40:26.809699+00:00,train,3,4349,self,0.9050000000000438,0,87,,
2025-11-27T00:40:26.809805+00:00,train,3,4350,self,0.9050000000000438,0,99,,
2025-11-27T00:40:26.809909+00:00,train,3,4351,self,0.9050000000000438,0,97,,
2025-11-27T00:40:26.810013+00:00,train,3,4352,self,0.9050000000000438,0,100,,
2025-11-27T00:40:26.810117+00:00,train,3,4353,self,0.9050000000000438,0,95,,
2025-11-27T00:40:26.810221+00:00,train,3,4354,self,0.9050000000000438,0,98,,
2025-11-27T00:40:26.810325+00:00,train,3,4355,self,0.9050000000000438,0,96,,
2025-11-27T00:40:26.810429+00:00,train,3,4356,self,0.9050000000000438,0,99,,
2025-11-27T00:40:26.810532+00:00,train,3,4357,self,0.9050000000000438,0,90,,
2025-11-27T00:40:26.810636+00:00,train,3,4358,self,0.9050000000000438,0,93,,
2025-11-27T00:40:26.810739+00:00,train,3,4359,self,0.9050000000000438,0,85,,
2025-11-27T00:40:26.810843+00:00,train,3,4360,self,0.9050000000000438,0,99,,
2025-11-27T00:40:26.810946+00:00,train,3,4361,self,0.9050000000000438,0,95,,
2025-11-27T00:40:26.811049+00:00,train,3,4362,self,0.9050000000000438,0,97,,
2025-11-27T00:40:26.811153+00:00,train,3,4363,self,0.9050000000000438,0,92,,
2025-11-27T00:40:26.811256+00:00,train,3,4364,self,0.9050000000000438,0,94,,
2025-11-27T00:40:26.811360+00:00,train,3,4365,self,0.9050000000000438,0,98,,
2025-11-27T00:40:26.811464+00:00,train,3,4366,self,0.9050000000000438,0,98,,
2025-11-27T00:40:26.811568+00:00,train,3,4367,self,0.9050000000000438,0,100,,
2025-11-27T00:40:26.811671+00:00,train,3,4368,self,0.9050000000000438,0,100,,
2025-11-27T00:40:26.811775+00:00,train,3,4369,self,0.9050000000000438,0,84,,
2025-11-27T00:40:26.811878+00:00,train,3,4370,self,0.9050000000000438,0,99,,
2025-11-27T00:40:26.811981+00:00,train,3,4371,self,0.9050000000000438,0,99,,
2025-11-27T00:40:26.812084+00:00,train,3,4372,self,0.9050000000000438,0,100,,
2025-11-27T00:40:26.812188+00:00,train,3,4373,self,0.9050000000000438,0,98,,
2025-11-27T00:40:26.812291+00:00,train,3,4374,self,0.9050000000000438,0,100,,
2025-11-27T00:40:26.812394+00:00,train,3,4375,self,0.9050000000000438,0,73,,
2025-11-27T00:40:26.812500+00:00,train,3,4376,self,0.9050000000000438,0,100,,
2025-11-27T00:40:26.812604+00:00,train,3,4377,self,0.9050000000000438,0,95,,
2025-11-27T00:40:26.812815+00:00,train,3,4378,self,0.9050000000000438,0,99,,
2025-11-27T00:40:26.812941+00:00,train,3,4379,self,0.9050000000000438,0,94,,
2025-11-27T00:40:26.813056+00:00,train,3,4380,self,0.9050000000000438,0,100,,
2025-11-27T00:40:26.813167+00:00,train,3,4381,self,0.9050000000000438,0,94,,
2025-11-27T00:40:26.813277+00:00,train,3,4382,self,0.9050000000000438,0,98,,
2025-11-27T00:40:26.813427+00:00,train,3,4383,self,0.9050000000000438,0,97,,
2025-11-27T00:40:26.813533+00:00,train,3,4384,self,0.9050000000000438,0,100,,
2025-11-27T00:40:26.813639+00:00,train,3,4385,self,0.9050000000000438,0,97,,
2025-11-27T00:40:26.813744+00:00,train,3,4386,self,0.9050000000000438,0,99,,
2025-11-27T00:40:26.813849+00:00,train,3,4387,self,0.9050000000000438,0,98,,
2025-11-27T00:40:26.813953+00:00,train,3,4388,self,0.9050000000000438,0,100,,
2025-11-27T00:40:26.814058+00:00,train,3,4389,self,0.9050000000000438,0,97,,
2025-11-27T00:40:26.814162+00:00,train,3,4390,self,0.9050000000000438,0,99,,
2025-11-27T00:40:26.814267+00:00,train,3,4391,self,0.9050000000000438,0,84,,
2025-11-27T00:40:26.814371+00:00,train,3,4392,self,0.9050000000000438,0,90,,
2025-11-27T00:40:26.814475+00:00,train,3,4393,self,0.9050000000000438,0,92,,
2025-11-27T00:40:26.814580+00:00,train,3,4394,self,0.9050000000000438,0,97,,
2025-11-27T00:40:26.814684+00:00,train,3,4395,self,0.9050000000000438,0,98,,
2025-11-27T00:40:26.814788+00:00,train,3,4396,self,0.9050000000000438,0,99,,
2025-11-27T00:40:26.814892+00:00,train,3,4397,self,0.9050000000000438,0,95,,
2025-11-27T00:40:26.814996+00:00,train,3,4398,self,0.9050000000000438,0,95,,
2025-11-27T00:40:26.815099+00:00,train,3,4399,self,0.9050000000000438,0,99,,
2025-11-27T00:40:26.815202+00:00,train,3,4400,self,0.9050000000000438,0,100,,
2025-11-27T00:40:26.815305+00:00,train,3,4401,self,0.9050000000000438,0,96,,
2025-11-27T00:40:26.815410+00:00,train,3,4402,self,0.9050000000000438,0,98,,
2025-11-27T00:40:26.815513+00:00,train,3,4403,self,0.9050000000000438,0,95,,
2025-11-27T00:40:26.815617+00:00,train,3,4404,self,0.9050000000000438,0,97,,
2025-11-27T00:40:26.815720+00:00,train,3,4405,self,0.9050000000000438,0,96,,
2025-11-27T00:40:26.815824+00:00,train,3,4406,self,0.9050000000000438,0,97,,
2025-11-27T00:40:26.815928+00:00,train,3,4407,self,0.9050000000000438,0,89,,
2025-11-27T00:40:26.816032+00:00,train,3,4408,self,0.9050000000000438,0,99,,
2025-11-27T00:40:26.816136+00:00,train,3,4409,self,0.9050000000000438,0,96,,
2025-11-27T00:40:26.816239+00:00,train,3,4410,self,0.9050000000000438,0,98,,
2025-11-27T00:40:26.816399+00:00,train,3,4411,self,0.9050000000000438,0,96,,
2025-11-27T00:40:26.816503+00:00,train,3,4412,self,0.9050000000000438,0,97,,
2025-11-27T00:40:26.816607+00:00,train,3,4413,self,0.9050000000000438,0,98,,
2025-11-27T00:40:26.816711+00:00,train,3,4414,self,0.9050000000000438,0,100,,
2025-11-27T00:40:26.816815+00:00,train,3,4415,self,0.9050000000000438,0,85,,
2025-11-27T00:40:26.816918+00:00,train,3,4416,self,0.9050000000000438,0,98,,
2025-11-27T00:40:26.817022+00:00,train,3,4417,self,0.9050000000000438,0,97,,
2025-11-27T00:40:26.817126+00:00,train,3,4418,self,0.9050000000000438,0,100,,
2025-11-27T00:40:26.817230+00:00,train,3,4419,self,0.9050000000000438,0,93,,
2025-11-27T00:40:26.817333+00:00,train,3,4420,self,0.9050000000000438,0,95,,
2025-11-27T00:40:26.817437+00:00,train,3,4421,self,0.9050000000000438,0,97,,
2025-11-27T00:40:26.817541+00:00,train,3,4422,self,0.9050000000000438,0,99,,
2025-11-27T00:40:26.817665+00:00,train,3,4423,self,0.9050000000000438,0,89,,
2025-11-27T00:40:26.817770+00:00,train,3,4424,self,0.9050000000000438,0,95,,
2025-11-27T00:40:26.817874+00:00,train,3,4425,self,0.9050000000000438,0,98,,
2025-11-27T00:40:26.817978+00:00,train,3,4426,self,0.9050000000000438,0,100,,
2025-11-27T00:40:26.818082+00:00,train,3,4427,self,0.9050000000000438,0,83,,
2025-11-27T00:40:26.818189+00:00,train,3,4428,self,0.9050000000000438,0,92,,
2025-11-27T00:40:26.818293+00:00,train,3,4429,self,0.9050000000000438,0,97,,
2025-11-27T00:40:26.818397+00:00,train,3,4430,self,0.9050000000000438,0,98,,
2025-11-27T00:40:26.818500+00:00,train,3,4431,self,0.9050000000000438,0,95,,
2025-11-27T00:40:26.818604+00:00,train,3,4432,self,0.9050000000000438,0,98,,
2025-11-27T00:40:26.818708+00:00,train,3,4433,self,0.9050000000000438,0,96,,
2025-11-27T00:40:26.818812+00:00,train,3,4434,self,0.9050000000000438,0,97,,
2025-11-27T00:40:26.818916+00:00,train,3,4435,self,0.9050000000000438,0,92,,
2025-11-27T00:40:26.819020+00:00,train,3,4436,self,0.9050000000000438,0,96,,
2025-11-27T00:40:26.819124+00:00,train,3,4437,self,0.9050000000000438,0,91,,
2025-11-27T00:40:26.819228+00:00,train,3,4438,self,0.9050000000000438,0,98,,
2025-11-27T00:40:26.819350+00:00,train,3,4439,self,0.9050000000000438,0,97,,
2025-11-27T00:40:26.819454+00:00,train,3,4440,self,0.9050000000000438,0,98,,
2025-11-27T00:40:26.819575+00:00,train,3,4441,self,0.9050000000000438,0,91,,
2025-11-27T00:40:26.819680+00:00,train,3,4442,self,0.9050000000000438,0,97,,
2025-11-27T00:40:26.819787+00:00,train,3,4443,self,0.9050000000000438,0,87,,
2025-11-27T00:40:26.819891+00:00,train,3,4444,self,0.9050000000000438,0,91,,
2025-11-27T00:40:26.819996+00:00,train,3,4445,self,0.9050000000000438,0,95,,
2025-11-27T00:40:26.820101+00:00,train,3,4446,self,0.9050000000000438,0,95,,
2025-11-27T00:40:26.820205+00:00,train,3,4447,self,0.9050000000000438,0,93,,
2025-11-27T00:40:26.820311+00:00,train,3,4448,self,0.9050000000000438,0,98,,
2025-11-27T00:40:26.820415+00:00,train,3,4449,self,0.9050000000000438,0,98,,
2025-11-27T00:40:26.820520+00:00,train,3,4450,self,0.9050000000000438,0,99,,
2025-11-27T00:40:26.820624+00:00,train,3,4451,self,0.9050000000000438,0,92,,
2025-11-27T00:40:26.820728+00:00,train,3,4452,self,0.9050000000000438,0,100,,
2025-11-27T00:40:26.820834+00:00,train,3,4453,self,0.9050000000000438,0,99,,
2025-11-27T00:40:26.820938+00:00,train,3,4454,self,0.9050000000000438,0,100,,
2025-11-27T00:40:26.821042+00:00,train,3,4455,self,0.9050000000000438,0,96,,
2025-11-27T00:40:26.821146+00:00,train,3,4456,self,0.9050000000000438,0,96,,
2025-11-27T00:40:26.821251+00:00,train,3,4457,self,0.9050000000000438,0,96,,
2025-11-27T00:40:26.821355+00:00,train,3,4458,self,0.9050000000000438,0,97,,
2025-11-27T00:40:26.821459+00:00,train,3,4459,self,0.9050000000000438,0,96,,
2025-11-27T00:40:26.821564+00:00,train,3,4460,self,0.9050000000000438,0,99,,
2025-11-27T00:40:26.821667+00:00,train,3,4461,self,0.9050000000000438,0,95,,
2025-11-27T00:40:26.821771+00:00,train,3,4462,self,0.9050000000000438,0,96,,
2025-11-27T00:40:26.821875+00:00,train,3,4463,self,0.9050000000000438,0,95,,
2025-11-27T00:40:26.821979+00:00,train,3,4464,self,0.9050000000000438,0,98,,
2025-11-27T00:40:26.822083+00:00,train,3,4465,self,0.9050000000000438,0,92,,
2025-11-27T00:40:26.822186+00:00,train,3,4466,self,0.9050000000000438,0,99,,
2025-11-27T00:40:26.822290+00:00,train,3,4467,self,0.9050000000000438,0,98,,
2025-11-27T00:40:26.822394+00:00,train,3,4468,self,0.9050000000000438,0,100,,
2025-11-27T00:40:26.822498+00:00,train,3,4469,self,0.9050000000000438,0,86,,
2025-11-27T00:40:26.822602+00:00,train,3,4470,self,0.9050000000000438,0,100,,
2025-11-27T00:40:26.822705+00:00,train,3,4471,self,0.9050000000000438,0,90,,
2025-11-27T00:40:26.822810+00:00,train,3,4472,self,0.9050000000000438,0,96,,
2025-11-27T00:40:26.823017+00:00,train,3,4473,self,0.9050000000000438,0,96,,
2025-11-27T00:40:26.823149+00:00,train,3,4474,self,0.9050000000000438,0,99,,
2025-11-27T00:40:26.823266+00:00,train,3,4475,self,0.9050000000000438,0,97,,
2025-11-27T00:40:26.823378+00:00,train,3,4476,self,0.9050000000000438,0,100,,
2025-11-27T00:40:26.823488+00:00,train,3,4477,self,0.9050000000000438,0,79,,
2025-11-27T00:40:26.823596+00:00,train,3,4478,self,0.9050000000000438,0,99,,
2025-11-27T00:40:26.823709+00:00,train,3,4479,self,0.9050000000000438,0,94,,
2025-11-27T00:40:26.823815+00:00,train,3,4480,self,0.9050000000000438,0,98,,
2025-11-27T00:40:26.823925+00:00,train,3,4481,self,0.9050000000000438,0,67,,
2025-11-27T00:40:26.824031+00:00,train,3,4482,self,0.9050000000000438,0,97,,
2025-11-27T00:40:26.824136+00:00,train,3,4483,self,0.9050000000000438,0,86,,
2025-11-27T00:40:26.824241+00:00,train,3,4484,self,0.9050000000000438,0,94,,
2025-11-27T00:40:26.824346+00:00,train,3,4485,self,0.9050000000000438,0,91,,
2025-11-27T00:40:26.824451+00:00,train,3,4486,self,0.9050000000000438,0,97,,
2025-11-27T00:40:26.824556+00:00,train,3,4487,self,0.9050000000000438,0,97,,
2025-11-27T00:40:26.824660+00:00,train,3,4488,self,0.9050000000000438,0,98,,
2025-11-27T00:40:26.824765+00:00,train,3,4489,self,0.9050000000000438,0,94,,
2025-11-27T00:40:26.824869+00:00,train,3,4490,self,0.9050000000000438,0,99,,
2025-11-27T00:40:26.824974+00:00,train,3,4491,self,0.9050000000000438,0,98,,
2025-11-27T00:40:26.825078+00:00,train,3,4492,self,0.9050000000000438,0,99,,
2025-11-27T00:40:26.825183+00:00,train,3,4493,self,0.9050000000000438,0,91,,
2025-11-27T00:40:26.825287+00:00,train,3,4494,self,0.9050000000000438,0,97,,
2025-11-27T00:40:26.825391+00:00,train,3,4495,self,0.9050000000000438,0,80,,
2025-11-27T00:40:26.825495+00:00,train,3,4496,self,0.9050000000000438,0,94,,
2025-11-27T00:40:26.825599+00:00,train,3,4497,self,0.9050000000000438,0,93,,
2025-11-27T00:40:26.825703+00:00,train,3,4498,self,0.9050000000000438,0,98,,
2025-11-27T00:40:26.825807+00:00,train,3,4499,self,0.9050000000000438,0,93,,
2025-11-27T00:40:26.825912+00:00,train,3,4500,self,0.9050000000000438,0,100,,
2025-11-27T00:40:26.839082+00:00,train,3,4501,self,0.9050000000000438,0,97,,
2025-11-27T00:40:26.839310+00:00,train,3,4502,self,0.9050000000000438,0,99,,
2025-11-27T00:40:26.839462+00:00,train,3,4503,self,0.9050000000000438,0,94,,
2025-11-27T00:40:26.839608+00:00,train,3,4504,self,0.9050000000000438,0,100,,
2025-11-27T00:40:26.839765+00:00,train,3,4505,self,0.9050000000000438,0,97,,
2025-11-27T00:40:26.839912+00:00,train,3,4506,self,0.9050000000000438,0,99,,
2025-11-27T00:40:26.840055+00:00,train,3,4507,self,0.9050000000000438,0,96,,
2025-11-27T00:40:26.840196+00:00,train,3,4508,self,0.9050000000000438,0,98,,
2025-11-27T00:40:26.840404+00:00,train,3,4509,self,0.9050000000000438,0,92,,
2025-11-27T00:40:26.840570+00:00,train,3,4510,self,0.9050000000000438,0,100,,
2025-11-27T00:40:26.840738+00:00,train,3,4511,self,0.9050000000000438,0,84,,
2025-11-27T00:40:26.840893+00:00,train,3,4512,self,0.9050000000000438,0,99,,
2025-11-27T00:40:26.841042+00:00,train,3,4513,self,0.9050000000000438,0,99,,
2025-11-27T00:40:26.841190+00:00,train,3,4514,self,0.9050000000000438,0,100,,
2025-11-27T00:40:26.841337+00:00,train,3,4515,self,0.9050000000000438,0,97,,
2025-11-27T00:40:26.841482+00:00,train,3,4516,self,0.9050000000000438,0,98,,
2025-11-27T00:40:26.841628+00:00,train,3,4517,self,0.9050000000000438,0,93,,
2025-11-27T00:40:26.841772+00:00,train,3,4518,self,0.9050000000000438,0,94,,
2025-11-27T00:40:26.841916+00:00,train,3,4519,self,0.9050000000000438,0,80,,
2025-11-27T00:40:26.842061+00:00,train,3,4520,self,0.9050000000000438,0,95,,
2025-11-27T00:40:26.842206+00:00,train,3,4521,self,0.9050000000000438,0,98,,
2025-11-27T00:40:26.842352+00:00,train,3,4522,self,0.9050000000000438,0,100,,
2025-11-27T00:40:26.842496+00:00,train,3,4523,self,0.9050000000000438,0,97,,
2025-11-27T00:40:26.842641+00:00,train,3,4524,self,0.9050000000000438,0,98,,
2025-11-27T00:40:26.842786+00:00,train,3,4525,self,0.9050000000000438,0,99,,
2025-11-27T00:40:26.842930+00:00,train,3,4526,self,0.9050000000000438,0,100,,
2025-11-27T00:40:26.843075+00:00,train,3,4527,self,0.9050000000000438,0,82,,
2025-11-27T00:40:26.843218+00:00,train,3,4528,self,0.9050000000000438,0,97,,
2025-11-27T00:40:26.843362+00:00,train,3,4529,self,0.9050000000000438,0,90,,
2025-11-27T00:40:26.843506+00:00,train,3,4530,self,0.9050000000000438,0,97,,
2025-11-27T00:40:26.843650+00:00,train,3,4531,self,0.9050000000000438,0,96,,
2025-11-27T00:40:26.843793+00:00,train,3,4532,self,0.9050000000000438,0,98,,
2025-11-27T00:40:26.843941+00:00,train,3,4533,self,0.9050000000000438,0,95,,
2025-11-27T00:40:26.844086+00:00,train,3,4534,self,0.9050000000000438,0,99,,
2025-11-27T00:40:26.844231+00:00,train,3,4535,self,0.9050000000000438,0,72,,
2025-11-27T00:40:26.844377+00:00,train,3,4536,self,0.9050000000000438,0,100,,
2025-11-27T00:40:26.844522+00:00,train,3,4537,self,0.9050000000000438,0,87,,
2025-11-27T00:40:26.844666+00:00,train,3,4538,self,0.9050000000000438,0,90,,
2025-11-27T00:40:26.844810+00:00,train,3,4539,self,0.9050000000000438,0,88,,
2025-11-27T00:40:26.844955+00:00,train,3,4540,self,0.9050000000000438,0,99,,
2025-11-27T00:40:26.845100+00:00,train,3,4541,self,0.9050000000000438,0,92,,
2025-11-27T00:40:26.845245+00:00,train,3,4542,self,0.9050000000000438,0,96,,
2025-11-27T00:40:26.845395+00:00,train,3,4543,self,0.9050000000000438,0,91,,
2025-11-27T00:40:26.845539+00:00,train,3,4544,self,0.9050000000000438,0,99,,
2025-11-27T00:40:26.845683+00:00,train,3,4545,self,0.9050000000000438,0,99,,
2025-11-27T00:40:26.845827+00:00,train,3,4546,self,0.9050000000000438,0,100,,
2025-11-27T00:40:26.845972+00:00,train,3,4547,self,0.9050000000000438,0,89,,
2025-11-27T00:40:26.846116+00:00,train,3,4548,self,0.9050000000000438,0,100,,
2025-11-27T00:40:26.846261+00:00,train,3,4549,self,0.9050000000000438,0,90,,
2025-11-27T00:40:26.846405+00:00,train,3,4550,self,0.9050000000000438,0,95,,
2025-11-27T00:40:26.846549+00:00,train,3,4551,self,0.9050000000000438,0,99,,
2025-11-27T00:40:26.846695+00:00,train,3,4552,self,0.9050000000000438,0,100,,
2025-11-27T00:40:26.846840+00:00,train,3,4553,self,0.9050000000000438,0,81,,
2025-11-27T00:40:26.846986+00:00,train,3,4554,self,0.9050000000000438,0,83,,
2025-11-27T00:40:26.847130+00:00,train,3,4555,self,0.9050000000000438,0,92,,
2025-11-27T00:40:26.847275+00:00,train,3,4556,self,0.9050000000000438,0,99,,
2025-11-27T00:40:26.847423+00:00,train,3,4557,self,0.9050000000000438,0,92,,
2025-11-27T00:40:26.847567+00:00,train,3,4558,self,0.9050000000000438,0,100,,
2025-11-27T00:40:26.847713+00:00,train,3,4559,self,0.9050000000000438,0,91,,
2025-11-27T00:40:26.847857+00:00,train,3,4560,self,0.9050000000000438,0,92,,
2025-11-27T00:40:26.848001+00:00,train,3,4561,self,0.9050000000000438,0,94,,
2025-11-27T00:40:26.848145+00:00,train,3,4562,self,0.9050000000000438,0,99,,
2025-11-27T00:40:26.848290+00:00,train,3,4563,self,0.9050000000000438,0,91,,
2025-11-27T00:40:26.848434+00:00,train,3,4564,self,0.9050000000000438,0,97,,
2025-11-27T00:40:26.848579+00:00,train,3,4565,self,0.9050000000000438,0,97,,
2025-11-27T00:40:26.848725+00:00,train,3,4566,self,0.9050000000000438,0,99,,
2025-11-27T00:40:26.848869+00:00,train,3,4567,self,0.9050000000000438,0,93,,
2025-11-27T00:40:26.849013+00:00,train,3,4568,self,0.9050000000000438,0,99,,
2025-11-27T00:40:26.849156+00:00,train,3,4569,self,0.9050000000000438,0,98,,
2025-11-27T00:40:26.849301+00:00,train,3,4570,self,0.9050000000000438,0,100,,
2025-11-27T00:40:26.849457+00:00,train,3,4571,self,0.9050000000000438,0,94,,
2025-11-27T00:40:26.849602+00:00,train,3,4572,self,0.9050000000000438,0,98,,
2025-11-27T00:40:26.849747+00:00,train,3,4573,self,0.9050000000000438,0,96,,
2025-11-27T00:40:26.849895+00:00,train,3,4574,self,0.9050000000000438,0,98,,
2025-11-27T00:40:26.850040+00:00,train,3,4575,self,0.9050000000000438,0,92,,
2025-11-27T00:40:26.850184+00:00,train,3,4576,self,0.9050000000000438,0,99,,
2025-11-27T00:40:26.850333+00:00,train,3,4577,self,0.9050000000000438,0,93,,
2025-11-27T00:40:26.850478+00:00,train,3,4578,self,0.9050000000000438,0,96,,
2025-11-27T00:40:26.850625+00:00,train,3,4579,self,0.9050000000000438,0,91,,
2025-11-27T00:40:26.850771+00:00,train,3,4580,self,0.9050000000000438,0,97,,
2025-11-27T00:40:26.850929+00:00,train,3,4581,self,0.9050000000000438,0,96,,
2025-11-27T00:40:26.851068+00:00,train,3,4582,self,0.9050000000000438,0,99,,
2025-11-27T00:40:26.851209+00:00,train,3,4583,self,0.9050000000000438,0,96,,
2025-11-27T00:40:26.851348+00:00,train,3,4584,self,0.9050000000000438,0,98,,
2025-11-27T00:40:26.851487+00:00,train,3,4585,self,0.9050000000000438,0,94,,
2025-11-27T00:40:26.851629+00:00,train,3,4586,self,0.9050000000000438,0,100,,
2025-11-27T00:40:26.851769+00:00,train,3,4587,self,0.9050000000000438,0,96,,
2025-11-27T00:40:26.851908+00:00,train,3,4588,self,0.9050000000000438,0,100,,
2025-11-27T00:40:26.852048+00:00,train,3,4589,self,0.9050000000000438,0,79,,
2025-11-27T00:40:26.852188+00:00,train,3,4590,self,0.9050000000000438,0,96,,
2025-11-27T00:40:26.852328+00:00,train,3,4591,self,0.9050000000000438,0,93,,
2025-11-27T00:40:26.852468+00:00,train,3,4592,self,0.9050000000000438,0,93,,
2025-11-27T00:40:26.852608+00:00,train,3,4593,self,0.9050000000000438,0,95,,
2025-11-27T00:40:26.852746+00:00,train,3,4594,self,0.9050000000000438,0,97,,
2025-11-27T00:40:26.852884+00:00,train,3,4595,self,0.9050000000000438,0,95,,
2025-11-27T00:40:26.853024+00:00,train,3,4596,self,0.9050000000000438,0,100,,
2025-11-27T00:40:26.853164+00:00,train,3,4597,self,0.9050000000000438,0,96,,
2025-11-27T00:40:26.853307+00:00,train,3,4598,self,0.9050000000000438,0,99,,
2025-11-27T00:40:26.853446+00:00,train,3,4599,self,0.9050000000000438,0,97,,
2025-11-27T00:40:26.853585+00:00,train,3,4600,self,0.9050000000000438,0,98,,
2025-11-27T00:40:26.853726+00:00,train,3,4601,self,0.9050000000000438,0,96,,
2025-11-27T00:40:26.853875+00:00,train,3,4602,self,0.9050000000000438,0,97,,
2025-11-27T00:40:26.854011+00:00,train,3,4603,self,0.9050000000000438,0,79,,
2025-11-27T00:40:26.854146+00:00,train,3,4604,self,0.9050000000000438,0,94,,
2025-11-27T00:40:26.854281+00:00,train,3,4605,self,0.9050000000000438,0,99,,
2025-11-27T00:40:26.854417+00:00,train,3,4606,self,0.9050000000000438,0,100,,
2025-11-27T00:40:26.854552+00:00,train,3,4607,self,0.9050000000000438,0,94,,
2025-11-27T00:40:26.854687+00:00,train,3,4608,self,0.9050000000000438,0,99,,
2025-11-27T00:40:26.854823+00:00,train,3,4609,self,0.9050000000000438,0,90,,
2025-11-27T00:40:26.854958+00:00,train,3,4610,self,0.9050000000000438,0,92,,
2025-11-27T00:40:26.855093+00:00,train,3,4611,self,0.9050000000000438,0,88,,
2025-11-27T00:40:26.855229+00:00,train,3,4612,self,0.9050000000000438,0,97,,
2025-11-27T00:40:26.855365+00:00,train,3,4613,self,0.9050000000000438,0,91,,
2025-11-27T00:40:26.855500+00:00,train,3,4614,self,0.9050000000000438,0,94,,
2025-11-27T00:40:26.855636+00:00,train,3,4615,self,0.9050000000000438,0,73,,
2025-11-27T00:40:26.855771+00:00,train,3,4616,self,0.9050000000000438,0,100,,
2025-11-27T00:40:26.855905+00:00,train,3,4617,self,0.9050000000000438,0,98,,
2025-11-27T00:40:26.856041+00:00,train,3,4618,self,0.9050000000000438,0,98,,
2025-11-27T00:40:26.856176+00:00,train,3,4619,self,0.9050000000000438,0,93,,
2025-11-27T00:40:26.856311+00:00,train,3,4620,self,0.9050000000000438,0,98,,
2025-11-27T00:40:26.856447+00:00,train,3,4621,self,0.9050000000000438,0,90,,
2025-11-27T00:40:26.856583+00:00,train,3,4622,self,0.9050000000000438,0,98,,
2025-11-27T00:40:26.856718+00:00,train,3,4623,self,0.9050000000000438,0,97,,
2025-11-27T00:40:26.856853+00:00,train,3,4624,self,0.9050000000000438,0,98,,
2025-11-27T00:40:26.856988+00:00,train,3,4625,self,0.9050000000000438,0,88,,
2025-11-27T00:40:26.857124+00:00,train,3,4626,self,0.9050000000000438,0,97,,
2025-11-27T00:40:26.857259+00:00,train,3,4627,self,0.9050000000000438,0,98,,
2025-11-27T00:40:26.857394+00:00,train,3,4628,self,0.9050000000000438,0,98,,
2025-11-27T00:40:26.857529+00:00,train,3,4629,self,0.9050000000000438,0,96,,
2025-11-27T00:40:26.857664+00:00,train,3,4630,self,0.9050000000000438,0,96,,
2025-11-27T00:40:26.857799+00:00,train,3,4631,self,0.9050000000000438,0,97,,
2025-11-27T00:40:26.857935+00:00,train,3,4632,self,0.9050000000000438,0,100,,
2025-11-27T00:40:26.858071+00:00,train,3,4633,self,0.9050000000000438,0,97,,
2025-11-27T00:40:26.858207+00:00,train,3,4634,self,0.9050000000000438,0,99,,
2025-11-27T00:40:26.858342+00:00,train,3,4635,self,0.9050000000000438,0,88,,
2025-11-27T00:40:26.858477+00:00,train,3,4636,self,0.9050000000000438,0,99,,
2025-11-27T00:40:26.858613+00:00,train,3,4637,self,0.9050000000000438,0,92,,
2025-11-27T00:40:26.858817+00:00,train,3,4638,self,0.9050000000000438,0,93,,
2025-11-27T00:40:26.858948+00:00,train,3,4639,self,0.9050000000000438,0,94,,
2025-11-27T00:40:26.859079+00:00,train,3,4640,self,0.9050000000000438,0,100,,
2025-11-27T00:40:26.859207+00:00,train,3,4641,self,0.9050000000000438,0,95,,
2025-11-27T00:40:26.859336+00:00,train,3,4642,self,0.9050000000000438,0,99,,
2025-11-27T00:40:26.859465+00:00,train,3,4643,self,0.9050000000000438,0,90,,
2025-11-27T00:40:26.859661+00:00,train,3,4644,self,0.9050000000000438,0,95,,
2025-11-27T00:40:26.859843+00:00,train,3,4645,self,0.9050000000000438,0,95,,
2025-11-27T00:40:26.860027+00:00,train,3,4646,self,0.9050000000000438,0,100,,
2025-11-27T00:40:26.860174+00:00,train,3,4647,self,0.9050000000000438,0,86,,
2025-11-27T00:40:26.860313+00:00,train,3,4648,self,0.9050000000000438,0,88,,
2025-11-27T00:40:26.860450+00:00,train,3,4649,self,0.9050000000000438,0,92,,
2025-11-27T00:40:26.860584+00:00,train,3,4650,self,0.9050000000000438,0,100,,
2025-11-27T00:40:26.860717+00:00,train,3,4651,self,0.9050000000000438,0,86,,
2025-11-27T00:40:26.860849+00:00,train,3,4652,self,0.9050000000000438,0,94,,
2025-11-27T00:40:26.860980+00:00,train,3,4653,self,0.9050000000000438,0,92,,
2025-11-27T00:40:26.861113+00:00,train,3,4654,self,0.9050000000000438,0,99,,
2025-11-27T00:40:26.861247+00:00,train,3,4655,self,0.9050000000000438,0,96,,
2025-11-27T00:40:26.861377+00:00,train,3,4656,self,0.9050000000000438,0,100,,
2025-11-27T00:40:26.861508+00:00,train,3,4657,self,0.9050000000000438,0,87,,
2025-11-27T00:40:26.861637+00:00,train,3,4658,self,0.9050000000000438,0,100,,
2025-11-27T00:40:26.861766+00:00,train,3,4659,self,0.9050000000000438,0,81,,
2025-11-27T00:40:26.861896+00:00,train,3,4660,self,0.9050000000000438,0,97,,
2025-11-27T00:40:26.862025+00:00,train,3,4661,self,0.9050000000000438,0,92,,
2025-11-27T00:40:26.862154+00:00,train,3,4662,self,0.9050000000000438,0,93,,
2025-11-27T00:40:26.862283+00:00,train,3,4663,self,0.9050000000000438,0,67,,
2025-11-27T00:40:26.862412+00:00,train,3,4664,self,0.9050000000000438,0,88,,
2025-11-27T00:40:26.862541+00:00,train,3,4665,self,0.9050000000000438,0,88,,
2025-11-27T00:40:26.862670+00:00,train,3,4666,self,0.9050000000000438,0,97,,
2025-11-27T00:40:26.862798+00:00,train,3,4667,self,0.9050000000000438,0,96,,
2025-11-27T00:40:26.862926+00:00,train,3,4668,self,0.9050000000000438,0,99,,
2025-11-27T00:40:26.863055+00:00,train,3,4669,self,0.9050000000000438,0,97,,
2025-11-27T00:40:26.863183+00:00,train,3,4670,self,0.9050000000000438,0,97,,
2025-11-27T00:40:26.863311+00:00,train,3,4671,self,0.9050000000000438,0,98,,
2025-11-27T00:40:26.863441+00:00,train,3,4672,self,0.9050000000000438,0,100,,
2025-11-27T00:40:26.863570+00:00,train,3,4673,self,0.9050000000000438,0,95,,
2025-11-27T00:40:26.863698+00:00,train,3,4674,self,0.9050000000000438,0,98,,
2025-11-27T00:40:26.863826+00:00,train,3,4675,self,0.9050000000000438,0,96,,
2025-11-27T00:40:26.863954+00:00,train,3,4676,self,0.9050000000000438,0,97,,
2025-11-27T00:40:26.864083+00:00,train,3,4677,self,0.9050000000000438,0,100,,
2025-11-27T00:40:26.864211+00:00,train,3,4678,self,0.9050000000000438,0,100,,
2025-11-27T00:40:26.864340+00:00,train,3,4679,self,0.9050000000000438,0,91,,
2025-11-27T00:40:26.864470+00:00,train,3,4680,self,0.9050000000000438,0,96,,
2025-11-27T00:40:26.864598+00:00,train,3,4681,self,0.9050000000000438,0,98,,
2025-11-27T00:40:26.864726+00:00,train,3,4682,self,0.9050000000000438,0,98,,
2025-11-27T00:40:26.864854+00:00,train,3,4683,self,0.9050000000000438,0,90,,
2025-11-27T00:40:26.864983+00:00,train,3,4684,self,0.9050000000000438,0,96,,
2025-11-27T00:40:26.865112+00:00,train,3,4685,self,0.9050000000000438,0,97,,
2025-11-27T00:40:26.865240+00:00,train,3,4686,self,0.9050000000000438,0,100,,
2025-11-27T00:40:26.865368+00:00,train,3,4687,self,0.9050000000000438,0,86,,
2025-11-27T00:40:26.865497+00:00,train,3,4688,self,0.9050000000000438,0,98,,
2025-11-27T00:40:26.865625+00:00,train,3,4689,self,0.9050000000000438,0,96,,
2025-11-27T00:40:26.865756+00:00,train,3,4690,self,0.9050000000000438,0,100,,
2025-11-27T00:40:26.865954+00:00,train,3,4691,self,0.9050000000000438,0,95,,
2025-11-27T00:40:26.866108+00:00,train,3,4692,self,0.9050000000000438,0,96,,
2025-11-27T00:40:26.866251+00:00,train,3,4693,self,0.9050000000000438,0,88,,
2025-11-27T00:40:26.866389+00:00,train,3,4694,self,0.9050000000000438,0,100,,
2025-11-27T00:40:26.866525+00:00,train,3,4695,self,0.9050000000000438,0,91,,
2025-11-27T00:40:26.866937+00:00,train,3,4696,self,0.9050000000000438,0,97,,
2025-11-27T00:40:26.867136+00:00,train,3,4697,self,0.9050000000000438,0,91,,
2025-11-27T00:40:26.867289+00:00,train,3,4698,self,0.9050000000000438,0,97,,
2025-11-27T00:40:26.867434+00:00,train,3,4699,self,0.9050000000000438,0,99,,
2025-11-27T00:40:26.867575+00:00,train,3,4700,self,0.9050000000000438,0,99,,
2025-11-27T00:40:26.867712+00:00,train,3,4701,self,0.9050000000000438,0,99,,
2025-11-27T00:40:26.867849+00:00,train,3,4702,self,0.9050000000000438,0,100,,
2025-11-27T00:40:26.867985+00:00,train,3,4703,self,0.9050000000000438,0,95,,
2025-11-27T00:40:26.868172+00:00,train,3,4704,self,0.9050000000000438,0,97,,
2025-11-27T00:40:26.868954+00:00,train,3,4705,self,0.9050000000000438,0,89,,
2025-11-27T00:40:26.869130+00:00,train,3,4706,self,0.9050000000000438,0,92,,
2025-11-27T00:40:26.869277+00:00,train,3,4707,self,0.9050000000000438,0,84,,
2025-11-27T00:40:26.869415+00:00,train,3,4708,self,0.9050000000000438,0,100,,
2025-11-27T00:40:26.869551+00:00,train,3,4709,self,0.9050000000000438,0,91,,
2025-11-27T00:40:26.869686+00:00,train,3,4710,self,0.9050000000000438,0,99,,
2025-11-27T00:40:26.869819+00:00,train,3,4711,self,0.9050000000000438,0,97,,
2025-11-27T00:40:26.870308+00:00,train,3,4712,self,0.9050000000000438,0,100,,
2025-11-27T00:40:26.870479+00:00,train,3,4713,self,0.9050000000000438,0,95,,
2025-11-27T00:40:26.870632+00:00,train,3,4714,self,0.9050000000000438,0,99,,
2025-11-27T00:40:26.870778+00:00,train,3,4715,self,0.9050000000000438,0,98,,
2025-11-27T00:40:26.870922+00:00,train,3,4716,self,0.9050000000000438,0,100,,
2025-11-27T00:40:26.871063+00:00,train,3,4717,self,0.9050000000000438,0,96,,
2025-11-27T00:40:26.871209+00:00,train,3,4718,self,0.9050000000000438,0,100,,
2025-11-27T00:40:26.871352+00:00,train,3,4719,self,0.9050000000000438,0,96,,
2025-11-27T00:40:26.871493+00:00,train,3,4720,self,0.9050000000000438,0,97,,
2025-11-27T00:40:26.871632+00:00,train,3,4721,self,0.9050000000000438,0,91,,
2025-11-27T00:40:26.871772+00:00,train,3,4722,self,0.9050000000000438,0,94,,
2025-11-27T00:40:26.871910+00:00,train,3,4723,self,0.9050000000000438,0,99,,
2025-11-27T00:40:26.872047+00:00,train,3,4724,self,0.9050000000000438,0,100,,
2025-11-27T00:40:26.872186+00:00,train,3,4725,self,0.9050000000000438,0,92,,
2025-11-27T00:40:26.872324+00:00,train,3,4726,self,0.9050000000000438,0,96,,
2025-11-27T00:40:26.872462+00:00,train,3,4727,self,0.9050000000000438,0,92,,
2025-11-27T00:40:26.872600+00:00,train,3,4728,self,0.9050000000000438,0,97,,
2025-11-27T00:40:26.872739+00:00,train,3,4729,self,0.9050000000000438,0,98,,
2025-11-27T00:40:26.872877+00:00,train,3,4730,self,0.9050000000000438,0,99,,
2025-11-27T00:40:26.873016+00:00,train,3,4731,self,0.9050000000000438,0,96,,
2025-11-27T00:40:26.873153+00:00,train,3,4732,self,0.9050000000000438,0,97,,
2025-11-27T00:40:26.873291+00:00,train,3,4733,self,0.9050000000000438,0,100,,
2025-11-27T00:40:26.873430+00:00,train,3,4734,self,0.9050000000000438,0,100,,
2025-11-27T00:40:26.873570+00:00,train,3,4735,self,0.9050000000000438,0,98,,
2025-11-27T00:40:26.873708+00:00,train,3,4736,self,0.9050000000000438,0,99,,
2025-11-27T00:40:26.873845+00:00,train,3,4737,self,0.9050000000000438,0,94,,
2025-11-27T00:40:26.873984+00:00,train,3,4738,self,0.9050000000000438,0,95,,
2025-11-27T00:40:26.874123+00:00,train,3,4739,self,0.9050000000000438,0,97,,
2025-11-27T00:40:26.874261+00:00,train,3,4740,self,0.9050000000000438,0,98,,
2025-11-27T00:40:26.874398+00:00,train,3,4741,self,0.9050000000000438,0,88,,
2025-11-27T00:40:26.874535+00:00,train,3,4742,self,0.9050000000000438,0,94,,
2025-11-27T00:40:26.874676+00:00,train,3,4743,self,0.9050000000000438,0,96,,
2025-11-27T00:40:26.874815+00:00,train,3,4744,self,0.9050000000000438,0,98,,
2025-11-27T00:40:26.874953+00:00,train,3,4745,self,0.9050000000000438,0,98,,
2025-11-27T00:40:26.875090+00:00,train,3,4746,self,0.9050000000000438,0,100,,
2025-11-27T00:40:26.875228+00:00,train,3,4747,self,0.9050000000000438,0,90,,
2025-11-27T00:40:26.875365+00:00,train,3,4748,self,0.9050000000000438,0,95,,
2025-11-27T00:40:26.875502+00:00,train,3,4749,self,0.9050000000000438,0,94,,
2025-11-27T00:40:26.875640+00:00,train,3,4750,self,0.9050000000000438,0,99,,
2025-11-27T00:40:26.875778+00:00,train,3,4751,self,0.9050000000000438,0,92,,
2025-11-27T00:40:26.875915+00:00,train,3,4752,self,0.9050000000000438,0,98,,
2025-11-27T00:40:26.876052+00:00,train,3,4753,self,0.9050000000000438,0,97,,
2025-11-27T00:40:26.876190+00:00,train,3,4754,self,0.9050000000000438,0,99,,
2025-11-27T00:40:26.876326+00:00,train,3,4755,self,0.9050000000000438,0,96,,
2025-11-27T00:40:26.876464+00:00,train,3,4756,self,0.9050000000000438,0,100,,
2025-11-27T00:40:26.876601+00:00,train,3,4757,self,0.9050000000000438,0,96,,
2025-11-27T00:40:26.876739+00:00,train,3,4758,self,0.9050000000000438,0,97,,
2025-11-27T00:40:26.876877+00:00,train,3,4759,self,0.9050000000000438,0,95,,
2025-11-27T00:40:26.877044+00:00,train,3,4760,self,0.9050000000000438,0,100,,
2025-11-27T00:40:26.877226+00:00,train,3,4761,self,0.9050000000000438,0,99,,
2025-11-27T00:40:26.877376+00:00,train,3,4762,self,0.9050000000000438,0,100,,
2025-11-27T00:40:26.877616+00:00,train,3,4763,self,0.9050000000000438,0,95,,
2025-11-27T00:40:26.877781+00:00,train,3,4764,self,0.9050000000000438,0,96,,
2025-11-27T00:40:26.877975+00:00,train,3,4765,self,0.9050000000000438,0,93,,
2025-11-27T00:40:26.878280+00:00,train,3,4766,self,0.9050000000000438,0,100,,
2025-11-27T00:40:26.878473+00:00,train,3,4767,self,0.9050000000000438,0,88,,
2025-11-27T00:40:26.878634+00:00,train,3,4768,self,0.9050000000000438,0,97,,
2025-11-27T00:40:26.878779+00:00,train,3,4769,self,0.9050000000000438,0,80,,
2025-11-27T00:40:26.878919+00:00,train,3,4770,self,0.9050000000000438,0,96,,
2025-11-27T00:40:26.879059+00:00,train,3,4771,self,0.9050000000000438,0,99,,
2025-11-27T00:40:26.879196+00:00,train,3,4772,self,0.9050000000000438,0,100,,
2025-11-27T00:40:26.879331+00:00,train,3,4773,self,0.9050000000000438,0,88,,
2025-11-27T00:40:26.879469+00:00,train,3,4774,self,0.9050000000000438,0,93,,
2025-11-27T00:40:26.879611+00:00,train,3,4775,self,0.9050000000000438,0,90,,
2025-11-27T00:40:26.879756+00:00,train,3,4776,self,0.9050000000000438,0,100,,
2025-11-27T00:40:26.879890+00:00,train,3,4777,self,0.9050000000000438,0,86,,
2025-11-27T00:40:26.880024+00:00,train,3,4778,self,0.9050000000000438,0,100,,
2025-11-27T00:40:26.880224+00:00,train,3,4779,self,0.9050000000000438,0,97,,
2025-11-27T00:40:26.880389+00:00,train,3,4780,self,0.9050000000000438,0,100,,
2025-11-27T00:40:26.880632+00:00,train,3,4781,self,0.9050000000000438,0,94,,
2025-11-27T00:40:26.880822+00:00,train,3,4782,self,0.9050000000000438,0,97,,
2025-11-27T00:40:26.881030+00:00,train,3,4783,self,0.9050000000000438,0,92,,
2025-11-27T00:40:26.881215+00:00,train,3,4784,self,0.9050000000000438,0,99,,
2025-11-27T00:40:26.881363+00:00,train,3,4785,self,0.9050000000000438,0,83,,
2025-11-27T00:40:26.881503+00:00,train,3,4786,self,0.9050000000000438,0,93,,
2025-11-27T00:40:26.881643+00:00,train,3,4787,self,0.9050000000000438,0,98,,
2025-11-27T00:40:26.881832+00:00,train,3,4788,self,0.9050000000000438,0,99,,
2025-11-27T00:40:26.882009+00:00,train,3,4789,self,0.9050000000000438,0,91,,
2025-11-27T00:40:26.882251+00:00,train,3,4790,self,0.9050000000000438,0,94,,
2025-11-27T00:40:26.882499+00:00,train,3,4791,self,0.9050000000000438,0,97,,
2025-11-27T00:40:26.882663+00:00,train,3,4792,self,0.9050000000000438,0,98,,
2025-11-27T00:40:26.882814+00:00,train,3,4793,self,0.9050000000000438,0,97,,
2025-11-27T00:40:26.882962+00:00,train,3,4794,self,0.9050000000000438,0,100,,
2025-11-27T00:40:26.883114+00:00,train,3,4795,self,0.9050000000000438,0,96,,
2025-11-27T00:40:26.883258+00:00,train,3,4796,self,0.9050000000000438,0,99,,
2025-11-27T00:40:26.883400+00:00,train,3,4797,self,0.9050000000000438,0,92,,
2025-11-27T00:40:26.883540+00:00,train,3,4798,self,0.9050000000000438,0,100,,
2025-11-27T00:40:26.883679+00:00,train,3,4799,self,0.9050000000000438,0,99,,
2025-11-27T00:40:26.883819+00:00,train,3,4800,self,0.9050000000000438,0,100,,
2025-11-27T00:40:26.883956+00:00,train,3,4801,self,0.9050000000000438,0,83,,
2025-11-27T00:40:26.884095+00:00,train,3,4802,self,0.9050000000000438,0,99,,
2025-11-27T00:40:26.884233+00:00,train,3,4803,self,0.9050000000000438,0,91,,
2025-11-27T00:40:26.884371+00:00,train,3,4804,self,0.9050000000000438,0,98,,
2025-11-27T00:40:26.884514+00:00,train,3,4805,self,0.9050000000000438,0,87,,
2025-11-27T00:40:26.884654+00:00,train,3,4806,self,0.9050000000000438,0,100,,
2025-11-27T00:40:26.884793+00:00,train,3,4807,self,0.9050000000000438,0,98,,
2025-11-27T00:40:26.884931+00:00,train,3,4808,self,0.9050000000000438,0,99,,
2025-11-27T00:40:26.885069+00:00,train,3,4809,self,0.9050000000000438,0,97,,
2025-11-27T00:40:26.885213+00:00,train,3,4810,self,0.9050000000000438,0,98,,
2025-11-27T00:40:26.885367+00:00,train,3,4811,self,0.9050000000000438,0,93,,
2025-11-27T00:40:26.885520+00:00,train,3,4812,self,0.9050000000000438,0,96,,
2025-11-27T00:40:26.885665+00:00,train,3,4813,self,0.9050000000000438,0,95,,
2025-11-27T00:40:26.885804+00:00,train,3,4814,self,0.9050000000000438,0,98,,
2025-11-27T00:40:26.885942+00:00,train,3,4815,self,0.9050000000000438,0,94,,
2025-11-27T00:40:26.886079+00:00,train,3,4816,self,0.9050000000000438,0,99,,
2025-11-27T00:40:26.886216+00:00,train,3,4817,self,0.9050000000000438,0,85,,
2025-11-27T00:40:26.886354+00:00,train,3,4818,self,0.9050000000000438,0,92,,
2025-11-27T00:40:26.886494+00:00,train,3,4819,self,0.9050000000000438,0,84,,
2025-11-27T00:40:26.886633+00:00,train,3,4820,self,0.9050000000000438,0,94,,
2025-11-27T00:40:26.886771+00:00,train,3,4821,self,0.9050000000000438,0,95,,
2025-11-27T00:40:26.886908+00:00,train,3,4822,self,0.9050000000000438,0,100,,
2025-11-27T00:40:26.887045+00:00,train,3,4823,self,0.9050000000000438,0,99,,
2025-11-27T00:40:26.887182+00:00,train,3,4824,self,0.9050000000000438,0,99,,
2025-11-27T00:40:26.887319+00:00,train,3,4825,self,0.9050000000000438,0,94,,
2025-11-27T00:40:26.887465+00:00,train,3,4826,self,0.9050000000000438,0,96,,
2025-11-27T00:40:26.887603+00:00,train,3,4827,self,0.9050000000000438,0,99,,
2025-11-27T00:40:26.887741+00:00,train,3,4828,self,0.9050000000000438,0,99,,
2025-11-27T00:40:26.887879+00:00,train,3,4829,self,0.9050000000000438,0,95,,
2025-11-27T00:40:26.888018+00:00,train,3,4830,self,0.9050000000000438,0,99,,
2025-11-27T00:40:26.888158+00:00,train,3,4831,self,0.9050000000000438,0,100,,
2025-11-27T00:40:26.888295+00:00,train,3,4832,self,0.9050000000000438,0,100,,
2025-11-27T00:40:26.888447+00:00,train,3,4833,self,0.9050000000000438,0,99,,
2025-11-27T00:40:26.888594+00:00,train,3,4834,self,0.9050000000000438,0,99,,
2025-11-27T00:40:26.888735+00:00,train,3,4835,self,0.9050000000000438,0,94,,
2025-11-27T00:40:26.888873+00:00,train,3,4836,self,0.9050000000000438,0,95,,
2025-11-27T00:40:26.889010+00:00,train,3,4837,self,0.9050000000000438,0,80,,
2025-11-27T00:40:26.889146+00:00,train,3,4838,self,0.9050000000000438,0,99,,
2025-11-27T00:40:26.889283+00:00,train,3,4839,self,0.9050000000000438,0,96,,
2025-11-27T00:40:26.889422+00:00,train,3,4840,self,0.9050000000000438,0,99,,
2025-11-27T00:40:26.889558+00:00,train,3,4841,self,0.9050000000000438,0,98,,
2025-11-27T00:40:26.889694+00:00,train,3,4842,self,0.9050000000000438,0,100,,
2025-11-27T00:40:26.889832+00:00,train,3,4843,self,0.9050000000000438,0,98,,
2025-11-27T00:40:26.889969+00:00,train,3,4844,self,0.9050000000000438,0,100,,
2025-11-27T00:40:26.890106+00:00,train,3,4845,self,0.9050000000000438,0,76,,
2025-11-27T00:40:26.890242+00:00,train,3,4846,self,0.9050000000000438,0,97,,
2025-11-27T00:40:26.890379+00:00,train,3,4847,self,0.9050000000000438,0,93,,
2025-11-27T00:40:26.890579+00:00,train,3,4848,self,0.9050000000000438,0,94,,
2025-11-27T00:40:26.890785+00:00,train,3,4849,self,0.9050000000000438,0,97,,
2025-11-27T00:40:26.891061+00:00,train,3,4850,self,0.9050000000000438,0,100,,
2025-11-27T00:40:26.891308+00:00,train,3,4851,self,0.9050000000000438,0,99,,
2025-11-27T00:40:26.891812+00:00,train,3,4852,self,0.9050000000000438,0,100,,
2025-11-27T00:40:26.892070+00:00,train,3,4853,self,0.9050000000000438,0,87,,
2025-11-27T00:40:26.892254+00:00,train,3,4854,self,0.9050000000000438,0,99,,
2025-11-27T00:40:26.892490+00:00,train,3,4855,self,0.9050000000000438,0,90,,
2025-11-27T00:40:26.892673+00:00,train,3,4856,self,0.9050000000000438,0,100,,
2025-11-27T00:40:26.892847+00:00,train,3,4857,self,0.9050000000000438,0,95,,
2025-11-27T00:40:26.892997+00:00,train,3,4858,self,0.9050000000000438,0,97,,
2025-11-27T00:40:26.893205+00:00,train,3,4859,self,0.9050000000000438,0,94,,
2025-11-27T00:40:26.893376+00:00,train,3,4860,self,0.9050000000000438,0,95,,
2025-11-27T00:40:26.893606+00:00,train,3,4861,self,0.9050000000000438,0,92,,
2025-11-27T00:40:26.893865+00:00,train,3,4862,self,0.9050000000000438,0,100,,
2025-11-27T00:40:26.894084+00:00,train,3,4863,self,0.9050000000000438,0,94,,
2025-11-27T00:40:26.894285+00:00,train,3,4864,self,0.9050000000000438,0,94,,
2025-11-27T00:40:26.894442+00:00,train,3,4865,self,0.9050000000000438,0,95,,
2025-11-27T00:40:26.894650+00:00,train,3,4866,self,0.9050000000000438,0,99,,
2025-11-27T00:40:26.894836+00:00,train,3,4867,self,0.9050000000000438,0,96,,
2025-11-27T00:40:26.894999+00:00,train,3,4868,self,0.9050000000000438,0,97,,
2025-11-27T00:40:26.895223+00:00,train,3,4869,self,0.9050000000000438,0,95,,
2025-11-27T00:40:26.895483+00:00,train,3,4870,self,0.9050000000000438,0,100,,
2025-11-27T00:40:26.895770+00:00,train,3,4871,self,0.9050000000000438,0,96,,
2025-11-27T00:40:26.895954+00:00,train,3,4872,self,0.9050000000000438,0,99,,
2025-11-27T00:40:26.896108+00:00,train,3,4873,self,0.9050000000000438,0,90,,
2025-11-27T00:40:26.896275+00:00,train,3,4874,self,0.9050000000000438,0,96,,
2025-11-27T00:40:26.896422+00:00,train,3,4875,self,0.9050000000000438,0,98,,
2025-11-27T00:40:26.896567+00:00,train,3,4876,self,0.9050000000000438,0,99,,
2025-11-27T00:40:26.896708+00:00,train,3,4877,self,0.9050000000000438,0,92,,
2025-11-27T00:40:26.896846+00:00,train,3,4878,self,0.9050000000000438,0,99,,
2025-11-27T00:40:26.897076+00:00,train,3,4879,self,0.9050000000000438,0,95,,
2025-11-27T00:40:26.897240+00:00,train,3,4880,self,0.9050000000000438,0,100,,
2025-11-27T00:40:26.897388+00:00,train,3,4881,self,0.9050000000000438,0,85,,
2025-11-27T00:40:26.897536+00:00,train,3,4882,self,0.9050000000000438,0,95,,
2025-11-27T00:40:26.897675+00:00,train,3,4883,self,0.9050000000000438,0,92,,
2025-11-27T00:40:26.897816+00:00,train,3,4884,self,0.9050000000000438,0,94,,
2025-11-27T00:40:26.897967+00:00,train,3,4885,self,0.9050000000000438,0,95,,
2025-11-27T00:40:26.898109+00:00,train,3,4886,self,0.9050000000000438,0,99,,
2025-11-27T00:40:26.898247+00:00,train,3,4887,self,0.9050000000000438,0,97,,
2025-11-27T00:40:26.898384+00:00,train,3,4888,self,0.9050000000000438,0,97,,
2025-11-27T00:40:26.898520+00:00,train,3,4889,self,0.9050000000000438,0,92,,
2025-11-27T00:40:26.898656+00:00,train,3,4890,self,0.9050000000000438,0,97,,
2025-11-27T00:40:26.898791+00:00,train,3,4891,self,0.9050000000000438,0,99,,
2025-11-27T00:40:26.898926+00:00,train,3,4892,self,0.9050000000000438,0,100,,
2025-11-27T00:40:26.899060+00:00,train,3,4893,self,0.9050000000000438,0,99,,
2025-11-27T00:40:26.899194+00:00,train,3,4894,self,0.9050000000000438,0,100,,
2025-11-27T00:40:26.899328+00:00,train,3,4895,self,0.9050000000000438,0,92,,
2025-11-27T00:40:26.899462+00:00,train,3,4896,self,0.9050000000000438,0,99,,
2025-11-27T00:40:26.899597+00:00,train,3,4897,self,0.9050000000000438,0,86,,
2025-11-27T00:40:26.899732+00:00,train,3,4898,self,0.9050000000000438,0,97,,
2025-11-27T00:40:26.899867+00:00,train,3,4899,self,0.9050000000000438,0,95,,
2025-11-27T00:40:26.900007+00:00,train,3,4900,self,0.9050000000000438,0,100,,
2025-11-27T00:40:26.900143+00:00,train,3,4901,self,0.9050000000000438,0,93,,
2025-11-27T00:40:26.900278+00:00,train,3,4902,self,0.9050000000000438,0,94,,
2025-11-27T00:40:26.900413+00:00,train,3,4903,self,0.9050000000000438,0,89,,
2025-11-27T00:40:26.900547+00:00,train,3,4904,self,0.9050000000000438,0,94,,
2025-11-27T00:40:26.900683+00:00,train,3,4905,self,0.9050000000000438,0,90,,
2025-11-27T00:40:26.900828+00:00,train,3,4906,self,0.9050000000000438,0,98,,
2025-11-27T00:40:26.900958+00:00,train,3,4907,self,0.9050000000000438,0,93,,
2025-11-27T00:40:26.901173+00:00,train,3,4908,self,0.9050000000000438,0,96,,
2025-11-27T00:40:26.901344+00:00,train,3,4909,self,0.9050000000000438,0,91,,
2025-11-27T00:40:26.901493+00:00,train,3,4910,self,0.9050000000000438,0,97,,
2025-11-27T00:40:26.901635+00:00,train,3,4911,self,0.9050000000000438,0,98,,
2025-11-27T00:40:26.901772+00:00,train,3,4912,self,0.9050000000000438,0,100,,
2025-11-27T00:40:26.901909+00:00,train,3,4913,self,0.9050000000000438,0,90,,
2025-11-27T00:40:26.902044+00:00,train,3,4914,self,0.9050000000000438,0,97,,
2025-11-27T00:40:26.902178+00:00,train,3,4915,self,0.9050000000000438,0,83,,
2025-11-27T00:40:26.902314+00:00,train,3,4916,self,0.9050000000000438,0,100,,
2025-11-27T00:40:26.902447+00:00,train,3,4917,self,0.9050000000000438,0,98,,
2025-11-27T00:40:26.902582+00:00,train,3,4918,self,0.9050000000000438,0,99,,
2025-11-27T00:40:26.902816+00:00,train,3,4919,self,0.9050000000000438,0,93,,
2025-11-27T00:40:26.903022+00:00,train,3,4920,self,0.9050000000000438,0,94,,
2025-11-27T00:40:26.903191+00:00,train,3,4921,self,0.9050000000000438,0,90,,
2025-11-27T00:40:26.903349+00:00,train,3,4922,self,0.9050000000000438,0,100,,
2025-11-27T00:40:26.903503+00:00,train,3,4923,self,0.9050000000000438,0,94,,
2025-11-27T00:40:26.903653+00:00,train,3,4924,self,0.9050000000000438,0,97,,
2025-11-27T00:40:26.903794+00:00,train,3,4925,self,0.9050000000000438,0,87,,
2025-11-27T00:40:26.903985+00:00,train,3,4926,self,0.9050000000000438,0,93,,
2025-11-27T00:40:26.904178+00:00,train,3,4927,self,0.9050000000000438,0,99,,
2025-11-27T00:40:26.904346+00:00,train,3,4928,self,0.9050000000000438,0,100,,
2025-11-27T00:40:26.904598+00:00,train,3,4929,self,0.9050000000000438,0,95,,
2025-11-27T00:40:26.904781+00:00,train,3,4930,self,0.9050000000000438,0,99,,
2025-11-27T00:40:26.904938+00:00,train,3,4931,self,0.9050000000000438,0,88,,
2025-11-27T00:40:26.905113+00:00,train,3,4932,self,0.9050000000000438,0,100,,
2025-11-27T00:40:26.905294+00:00,train,3,4933,self,0.9050000000000438,0,91,,
2025-11-27T00:40:26.905446+00:00,train,3,4934,self,0.9050000000000438,0,91,,
2025-11-27T00:40:26.905594+00:00,train,3,4935,self,0.9050000000000438,0,80,,
2025-11-27T00:40:26.905736+00:00,train,3,4936,self,0.9050000000000438,0,96,,
2025-11-27T00:40:26.905876+00:00,train,3,4937,self,0.9050000000000438,0,91,,
2025-11-27T00:40:26.906014+00:00,train,3,4938,self,0.9050000000000438,0,93,,
2025-11-27T00:40:26.906150+00:00,train,3,4939,self,0.9050000000000438,0,99,,
2025-11-27T00:40:26.906285+00:00,train,3,4940,self,0.9050000000000438,0,100,,
2025-11-27T00:40:26.906420+00:00,train,3,4941,self,0.9050000000000438,0,97,,
2025-11-27T00:40:26.906554+00:00,train,3,4942,self,0.9050000000000438,0,100,,
2025-11-27T00:40:26.906689+00:00,train,3,4943,self,0.9050000000000438,0,93,,
2025-11-27T00:40:26.906825+00:00,train,3,4944,self,0.9050000000000438,0,100,,
2025-11-27T00:40:26.906959+00:00,train,3,4945,self,0.9050000000000438,0,96,,
2025-11-27T00:40:26.907095+00:00,train,3,4946,self,0.9050000000000438,0,100,,
2025-11-27T00:40:26.907228+00:00,train,3,4947,self,0.9050000000000438,0,93,,
2025-11-27T00:40:26.907363+00:00,train,3,4948,self,0.9050000000000438,0,98,,
2025-11-27T00:40:26.907498+00:00,train,3,4949,self,0.9050000000000438,0,91,,
2025-11-27T00:40:26.907633+00:00,train,3,4950,self,0.9050000000000438,0,100,,
2025-11-27T00:40:26.907768+00:00,train,3,4951,self,0.9050000000000438,0,92,,
2025-11-27T00:40:26.907906+00:00,train,3,4952,self,0.9050000000000438,0,99,,
2025-11-27T00:40:26.908043+00:00,train,3,4953,self,0.9050000000000438,0,90,,
2025-11-27T00:40:26.908179+00:00,train,3,4954,self,0.9050000000000438,0,95,,
2025-11-27T00:40:26.908316+00:00,train,3,4955,self,0.9050000000000438,0,96,,
2025-11-27T00:40:26.908454+00:00,train,3,4956,self,0.9050000000000438,0,98,,
2025-11-27T00:40:26.908590+00:00,train,3,4957,self,0.9050000000000438,0,97,,
2025-11-27T00:40:26.908753+00:00,train,3,4958,self,0.9050000000000438,0,99,,
2025-11-27T00:40:26.908887+00:00,train,3,4959,self,0.9050000000000438,0,98,,
2025-11-27T00:40:26.909022+00:00,train,3,4960,self,0.9050000000000438,0,98,,
2025-11-27T00:40:26.909156+00:00,train,3,4961,self,0.9050000000000438,0,95,,
2025-11-27T00:40:26.909289+00:00,train,3,4962,self,0.9050000000000438,0,100,,
2025-11-27T00:40:26.909424+00:00,train,3,4963,self,0.9050000000000438,0,90,,
2025-11-27T00:40:26.909560+00:00,train,3,4964,self,0.9050000000000438,0,100,,
2025-11-27T00:40:26.909694+00:00,train,3,4965,self,0.9050000000000438,0,75,,
2025-11-27T00:40:26.909830+00:00,train,3,4966,self,0.9050000000000438,0,98,,
2025-11-27T00:40:26.910102+00:00,train,3,4967,self,0.9050000000000438,0,99,,
2025-11-27T00:40:26.910340+00:00,train,3,4968,self,0.9050000000000438,0,100,,
2025-11-27T00:40:26.910497+00:00,train,3,4969,self,0.9050000000000438,0,94,,
2025-11-27T00:40:26.910643+00:00,train,3,4970,self,0.9050000000000438,0,100,,
2025-11-27T00:40:26.910844+00:00,train,3,4971,self,0.9050000000000438,0,93,,
2025-11-27T00:40:26.910994+00:00,train,3,4972,self,0.9050000000000438,0,100,,
2025-11-27T00:40:26.911141+00:00,train,3,4973,self,0.9050000000000438,0,91,,
2025-11-27T00:40:26.911283+00:00,train,3,4974,self,0.9050000000000438,0,95,,
2025-11-27T00:40:26.911425+00:00,train,3,4975,self,0.9050000000000438,0,99,,
2025-11-27T00:40:26.911565+00:00,train,3,4976,self,0.9050000000000438,0,100,,
2025-11-27T00:40:26.911770+00:00,train,3,4977,self,0.9050000000000438,0,90,,
2025-11-27T00:40:26.911965+00:00,train,3,4978,self,0.9050000000000438,0,97,,
2025-11-27T00:40:26.912153+00:00,train,3,4979,self,0.9050000000000438,0,87,,
2025-11-27T00:40:26.912301+00:00,train,3,4980,self,0.9050000000000438,0,88,,
2025-11-27T00:40:26.912440+00:00,train,3,4981,self,0.9050000000000438,0,100,,
2025-11-27T00:40:26.912581+00:00,train,3,4982,self,0.9050000000000438,0,100,,
2025-11-27T00:40:26.912723+00:00,train,3,4983,self,0.9050000000000438,0,94,,
2025-11-27T00:40:26.912864+00:00,train,3,4984,self,0.9050000000000438,0,97,,
2025-11-27T00:40:26.913006+00:00,train,3,4985,self,0.9050000000000438,0,97,,
2025-11-27T00:40:26.913151+00:00,train,3,4986,self,0.9050000000000438,0,100,,
2025-11-27T00:40:26.913294+00:00,train,3,4987,self,0.9050000000000438,0,95,,
2025-11-27T00:40:26.913433+00:00,train,3,4988,self,0.9050000000000438,0,98,,
2025-11-27T00:40:26.913578+00:00,train,3,4989,self,0.9050000000000438,0,88,,
2025-11-27T00:40:26.913718+00:00,train,3,4990,self,0.9050000000000438,0,95,,
2025-11-27T00:40:26.913875+00:00,train,3,4991,self,0.9050000000000438,0,92,,
2025-11-27T00:40:26.914018+00:00,train,3,4992,self,0.9050000000000438,0,95,,
2025-11-27T00:40:26.914160+00:00,train,3,4993,self,0.9050000000000438,0,93,,
2025-11-27T00:40:26.914302+00:00,train,3,4994,self,0.9050000000000438,0,98,,
2025-11-27T00:40:26.914444+00:00,train,3,4995,self,0.9050000000000438,0,93,,
2025-11-27T00:40:26.914584+00:00,train,3,4996,self,0.9050000000000438,0,97,,
2025-11-27T00:40:26.914725+00:00,train,3,4997,self,0.9050000000000438,0,98,,
2025-11-27T00:40:26.914867+00:00,train,3,4998,self,0.9050000000000438,0,100,,
2025-11-27T00:40:26.915010+00:00,train,3,4999,self,0.9050000000000438,0,96,,
2025-11-27T00:40:26.915154+00:00,train,3,5000,self,0.9050000000000438,0,98,,
2025-11-27T00:40:26.918343+00:00,train,3,5001,self,0.9050000000000438,0,95,,
2025-11-27T00:40:26.918565+00:00,train,3,5002,self,0.9050000000000438,0,95,,
2025-11-27T00:40:26.918718+00:00,train,3,5003,self,0.9050000000000438,0,92,,
2025-11-27T00:40:26.918868+00:00,train,3,5004,self,0.9050000000000438,0,100,,
2025-11-27T00:40:26.919020+00:00,train,3,5005,self,0.9050000000000438,0,94,,
2025-11-27T00:40:26.919168+00:00,train,3,5006,self,0.9050000000000438,0,99,,
2025-11-27T00:40:26.919316+00:00,train,3,5007,self,0.9050000000000438,0,94,,
2025-11-27T00:40:26.919463+00:00,train,3,5008,self,0.9050000000000438,0,97,,
2025-11-27T00:40:26.919609+00:00,train,3,5009,self,0.9050000000000438,0,91,,
2025-11-27T00:40:26.919754+00:00,train,3,5010,self,0.9050000000000438,0,100,,
2025-11-27T00:40:26.919900+00:00,train,3,5011,self,0.9050000000000438,0,96,,
2025-11-27T00:40:26.920045+00:00,train,3,5012,self,0.9050000000000438,0,100,,
2025-11-27T00:40:26.920190+00:00,train,3,5013,self,0.9050000000000438,0,98,,
2025-11-27T00:40:26.920336+00:00,train,3,5014,self,0.9050000000000438,0,100,,
2025-11-27T00:40:26.920483+00:00,train,3,5015,self,0.9050000000000438,0,85,,
2025-11-27T00:40:26.920630+00:00,train,3,5016,self,0.9050000000000438,0,93,,
2025-11-27T00:40:26.921231+00:00,train,3,5017,self,0.9050000000000438,0,85,,
2025-11-27T00:40:26.921518+00:00,train,3,5018,self,0.9050000000000438,0,98,,
2025-11-27T00:40:26.921822+00:00,train,3,5019,self,0.9050000000000438,0,96,,
2025-11-27T00:40:26.922079+00:00,train,3,5020,self,0.9050000000000438,0,99,,
2025-11-27T00:40:26.922450+00:00,train,3,5021,self,0.9050000000000438,0,92,,
2025-11-27T00:40:26.922786+00:00,train,3,5022,self,0.9050000000000438,0,100,,
2025-11-27T00:40:26.923058+00:00,train,3,5023,self,0.9050000000000438,0,94,,
2025-11-27T00:40:26.924202+00:00,train,3,5024,self,0.9050000000000438,0,99,,
2025-11-27T00:40:26.924511+00:00,train,3,5025,self,0.9050000000000438,0,89,,
2025-11-27T00:40:26.940929+00:00,train,3,5026,self,0.9050000000000438,0,96,,
2025-11-27T00:40:26.941213+00:00,train,3,5027,self,0.9050000000000438,0,91,,
2025-11-27T00:40:26.941436+00:00,train,3,5028,self,0.9050000000000438,0,98,,
2025-11-27T00:40:26.941675+00:00,train,3,5029,self,0.9050000000000438,0,98,,
2025-11-27T00:40:26.946149+00:00,train,3,5030,self,0.9050000000000438,0,100,,
2025-11-27T00:40:26.976671+00:00,train,3,5031,self,0.9050000000000438,0,97,,
2025-11-27T00:40:26.976914+00:00,train,3,5032,self,0.9050000000000438,0,99,,
2025-11-27T00:40:26.977086+00:00,train,3,5033,self,0.9050000000000438,0,95,,
2025-11-27T00:40:26.977247+00:00,train,3,5034,self,0.9050000000000438,0,98,,
2025-11-27T00:40:26.977403+00:00,train,3,5035,self,0.9050000000000438,0,92,,
2025-11-27T00:40:26.977558+00:00,train,3,5036,self,0.9050000000000438,0,99,,
2025-11-27T00:40:26.977709+00:00,train,3,5037,self,0.9050000000000438,0,95,,
2025-11-27T00:40:26.977858+00:00,train,3,5038,self,0.9050000000000438,0,100,,
2025-11-27T00:40:26.978006+00:00,train,3,5039,self,0.9050000000000438,0,89,,
2025-11-27T00:40:26.978153+00:00,train,3,5040,self,0.9050000000000438,0,99,,
2025-11-27T00:40:26.978300+00:00,train,3,5041,self,0.9050000000000438,0,98,,
2025-11-27T00:40:26.978446+00:00,train,3,5042,self,0.9050000000000438,0,100,,
2025-11-27T00:40:26.978592+00:00,train,3,5043,self,0.9050000000000438,0,90,,
2025-11-27T00:40:26.978739+00:00,train,3,5044,self,0.9050000000000438,0,100,,
2025-11-27T00:40:26.978886+00:00,train,3,5045,self,0.9050000000000438,0,96,,
2025-11-27T00:40:26.979033+00:00,train,3,5046,self,0.9050000000000438,0,97,,
2025-11-27T00:40:26.979180+00:00,train,3,5047,self,0.9050000000000438,0,94,,
2025-11-27T00:40:26.979325+00:00,train,3,5048,self,0.9050000000000438,0,100,,
2025-11-27T00:40:26.979469+00:00,train,3,5049,self,0.9050000000000438,0,92,,
2025-11-27T00:40:26.979613+00:00,train,3,5050,self,0.9050000000000438,0,96,,
2025-11-27T00:40:26.979758+00:00,train,3,5051,self,0.9050000000000438,0,88,,
2025-11-27T00:40:26.979903+00:00,train,3,5052,self,0.9050000000000438,0,98,,
2025-11-27T00:40:26.980047+00:00,train,3,5053,self,0.9050000000000438,0,95,,
2025-11-27T00:40:26.980192+00:00,train,3,5054,self,0.9050000000000438,0,99,,
2025-11-27T00:40:26.980336+00:00,train,3,5055,self,0.9050000000000438,0,99,,
2025-11-27T00:40:26.980481+00:00,train,3,5056,self,0.9050000000000438,0,100,,
2025-11-27T00:40:26.980629+00:00,train,3,5057,self,0.9050000000000438,0,96,,
2025-11-27T00:40:26.980775+00:00,train,3,5058,self,0.9050000000000438,0,97,,
2025-11-27T00:40:26.980919+00:00,train,3,5059,self,0.9050000000000438,0,93,,
2025-11-27T00:40:26.981064+00:00,train,3,5060,self,0.9050000000000438,0,97,,
2025-11-27T00:40:26.981209+00:00,train,3,5061,self,0.9050000000000438,0,98,,
2025-11-27T00:40:26.981353+00:00,train,3,5062,self,0.9050000000000438,0,98,,
2025-11-27T00:40:26.981586+00:00,train,3,5063,self,0.9050000000000438,0,94,,
2025-11-27T00:40:26.981757+00:00,train,3,5064,self,0.9050000000000438,0,98,,
2025-11-27T00:40:26.981916+00:00,train,3,5065,self,0.9050000000000438,0,96,,
2025-11-27T00:40:26.982072+00:00,train,3,5066,self,0.9050000000000438,0,99,,
2025-11-27T00:40:26.982224+00:00,train,3,5067,self,0.9050000000000438,0,91,,
2025-11-27T00:40:26.982374+00:00,train,3,5068,self,0.9050000000000438,0,96,,
2025-11-27T00:40:26.982524+00:00,train,3,5069,self,0.9050000000000438,0,93,,
2025-11-27T00:40:26.982673+00:00,train,3,5070,self,0.9050000000000438,0,98,,
2025-11-27T00:40:26.982821+00:00,train,3,5071,self,0.9050000000000438,0,84,,
2025-11-27T00:40:26.982968+00:00,train,3,5072,self,0.9050000000000438,0,98,,
2025-11-27T00:40:26.983115+00:00,train,3,5073,self,0.9050000000000438,0,87,,
2025-11-27T00:40:26.983261+00:00,train,3,5074,self,0.9050000000000438,0,97,,
2025-11-27T00:40:26.983406+00:00,train,3,5075,self,0.9050000000000438,0,96,,
2025-11-27T00:40:26.983554+00:00,train,3,5076,self,0.9050000000000438,0,100,,
2025-11-27T00:40:26.983849+00:00,train,3,5077,self,0.9050000000000438,0,99,,
2025-11-27T00:40:26.984017+00:00,train,3,5078,self,0.9050000000000438,0,100,,
2025-11-27T00:40:26.984176+00:00,train,3,5079,self,0.9050000000000438,0,93,,
2025-11-27T00:40:26.984331+00:00,train,3,5080,self,0.9050000000000438,0,100,,
2025-11-27T00:40:26.984483+00:00,train,3,5081,self,0.9050000000000438,0,75,,
2025-11-27T00:40:26.984632+00:00,train,3,5082,self,0.9050000000000438,0,97,,
2025-11-27T00:40:26.984779+00:00,train,3,5083,self,0.9050000000000438,0,87,,
2025-11-27T00:40:26.984926+00:00,train,3,5084,self,0.9050000000000438,0,98,,
2025-11-27T00:40:26.985072+00:00,train,3,5085,self,0.9050000000000438,0,94,,
2025-11-27T00:40:26.985219+00:00,train,3,5086,self,0.9050000000000438,0,96,,
2025-11-27T00:40:26.985365+00:00,train,3,5087,self,0.9050000000000438,0,92,,
2025-11-27T00:40:26.985511+00:00,train,3,5088,self,0.9050000000000438,0,97,,
2025-11-27T00:40:26.985657+00:00,train,3,5089,self,0.9050000000000438,0,92,,
2025-11-27T00:40:26.985802+00:00,train,3,5090,self,0.9050000000000438,0,95,,
2025-11-27T00:40:26.997850+00:00,train,3,5091,self,0.9050000000000438,0,95,,
2025-11-27T00:40:26.998118+00:00,train,3,5092,self,0.9050000000000438,0,98,,
2025-11-27T00:40:26.998313+00:00,train,3,5093,self,0.9050000000000438,0,92,,
2025-11-27T00:40:26.998488+00:00,train,3,5094,self,0.9050000000000438,0,99,,
2025-11-27T00:40:26.998654+00:00,train,3,5095,self,0.9050000000000438,0,85,,
2025-11-27T00:40:26.998836+00:00,train,3,5096,self,0.9050000000000438,0,99,,
2025-11-27T00:40:26.998991+00:00,train,3,5097,self,0.9050000000000438,0,98,,
2025-11-27T00:40:26.999140+00:00,train,3,5098,self,0.9050000000000438,0,99,,
2025-11-27T00:40:26.999288+00:00,train,3,5099,self,0.9050000000000438,0,89,,
2025-11-27T00:40:26.999434+00:00,train,3,5100,self,0.9050000000000438,0,90,,
2025-11-27T00:40:26.999579+00:00,train,3,5101,self,0.9050000000000438,0,97,,
2025-11-27T00:40:26.999726+00:00,train,3,5102,self,0.9050000000000438,0,100,,
2025-11-27T00:40:26.999870+00:00,train,3,5103,self,0.9050000000000438,0,100,,
2025-11-27T00:40:27.000020+00:00,train,3,5104,self,0.9050000000000438,0,100,,
2025-11-27T00:40:27.000164+00:00,train,3,5105,self,0.9050000000000438,0,95,,
2025-11-27T00:40:27.000309+00:00,train,3,5106,self,0.9050000000000438,0,96,,
2025-11-27T00:40:27.000453+00:00,train,3,5107,self,0.9050000000000438,0,88,,
2025-11-27T00:40:27.000597+00:00,train,3,5108,self,0.9050000000000438,0,96,,
2025-11-27T00:40:27.000742+00:00,train,3,5109,self,0.9050000000000438,0,97,,
2025-11-27T00:40:27.000890+00:00,train,3,5110,self,0.9050000000000438,0,100,,
2025-11-27T00:40:27.001035+00:00,train,3,5111,self,0.9050000000000438,0,94,,
2025-11-27T00:40:27.001179+00:00,train,3,5112,self,0.9050000000000438,0,99,,
2025-11-27T00:40:27.001323+00:00,train,3,5113,self,0.9050000000000438,0,97,,
2025-11-27T00:40:27.001466+00:00,train,3,5114,self,0.9050000000000438,0,99,,
2025-11-27T00:40:27.001610+00:00,train,3,5115,self,0.9050000000000438,0,94,,
2025-11-27T00:40:27.001754+00:00,train,3,5116,self,0.9050000000000438,0,99,,
2025-11-27T00:40:27.001898+00:00,train,3,5117,self,0.9050000000000438,0,79,,
2025-11-27T00:40:27.002042+00:00,train,3,5118,self,0.9050000000000438,0,100,,
2025-11-27T00:40:27.002187+00:00,train,3,5119,self,0.9050000000000438,0,96,,
2025-11-27T00:40:27.002331+00:00,train,3,5120,self,0.9050000000000438,0,97,,
2025-11-27T00:40:27.002476+00:00,train,3,5121,self,0.9050000000000438,0,98,,
2025-11-27T00:40:27.002622+00:00,train,3,5122,self,0.9050000000000438,0,98,,
2025-11-27T00:40:27.002766+00:00,train,3,5123,self,0.9050000000000438,0,81,,
2025-11-27T00:40:27.002911+00:00,train,3,5124,self,0.9050000000000438,0,90,,
2025-11-27T00:40:27.003055+00:00,train,3,5125,self,0.9050000000000438,0,92,,
2025-11-27T00:40:27.003201+00:00,train,3,5126,self,0.9050000000000438,0,99,,
2025-11-27T00:40:27.003346+00:00,train,3,5127,self,0.9050000000000438,0,94,,
2025-11-27T00:40:27.003490+00:00,train,3,5128,self,0.9050000000000438,0,96,,
2025-11-27T00:40:27.003636+00:00,train,3,5129,self,0.9050000000000438,0,97,,
2025-11-27T00:40:27.003781+00:00,train,3,5130,self,0.9050000000000438,0,100,,
2025-11-27T00:40:27.003928+00:00,train,3,5131,self,0.9050000000000438,0,96,,
2025-11-27T00:40:27.004074+00:00,train,3,5132,self,0.9050000000000438,0,97,,
2025-11-27T00:40:27.004218+00:00,train,3,5133,self,0.9050000000000438,0,93,,
2025-11-27T00:40:27.004363+00:00,train,3,5134,self,0.9050000000000438,0,100,,
2025-11-27T00:40:27.004509+00:00,train,3,5135,self,0.9050000000000438,0,94,,
2025-11-27T00:40:27.004653+00:00,train,3,5136,self,0.9050000000000438,0,100,,
2025-11-27T00:40:27.004798+00:00,train,3,5137,self,0.9050000000000438,0,80,,
2025-11-27T00:40:27.004944+00:00,train,3,5138,self,0.9050000000000438,0,92,,
2025-11-27T00:40:27.005092+00:00,train,3,5139,self,0.9050000000000438,0,94,,
2025-11-27T00:40:27.005237+00:00,train,3,5140,self,0.9050000000000438,0,98,,
2025-11-27T00:40:27.005384+00:00,train,3,5141,self,0.9050000000000438,0,90,,
2025-11-27T00:40:27.005530+00:00,train,3,5142,self,0.9050000000000438,0,94,,
2025-11-27T00:40:27.005674+00:00,train,3,5143,self,0.9050000000000438,0,98,,
2025-11-27T00:40:27.005818+00:00,train,3,5144,self,0.9050000000000438,0,100,,
2025-11-27T00:40:27.005963+00:00,train,3,5145,self,0.9050000000000438,0,92,,
2025-11-27T00:40:27.006107+00:00,train,3,5146,self,0.9050000000000438,0,99,,
2025-11-27T00:40:27.006251+00:00,train,3,5147,self,0.9050000000000438,0,99,,
2025-11-27T00:40:27.006396+00:00,train,3,5148,self,0.9050000000000438,0,100,,
2025-11-27T00:40:27.006542+00:00,train,3,5149,self,0.9050000000000438,0,97,,
2025-11-27T00:40:27.006687+00:00,train,3,5150,self,0.9050000000000438,0,97,,
2025-11-27T00:40:27.006832+00:00,train,3,5151,self,0.9050000000000438,0,75,,
2025-11-27T00:40:27.006976+00:00,train,3,5152,self,0.9050000000000438,0,99,,
2025-11-27T00:40:27.007121+00:00,train,3,5153,self,0.9050000000000438,0,88,,
2025-11-27T00:40:27.007267+00:00,train,3,5154,self,0.9050000000000438,0,96,,
2025-11-27T00:40:27.007413+00:00,train,3,5155,self,0.9050000000000438,0,98,,
2025-11-27T00:40:27.007563+00:00,train,3,5156,self,0.9050000000000438,0,99,,
2025-11-27T00:40:27.007800+00:00,train,3,5157,self,0.9050000000000438,0,94,,
2025-11-27T00:40:27.007983+00:00,train,3,5158,self,0.9050000000000438,0,96,,
2025-11-27T00:40:27.008149+00:00,train,3,5159,self,0.9050000000000438,0,94,,
2025-11-27T00:40:27.008305+00:00,train,3,5160,self,0.9050000000000438,0,96,,
2025-11-27T00:40:27.008458+00:00,train,3,5161,self,0.9050000000000438,0,99,,
2025-11-27T00:40:27.008613+00:00,train,3,5162,self,0.9050000000000438,0,99,,
2025-11-27T00:40:27.008763+00:00,train,3,5163,self,0.9050000000000438,0,99,,
2025-11-27T00:40:27.008913+00:00,train,3,5164,self,0.9050000000000438,0,99,,
2025-11-27T00:40:27.009063+00:00,train,3,5165,self,0.9050000000000438,0,92,,
2025-11-27T00:40:27.009213+00:00,train,3,5166,self,0.9050000000000438,0,98,,
2025-11-27T00:40:27.009362+00:00,train,3,5167,self,0.9050000000000438,0,98,,
2025-11-27T00:40:27.009510+00:00,train,3,5168,self,0.9050000000000438,0,99,,
2025-11-27T00:40:27.009658+00:00,train,3,5169,self,0.9050000000000438,0,95,,
2025-11-27T00:40:27.009806+00:00,train,3,5170,self,0.9050000000000438,0,99,,
2025-11-27T00:40:27.009954+00:00,train,3,5171,self,0.9050000000000438,0,98,,
2025-11-27T00:40:27.010102+00:00,train,3,5172,self,0.9050000000000438,0,99,,
2025-11-27T00:40:27.010256+00:00,train,3,5173,self,0.9050000000000438,0,99,,
2025-11-27T00:40:27.010406+00:00,train,3,5174,self,0.9050000000000438,0,100,,
2025-11-27T00:40:27.010554+00:00,train,3,5175,self,0.9050000000000438,0,96,,
2025-11-27T00:40:27.010703+00:00,train,3,5176,self,0.9050000000000438,0,96,,
2025-11-27T00:40:27.010851+00:00,train,3,5177,self,0.9050000000000438,0,85,,
2025-11-27T00:40:27.010997+00:00,train,3,5178,self,0.9050000000000438,0,100,,
2025-11-27T00:40:27.011145+00:00,train,3,5179,self,0.9050000000000438,0,83,,
2025-11-27T00:40:27.011292+00:00,train,3,5180,self,0.9050000000000438,0,94,,
2025-11-27T00:40:27.011439+00:00,train,3,5181,self,0.9050000000000438,0,85,,
2025-11-27T00:40:27.011587+00:00,train,3,5182,self,0.9050000000000438,0,96,,
2025-11-27T00:40:27.011734+00:00,train,3,5183,self,0.9050000000000438,0,71,,
2025-11-27T00:40:27.011881+00:00,train,3,5184,self,0.9050000000000438,0,100,,
2025-11-27T00:40:27.012029+00:00,train,3,5185,self,0.9050000000000438,0,96,,
2025-11-27T00:40:27.012177+00:00,train,3,5186,self,0.9050000000000438,0,99,,
2025-11-27T00:40:27.012325+00:00,train,3,5187,self,0.9050000000000438,0,98,,
2025-11-27T00:40:27.012473+00:00,train,3,5188,self,0.9050000000000438,0,100,,
2025-11-27T00:40:27.012619+00:00,train,3,5189,self,0.9050000000000438,0,100,,
2025-11-27T00:40:27.012766+00:00,train,3,5190,self,0.9050000000000438,0,100,,
2025-11-27T00:40:27.012913+00:00,train,3,5191,self,0.9050000000000438,0,96,,
2025-11-27T00:40:27.013060+00:00,train,3,5192,self,0.9050000000000438,0,100,,
2025-11-27T00:40:27.013207+00:00,train,3,5193,self,0.9050000000000438,0,97,,
2025-11-27T00:40:27.013355+00:00,train,3,5194,self,0.9050000000000438,0,98,,
2025-11-27T00:40:27.013502+00:00,train,3,5195,self,0.9050000000000438,0,97,,
2025-11-27T00:40:27.013649+00:00,train,3,5196,self,0.9050000000000438,0,99,,
2025-11-27T00:40:27.013796+00:00,train,3,5197,self,0.9050000000000438,0,88,,
2025-11-27T00:40:27.013943+00:00,train,3,5198,self,0.9050000000000438,0,100,,
2025-11-27T00:40:27.014089+00:00,train,3,5199,self,0.9050000000000438,0,93,,
2025-11-27T00:40:27.014237+00:00,train,3,5200,self,0.9050000000000438,0,97,,
2025-11-27T00:40:27.014383+00:00,train,3,5201,self,0.9050000000000438,0,90,,
2025-11-27T00:40:27.014530+00:00,train,3,5202,self,0.9050000000000438,0,94,,
2025-11-27T00:40:27.014677+00:00,train,3,5203,self,0.9050000000000438,0,97,,
2025-11-27T00:40:27.014823+00:00,train,3,5204,self,0.9050000000000438,0,97,,
2025-11-27T00:40:27.014970+00:00,train,3,5205,self,0.9050000000000438,0,97,,
2025-11-27T00:40:27.015118+00:00,train,3,5206,self,0.9050000000000438,0,97,,
2025-11-27T00:40:27.015266+00:00,train,3,5207,self,0.9050000000000438,0,97,,
2025-11-27T00:40:27.015414+00:00,train,3,5208,self,0.9050000000000438,0,100,,
2025-11-27T00:40:27.015561+00:00,train,3,5209,self,0.9050000000000438,0,96,,
2025-11-27T00:40:27.015709+00:00,train,3,5210,self,0.9050000000000438,0,97,,
2025-11-27T00:40:27.015857+00:00,train,3,5211,self,0.9050000000000438,0,97,,
2025-11-27T00:40:27.016004+00:00,train,3,5212,self,0.9050000000000438,0,100,,
2025-11-27T00:40:27.016151+00:00,train,3,5213,self,0.9050000000000438,0,96,,
2025-11-27T00:40:27.016301+00:00,train,3,5214,self,0.9050000000000438,0,97,,
2025-11-27T00:40:27.016448+00:00,train,3,5215,self,0.9050000000000438,0,89,,
2025-11-27T00:40:27.016596+00:00,train,3,5216,self,0.9050000000000438,0,100,,
2025-11-27T00:40:27.016744+00:00,train,3,5217,self,0.9050000000000438,0,92,,
2025-11-27T00:40:27.016891+00:00,train,3,5218,self,0.9050000000000438,0,99,,
2025-11-27T00:40:27.017039+00:00,train,3,5219,self,0.9050000000000438,0,93,,
2025-11-27T00:40:27.017186+00:00,train,3,5220,self,0.9050000000000438,0,98,,
2025-11-27T00:40:27.017333+00:00,train,3,5221,self,0.9050000000000438,0,86,,
2025-11-27T00:40:27.017481+00:00,train,3,5222,self,0.9050000000000438,0,98,,
2025-11-27T00:40:27.017631+00:00,train,3,5223,self,0.9050000000000438,0,98,,
2025-11-27T00:40:27.017777+00:00,train,3,5224,self,0.9050000000000438,0,99,,
2025-11-27T00:40:27.017924+00:00,train,3,5225,self,0.9050000000000438,0,93,,
2025-11-27T00:40:27.018070+00:00,train,3,5226,self,0.9050000000000438,0,100,,
2025-11-27T00:40:27.018233+00:00,train,3,5227,self,0.9050000000000438,0,91,,
2025-11-27T00:40:27.018380+00:00,train,3,5228,self,0.9050000000000438,0,98,,
2025-11-27T00:40:27.018527+00:00,train,3,5229,self,0.9050000000000438,0,97,,
2025-11-27T00:40:27.018673+00:00,train,3,5230,self,0.9050000000000438,0,100,,
2025-11-27T00:40:27.018819+00:00,train,3,5231,self,0.9050000000000438,0,94,,
2025-11-27T00:40:27.018965+00:00,train,3,5232,self,0.9050000000000438,0,95,,
2025-11-27T00:40:27.019112+00:00,train,3,5233,self,0.9050000000000438,0,87,,
2025-11-27T00:40:27.019259+00:00,train,3,5234,self,0.9050000000000438,0,100,,
2025-11-27T00:40:27.019406+00:00,train,3,5235,self,0.9050000000000438,0,98,,
2025-11-27T00:40:27.019553+00:00,train,3,5236,self,0.9050000000000438,0,100,,
2025-11-27T00:40:27.019700+00:00,train,3,5237,self,0.9050000000000438,0,98,,
2025-11-27T00:40:27.019847+00:00,train,3,5238,self,0.9050000000000438,0,99,,
2025-11-27T00:40:27.019993+00:00,train,3,5239,self,0.9050000000000438,0,82,,
2025-11-27T00:40:27.020139+00:00,train,3,5240,self,0.9050000000000438,0,96,,
2025-11-27T00:40:27.020284+00:00,train,3,5241,self,0.9050000000000438,0,98,,
2025-11-27T00:40:27.020431+00:00,train,3,5242,self,0.9050000000000438,0,99,,
2025-11-27T00:40:27.020577+00:00,train,3,5243,self,0.9050000000000438,0,95,,
2025-11-27T00:40:27.020723+00:00,train,3,5244,self,0.9050000000000438,0,97,,
2025-11-27T00:40:27.020869+00:00,train,3,5245,self,0.9050000000000438,0,95,,
2025-11-27T00:40:27.021016+00:00,train,3,5246,self,0.9050000000000438,0,98,,
2025-11-27T00:40:27.021162+00:00,train,3,5247,self,0.9050000000000438,0,98,,
2025-11-27T00:40:27.021308+00:00,train,3,5248,self,0.9050000000000438,0,100,,
2025-11-27T00:40:27.021454+00:00,train,3,5249,self,0.9050000000000438,0,92,,
2025-11-27T00:40:27.021602+00:00,train,3,5250,self,0.9050000000000438,0,100,,
2025-11-27T00:40:27.021749+00:00,train,3,5251,self,0.9050000000000438,0,96,,
2025-11-27T00:40:27.021895+00:00,train,3,5252,self,0.9050000000000438,0,100,,
2025-11-27T00:40:27.022041+00:00,train,3,5253,self,0.9050000000000438,0,98,,
2025-11-27T00:40:27.022188+00:00,train,3,5254,self,0.9050000000000438,0,100,,
2025-11-27T00:40:27.022334+00:00,train,3,5255,self,0.9050000000000438,0,93,,
2025-11-27T00:40:27.022481+00:00,train,3,5256,self,0.9050000000000438,0,96,,
2025-11-27T00:40:27.022628+00:00,train,3,5257,self,0.9050000000000438,0,92,,
2025-11-27T00:40:27.022776+00:00,train,3,5258,self,0.9050000000000438,0,100,,
2025-11-27T00:40:27.022923+00:00,train,3,5259,self,0.9050000000000438,0,97,,
2025-11-27T00:40:27.023070+00:00,train,3,5260,self,0.9050000000000438,0,98,,
2025-11-27T00:40:27.023217+00:00,train,3,5261,self,0.9050000000000438,0,76,,
2025-11-27T00:40:27.023364+00:00,train,3,5262,self,0.9050000000000438,0,94,,
2025-11-27T00:40:27.023512+00:00,train,3,5263,self,0.9050000000000438,0,92,,
2025-11-27T00:40:27.023660+00:00,train,3,5264,self,0.9050000000000438,0,100,,
2025-11-27T00:40:27.023807+00:00,train,3,5265,self,0.9050000000000438,0,99,,
2025-11-27T00:40:27.023954+00:00,train,3,5266,self,0.9050000000000438,0,99,,
2025-11-27T00:40:27.024104+00:00,train,3,5267,self,0.9050000000000438,0,86,,
2025-11-27T00:40:27.024252+00:00,train,3,5268,self,0.9050000000000438,0,100,,
2025-11-27T00:40:27.024400+00:00,train,3,5269,self,0.9050000000000438,0,91,,
2025-11-27T00:40:27.024546+00:00,train,3,5270,self,0.9050000000000438,0,100,,
2025-11-27T00:40:27.024693+00:00,train,3,5271,self,0.9050000000000438,0,95,,
2025-11-27T00:40:27.024841+00:00,train,3,5272,self,0.9050000000000438,0,100,,
2025-11-27T00:40:27.024988+00:00,train,3,5273,self,0.9050000000000438,0,88,,
2025-11-27T00:40:27.025135+00:00,train,3,5274,self,0.9050000000000438,0,100,,
2025-11-27T00:40:27.025282+00:00,train,3,5275,self,0.9050000000000438,0,99,,
2025-11-27T00:40:27.025429+00:00,train,3,5276,self,0.9050000000000438,0,100,,
2025-11-27T00:40:27.025575+00:00,train,3,5277,self,0.9050000000000438,0,90,,
2025-11-27T00:40:27.025721+00:00,train,3,5278,self,0.9050000000000438,0,96,,
2025-11-27T00:40:27.025866+00:00,train,3,5279,self,0.9050000000000438,0,98,,
2025-11-27T00:40:27.026012+00:00,train,3,5280,self,0.9050000000000438,0,100,,
2025-11-27T00:40:27.026159+00:00,train,3,5281,self,0.9050000000000438,0,85,,
2025-11-27T00:40:27.026305+00:00,train,3,5282,self,0.9050000000000438,0,97,,
2025-11-27T00:40:27.026453+00:00,train,3,5283,self,0.9050000000000438,0,95,,
2025-11-27T00:40:27.026600+00:00,train,3,5284,self,0.9050000000000438,0,99,,
2025-11-27T00:40:27.026748+00:00,train,3,5285,self,0.9050000000000438,0,83,,
2025-11-27T00:40:27.026895+00:00,train,3,5286,self,0.9050000000000438,0,90,,
2025-11-27T00:40:27.027042+00:00,train,3,5287,self,0.9050000000000438,0,96,,
2025-11-27T00:40:27.027190+00:00,train,3,5288,self,0.9050000000000438,0,98,,
2025-11-27T00:40:27.027342+00:00,train,3,5289,self,0.9050000000000438,0,92,,
2025-11-27T00:40:27.027491+00:00,train,3,5290,self,0.9050000000000438,0,95,,
2025-11-27T00:40:27.027641+00:00,train,3,5291,self,0.9050000000000438,0,99,,
2025-11-27T00:40:27.027788+00:00,train,3,5292,self,0.9050000000000438,0,100,,
2025-11-27T00:40:27.027936+00:00,train,3,5293,self,0.9050000000000438,0,100,,
2025-11-27T00:40:27.028083+00:00,train,3,5294,self,0.9050000000000438,0,100,,
2025-11-27T00:40:27.028234+00:00,train,3,5295,self,0.9050000000000438,0,96,,
2025-11-27T00:40:27.028382+00:00,train,3,5296,self,0.9050000000000438,0,99,,
2025-11-27T00:40:27.028530+00:00,train,3,5297,self,0.9050000000000438,0,98,,
2025-11-27T00:40:27.028684+00:00,train,3,5298,self,0.9050000000000438,0,100,,
2025-11-27T00:40:27.028867+00:00,train,3,5299,self,0.9050000000000438,0,92,,
2025-11-27T00:40:27.029022+00:00,train,3,5300,self,0.9050000000000438,0,93,,
2025-11-27T00:40:27.029182+00:00,train,3,5301,self,0.9050000000000438,0,97,,
2025-11-27T00:40:27.029344+00:00,train,3,5302,self,0.9050000000000438,0,100,,
2025-11-27T00:40:27.029494+00:00,train,3,5303,self,0.9050000000000438,0,97,,
2025-11-27T00:40:27.029642+00:00,train,3,5304,self,0.9050000000000438,0,98,,
2025-11-27T00:40:27.029788+00:00,train,3,5305,self,0.9050000000000438,0,100,,
2025-11-27T00:40:27.029935+00:00,train,3,5306,self,0.9050000000000438,0,100,,
2025-11-27T00:40:27.030082+00:00,train,3,5307,self,0.9050000000000438,0,66,,
2025-11-27T00:40:27.030231+00:00,train,3,5308,self,0.9050000000000438,0,97,,
2025-11-27T00:40:27.030379+00:00,train,3,5309,self,0.9050000000000438,0,99,,
2025-11-27T00:40:27.030528+00:00,train,3,5310,self,0.9050000000000438,0,100,,
2025-11-27T00:40:27.030677+00:00,train,3,5311,self,0.9050000000000438,0,91,,
2025-11-27T00:40:27.030825+00:00,train,3,5312,self,0.9050000000000438,0,100,,
2025-11-27T00:40:27.030973+00:00,train,3,5313,self,0.9050000000000438,0,97,,
2025-11-27T00:40:27.031121+00:00,train,3,5314,self,0.9050000000000438,0,100,,
2025-11-27T00:40:27.031270+00:00,train,3,5315,self,0.9050000000000438,0,85,,
2025-11-27T00:40:27.031417+00:00,train,3,5316,self,0.9050000000000438,0,98,,
2025-11-27T00:40:27.031564+00:00,train,3,5317,self,0.9050000000000438,0,95,,
2025-11-27T00:40:27.031711+00:00,train,3,5318,self,0.9050000000000438,0,98,,
2025-11-27T00:40:27.031861+00:00,train,3,5319,self,0.9050000000000438,0,95,,
2025-11-27T00:40:27.032009+00:00,train,3,5320,self,0.9050000000000438,0,98,,
2025-11-27T00:40:27.032156+00:00,train,3,5321,self,0.9050000000000438,0,99,,
2025-11-27T00:40:27.032305+00:00,train,3,5322,self,0.9050000000000438,0,100,,
2025-11-27T00:40:27.032453+00:00,train,3,5323,self,0.9050000000000438,0,96,,
2025-11-27T00:40:27.032601+00:00,train,3,5324,self,0.9050000000000438,0,99,,
2025-11-27T00:40:27.032748+00:00,train,3,5325,self,0.9050000000000438,0,78,,
2025-11-27T00:40:27.032896+00:00,train,3,5326,self,0.9050000000000438,0,99,,
2025-11-27T00:40:27.033044+00:00,train,3,5327,self,0.9050000000000438,0,92,,
2025-11-27T00:40:27.033190+00:00,train,3,5328,self,0.9050000000000438,0,94,,
2025-11-27T00:40:27.033337+00:00,train,3,5329,self,0.9050000000000438,0,91,,
2025-11-27T00:40:27.033484+00:00,train,3,5330,self,0.9050000000000438,0,97,,
2025-11-27T00:40:27.033631+00:00,train,3,5331,self,0.9050000000000438,0,88,,
2025-11-27T00:40:27.033783+00:00,train,3,5332,self,0.9050000000000438,0,92,,
2025-11-27T00:40:27.033931+00:00,train,3,5333,self,0.9050000000000438,0,91,,
2025-11-27T00:40:27.034079+00:00,train,3,5334,self,0.9050000000000438,0,100,,
2025-11-27T00:40:27.034228+00:00,train,3,5335,self,0.9050000000000438,0,98,,
2025-11-27T00:40:27.034374+00:00,train,3,5336,self,0.9050000000000438,0,99,,
2025-11-27T00:40:27.034521+00:00,train,3,5337,self,0.9050000000000438,0,98,,
2025-11-27T00:40:27.034669+00:00,train,3,5338,self,0.9050000000000438,0,99,,
2025-11-27T00:40:27.034825+00:00,train,3,5339,self,0.9050000000000438,0,94,,
2025-11-27T00:40:27.034966+00:00,train,3,5340,self,0.9050000000000438,0,97,,
2025-11-27T00:40:27.035109+00:00,train,3,5341,self,0.9050000000000438,0,93,,
2025-11-27T00:40:27.035269+00:00,train,3,5342,self,0.9050000000000438,0,100,,
2025-11-27T00:40:27.035416+00:00,train,3,5343,self,0.9050000000000438,0,92,,
2025-11-27T00:40:27.035557+00:00,train,3,5344,self,0.9050000000000438,0,92,,
2025-11-27T00:40:27.035700+00:00,train,3,5345,self,0.9050000000000438,0,93,,
2025-11-27T00:40:27.035843+00:00,train,3,5346,self,0.9050000000000438,0,100,,
2025-11-27T00:40:27.035985+00:00,train,3,5347,self,0.9050000000000438,0,92,,
2025-11-27T00:40:27.036129+00:00,train,3,5348,self,0.9050000000000438,0,100,,
2025-11-27T00:40:27.036272+00:00,train,3,5349,self,0.9050000000000438,0,92,,
2025-11-27T00:40:27.036415+00:00,train,3,5350,self,0.9050000000000438,0,99,,
2025-11-27T00:40:27.036556+00:00,train,3,5351,self,0.9050000000000438,0,93,,
2025-11-27T00:40:27.036699+00:00,train,3,5352,self,0.9050000000000438,0,94,,
2025-11-27T00:40:27.036842+00:00,train,3,5353,self,0.9050000000000438,0,96,,
2025-11-27T00:40:27.036994+00:00,train,3,5354,self,0.9050000000000438,0,100,,
2025-11-27T00:40:27.037146+00:00,train,3,5355,self,0.9050000000000438,0,91,,
2025-11-27T00:40:27.037297+00:00,train,3,5356,self,0.9050000000000438,0,91,,
2025-11-27T00:40:27.037440+00:00,train,3,5357,self,0.9050000000000438,0,93,,
2025-11-27T00:40:27.037585+00:00,train,3,5358,self,0.9050000000000438,0,94,,
2025-11-27T00:40:27.037727+00:00,train,3,5359,self,0.9050000000000438,0,74,,
2025-11-27T00:40:27.037870+00:00,train,3,5360,self,0.9050000000000438,0,96,,
2025-11-27T00:40:27.038011+00:00,train,3,5361,self,0.9050000000000438,0,85,,
2025-11-27T00:40:27.038158+00:00,train,3,5362,self,0.9050000000000438,0,97,,
2025-11-27T00:40:27.038300+00:00,train,3,5363,self,0.9050000000000438,0,86,,
2025-11-27T00:40:27.038442+00:00,train,3,5364,self,0.9050000000000438,0,99,,
2025-11-27T00:40:27.038584+00:00,train,3,5365,self,0.9050000000000438,0,96,,
2025-11-27T00:40:27.038727+00:00,train,3,5366,self,0.9050000000000438,0,98,,
2025-11-27T00:40:27.038868+00:00,train,3,5367,self,0.9050000000000438,0,95,,
2025-11-27T00:40:27.039011+00:00,train,3,5368,self,0.9050000000000438,0,99,,
2025-11-27T00:40:27.039154+00:00,train,3,5369,self,0.9050000000000438,0,91,,
2025-11-27T00:40:27.039297+00:00,train,3,5370,self,0.9050000000000438,0,97,,
2025-11-27T00:40:27.039441+00:00,train,3,5371,self,0.9050000000000438,0,98,,
2025-11-27T00:40:27.039586+00:00,train,3,5372,self,0.9050000000000438,0,100,,
2025-11-27T00:40:27.039728+00:00,train,3,5373,self,0.9050000000000438,0,93,,
2025-11-27T00:40:27.039870+00:00,train,3,5374,self,0.9050000000000438,0,94,,
2025-11-27T00:40:27.040012+00:00,train,3,5375,self,0.9050000000000438,0,99,,
2025-11-27T00:40:27.040154+00:00,train,3,5376,self,0.9050000000000438,0,99,,
2025-11-27T00:40:27.040302+00:00,train,3,5377,self,0.9050000000000438,0,85,,
2025-11-27T00:40:27.040451+00:00,train,3,5378,self,0.9050000000000438,0,98,,
2025-11-27T00:40:27.040593+00:00,train,3,5379,self,0.9050000000000438,0,95,,
2025-11-27T00:40:27.040734+00:00,train,3,5380,self,0.9050000000000438,0,100,,
2025-11-27T00:40:27.040875+00:00,train,3,5381,self,0.9050000000000438,0,94,,
2025-11-27T00:40:27.041017+00:00,train,3,5382,self,0.9050000000000438,0,100,,
2025-11-27T00:40:27.041158+00:00,train,3,5383,self,0.9050000000000438,0,99,,
2025-11-27T00:40:27.041300+00:00,train,3,5384,self,0.9050000000000438,0,99,,
2025-11-27T00:40:27.041441+00:00,train,3,5385,self,0.9050000000000438,0,96,,
2025-11-27T00:40:27.041585+00:00,train,3,5386,self,0.9050000000000438,0,100,,
2025-11-27T00:40:27.041727+00:00,train,3,5387,self,0.9050000000000438,0,82,,
2025-11-27T00:40:27.041868+00:00,train,3,5388,self,0.9050000000000438,0,99,,
2025-11-27T00:40:27.042008+00:00,train,3,5389,self,0.9050000000000438,0,95,,
2025-11-27T00:40:27.042151+00:00,train,3,5390,self,0.9050000000000438,0,96,,
2025-11-27T00:40:27.042291+00:00,train,3,5391,self,0.9050000000000438,0,94,,
2025-11-27T00:40:27.042432+00:00,train,3,5392,self,0.9050000000000438,0,95,,
2025-11-27T00:40:27.042574+00:00,train,3,5393,self,0.9050000000000438,0,93,,
2025-11-27T00:40:27.042714+00:00,train,3,5394,self,0.9050000000000438,0,98,,
2025-11-27T00:40:27.042855+00:00,train,3,5395,self,0.9050000000000438,0,98,,
2025-11-27T00:40:27.042995+00:00,train,3,5396,self,0.9050000000000438,0,100,,
2025-11-27T00:40:27.043137+00:00,train,3,5397,self,0.9050000000000438,0,95,,
2025-11-27T00:40:27.043278+00:00,train,3,5398,self,0.9050000000000438,0,97,,
2025-11-27T00:40:27.043420+00:00,train,3,5399,self,0.9050000000000438,0,84,,
2025-11-27T00:40:27.043561+00:00,train,3,5400,self,0.9050000000000438,0,100,,
2025-11-27T00:40:27.043716+00:00,train,3,5401,self,0.9050000000000438,0,88,,
2025-11-27T00:40:27.043852+00:00,train,3,5402,self,0.9050000000000438,0,98,,
2025-11-27T00:40:27.043989+00:00,train,3,5403,self,0.9050000000000438,0,92,,
2025-11-27T00:40:27.044127+00:00,train,3,5404,self,0.9050000000000438,0,100,,
2025-11-27T00:40:27.044264+00:00,train,3,5405,self,0.9050000000000438,0,99,,
2025-11-27T00:40:27.044402+00:00,train,3,5406,self,0.9050000000000438,0,99,,
2025-11-27T00:40:27.044543+00:00,train,3,5407,self,0.9050000000000438,0,93,,
2025-11-27T00:40:27.044682+00:00,train,3,5408,self,0.9050000000000438,0,98,,
2025-11-27T00:40:27.044818+00:00,train,3,5409,self,0.9050000000000438,0,97,,
2025-11-27T00:40:27.044955+00:00,train,3,5410,self,0.9050000000000438,0,100,,
2025-11-27T00:40:27.045097+00:00,train,3,5411,self,0.9050000000000438,0,99,,
2025-11-27T00:40:27.045233+00:00,train,3,5412,self,0.9050000000000438,0,100,,
2025-11-27T00:40:27.045370+00:00,train,3,5413,self,0.9050000000000438,0,98,,
2025-11-27T00:40:27.045506+00:00,train,3,5414,self,0.9050000000000438,0,98,,
2025-11-27T00:40:27.045641+00:00,train,3,5415,self,0.9050000000000438,0,96,,
2025-11-27T00:40:27.045778+00:00,train,3,5416,self,0.9050000000000438,0,99,,
2025-11-27T00:40:27.045914+00:00,train,3,5417,self,0.9050000000000438,0,97,,
2025-11-27T00:40:27.046051+00:00,train,3,5418,self,0.9050000000000438,0,98,,
2025-11-27T00:40:27.046187+00:00,train,3,5419,self,0.9050000000000438,0,91,,
2025-11-27T00:40:27.046323+00:00,train,3,5420,self,0.9050000000000438,0,99,,
2025-11-27T00:40:27.046459+00:00,train,3,5421,self,0.9050000000000438,0,99,,
2025-11-27T00:40:27.046596+00:00,train,3,5422,self,0.9050000000000438,0,100,,
2025-11-27T00:40:27.046732+00:00,train,3,5423,self,0.9050000000000438,0,91,,
2025-11-27T00:40:27.046871+00:00,train,3,5424,self,0.9050000000000438,0,98,,
2025-11-27T00:40:27.047009+00:00,train,3,5425,self,0.9050000000000438,0,90,,
2025-11-27T00:40:27.047145+00:00,train,3,5426,self,0.9050000000000438,0,99,,
2025-11-27T00:40:27.047281+00:00,train,3,5427,self,0.9050000000000438,0,94,,
2025-11-27T00:40:27.047417+00:00,train,3,5428,self,0.9050000000000438,0,99,,
2025-11-27T00:40:27.047556+00:00,train,3,5429,self,0.9050000000000438,0,95,,
2025-11-27T00:40:27.047694+00:00,train,3,5430,self,0.9050000000000438,0,97,,
2025-11-27T00:40:27.047842+00:00,train,3,5431,self,0.9050000000000438,0,83,,
2025-11-27T00:40:27.047975+00:00,train,3,5432,self,0.9050000000000438,0,100,,
2025-11-27T00:40:27.048111+00:00,train,3,5433,self,0.9050000000000438,0,95,,
2025-11-27T00:40:27.048246+00:00,train,3,5434,self,0.9050000000000438,0,99,,
2025-11-27T00:40:27.048379+00:00,train,3,5435,self,0.9050000000000438,0,91,,
2025-11-27T00:40:27.048511+00:00,train,3,5436,self,0.9050000000000438,0,98,,
2025-11-27T00:40:27.048644+00:00,train,3,5437,self,0.9050000000000438,0,83,,
2025-11-27T00:40:27.048777+00:00,train,3,5438,self,0.9050000000000438,0,96,,
2025-11-27T00:40:27.048910+00:00,train,3,5439,self,0.9050000000000438,0,80,,
2025-11-27T00:40:27.049043+00:00,train,3,5440,self,0.9050000000000438,0,99,,
2025-11-27T00:40:27.049175+00:00,train,3,5441,self,0.9050000000000438,0,98,,
2025-11-27T00:40:27.049307+00:00,train,3,5442,self,0.9050000000000438,0,99,,
2025-11-27T00:40:27.049441+00:00,train,3,5443,self,0.9050000000000438,0,98,,
2025-11-27T00:40:27.049574+00:00,train,3,5444,self,0.9050000000000438,0,100,,
2025-11-27T00:40:27.049707+00:00,train,3,5445,self,0.9050000000000438,0,94,,
2025-11-27T00:40:27.049840+00:00,train,3,5446,self,0.9050000000000438,0,98,,
2025-11-27T00:40:27.049973+00:00,train,3,5447,self,0.9050000000000438,0,89,,
2025-11-27T00:40:27.050106+00:00,train,3,5448,self,0.9050000000000438,0,98,,
2025-11-27T00:40:27.050239+00:00,train,3,5449,self,0.9050000000000438,0,98,,
2025-11-27T00:40:27.050373+00:00,train,3,5450,self,0.9050000000000438,0,99,,
2025-11-27T00:40:27.050505+00:00,train,3,5451,self,0.9050000000000438,0,93,,
2025-11-27T00:40:27.050638+00:00,train,3,5452,self,0.9050000000000438,0,93,,
2025-11-27T00:40:27.050771+00:00,train,3,5453,self,0.9050000000000438,0,99,,
2025-11-27T00:40:27.050904+00:00,train,3,5454,self,0.9050000000000438,0,100,,
2025-11-27T00:40:27.051042+00:00,train,3,5455,self,0.9050000000000438,0,96,,
2025-11-27T00:40:27.051180+00:00,train,3,5456,self,0.9050000000000438,0,97,,
2025-11-27T00:40:27.051313+00:00,train,3,5457,self,0.9050000000000438,0,98,,
2025-11-27T00:40:27.051446+00:00,train,3,5458,self,0.9050000000000438,0,98,,
2025-11-27T00:40:27.051579+00:00,train,3,5459,self,0.9050000000000438,0,96,,
2025-11-27T00:40:27.051712+00:00,train,3,5460,self,0.9050000000000438,0,100,,
2025-11-27T00:40:27.051845+00:00,train,3,5461,self,0.9050000000000438,0,85,,
2025-11-27T00:40:27.051979+00:00,train,3,5462,self,0.9050000000000438,0,97,,
2025-11-27T00:40:27.052112+00:00,train,3,5463,self,0.9050000000000438,0,85,,
2025-11-27T00:40:27.052245+00:00,train,3,5464,self,0.9050000000000438,0,98,,
2025-11-27T00:40:27.052379+00:00,train,3,5465,self,0.9050000000000438,0,98,,
2025-11-27T00:40:27.052527+00:00,train,3,5466,self,0.9050000000000438,0,99,,
2025-11-27T00:40:27.052662+00:00,train,3,5467,self,0.9050000000000438,0,96,,
2025-11-27T00:40:27.052795+00:00,train,3,5468,self,0.9050000000000438,0,98,,
2025-11-27T00:40:27.052929+00:00,train,3,5469,self,0.9050000000000438,0,96,,
2025-11-27T00:40:27.053063+00:00,train,3,5470,self,0.9050000000000438,0,99,,
2025-11-27T00:40:27.053197+00:00,train,3,5471,self,0.9050000000000438,0,98,,
2025-11-27T00:40:27.053330+00:00,train,3,5472,self,0.9050000000000438,0,99,,
2025-11-27T00:40:27.053463+00:00,train,3,5473,self,0.9050000000000438,0,97,,
2025-11-27T00:40:27.053597+00:00,train,3,5474,self,0.9050000000000438,0,99,,
2025-11-27T00:40:27.053731+00:00,train,3,5475,self,0.9050000000000438,0,97,,
2025-11-27T00:40:27.053933+00:00,train,3,5476,self,0.9050000000000438,0,98,,
2025-11-27T00:40:27.054071+00:00,train,3,5477,self,0.9050000000000438,0,94,,
2025-11-27T00:40:27.054261+00:00,train,3,5478,self,0.9050000000000438,0,99,,
2025-11-27T00:40:27.054433+00:00,train,3,5479,self,0.9050000000000438,0,87,,
2025-11-27T00:40:27.054585+00:00,train,3,5480,self,0.9050000000000438,0,94,,
2025-11-27T00:40:27.054728+00:00,train,3,5481,self,0.9050000000000438,0,95,,
2025-11-27T00:40:27.054869+00:00,train,3,5482,self,0.9050000000000438,0,100,,
2025-11-27T00:40:27.055008+00:00,train,3,5483,self,0.9050000000000438,0,94,,
2025-11-27T00:40:27.055146+00:00,train,3,5484,self,0.9050000000000438,0,95,,
2025-11-27T00:40:27.055282+00:00,train,3,5485,self,0.9050000000000438,0,97,,
2025-11-27T00:40:27.055416+00:00,train,3,5486,self,0.9050000000000438,0,100,,
2025-11-27T00:40:27.055606+00:00,train,3,5487,self,0.9050000000000438,0,94,,
2025-11-27T00:40:27.055760+00:00,train,3,5488,self,0.9050000000000438,0,100,,
2025-11-27T00:40:27.055904+00:00,train,3,5489,self,0.9050000000000438,0,86,,
2025-11-27T00:40:27.056043+00:00,train,3,5490,self,0.9050000000000438,0,94,,
2025-11-27T00:40:27.056181+00:00,train,3,5491,self,0.9050000000000438,0,99,,
2025-11-27T00:40:27.056319+00:00,train,3,5492,self,0.9050000000000438,0,99,,
2025-11-27T00:40:27.056453+00:00,train,3,5493,self,0.9050000000000438,0,97,,
2025-11-27T00:40:27.056588+00:00,train,3,5494,self,0.9050000000000438,0,100,,
2025-11-27T00:40:27.056723+00:00,train,3,5495,self,0.9050000000000438,0,93,,
2025-11-27T00:40:27.056857+00:00,train,3,5496,self,0.9050000000000438,0,100,,
2025-11-27T00:40:27.056989+00:00,train,3,5497,self,0.9050000000000438,0,93,,
2025-11-27T00:40:27.057123+00:00,train,3,5498,self,0.9050000000000438,0,98,,
2025-11-27T00:40:27.057257+00:00,train,3,5499,self,0.9050000000000438,0,95,,
2025-11-27T00:40:27.057390+00:00,train,3,5500,self,0.9050000000000438,0,100,,
2025-11-27T00:40:27.061068+00:00,train,3,5501,self,0.9050000000000438,0,92,,
2025-11-27T00:40:27.061266+00:00,train,3,5502,self,0.9050000000000438,0,100,,
2025-11-27T00:40:27.061547+00:00,train,3,5503,self,0.9050000000000438,0,94,,
2025-11-27T00:40:27.061752+00:00,train,3,5504,self,0.9050000000000438,0,95,,
2025-11-27T00:40:27.062002+00:00,train,3,5505,self,0.9050000000000438,0,98,,
2025-11-27T00:40:27.062186+00:00,train,3,5506,self,0.9050000000000438,0,99,,
2025-11-27T00:40:27.062347+00:00,train,3,5507,self,0.9050000000000438,0,91,,
2025-11-27T00:40:27.062550+00:00,train,3,5508,self,0.9050000000000438,0,96,,
2025-11-27T00:40:27.062710+00:00,train,3,5509,self,0.9050000000000438,0,98,,
2025-11-27T00:40:27.062864+00:00,train,3,5510,self,0.9050000000000438,0,100,,
2025-11-27T00:40:27.063030+00:00,train,3,5511,self,0.9050000000000438,0,93,,
2025-11-27T00:40:27.063192+00:00,train,3,5512,self,0.9050000000000438,0,97,,
2025-11-27T00:40:27.063338+00:00,train,3,5513,self,0.9050000000000438,0,83,,
2025-11-27T00:40:27.063484+00:00,train,3,5514,self,0.9050000000000438,0,96,,
2025-11-27T00:40:27.063627+00:00,train,3,5515,self,0.9050000000000438,0,99,,
2025-11-27T00:40:27.063771+00:00,train,3,5516,self,0.9050000000000438,0,100,,
2025-11-27T00:40:27.063914+00:00,train,3,5517,self,0.9050000000000438,0,72,,
2025-11-27T00:40:27.064057+00:00,train,3,5518,self,0.9050000000000438,0,98,,
2025-11-27T00:40:27.064200+00:00,train,3,5519,self,0.9050000000000438,0,92,,
2025-11-27T00:40:27.064343+00:00,train,3,5520,self,0.9050000000000438,0,93,,
2025-11-27T00:40:27.064484+00:00,train,3,5521,self,0.9050000000000438,0,94,,
2025-11-27T00:40:27.064626+00:00,train,3,5522,self,0.9050000000000438,0,95,,
2025-11-27T00:40:27.064768+00:00,train,3,5523,self,0.9050000000000438,0,87,,
2025-11-27T00:40:27.064918+00:00,train,3,5524,self,0.9050000000000438,0,99,,
2025-11-27T00:40:27.065066+00:00,train,3,5525,self,0.9050000000000438,0,94,,
2025-11-27T00:40:27.065218+00:00,train,3,5526,self,0.9050000000000438,0,98,,
2025-11-27T00:40:27.065370+00:00,train,3,5527,self,0.9050000000000438,0,96,,
2025-11-27T00:40:27.065513+00:00,train,3,5528,self,0.9050000000000438,0,100,,
2025-11-27T00:40:27.065656+00:00,train,3,5529,self,0.9050000000000438,0,93,,
2025-11-27T00:40:27.065795+00:00,train,3,5530,self,0.9050000000000438,0,96,,
2025-11-27T00:40:27.065934+00:00,train,3,5531,self,0.9050000000000438,0,93,,
2025-11-27T00:40:27.066073+00:00,train,3,5532,self,0.9050000000000438,0,99,,
2025-11-27T00:40:27.066213+00:00,train,3,5533,self,0.9050000000000438,0,79,,
2025-11-27T00:40:27.066362+00:00,train,3,5534,self,0.9050000000000438,0,96,,
2025-11-27T00:40:27.066511+00:00,train,3,5535,self,0.9050000000000438,0,88,,
2025-11-27T00:40:27.066661+00:00,train,3,5536,self,0.9050000000000438,0,100,,
2025-11-27T00:40:27.066826+00:00,train,3,5537,self,0.9050000000000438,0,95,,
2025-11-27T00:40:27.066967+00:00,train,3,5538,self,0.9050000000000438,0,100,,
2025-11-27T00:40:27.067103+00:00,train,3,5539,self,0.9050000000000438,0,98,,
2025-11-27T00:40:27.067238+00:00,train,3,5540,self,0.9050000000000438,0,100,,
2025-11-27T00:40:27.067374+00:00,train,3,5541,self,0.9050000000000438,0,99,,
2025-11-27T00:40:27.067509+00:00,train,3,5542,self,0.9050000000000438,0,99,,
2025-11-27T00:40:27.067645+00:00,train,3,5543,self,0.9050000000000438,0,95,,
2025-11-27T00:40:27.067784+00:00,train,3,5544,self,0.9050000000000438,0,98,,
2025-11-27T00:40:27.067919+00:00,train,3,5545,self,0.9050000000000438,0,92,,
2025-11-27T00:40:27.068054+00:00,train,3,5546,self,0.9050000000000438,0,99,,
2025-11-27T00:40:27.068189+00:00,train,3,5547,self,0.9050000000000438,0,93,,
2025-11-27T00:40:27.068325+00:00,train,3,5548,self,0.9050000000000438,0,99,,
2025-11-27T00:40:27.068463+00:00,train,3,5549,self,0.9050000000000438,0,96,,
2025-11-27T00:40:27.068598+00:00,train,3,5550,self,0.9050000000000438,0,100,,
2025-11-27T00:40:27.068732+00:00,train,3,5551,self,0.9050000000000438,0,96,,
2025-11-27T00:40:27.068867+00:00,train,3,5552,self,0.9050000000000438,0,100,,
2025-11-27T00:40:27.069003+00:00,train,3,5553,self,0.9050000000000438,0,98,,
2025-11-27T00:40:27.069141+00:00,train,3,5554,self,0.9050000000000438,0,99,,
2025-11-27T00:40:27.069382+00:00,train,3,5555,self,0.9050000000000438,0,95,,
2025-11-27T00:40:27.069661+00:00,train,3,5556,self,0.9050000000000438,0,97,,
2025-11-27T00:40:27.070012+00:00,train,3,5557,self,0.9050000000000438,0,96,,
2025-11-27T00:40:27.070188+00:00,train,3,5558,self,0.9050000000000438,0,100,,
2025-11-27T00:40:27.070342+00:00,train,3,5559,self,0.9050000000000438,0,97,,
2025-11-27T00:40:27.070491+00:00,train,3,5560,self,0.9050000000000438,0,99,,
2025-11-27T00:40:27.070636+00:00,train,3,5561,self,0.9050000000000438,0,88,,
2025-11-27T00:40:27.070795+00:00,train,3,5562,self,0.9050000000000438,0,99,,
2025-11-27T00:40:27.070941+00:00,train,3,5563,self,0.9050000000000438,0,94,,
2025-11-27T00:40:27.071087+00:00,train,3,5564,self,0.9050000000000438,0,100,,
2025-11-27T00:40:27.071232+00:00,train,3,5565,self,0.9050000000000438,0,92,,
2025-11-27T00:40:27.071403+00:00,train,3,5566,self,0.9050000000000438,0,94,,
2025-11-27T00:40:27.071557+00:00,train,3,5567,self,0.9050000000000438,0,97,,
2025-11-27T00:40:27.071841+00:00,train,3,5568,self,0.9050000000000438,0,99,,
2025-11-27T00:40:27.072018+00:00,train,3,5569,self,0.9050000000000438,0,94,,
2025-11-27T00:40:27.072174+00:00,train,3,5570,self,0.9050000000000438,0,100,,
2025-11-27T00:40:27.072325+00:00,train,3,5571,self,0.9050000000000438,0,99,,
2025-11-27T00:40:27.072557+00:00,train,3,5572,self,0.9050000000000438,0,100,,
2025-11-27T00:40:27.072725+00:00,train,3,5573,self,0.9050000000000438,0,97,,
2025-11-27T00:40:27.072890+00:00,train,3,5574,self,0.9050000000000438,0,100,,
2025-11-27T00:40:27.073048+00:00,train,3,5575,self,0.9050000000000438,0,99,,
2025-11-27T00:40:27.073205+00:00,train,3,5576,self,0.9050000000000438,0,100,,
2025-11-27T00:40:27.073354+00:00,train,3,5577,self,0.9050000000000438,0,97,,
2025-11-27T00:40:27.073502+00:00,train,3,5578,self,0.9050000000000438,0,99,,
2025-11-27T00:40:27.073648+00:00,train,3,5579,self,0.9050000000000438,0,90,,
2025-11-27T00:40:27.073792+00:00,train,3,5580,self,0.9050000000000438,0,98,,
2025-11-27T00:40:27.073939+00:00,train,3,5581,self,0.9050000000000438,0,94,,
2025-11-27T00:40:27.074083+00:00,train,3,5582,self,0.9050000000000438,0,98,,
2025-11-27T00:40:27.074225+00:00,train,3,5583,self,0.9050000000000438,0,100,,
2025-11-27T00:40:27.074369+00:00,train,3,5584,self,0.9050000000000438,0,100,,
2025-11-27T00:40:27.074512+00:00,train,3,5585,self,0.9050000000000438,0,98,,
2025-11-27T00:40:27.074655+00:00,train,3,5586,self,0.9050000000000438,0,100,,
2025-11-27T00:40:27.074797+00:00,train,3,5587,self,0.9050000000000438,0,92,,
2025-11-27T00:40:27.074940+00:00,train,3,5588,self,0.9050000000000438,0,100,,
2025-11-27T00:40:27.075083+00:00,train,3,5589,self,0.9050000000000438,0,79,,
2025-11-27T00:40:27.075226+00:00,train,3,5590,self,0.9050000000000438,0,100,,
2025-11-27T00:40:27.075368+00:00,train,3,5591,self,0.9050000000000438,0,98,,
2025-11-27T00:40:27.075511+00:00,train,3,5592,self,0.9050000000000438,0,99,,
2025-11-27T00:40:27.075654+00:00,train,3,5593,self,0.9050000000000438,0,96,,
2025-11-27T00:40:27.075902+00:00,train,3,5594,self,0.9050000000000438,0,96,,
2025-11-27T00:40:27.076231+00:00,train,3,5595,self,0.9050000000000438,0,76,,
2025-11-27T00:40:27.076426+00:00,train,3,5596,self,0.9050000000000438,0,89,,
2025-11-27T00:40:27.076630+00:00,train,3,5597,self,0.9050000000000438,0,99,,
2025-11-27T00:40:27.076852+00:00,train,3,5598,self,0.9050000000000438,0,99,,
2025-11-27T00:40:27.077023+00:00,train,3,5599,self,0.9050000000000438,0,97,,
2025-11-27T00:40:27.077175+00:00,train,3,5600,self,0.9050000000000438,0,97,,
2025-11-27T00:40:27.077322+00:00,train,3,5601,self,0.9050000000000438,0,91,,
2025-11-27T00:40:27.077465+00:00,train,3,5602,self,0.9050000000000438,0,100,,
2025-11-27T00:40:27.077608+00:00,train,3,5603,self,0.9050000000000438,0,99,,
2025-11-27T00:40:27.077748+00:00,train,3,5604,self,0.9050000000000438,0,100,,
2025-11-27T00:40:27.077929+00:00,train,3,5605,self,0.9050000000000438,0,93,,
2025-11-27T00:40:27.078110+00:00,train,3,5606,self,0.9050000000000438,0,99,,
2025-11-27T00:40:27.078275+00:00,train,3,5607,self,0.9050000000000438,0,86,,
2025-11-27T00:40:27.078488+00:00,train,3,5608,self,0.9050000000000438,0,95,,
2025-11-27T00:40:27.078726+00:00,train,3,5609,self,0.9050000000000438,0,93,,
2025-11-27T00:40:27.078901+00:00,train,3,5610,self,0.9050000000000438,0,98,,
2025-11-27T00:40:27.079056+00:00,train,3,5611,self,0.9050000000000438,0,89,,
2025-11-27T00:40:27.079205+00:00,train,3,5612,self,0.9050000000000438,0,100,,
2025-11-27T00:40:27.079351+00:00,train,3,5613,self,0.9050000000000438,0,98,,
2025-11-27T00:40:27.079495+00:00,train,3,5614,self,0.9050000000000438,0,98,,
2025-11-27T00:40:27.079637+00:00,train,3,5615,self,0.9050000000000438,0,94,,
2025-11-27T00:40:27.079791+00:00,train,3,5616,self,0.9050000000000438,0,97,,
2025-11-27T00:40:27.079929+00:00,train,3,5617,self,0.9050000000000438,0,95,,
2025-11-27T00:40:27.080065+00:00,train,3,5618,self,0.9050000000000438,0,96,,
2025-11-27T00:40:27.080201+00:00,train,3,5619,self,0.9050000000000438,0,91,,
2025-11-27T00:40:27.080337+00:00,train,3,5620,self,0.9050000000000438,0,97,,
2025-11-27T00:40:27.080474+00:00,train,3,5621,self,0.9050000000000438,0,91,,
2025-11-27T00:40:27.080611+00:00,train,3,5622,self,0.9050000000000438,0,91,,
2025-11-27T00:40:27.080747+00:00,train,3,5623,self,0.9050000000000438,0,100,,
2025-11-27T00:40:27.080883+00:00,train,3,5624,self,0.9050000000000438,0,100,,
2025-11-27T00:40:27.081023+00:00,train,3,5625,self,0.9050000000000438,0,90,,
2025-11-27T00:40:27.081161+00:00,train,3,5626,self,0.9050000000000438,0,96,,
2025-11-27T00:40:27.081297+00:00,train,3,5627,self,0.9050000000000438,0,88,,
2025-11-27T00:40:27.081498+00:00,train,3,5628,self,0.9050000000000438,0,92,,
2025-11-27T00:40:27.081664+00:00,train,3,5629,self,0.9050000000000438,0,93,,
2025-11-27T00:40:27.081836+00:00,train,3,5630,self,0.9050000000000438,0,100,,
2025-11-27T00:40:27.082029+00:00,train,3,5631,self,0.9050000000000438,0,95,,
2025-11-27T00:40:27.082195+00:00,train,3,5632,self,0.9050000000000438,0,96,,
2025-11-27T00:40:27.082348+00:00,train,3,5633,self,0.9050000000000438,0,95,,
2025-11-27T00:40:27.082502+00:00,train,3,5634,self,0.9050000000000438,0,98,,
2025-11-27T00:40:27.082707+00:00,train,3,5635,self,0.9050000000000438,0,94,,
2025-11-27T00:40:27.082872+00:00,train,3,5636,self,0.9050000000000438,0,100,,
2025-11-27T00:40:27.083016+00:00,train,3,5637,self,0.9050000000000438,0,94,,
2025-11-27T00:40:27.083161+00:00,train,3,5638,self,0.9050000000000438,0,94,,
2025-11-27T00:40:27.083313+00:00,train,3,5639,self,0.9050000000000438,0,96,,
2025-11-27T00:40:27.083460+00:00,train,3,5640,self,0.9050000000000438,0,100,,
2025-11-27T00:40:27.083604+00:00,train,3,5641,self,0.9050000000000438,0,80,,
2025-11-27T00:40:27.083748+00:00,train,3,5642,self,0.9050000000000438,0,98,,
2025-11-27T00:40:27.083891+00:00,train,3,5643,self,0.9050000000000438,0,97,,
2025-11-27T00:40:27.084052+00:00,train,3,5644,self,0.9050000000000438,0,100,,
2025-11-27T00:40:27.084196+00:00,train,3,5645,self,0.9050000000000438,0,87,,
2025-11-27T00:40:27.084338+00:00,train,3,5646,self,0.9050000000000438,0,99,,
2025-11-27T00:40:27.084488+00:00,train,3,5647,self,0.9050000000000438,0,94,,
2025-11-27T00:40:27.084631+00:00,train,3,5648,self,0.9050000000000438,0,99,,
2025-11-27T00:40:27.084774+00:00,train,3,5649,self,0.9050000000000438,0,94,,
2025-11-27T00:40:27.084916+00:00,train,3,5650,self,0.9050000000000438,0,97,,
2025-11-27T00:40:27.085059+00:00,train,3,5651,self,0.9050000000000438,0,91,,
2025-11-27T00:40:27.085201+00:00,train,3,5652,self,0.9050000000000438,0,93,,
2025-11-27T00:40:27.085342+00:00,train,3,5653,self,0.9050000000000438,0,99,,
2025-11-27T00:40:27.085484+00:00,train,3,5654,self,0.9050000000000438,0,100,,
2025-11-27T00:40:27.085626+00:00,train,3,5655,self,0.9050000000000438,0,100,,
2025-11-27T00:40:27.085768+00:00,train,3,5656,self,0.9050000000000438,0,100,,
2025-11-27T00:40:27.085909+00:00,train,3,5657,self,0.9050000000000438,0,93,,
2025-11-27T00:40:27.086049+00:00,train,3,5658,self,0.9050000000000438,0,100,,
2025-11-27T00:40:27.086191+00:00,train,3,5659,self,0.9050000000000438,0,97,,
2025-11-27T00:40:27.086333+00:00,train,3,5660,self,0.9050000000000438,0,100,,
2025-11-27T00:40:27.086474+00:00,train,3,5661,self,0.9050000000000438,0,98,,
2025-11-27T00:40:27.086615+00:00,train,3,5662,self,0.9050000000000438,0,98,,
2025-11-27T00:40:27.086756+00:00,train,3,5663,self,0.9050000000000438,0,89,,
2025-11-27T00:40:27.086896+00:00,train,3,5664,self,0.9050000000000438,0,99,,
2025-11-27T00:40:27.087036+00:00,train,3,5665,self,0.9050000000000438,0,90,,
2025-11-27T00:40:27.087177+00:00,train,3,5666,self,0.9050000000000438,0,100,,
2025-11-27T00:40:27.087317+00:00,train,3,5667,self,0.9050000000000438,0,82,,
2025-11-27T00:40:27.087465+00:00,train,3,5668,self,0.9050000000000438,0,97,,
2025-11-27T00:40:27.087607+00:00,train,3,5669,self,0.9050000000000438,0,89,,
2025-11-27T00:40:27.087768+00:00,train,3,5670,self,0.9050000000000438,0,92,,
2025-11-27T00:40:27.087908+00:00,train,3,5671,self,0.9050000000000438,0,90,,
2025-11-27T00:40:27.088049+00:00,train,3,5672,self,0.9050000000000438,0,100,,
2025-11-27T00:40:27.088186+00:00,train,3,5673,self,0.9050000000000438,0,95,,
2025-11-27T00:40:27.088323+00:00,train,3,5674,self,0.9050000000000438,0,99,,
2025-11-27T00:40:27.088460+00:00,train,3,5675,self,0.9050000000000438,0,94,,
2025-11-27T00:40:27.088597+00:00,train,3,5676,self,0.9050000000000438,0,96,,
2025-11-27T00:40:27.088735+00:00,train,3,5677,self,0.9050000000000438,0,97,,
2025-11-27T00:40:27.088872+00:00,train,3,5678,self,0.9050000000000438,0,99,,
2025-11-27T00:40:27.089009+00:00,train,3,5679,self,0.9050000000000438,0,97,,
2025-11-27T00:40:27.089146+00:00,train,3,5680,self,0.9050000000000438,0,99,,
2025-11-27T00:40:27.089283+00:00,train,3,5681,self,0.9050000000000438,0,91,,
2025-11-27T00:40:27.089427+00:00,train,3,5682,self,0.9050000000000438,0,97,,
2025-11-27T00:40:27.089565+00:00,train,3,5683,self,0.9050000000000438,0,74,,
2025-11-27T00:40:27.089703+00:00,train,3,5684,self,0.9050000000000438,0,88,,
2025-11-27T00:40:27.089841+00:00,train,3,5685,self,0.9050000000000438,0,84,,
2025-11-27T00:40:27.089990+00:00,train,3,5686,self,0.9050000000000438,0,97,,
2025-11-27T00:40:27.090142+00:00,train,3,5687,self,0.9050000000000438,0,97,,
2025-11-27T00:40:27.090288+00:00,train,3,5688,self,0.9050000000000438,0,99,,
2025-11-27T00:40:27.090488+00:00,train,3,5689,self,0.9050000000000438,0,97,,
2025-11-27T00:40:27.090668+00:00,train,3,5690,self,0.9050000000000438,0,98,,
2025-11-27T00:40:27.090818+00:00,train,3,5691,self,0.9050000000000438,0,95,,
2025-11-27T00:40:27.091029+00:00,train,3,5692,self,0.9050000000000438,0,98,,
2025-11-27T00:40:27.091188+00:00,train,3,5693,self,0.9050000000000438,0,97,,
2025-11-27T00:40:27.091334+00:00,train,3,5694,self,0.9050000000000438,0,100,,
2025-11-27T00:40:27.091475+00:00,train,3,5695,self,0.9050000000000438,0,94,,
2025-11-27T00:40:27.091612+00:00,train,3,5696,self,0.9050000000000438,0,100,,
2025-11-27T00:40:27.091750+00:00,train,3,5697,self,0.9050000000000438,0,89,,
2025-11-27T00:40:27.091906+00:00,train,3,5698,self,0.9050000000000438,0,99,,
2025-11-27T00:40:27.092045+00:00,train,3,5699,self,0.9050000000000438,0,100,,
2025-11-27T00:40:27.092227+00:00,train,3,5700,self,0.9050000000000438,0,100,,
2025-11-27T00:40:27.092414+00:00,train,3,5701,self,0.9050000000000438,0,86,,
2025-11-27T00:40:27.092601+00:00,train,3,5702,self,0.9050000000000438,0,92,,
2025-11-27T00:40:27.092820+00:00,train,3,5703,self,0.9050000000000438,0,93,,
2025-11-27T00:40:27.092980+00:00,train,3,5704,self,0.9050000000000438,0,100,,
2025-11-27T00:40:27.093148+00:00,train,3,5705,self,0.9050000000000438,0,96,,
2025-11-27T00:40:27.093406+00:00,train,3,5706,self,0.9050000000000438,0,99,,
2025-11-27T00:40:27.093662+00:00,train,3,5707,self,0.9050000000000438,0,98,,
2025-11-27T00:40:27.093980+00:00,train,3,5708,self,0.9050000000000438,0,100,,
2025-11-27T00:40:27.094153+00:00,train,3,5709,self,0.9050000000000438,0,89,,
2025-11-27T00:40:27.094317+00:00,train,3,5710,self,0.9050000000000438,0,99,,
2025-11-27T00:40:27.094469+00:00,train,3,5711,self,0.9050000000000438,0,90,,
2025-11-27T00:40:27.094615+00:00,train,3,5712,self,0.9050000000000438,0,100,,
2025-11-27T00:40:27.094773+00:00,train,3,5713,self,0.9050000000000438,0,85,,
2025-11-27T00:40:27.094918+00:00,train,3,5714,self,0.9050000000000438,0,90,,
2025-11-27T00:40:27.095064+00:00,train,3,5715,self,0.9050000000000438,0,91,,
2025-11-27T00:40:27.095208+00:00,train,3,5716,self,0.9050000000000438,0,99,,
2025-11-27T00:40:27.095350+00:00,train,3,5717,self,0.9050000000000438,0,98,,
2025-11-27T00:40:27.095493+00:00,train,3,5718,self,0.9050000000000438,0,100,,
2025-11-27T00:40:27.095637+00:00,train,3,5719,self,0.9050000000000438,0,100,,
2025-11-27T00:40:27.095792+00:00,train,3,5720,self,0.9050000000000438,0,100,,
2025-11-27T00:40:27.095930+00:00,train,3,5721,self,0.9050000000000438,0,93,,
2025-11-27T00:40:27.096067+00:00,train,3,5722,self,0.9050000000000438,0,100,,
2025-11-27T00:40:27.096205+00:00,train,3,5723,self,0.9050000000000438,0,96,,
2025-11-27T00:40:27.096342+00:00,train,3,5724,self,0.9050000000000438,0,99,,
2025-11-27T00:40:27.096479+00:00,train,3,5725,self,0.9050000000000438,0,90,,
2025-11-27T00:40:27.096617+00:00,train,3,5726,self,0.9050000000000438,0,100,,
2025-11-27T00:40:27.096754+00:00,train,3,5727,self,0.9050000000000438,0,96,,
2025-11-27T00:40:27.096891+00:00,train,3,5728,self,0.9050000000000438,0,97,,
2025-11-27T00:40:27.097029+00:00,train,3,5729,self,0.9050000000000438,0,99,,
2025-11-27T00:40:27.097166+00:00,train,3,5730,self,0.9050000000000438,0,100,,
2025-11-27T00:40:27.097304+00:00,train,3,5731,self,0.9050000000000438,0,94,,
2025-11-27T00:40:27.097441+00:00,train,3,5732,self,0.9050000000000438,0,96,,
2025-11-27T00:40:27.097580+00:00,train,3,5733,self,0.9050000000000438,0,96,,
2025-11-27T00:40:27.097717+00:00,train,3,5734,self,0.9050000000000438,0,97,,
2025-11-27T00:40:27.097855+00:00,train,3,5735,self,0.9050000000000438,0,96,,
2025-11-27T00:40:27.097992+00:00,train,3,5736,self,0.9050000000000438,0,100,,
2025-11-27T00:40:27.098132+00:00,train,3,5737,self,0.9050000000000438,0,96,,
2025-11-27T00:40:27.098273+00:00,train,3,5738,self,0.9050000000000438,0,99,,
2025-11-27T00:40:27.098412+00:00,train,3,5739,self,0.9050000000000438,0,96,,
2025-11-27T00:40:27.098549+00:00,train,3,5740,self,0.9050000000000438,0,99,,
2025-11-27T00:40:27.098686+00:00,train,3,5741,self,0.9050000000000438,0,83,,
2025-11-27T00:40:27.098835+00:00,train,3,5742,self,0.9050000000000438,0,94,,
2025-11-27T00:40:27.098968+00:00,train,3,5743,self,0.9050000000000438,0,98,,
2025-11-27T00:40:27.099101+00:00,train,3,5744,self,0.9050000000000438,0,99,,
2025-11-27T00:40:27.099234+00:00,train,3,5745,self,0.9050000000000438,0,94,,
2025-11-27T00:40:27.099367+00:00,train,3,5746,self,0.9050000000000438,0,100,,
2025-11-27T00:40:27.099500+00:00,train,3,5747,self,0.9050000000000438,0,94,,
2025-11-27T00:40:27.099633+00:00,train,3,5748,self,0.9050000000000438,0,100,,
2025-11-27T00:40:27.099766+00:00,train,3,5749,self,0.9050000000000438,0,90,,
2025-11-27T00:40:27.099899+00:00,train,3,5750,self,0.9050000000000438,0,100,,
2025-11-27T00:40:27.100033+00:00,train,3,5751,self,0.9050000000000438,0,94,,
2025-11-27T00:40:27.100166+00:00,train,3,5752,self,0.9050000000000438,0,99,,
2025-11-27T00:40:27.100300+00:00,train,3,5753,self,0.9050000000000438,0,96,,
2025-11-27T00:40:27.100432+00:00,train,3,5754,self,0.9050000000000438,0,97,,
2025-11-27T00:40:27.100566+00:00,train,3,5755,self,0.9050000000000438,0,89,,
2025-11-27T00:40:27.100699+00:00,train,3,5756,self,0.9050000000000438,0,94,,
2025-11-27T00:40:27.100832+00:00,train,3,5757,self,0.9050000000000438,0,93,,
2025-11-27T00:40:27.100965+00:00,train,3,5758,self,0.9050000000000438,0,99,,
2025-11-27T00:40:27.101098+00:00,train,3,5759,self,0.9050000000000438,0,91,,
2025-11-27T00:40:27.101231+00:00,train,3,5760,self,0.9050000000000438,0,94,,
2025-11-27T00:40:27.101365+00:00,train,3,5761,self,0.9050000000000438,0,93,,
2025-11-27T00:40:27.101498+00:00,train,3,5762,self,0.9050000000000438,0,100,,
2025-11-27T00:40:27.101631+00:00,train,3,5763,self,0.9050000000000438,0,91,,
2025-11-27T00:40:27.101764+00:00,train,3,5764,self,0.9050000000000438,0,98,,
2025-11-27T00:40:27.101897+00:00,train,3,5765,self,0.9050000000000438,0,98,,
2025-11-27T00:40:27.102030+00:00,train,3,5766,self,0.9050000000000438,0,99,,
2025-11-27T00:40:27.102164+00:00,train,3,5767,self,0.9050000000000438,0,99,,
2025-11-27T00:40:27.102297+00:00,train,3,5768,self,0.9050000000000438,0,100,,
2025-11-27T00:40:27.102430+00:00,train,3,5769,self,0.9050000000000438,0,88,,
2025-11-27T00:40:27.102564+00:00,train,3,5770,self,0.9050000000000438,0,100,,
2025-11-27T00:40:27.102697+00:00,train,3,5771,self,0.9050000000000438,0,98,,
2025-11-27T00:40:27.102830+00:00,train,3,5772,self,0.9050000000000438,0,99,,
2025-11-27T00:40:27.102970+00:00,train,3,5773,self,0.9050000000000438,0,100,,
2025-11-27T00:40:27.103105+00:00,train,3,5774,self,0.9050000000000438,0,100,,
2025-11-27T00:40:27.103238+00:00,train,3,5775,self,0.9050000000000438,0,99,,
2025-11-27T00:40:27.103372+00:00,train,3,5776,self,0.9050000000000438,0,100,,
2025-11-27T00:40:27.103505+00:00,train,3,5777,self,0.9050000000000438,0,95,,
2025-11-27T00:40:27.103639+00:00,train,3,5778,self,0.9050000000000438,0,99,,
2025-11-27T00:40:27.103772+00:00,train,3,5779,self,0.9050000000000438,0,85,,
2025-11-27T00:40:27.103910+00:00,train,3,5780,self,0.9050000000000438,0,96,,
2025-11-27T00:40:27.104044+00:00,train,3,5781,self,0.9050000000000438,0,97,,
2025-11-27T00:40:27.104179+00:00,train,3,5782,self,0.9050000000000438,0,97,,
2025-11-27T00:40:27.104312+00:00,train,3,5783,self,0.9050000000000438,0,84,,
2025-11-27T00:40:27.104446+00:00,train,3,5784,self,0.9050000000000438,0,94,,
2025-11-27T00:40:27.104579+00:00,train,3,5785,self,0.9050000000000438,0,92,,
2025-11-27T00:40:27.104713+00:00,train,3,5786,self,0.9050000000000438,0,100,,
2025-11-27T00:40:27.104846+00:00,train,3,5787,self,0.9050000000000438,0,92,,
2025-11-27T00:40:27.104979+00:00,train,3,5788,self,0.9050000000000438,0,96,,
2025-11-27T00:40:27.105113+00:00,train,3,5789,self,0.9050000000000438,0,96,,
2025-11-27T00:40:27.105247+00:00,train,3,5790,self,0.9050000000000438,0,99,,
2025-11-27T00:40:27.105396+00:00,train,3,5791,self,0.9050000000000438,0,96,,
2025-11-27T00:40:27.105531+00:00,train,3,5792,self,0.9050000000000438,0,99,,
2025-11-27T00:40:27.105664+00:00,train,3,5793,self,0.9050000000000438,0,98,,
2025-11-27T00:40:27.105799+00:00,train,3,5794,self,0.9050000000000438,0,99,,
2025-11-27T00:40:27.105932+00:00,train,3,5795,self,0.9050000000000438,0,99,,
2025-11-27T00:40:27.106066+00:00,train,3,5796,self,0.9050000000000438,0,100,,
2025-11-27T00:40:27.106199+00:00,train,3,5797,self,0.9050000000000438,0,98,,
2025-11-27T00:40:27.106355+00:00,train,3,5798,self,0.9050000000000438,0,100,,
2025-11-27T00:40:27.106490+00:00,train,3,5799,self,0.9050000000000438,0,93,,
2025-11-27T00:40:27.106634+00:00,train,3,5800,self,0.9050000000000438,0,96,,
2025-11-27T00:40:27.106770+00:00,train,3,5801,self,0.9050000000000438,0,93,,
2025-11-27T00:40:27.106958+00:00,train,3,5802,self,0.9050000000000438,0,95,,
2025-11-27T00:40:27.107126+00:00,train,3,5803,self,0.9050000000000438,0,95,,
2025-11-27T00:40:27.107274+00:00,train,3,5804,self,0.9050000000000438,0,100,,
2025-11-27T00:40:27.107420+00:00,train,3,5805,self,0.9050000000000438,0,99,,
2025-11-27T00:40:27.107560+00:00,train,3,5806,self,0.9050000000000438,0,99,,
2025-11-27T00:40:27.107698+00:00,train,3,5807,self,0.9050000000000438,0,93,,
2025-11-27T00:40:27.107835+00:00,train,3,5808,self,0.9050000000000438,0,96,,
2025-11-27T00:40:27.107970+00:00,train,3,5809,self,0.9050000000000438,0,97,,
2025-11-27T00:40:27.108104+00:00,train,3,5810,self,0.9050000000000438,0,99,,
2025-11-27T00:40:27.108238+00:00,train,3,5811,self,0.9050000000000438,0,90,,
2025-11-27T00:40:27.108372+00:00,train,3,5812,self,0.9050000000000438,0,100,,
2025-11-27T00:40:27.108505+00:00,train,3,5813,self,0.9050000000000438,0,94,,
2025-11-27T00:40:27.108637+00:00,train,3,5814,self,0.9050000000000438,0,100,,
2025-11-27T00:40:27.108773+00:00,train,3,5815,self,0.9050000000000438,0,97,,
2025-11-27T00:40:27.108907+00:00,train,3,5816,self,0.9050000000000438,0,97,,
2025-11-27T00:40:27.109041+00:00,train,3,5817,self,0.9050000000000438,0,95,,
2025-11-27T00:40:27.109175+00:00,train,3,5818,self,0.9050000000000438,0,97,,
2025-11-27T00:40:27.109309+00:00,train,3,5819,self,0.9050000000000438,0,85,,
2025-11-27T00:40:27.109443+00:00,train,3,5820,self,0.9050000000000438,0,90,,
2025-11-27T00:40:27.109578+00:00,train,3,5821,self,0.9050000000000438,0,91,,
2025-11-27T00:40:27.109714+00:00,train,3,5822,self,0.9050000000000438,0,98,,
2025-11-27T00:40:27.109847+00:00,train,3,5823,self,0.9050000000000438,0,99,,
2025-11-27T00:40:27.109980+00:00,train,3,5824,self,0.9050000000000438,0,100,,
2025-11-27T00:40:27.110113+00:00,train,3,5825,self,0.9050000000000438,0,95,,
2025-11-27T00:40:27.110245+00:00,train,3,5826,self,0.9050000000000438,0,100,,
2025-11-27T00:40:27.110379+00:00,train,3,5827,self,0.9050000000000438,0,89,,
2025-11-27T00:40:27.110511+00:00,train,3,5828,self,0.9050000000000438,0,100,,
2025-11-27T00:40:27.110644+00:00,train,3,5829,self,0.9050000000000438,0,88,,
2025-11-27T00:40:27.110778+00:00,train,3,5830,self,0.9050000000000438,0,98,,
2025-11-27T00:40:27.110910+00:00,train,3,5831,self,0.9050000000000438,0,99,,
2025-11-27T00:40:27.111045+00:00,train,3,5832,self,0.9050000000000438,0,100,,
2025-11-27T00:40:27.111179+00:00,train,3,5833,self,0.9050000000000438,0,84,,
2025-11-27T00:40:27.111312+00:00,train,3,5834,self,0.9050000000000438,0,89,,
2025-11-27T00:40:27.111445+00:00,train,3,5835,self,0.9050000000000438,0,94,,
2025-11-27T00:40:27.111578+00:00,train,3,5836,self,0.9050000000000438,0,95,,
2025-11-27T00:40:27.111716+00:00,train,3,5837,self,0.9050000000000438,0,99,,
2025-11-27T00:40:27.111909+00:00,train,3,5838,self,0.9050000000000438,0,99,,
2025-11-27T00:40:27.112082+00:00,train,3,5839,self,0.9050000000000438,0,93,,
2025-11-27T00:40:27.112238+00:00,train,3,5840,self,0.9050000000000438,0,99,,
2025-11-27T00:40:27.112386+00:00,train,3,5841,self,0.9050000000000438,0,91,,
2025-11-27T00:40:27.112531+00:00,train,3,5842,self,0.9050000000000438,0,100,,
2025-11-27T00:40:27.112683+00:00,train,3,5843,self,0.9050000000000438,0,96,,
2025-11-27T00:40:27.112827+00:00,train,3,5844,self,0.9050000000000438,0,99,,
2025-11-27T00:40:27.112971+00:00,train,3,5845,self,0.9050000000000438,0,90,,
2025-11-27T00:40:27.113118+00:00,train,3,5846,self,0.9050000000000438,0,99,,
2025-11-27T00:40:27.113259+00:00,train,3,5847,self,0.9050000000000438,0,89,,
2025-11-27T00:40:27.113398+00:00,train,3,5848,self,0.9050000000000438,0,100,,
2025-11-27T00:40:27.113538+00:00,train,3,5849,self,0.9050000000000438,0,96,,
2025-11-27T00:40:27.113678+00:00,train,3,5850,self,0.9050000000000438,0,97,,
2025-11-27T00:40:27.113820+00:00,train,3,5851,self,0.9050000000000438,0,89,,
2025-11-27T00:40:27.113960+00:00,train,3,5852,self,0.9050000000000438,0,93,,
2025-11-27T00:40:27.114100+00:00,train,3,5853,self,0.9050000000000438,0,97,,
2025-11-27T00:40:27.114242+00:00,train,3,5854,self,0.9050000000000438,0,99,,
2025-11-27T00:40:27.114382+00:00,train,3,5855,self,0.9050000000000438,0,88,,
2025-11-27T00:40:27.114521+00:00,train,3,5856,self,0.9050000000000438,0,89,,
2025-11-27T00:40:27.114660+00:00,train,3,5857,self,0.9050000000000438,0,100,,
2025-11-27T00:40:27.114800+00:00,train,3,5858,self,0.9050000000000438,0,100,,
2025-11-27T00:40:27.114941+00:00,train,3,5859,self,0.9050000000000438,0,97,,
2025-11-27T00:40:27.115080+00:00,train,3,5860,self,0.9050000000000438,0,99,,
2025-11-27T00:40:27.115220+00:00,train,3,5861,self,0.9050000000000438,0,88,,
2025-11-27T00:40:27.115358+00:00,train,3,5862,self,0.9050000000000438,0,100,,
2025-11-27T00:40:27.115496+00:00,train,3,5863,self,0.9050000000000438,0,90,,
2025-11-27T00:40:27.115636+00:00,train,3,5864,self,0.9050000000000438,0,99,,
2025-11-27T00:40:27.115774+00:00,train,3,5865,self,0.9050000000000438,0,88,,
2025-11-27T00:40:27.115912+00:00,train,3,5866,self,0.9050000000000438,0,98,,
2025-11-27T00:40:27.116050+00:00,train,3,5867,self,0.9050000000000438,0,85,,
2025-11-27T00:40:27.116188+00:00,train,3,5868,self,0.9050000000000438,0,90,,
2025-11-27T00:40:27.116376+00:00,train,3,5869,self,0.9050000000000438,0,96,,
2025-11-27T00:40:27.116515+00:00,train,3,5870,self,0.9050000000000438,0,97,,
2025-11-27T00:40:27.116653+00:00,train,3,5871,self,0.9050000000000438,0,96,,
2025-11-27T00:40:27.116789+00:00,train,3,5872,self,0.9050000000000438,0,100,,
2025-11-27T00:40:27.116930+00:00,train,3,5873,self,0.9050000000000438,0,93,,
2025-11-27T00:40:27.117067+00:00,train,3,5874,self,0.9050000000000438,0,97,,
2025-11-27T00:40:27.117206+00:00,train,3,5875,self,0.9050000000000438,0,96,,
2025-11-27T00:40:27.117347+00:00,train,3,5876,self,0.9050000000000438,0,99,,
2025-11-27T00:40:27.117485+00:00,train,3,5877,self,0.9050000000000438,0,99,,
2025-11-27T00:40:27.117623+00:00,train,3,5878,self,0.9050000000000438,0,99,,
2025-11-27T00:40:27.117762+00:00,train,3,5879,self,0.9050000000000438,0,99,,
2025-11-27T00:40:27.117902+00:00,train,3,5880,self,0.9050000000000438,0,99,,
2025-11-27T00:40:27.118040+00:00,train,3,5881,self,0.9050000000000438,0,89,,
2025-11-27T00:40:27.118183+00:00,train,3,5882,self,0.9050000000000438,0,99,,
2025-11-27T00:40:27.118321+00:00,train,3,5883,self,0.9050000000000438,0,96,,
2025-11-27T00:40:27.118458+00:00,train,3,5884,self,0.9050000000000438,0,97,,
2025-11-27T00:40:27.118596+00:00,train,3,5885,self,0.9050000000000438,0,95,,
2025-11-27T00:40:27.118733+00:00,train,3,5886,self,0.9050000000000438,0,99,,
2025-11-27T00:40:27.118870+00:00,train,3,5887,self,0.9050000000000438,0,95,,
2025-11-27T00:40:27.119007+00:00,train,3,5888,self,0.9050000000000438,0,100,,
2025-11-27T00:40:27.119145+00:00,train,3,5889,self,0.9050000000000438,0,79,,
2025-11-27T00:40:27.119285+00:00,train,3,5890,self,0.9050000000000438,0,96,,
2025-11-27T00:40:27.119424+00:00,train,3,5891,self,0.9050000000000438,0,98,,
2025-11-27T00:40:27.119562+00:00,train,3,5892,self,0.9050000000000438,0,100,,
2025-11-27T00:40:27.119699+00:00,train,3,5893,self,0.9050000000000438,0,95,,
2025-11-27T00:40:27.119837+00:00,train,3,5894,self,0.9050000000000438,0,100,,
2025-11-27T00:40:27.119978+00:00,train,3,5895,self,0.9050000000000438,0,100,,
2025-11-27T00:40:27.120115+00:00,train,3,5896,self,0.9050000000000438,0,100,,
2025-11-27T00:40:27.120252+00:00,train,3,5897,self,0.9050000000000438,0,95,,
2025-11-27T00:40:27.120390+00:00,train,3,5898,self,0.9050000000000438,0,99,,
2025-11-27T00:40:27.120531+00:00,train,3,5899,self,0.9050000000000438,0,98,,
2025-11-27T00:40:27.120668+00:00,train,3,5900,self,0.9050000000000438,0,100,,
2025-11-27T00:40:27.120805+00:00,train,3,5901,self,0.9050000000000438,0,96,,
2025-11-27T00:40:27.120942+00:00,train,3,5902,self,0.9050000000000438,0,96,,
2025-11-27T00:40:27.121079+00:00,train,3,5903,self,0.9050000000000438,0,92,,
2025-11-27T00:40:27.121216+00:00,train,3,5904,self,0.9050000000000438,0,99,,
2025-11-27T00:40:27.121353+00:00,train,3,5905,self,0.9050000000000438,0,95,,
2025-11-27T00:40:27.121490+00:00,train,3,5906,self,0.9050000000000438,0,99,,
2025-11-27T00:40:27.121629+00:00,train,3,5907,self,0.9050000000000438,0,89,,
2025-11-27T00:40:27.121779+00:00,train,3,5908,self,0.9050000000000438,0,93,,
2025-11-27T00:40:27.121913+00:00,train,3,5909,self,0.9050000000000438,0,94,,
2025-11-27T00:40:27.122047+00:00,train,3,5910,self,0.9050000000000438,0,97,,
2025-11-27T00:40:27.122182+00:00,train,3,5911,self,0.9050000000000438,0,88,,
2025-11-27T00:40:27.122317+00:00,train,3,5912,self,0.9050000000000438,0,97,,
2025-11-27T00:40:27.122450+00:00,train,3,5913,self,0.9050000000000438,0,95,,
2025-11-27T00:40:27.122584+00:00,train,3,5914,self,0.9050000000000438,0,100,,
2025-11-27T00:40:27.122717+00:00,train,3,5915,self,0.9050000000000438,0,100,,
2025-11-27T00:40:27.122861+00:00,train,3,5916,self,0.9050000000000438,0,100,,
2025-11-27T00:40:27.122991+00:00,train,3,5917,self,0.9050000000000438,0,98,,
2025-11-27T00:40:27.123122+00:00,train,3,5918,self,0.9050000000000438,0,99,,
2025-11-27T00:40:27.123257+00:00,train,3,5919,self,0.9050000000000438,0,93,,
2025-11-27T00:40:27.123387+00:00,train,3,5920,self,0.9050000000000438,0,99,,
2025-11-27T00:40:27.123517+00:00,train,3,5921,self,0.9050000000000438,0,92,,
2025-11-27T00:40:27.123646+00:00,train,3,5922,self,0.9050000000000438,0,100,,
2025-11-27T00:40:27.123789+00:00,train,3,5923,self,0.9050000000000438,0,97,,
2025-11-27T00:40:27.123915+00:00,train,3,5924,self,0.9050000000000438,0,99,,
2025-11-27T00:40:27.124043+00:00,train,3,5925,self,0.9050000000000438,0,98,,
2025-11-27T00:40:27.124171+00:00,train,3,5926,self,0.9050000000000438,0,99,,
2025-11-27T00:40:27.124297+00:00,train,3,5927,self,0.9050000000000438,0,97,,
2025-11-27T00:40:27.124444+00:00,train,3,5928,self,0.9050000000000438,0,100,,
2025-11-27T00:40:27.124572+00:00,train,3,5929,self,0.9050000000000438,0,95,,
2025-11-27T00:40:27.124699+00:00,train,3,5930,self,0.9050000000000438,0,99,,
2025-11-27T00:40:27.124837+00:00,train,3,5931,self,0.9050000000000438,0,85,,
2025-11-27T00:40:27.124960+00:00,train,3,5932,self,0.9050000000000438,0,97,,
2025-11-27T00:40:27.125083+00:00,train,3,5933,self,0.9050000000000438,0,94,,
2025-11-27T00:40:27.125208+00:00,train,3,5934,self,0.9050000000000438,0,98,,
2025-11-27T00:40:27.125338+00:00,train,3,5935,self,0.9050000000000438,0,93,,
2025-11-27T00:40:27.125461+00:00,train,3,5936,self,0.9050000000000438,0,93,,
2025-11-27T00:40:27.125583+00:00,train,3,5937,self,0.9050000000000438,0,94,,
2025-11-27T00:40:27.125706+00:00,train,3,5938,self,0.9050000000000438,0,100,,
2025-11-27T00:40:27.125839+00:00,train,3,5939,self,0.9050000000000438,0,97,,
2025-11-27T00:40:27.125958+00:00,train,3,5940,self,0.9050000000000438,0,100,,
2025-11-27T00:40:27.126076+00:00,train,3,5941,self,0.9050000000000438,0,93,,
2025-11-27T00:40:27.126195+00:00,train,3,5942,self,0.9050000000000438,0,100,,
2025-11-27T00:40:27.126314+00:00,train,3,5943,self,0.9050000000000438,0,93,,
2025-11-27T00:40:27.126432+00:00,train,3,5944,self,0.9050000000000438,0,99,,
2025-11-27T00:40:27.126551+00:00,train,3,5945,self,0.9050000000000438,0,92,,
2025-11-27T00:40:27.126670+00:00,train,3,5946,self,0.9050000000000438,0,100,,
2025-11-27T00:40:27.126802+00:00,train,3,5947,self,0.9050000000000438,0,97,,
2025-11-27T00:40:27.126920+00:00,train,3,5948,self,0.9050000000000438,0,100,,
2025-11-27T00:40:27.127043+00:00,train,3,5949,self,0.9050000000000438,0,96,,
2025-11-27T00:40:27.127159+00:00,train,3,5950,self,0.9050000000000438,0,98,,
2025-11-27T00:40:27.127274+00:00,train,3,5951,self,0.9050000000000438,0,88,,
2025-11-27T00:40:27.127390+00:00,train,3,5952,self,0.9050000000000438,0,89,,
2025-11-27T00:40:27.127509+00:00,train,3,5953,self,0.9050000000000438,0,95,,
2025-11-27T00:40:27.127677+00:00,train,3,5954,self,0.9050000000000438,0,100,,
2025-11-27T00:40:27.127793+00:00,train,3,5955,self,0.9050000000000438,0,91,,
2025-11-27T00:40:27.127922+00:00,train,3,5956,self,0.9050000000000438,0,94,,
2025-11-27T00:40:27.128035+00:00,train,3,5957,self,0.9050000000000438,0,96,,
2025-11-27T00:40:27.128148+00:00,train,3,5958,self,0.9050000000000438,0,100,,
2025-11-27T00:40:27.128260+00:00,train,3,5959,self,0.9050000000000438,0,93,,
2025-11-27T00:40:27.128373+00:00,train,3,5960,self,0.9050000000000438,0,94,,
2025-11-27T00:40:27.128486+00:00,train,3,5961,self,0.9050000000000438,0,98,,
2025-11-27T00:40:27.128599+00:00,train,3,5962,self,0.9050000000000438,0,100,,
2025-11-27T00:40:27.128711+00:00,train,3,5963,self,0.9050000000000438,0,96,,
2025-11-27T00:40:27.128827+00:00,train,3,5964,self,0.9050000000000438,0,99,,
2025-11-27T00:40:27.128939+00:00,train,3,5965,self,0.9050000000000438,0,90,,
2025-11-27T00:40:27.129051+00:00,train,3,5966,self,0.9050000000000438,0,96,,
2025-11-27T00:40:27.129163+00:00,train,3,5967,self,0.9050000000000438,0,98,,
2025-11-27T00:40:27.129276+00:00,train,3,5968,self,0.9050000000000438,0,100,,
2025-11-27T00:40:27.129388+00:00,train,3,5969,self,0.9050000000000438,0,93,,
2025-11-27T00:40:27.129501+00:00,train,3,5970,self,0.9050000000000438,0,99,,
2025-11-27T00:40:27.129616+00:00,train,3,5971,self,0.9050000000000438,0,83,,
2025-11-27T00:40:27.129729+00:00,train,3,5972,self,0.9050000000000438,0,99,,
2025-11-27T00:40:27.129842+00:00,train,3,5973,self,0.9050000000000438,0,94,,
2025-11-27T00:40:27.129955+00:00,train,3,5974,self,0.9050000000000438,0,96,,
2025-11-27T00:40:27.130069+00:00,train,3,5975,self,0.9050000000000438,0,91,,
2025-11-27T00:40:27.130183+00:00,train,3,5976,self,0.9050000000000438,0,100,,
2025-11-27T00:40:27.130296+00:00,train,3,5977,self,0.9050000000000438,0,97,,
2025-11-27T00:40:27.130409+00:00,train,3,5978,self,0.9050000000000438,0,97,,
2025-11-27T00:40:27.130521+00:00,train,3,5979,self,0.9050000000000438,0,97,,
2025-11-27T00:40:27.130634+00:00,train,3,5980,self,0.9050000000000438,0,98,,
2025-11-27T00:40:27.130750+00:00,train,3,5981,self,0.9050000000000438,0,95,,
2025-11-27T00:40:27.130863+00:00,train,3,5982,self,0.9050000000000438,0,95,,
2025-11-27T00:40:27.130976+00:00,train,3,5983,self,0.9050000000000438,0,88,,
2025-11-27T00:40:27.131088+00:00,train,3,5984,self,0.9050000000000438,0,90,,
2025-11-27T00:40:27.131201+00:00,train,3,5985,self,0.9050000000000438,0,96,,
2025-11-27T00:40:27.131314+00:00,train,3,5986,self,0.9050000000000438,0,98,,
2025-11-27T00:40:27.131426+00:00,train,3,5987,self,0.9050000000000438,0,88,,
2025-11-27T00:40:27.131538+00:00,train,3,5988,self,0.9050000000000438,0,95,,
2025-11-27T00:40:27.131652+00:00,train,3,5989,self,0.9050000000000438,0,91,,
2025-11-27T00:40:27.131764+00:00,train,3,5990,self,0.9050000000000438,0,96,,
2025-11-27T00:40:27.131876+00:00,train,3,5991,self,0.9050000000000438,0,96,,
2025-11-27T00:40:27.131989+00:00,train,3,5992,self,0.9050000000000438,0,99,,
2025-11-27T00:40:27.132102+00:00,train,3,5993,self,0.9050000000000438,0,99,,
2025-11-27T00:40:27.132216+00:00,train,3,5994,self,0.9050000000000438,0,99,,
2025-11-27T00:40:27.132329+00:00,train,3,5995,self,0.9050000000000438,0,95,,
2025-11-27T00:40:27.132442+00:00,train,3,5996,self,0.9050000000000438,0,95,,
2025-11-27T00:40:27.132555+00:00,train,3,5997,self,0.9050000000000438,0,95,,
2025-11-27T00:40:27.132668+00:00,train,3,5998,self,0.9050000000000438,0,96,,
2025-11-27T00:40:27.132780+00:00,train,3,5999,self,0.9050000000000438,0,94,,
2025-11-27T00:40:27.132897+00:00,train,3,6000,self,0.9050000000000438,0,97,,
2025-11-27T00:40:46.288610+00:00,baseline_eval,3,6001,,0.8575000000000657,,,,1.0
2025-11-27T00:41:00.919874+00:00,selfplay_eval,3,6001,,0.8575000000000657,,,0.5133333333333333,1.0
2025-11-27T00:41:17.151795+00:00,train,4,6001,self,0.8575000000000657,0,94,,
2025-11-27T00:41:17.152884+00:00,train,4,6002,self,0.8575000000000657,0,97,,
2025-11-27T00:41:17.153109+00:00,train,4,6003,self,0.8575000000000657,0,94,,
2025-11-27T00:41:17.153307+00:00,train,4,6004,self,0.8575000000000657,0,100,,
2025-11-27T00:41:17.153489+00:00,train,4,6005,self,0.8575000000000657,0,82,,
2025-11-27T00:41:17.153658+00:00,train,4,6006,self,0.8575000000000657,0,93,,
2025-11-27T00:41:17.153815+00:00,train,4,6007,self,0.8575000000000657,0,94,,
2025-11-27T00:41:17.153965+00:00,train,4,6008,self,0.8575000000000657,0,100,,
2025-11-27T00:41:17.154114+00:00,train,4,6009,self,0.8575000000000657,0,93,,
2025-11-27T00:41:17.154267+00:00,train,4,6010,self,0.8575000000000657,0,100,,
2025-11-27T00:41:17.154422+00:00,train,4,6011,self,0.8575000000000657,0,97,,
2025-11-27T00:41:17.154571+00:00,train,4,6012,self,0.8575000000000657,0,100,,
2025-11-27T00:41:17.154719+00:00,train,4,6013,self,0.8575000000000657,0,94,,
2025-11-27T00:41:17.154867+00:00,train,4,6014,self,0.8575000000000657,0,100,,
2025-11-27T00:41:17.155014+00:00,train,4,6015,self,0.8575000000000657,0,90,,
2025-11-27T00:41:17.155162+00:00,train,4,6016,self,0.8575000000000657,0,99,,
2025-11-27T00:41:17.155308+00:00,train,4,6017,self,0.8575000000000657,0,83,,
2025-11-27T00:41:17.155453+00:00,train,4,6018,self,0.8575000000000657,0,99,,
2025-11-27T00:41:17.155598+00:00,train,4,6019,self,0.8575000000000657,0,95,,
2025-11-27T00:41:17.155744+00:00,train,4,6020,self,0.8575000000000657,0,99,,
2025-11-27T00:41:17.155889+00:00,train,4,6021,self,0.8575000000000657,0,97,,
2025-11-27T00:41:17.156034+00:00,train,4,6022,self,0.8575000000000657,0,99,,
2025-11-27T00:41:17.156179+00:00,train,4,6023,self,0.8575000000000657,0,95,,
2025-11-27T00:41:17.156333+00:00,train,4,6024,self,0.8575000000000657,0,100,,
2025-11-27T00:41:17.156481+00:00,train,4,6025,self,0.8575000000000657,0,95,,
2025-11-27T00:41:17.156628+00:00,train,4,6026,self,0.8575000000000657,0,98,,
2025-11-27T00:41:17.156790+00:00,train,4,6027,self,0.8575000000000657,0,93,,
2025-11-27T00:41:17.157011+00:00,train,4,6028,self,0.8575000000000657,0,95,,
2025-11-27T00:41:17.157194+00:00,train,4,6029,self,0.8575000000000657,0,94,,
2025-11-27T00:41:17.157364+00:00,train,4,6030,self,0.8575000000000657,0,99,,
2025-11-27T00:41:17.157539+00:00,train,4,6031,self,0.8575000000000657,0,77,,
2025-11-27T00:41:17.157703+00:00,train,4,6032,self,0.8575000000000657,0,97,,
2025-11-27T00:41:17.157868+00:00,train,4,6033,self,0.8575000000000657,0,94,,
2025-11-27T00:41:17.158031+00:00,train,4,6034,self,0.8575000000000657,0,99,,
2025-11-27T00:41:17.158254+00:00,train,4,6035,self,0.8575000000000657,0,91,,
2025-11-27T00:41:17.158440+00:00,train,4,6036,self,0.8575000000000657,0,99,,
2025-11-27T00:41:17.158602+00:00,train,4,6037,self,0.8575000000000657,0,88,,
2025-11-27T00:41:17.158763+00:00,train,4,6038,self,0.8575000000000657,0,99,,
2025-11-27T00:41:17.158954+00:00,train,4,6039,self,0.8575000000000657,0,89,,
2025-11-27T00:41:17.159132+00:00,train,4,6040,self,0.8575000000000657,0,94,,
2025-11-27T00:41:17.159296+00:00,train,4,6041,self,0.8575000000000657,0,87,,
2025-11-27T00:41:17.159453+00:00,train,4,6042,self,0.8575000000000657,0,95,,
2025-11-27T00:41:17.159610+00:00,train,4,6043,self,0.8575000000000657,0,95,,
2025-11-27T00:41:17.159765+00:00,train,4,6044,self,0.8575000000000657,0,96,,
2025-11-27T00:41:17.159919+00:00,train,4,6045,self,0.8575000000000657,0,90,,
2025-11-27T00:41:17.160074+00:00,train,4,6046,self,0.8575000000000657,0,96,,
2025-11-27T00:41:17.160228+00:00,train,4,6047,self,0.8575000000000657,0,81,,
2025-11-27T00:41:17.160381+00:00,train,4,6048,self,0.8575000000000657,0,93,,
2025-11-27T00:41:17.160533+00:00,train,4,6049,self,0.8575000000000657,0,98,,
2025-11-27T00:41:17.160690+00:00,train,4,6050,self,0.8575000000000657,0,100,,
2025-11-27T00:41:17.160844+00:00,train,4,6051,self,0.8575000000000657,0,84,,
2025-11-27T00:41:17.160998+00:00,train,4,6052,self,0.8575000000000657,0,99,,
2025-11-27T00:41:17.161152+00:00,train,4,6053,self,0.8575000000000657,0,97,,
2025-11-27T00:41:17.161306+00:00,train,4,6054,self,0.8575000000000657,0,97,,
2025-11-27T00:41:17.161460+00:00,train,4,6055,self,0.8575000000000657,0,95,,
2025-11-27T00:41:17.161614+00:00,train,4,6056,self,0.8575000000000657,0,97,,
2025-11-27T00:41:17.161766+00:00,train,4,6057,self,0.8575000000000657,0,96,,
2025-11-27T00:41:17.161918+00:00,train,4,6058,self,0.8575000000000657,0,100,,
2025-11-27T00:41:17.162072+00:00,train,4,6059,self,0.8575000000000657,0,98,,
2025-11-27T00:41:17.162224+00:00,train,4,6060,self,0.8575000000000657,0,100,,
2025-11-27T00:41:17.162375+00:00,train,4,6061,self,0.8575000000000657,0,93,,
2025-11-27T00:41:17.162606+00:00,train,4,6062,self,0.8575000000000657,0,100,,
2025-11-27T00:41:17.162833+00:00,train,4,6063,self,0.8575000000000657,0,97,,
2025-11-27T00:41:17.163141+00:00,train,4,6064,self,0.8575000000000657,0,98,,
2025-11-27T00:41:17.163429+00:00,train,4,6065,self,0.8575000000000657,0,94,,
2025-11-27T00:41:17.163780+00:00,train,4,6066,self,0.8575000000000657,0,100,,
2025-11-27T00:41:17.163979+00:00,train,4,6067,self,0.8575000000000657,0,96,,
2025-11-27T00:41:17.164147+00:00,train,4,6068,self,0.8575000000000657,0,99,,
2025-11-27T00:41:17.164307+00:00,train,4,6069,self,0.8575000000000657,0,90,,
2025-11-27T00:41:17.164476+00:00,train,4,6070,self,0.8575000000000657,0,92,,
2025-11-27T00:41:17.164633+00:00,train,4,6071,self,0.8575000000000657,0,99,,
2025-11-27T00:41:17.164784+00:00,train,4,6072,self,0.8575000000000657,0,99,,
2025-11-27T00:41:17.164931+00:00,train,4,6073,self,0.8575000000000657,0,96,,
2025-11-27T00:41:17.165079+00:00,train,4,6074,self,0.8575000000000657,0,100,,
2025-11-27T00:41:17.165225+00:00,train,4,6075,self,0.8575000000000657,0,92,,
2025-11-27T00:41:17.165450+00:00,train,4,6076,self,0.8575000000000657,0,94,,
2025-11-27T00:41:17.165738+00:00,train,4,6077,self,0.8575000000000657,0,87,,
2025-11-27T00:41:17.166017+00:00,train,4,6078,self,0.8575000000000657,0,92,,
2025-11-27T00:41:17.166279+00:00,train,4,6079,self,0.8575000000000657,0,97,,
2025-11-27T00:41:17.166496+00:00,train,4,6080,self,0.8575000000000657,0,99,,
2025-11-27T00:41:17.166692+00:00,train,4,6081,self,0.8575000000000657,0,93,,
2025-11-27T00:41:17.166929+00:00,train,4,6082,self,0.8575000000000657,0,99,,
2025-11-27T00:41:17.167289+00:00,train,4,6083,self,0.8575000000000657,0,93,,
2025-11-27T00:41:17.167511+00:00,train,4,6084,self,0.8575000000000657,0,99,,
2025-11-27T00:41:17.167788+00:00,train,4,6085,self,0.8575000000000657,0,92,,
2025-11-27T00:41:17.167977+00:00,train,4,6086,self,0.8575000000000657,0,97,,
2025-11-27T00:41:17.168277+00:00,train,4,6087,self,0.8575000000000657,0,91,,
2025-11-27T00:41:17.168586+00:00,train,4,6088,self,0.8575000000000657,0,95,,
2025-11-27T00:41:17.168846+00:00,train,4,6089,self,0.8575000000000657,0,90,,
2025-11-27T00:41:17.169030+00:00,train,4,6090,self,0.8575000000000657,0,98,,
2025-11-27T00:41:17.169193+00:00,train,4,6091,self,0.8575000000000657,0,100,,
2025-11-27T00:41:17.169351+00:00,train,4,6092,self,0.8575000000000657,0,100,,
2025-11-27T00:41:17.169506+00:00,train,4,6093,self,0.8575000000000657,0,99,,
2025-11-27T00:41:17.169669+00:00,train,4,6094,self,0.8575000000000657,0,100,,
2025-11-27T00:41:17.169833+00:00,train,4,6095,self,0.8575000000000657,0,91,,
2025-11-27T00:41:17.169992+00:00,train,4,6096,self,0.8575000000000657,0,100,,
2025-11-27T00:41:17.170149+00:00,train,4,6097,self,0.8575000000000657,0,85,,
2025-11-27T00:41:17.170303+00:00,train,4,6098,self,0.8575000000000657,0,97,,
2025-11-27T00:41:17.170464+00:00,train,4,6099,self,0.8575000000000657,0,97,,
2025-11-27T00:41:17.170673+00:00,train,4,6100,self,0.8575000000000657,0,100,,
2025-11-27T00:41:17.170897+00:00,train,4,6101,self,0.8575000000000657,0,97,,
2025-11-27T00:41:17.171068+00:00,train,4,6102,self,0.8575000000000657,0,99,,
2025-11-27T00:41:17.171316+00:00,train,4,6103,self,0.8575000000000657,0,84,,
2025-11-27T00:41:17.171549+00:00,train,4,6104,self,0.8575000000000657,0,88,,
2025-11-27T00:41:17.171741+00:00,train,4,6105,self,0.8575000000000657,0,91,,
2025-11-27T00:41:17.171918+00:00,train,4,6106,self,0.8575000000000657,0,99,,
2025-11-27T00:41:17.172075+00:00,train,4,6107,self,0.8575000000000657,0,98,,
2025-11-27T00:41:17.172226+00:00,train,4,6108,self,0.8575000000000657,0,99,,
2025-11-27T00:41:17.172376+00:00,train,4,6109,self,0.8575000000000657,0,99,,
2025-11-27T00:41:17.172523+00:00,train,4,6110,self,0.8575000000000657,0,100,,
2025-11-27T00:41:17.172669+00:00,train,4,6111,self,0.8575000000000657,0,88,,
2025-11-27T00:41:17.172817+00:00,train,4,6112,self,0.8575000000000657,0,98,,
2025-11-27T00:41:17.172961+00:00,train,4,6113,self,0.8575000000000657,0,78,,
2025-11-27T00:41:17.173201+00:00,train,4,6114,self,0.8575000000000657,0,97,,
2025-11-27T00:41:17.173381+00:00,train,4,6115,self,0.8575000000000657,0,91,,
2025-11-27T00:41:17.173543+00:00,train,4,6116,self,0.8575000000000657,0,92,,
2025-11-27T00:41:17.173699+00:00,train,4,6117,self,0.8575000000000657,0,94,,
2025-11-27T00:41:17.173889+00:00,train,4,6118,self,0.8575000000000657,0,100,,
2025-11-27T00:41:17.174115+00:00,train,4,6119,self,0.8575000000000657,0,96,,
2025-11-27T00:41:17.174389+00:00,train,4,6120,self,0.8575000000000657,0,98,,
2025-11-27T00:41:17.174568+00:00,train,4,6121,self,0.8575000000000657,0,85,,
2025-11-27T00:41:17.174733+00:00,train,4,6122,self,0.8575000000000657,0,91,,
2025-11-27T00:41:17.174888+00:00,train,4,6123,self,0.8575000000000657,0,97,,
2025-11-27T00:41:17.175042+00:00,train,4,6124,self,0.8575000000000657,0,100,,
2025-11-27T00:41:17.175193+00:00,train,4,6125,self,0.8575000000000657,0,99,,
2025-11-27T00:41:17.175399+00:00,train,4,6126,self,0.8575000000000657,0,100,,
2025-11-27T00:41:17.175571+00:00,train,4,6127,self,0.8575000000000657,0,99,,
2025-11-27T00:41:17.175736+00:00,train,4,6128,self,0.8575000000000657,0,100,,
2025-11-27T00:41:17.175894+00:00,train,4,6129,self,0.8575000000000657,0,94,,
2025-11-27T00:41:17.176044+00:00,train,4,6130,self,0.8575000000000657,0,96,,
2025-11-27T00:41:17.176192+00:00,train,4,6131,self,0.8575000000000657,0,98,,
2025-11-27T00:41:17.176340+00:00,train,4,6132,self,0.8575000000000657,0,100,,
2025-11-27T00:41:17.176489+00:00,train,4,6133,self,0.8575000000000657,0,91,,
2025-11-27T00:41:17.176636+00:00,train,4,6134,self,0.8575000000000657,0,98,,
2025-11-27T00:41:17.176781+00:00,train,4,6135,self,0.8575000000000657,0,99,,
2025-11-27T00:41:17.176958+00:00,train,4,6136,self,0.8575000000000657,0,100,,
2025-11-27T00:41:17.177171+00:00,train,4,6137,self,0.8575000000000657,0,86,,
2025-11-27T00:41:17.177341+00:00,train,4,6138,self,0.8575000000000657,0,100,,
2025-11-27T00:41:17.177501+00:00,train,4,6139,self,0.8575000000000657,0,93,,
2025-11-27T00:41:17.177657+00:00,train,4,6140,self,0.8575000000000657,0,95,,
2025-11-27T00:41:17.177810+00:00,train,4,6141,self,0.8575000000000657,0,98,,
2025-11-27T00:41:17.177961+00:00,train,4,6142,self,0.8575000000000657,0,99,,
2025-11-27T00:41:17.178113+00:00,train,4,6143,self,0.8575000000000657,0,93,,
2025-11-27T00:41:17.178262+00:00,train,4,6144,self,0.8575000000000657,0,99,,
2025-11-27T00:41:17.178412+00:00,train,4,6145,self,0.8575000000000657,0,93,,
2025-11-27T00:41:17.178560+00:00,train,4,6146,self,0.8575000000000657,0,96,,
2025-11-27T00:41:17.178707+00:00,train,4,6147,self,0.8575000000000657,0,95,,
2025-11-27T00:41:17.178853+00:00,train,4,6148,self,0.8575000000000657,0,97,,
2025-11-27T00:41:17.178998+00:00,train,4,6149,self,0.8575000000000657,0,94,,
2025-11-27T00:41:17.179144+00:00,train,4,6150,self,0.8575000000000657,0,95,,
2025-11-27T00:41:17.179290+00:00,train,4,6151,self,0.8575000000000657,0,93,,
2025-11-27T00:41:17.179437+00:00,train,4,6152,self,0.8575000000000657,0,100,,
2025-11-27T00:41:17.179583+00:00,train,4,6153,self,0.8575000000000657,0,94,,
2025-11-27T00:41:17.179728+00:00,train,4,6154,self,0.8575000000000657,0,100,,
2025-11-27T00:41:17.179880+00:00,train,4,6155,self,0.8575000000000657,0,98,,
2025-11-27T00:41:17.180034+00:00,train,4,6156,self,0.8575000000000657,0,99,,
2025-11-27T00:41:17.180248+00:00,train,4,6157,self,0.8575000000000657,0,98,,
2025-11-27T00:41:17.180435+00:00,train,4,6158,self,0.8575000000000657,0,100,,
2025-11-27T00:41:17.180601+00:00,train,4,6159,self,0.8575000000000657,0,90,,
2025-11-27T00:41:17.180759+00:00,train,4,6160,self,0.8575000000000657,0,97,,
2025-11-27T00:41:17.180915+00:00,train,4,6161,self,0.8575000000000657,0,95,,
2025-11-27T00:41:17.181069+00:00,train,4,6162,self,0.8575000000000657,0,98,,
2025-11-27T00:41:17.181220+00:00,train,4,6163,self,0.8575000000000657,0,95,,
2025-11-27T00:41:17.181376+00:00,train,4,6164,self,0.8575000000000657,0,99,,
2025-11-27T00:41:17.181526+00:00,train,4,6165,self,0.8575000000000657,0,82,,
2025-11-27T00:41:17.181676+00:00,train,4,6166,self,0.8575000000000657,0,95,,
2025-11-27T00:41:17.181825+00:00,train,4,6167,self,0.8575000000000657,0,95,,
2025-11-27T00:41:17.181975+00:00,train,4,6168,self,0.8575000000000657,0,98,,
2025-11-27T00:41:17.182172+00:00,train,4,6169,self,0.8575000000000657,0,88,,
2025-11-27T00:41:17.182367+00:00,train,4,6170,self,0.8575000000000657,0,99,,
2025-11-27T00:41:17.182591+00:00,train,4,6171,self,0.8575000000000657,0,97,,
2025-11-27T00:41:17.182882+00:00,train,4,6172,self,0.8575000000000657,0,97,,
2025-11-27T00:41:17.183134+00:00,train,4,6173,self,0.8575000000000657,0,98,,
2025-11-27T00:41:17.183595+00:00,train,4,6174,self,0.8575000000000657,0,99,,
2025-11-27T00:41:17.183875+00:00,train,4,6175,self,0.8575000000000657,0,97,,
2025-11-27T00:41:17.184164+00:00,train,4,6176,self,0.8575000000000657,0,99,,
2025-11-27T00:41:17.184542+00:00,train,4,6177,self,0.8575000000000657,0,95,,
2025-11-27T00:41:17.184759+00:00,train,4,6178,self,0.8575000000000657,0,100,,
2025-11-27T00:41:17.185054+00:00,train,4,6179,self,0.8575000000000657,0,89,,
2025-11-27T00:41:17.185327+00:00,train,4,6180,self,0.8575000000000657,0,94,,
2025-11-27T00:41:17.185516+00:00,train,4,6181,self,0.8575000000000657,0,98,,
2025-11-27T00:41:17.185679+00:00,train,4,6182,self,0.8575000000000657,0,100,,
2025-11-27T00:41:17.185838+00:00,train,4,6183,self,0.8575000000000657,0,98,,
2025-11-27T00:41:17.186022+00:00,train,4,6184,self,0.8575000000000657,0,98,,
2025-11-27T00:41:17.186226+00:00,train,4,6185,self,0.8575000000000657,0,88,,
2025-11-27T00:41:17.186407+00:00,train,4,6186,self,0.8575000000000657,0,100,,
2025-11-27T00:41:17.186586+00:00,train,4,6187,self,0.8575000000000657,0,93,,
2025-11-27T00:41:17.186764+00:00,train,4,6188,self,0.8575000000000657,0,100,,
2025-11-27T00:41:17.186930+00:00,train,4,6189,self,0.8575000000000657,0,97,,
2025-11-27T00:41:17.187095+00:00,train,4,6190,self,0.8575000000000657,0,100,,
2025-11-27T00:41:17.187290+00:00,train,4,6191,self,0.8575000000000657,0,81,,
2025-11-27T00:41:17.187463+00:00,train,4,6192,self,0.8575000000000657,0,94,,
2025-11-27T00:41:17.187627+00:00,train,4,6193,self,0.8575000000000657,0,96,,
2025-11-27T00:41:17.187785+00:00,train,4,6194,self,0.8575000000000657,0,100,,
2025-11-27T00:41:17.187940+00:00,train,4,6195,self,0.8575000000000657,0,92,,
2025-11-27T00:41:17.188098+00:00,train,4,6196,self,0.8575000000000657,0,95,,
2025-11-27T00:41:17.188260+00:00,train,4,6197,self,0.8575000000000657,0,96,,
2025-11-27T00:41:17.188435+00:00,train,4,6198,self,0.8575000000000657,0,100,,
2025-11-27T00:41:17.188590+00:00,train,4,6199,self,0.8575000000000657,0,78,,
2025-11-27T00:41:17.188748+00:00,train,4,6200,self,0.8575000000000657,0,100,,
2025-11-27T00:41:17.188904+00:00,train,4,6201,self,0.8575000000000657,0,96,,
2025-11-27T00:41:17.189059+00:00,train,4,6202,self,0.8575000000000657,0,98,,
2025-11-27T00:41:17.189211+00:00,train,4,6203,self,0.8575000000000657,0,92,,
2025-11-27T00:41:17.189364+00:00,train,4,6204,self,0.8575000000000657,0,98,,
2025-11-27T00:41:17.189517+00:00,train,4,6205,self,0.8575000000000657,0,92,,
2025-11-27T00:41:17.189670+00:00,train,4,6206,self,0.8575000000000657,0,96,,
2025-11-27T00:41:17.189828+00:00,train,4,6207,self,0.8575000000000657,0,85,,
2025-11-27T00:41:17.189991+00:00,train,4,6208,self,0.8575000000000657,0,96,,
2025-11-27T00:41:17.190145+00:00,train,4,6209,self,0.8575000000000657,0,93,,
2025-11-27T00:41:17.190297+00:00,train,4,6210,self,0.8575000000000657,0,100,,
2025-11-27T00:41:17.190456+00:00,train,4,6211,self,0.8575000000000657,0,96,,
2025-11-27T00:41:17.190674+00:00,train,4,6212,self,0.8575000000000657,0,98,,
2025-11-27T00:41:17.190914+00:00,train,4,6213,self,0.8575000000000657,0,82,,
2025-11-27T00:41:17.191096+00:00,train,4,6214,self,0.8575000000000657,0,94,,
2025-11-27T00:41:17.191259+00:00,train,4,6215,self,0.8575000000000657,0,92,,
2025-11-27T00:41:17.191416+00:00,train,4,6216,self,0.8575000000000657,0,100,,
2025-11-27T00:41:17.191616+00:00,train,4,6217,self,0.8575000000000657,0,82,,
2025-11-27T00:41:17.191780+00:00,train,4,6218,self,0.8575000000000657,0,100,,
2025-11-27T00:41:17.191941+00:00,train,4,6219,self,0.8575000000000657,0,76,,
2025-11-27T00:41:17.192094+00:00,train,4,6220,self,0.8575000000000657,0,95,,
2025-11-27T00:41:17.192244+00:00,train,4,6221,self,0.8575000000000657,0,87,,
2025-11-27T00:41:17.192394+00:00,train,4,6222,self,0.8575000000000657,0,99,,
2025-11-27T00:41:17.192543+00:00,train,4,6223,self,0.8575000000000657,0,99,,
2025-11-27T00:41:17.192694+00:00,train,4,6224,self,0.8575000000000657,0,100,,
2025-11-27T00:41:17.192843+00:00,train,4,6225,self,0.8575000000000657,0,88,,
2025-11-27T00:41:17.192994+00:00,train,4,6226,self,0.8575000000000657,0,100,,
2025-11-27T00:41:17.193140+00:00,train,4,6227,self,0.8575000000000657,0,95,,
2025-11-27T00:41:17.193285+00:00,train,4,6228,self,0.8575000000000657,0,99,,
2025-11-27T00:41:17.193432+00:00,train,4,6229,self,0.8575000000000657,0,90,,
2025-11-27T00:41:17.193578+00:00,train,4,6230,self,0.8575000000000657,0,96,,
2025-11-27T00:41:17.193723+00:00,train,4,6231,self,0.8575000000000657,0,94,,
2025-11-27T00:41:17.193895+00:00,train,4,6232,self,0.8575000000000657,0,98,,
2025-11-27T00:41:17.194055+00:00,train,4,6233,self,0.8575000000000657,0,92,,
2025-11-27T00:41:17.194203+00:00,train,4,6234,self,0.8575000000000657,0,99,,
2025-11-27T00:41:17.194352+00:00,train,4,6235,self,0.8575000000000657,0,97,,
2025-11-27T00:41:17.194500+00:00,train,4,6236,self,0.8575000000000657,0,100,,
2025-11-27T00:41:17.194647+00:00,train,4,6237,self,0.8575000000000657,0,96,,
2025-11-27T00:41:17.194794+00:00,train,4,6238,self,0.8575000000000657,0,96,,
2025-11-27T00:41:17.194940+00:00,train,4,6239,self,0.8575000000000657,0,95,,
2025-11-27T00:41:17.195087+00:00,train,4,6240,self,0.8575000000000657,0,99,,
2025-11-27T00:41:17.195234+00:00,train,4,6241,self,0.8575000000000657,0,95,,
2025-11-27T00:41:17.195380+00:00,train,4,6242,self,0.8575000000000657,0,100,,
2025-11-27T00:41:17.195526+00:00,train,4,6243,self,0.8575000000000657,0,89,,
2025-11-27T00:41:17.195670+00:00,train,4,6244,self,0.8575000000000657,0,97,,
2025-11-27T00:41:17.195816+00:00,train,4,6245,self,0.8575000000000657,0,95,,
2025-11-27T00:41:17.195962+00:00,train,4,6246,self,0.8575000000000657,0,99,,
2025-11-27T00:41:17.196107+00:00,train,4,6247,self,0.8575000000000657,0,89,,
2025-11-27T00:41:17.196253+00:00,train,4,6248,self,0.8575000000000657,0,95,,
2025-11-27T00:41:17.196398+00:00,train,4,6249,self,0.8575000000000657,0,99,,
2025-11-27T00:41:17.196543+00:00,train,4,6250,self,0.8575000000000657,0,100,,
2025-11-27T00:41:17.196689+00:00,train,4,6251,self,0.8575000000000657,0,92,,
2025-11-27T00:41:17.196903+00:00,train,4,6252,self,0.8575000000000657,0,99,,
2025-11-27T00:41:17.197082+00:00,train,4,6253,self,0.8575000000000657,0,97,,
2025-11-27T00:41:17.197241+00:00,train,4,6254,self,0.8575000000000657,0,100,,
2025-11-27T00:41:17.197394+00:00,train,4,6255,self,0.8575000000000657,0,99,,
2025-11-27T00:41:17.197545+00:00,train,4,6256,self,0.8575000000000657,0,99,,
2025-11-27T00:41:17.197693+00:00,train,4,6257,self,0.8575000000000657,0,86,,
2025-11-27T00:41:17.197840+00:00,train,4,6258,self,0.8575000000000657,0,90,,
2025-11-27T00:41:17.197985+00:00,train,4,6259,self,0.8575000000000657,0,94,,
2025-11-27T00:41:17.198133+00:00,train,4,6260,self,0.8575000000000657,0,97,,
2025-11-27T00:41:17.198278+00:00,train,4,6261,self,0.8575000000000657,0,92,,
2025-11-27T00:41:17.198423+00:00,train,4,6262,self,0.8575000000000657,0,98,,
2025-11-27T00:41:17.198568+00:00,train,4,6263,self,0.8575000000000657,0,96,,
2025-11-27T00:41:17.198747+00:00,train,4,6264,self,0.8575000000000657,0,96,,
2025-11-27T00:41:17.199004+00:00,train,4,6265,self,0.8575000000000657,0,95,,
2025-11-27T00:41:17.199295+00:00,train,4,6266,self,0.8575000000000657,0,100,,
2025-11-27T00:41:17.199501+00:00,train,4,6267,self,0.8575000000000657,0,97,,
2025-11-27T00:41:17.199704+00:00,train,4,6268,self,0.8575000000000657,0,100,,
2025-11-27T00:41:17.199942+00:00,train,4,6269,self,0.8575000000000657,0,85,,
2025-11-27T00:41:17.200138+00:00,train,4,6270,self,0.8575000000000657,0,96,,
2025-11-27T00:41:17.200368+00:00,train,4,6271,self,0.8575000000000657,0,97,,
2025-11-27T00:41:17.200873+00:00,train,4,6272,self,0.8575000000000657,0,99,,
2025-11-27T00:41:17.201080+00:00,train,4,6273,self,0.8575000000000657,0,87,,
2025-11-27T00:41:17.201305+00:00,train,4,6274,self,0.8575000000000657,0,91,,
2025-11-27T00:41:17.201601+00:00,train,4,6275,self,0.8575000000000657,0,96,,
2025-11-27T00:41:17.201771+00:00,train,4,6276,self,0.8575000000000657,0,99,,
2025-11-27T00:41:17.201929+00:00,train,4,6277,self,0.8575000000000657,0,96,,
2025-11-27T00:41:17.202082+00:00,train,4,6278,self,0.8575000000000657,0,96,,
2025-11-27T00:41:17.202287+00:00,train,4,6279,self,0.8575000000000657,0,99,,
2025-11-27T00:41:17.202456+00:00,train,4,6280,self,0.8575000000000657,0,100,,
2025-11-27T00:41:17.202616+00:00,train,4,6281,self,0.8575000000000657,0,98,,
2025-11-27T00:41:17.202778+00:00,train,4,6282,self,0.8575000000000657,0,99,,
2025-11-27T00:41:17.202939+00:00,train,4,6283,self,0.8575000000000657,0,98,,
2025-11-27T00:41:17.203093+00:00,train,4,6284,self,0.8575000000000657,0,99,,
2025-11-27T00:41:17.203265+00:00,train,4,6285,self,0.8575000000000657,0,97,,
2025-11-27T00:41:17.203436+00:00,train,4,6286,self,0.8575000000000657,0,99,,
2025-11-27T00:41:17.203596+00:00,train,4,6287,self,0.8575000000000657,0,97,,
2025-11-27T00:41:17.203757+00:00,train,4,6288,self,0.8575000000000657,0,99,,
2025-11-27T00:41:17.203909+00:00,train,4,6289,self,0.8575000000000657,0,98,,
2025-11-27T00:41:17.204081+00:00,train,4,6290,self,0.8575000000000657,0,100,,
2025-11-27T00:41:17.204319+00:00,train,4,6291,self,0.8575000000000657,0,92,,
2025-11-27T00:41:17.204499+00:00,train,4,6292,self,0.8575000000000657,0,100,,
2025-11-27T00:41:17.204662+00:00,train,4,6293,self,0.8575000000000657,0,93,,
2025-11-27T00:41:17.204818+00:00,train,4,6294,self,0.8575000000000657,0,95,,
2025-11-27T00:41:17.204970+00:00,train,4,6295,self,0.8575000000000657,0,91,,
2025-11-27T00:41:17.205123+00:00,train,4,6296,self,0.8575000000000657,0,96,,
2025-11-27T00:41:17.205276+00:00,train,4,6297,self,0.8575000000000657,0,97,,
2025-11-27T00:41:17.205428+00:00,train,4,6298,self,0.8575000000000657,0,99,,
2025-11-27T00:41:17.205577+00:00,train,4,6299,self,0.8575000000000657,0,78,,
2025-11-27T00:41:17.205724+00:00,train,4,6300,self,0.8575000000000657,0,94,,
2025-11-27T00:41:17.205871+00:00,train,4,6301,self,0.8575000000000657,0,79,,
2025-11-27T00:41:17.206018+00:00,train,4,6302,self,0.8575000000000657,0,99,,
2025-11-27T00:41:17.206164+00:00,train,4,6303,self,0.8575000000000657,0,99,,
2025-11-27T00:41:17.206309+00:00,train,4,6304,self,0.8575000000000657,0,100,,
2025-11-27T00:41:17.206455+00:00,train,4,6305,self,0.8575000000000657,0,97,,
2025-11-27T00:41:17.206602+00:00,train,4,6306,self,0.8575000000000657,0,100,,
2025-11-27T00:41:17.206813+00:00,train,4,6307,self,0.8575000000000657,0,91,,
2025-11-27T00:41:17.207016+00:00,train,4,6308,self,0.8575000000000657,0,92,,
2025-11-27T00:41:17.207190+00:00,train,4,6309,self,0.8575000000000657,0,81,,
2025-11-27T00:41:17.207364+00:00,train,4,6310,self,0.8575000000000657,0,98,,
2025-11-27T00:41:17.207530+00:00,train,4,6311,self,0.8575000000000657,0,93,,
2025-11-27T00:41:17.207773+00:00,train,4,6312,self,0.8575000000000657,0,94,,
2025-11-27T00:41:17.207939+00:00,train,4,6313,self,0.8575000000000657,0,100,,
2025-11-27T00:41:17.208149+00:00,train,4,6314,self,0.8575000000000657,0,100,,
2025-11-27T00:41:17.208348+00:00,train,4,6315,self,0.8575000000000657,0,91,,
2025-11-27T00:41:17.208512+00:00,train,4,6316,self,0.8575000000000657,0,100,,
2025-11-27T00:41:17.208665+00:00,train,4,6317,self,0.8575000000000657,0,90,,
2025-11-27T00:41:17.208813+00:00,train,4,6318,self,0.8575000000000657,0,99,,
2025-11-27T00:41:17.208961+00:00,train,4,6319,self,0.8575000000000657,0,92,,
2025-11-27T00:41:17.209107+00:00,train,4,6320,self,0.8575000000000657,0,99,,
2025-11-27T00:41:17.209253+00:00,train,4,6321,self,0.8575000000000657,0,83,,
2025-11-27T00:41:17.209399+00:00,train,4,6322,self,0.8575000000000657,0,89,,
2025-11-27T00:41:17.209572+00:00,train,4,6323,self,0.8575000000000657,0,76,,
2025-11-27T00:41:17.209769+00:00,train,4,6324,self,0.8575000000000657,0,96,,
2025-11-27T00:41:17.209932+00:00,train,4,6325,self,0.8575000000000657,0,93,,
2025-11-27T00:41:17.210087+00:00,train,4,6326,self,0.8575000000000657,0,100,,
2025-11-27T00:41:17.210240+00:00,train,4,6327,self,0.8575000000000657,0,93,,
2025-11-27T00:41:17.210390+00:00,train,4,6328,self,0.8575000000000657,0,100,,
2025-11-27T00:41:17.210539+00:00,train,4,6329,self,0.8575000000000657,0,75,,
2025-11-27T00:41:17.210685+00:00,train,4,6330,self,0.8575000000000657,0,99,,
2025-11-27T00:41:17.210832+00:00,train,4,6331,self,0.8575000000000657,0,96,,
2025-11-27T00:41:17.210976+00:00,train,4,6332,self,0.8575000000000657,0,100,,
2025-11-27T00:41:17.211119+00:00,train,4,6333,self,0.8575000000000657,0,91,,
2025-11-27T00:41:17.211264+00:00,train,4,6334,self,0.8575000000000657,0,94,,
2025-11-27T00:41:17.211415+00:00,train,4,6335,self,0.8575000000000657,0,97,,
2025-11-27T00:41:17.211565+00:00,train,4,6336,self,0.8575000000000657,0,97,,
2025-11-27T00:41:17.211711+00:00,train,4,6337,self,0.8575000000000657,0,92,,
2025-11-27T00:41:17.211855+00:00,train,4,6338,self,0.8575000000000657,0,99,,
2025-11-27T00:41:17.211999+00:00,train,4,6339,self,0.8575000000000657,0,92,,
2025-11-27T00:41:17.212150+00:00,train,4,6340,self,0.8575000000000657,0,96,,
2025-11-27T00:41:17.212294+00:00,train,4,6341,self,0.8575000000000657,0,95,,
2025-11-27T00:41:17.212439+00:00,train,4,6342,self,0.8575000000000657,0,100,,
2025-11-27T00:41:17.212583+00:00,train,4,6343,self,0.8575000000000657,0,87,,
2025-11-27T00:41:17.212727+00:00,train,4,6344,self,0.8575000000000657,0,99,,
2025-11-27T00:41:17.212869+00:00,train,4,6345,self,0.8575000000000657,0,90,,
2025-11-27T00:41:17.213019+00:00,train,4,6346,self,0.8575000000000657,0,100,,
2025-11-27T00:41:17.213162+00:00,train,4,6347,self,0.8575000000000657,0,95,,
2025-11-27T00:41:17.213307+00:00,train,4,6348,self,0.8575000000000657,0,98,,
2025-11-27T00:41:17.213489+00:00,train,4,6349,self,0.8575000000000657,0,89,,
2025-11-27T00:41:17.213686+00:00,train,4,6350,self,0.8575000000000657,0,96,,
2025-11-27T00:41:17.213857+00:00,train,4,6351,self,0.8575000000000657,0,91,,
2025-11-27T00:41:17.214020+00:00,train,4,6352,self,0.8575000000000657,0,100,,
2025-11-27T00:41:17.214183+00:00,train,4,6353,self,0.8575000000000657,0,100,,
2025-11-27T00:41:17.214342+00:00,train,4,6354,self,0.8575000000000657,0,100,,
2025-11-27T00:41:17.214534+00:00,train,4,6355,self,0.8575000000000657,0,92,,
2025-11-27T00:41:17.214722+00:00,train,4,6356,self,0.8575000000000657,0,99,,
2025-11-27T00:41:17.214879+00:00,train,4,6357,self,0.8575000000000657,0,91,,
2025-11-27T00:41:17.215035+00:00,train,4,6358,self,0.8575000000000657,0,98,,
2025-11-27T00:41:17.215188+00:00,train,4,6359,self,0.8575000000000657,0,91,,
2025-11-27T00:41:17.215354+00:00,train,4,6360,self,0.8575000000000657,0,100,,
2025-11-27T00:41:17.215510+00:00,train,4,6361,self,0.8575000000000657,0,97,,
2025-11-27T00:41:17.215702+00:00,train,4,6362,self,0.8575000000000657,0,99,,
2025-11-27T00:41:17.215981+00:00,train,4,6363,self,0.8575000000000657,0,97,,
2025-11-27T00:41:17.216267+00:00,train,4,6364,self,0.8575000000000657,0,100,,
2025-11-27T00:41:17.216446+00:00,train,4,6365,self,0.8575000000000657,0,83,,
2025-11-27T00:41:17.216659+00:00,train,4,6366,self,0.8575000000000657,0,100,,
2025-11-27T00:41:17.216865+00:00,train,4,6367,self,0.8575000000000657,0,93,,
2025-11-27T00:41:17.217039+00:00,train,4,6368,self,0.8575000000000657,0,100,,
2025-11-27T00:41:17.217221+00:00,train,4,6369,self,0.8575000000000657,0,96,,
2025-11-27T00:41:17.217660+00:00,train,4,6370,self,0.8575000000000657,0,99,,
2025-11-27T00:41:17.217865+00:00,train,4,6371,self,0.8575000000000657,0,90,,
2025-11-27T00:41:17.218112+00:00,train,4,6372,self,0.8575000000000657,0,93,,
2025-11-27T00:41:17.218430+00:00,train,4,6373,self,0.8575000000000657,0,93,,
2025-11-27T00:41:17.218624+00:00,train,4,6374,self,0.8575000000000657,0,95,,
2025-11-27T00:41:17.218793+00:00,train,4,6375,self,0.8575000000000657,0,100,,
2025-11-27T00:41:17.218956+00:00,train,4,6376,self,0.8575000000000657,0,100,,
2025-11-27T00:41:17.219117+00:00,train,4,6377,self,0.8575000000000657,0,95,,
2025-11-27T00:41:17.219279+00:00,train,4,6378,self,0.8575000000000657,0,100,,
2025-11-27T00:41:17.219439+00:00,train,4,6379,self,0.8575000000000657,0,96,,
2025-11-27T00:41:17.219601+00:00,train,4,6380,self,0.8575000000000657,0,100,,
2025-11-27T00:41:17.219765+00:00,train,4,6381,self,0.8575000000000657,0,95,,
2025-11-27T00:41:17.219929+00:00,train,4,6382,self,0.8575000000000657,0,98,,
2025-11-27T00:41:17.220110+00:00,train,4,6383,self,0.8575000000000657,0,96,,
2025-11-27T00:41:17.220292+00:00,train,4,6384,self,0.8575000000000657,0,97,,
2025-11-27T00:41:17.220457+00:00,train,4,6385,self,0.8575000000000657,0,92,,
2025-11-27T00:41:17.220619+00:00,train,4,6386,self,0.8575000000000657,0,99,,
2025-11-27T00:41:17.220772+00:00,train,4,6387,self,0.8575000000000657,0,90,,
2025-11-27T00:41:17.220928+00:00,train,4,6388,self,0.8575000000000657,0,95,,
2025-11-27T00:41:17.221081+00:00,train,4,6389,self,0.8575000000000657,0,87,,
2025-11-27T00:41:17.221239+00:00,train,4,6390,self,0.8575000000000657,0,100,,
2025-11-27T00:41:17.221394+00:00,train,4,6391,self,0.8575000000000657,0,94,,
2025-11-27T00:41:17.221550+00:00,train,4,6392,self,0.8575000000000657,0,97,,
2025-11-27T00:41:17.221704+00:00,train,4,6393,self,0.8575000000000657,0,95,,
2025-11-27T00:41:17.221859+00:00,train,4,6394,self,0.8575000000000657,0,96,,
2025-11-27T00:41:17.222015+00:00,train,4,6395,self,0.8575000000000657,0,91,,
2025-11-27T00:41:17.222168+00:00,train,4,6396,self,0.8575000000000657,0,98,,
2025-11-27T00:41:17.222320+00:00,train,4,6397,self,0.8575000000000657,0,94,,
2025-11-27T00:41:17.222473+00:00,train,4,6398,self,0.8575000000000657,0,96,,
2025-11-27T00:41:17.222627+00:00,train,4,6399,self,0.8575000000000657,0,90,,
2025-11-27T00:41:17.222778+00:00,train,4,6400,self,0.8575000000000657,0,96,,
2025-11-27T00:41:17.222941+00:00,train,4,6401,self,0.8575000000000657,0,91,,
2025-11-27T00:41:17.223095+00:00,train,4,6402,self,0.8575000000000657,0,97,,
2025-11-27T00:41:17.223248+00:00,train,4,6403,self,0.8575000000000657,0,92,,
2025-11-27T00:41:17.223410+00:00,train,4,6404,self,0.8575000000000657,0,99,,
2025-11-27T00:41:17.223582+00:00,train,4,6405,self,0.8575000000000657,0,80,,
2025-11-27T00:41:17.223736+00:00,train,4,6406,self,0.8575000000000657,0,88,,
2025-11-27T00:41:17.223942+00:00,train,4,6407,self,0.8575000000000657,0,96,,
2025-11-27T00:41:17.224168+00:00,train,4,6408,self,0.8575000000000657,0,98,,
2025-11-27T00:41:17.224343+00:00,train,4,6409,self,0.8575000000000657,0,98,,
2025-11-27T00:41:17.224507+00:00,train,4,6410,self,0.8575000000000657,0,100,,
2025-11-27T00:41:17.224702+00:00,train,4,6411,self,0.8575000000000657,0,90,,
2025-11-27T00:41:17.224871+00:00,train,4,6412,self,0.8575000000000657,0,99,,
2025-11-27T00:41:17.225023+00:00,train,4,6413,self,0.8575000000000657,0,93,,
2025-11-27T00:41:17.225174+00:00,train,4,6414,self,0.8575000000000657,0,99,,
2025-11-27T00:41:17.225323+00:00,train,4,6415,self,0.8575000000000657,0,77,,
2025-11-27T00:41:17.225528+00:00,train,4,6416,self,0.8575000000000657,0,95,,
2025-11-27T00:41:17.225719+00:00,train,4,6417,self,0.8575000000000657,0,86,,
2025-11-27T00:41:17.225885+00:00,train,4,6418,self,0.8575000000000657,0,98,,
2025-11-27T00:41:17.226042+00:00,train,4,6419,self,0.8575000000000657,0,89,,
2025-11-27T00:41:17.226196+00:00,train,4,6420,self,0.8575000000000657,0,93,,
2025-11-27T00:41:17.226347+00:00,train,4,6421,self,0.8575000000000657,0,100,,
2025-11-27T00:41:17.226495+00:00,train,4,6422,self,0.8575000000000657,0,100,,
2025-11-27T00:41:17.226647+00:00,train,4,6423,self,0.8575000000000657,0,100,,
2025-11-27T00:41:17.226794+00:00,train,4,6424,self,0.8575000000000657,0,100,,
2025-11-27T00:41:17.226940+00:00,train,4,6425,self,0.8575000000000657,0,95,,
2025-11-27T00:41:17.227086+00:00,train,4,6426,self,0.8575000000000657,0,99,,
2025-11-27T00:41:17.227231+00:00,train,4,6427,self,0.8575000000000657,0,99,,
2025-11-27T00:41:17.227380+00:00,train,4,6428,self,0.8575000000000657,0,100,,
2025-11-27T00:41:17.227526+00:00,train,4,6429,self,0.8575000000000657,0,86,,
2025-11-27T00:41:17.227673+00:00,train,4,6430,self,0.8575000000000657,0,93,,
2025-11-27T00:41:17.227857+00:00,train,4,6431,self,0.8575000000000657,0,96,,
2025-11-27T00:41:17.228053+00:00,train,4,6432,self,0.8575000000000657,0,97,,
2025-11-27T00:41:17.228205+00:00,train,4,6433,self,0.8575000000000657,0,88,,
2025-11-27T00:41:17.228353+00:00,train,4,6434,self,0.8575000000000657,0,99,,
2025-11-27T00:41:17.228499+00:00,train,4,6435,self,0.8575000000000657,0,97,,
2025-11-27T00:41:17.228644+00:00,train,4,6436,self,0.8575000000000657,0,100,,
2025-11-27T00:41:17.228791+00:00,train,4,6437,self,0.8575000000000657,0,90,,
2025-11-27T00:41:17.228939+00:00,train,4,6438,self,0.8575000000000657,0,94,,
2025-11-27T00:41:17.229086+00:00,train,4,6439,self,0.8575000000000657,0,95,,
2025-11-27T00:41:17.229233+00:00,train,4,6440,self,0.8575000000000657,0,98,,
2025-11-27T00:41:17.229380+00:00,train,4,6441,self,0.8575000000000657,0,84,,
2025-11-27T00:41:17.229527+00:00,train,4,6442,self,0.8575000000000657,0,97,,
2025-11-27T00:41:17.229673+00:00,train,4,6443,self,0.8575000000000657,0,91,,
2025-11-27T00:41:17.229819+00:00,train,4,6444,self,0.8575000000000657,0,93,,
2025-11-27T00:41:17.229973+00:00,train,4,6445,self,0.8575000000000657,0,88,,
2025-11-27T00:41:17.230136+00:00,train,4,6446,self,0.8575000000000657,0,100,,
2025-11-27T00:41:17.230353+00:00,train,4,6447,self,0.8575000000000657,0,92,,
2025-11-27T00:41:17.230519+00:00,train,4,6448,self,0.8575000000000657,0,98,,
2025-11-27T00:41:17.230677+00:00,train,4,6449,self,0.8575000000000657,0,82,,
2025-11-27T00:41:17.230831+00:00,train,4,6450,self,0.8575000000000657,0,99,,
2025-11-27T00:41:17.230983+00:00,train,4,6451,self,0.8575000000000657,0,95,,
2025-11-27T00:41:17.231132+00:00,train,4,6452,self,0.8575000000000657,0,99,,
2025-11-27T00:41:17.231285+00:00,train,4,6453,self,0.8575000000000657,0,89,,
2025-11-27T00:41:17.231433+00:00,train,4,6454,self,0.8575000000000657,0,97,,
2025-11-27T00:41:17.231581+00:00,train,4,6455,self,0.8575000000000657,0,95,,
2025-11-27T00:41:17.231776+00:00,train,4,6456,self,0.8575000000000657,0,99,,
2025-11-27T00:41:17.232046+00:00,train,4,6457,self,0.8575000000000657,0,95,,
2025-11-27T00:41:17.232308+00:00,train,4,6458,self,0.8575000000000657,0,97,,
2025-11-27T00:41:17.232494+00:00,train,4,6459,self,0.8575000000000657,0,90,,
2025-11-27T00:41:17.232740+00:00,train,4,6460,self,0.8575000000000657,0,95,,
2025-11-27T00:41:17.232903+00:00,train,4,6461,self,0.8575000000000657,0,86,,
2025-11-27T00:41:17.233060+00:00,train,4,6462,self,0.8575000000000657,0,99,,
2025-11-27T00:41:17.233245+00:00,train,4,6463,self,0.8575000000000657,0,94,,
2025-11-27T00:41:17.233520+00:00,train,4,6464,self,0.8575000000000657,0,96,,
2025-11-27T00:41:17.233726+00:00,train,4,6465,self,0.8575000000000657,0,96,,
2025-11-27T00:41:17.233913+00:00,train,4,6466,self,0.8575000000000657,0,100,,
2025-11-27T00:41:17.234104+00:00,train,4,6467,self,0.8575000000000657,0,80,,
2025-11-27T00:41:17.234264+00:00,train,4,6468,self,0.8575000000000657,0,99,,
2025-11-27T00:41:17.234534+00:00,train,4,6469,self,0.8575000000000657,0,90,,
2025-11-27T00:41:17.234803+00:00,train,4,6470,self,0.8575000000000657,0,100,,
2025-11-27T00:41:17.235075+00:00,train,4,6471,self,0.8575000000000657,0,89,,
2025-11-27T00:41:17.235250+00:00,train,4,6472,self,0.8575000000000657,0,96,,
2025-11-27T00:41:17.235412+00:00,train,4,6473,self,0.8575000000000657,0,89,,
2025-11-27T00:41:17.235567+00:00,train,4,6474,self,0.8575000000000657,0,99,,
2025-11-27T00:41:17.235719+00:00,train,4,6475,self,0.8575000000000657,0,86,,
2025-11-27T00:41:17.235876+00:00,train,4,6476,self,0.8575000000000657,0,99,,
2025-11-27T00:41:17.236036+00:00,train,4,6477,self,0.8575000000000657,0,95,,
2025-11-27T00:41:17.236213+00:00,train,4,6478,self,0.8575000000000657,0,98,,
2025-11-27T00:41:17.236407+00:00,train,4,6479,self,0.8575000000000657,0,99,,
2025-11-27T00:41:17.236578+00:00,train,4,6480,self,0.8575000000000657,0,99,,
2025-11-27T00:41:17.236738+00:00,train,4,6481,self,0.8575000000000657,0,90,,
2025-11-27T00:41:17.236895+00:00,train,4,6482,self,0.8575000000000657,0,97,,
2025-11-27T00:41:17.237048+00:00,train,4,6483,self,0.8575000000000657,0,97,,
2025-11-27T00:41:17.237196+00:00,train,4,6484,self,0.8575000000000657,0,100,,
2025-11-27T00:41:17.237352+00:00,train,4,6485,self,0.8575000000000657,0,90,,
2025-11-27T00:41:17.237502+00:00,train,4,6486,self,0.8575000000000657,0,91,,
2025-11-27T00:41:17.237650+00:00,train,4,6487,self,0.8575000000000657,0,88,,
2025-11-27T00:41:17.237799+00:00,train,4,6488,self,0.8575000000000657,0,100,,
2025-11-27T00:41:17.237948+00:00,train,4,6489,self,0.8575000000000657,0,97,,
2025-11-27T00:41:17.238095+00:00,train,4,6490,self,0.8575000000000657,0,100,,
2025-11-27T00:41:17.238243+00:00,train,4,6491,self,0.8575000000000657,0,94,,
2025-11-27T00:41:17.238396+00:00,train,4,6492,self,0.8575000000000657,0,98,,
2025-11-27T00:41:17.238544+00:00,train,4,6493,self,0.8575000000000657,0,89,,
2025-11-27T00:41:17.238690+00:00,train,4,6494,self,0.8575000000000657,0,97,,
2025-11-27T00:41:17.238836+00:00,train,4,6495,self,0.8575000000000657,0,93,,
2025-11-27T00:41:17.238982+00:00,train,4,6496,self,0.8575000000000657,0,100,,
2025-11-27T00:41:17.239127+00:00,train,4,6497,self,0.8575000000000657,0,94,,
2025-11-27T00:41:17.239272+00:00,train,4,6498,self,0.8575000000000657,0,96,,
2025-11-27T00:41:17.239423+00:00,train,4,6499,self,0.8575000000000657,0,95,,
2025-11-27T00:41:17.239569+00:00,train,4,6500,self,0.8575000000000657,0,95,,
2025-11-27T00:41:17.253138+00:00,train,4,6501,self,0.8575000000000657,0,87,,
2025-11-27T00:41:17.253631+00:00,train,4,6502,self,0.8575000000000657,0,98,,
2025-11-27T00:41:17.253935+00:00,train,4,6503,self,0.8575000000000657,0,84,,
2025-11-27T00:41:17.254125+00:00,train,4,6504,self,0.8575000000000657,0,97,,
2025-11-27T00:41:17.254292+00:00,train,4,6505,self,0.8575000000000657,0,92,,
2025-11-27T00:41:17.254463+00:00,train,4,6506,self,0.8575000000000657,0,94,,
2025-11-27T00:41:17.254885+00:00,train,4,6507,self,0.8575000000000657,0,96,,
2025-11-27T00:41:17.255390+00:00,train,4,6508,self,0.8575000000000657,0,100,,
2025-11-27T00:41:17.255598+00:00,train,4,6509,self,0.8575000000000657,0,94,,
2025-11-27T00:41:17.255763+00:00,train,4,6510,self,0.8575000000000657,0,96,,
2025-11-27T00:41:17.255919+00:00,train,4,6511,self,0.8575000000000657,0,99,,
2025-11-27T00:41:17.256072+00:00,train,4,6512,self,0.8575000000000657,0,100,,
2025-11-27T00:41:17.256233+00:00,train,4,6513,self,0.8575000000000657,0,100,,
2025-11-27T00:41:17.256398+00:00,train,4,6514,self,0.8575000000000657,0,100,,
2025-11-27T00:41:17.256550+00:00,train,4,6515,self,0.8575000000000657,0,96,,
2025-11-27T00:41:17.257775+00:00,train,4,6516,self,0.8575000000000657,0,99,,
2025-11-27T00:41:17.257983+00:00,train,4,6517,self,0.8575000000000657,0,93,,
2025-11-27T00:41:17.258142+00:00,train,4,6518,self,0.8575000000000657,0,100,,
2025-11-27T00:41:17.258380+00:00,train,4,6519,self,0.8575000000000657,0,97,,
2025-11-27T00:41:17.259050+00:00,train,4,6520,self,0.8575000000000657,0,100,,
2025-11-27T00:41:17.259249+00:00,train,4,6521,self,0.8575000000000657,0,94,,
2025-11-27T00:41:17.259420+00:00,train,4,6522,self,0.8575000000000657,0,100,,
2025-11-27T00:41:17.259581+00:00,train,4,6523,self,0.8575000000000657,0,94,,
2025-11-27T00:41:17.259740+00:00,train,4,6524,self,0.8575000000000657,0,100,,
2025-11-27T00:41:17.259899+00:00,train,4,6525,self,0.8575000000000657,0,85,,
2025-11-27T00:41:17.260052+00:00,train,4,6526,self,0.8575000000000657,0,100,,
2025-11-27T00:41:17.260204+00:00,train,4,6527,self,0.8575000000000657,0,91,,
2025-11-27T00:41:17.260354+00:00,train,4,6528,self,0.8575000000000657,0,92,,
2025-11-27T00:41:17.260504+00:00,train,4,6529,self,0.8575000000000657,0,98,,
2025-11-27T00:41:17.260655+00:00,train,4,6530,self,0.8575000000000657,0,98,,
2025-11-27T00:41:17.260808+00:00,train,4,6531,self,0.8575000000000657,0,87,,
2025-11-27T00:41:17.260958+00:00,train,4,6532,self,0.8575000000000657,0,96,,
2025-11-27T00:41:17.261106+00:00,train,4,6533,self,0.8575000000000657,0,93,,
2025-11-27T00:41:17.261255+00:00,train,4,6534,self,0.8575000000000657,0,98,,
2025-11-27T00:41:17.261404+00:00,train,4,6535,self,0.8575000000000657,0,93,,
2025-11-27T00:41:17.261562+00:00,train,4,6536,self,0.8575000000000657,0,95,,
2025-11-27T00:41:17.261709+00:00,train,4,6537,self,0.8575000000000657,0,96,,
2025-11-27T00:41:17.261857+00:00,train,4,6538,self,0.8575000000000657,0,96,,
2025-11-27T00:41:17.262004+00:00,train,4,6539,self,0.8575000000000657,0,88,,
2025-11-27T00:41:17.262153+00:00,train,4,6540,self,0.8575000000000657,0,96,,
2025-11-27T00:41:17.262301+00:00,train,4,6541,self,0.8575000000000657,0,98,,
2025-11-27T00:41:17.262448+00:00,train,4,6542,self,0.8575000000000657,0,99,,
2025-11-27T00:41:17.262596+00:00,train,4,6543,self,0.8575000000000657,0,96,,
2025-11-27T00:41:17.262743+00:00,train,4,6544,self,0.8575000000000657,0,98,,
2025-11-27T00:41:17.262890+00:00,train,4,6545,self,0.8575000000000657,0,97,,
2025-11-27T00:41:17.263039+00:00,train,4,6546,self,0.8575000000000657,0,99,,
2025-11-27T00:41:17.263186+00:00,train,4,6547,self,0.8575000000000657,0,89,,
2025-11-27T00:41:17.263335+00:00,train,4,6548,self,0.8575000000000657,0,100,,
2025-11-27T00:41:17.263482+00:00,train,4,6549,self,0.8575000000000657,0,94,,
2025-11-27T00:41:17.263628+00:00,train,4,6550,self,0.8575000000000657,0,99,,
2025-11-27T00:41:17.263774+00:00,train,4,6551,self,0.8575000000000657,0,97,,
2025-11-27T00:41:17.263990+00:00,train,4,6552,self,0.8575000000000657,0,98,,
2025-11-27T00:41:17.264168+00:00,train,4,6553,self,0.8575000000000657,0,94,,
2025-11-27T00:41:17.264416+00:00,train,4,6554,self,0.8575000000000657,0,100,,
2025-11-27T00:41:17.264582+00:00,train,4,6555,self,0.8575000000000657,0,88,,
2025-11-27T00:41:17.264738+00:00,train,4,6556,self,0.8575000000000657,0,100,,
2025-11-27T00:41:17.264889+00:00,train,4,6557,self,0.8575000000000657,0,90,,
2025-11-27T00:41:17.265041+00:00,train,4,6558,self,0.8575000000000657,0,99,,
2025-11-27T00:41:17.265191+00:00,train,4,6559,self,0.8575000000000657,0,89,,
2025-11-27T00:41:17.265575+00:00,train,4,6560,self,0.8575000000000657,0,100,,
2025-11-27T00:41:17.265804+00:00,train,4,6561,self,0.8575000000000657,0,91,,
2025-11-27T00:41:17.266135+00:00,train,4,6562,self,0.8575000000000657,0,97,,
2025-11-27T00:41:17.266339+00:00,train,4,6563,self,0.8575000000000657,0,90,,
2025-11-27T00:41:17.266584+00:00,train,4,6564,self,0.8575000000000657,0,96,,
2025-11-27T00:41:17.267022+00:00,train,4,6565,self,0.8575000000000657,0,94,,
2025-11-27T00:41:17.267432+00:00,train,4,6566,self,0.8575000000000657,0,96,,
2025-11-27T00:41:17.267773+00:00,train,4,6567,self,0.8575000000000657,0,96,,
2025-11-27T00:41:17.268215+00:00,train,4,6568,self,0.8575000000000657,0,100,,
2025-11-27T00:41:17.268568+00:00,train,4,6569,self,0.8575000000000657,0,86,,
2025-11-27T00:41:17.268951+00:00,train,4,6570,self,0.8575000000000657,0,99,,
2025-11-27T00:41:17.269285+00:00,train,4,6571,self,0.8575000000000657,0,99,,
2025-11-27T00:41:17.269481+00:00,train,4,6572,self,0.8575000000000657,0,100,,
2025-11-27T00:41:17.269679+00:00,train,4,6573,self,0.8575000000000657,0,96,,
2025-11-27T00:41:17.269877+00:00,train,4,6574,self,0.8575000000000657,0,98,,
2025-11-27T00:41:17.270043+00:00,train,4,6575,self,0.8575000000000657,0,90,,
2025-11-27T00:41:17.270214+00:00,train,4,6576,self,0.8575000000000657,0,97,,
2025-11-27T00:41:17.270385+00:00,train,4,6577,self,0.8575000000000657,0,95,,
2025-11-27T00:41:17.270558+00:00,train,4,6578,self,0.8575000000000657,0,100,,
2025-11-27T00:41:17.270714+00:00,train,4,6579,self,0.8575000000000657,0,86,,
2025-11-27T00:41:17.271001+00:00,train,4,6580,self,0.8575000000000657,0,96,,
2025-11-27T00:41:17.271203+00:00,train,4,6581,self,0.8575000000000657,0,95,,
2025-11-27T00:41:17.271365+00:00,train,4,6582,self,0.8575000000000657,0,99,,
2025-11-27T00:41:17.271525+00:00,train,4,6583,self,0.8575000000000657,0,98,,
2025-11-27T00:41:17.271686+00:00,train,4,6584,self,0.8575000000000657,0,100,,
2025-11-27T00:41:17.271841+00:00,train,4,6585,self,0.8575000000000657,0,91,,
2025-11-27T00:41:17.271989+00:00,train,4,6586,self,0.8575000000000657,0,100,,
2025-11-27T00:41:17.272136+00:00,train,4,6587,self,0.8575000000000657,0,100,,
2025-11-27T00:41:17.272282+00:00,train,4,6588,self,0.8575000000000657,0,100,,
2025-11-27T00:41:17.272428+00:00,train,4,6589,self,0.8575000000000657,0,95,,
2025-11-27T00:41:17.272573+00:00,train,4,6590,self,0.8575000000000657,0,97,,
2025-11-27T00:41:17.272717+00:00,train,4,6591,self,0.8575000000000657,0,80,,
2025-11-27T00:41:17.272906+00:00,train,4,6592,self,0.8575000000000657,0,95,,
2025-11-27T00:41:17.273101+00:00,train,4,6593,self,0.8575000000000657,0,85,,
2025-11-27T00:41:17.273265+00:00,train,4,6594,self,0.8575000000000657,0,98,,
2025-11-27T00:41:17.273418+00:00,train,4,6595,self,0.8575000000000657,0,87,,
2025-11-27T00:41:17.273578+00:00,train,4,6596,self,0.8575000000000657,0,91,,
2025-11-27T00:41:17.273781+00:00,train,4,6597,self,0.8575000000000657,0,96,,
2025-11-27T00:41:17.273972+00:00,train,4,6598,self,0.8575000000000657,0,96,,
2025-11-27T00:41:17.274147+00:00,train,4,6599,self,0.8575000000000657,0,97,,
2025-11-27T00:41:17.274314+00:00,train,4,6600,self,0.8575000000000657,0,98,,
2025-11-27T00:41:17.274578+00:00,train,4,6601,self,0.8575000000000657,0,98,,
2025-11-27T00:41:17.274901+00:00,train,4,6602,self,0.8575000000000657,0,100,,
2025-11-27T00:41:17.275131+00:00,train,4,6603,self,0.8575000000000657,0,95,,
2025-11-27T00:41:17.275313+00:00,train,4,6604,self,0.8575000000000657,0,99,,
2025-11-27T00:41:17.275478+00:00,train,4,6605,self,0.8575000000000657,0,95,,
2025-11-27T00:41:17.275639+00:00,train,4,6606,self,0.8575000000000657,0,95,,
2025-11-27T00:41:17.275793+00:00,train,4,6607,self,0.8575000000000657,0,93,,
2025-11-27T00:41:17.275947+00:00,train,4,6608,self,0.8575000000000657,0,96,,
2025-11-27T00:41:17.276097+00:00,train,4,6609,self,0.8575000000000657,0,93,,
2025-11-27T00:41:17.276246+00:00,train,4,6610,self,0.8575000000000657,0,93,,
2025-11-27T00:41:17.276397+00:00,train,4,6611,self,0.8575000000000657,0,92,,
2025-11-27T00:41:17.276545+00:00,train,4,6612,self,0.8575000000000657,0,98,,
2025-11-27T00:41:17.276693+00:00,train,4,6613,self,0.8575000000000657,0,96,,
2025-11-27T00:41:17.276840+00:00,train,4,6614,self,0.8575000000000657,0,97,,
2025-11-27T00:41:17.276989+00:00,train,4,6615,self,0.8575000000000657,0,97,,
2025-11-27T00:41:17.277140+00:00,train,4,6616,self,0.8575000000000657,0,99,,
2025-11-27T00:41:17.277295+00:00,train,4,6617,self,0.8575000000000657,0,91,,
2025-11-27T00:41:17.277450+00:00,train,4,6618,self,0.8575000000000657,0,98,,
2025-11-27T00:41:17.277597+00:00,train,4,6619,self,0.8575000000000657,0,99,,
2025-11-27T00:41:17.277750+00:00,train,4,6620,self,0.8575000000000657,0,100,,
2025-11-27T00:41:17.277900+00:00,train,4,6621,self,0.8575000000000657,0,92,,
2025-11-27T00:41:17.278046+00:00,train,4,6622,self,0.8575000000000657,0,100,,
2025-11-27T00:41:17.278197+00:00,train,4,6623,self,0.8575000000000657,0,91,,
2025-11-27T00:41:17.278351+00:00,train,4,6624,self,0.8575000000000657,0,100,,
2025-11-27T00:41:17.278508+00:00,train,4,6625,self,0.8575000000000657,0,100,,
2025-11-27T00:41:17.278668+00:00,train,4,6626,self,0.8575000000000657,0,100,,
2025-11-27T00:41:17.278827+00:00,train,4,6627,self,0.8575000000000657,0,97,,
2025-11-27T00:41:17.278977+00:00,train,4,6628,self,0.8575000000000657,0,99,,
2025-11-27T00:41:17.279124+00:00,train,4,6629,self,0.8575000000000657,0,88,,
2025-11-27T00:41:17.279270+00:00,train,4,6630,self,0.8575000000000657,0,98,,
2025-11-27T00:41:17.279426+00:00,train,4,6631,self,0.8575000000000657,0,86,,
2025-11-27T00:41:17.279580+00:00,train,4,6632,self,0.8575000000000657,0,96,,
2025-11-27T00:41:17.279729+00:00,train,4,6633,self,0.8575000000000657,0,98,,
2025-11-27T00:41:17.279876+00:00,train,4,6634,self,0.8575000000000657,0,100,,
2025-11-27T00:41:17.280077+00:00,train,4,6635,self,0.8575000000000657,0,95,,
2025-11-27T00:41:17.280229+00:00,train,4,6636,self,0.8575000000000657,0,97,,
2025-11-27T00:41:17.280376+00:00,train,4,6637,self,0.8575000000000657,0,96,,
2025-11-27T00:41:17.280524+00:00,train,4,6638,self,0.8575000000000657,0,96,,
2025-11-27T00:41:17.280700+00:00,train,4,6639,self,0.8575000000000657,0,94,,
2025-11-27T00:41:17.280890+00:00,train,4,6640,self,0.8575000000000657,0,96,,
2025-11-27T00:41:17.281054+00:00,train,4,6641,self,0.8575000000000657,0,91,,
2025-11-27T00:41:17.281209+00:00,train,4,6642,self,0.8575000000000657,0,93,,
2025-11-27T00:41:17.281360+00:00,train,4,6643,self,0.8575000000000657,0,87,,
2025-11-27T00:41:17.281509+00:00,train,4,6644,self,0.8575000000000657,0,94,,
2025-11-27T00:41:17.281657+00:00,train,4,6645,self,0.8575000000000657,0,99,,
2025-11-27T00:41:17.281805+00:00,train,4,6646,self,0.8575000000000657,0,100,,
2025-11-27T00:41:17.281951+00:00,train,4,6647,self,0.8575000000000657,0,96,,
2025-11-27T00:41:17.282126+00:00,train,4,6648,self,0.8575000000000657,0,99,,
2025-11-27T00:41:17.282343+00:00,train,4,6649,self,0.8575000000000657,0,93,,
2025-11-27T00:41:17.282506+00:00,train,4,6650,self,0.8575000000000657,0,94,,
2025-11-27T00:41:17.282754+00:00,train,4,6651,self,0.8575000000000657,0,95,,
2025-11-27T00:41:17.283180+00:00,train,4,6652,self,0.8575000000000657,0,99,,
2025-11-27T00:41:17.283382+00:00,train,4,6653,self,0.8575000000000657,0,95,,
2025-11-27T00:41:17.283552+00:00,train,4,6654,self,0.8575000000000657,0,99,,
2025-11-27T00:41:17.283717+00:00,train,4,6655,self,0.8575000000000657,0,86,,
2025-11-27T00:41:17.283895+00:00,train,4,6656,self,0.8575000000000657,0,97,,
2025-11-27T00:41:17.284152+00:00,train,4,6657,self,0.8575000000000657,0,91,,
2025-11-27T00:41:17.284350+00:00,train,4,6658,self,0.8575000000000657,0,97,,
2025-11-27T00:41:17.284515+00:00,train,4,6659,self,0.8575000000000657,0,91,,
2025-11-27T00:41:17.284917+00:00,train,4,6660,self,0.8575000000000657,0,96,,
2025-11-27T00:41:17.285212+00:00,train,4,6661,self,0.8575000000000657,0,87,,
2025-11-27T00:41:17.285409+00:00,train,4,6662,self,0.8575000000000657,0,94,,
2025-11-27T00:41:17.285596+00:00,train,4,6663,self,0.8575000000000657,0,95,,
2025-11-27T00:41:17.285766+00:00,train,4,6664,self,0.8575000000000657,0,97,,
2025-11-27T00:41:17.285936+00:00,train,4,6665,self,0.8575000000000657,0,91,,
2025-11-27T00:41:17.286113+00:00,train,4,6666,self,0.8575000000000657,0,99,,
2025-11-27T00:41:17.286279+00:00,train,4,6667,self,0.8575000000000657,0,97,,
2025-11-27T00:41:17.286439+00:00,train,4,6668,self,0.8575000000000657,0,100,,
2025-11-27T00:41:17.286601+00:00,train,4,6669,self,0.8575000000000657,0,93,,
2025-11-27T00:41:17.286764+00:00,train,4,6670,self,0.8575000000000657,0,94,,
2025-11-27T00:41:17.286925+00:00,train,4,6671,self,0.8575000000000657,0,97,,
2025-11-27T00:41:17.287085+00:00,train,4,6672,self,0.8575000000000657,0,97,,
2025-11-27T00:41:17.287259+00:00,train,4,6673,self,0.8575000000000657,0,100,,
2025-11-27T00:41:17.287428+00:00,train,4,6674,self,0.8575000000000657,0,100,,
2025-11-27T00:41:17.287585+00:00,train,4,6675,self,0.8575000000000657,0,95,,
2025-11-27T00:41:17.287740+00:00,train,4,6676,self,0.8575000000000657,0,96,,
2025-11-27T00:41:17.287900+00:00,train,4,6677,self,0.8575000000000657,0,94,,
2025-11-27T00:41:17.288062+00:00,train,4,6678,self,0.8575000000000657,0,100,,
2025-11-27T00:41:17.288215+00:00,train,4,6679,self,0.8575000000000657,0,91,,
2025-11-27T00:41:17.288374+00:00,train,4,6680,self,0.8575000000000657,0,98,,
2025-11-27T00:41:17.288532+00:00,train,4,6681,self,0.8575000000000657,0,93,,
2025-11-27T00:41:17.288689+00:00,train,4,6682,self,0.8575000000000657,0,96,,
2025-11-27T00:41:17.288843+00:00,train,4,6683,self,0.8575000000000657,0,95,,
2025-11-27T00:41:17.288993+00:00,train,4,6684,self,0.8575000000000657,0,99,,
2025-11-27T00:41:17.289141+00:00,train,4,6685,self,0.8575000000000657,0,93,,
2025-11-27T00:41:17.289290+00:00,train,4,6686,self,0.8575000000000657,0,100,,
2025-11-27T00:41:17.289438+00:00,train,4,6687,self,0.8575000000000657,0,99,,
2025-11-27T00:41:17.289585+00:00,train,4,6688,self,0.8575000000000657,0,99,,
2025-11-27T00:41:17.289775+00:00,train,4,6689,self,0.8575000000000657,0,100,,
2025-11-27T00:41:17.289973+00:00,train,4,6690,self,0.8575000000000657,0,100,,
2025-11-27T00:41:17.290135+00:00,train,4,6691,self,0.8575000000000657,0,90,,
2025-11-27T00:41:17.290287+00:00,train,4,6692,self,0.8575000000000657,0,100,,
2025-11-27T00:41:17.290442+00:00,train,4,6693,self,0.8575000000000657,0,90,,
2025-11-27T00:41:17.290590+00:00,train,4,6694,self,0.8575000000000657,0,100,,
2025-11-27T00:41:17.290747+00:00,train,4,6695,self,0.8575000000000657,0,96,,
2025-11-27T00:41:17.290901+00:00,train,4,6696,self,0.8575000000000657,0,98,,
2025-11-27T00:41:17.291122+00:00,train,4,6697,self,0.8575000000000657,0,89,,
2025-11-27T00:41:17.291370+00:00,train,4,6698,self,0.8575000000000657,0,93,,
2025-11-27T00:41:17.291528+00:00,train,4,6699,self,0.8575000000000657,0,94,,
2025-11-27T00:41:17.291675+00:00,train,4,6700,self,0.8575000000000657,0,98,,
2025-11-27T00:41:17.291821+00:00,train,4,6701,self,0.8575000000000657,0,80,,
2025-11-27T00:41:17.291966+00:00,train,4,6702,self,0.8575000000000657,0,92,,
2025-11-27T00:41:17.292110+00:00,train,4,6703,self,0.8575000000000657,0,92,,
2025-11-27T00:41:17.292254+00:00,train,4,6704,self,0.8575000000000657,0,92,,
2025-11-27T00:41:17.292436+00:00,train,4,6705,self,0.8575000000000657,0,99,,
2025-11-27T00:41:17.292725+00:00,train,4,6706,self,0.8575000000000657,0,100,,
2025-11-27T00:41:17.292914+00:00,train,4,6707,self,0.8575000000000657,0,94,,
2025-11-27T00:41:17.293155+00:00,train,4,6708,self,0.8575000000000657,0,98,,
2025-11-27T00:41:17.293409+00:00,train,4,6709,self,0.8575000000000657,0,98,,
2025-11-27T00:41:17.293583+00:00,train,4,6710,self,0.8575000000000657,0,99,,
2025-11-27T00:41:17.293754+00:00,train,4,6711,self,0.8575000000000657,0,98,,
2025-11-27T00:41:17.294024+00:00,train,4,6712,self,0.8575000000000657,0,99,,
2025-11-27T00:41:17.294374+00:00,train,4,6713,self,0.8575000000000657,0,93,,
2025-11-27T00:41:17.294730+00:00,train,4,6714,self,0.8575000000000657,0,94,,
2025-11-27T00:41:17.294979+00:00,train,4,6715,self,0.8575000000000657,0,96,,
2025-11-27T00:41:17.295214+00:00,train,4,6716,self,0.8575000000000657,0,100,,
2025-11-27T00:41:17.295454+00:00,train,4,6717,self,0.8575000000000657,0,98,,
2025-11-27T00:41:17.295635+00:00,train,4,6718,self,0.8575000000000657,0,99,,
2025-11-27T00:41:17.295930+00:00,train,4,6719,self,0.8575000000000657,0,94,,
2025-11-27T00:41:17.296312+00:00,train,4,6720,self,0.8575000000000657,0,95,,
2025-11-27T00:41:17.297132+00:00,train,4,6721,self,0.8575000000000657,0,98,,
2025-11-27T00:41:17.297676+00:00,train,4,6722,self,0.8575000000000657,0,100,,
2025-11-27T00:41:17.297926+00:00,train,4,6723,self,0.8575000000000657,0,99,,
2025-11-27T00:41:17.298202+00:00,train,4,6724,self,0.8575000000000657,0,100,,
2025-11-27T00:41:17.298429+00:00,train,4,6725,self,0.8575000000000657,0,94,,
2025-11-27T00:41:17.298635+00:00,train,4,6726,self,0.8575000000000657,0,100,,
2025-11-27T00:41:17.298885+00:00,train,4,6727,self,0.8575000000000657,0,89,,
2025-11-27T00:41:17.299108+00:00,train,4,6728,self,0.8575000000000657,0,98,,
2025-11-27T00:41:17.299311+00:00,train,4,6729,self,0.8575000000000657,0,98,,
2025-11-27T00:41:17.299475+00:00,train,4,6730,self,0.8575000000000657,0,100,,
2025-11-27T00:41:17.299633+00:00,train,4,6731,self,0.8575000000000657,0,92,,
2025-11-27T00:41:17.299786+00:00,train,4,6732,self,0.8575000000000657,0,99,,
2025-11-27T00:41:17.299944+00:00,train,4,6733,self,0.8575000000000657,0,96,,
2025-11-27T00:41:17.300096+00:00,train,4,6734,self,0.8575000000000657,0,100,,
2025-11-27T00:41:17.300243+00:00,train,4,6735,self,0.8575000000000657,0,85,,
2025-11-27T00:41:17.300388+00:00,train,4,6736,self,0.8575000000000657,0,98,,
2025-11-27T00:41:17.300534+00:00,train,4,6737,self,0.8575000000000657,0,93,,
2025-11-27T00:41:17.300680+00:00,train,4,6738,self,0.8575000000000657,0,98,,
2025-11-27T00:41:17.300828+00:00,train,4,6739,self,0.8575000000000657,0,91,,
2025-11-27T00:41:17.301023+00:00,train,4,6740,self,0.8575000000000657,0,98,,
2025-11-27T00:41:17.301374+00:00,train,4,6741,self,0.8575000000000657,0,95,,
2025-11-27T00:41:17.301667+00:00,train,4,6742,self,0.8575000000000657,0,96,,
2025-11-27T00:41:17.301850+00:00,train,4,6743,self,0.8575000000000657,0,97,,
2025-11-27T00:41:17.302107+00:00,train,4,6744,self,0.8575000000000657,0,99,,
2025-11-27T00:41:17.302291+00:00,train,4,6745,self,0.8575000000000657,0,88,,
2025-11-27T00:41:17.302465+00:00,train,4,6746,self,0.8575000000000657,0,95,,
2025-11-27T00:41:17.302707+00:00,train,4,6747,self,0.8575000000000657,0,78,,
2025-11-27T00:41:17.302929+00:00,train,4,6748,self,0.8575000000000657,0,95,,
2025-11-27T00:41:17.303118+00:00,train,4,6749,self,0.8575000000000657,0,98,,
2025-11-27T00:41:17.303284+00:00,train,4,6750,self,0.8575000000000657,0,100,,
2025-11-27T00:41:17.303441+00:00,train,4,6751,self,0.8575000000000657,0,92,,
2025-11-27T00:41:17.303592+00:00,train,4,6752,self,0.8575000000000657,0,96,,
2025-11-27T00:41:17.303740+00:00,train,4,6753,self,0.8575000000000657,0,90,,
2025-11-27T00:41:17.303887+00:00,train,4,6754,self,0.8575000000000657,0,95,,
2025-11-27T00:41:17.304032+00:00,train,4,6755,self,0.8575000000000657,0,97,,
2025-11-27T00:41:17.304177+00:00,train,4,6756,self,0.8575000000000657,0,97,,
2025-11-27T00:41:17.304321+00:00,train,4,6757,self,0.8575000000000657,0,97,,
2025-11-27T00:41:17.304465+00:00,train,4,6758,self,0.8575000000000657,0,97,,
2025-11-27T00:41:17.304608+00:00,train,4,6759,self,0.8575000000000657,0,84,,
2025-11-27T00:41:17.304752+00:00,train,4,6760,self,0.8575000000000657,0,100,,
2025-11-27T00:41:17.304899+00:00,train,4,6761,self,0.8575000000000657,0,90,,
2025-11-27T00:41:17.305043+00:00,train,4,6762,self,0.8575000000000657,0,95,,
2025-11-27T00:41:17.305194+00:00,train,4,6763,self,0.8575000000000657,0,88,,
2025-11-27T00:41:17.305342+00:00,train,4,6764,self,0.8575000000000657,0,100,,
2025-11-27T00:41:17.305486+00:00,train,4,6765,self,0.8575000000000657,0,95,,
2025-11-27T00:41:17.305631+00:00,train,4,6766,self,0.8575000000000657,0,96,,
2025-11-27T00:41:17.305774+00:00,train,4,6767,self,0.8575000000000657,0,92,,
2025-11-27T00:41:17.305917+00:00,train,4,6768,self,0.8575000000000657,0,100,,
2025-11-27T00:41:17.306061+00:00,train,4,6769,self,0.8575000000000657,0,86,,
2025-11-27T00:41:17.306205+00:00,train,4,6770,self,0.8575000000000657,0,100,,
2025-11-27T00:41:17.306351+00:00,train,4,6771,self,0.8575000000000657,0,99,,
2025-11-27T00:41:17.306496+00:00,train,4,6772,self,0.8575000000000657,0,100,,
2025-11-27T00:41:17.306641+00:00,train,4,6773,self,0.8575000000000657,0,98,,
2025-11-27T00:41:17.306786+00:00,train,4,6774,self,0.8575000000000657,0,100,,
2025-11-27T00:41:17.306929+00:00,train,4,6775,self,0.8575000000000657,0,93,,
2025-11-27T00:41:17.307072+00:00,train,4,6776,self,0.8575000000000657,0,96,,
2025-11-27T00:41:17.307281+00:00,train,4,6777,self,0.8575000000000657,0,89,,
2025-11-27T00:41:17.307451+00:00,train,4,6778,self,0.8575000000000657,0,94,,
2025-11-27T00:41:17.307608+00:00,train,4,6779,self,0.8575000000000657,0,82,,
2025-11-27T00:41:17.307875+00:00,train,4,6780,self,0.8575000000000657,0,100,,
2025-11-27T00:41:17.308190+00:00,train,4,6781,self,0.8575000000000657,0,86,,
2025-11-27T00:41:17.308480+00:00,train,4,6782,self,0.8575000000000657,0,96,,
2025-11-27T00:41:17.308693+00:00,train,4,6783,self,0.8575000000000657,0,97,,
2025-11-27T00:41:17.308917+00:00,train,4,6784,self,0.8575000000000657,0,99,,
2025-11-27T00:41:17.309090+00:00,train,4,6785,self,0.8575000000000657,0,98,,
2025-11-27T00:41:17.309255+00:00,train,4,6786,self,0.8575000000000657,0,100,,
2025-11-27T00:41:17.309422+00:00,train,4,6787,self,0.8575000000000657,0,98,,
2025-11-27T00:41:17.309660+00:00,train,4,6788,self,0.8575000000000657,0,98,,
2025-11-27T00:41:17.309866+00:00,train,4,6789,self,0.8575000000000657,0,91,,
2025-11-27T00:41:17.310062+00:00,train,4,6790,self,0.8575000000000657,0,92,,
2025-11-27T00:41:17.310234+00:00,train,4,6791,self,0.8575000000000657,0,80,,
2025-11-27T00:41:17.310394+00:00,train,4,6792,self,0.8575000000000657,0,95,,
2025-11-27T00:41:17.310555+00:00,train,4,6793,self,0.8575000000000657,0,95,,
2025-11-27T00:41:17.310724+00:00,train,4,6794,self,0.8575000000000657,0,100,,
2025-11-27T00:41:17.310888+00:00,train,4,6795,self,0.8575000000000657,0,93,,
2025-11-27T00:41:17.311045+00:00,train,4,6796,self,0.8575000000000657,0,94,,
2025-11-27T00:41:17.311194+00:00,train,4,6797,self,0.8575000000000657,0,97,,
2025-11-27T00:41:17.311348+00:00,train,4,6798,self,0.8575000000000657,0,100,,
2025-11-27T00:41:17.311493+00:00,train,4,6799,self,0.8575000000000657,0,95,,
2025-11-27T00:41:17.311637+00:00,train,4,6800,self,0.8575000000000657,0,100,,
2025-11-27T00:41:17.311781+00:00,train,4,6801,self,0.8575000000000657,0,90,,
2025-11-27T00:41:17.311925+00:00,train,4,6802,self,0.8575000000000657,0,100,,
2025-11-27T00:41:17.312067+00:00,train,4,6803,self,0.8575000000000657,0,97,,
2025-11-27T00:41:17.312209+00:00,train,4,6804,self,0.8575000000000657,0,99,,
2025-11-27T00:41:17.312353+00:00,train,4,6805,self,0.8575000000000657,0,100,,
2025-11-27T00:41:17.312496+00:00,train,4,6806,self,0.8575000000000657,0,100,,
2025-11-27T00:41:17.312645+00:00,train,4,6807,self,0.8575000000000657,0,97,,
2025-11-27T00:41:17.312791+00:00,train,4,6808,self,0.8575000000000657,0,98,,
2025-11-27T00:41:17.312935+00:00,train,4,6809,self,0.8575000000000657,0,99,,
2025-11-27T00:41:17.313078+00:00,train,4,6810,self,0.8575000000000657,0,100,,
2025-11-27T00:41:17.313220+00:00,train,4,6811,self,0.8575000000000657,0,94,,
2025-11-27T00:41:17.313363+00:00,train,4,6812,self,0.8575000000000657,0,96,,
2025-11-27T00:41:17.313554+00:00,train,4,6813,self,0.8575000000000657,0,96,,
2025-11-27T00:41:17.313729+00:00,train,4,6814,self,0.8575000000000657,0,98,,
2025-11-27T00:41:17.313888+00:00,train,4,6815,self,0.8575000000000657,0,90,,
2025-11-27T00:41:17.314045+00:00,train,4,6816,self,0.8575000000000657,0,99,,
2025-11-27T00:41:17.314196+00:00,train,4,6817,self,0.8575000000000657,0,95,,
2025-11-27T00:41:17.314345+00:00,train,4,6818,self,0.8575000000000657,0,100,,
2025-11-27T00:41:17.314491+00:00,train,4,6819,self,0.8575000000000657,0,96,,
2025-11-27T00:41:17.314642+00:00,train,4,6820,self,0.8575000000000657,0,99,,
2025-11-27T00:41:17.314787+00:00,train,4,6821,self,0.8575000000000657,0,89,,
2025-11-27T00:41:17.314933+00:00,train,4,6822,self,0.8575000000000657,0,99,,
2025-11-27T00:41:17.315122+00:00,train,4,6823,self,0.8575000000000657,0,83,,
2025-11-27T00:41:17.315323+00:00,train,4,6824,self,0.8575000000000657,0,96,,
2025-11-27T00:41:17.315523+00:00,train,4,6825,self,0.8575000000000657,0,94,,
2025-11-27T00:41:17.315696+00:00,train,4,6826,self,0.8575000000000657,0,98,,
2025-11-27T00:41:17.315954+00:00,train,4,6827,self,0.8575000000000657,0,86,,
2025-11-27T00:41:17.316188+00:00,train,4,6828,self,0.8575000000000657,0,96,,
2025-11-27T00:41:17.316357+00:00,train,4,6829,self,0.8575000000000657,0,94,,
2025-11-27T00:41:17.316515+00:00,train,4,6830,self,0.8575000000000657,0,97,,
2025-11-27T00:41:17.316678+00:00,train,4,6831,self,0.8575000000000657,0,100,,
2025-11-27T00:41:17.316844+00:00,train,4,6832,self,0.8575000000000657,0,100,,
2025-11-27T00:41:17.317011+00:00,train,4,6833,self,0.8575000000000657,0,97,,
2025-11-27T00:41:17.317175+00:00,train,4,6834,self,0.8575000000000657,0,98,,
2025-11-27T00:41:17.317339+00:00,train,4,6835,self,0.8575000000000657,0,90,,
2025-11-27T00:41:17.317499+00:00,train,4,6836,self,0.8575000000000657,0,99,,
2025-11-27T00:41:17.317648+00:00,train,4,6837,self,0.8575000000000657,0,96,,
2025-11-27T00:41:17.317794+00:00,train,4,6838,self,0.8575000000000657,0,98,,
2025-11-27T00:41:17.317939+00:00,train,4,6839,self,0.8575000000000657,0,96,,
2025-11-27T00:41:17.318139+00:00,train,4,6840,self,0.8575000000000657,0,100,,
2025-11-27T00:41:17.318317+00:00,train,4,6841,self,0.8575000000000657,0,95,,
2025-11-27T00:41:17.318480+00:00,train,4,6842,self,0.8575000000000657,0,98,,
2025-11-27T00:41:17.318637+00:00,train,4,6843,self,0.8575000000000657,0,94,,
2025-11-27T00:41:17.318792+00:00,train,4,6844,self,0.8575000000000657,0,100,,
2025-11-27T00:41:17.318944+00:00,train,4,6845,self,0.8575000000000657,0,90,,
2025-11-27T00:41:17.319093+00:00,train,4,6846,self,0.8575000000000657,0,93,,
2025-11-27T00:41:17.319242+00:00,train,4,6847,self,0.8575000000000657,0,91,,
2025-11-27T00:41:17.319391+00:00,train,4,6848,self,0.8575000000000657,0,100,,
2025-11-27T00:41:17.319539+00:00,train,4,6849,self,0.8575000000000657,0,92,,
2025-11-27T00:41:17.319691+00:00,train,4,6850,self,0.8575000000000657,0,94,,
2025-11-27T00:41:17.319842+00:00,train,4,6851,self,0.8575000000000657,0,99,,
2025-11-27T00:41:17.319994+00:00,train,4,6852,self,0.8575000000000657,0,99,,
2025-11-27T00:41:17.320148+00:00,train,4,6853,self,0.8575000000000657,0,91,,
2025-11-27T00:41:17.320303+00:00,train,4,6854,self,0.8575000000000657,0,100,,
2025-11-27T00:41:17.320455+00:00,train,4,6855,self,0.8575000000000657,0,89,,
2025-11-27T00:41:17.320607+00:00,train,4,6856,self,0.8575000000000657,0,100,,
2025-11-27T00:41:17.320757+00:00,train,4,6857,self,0.8575000000000657,0,88,,
2025-11-27T00:41:17.320908+00:00,train,4,6858,self,0.8575000000000657,0,95,,
2025-11-27T00:41:17.321056+00:00,train,4,6859,self,0.8575000000000657,0,89,,
2025-11-27T00:41:17.321207+00:00,train,4,6860,self,0.8575000000000657,0,100,,
2025-11-27T00:41:17.321359+00:00,train,4,6861,self,0.8575000000000657,0,97,,
2025-11-27T00:41:17.321509+00:00,train,4,6862,self,0.8575000000000657,0,99,,
2025-11-27T00:41:17.321658+00:00,train,4,6863,self,0.8575000000000657,0,96,,
2025-11-27T00:41:17.321812+00:00,train,4,6864,self,0.8575000000000657,0,97,,
2025-11-27T00:41:17.321965+00:00,train,4,6865,self,0.8575000000000657,0,97,,
2025-11-27T00:41:17.322114+00:00,train,4,6866,self,0.8575000000000657,0,98,,
2025-11-27T00:41:17.322262+00:00,train,4,6867,self,0.8575000000000657,0,96,,
2025-11-27T00:41:17.322410+00:00,train,4,6868,self,0.8575000000000657,0,98,,
2025-11-27T00:41:17.322557+00:00,train,4,6869,self,0.8575000000000657,0,92,,
2025-11-27T00:41:17.322704+00:00,train,4,6870,self,0.8575000000000657,0,100,,
2025-11-27T00:41:17.322852+00:00,train,4,6871,self,0.8575000000000657,0,90,,
2025-11-27T00:41:17.323020+00:00,train,4,6872,self,0.8575000000000657,0,94,,
2025-11-27T00:41:17.323234+00:00,train,4,6873,self,0.8575000000000657,0,84,,
2025-11-27T00:41:17.323399+00:00,train,4,6874,self,0.8575000000000657,0,98,,
2025-11-27T00:41:17.323555+00:00,train,4,6875,self,0.8575000000000657,0,96,,
2025-11-27T00:41:17.323707+00:00,train,4,6876,self,0.8575000000000657,0,98,,
2025-11-27T00:41:17.323856+00:00,train,4,6877,self,0.8575000000000657,0,96,,
2025-11-27T00:41:17.324003+00:00,train,4,6878,self,0.8575000000000657,0,98,,
2025-11-27T00:41:17.324226+00:00,train,4,6879,self,0.8575000000000657,0,99,,
2025-11-27T00:41:17.324402+00:00,train,4,6880,self,0.8575000000000657,0,100,,
2025-11-27T00:41:17.324590+00:00,train,4,6881,self,0.8575000000000657,0,98,,
2025-11-27T00:41:17.324871+00:00,train,4,6882,self,0.8575000000000657,0,98,,
2025-11-27T00:41:17.325096+00:00,train,4,6883,self,0.8575000000000657,0,60,,
2025-11-27T00:41:17.325350+00:00,train,4,6884,self,0.8575000000000657,0,99,,
2025-11-27T00:41:17.325670+00:00,train,4,6885,self,0.8575000000000657,0,100,,
2025-11-27T00:41:17.325877+00:00,train,4,6886,self,0.8575000000000657,0,100,,
2025-11-27T00:41:17.326070+00:00,train,4,6887,self,0.8575000000000657,0,95,,
2025-11-27T00:41:17.326308+00:00,train,4,6888,self,0.8575000000000657,0,100,,
2025-11-27T00:41:17.326550+00:00,train,4,6889,self,0.8575000000000657,0,97,,
2025-11-27T00:41:17.326771+00:00,train,4,6890,self,0.8575000000000657,0,99,,
2025-11-27T00:41:17.326950+00:00,train,4,6891,self,0.8575000000000657,0,95,,
2025-11-27T00:41:17.327127+00:00,train,4,6892,self,0.8575000000000657,0,99,,
2025-11-27T00:41:17.327291+00:00,train,4,6893,self,0.8575000000000657,0,99,,
2025-11-27T00:41:17.327557+00:00,train,4,6894,self,0.8575000000000657,0,99,,
2025-11-27T00:41:17.327959+00:00,train,4,6895,self,0.8575000000000657,0,93,,
2025-11-27T00:41:17.328285+00:00,train,4,6896,self,0.8575000000000657,0,95,,
2025-11-27T00:41:17.328463+00:00,train,4,6897,self,0.8575000000000657,0,97,,
2025-11-27T00:41:17.328620+00:00,train,4,6898,self,0.8575000000000657,0,99,,
2025-11-27T00:41:17.328772+00:00,train,4,6899,self,0.8575000000000657,0,98,,
2025-11-27T00:41:17.328921+00:00,train,4,6900,self,0.8575000000000657,0,99,,
2025-11-27T00:41:17.329068+00:00,train,4,6901,self,0.8575000000000657,0,92,,
2025-11-27T00:41:17.329212+00:00,train,4,6902,self,0.8575000000000657,0,94,,
2025-11-27T00:41:17.329357+00:00,train,4,6903,self,0.8575000000000657,0,96,,
2025-11-27T00:41:17.329502+00:00,train,4,6904,self,0.8575000000000657,0,96,,
2025-11-27T00:41:17.329647+00:00,train,4,6905,self,0.8575000000000657,0,87,,
2025-11-27T00:41:17.329791+00:00,train,4,6906,self,0.8575000000000657,0,100,,
2025-11-27T00:41:17.329935+00:00,train,4,6907,self,0.8575000000000657,0,97,,
2025-11-27T00:41:17.330081+00:00,train,4,6908,self,0.8575000000000657,0,97,,
2025-11-27T00:41:17.330226+00:00,train,4,6909,self,0.8575000000000657,0,95,,
2025-11-27T00:41:17.330371+00:00,train,4,6910,self,0.8575000000000657,0,96,,
2025-11-27T00:41:17.330514+00:00,train,4,6911,self,0.8575000000000657,0,92,,
2025-11-27T00:41:17.330658+00:00,train,4,6912,self,0.8575000000000657,0,92,,
2025-11-27T00:41:17.330801+00:00,train,4,6913,self,0.8575000000000657,0,92,,
2025-11-27T00:41:17.331004+00:00,train,4,6914,self,0.8575000000000657,0,100,,
2025-11-27T00:41:17.331188+00:00,train,4,6915,self,0.8575000000000657,0,98,,
2025-11-27T00:41:17.331354+00:00,train,4,6916,self,0.8575000000000657,0,100,,
2025-11-27T00:41:17.331514+00:00,train,4,6917,self,0.8575000000000657,0,98,,
2025-11-27T00:41:17.331672+00:00,train,4,6918,self,0.8575000000000657,0,100,,
2025-11-27T00:41:17.331827+00:00,train,4,6919,self,0.8575000000000657,0,97,,
2025-11-27T00:41:17.331983+00:00,train,4,6920,self,0.8575000000000657,0,100,,
2025-11-27T00:41:17.332209+00:00,train,4,6921,self,0.8575000000000657,0,90,,
2025-11-27T00:41:17.332432+00:00,train,4,6922,self,0.8575000000000657,0,93,,
2025-11-27T00:41:17.332698+00:00,train,4,6923,self,0.8575000000000657,0,95,,
2025-11-27T00:41:17.332877+00:00,train,4,6924,self,0.8575000000000657,0,96,,
2025-11-27T00:41:17.333038+00:00,train,4,6925,self,0.8575000000000657,0,74,,
2025-11-27T00:41:17.333324+00:00,train,4,6926,self,0.8575000000000657,0,95,,
2025-11-27T00:41:17.333535+00:00,train,4,6927,self,0.8575000000000657,0,99,,
2025-11-27T00:41:17.333728+00:00,train,4,6928,self,0.8575000000000657,0,100,,
2025-11-27T00:41:17.333905+00:00,train,4,6929,self,0.8575000000000657,0,98,,
2025-11-27T00:41:17.334093+00:00,train,4,6930,self,0.8575000000000657,0,99,,
2025-11-27T00:41:17.334247+00:00,train,4,6931,self,0.8575000000000657,0,99,,
2025-11-27T00:41:17.334426+00:00,train,4,6932,self,0.8575000000000657,0,99,,
2025-11-27T00:41:17.334609+00:00,train,4,6933,self,0.8575000000000657,0,98,,
2025-11-27T00:41:17.334776+00:00,train,4,6934,self,0.8575000000000657,0,100,,
2025-11-27T00:41:17.334934+00:00,train,4,6935,self,0.8575000000000657,0,83,,
2025-11-27T00:41:17.335091+00:00,train,4,6936,self,0.8575000000000657,0,92,,
2025-11-27T00:41:17.335322+00:00,train,4,6937,self,0.8575000000000657,0,87,,
2025-11-27T00:41:17.335477+00:00,train,4,6938,self,0.8575000000000657,0,100,,
2025-11-27T00:41:17.335632+00:00,train,4,6939,self,0.8575000000000657,0,94,,
2025-11-27T00:41:17.335815+00:00,train,4,6940,self,0.8575000000000657,0,99,,
2025-11-27T00:41:17.336118+00:00,train,4,6941,self,0.8575000000000657,0,98,,
2025-11-27T00:41:17.336382+00:00,train,4,6942,self,0.8575000000000657,0,99,,
2025-11-27T00:41:17.336564+00:00,train,4,6943,self,0.8575000000000657,0,84,,
2025-11-27T00:41:17.336734+00:00,train,4,6944,self,0.8575000000000657,0,100,,
2025-11-27T00:41:17.336890+00:00,train,4,6945,self,0.8575000000000657,0,88,,
2025-11-27T00:41:17.337066+00:00,train,4,6946,self,0.8575000000000657,0,91,,
2025-11-27T00:41:17.337218+00:00,train,4,6947,self,0.8575000000000657,0,99,,
2025-11-27T00:41:17.337367+00:00,train,4,6948,self,0.8575000000000657,0,100,,
2025-11-27T00:41:17.337514+00:00,train,4,6949,self,0.8575000000000657,0,94,,
2025-11-27T00:41:17.337664+00:00,train,4,6950,self,0.8575000000000657,0,97,,
2025-11-27T00:41:17.337812+00:00,train,4,6951,self,0.8575000000000657,0,99,,
2025-11-27T00:41:17.337956+00:00,train,4,6952,self,0.8575000000000657,0,99,,
2025-11-27T00:41:17.338102+00:00,train,4,6953,self,0.8575000000000657,0,96,,
2025-11-27T00:41:17.338253+00:00,train,4,6954,self,0.8575000000000657,0,99,,
2025-11-27T00:41:17.338403+00:00,train,4,6955,self,0.8575000000000657,0,82,,
2025-11-27T00:41:17.338550+00:00,train,4,6956,self,0.8575000000000657,0,96,,
2025-11-27T00:41:17.338695+00:00,train,4,6957,self,0.8575000000000657,0,96,,
2025-11-27T00:41:17.338839+00:00,train,4,6958,self,0.8575000000000657,0,99,,
2025-11-27T00:41:17.338983+00:00,train,4,6959,self,0.8575000000000657,0,95,,
2025-11-27T00:41:17.339126+00:00,train,4,6960,self,0.8575000000000657,0,100,,
2025-11-27T00:41:17.339269+00:00,train,4,6961,self,0.8575000000000657,0,94,,
2025-11-27T00:41:17.339489+00:00,train,4,6962,self,0.8575000000000657,0,99,,
2025-11-27T00:41:17.339671+00:00,train,4,6963,self,0.8575000000000657,0,83,,
2025-11-27T00:41:17.339838+00:00,train,4,6964,self,0.8575000000000657,0,95,,
2025-11-27T00:41:17.340001+00:00,train,4,6965,self,0.8575000000000657,0,99,,
2025-11-27T00:41:17.340162+00:00,train,4,6966,self,0.8575000000000657,0,99,,
2025-11-27T00:41:17.340320+00:00,train,4,6967,self,0.8575000000000657,0,99,,
2025-11-27T00:41:17.340483+00:00,train,4,6968,self,0.8575000000000657,0,100,,
2025-11-27T00:41:17.340709+00:00,train,4,6969,self,0.8575000000000657,0,94,,
2025-11-27T00:41:17.340872+00:00,train,4,6970,self,0.8575000000000657,0,100,,
2025-11-27T00:41:17.341048+00:00,train,4,6971,self,0.8575000000000657,0,89,,
2025-11-27T00:41:17.341304+00:00,train,4,6972,self,0.8575000000000657,0,96,,
2025-11-27T00:41:17.341533+00:00,train,4,6973,self,0.8575000000000657,0,93,,
2025-11-27T00:41:17.341743+00:00,train,4,6974,self,0.8575000000000657,0,94,,
2025-11-27T00:41:17.342034+00:00,train,4,6975,self,0.8575000000000657,0,84,,
2025-11-27T00:41:17.342248+00:00,train,4,6976,self,0.8575000000000657,0,97,,
2025-11-27T00:41:17.342429+00:00,train,4,6977,self,0.8575000000000657,0,94,,
2025-11-27T00:41:17.342589+00:00,train,4,6978,self,0.8575000000000657,0,97,,
2025-11-27T00:41:17.342951+00:00,train,4,6979,self,0.8575000000000657,0,88,,
2025-11-27T00:41:17.343171+00:00,train,4,6980,self,0.8575000000000657,0,98,,
2025-11-27T00:41:17.343412+00:00,train,4,6981,self,0.8575000000000657,0,90,,
2025-11-27T00:41:17.343609+00:00,train,4,6982,self,0.8575000000000657,0,96,,
2025-11-27T00:41:17.343791+00:00,train,4,6983,self,0.8575000000000657,0,91,,
2025-11-27T00:41:17.344002+00:00,train,4,6984,self,0.8575000000000657,0,95,,
2025-11-27T00:41:17.344335+00:00,train,4,6985,self,0.8575000000000657,0,94,,
2025-11-27T00:41:17.344510+00:00,train,4,6986,self,0.8575000000000657,0,98,,
2025-11-27T00:41:17.344670+00:00,train,4,6987,self,0.8575000000000657,0,90,,
2025-11-27T00:41:17.344820+00:00,train,4,6988,self,0.8575000000000657,0,96,,
2025-11-27T00:41:17.344969+00:00,train,4,6989,self,0.8575000000000657,0,97,,
2025-11-27T00:41:17.345115+00:00,train,4,6990,self,0.8575000000000657,0,98,,
2025-11-27T00:41:17.345261+00:00,train,4,6991,self,0.8575000000000657,0,96,,
2025-11-27T00:41:17.345406+00:00,train,4,6992,self,0.8575000000000657,0,100,,
2025-11-27T00:41:17.345555+00:00,train,4,6993,self,0.8575000000000657,0,89,,
2025-11-27T00:41:17.345698+00:00,train,4,6994,self,0.8575000000000657,0,93,,
2025-11-27T00:41:17.345842+00:00,train,4,6995,self,0.8575000000000657,0,97,,
2025-11-27T00:41:17.345986+00:00,train,4,6996,self,0.8575000000000657,0,100,,
2025-11-27T00:41:17.346130+00:00,train,4,6997,self,0.8575000000000657,0,96,,
2025-11-27T00:41:17.346273+00:00,train,4,6998,self,0.8575000000000657,0,100,,
2025-11-27T00:41:17.346416+00:00,train,4,6999,self,0.8575000000000657,0,95,,
2025-11-27T00:41:17.346562+00:00,train,4,7000,self,0.8575000000000657,0,98,,
2025-11-27T00:41:17.350205+00:00,train,4,7001,self,0.8575000000000657,0,98,,
2025-11-27T00:41:17.350477+00:00,train,4,7002,self,0.8575000000000657,0,100,,
2025-11-27T00:41:17.350658+00:00,train,4,7003,self,0.8575000000000657,0,95,,
2025-11-27T00:41:17.350818+00:00,train,4,7004,self,0.8575000000000657,0,99,,
2025-11-27T00:41:17.350971+00:00,train,4,7005,self,0.8575000000000657,0,97,,
2025-11-27T00:41:17.351171+00:00,train,4,7006,self,0.8575000000000657,0,99,,
2025-11-27T00:41:17.351357+00:00,train,4,7007,self,0.8575000000000657,0,87,,
2025-11-27T00:41:17.351519+00:00,train,4,7008,self,0.8575000000000657,0,93,,
2025-11-27T00:41:17.351673+00:00,train,4,7009,self,0.8575000000000657,0,96,,
2025-11-27T00:41:17.351824+00:00,train,4,7010,self,0.8575000000000657,0,99,,
2025-11-27T00:41:17.351973+00:00,train,4,7011,self,0.8575000000000657,0,96,,
2025-11-27T00:41:17.352120+00:00,train,4,7012,self,0.8575000000000657,0,98,,
2025-11-27T00:41:17.352266+00:00,train,4,7013,self,0.8575000000000657,0,88,,
2025-11-27T00:41:17.352412+00:00,train,4,7014,self,0.8575000000000657,0,97,,
2025-11-27T00:41:17.352555+00:00,train,4,7015,self,0.8575000000000657,0,100,,
2025-11-27T00:41:17.352703+00:00,train,4,7016,self,0.8575000000000657,0,100,,
2025-11-27T00:41:17.352853+00:00,train,4,7017,self,0.8575000000000657,0,98,,
2025-11-27T00:41:17.353001+00:00,train,4,7018,self,0.8575000000000657,0,98,,
2025-11-27T00:41:17.353152+00:00,train,4,7019,self,0.8575000000000657,0,98,,
2025-11-27T00:41:17.353300+00:00,train,4,7020,self,0.8575000000000657,0,98,,
2025-11-27T00:41:17.353448+00:00,train,4,7021,self,0.8575000000000657,0,91,,
2025-11-27T00:41:17.353596+00:00,train,4,7022,self,0.8575000000000657,0,91,,
2025-11-27T00:41:17.353754+00:00,train,4,7023,self,0.8575000000000657,0,81,,
2025-11-27T00:41:17.353901+00:00,train,4,7024,self,0.8575000000000657,0,99,,
2025-11-27T00:41:17.354051+00:00,train,4,7025,self,0.8575000000000657,0,80,,
2025-11-27T00:41:17.354194+00:00,train,4,7026,self,0.8575000000000657,0,98,,
2025-11-27T00:41:17.354339+00:00,train,4,7027,self,0.8575000000000657,0,96,,
2025-11-27T00:41:17.354487+00:00,train,4,7028,self,0.8575000000000657,0,100,,
2025-11-27T00:41:17.354634+00:00,train,4,7029,self,0.8575000000000657,0,85,,
2025-11-27T00:41:17.354777+00:00,train,4,7030,self,0.8575000000000657,0,99,,
2025-11-27T00:41:17.354924+00:00,train,4,7031,self,0.8575000000000657,0,94,,
2025-11-27T00:41:17.355071+00:00,train,4,7032,self,0.8575000000000657,0,95,,
2025-11-27T00:41:17.355216+00:00,train,4,7033,self,0.8575000000000657,0,97,,
2025-11-27T00:41:17.355359+00:00,train,4,7034,self,0.8575000000000657,0,99,,
2025-11-27T00:41:17.355503+00:00,train,4,7035,self,0.8575000000000657,0,95,,
2025-11-27T00:41:17.355647+00:00,train,4,7036,self,0.8575000000000657,0,98,,
2025-11-27T00:41:17.355789+00:00,train,4,7037,self,0.8575000000000657,0,97,,
2025-11-27T00:41:17.355933+00:00,train,4,7038,self,0.8575000000000657,0,100,,
2025-11-27T00:41:17.356075+00:00,train,4,7039,self,0.8575000000000657,0,93,,
2025-11-27T00:41:17.356221+00:00,train,4,7040,self,0.8575000000000657,0,98,,
2025-11-27T00:41:17.356364+00:00,train,4,7041,self,0.8575000000000657,0,95,,
2025-11-27T00:41:17.356506+00:00,train,4,7042,self,0.8575000000000657,0,99,,
2025-11-27T00:41:17.356648+00:00,train,4,7043,self,0.8575000000000657,0,99,,
2025-11-27T00:41:17.356790+00:00,train,4,7044,self,0.8575000000000657,0,99,,
2025-11-27T00:41:17.356933+00:00,train,4,7045,self,0.8575000000000657,0,97,,
2025-11-27T00:41:17.357080+00:00,train,4,7046,self,0.8575000000000657,0,100,,
2025-11-27T00:41:17.357223+00:00,train,4,7047,self,0.8575000000000657,0,90,,
2025-11-27T00:41:17.357365+00:00,train,4,7048,self,0.8575000000000657,0,98,,
2025-11-27T00:41:17.357507+00:00,train,4,7049,self,0.8575000000000657,0,97,,
2025-11-27T00:41:17.357653+00:00,train,4,7050,self,0.8575000000000657,0,99,,
2025-11-27T00:41:17.357797+00:00,train,4,7051,self,0.8575000000000657,0,95,,
2025-11-27T00:41:17.357940+00:00,train,4,7052,self,0.8575000000000657,0,100,,
2025-11-27T00:41:17.358084+00:00,train,4,7053,self,0.8575000000000657,0,98,,
2025-11-27T00:41:17.358328+00:00,train,4,7054,self,0.8575000000000657,0,100,,
2025-11-27T00:41:17.358513+00:00,train,4,7055,self,0.8575000000000657,0,80,,
2025-11-27T00:41:17.358800+00:00,train,4,7056,self,0.8575000000000657,0,97,,
2025-11-27T00:41:17.359043+00:00,train,4,7057,self,0.8575000000000657,0,90,,
2025-11-27T00:41:17.359264+00:00,train,4,7058,self,0.8575000000000657,0,98,,
2025-11-27T00:41:17.359446+00:00,train,4,7059,self,0.8575000000000657,0,88,,
2025-11-27T00:41:17.359707+00:00,train,4,7060,self,0.8575000000000657,0,99,,
2025-11-27T00:41:17.359964+00:00,train,4,7061,self,0.8575000000000657,0,92,,
2025-11-27T00:41:17.360164+00:00,train,4,7062,self,0.8575000000000657,0,98,,
2025-11-27T00:41:17.360342+00:00,train,4,7063,self,0.8575000000000657,0,97,,
2025-11-27T00:41:17.360503+00:00,train,4,7064,self,0.8575000000000657,0,99,,
2025-11-27T00:41:17.360717+00:00,train,4,7065,self,0.8575000000000657,0,95,,
2025-11-27T00:41:17.360922+00:00,train,4,7066,self,0.8575000000000657,0,98,,
2025-11-27T00:41:17.361216+00:00,train,4,7067,self,0.8575000000000657,0,93,,
2025-11-27T00:41:17.361414+00:00,train,4,7068,self,0.8575000000000657,0,97,,
2025-11-27T00:41:17.361589+00:00,train,4,7069,self,0.8575000000000657,0,79,,
2025-11-27T00:41:17.361761+00:00,train,4,7070,self,0.8575000000000657,0,99,,
2025-11-27T00:41:17.361923+00:00,train,4,7071,self,0.8575000000000657,0,95,,
2025-11-27T00:41:17.362079+00:00,train,4,7072,self,0.8575000000000657,0,100,,
2025-11-27T00:41:17.362235+00:00,train,4,7073,self,0.8575000000000657,0,98,,
2025-11-27T00:41:17.362392+00:00,train,4,7074,self,0.8575000000000657,0,100,,
2025-11-27T00:41:17.362546+00:00,train,4,7075,self,0.8575000000000657,0,92,,
2025-11-27T00:41:17.362699+00:00,train,4,7076,self,0.8575000000000657,0,98,,
2025-11-27T00:41:17.362852+00:00,train,4,7077,self,0.8575000000000657,0,86,,
2025-11-27T00:41:17.363003+00:00,train,4,7078,self,0.8575000000000657,0,94,,
2025-11-27T00:41:17.363156+00:00,train,4,7079,self,0.8575000000000657,0,98,,
2025-11-27T00:41:17.363308+00:00,train,4,7080,self,0.8575000000000657,0,100,,
2025-11-27T00:41:17.363461+00:00,train,4,7081,self,0.8575000000000657,0,94,,
2025-11-27T00:41:17.363759+00:00,train,4,7082,self,0.8575000000000657,0,98,,
2025-11-27T00:41:17.363946+00:00,train,4,7083,self,0.8575000000000657,0,96,,
2025-11-27T00:41:17.364112+00:00,train,4,7084,self,0.8575000000000657,0,100,,
2025-11-27T00:41:17.364347+00:00,train,4,7085,self,0.8575000000000657,0,97,,
2025-11-27T00:41:17.364545+00:00,train,4,7086,self,0.8575000000000657,0,100,,
2025-11-27T00:41:17.364714+00:00,train,4,7087,self,0.8575000000000657,0,97,,
2025-11-27T00:41:17.364870+00:00,train,4,7088,self,0.8575000000000657,0,100,,
2025-11-27T00:41:17.365024+00:00,train,4,7089,self,0.8575000000000657,0,94,,
2025-11-27T00:41:17.365174+00:00,train,4,7090,self,0.8575000000000657,0,100,,
2025-11-27T00:41:17.365322+00:00,train,4,7091,self,0.8575000000000657,0,97,,
2025-11-27T00:41:17.365583+00:00,train,4,7092,self,0.8575000000000657,0,99,,
2025-11-27T00:41:17.365801+00:00,train,4,7093,self,0.8575000000000657,0,97,,
2025-11-27T00:41:17.365976+00:00,train,4,7094,self,0.8575000000000657,0,100,,
2025-11-27T00:41:17.366135+00:00,train,4,7095,self,0.8575000000000657,0,96,,
2025-11-27T00:41:17.366371+00:00,train,4,7096,self,0.8575000000000657,0,97,,
2025-11-27T00:41:17.366552+00:00,train,4,7097,self,0.8575000000000657,0,88,,
2025-11-27T00:41:17.366733+00:00,train,4,7098,self,0.8575000000000657,0,99,,
2025-11-27T00:41:17.366929+00:00,train,4,7099,self,0.8575000000000657,0,88,,
2025-11-27T00:41:17.367100+00:00,train,4,7100,self,0.8575000000000657,0,94,,
2025-11-27T00:41:17.367312+00:00,train,4,7101,self,0.8575000000000657,0,97,,
2025-11-27T00:41:17.367492+00:00,train,4,7102,self,0.8575000000000657,0,97,,
2025-11-27T00:41:17.367674+00:00,train,4,7103,self,0.8575000000000657,0,95,,
2025-11-27T00:41:17.367848+00:00,train,4,7104,self,0.8575000000000657,0,99,,
2025-11-27T00:41:17.368001+00:00,train,4,7105,self,0.8575000000000657,0,96,,
2025-11-27T00:41:17.368150+00:00,train,4,7106,self,0.8575000000000657,0,97,,
2025-11-27T00:41:17.368298+00:00,train,4,7107,self,0.8575000000000657,0,81,,
2025-11-27T00:41:17.368444+00:00,train,4,7108,self,0.8575000000000657,0,95,,
2025-11-27T00:41:17.368589+00:00,train,4,7109,self,0.8575000000000657,0,95,,
2025-11-27T00:41:17.368733+00:00,train,4,7110,self,0.8575000000000657,0,98,,
2025-11-27T00:41:17.368878+00:00,train,4,7111,self,0.8575000000000657,0,98,,
2025-11-27T00:41:17.369022+00:00,train,4,7112,self,0.8575000000000657,0,98,,
2025-11-27T00:41:17.369171+00:00,train,4,7113,self,0.8575000000000657,0,98,,
2025-11-27T00:41:17.369320+00:00,train,4,7114,self,0.8575000000000657,0,100,,
2025-11-27T00:41:17.369466+00:00,train,4,7115,self,0.8575000000000657,0,97,,
2025-11-27T00:41:17.369611+00:00,train,4,7116,self,0.8575000000000657,0,100,,
2025-11-27T00:41:17.369756+00:00,train,4,7117,self,0.8575000000000657,0,95,,
2025-11-27T00:41:17.369902+00:00,train,4,7118,self,0.8575000000000657,0,100,,
2025-11-27T00:41:17.370048+00:00,train,4,7119,self,0.8575000000000657,0,91,,
2025-11-27T00:41:17.370193+00:00,train,4,7120,self,0.8575000000000657,0,100,,
2025-11-27T00:41:17.370339+00:00,train,4,7121,self,0.8575000000000657,0,91,,
2025-11-27T00:41:17.370485+00:00,train,4,7122,self,0.8575000000000657,0,99,,
2025-11-27T00:41:17.370629+00:00,train,4,7123,self,0.8575000000000657,0,94,,
2025-11-27T00:41:17.370772+00:00,train,4,7124,self,0.8575000000000657,0,99,,
2025-11-27T00:41:17.370917+00:00,train,4,7125,self,0.8575000000000657,0,98,,
2025-11-27T00:41:17.371062+00:00,train,4,7126,self,0.8575000000000657,0,100,,
2025-11-27T00:41:17.371208+00:00,train,4,7127,self,0.8575000000000657,0,95,,
2025-11-27T00:41:17.371353+00:00,train,4,7128,self,0.8575000000000657,0,99,,
2025-11-27T00:41:17.371499+00:00,train,4,7129,self,0.8575000000000657,0,84,,
2025-11-27T00:41:17.371645+00:00,train,4,7130,self,0.8575000000000657,0,98,,
2025-11-27T00:41:17.371789+00:00,train,4,7131,self,0.8575000000000657,0,82,,
2025-11-27T00:41:17.371932+00:00,train,4,7132,self,0.8575000000000657,0,100,,
2025-11-27T00:41:17.372082+00:00,train,4,7133,self,0.8575000000000657,0,97,,
2025-11-27T00:41:17.372234+00:00,train,4,7134,self,0.8575000000000657,0,100,,
2025-11-27T00:41:17.372377+00:00,train,4,7135,self,0.8575000000000657,0,93,,
2025-11-27T00:41:17.372521+00:00,train,4,7136,self,0.8575000000000657,0,100,,
2025-11-27T00:41:17.372725+00:00,train,4,7137,self,0.8575000000000657,0,95,,
2025-11-27T00:41:17.372915+00:00,train,4,7138,self,0.8575000000000657,0,100,,
2025-11-27T00:41:17.373088+00:00,train,4,7139,self,0.8575000000000657,0,98,,
2025-11-27T00:41:17.373248+00:00,train,4,7140,self,0.8575000000000657,0,98,,
2025-11-27T00:41:17.373407+00:00,train,4,7141,self,0.8575000000000657,0,89,,
2025-11-27T00:41:17.373562+00:00,train,4,7142,self,0.8575000000000657,0,96,,
2025-11-27T00:41:17.373714+00:00,train,4,7143,self,0.8575000000000657,0,97,,
2025-11-27T00:41:17.373864+00:00,train,4,7144,self,0.8575000000000657,0,98,,
2025-11-27T00:41:17.374014+00:00,train,4,7145,self,0.8575000000000657,0,81,,
2025-11-27T00:41:17.374164+00:00,train,4,7146,self,0.8575000000000657,0,98,,
2025-11-27T00:41:17.374314+00:00,train,4,7147,self,0.8575000000000657,0,89,,
2025-11-27T00:41:17.374463+00:00,train,4,7148,self,0.8575000000000657,0,100,,
2025-11-27T00:41:17.374614+00:00,train,4,7149,self,0.8575000000000657,0,98,,
2025-11-27T00:41:17.374873+00:00,train,4,7150,self,0.8575000000000657,0,98,,
2025-11-27T00:41:17.375272+00:00,train,4,7151,self,0.8575000000000657,0,96,,
2025-11-27T00:41:17.375593+00:00,train,4,7152,self,0.8575000000000657,0,99,,
2025-11-27T00:41:17.375836+00:00,train,4,7153,self,0.8575000000000657,0,96,,
2025-11-27T00:41:17.376055+00:00,train,4,7154,self,0.8575000000000657,0,100,,
2025-11-27T00:41:17.376280+00:00,train,4,7155,self,0.8575000000000657,0,91,,
2025-11-27T00:41:17.376460+00:00,train,4,7156,self,0.8575000000000657,0,94,,
2025-11-27T00:41:17.376633+00:00,train,4,7157,self,0.8575000000000657,0,95,,
2025-11-27T00:41:17.376806+00:00,train,4,7158,self,0.8575000000000657,0,98,,
2025-11-27T00:41:17.376966+00:00,train,4,7159,self,0.8575000000000657,0,83,,
2025-11-27T00:41:17.377128+00:00,train,4,7160,self,0.8575000000000657,0,95,,
2025-11-27T00:41:17.377300+00:00,train,4,7161,self,0.8575000000000657,0,93,,
2025-11-27T00:41:17.377529+00:00,train,4,7162,self,0.8575000000000657,0,100,,
2025-11-27T00:41:17.377796+00:00,train,4,7163,self,0.8575000000000657,0,92,,
2025-11-27T00:41:17.377967+00:00,train,4,7164,self,0.8575000000000657,0,100,,
2025-11-27T00:41:17.378125+00:00,train,4,7165,self,0.8575000000000657,0,99,,
2025-11-27T00:41:17.378280+00:00,train,4,7166,self,0.8575000000000657,0,100,,
2025-11-27T00:41:17.378432+00:00,train,4,7167,self,0.8575000000000657,0,89,,
2025-11-27T00:41:17.378587+00:00,train,4,7168,self,0.8575000000000657,0,92,,
2025-11-27T00:41:17.378735+00:00,train,4,7169,self,0.8575000000000657,0,99,,
2025-11-27T00:41:17.378882+00:00,train,4,7170,self,0.8575000000000657,0,99,,
2025-11-27T00:41:17.379025+00:00,train,4,7171,self,0.8575000000000657,0,95,,
2025-11-27T00:41:17.379170+00:00,train,4,7172,self,0.8575000000000657,0,99,,
2025-11-27T00:41:17.379314+00:00,train,4,7173,self,0.8575000000000657,0,96,,
2025-11-27T00:41:17.379459+00:00,train,4,7174,self,0.8575000000000657,0,99,,
2025-11-27T00:41:17.379604+00:00,train,4,7175,self,0.8575000000000657,0,88,,
2025-11-27T00:41:17.379752+00:00,train,4,7176,self,0.8575000000000657,0,95,,
2025-11-27T00:41:17.379897+00:00,train,4,7177,self,0.8575000000000657,0,99,,
2025-11-27T00:41:17.380042+00:00,train,4,7178,self,0.8575000000000657,0,99,,
2025-11-27T00:41:17.380186+00:00,train,4,7179,self,0.8575000000000657,0,90,,
2025-11-27T00:41:17.380331+00:00,train,4,7180,self,0.8575000000000657,0,93,,
2025-11-27T00:41:17.380583+00:00,train,4,7181,self,0.8575000000000657,0,92,,
2025-11-27T00:41:17.380761+00:00,train,4,7182,self,0.8575000000000657,0,97,,
2025-11-27T00:41:17.380924+00:00,train,4,7183,self,0.8575000000000657,0,89,,
2025-11-27T00:41:17.381081+00:00,train,4,7184,self,0.8575000000000657,0,99,,
2025-11-27T00:41:17.381236+00:00,train,4,7185,self,0.8575000000000657,0,95,,
2025-11-27T00:41:17.381388+00:00,train,4,7186,self,0.8575000000000657,0,98,,
2025-11-27T00:41:17.381537+00:00,train,4,7187,self,0.8575000000000657,0,83,,
2025-11-27T00:41:17.381687+00:00,train,4,7188,self,0.8575000000000657,0,97,,
2025-11-27T00:41:17.381920+00:00,train,4,7189,self,0.8575000000000657,0,99,,
2025-11-27T00:41:17.382175+00:00,train,4,7190,self,0.8575000000000657,0,100,,
2025-11-27T00:41:17.382383+00:00,train,4,7191,self,0.8575000000000657,0,93,,
2025-11-27T00:41:17.382675+00:00,train,4,7192,self,0.8575000000000657,0,97,,
2025-11-27T00:41:17.382881+00:00,train,4,7193,self,0.8575000000000657,0,86,,
2025-11-27T00:41:17.383059+00:00,train,4,7194,self,0.8575000000000657,0,100,,
2025-11-27T00:41:17.383232+00:00,train,4,7195,self,0.8575000000000657,0,98,,
2025-11-27T00:41:17.383414+00:00,train,4,7196,self,0.8575000000000657,0,99,,
2025-11-27T00:41:17.383584+00:00,train,4,7197,self,0.8575000000000657,0,91,,
2025-11-27T00:41:17.383768+00:00,train,4,7198,self,0.8575000000000657,0,100,,
2025-11-27T00:41:17.383938+00:00,train,4,7199,self,0.8575000000000657,0,98,,
2025-11-27T00:41:17.384098+00:00,train,4,7200,self,0.8575000000000657,0,100,,
2025-11-27T00:41:17.384247+00:00,train,4,7201,self,0.8575000000000657,0,98,,
2025-11-27T00:41:17.384395+00:00,train,4,7202,self,0.8575000000000657,0,99,,
2025-11-27T00:41:17.384616+00:00,train,4,7203,self,0.8575000000000657,0,98,,
2025-11-27T00:41:17.384786+00:00,train,4,7204,self,0.8575000000000657,0,100,,
2025-11-27T00:41:17.384943+00:00,train,4,7205,self,0.8575000000000657,0,82,,
2025-11-27T00:41:17.385096+00:00,train,4,7206,self,0.8575000000000657,0,95,,
2025-11-27T00:41:17.385245+00:00,train,4,7207,self,0.8575000000000657,0,100,,
2025-11-27T00:41:17.385392+00:00,train,4,7208,self,0.8575000000000657,0,100,,
2025-11-27T00:41:17.385538+00:00,train,4,7209,self,0.8575000000000657,0,97,,
2025-11-27T00:41:17.385682+00:00,train,4,7210,self,0.8575000000000657,0,98,,
2025-11-27T00:41:17.385827+00:00,train,4,7211,self,0.8575000000000657,0,98,,
2025-11-27T00:41:17.385971+00:00,train,4,7212,self,0.8575000000000657,0,100,,
2025-11-27T00:41:17.386118+00:00,train,4,7213,self,0.8575000000000657,0,94,,
2025-11-27T00:41:17.386265+00:00,train,4,7214,self,0.8575000000000657,0,95,,
2025-11-27T00:41:17.386411+00:00,train,4,7215,self,0.8575000000000657,0,99,,
2025-11-27T00:41:17.386557+00:00,train,4,7216,self,0.8575000000000657,0,99,,
2025-11-27T00:41:17.386703+00:00,train,4,7217,self,0.8575000000000657,0,92,,
2025-11-27T00:41:17.386848+00:00,train,4,7218,self,0.8575000000000657,0,98,,
2025-11-27T00:41:17.386996+00:00,train,4,7219,self,0.8575000000000657,0,90,,
2025-11-27T00:41:17.387143+00:00,train,4,7220,self,0.8575000000000657,0,99,,
2025-11-27T00:41:17.387288+00:00,train,4,7221,self,0.8575000000000657,0,91,,
2025-11-27T00:41:17.387433+00:00,train,4,7222,self,0.8575000000000657,0,98,,
2025-11-27T00:41:17.387579+00:00,train,4,7223,self,0.8575000000000657,0,100,,
2025-11-27T00:41:17.387723+00:00,train,4,7224,self,0.8575000000000657,0,100,,
2025-11-27T00:41:17.387883+00:00,train,4,7225,self,0.8575000000000657,0,95,,
2025-11-27T00:41:17.388030+00:00,train,4,7226,self,0.8575000000000657,0,100,,
2025-11-27T00:41:17.388177+00:00,train,4,7227,self,0.8575000000000657,0,86,,
2025-11-27T00:41:17.388325+00:00,train,4,7228,self,0.8575000000000657,0,97,,
2025-11-27T00:41:17.388472+00:00,train,4,7229,self,0.8575000000000657,0,97,,
2025-11-27T00:41:17.388617+00:00,train,4,7230,self,0.8575000000000657,0,98,,
2025-11-27T00:41:17.388760+00:00,train,4,7231,self,0.8575000000000657,0,90,,
2025-11-27T00:41:17.388903+00:00,train,4,7232,self,0.8575000000000657,0,100,,
2025-11-27T00:41:17.389045+00:00,train,4,7233,self,0.8575000000000657,0,94,,
2025-11-27T00:41:17.389188+00:00,train,4,7234,self,0.8575000000000657,0,95,,
2025-11-27T00:41:17.389331+00:00,train,4,7235,self,0.8575000000000657,0,97,,
2025-11-27T00:41:17.389482+00:00,train,4,7236,self,0.8575000000000657,0,97,,
2025-11-27T00:41:17.389626+00:00,train,4,7237,self,0.8575000000000657,0,98,,
2025-11-27T00:41:17.389768+00:00,train,4,7238,self,0.8575000000000657,0,98,,
2025-11-27T00:41:17.389910+00:00,train,4,7239,self,0.8575000000000657,0,94,,
2025-11-27T00:41:17.390052+00:00,train,4,7240,self,0.8575000000000657,0,97,,
2025-11-27T00:41:17.390195+00:00,train,4,7241,self,0.8575000000000657,0,89,,
2025-11-27T00:41:17.390336+00:00,train,4,7242,self,0.8575000000000657,0,95,,
2025-11-27T00:41:17.390478+00:00,train,4,7243,self,0.8575000000000657,0,82,,
2025-11-27T00:41:17.390714+00:00,train,4,7244,self,0.8575000000000657,0,97,,
2025-11-27T00:41:17.390883+00:00,train,4,7245,self,0.8575000000000657,0,97,,
2025-11-27T00:41:17.391044+00:00,train,4,7246,self,0.8575000000000657,0,100,,
2025-11-27T00:41:17.391294+00:00,train,4,7247,self,0.8575000000000657,0,97,,
2025-11-27T00:41:17.391488+00:00,train,4,7248,self,0.8575000000000657,0,98,,
2025-11-27T00:41:17.391794+00:00,train,4,7249,self,0.8575000000000657,0,93,,
2025-11-27T00:41:17.392082+00:00,train,4,7250,self,0.8575000000000657,0,97,,
2025-11-27T00:41:17.392297+00:00,train,4,7251,self,0.8575000000000657,0,100,,
2025-11-27T00:41:17.392521+00:00,train,4,7252,self,0.8575000000000657,0,100,,
2025-11-27T00:41:17.392743+00:00,train,4,7253,self,0.8575000000000657,0,98,,
2025-11-27T00:41:17.392988+00:00,train,4,7254,self,0.8575000000000657,0,100,,
2025-11-27T00:41:17.393300+00:00,train,4,7255,self,0.8575000000000657,0,99,,
2025-11-27T00:41:17.393518+00:00,train,4,7256,self,0.8575000000000657,0,100,,
2025-11-27T00:41:17.393694+00:00,train,4,7257,self,0.8575000000000657,0,91,,
2025-11-27T00:41:17.393872+00:00,train,4,7258,self,0.8575000000000657,0,96,,
2025-11-27T00:41:17.394167+00:00,train,4,7259,self,0.8575000000000657,0,96,,
2025-11-27T00:41:17.394345+00:00,train,4,7260,self,0.8575000000000657,0,99,,
2025-11-27T00:41:17.394498+00:00,train,4,7261,self,0.8575000000000657,0,97,,
2025-11-27T00:41:17.394645+00:00,train,4,7262,self,0.8575000000000657,0,100,,
2025-11-27T00:41:17.394791+00:00,train,4,7263,self,0.8575000000000657,0,92,,
2025-11-27T00:41:17.394937+00:00,train,4,7264,self,0.8575000000000657,0,97,,
2025-11-27T00:41:17.395082+00:00,train,4,7265,self,0.8575000000000657,0,97,,
2025-11-27T00:41:17.395225+00:00,train,4,7266,self,0.8575000000000657,0,99,,
2025-11-27T00:41:17.395368+00:00,train,4,7267,self,0.8575000000000657,0,86,,
2025-11-27T00:41:17.395512+00:00,train,4,7268,self,0.8575000000000657,0,88,,
2025-11-27T00:41:17.395655+00:00,train,4,7269,self,0.8575000000000657,0,90,,
2025-11-27T00:41:17.395797+00:00,train,4,7270,self,0.8575000000000657,0,99,,
2025-11-27T00:41:17.395939+00:00,train,4,7271,self,0.8575000000000657,0,97,,
2025-11-27T00:41:17.396083+00:00,train,4,7272,self,0.8575000000000657,0,99,,
2025-11-27T00:41:17.396226+00:00,train,4,7273,self,0.8575000000000657,0,96,,
2025-11-27T00:41:17.396369+00:00,train,4,7274,self,0.8575000000000657,0,96,,
2025-11-27T00:41:17.396513+00:00,train,4,7275,self,0.8575000000000657,0,85,,
2025-11-27T00:41:17.396658+00:00,train,4,7276,self,0.8575000000000657,0,100,,
2025-11-27T00:41:17.396870+00:00,train,4,7277,self,0.8575000000000657,0,95,,
2025-11-27T00:41:17.397058+00:00,train,4,7278,self,0.8575000000000657,0,100,,
2025-11-27T00:41:17.397227+00:00,train,4,7279,self,0.8575000000000657,0,88,,
2025-11-27T00:41:17.397391+00:00,train,4,7280,self,0.8575000000000657,0,98,,
2025-11-27T00:41:17.397550+00:00,train,4,7281,self,0.8575000000000657,0,97,,
2025-11-27T00:41:17.397707+00:00,train,4,7282,self,0.8575000000000657,0,100,,
2025-11-27T00:41:17.397868+00:00,train,4,7283,self,0.8575000000000657,0,90,,
2025-11-27T00:41:17.398025+00:00,train,4,7284,self,0.8575000000000657,0,92,,
2025-11-27T00:41:17.398180+00:00,train,4,7285,self,0.8575000000000657,0,89,,
2025-11-27T00:41:17.398375+00:00,train,4,7286,self,0.8575000000000657,0,97,,
2025-11-27T00:41:17.398618+00:00,train,4,7287,self,0.8575000000000657,0,95,,
2025-11-27T00:41:17.398829+00:00,train,4,7288,self,0.8575000000000657,0,98,,
2025-11-27T00:41:17.399001+00:00,train,4,7289,self,0.8575000000000657,0,90,,
2025-11-27T00:41:17.399161+00:00,train,4,7290,self,0.8575000000000657,0,92,,
2025-11-27T00:41:17.399403+00:00,train,4,7291,self,0.8575000000000657,0,97,,
2025-11-27T00:41:17.399599+00:00,train,4,7292,self,0.8575000000000657,0,100,,
2025-11-27T00:41:17.399771+00:00,train,4,7293,self,0.8575000000000657,0,89,,
2025-11-27T00:41:17.399943+00:00,train,4,7294,self,0.8575000000000657,0,95,,
2025-11-27T00:41:17.400108+00:00,train,4,7295,self,0.8575000000000657,0,97,,
2025-11-27T00:41:17.400336+00:00,train,4,7296,self,0.8575000000000657,0,98,,
2025-11-27T00:41:17.400520+00:00,train,4,7297,self,0.8575000000000657,0,88,,
2025-11-27T00:41:17.400690+00:00,train,4,7298,self,0.8575000000000657,0,92,,
2025-11-27T00:41:17.400846+00:00,train,4,7299,self,0.8575000000000657,0,94,,
2025-11-27T00:41:17.401004+00:00,train,4,7300,self,0.8575000000000657,0,99,,
2025-11-27T00:41:17.401177+00:00,train,4,7301,self,0.8575000000000657,0,97,,
2025-11-27T00:41:17.401327+00:00,train,4,7302,self,0.8575000000000657,0,100,,
2025-11-27T00:41:17.401477+00:00,train,4,7303,self,0.8575000000000657,0,94,,
2025-11-27T00:41:17.401625+00:00,train,4,7304,self,0.8575000000000657,0,100,,
2025-11-27T00:41:17.401773+00:00,train,4,7305,self,0.8575000000000657,0,98,,
2025-11-27T00:41:17.401920+00:00,train,4,7306,self,0.8575000000000657,0,99,,
2025-11-27T00:41:17.402068+00:00,train,4,7307,self,0.8575000000000657,0,86,,
2025-11-27T00:41:17.402219+00:00,train,4,7308,self,0.8575000000000657,0,97,,
2025-11-27T00:41:17.402367+00:00,train,4,7309,self,0.8575000000000657,0,97,,
2025-11-27T00:41:17.402514+00:00,train,4,7310,self,0.8575000000000657,0,100,,
2025-11-27T00:41:17.402670+00:00,train,4,7311,self,0.8575000000000657,0,89,,
2025-11-27T00:41:17.402826+00:00,train,4,7312,self,0.8575000000000657,0,99,,
2025-11-27T00:41:17.402985+00:00,train,4,7313,self,0.8575000000000657,0,96,,
2025-11-27T00:41:17.403143+00:00,train,4,7314,self,0.8575000000000657,0,99,,
2025-11-27T00:41:17.403306+00:00,train,4,7315,self,0.8575000000000657,0,88,,
2025-11-27T00:41:17.403657+00:00,train,4,7316,self,0.8575000000000657,0,96,,
2025-11-27T00:41:17.403838+00:00,train,4,7317,self,0.8575000000000657,0,97,,
2025-11-27T00:41:17.404006+00:00,train,4,7318,self,0.8575000000000657,0,100,,
2025-11-27T00:41:17.404164+00:00,train,4,7319,self,0.8575000000000657,0,96,,
2025-11-27T00:41:17.404319+00:00,train,4,7320,self,0.8575000000000657,0,100,,
2025-11-27T00:41:17.404479+00:00,train,4,7321,self,0.8575000000000657,0,92,,
2025-11-27T00:41:17.404648+00:00,train,4,7322,self,0.8575000000000657,0,96,,
2025-11-27T00:41:17.404800+00:00,train,4,7323,self,0.8575000000000657,0,96,,
2025-11-27T00:41:17.404956+00:00,train,4,7324,self,0.8575000000000657,0,96,,
2025-11-27T00:41:17.405105+00:00,train,4,7325,self,0.8575000000000657,0,96,,
2025-11-27T00:41:17.405251+00:00,train,4,7326,self,0.8575000000000657,0,100,,
2025-11-27T00:41:17.405397+00:00,train,4,7327,self,0.8575000000000657,0,86,,
2025-11-27T00:41:17.405542+00:00,train,4,7328,self,0.8575000000000657,0,96,,
2025-11-27T00:41:17.405688+00:00,train,4,7329,self,0.8575000000000657,0,94,,
2025-11-27T00:41:17.405833+00:00,train,4,7330,self,0.8575000000000657,0,100,,
2025-11-27T00:41:17.405978+00:00,train,4,7331,self,0.8575000000000657,0,92,,
2025-11-27T00:41:17.406201+00:00,train,4,7332,self,0.8575000000000657,0,95,,
2025-11-27T00:41:17.406368+00:00,train,4,7333,self,0.8575000000000657,0,98,,
2025-11-27T00:41:17.406524+00:00,train,4,7334,self,0.8575000000000657,0,99,,
2025-11-27T00:41:17.406675+00:00,train,4,7335,self,0.8575000000000657,0,91,,
2025-11-27T00:41:17.406823+00:00,train,4,7336,self,0.8575000000000657,0,96,,
2025-11-27T00:41:17.406969+00:00,train,4,7337,self,0.8575000000000657,0,96,,
2025-11-27T00:41:17.407141+00:00,train,4,7338,self,0.8575000000000657,0,98,,
2025-11-27T00:41:17.407365+00:00,train,4,7339,self,0.8575000000000657,0,96,,
2025-11-27T00:41:17.407598+00:00,train,4,7340,self,0.8575000000000657,0,100,,
2025-11-27T00:41:17.407806+00:00,train,4,7341,self,0.8575000000000657,0,95,,
2025-11-27T00:41:17.408047+00:00,train,4,7342,self,0.8575000000000657,0,100,,
2025-11-27T00:41:17.408289+00:00,train,4,7343,self,0.8575000000000657,0,97,,
2025-11-27T00:41:17.408509+00:00,train,4,7344,self,0.8575000000000657,0,99,,
2025-11-27T00:41:17.408850+00:00,train,4,7345,self,0.8575000000000657,0,90,,
2025-11-27T00:41:17.409154+00:00,train,4,7346,self,0.8575000000000657,0,99,,
2025-11-27T00:41:17.409353+00:00,train,4,7347,self,0.8575000000000657,0,97,,
2025-11-27T00:41:17.409535+00:00,train,4,7348,self,0.8575000000000657,0,99,,
2025-11-27T00:41:17.409700+00:00,train,4,7349,self,0.8575000000000657,0,98,,
2025-11-27T00:41:17.409857+00:00,train,4,7350,self,0.8575000000000657,0,100,,
2025-11-27T00:41:17.410015+00:00,train,4,7351,self,0.8575000000000657,0,95,,
2025-11-27T00:41:17.410179+00:00,train,4,7352,self,0.8575000000000657,0,98,,
2025-11-27T00:41:17.410331+00:00,train,4,7353,self,0.8575000000000657,0,94,,
2025-11-27T00:41:17.410555+00:00,train,4,7354,self,0.8575000000000657,0,96,,
2025-11-27T00:41:17.410776+00:00,train,4,7355,self,0.8575000000000657,0,95,,
2025-11-27T00:41:17.410958+00:00,train,4,7356,self,0.8575000000000657,0,98,,
2025-11-27T00:41:17.411126+00:00,train,4,7357,self,0.8575000000000657,0,96,,
2025-11-27T00:41:17.411283+00:00,train,4,7358,self,0.8575000000000657,0,99,,
2025-11-27T00:41:17.411436+00:00,train,4,7359,self,0.8575000000000657,0,80,,
2025-11-27T00:41:17.411590+00:00,train,4,7360,self,0.8575000000000657,0,95,,
2025-11-27T00:41:17.411737+00:00,train,4,7361,self,0.8575000000000657,0,92,,
2025-11-27T00:41:17.411882+00:00,train,4,7362,self,0.8575000000000657,0,100,,
2025-11-27T00:41:17.412027+00:00,train,4,7363,self,0.8575000000000657,0,82,,
2025-11-27T00:41:17.412171+00:00,train,4,7364,self,0.8575000000000657,0,100,,
2025-11-27T00:41:17.412315+00:00,train,4,7365,self,0.8575000000000657,0,98,,
2025-11-27T00:41:17.412457+00:00,train,4,7366,self,0.8575000000000657,0,100,,
2025-11-27T00:41:17.412600+00:00,train,4,7367,self,0.8575000000000657,0,87,,
2025-11-27T00:41:17.412743+00:00,train,4,7368,self,0.8575000000000657,0,95,,
2025-11-27T00:41:17.412885+00:00,train,4,7369,self,0.8575000000000657,0,93,,
2025-11-27T00:41:17.413027+00:00,train,4,7370,self,0.8575000000000657,0,95,,
2025-11-27T00:41:17.413169+00:00,train,4,7371,self,0.8575000000000657,0,91,,
2025-11-27T00:41:17.413311+00:00,train,4,7372,self,0.8575000000000657,0,94,,
2025-11-27T00:41:17.413453+00:00,train,4,7373,self,0.8575000000000657,0,95,,
2025-11-27T00:41:17.413596+00:00,train,4,7374,self,0.8575000000000657,0,99,,
2025-11-27T00:41:17.413740+00:00,train,4,7375,self,0.8575000000000657,0,95,,
2025-11-27T00:41:17.413882+00:00,train,4,7376,self,0.8575000000000657,0,100,,
2025-11-27T00:41:17.414023+00:00,train,4,7377,self,0.8575000000000657,0,93,,
2025-11-27T00:41:17.414165+00:00,train,4,7378,self,0.8575000000000657,0,100,,
2025-11-27T00:41:17.414314+00:00,train,4,7379,self,0.8575000000000657,0,94,,
2025-11-27T00:41:17.414457+00:00,train,4,7380,self,0.8575000000000657,0,97,,
2025-11-27T00:41:17.414600+00:00,train,4,7381,self,0.8575000000000657,0,96,,
2025-11-27T00:41:17.414743+00:00,train,4,7382,self,0.8575000000000657,0,100,,
2025-11-27T00:41:17.414886+00:00,train,4,7383,self,0.8575000000000657,0,100,,
2025-11-27T00:41:17.415028+00:00,train,4,7384,self,0.8575000000000657,0,100,,
2025-11-27T00:41:17.415170+00:00,train,4,7385,self,0.8575000000000657,0,94,,
2025-11-27T00:41:17.415312+00:00,train,4,7386,self,0.8575000000000657,0,100,,
2025-11-27T00:41:17.415617+00:00,train,4,7387,self,0.8575000000000657,0,85,,
2025-11-27T00:41:17.415880+00:00,train,4,7388,self,0.8575000000000657,0,99,,
2025-11-27T00:41:17.416135+00:00,train,4,7389,self,0.8575000000000657,0,73,,
2025-11-27T00:41:17.416494+00:00,train,4,7390,self,0.8575000000000657,0,96,,
2025-11-27T00:41:17.416799+00:00,train,4,7391,self,0.8575000000000657,0,98,,
2025-11-27T00:41:17.417136+00:00,train,4,7392,self,0.8575000000000657,0,100,,
2025-11-27T00:41:17.417464+00:00,train,4,7393,self,0.8575000000000657,0,85,,
2025-11-27T00:41:17.417676+00:00,train,4,7394,self,0.8575000000000657,0,98,,
2025-11-27T00:41:17.417843+00:00,train,4,7395,self,0.8575000000000657,0,85,,
2025-11-27T00:41:17.417997+00:00,train,4,7396,self,0.8575000000000657,0,95,,
2025-11-27T00:41:17.418190+00:00,train,4,7397,self,0.8575000000000657,0,94,,
2025-11-27T00:41:17.418374+00:00,train,4,7398,self,0.8575000000000657,0,94,,
2025-11-27T00:41:17.418537+00:00,train,4,7399,self,0.8575000000000657,0,94,,
2025-11-27T00:41:17.418692+00:00,train,4,7400,self,0.8575000000000657,0,97,,
2025-11-27T00:41:17.418844+00:00,train,4,7401,self,0.8575000000000657,0,89,,
2025-11-27T00:41:17.418994+00:00,train,4,7402,self,0.8575000000000657,0,97,,
2025-11-27T00:41:17.419143+00:00,train,4,7403,self,0.8575000000000657,0,74,,
2025-11-27T00:41:17.419290+00:00,train,4,7404,self,0.8575000000000657,0,100,,
2025-11-27T00:41:17.419437+00:00,train,4,7405,self,0.8575000000000657,0,94,,
2025-11-27T00:41:17.419584+00:00,train,4,7406,self,0.8575000000000657,0,97,,
2025-11-27T00:41:17.419735+00:00,train,4,7407,self,0.8575000000000657,0,98,,
2025-11-27T00:41:17.419885+00:00,train,4,7408,self,0.8575000000000657,0,100,,
2025-11-27T00:41:17.420035+00:00,train,4,7409,self,0.8575000000000657,0,99,,
2025-11-27T00:41:17.420184+00:00,train,4,7410,self,0.8575000000000657,0,100,,
2025-11-27T00:41:17.420333+00:00,train,4,7411,self,0.8575000000000657,0,86,,
2025-11-27T00:41:17.420482+00:00,train,4,7412,self,0.8575000000000657,0,97,,
2025-11-27T00:41:17.420637+00:00,train,4,7413,self,0.8575000000000657,0,99,,
2025-11-27T00:41:17.420788+00:00,train,4,7414,self,0.8575000000000657,0,100,,
2025-11-27T00:41:17.420936+00:00,train,4,7415,self,0.8575000000000657,0,88,,
2025-11-27T00:41:17.421085+00:00,train,4,7416,self,0.8575000000000657,0,90,,
2025-11-27T00:41:17.421234+00:00,train,4,7417,self,0.8575000000000657,0,94,,
2025-11-27T00:41:17.421380+00:00,train,4,7418,self,0.8575000000000657,0,99,,
2025-11-27T00:41:17.421528+00:00,train,4,7419,self,0.8575000000000657,0,99,,
2025-11-27T00:41:17.421678+00:00,train,4,7420,self,0.8575000000000657,0,100,,
2025-11-27T00:41:17.421826+00:00,train,4,7421,self,0.8575000000000657,0,85,,
2025-11-27T00:41:17.421972+00:00,train,4,7422,self,0.8575000000000657,0,92,,
2025-11-27T00:41:17.422123+00:00,train,4,7423,self,0.8575000000000657,0,97,,
2025-11-27T00:41:17.422271+00:00,train,4,7424,self,0.8575000000000657,0,98,,
2025-11-27T00:41:17.422416+00:00,train,4,7425,self,0.8575000000000657,0,99,,
2025-11-27T00:41:17.422561+00:00,train,4,7426,self,0.8575000000000657,0,100,,
2025-11-27T00:41:17.422706+00:00,train,4,7427,self,0.8575000000000657,0,97,,
2025-11-27T00:41:17.422852+00:00,train,4,7428,self,0.8575000000000657,0,99,,
2025-11-27T00:41:17.422997+00:00,train,4,7429,self,0.8575000000000657,0,98,,
2025-11-27T00:41:17.423143+00:00,train,4,7430,self,0.8575000000000657,0,99,,
2025-11-27T00:41:17.423293+00:00,train,4,7431,self,0.8575000000000657,0,89,,
2025-11-27T00:41:17.423439+00:00,train,4,7432,self,0.8575000000000657,0,97,,
2025-11-27T00:41:17.423583+00:00,train,4,7433,self,0.8575000000000657,0,99,,
2025-11-27T00:41:17.423728+00:00,train,4,7434,self,0.8575000000000657,0,99,,
2025-11-27T00:41:17.423873+00:00,train,4,7435,self,0.8575000000000657,0,96,,
2025-11-27T00:41:17.424018+00:00,train,4,7436,self,0.8575000000000657,0,98,,
2025-11-27T00:41:17.424164+00:00,train,4,7437,self,0.8575000000000657,0,94,,
2025-11-27T00:41:17.424386+00:00,train,4,7438,self,0.8575000000000657,0,100,,
2025-11-27T00:41:17.424599+00:00,train,4,7439,self,0.8575000000000657,0,94,,
2025-11-27T00:41:17.424771+00:00,train,4,7440,self,0.8575000000000657,0,99,,
2025-11-27T00:41:17.424936+00:00,train,4,7441,self,0.8575000000000657,0,97,,
2025-11-27T00:41:17.425244+00:00,train,4,7442,self,0.8575000000000657,0,98,,
2025-11-27T00:41:17.425432+00:00,train,4,7443,self,0.8575000000000657,0,87,,
2025-11-27T00:41:17.425660+00:00,train,4,7444,self,0.8575000000000657,0,99,,
2025-11-27T00:41:17.425891+00:00,train,4,7445,self,0.8575000000000657,0,91,,
2025-11-27T00:41:17.426084+00:00,train,4,7446,self,0.8575000000000657,0,97,,
2025-11-27T00:41:17.426276+00:00,train,4,7447,self,0.8575000000000657,0,98,,
2025-11-27T00:41:17.426487+00:00,train,4,7448,self,0.8575000000000657,0,100,,
2025-11-27T00:41:17.426710+00:00,train,4,7449,self,0.8575000000000657,0,92,,
2025-11-27T00:41:17.426948+00:00,train,4,7450,self,0.8575000000000657,0,98,,
2025-11-27T00:41:17.427142+00:00,train,4,7451,self,0.8575000000000657,0,99,,
2025-11-27T00:41:17.427365+00:00,train,4,7452,self,0.8575000000000657,0,99,,
2025-11-27T00:41:17.427567+00:00,train,4,7453,self,0.8575000000000657,0,99,,
2025-11-27T00:41:17.427745+00:00,train,4,7454,self,0.8575000000000657,0,99,,
2025-11-27T00:41:17.427957+00:00,train,4,7455,self,0.8575000000000657,0,99,,
2025-11-27T00:41:17.428136+00:00,train,4,7456,self,0.8575000000000657,0,100,,
2025-11-27T00:41:17.428294+00:00,train,4,7457,self,0.8575000000000657,0,99,,
2025-11-27T00:41:17.428518+00:00,train,4,7458,self,0.8575000000000657,0,100,,
2025-11-27T00:41:17.428691+00:00,train,4,7459,self,0.8575000000000657,0,98,,
2025-11-27T00:41:17.428851+00:00,train,4,7460,self,0.8575000000000657,0,99,,
2025-11-27T00:41:17.429004+00:00,train,4,7461,self,0.8575000000000657,0,92,,
2025-11-27T00:41:17.429156+00:00,train,4,7462,self,0.8575000000000657,0,98,,
2025-11-27T00:41:17.429305+00:00,train,4,7463,self,0.8575000000000657,0,92,,
2025-11-27T00:41:17.429453+00:00,train,4,7464,self,0.8575000000000657,0,95,,
2025-11-27T00:41:17.429604+00:00,train,4,7465,self,0.8575000000000657,0,98,,
2025-11-27T00:41:17.429749+00:00,train,4,7466,self,0.8575000000000657,0,100,,
2025-11-27T00:41:17.429899+00:00,train,4,7467,self,0.8575000000000657,0,93,,
2025-11-27T00:41:17.430045+00:00,train,4,7468,self,0.8575000000000657,0,94,,
2025-11-27T00:41:17.430190+00:00,train,4,7469,self,0.8575000000000657,0,98,,
2025-11-27T00:41:17.430335+00:00,train,4,7470,self,0.8575000000000657,0,100,,
2025-11-27T00:41:17.430479+00:00,train,4,7471,self,0.8575000000000657,0,95,,
2025-11-27T00:41:17.430624+00:00,train,4,7472,self,0.8575000000000657,0,100,,
2025-11-27T00:41:17.430769+00:00,train,4,7473,self,0.8575000000000657,0,95,,
2025-11-27T00:41:17.430913+00:00,train,4,7474,self,0.8575000000000657,0,99,,
2025-11-27T00:41:17.431057+00:00,train,4,7475,self,0.8575000000000657,0,90,,
2025-11-27T00:41:17.431202+00:00,train,4,7476,self,0.8575000000000657,0,94,,
2025-11-27T00:41:17.431346+00:00,train,4,7477,self,0.8575000000000657,0,89,,
2025-11-27T00:41:17.431490+00:00,train,4,7478,self,0.8575000000000657,0,95,,
2025-11-27T00:41:17.431634+00:00,train,4,7479,self,0.8575000000000657,0,87,,
2025-11-27T00:41:17.431779+00:00,train,4,7480,self,0.8575000000000657,0,94,,
2025-11-27T00:41:17.431923+00:00,train,4,7481,self,0.8575000000000657,0,89,,
2025-11-27T00:41:17.432068+00:00,train,4,7482,self,0.8575000000000657,0,95,,
2025-11-27T00:41:17.432212+00:00,train,4,7483,self,0.8575000000000657,0,94,,
2025-11-27T00:41:17.432358+00:00,train,4,7484,self,0.8575000000000657,0,100,,
2025-11-27T00:41:17.432503+00:00,train,4,7485,self,0.8575000000000657,0,95,,
2025-11-27T00:41:17.432649+00:00,train,4,7486,self,0.8575000000000657,0,99,,
2025-11-27T00:41:17.432795+00:00,train,4,7487,self,0.8575000000000657,0,88,,
2025-11-27T00:41:17.432940+00:00,train,4,7488,self,0.8575000000000657,0,98,,
2025-11-27T00:41:17.433091+00:00,train,4,7489,self,0.8575000000000657,0,91,,
2025-11-27T00:41:17.433245+00:00,train,4,7490,self,0.8575000000000657,0,92,,
2025-11-27T00:41:17.433405+00:00,train,4,7491,self,0.8575000000000657,0,92,,
2025-11-27T00:41:17.433584+00:00,train,4,7492,self,0.8575000000000657,0,94,,
2025-11-27T00:41:17.433799+00:00,train,4,7493,self,0.8575000000000657,0,99,,
2025-11-27T00:41:17.434001+00:00,train,4,7494,self,0.8575000000000657,0,100,,
2025-11-27T00:41:17.434195+00:00,train,4,7495,self,0.8575000000000657,0,95,,
2025-11-27T00:41:17.434516+00:00,train,4,7496,self,0.8575000000000657,0,100,,
2025-11-27T00:41:17.434778+00:00,train,4,7497,self,0.8575000000000657,0,94,,
2025-11-27T00:41:17.434953+00:00,train,4,7498,self,0.8575000000000657,0,100,,
2025-11-27T00:41:17.435114+00:00,train,4,7499,self,0.8575000000000657,0,97,,
2025-11-27T00:41:17.435268+00:00,train,4,7500,self,0.8575000000000657,0,98,,
2025-11-27T00:41:17.439109+00:00,train,4,7501,self,0.8575000000000657,0,92,,
2025-11-27T00:41:17.439381+00:00,train,4,7502,self,0.8575000000000657,0,100,,
2025-11-27T00:41:17.439577+00:00,train,4,7503,self,0.8575000000000657,0,98,,
2025-11-27T00:41:17.439808+00:00,train,4,7504,self,0.8575000000000657,0,99,,
2025-11-27T00:41:17.440021+00:00,train,4,7505,self,0.8575000000000657,0,99,,
2025-11-27T00:41:17.440210+00:00,train,4,7506,self,0.8575000000000657,0,99,,
2025-11-27T00:41:17.440392+00:00,train,4,7507,self,0.8575000000000657,0,89,,
2025-11-27T00:41:17.440640+00:00,train,4,7508,self,0.8575000000000657,0,98,,
2025-11-27T00:41:17.440869+00:00,train,4,7509,self,0.8575000000000657,0,97,,
2025-11-27T00:41:17.441046+00:00,train,4,7510,self,0.8575000000000657,0,98,,
2025-11-27T00:41:17.441268+00:00,train,4,7511,self,0.8575000000000657,0,90,,
2025-11-27T00:41:17.441453+00:00,train,4,7512,self,0.8575000000000657,0,91,,
2025-11-27T00:41:17.441615+00:00,train,4,7513,self,0.8575000000000657,0,82,,
2025-11-27T00:41:17.441822+00:00,train,4,7514,self,0.8575000000000657,0,85,,
2025-11-27T00:41:17.442009+00:00,train,4,7515,self,0.8575000000000657,0,94,,
2025-11-27T00:41:17.442175+00:00,train,4,7516,self,0.8575000000000657,0,97,,
2025-11-27T00:41:17.442341+00:00,train,4,7517,self,0.8575000000000657,0,100,,
2025-11-27T00:41:17.442503+00:00,train,4,7518,self,0.8575000000000657,0,100,,
2025-11-27T00:41:17.442657+00:00,train,4,7519,self,0.8575000000000657,0,98,,
2025-11-27T00:41:17.442806+00:00,train,4,7520,self,0.8575000000000657,0,99,,
2025-11-27T00:41:17.442954+00:00,train,4,7521,self,0.8575000000000657,0,94,,
2025-11-27T00:41:17.443102+00:00,train,4,7522,self,0.8575000000000657,0,99,,
2025-11-27T00:41:17.443250+00:00,train,4,7523,self,0.8575000000000657,0,97,,
2025-11-27T00:41:17.443398+00:00,train,4,7524,self,0.8575000000000657,0,98,,
2025-11-27T00:41:17.443545+00:00,train,4,7525,self,0.8575000000000657,0,100,,
2025-11-27T00:41:17.443693+00:00,train,4,7526,self,0.8575000000000657,0,100,,
2025-11-27T00:41:17.443841+00:00,train,4,7527,self,0.8575000000000657,0,89,,
2025-11-27T00:41:17.443989+00:00,train,4,7528,self,0.8575000000000657,0,95,,
2025-11-27T00:41:17.444137+00:00,train,4,7529,self,0.8575000000000657,0,99,,
2025-11-27T00:41:17.444282+00:00,train,4,7530,self,0.8575000000000657,0,99,,
2025-11-27T00:41:17.444430+00:00,train,4,7531,self,0.8575000000000657,0,97,,
2025-11-27T00:41:17.444577+00:00,train,4,7532,self,0.8575000000000657,0,97,,
2025-11-27T00:41:17.444724+00:00,train,4,7533,self,0.8575000000000657,0,92,,
2025-11-27T00:41:17.444871+00:00,train,4,7534,self,0.8575000000000657,0,100,,
2025-11-27T00:41:17.445016+00:00,train,4,7535,self,0.8575000000000657,0,94,,
2025-11-27T00:41:17.445163+00:00,train,4,7536,self,0.8575000000000657,0,98,,
2025-11-27T00:41:17.445403+00:00,train,4,7537,self,0.8575000000000657,0,100,,
2025-11-27T00:41:17.445606+00:00,train,4,7538,self,0.8575000000000657,0,100,,
2025-11-27T00:41:17.445772+00:00,train,4,7539,self,0.8575000000000657,0,96,,
2025-11-27T00:41:17.445980+00:00,train,4,7540,self,0.8575000000000657,0,100,,
2025-11-27T00:41:17.446165+00:00,train,4,7541,self,0.8575000000000657,0,97,,
2025-11-27T00:41:17.446329+00:00,train,4,7542,self,0.8575000000000657,0,100,,
2025-11-27T00:41:17.446488+00:00,train,4,7543,self,0.8575000000000657,0,100,,
2025-11-27T00:41:17.446642+00:00,train,4,7544,self,0.8575000000000657,0,100,,
2025-11-27T00:41:17.446804+00:00,train,4,7545,self,0.8575000000000657,0,86,,
2025-11-27T00:41:17.446954+00:00,train,4,7546,self,0.8575000000000657,0,94,,
2025-11-27T00:41:17.447102+00:00,train,4,7547,self,0.8575000000000657,0,90,,
2025-11-27T00:41:17.447247+00:00,train,4,7548,self,0.8575000000000657,0,97,,
2025-11-27T00:41:17.447393+00:00,train,4,7549,self,0.8575000000000657,0,95,,
2025-11-27T00:41:17.447538+00:00,train,4,7550,self,0.8575000000000657,0,100,,
2025-11-27T00:41:17.447683+00:00,train,4,7551,self,0.8575000000000657,0,82,,
2025-11-27T00:41:17.447827+00:00,train,4,7552,self,0.8575000000000657,0,89,,
2025-11-27T00:41:17.447972+00:00,train,4,7553,self,0.8575000000000657,0,87,,
2025-11-27T00:41:17.448117+00:00,train,4,7554,self,0.8575000000000657,0,100,,
2025-11-27T00:41:17.448262+00:00,train,4,7555,self,0.8575000000000657,0,88,,
2025-11-27T00:41:17.448409+00:00,train,4,7556,self,0.8575000000000657,0,97,,
2025-11-27T00:41:17.448554+00:00,train,4,7557,self,0.8575000000000657,0,96,,
2025-11-27T00:41:17.448729+00:00,train,4,7558,self,0.8575000000000657,0,98,,
2025-11-27T00:41:17.448923+00:00,train,4,7559,self,0.8575000000000657,0,93,,
2025-11-27T00:41:17.449086+00:00,train,4,7560,self,0.8575000000000657,0,95,,
2025-11-27T00:41:17.449243+00:00,train,4,7561,self,0.8575000000000657,0,89,,
2025-11-27T00:41:17.449396+00:00,train,4,7562,self,0.8575000000000657,0,99,,
2025-11-27T00:41:17.449545+00:00,train,4,7563,self,0.8575000000000657,0,80,,
2025-11-27T00:41:17.449693+00:00,train,4,7564,self,0.8575000000000657,0,100,,
2025-11-27T00:41:17.449852+00:00,train,4,7565,self,0.8575000000000657,0,95,,
2025-11-27T00:41:17.450002+00:00,train,4,7566,self,0.8575000000000657,0,96,,
2025-11-27T00:41:17.450227+00:00,train,4,7567,self,0.8575000000000657,0,88,,
2025-11-27T00:41:17.450382+00:00,train,4,7568,self,0.8575000000000657,0,95,,
2025-11-27T00:41:17.450528+00:00,train,4,7569,self,0.8575000000000657,0,95,,
2025-11-27T00:41:17.450679+00:00,train,4,7570,self,0.8575000000000657,0,98,,
2025-11-27T00:41:17.450850+00:00,train,4,7571,self,0.8575000000000657,0,98,,
2025-11-27T00:41:17.451003+00:00,train,4,7572,self,0.8575000000000657,0,100,,
2025-11-27T00:41:17.451156+00:00,train,4,7573,self,0.8575000000000657,0,98,,
2025-11-27T00:41:17.451359+00:00,train,4,7574,self,0.8575000000000657,0,99,,
2025-11-27T00:41:17.451575+00:00,train,4,7575,self,0.8575000000000657,0,94,,
2025-11-27T00:41:17.451766+00:00,train,4,7576,self,0.8575000000000657,0,98,,
2025-11-27T00:41:17.451931+00:00,train,4,7577,self,0.8575000000000657,0,91,,
2025-11-27T00:41:17.452087+00:00,train,4,7578,self,0.8575000000000657,0,93,,
2025-11-27T00:41:17.452272+00:00,train,4,7579,self,0.8575000000000657,0,96,,
2025-11-27T00:41:17.452428+00:00,train,4,7580,self,0.8575000000000657,0,100,,
2025-11-27T00:41:17.452642+00:00,train,4,7581,self,0.8575000000000657,0,95,,
2025-11-27T00:41:17.452797+00:00,train,4,7582,self,0.8575000000000657,0,99,,
2025-11-27T00:41:17.452946+00:00,train,4,7583,self,0.8575000000000657,0,96,,
2025-11-27T00:41:17.453093+00:00,train,4,7584,self,0.8575000000000657,0,96,,
2025-11-27T00:41:17.453240+00:00,train,4,7585,self,0.8575000000000657,0,89,,
2025-11-27T00:41:17.453384+00:00,train,4,7586,self,0.8575000000000657,0,98,,
2025-11-27T00:41:17.453528+00:00,train,4,7587,self,0.8575000000000657,0,95,,
2025-11-27T00:41:17.453673+00:00,train,4,7588,self,0.8575000000000657,0,99,,
2025-11-27T00:41:17.453817+00:00,train,4,7589,self,0.8575000000000657,0,91,,
2025-11-27T00:41:17.453961+00:00,train,4,7590,self,0.8575000000000657,0,95,,
2025-11-27T00:41:17.454103+00:00,train,4,7591,self,0.8575000000000657,0,97,,
2025-11-27T00:41:17.454245+00:00,train,4,7592,self,0.8575000000000657,0,98,,
2025-11-27T00:41:17.454388+00:00,train,4,7593,self,0.8575000000000657,0,98,,
2025-11-27T00:41:17.454532+00:00,train,4,7594,self,0.8575000000000657,0,99,,
2025-11-27T00:41:17.454674+00:00,train,4,7595,self,0.8575000000000657,0,83,,
2025-11-27T00:41:17.454823+00:00,train,4,7596,self,0.8575000000000657,0,98,,
2025-11-27T00:41:17.454966+00:00,train,4,7597,self,0.8575000000000657,0,94,,
2025-11-27T00:41:17.455108+00:00,train,4,7598,self,0.8575000000000657,0,95,,
2025-11-27T00:41:17.455251+00:00,train,4,7599,self,0.8575000000000657,0,91,,
2025-11-27T00:41:17.455393+00:00,train,4,7600,self,0.8575000000000657,0,100,,
2025-11-27T00:41:17.455535+00:00,train,4,7601,self,0.8575000000000657,0,95,,
2025-11-27T00:41:17.455779+00:00,train,4,7602,self,0.8575000000000657,0,100,,
2025-11-27T00:41:17.455946+00:00,train,4,7603,self,0.8575000000000657,0,94,,
2025-11-27T00:41:17.456104+00:00,train,4,7604,self,0.8575000000000657,0,97,,
2025-11-27T00:41:17.456257+00:00,train,4,7605,self,0.8575000000000657,0,97,,
2025-11-27T00:41:17.456409+00:00,train,4,7606,self,0.8575000000000657,0,100,,
2025-11-27T00:41:17.456558+00:00,train,4,7607,self,0.8575000000000657,0,84,,
2025-11-27T00:41:17.456702+00:00,train,4,7608,self,0.8575000000000657,0,100,,
2025-11-27T00:41:17.456851+00:00,train,4,7609,self,0.8575000000000657,0,93,,
2025-11-27T00:41:17.456997+00:00,train,4,7610,self,0.8575000000000657,0,97,,
2025-11-27T00:41:17.457141+00:00,train,4,7611,self,0.8575000000000657,0,99,,
2025-11-27T00:41:17.457284+00:00,train,4,7612,self,0.8575000000000657,0,100,,
2025-11-27T00:41:17.457427+00:00,train,4,7613,self,0.8575000000000657,0,98,,
2025-11-27T00:41:17.457570+00:00,train,4,7614,self,0.8575000000000657,0,99,,
2025-11-27T00:41:17.457713+00:00,train,4,7615,self,0.8575000000000657,0,93,,
2025-11-27T00:41:17.457859+00:00,train,4,7616,self,0.8575000000000657,0,93,,
2025-11-27T00:41:17.458001+00:00,train,4,7617,self,0.8575000000000657,0,96,,
2025-11-27T00:41:17.458142+00:00,train,4,7618,self,0.8575000000000657,0,97,,
2025-11-27T00:41:17.458283+00:00,train,4,7619,self,0.8575000000000657,0,93,,
2025-11-27T00:41:17.458430+00:00,train,4,7620,self,0.8575000000000657,0,96,,
2025-11-27T00:41:17.458599+00:00,train,4,7621,self,0.8575000000000657,0,86,,
2025-11-27T00:41:17.458799+00:00,train,4,7622,self,0.8575000000000657,0,99,,
2025-11-27T00:41:17.458964+00:00,train,4,7623,self,0.8575000000000657,0,96,,
2025-11-27T00:41:17.459119+00:00,train,4,7624,self,0.8575000000000657,0,98,,
2025-11-27T00:41:17.459271+00:00,train,4,7625,self,0.8575000000000657,0,91,,
2025-11-27T00:41:17.459426+00:00,train,4,7626,self,0.8575000000000657,0,97,,
2025-11-27T00:41:17.459576+00:00,train,4,7627,self,0.8575000000000657,0,88,,
2025-11-27T00:41:17.459724+00:00,train,4,7628,self,0.8575000000000657,0,100,,
2025-11-27T00:41:17.459871+00:00,train,4,7629,self,0.8575000000000657,0,96,,
2025-11-27T00:41:17.460069+00:00,train,4,7630,self,0.8575000000000657,0,97,,
2025-11-27T00:41:17.460271+00:00,train,4,7631,self,0.8575000000000657,0,91,,
2025-11-27T00:41:17.460446+00:00,train,4,7632,self,0.8575000000000657,0,98,,
2025-11-27T00:41:17.460611+00:00,train,4,7633,self,0.8575000000000657,0,96,,
2025-11-27T00:41:17.460771+00:00,train,4,7634,self,0.8575000000000657,0,96,,
2025-11-27T00:41:17.460928+00:00,train,4,7635,self,0.8575000000000657,0,94,,
2025-11-27T00:41:17.461083+00:00,train,4,7636,self,0.8575000000000657,0,98,,
2025-11-27T00:41:17.461237+00:00,train,4,7637,self,0.8575000000000657,0,97,,
2025-11-27T00:41:17.461390+00:00,train,4,7638,self,0.8575000000000657,0,98,,
2025-11-27T00:41:17.461542+00:00,train,4,7639,self,0.8575000000000657,0,98,,
2025-11-27T00:41:17.461706+00:00,train,4,7640,self,0.8575000000000657,0,98,,
2025-11-27T00:41:17.461853+00:00,train,4,7641,self,0.8575000000000657,0,87,,
2025-11-27T00:41:17.462065+00:00,train,4,7642,self,0.8575000000000657,0,100,,
2025-11-27T00:41:17.462213+00:00,train,4,7643,self,0.8575000000000657,0,97,,
2025-11-27T00:41:17.462358+00:00,train,4,7644,self,0.8575000000000657,0,100,,
2025-11-27T00:41:17.462505+00:00,train,4,7645,self,0.8575000000000657,0,96,,
2025-11-27T00:41:17.462656+00:00,train,4,7646,self,0.8575000000000657,0,100,,
2025-11-27T00:41:17.462804+00:00,train,4,7647,self,0.8575000000000657,0,73,,
2025-11-27T00:41:17.462951+00:00,train,4,7648,self,0.8575000000000657,0,88,,
2025-11-27T00:41:17.463100+00:00,train,4,7649,self,0.8575000000000657,0,86,,
2025-11-27T00:41:17.463247+00:00,train,4,7650,self,0.8575000000000657,0,98,,
2025-11-27T00:41:17.463393+00:00,train,4,7651,self,0.8575000000000657,0,94,,
2025-11-27T00:41:17.463539+00:00,train,4,7652,self,0.8575000000000657,0,95,,
2025-11-27T00:41:17.463684+00:00,train,4,7653,self,0.8575000000000657,0,91,,
2025-11-27T00:41:17.463868+00:00,train,4,7654,self,0.8575000000000657,0,100,,
2025-11-27T00:41:17.464059+00:00,train,4,7655,self,0.8575000000000657,0,92,,
2025-11-27T00:41:17.464221+00:00,train,4,7656,self,0.8575000000000657,0,100,,
2025-11-27T00:41:17.464373+00:00,train,4,7657,self,0.8575000000000657,0,96,,
2025-11-27T00:41:17.464522+00:00,train,4,7658,self,0.8575000000000657,0,98,,
2025-11-27T00:41:17.464666+00:00,train,4,7659,self,0.8575000000000657,0,87,,
2025-11-27T00:41:17.464810+00:00,train,4,7660,self,0.8575000000000657,0,98,,
2025-11-27T00:41:17.464953+00:00,train,4,7661,self,0.8575000000000657,0,93,,
2025-11-27T00:41:17.465098+00:00,train,4,7662,self,0.8575000000000657,0,94,,
2025-11-27T00:41:17.465240+00:00,train,4,7663,self,0.8575000000000657,0,96,,
2025-11-27T00:41:17.465382+00:00,train,4,7664,self,0.8575000000000657,0,98,,
2025-11-27T00:41:17.465523+00:00,train,4,7665,self,0.8575000000000657,0,98,,
2025-11-27T00:41:17.465662+00:00,train,4,7666,self,0.8575000000000657,0,100,,
2025-11-27T00:41:17.465806+00:00,train,4,7667,self,0.8575000000000657,0,94,,
2025-11-27T00:41:17.465959+00:00,train,4,7668,self,0.8575000000000657,0,99,,
2025-11-27T00:41:17.466100+00:00,train,4,7669,self,0.8575000000000657,0,95,,
2025-11-27T00:41:17.466239+00:00,train,4,7670,self,0.8575000000000657,0,95,,
2025-11-27T00:41:17.466379+00:00,train,4,7671,self,0.8575000000000657,0,91,,
2025-11-27T00:41:17.466519+00:00,train,4,7672,self,0.8575000000000657,0,99,,
2025-11-27T00:41:17.466658+00:00,train,4,7673,self,0.8575000000000657,0,95,,
2025-11-27T00:41:17.466798+00:00,train,4,7674,self,0.8575000000000657,0,97,,
2025-11-27T00:41:17.466943+00:00,train,4,7675,self,0.8575000000000657,0,96,,
2025-11-27T00:41:17.467085+00:00,train,4,7676,self,0.8575000000000657,0,98,,
2025-11-27T00:41:17.467225+00:00,train,4,7677,self,0.8575000000000657,0,89,,
2025-11-27T00:41:17.467365+00:00,train,4,7678,self,0.8575000000000657,0,99,,
2025-11-27T00:41:17.467505+00:00,train,4,7679,self,0.8575000000000657,0,97,,
2025-11-27T00:41:17.467644+00:00,train,4,7680,self,0.8575000000000657,0,97,,
2025-11-27T00:41:17.467794+00:00,train,4,7681,self,0.8575000000000657,0,99,,
2025-11-27T00:41:17.467929+00:00,train,4,7682,self,0.8575000000000657,0,100,,
2025-11-27T00:41:17.468065+00:00,train,4,7683,self,0.8575000000000657,0,88,,
2025-11-27T00:41:17.468201+00:00,train,4,7684,self,0.8575000000000657,0,97,,
2025-11-27T00:41:17.468337+00:00,train,4,7685,self,0.8575000000000657,0,95,,
2025-11-27T00:41:17.468472+00:00,train,4,7686,self,0.8575000000000657,0,100,,
2025-11-27T00:41:17.468608+00:00,train,4,7687,self,0.8575000000000657,0,95,,
2025-11-27T00:41:17.468743+00:00,train,4,7688,self,0.8575000000000657,0,96,,
2025-11-27T00:41:17.468878+00:00,train,4,7689,self,0.8575000000000657,0,80,,
2025-11-27T00:41:17.469012+00:00,train,4,7690,self,0.8575000000000657,0,99,,
2025-11-27T00:41:17.469147+00:00,train,4,7691,self,0.8575000000000657,0,95,,
2025-11-27T00:41:17.469282+00:00,train,4,7692,self,0.8575000000000657,0,100,,
2025-11-27T00:41:17.469418+00:00,train,4,7693,self,0.8575000000000657,0,91,,
2025-11-27T00:41:17.469562+00:00,train,4,7694,self,0.8575000000000657,0,96,,
2025-11-27T00:41:17.469698+00:00,train,4,7695,self,0.8575000000000657,0,90,,
2025-11-27T00:41:17.469833+00:00,train,4,7696,self,0.8575000000000657,0,95,,
2025-11-27T00:41:17.469968+00:00,train,4,7697,self,0.8575000000000657,0,94,,
2025-11-27T00:41:17.470103+00:00,train,4,7698,self,0.8575000000000657,0,98,,
2025-11-27T00:41:17.470238+00:00,train,4,7699,self,0.8575000000000657,0,95,,
2025-11-27T00:41:17.470373+00:00,train,4,7700,self,0.8575000000000657,0,95,,
2025-11-27T00:41:17.470509+00:00,train,4,7701,self,0.8575000000000657,0,98,,
2025-11-27T00:41:17.470655+00:00,train,4,7702,self,0.8575000000000657,0,98,,
2025-11-27T00:41:17.470837+00:00,train,4,7703,self,0.8575000000000657,0,92,,
2025-11-27T00:41:17.471000+00:00,train,4,7704,self,0.8575000000000657,0,93,,
2025-11-27T00:41:17.471145+00:00,train,4,7705,self,0.8575000000000657,0,95,,
2025-11-27T00:41:17.471284+00:00,train,4,7706,self,0.8575000000000657,0,95,,
2025-11-27T00:41:17.471417+00:00,train,4,7707,self,0.8575000000000657,0,85,,
2025-11-27T00:41:17.471550+00:00,train,4,7708,self,0.8575000000000657,0,100,,
2025-11-27T00:41:17.471699+00:00,train,4,7709,self,0.8575000000000657,0,95,,
2025-11-27T00:41:17.471833+00:00,train,4,7710,self,0.8575000000000657,0,100,,
2025-11-27T00:41:17.471973+00:00,train,4,7711,self,0.8575000000000657,0,98,,
2025-11-27T00:41:17.472109+00:00,train,4,7712,self,0.8575000000000657,0,99,,
2025-11-27T00:41:17.472243+00:00,train,4,7713,self,0.8575000000000657,0,98,,
2025-11-27T00:41:17.472377+00:00,train,4,7714,self,0.8575000000000657,0,100,,
2025-11-27T00:41:17.472511+00:00,train,4,7715,self,0.8575000000000657,0,99,,
2025-11-27T00:41:17.472644+00:00,train,4,7716,self,0.8575000000000657,0,100,,
2025-11-27T00:41:17.472777+00:00,train,4,7717,self,0.8575000000000657,0,95,,
2025-11-27T00:41:17.472910+00:00,train,4,7718,self,0.8575000000000657,0,95,,
2025-11-27T00:41:17.473044+00:00,train,4,7719,self,0.8575000000000657,0,95,,
2025-11-27T00:41:17.473178+00:00,train,4,7720,self,0.8575000000000657,0,100,,
2025-11-27T00:41:17.473311+00:00,train,4,7721,self,0.8575000000000657,0,100,,
2025-11-27T00:41:17.473445+00:00,train,4,7722,self,0.8575000000000657,0,100,,
2025-11-27T00:41:17.473662+00:00,train,4,7723,self,0.8575000000000657,0,99,,
2025-11-27T00:41:17.473836+00:00,train,4,7724,self,0.8575000000000657,0,100,,
2025-11-27T00:41:17.473989+00:00,train,4,7725,self,0.8575000000000657,0,97,,
2025-11-27T00:41:17.474193+00:00,train,4,7726,self,0.8575000000000657,0,100,,
2025-11-27T00:41:17.474377+00:00,train,4,7727,self,0.8575000000000657,0,90,,
2025-11-27T00:41:17.474532+00:00,train,4,7728,self,0.8575000000000657,0,100,,
2025-11-27T00:41:17.474677+00:00,train,4,7729,self,0.8575000000000657,0,95,,
2025-11-27T00:41:17.474820+00:00,train,4,7730,self,0.8575000000000657,0,99,,
2025-11-27T00:41:17.474961+00:00,train,4,7731,self,0.8575000000000657,0,99,,
2025-11-27T00:41:17.475101+00:00,train,4,7732,self,0.8575000000000657,0,99,,
2025-11-27T00:41:17.475239+00:00,train,4,7733,self,0.8575000000000657,0,95,,
2025-11-27T00:41:17.475376+00:00,train,4,7734,self,0.8575000000000657,0,95,,
2025-11-27T00:41:17.475518+00:00,train,4,7735,self,0.8575000000000657,0,100,,
2025-11-27T00:41:17.475669+00:00,train,4,7736,self,0.8575000000000657,0,100,,
2025-11-27T00:41:17.475801+00:00,train,4,7737,self,0.8575000000000657,0,93,,
2025-11-27T00:41:17.475932+00:00,train,4,7738,self,0.8575000000000657,0,100,,
2025-11-27T00:41:17.476064+00:00,train,4,7739,self,0.8575000000000657,0,95,,
2025-11-27T00:41:17.476197+00:00,train,4,7740,self,0.8575000000000657,0,99,,
2025-11-27T00:41:17.476329+00:00,train,4,7741,self,0.8575000000000657,0,92,,
2025-11-27T00:41:17.476461+00:00,train,4,7742,self,0.8575000000000657,0,98,,
2025-11-27T00:41:17.476593+00:00,train,4,7743,self,0.8575000000000657,0,88,,
2025-11-27T00:41:17.476760+00:00,train,4,7744,self,0.8575000000000657,0,90,,
2025-11-27T00:41:17.476951+00:00,train,4,7745,self,0.8575000000000657,0,89,,
2025-11-27T00:41:17.477109+00:00,train,4,7746,self,0.8575000000000657,0,97,,
2025-11-27T00:41:17.477258+00:00,train,4,7747,self,0.8575000000000657,0,96,,
2025-11-27T00:41:17.477402+00:00,train,4,7748,self,0.8575000000000657,0,100,,
2025-11-27T00:41:17.477546+00:00,train,4,7749,self,0.8575000000000657,0,98,,
2025-11-27T00:41:17.477687+00:00,train,4,7750,self,0.8575000000000657,0,99,,
2025-11-27T00:41:17.477827+00:00,train,4,7751,self,0.8575000000000657,0,95,,
2025-11-27T00:41:17.477970+00:00,train,4,7752,self,0.8575000000000657,0,96,,
2025-11-27T00:41:17.478111+00:00,train,4,7753,self,0.8575000000000657,0,97,,
2025-11-27T00:41:17.478251+00:00,train,4,7754,self,0.8575000000000657,0,98,,
2025-11-27T00:41:17.478389+00:00,train,4,7755,self,0.8575000000000657,0,95,,
2025-11-27T00:41:17.478527+00:00,train,4,7756,self,0.8575000000000657,0,100,,
2025-11-27T00:41:17.478665+00:00,train,4,7757,self,0.8575000000000657,0,87,,
2025-11-27T00:41:17.478802+00:00,train,4,7758,self,0.8575000000000657,0,93,,
2025-11-27T00:41:17.478939+00:00,train,4,7759,self,0.8575000000000657,0,97,,
2025-11-27T00:41:17.479076+00:00,train,4,7760,self,0.8575000000000657,0,97,,
2025-11-27T00:41:17.479212+00:00,train,4,7761,self,0.8575000000000657,0,99,,
2025-11-27T00:41:17.479349+00:00,train,4,7762,self,0.8575000000000657,0,100,,
2025-11-27T00:41:17.479486+00:00,train,4,7763,self,0.8575000000000657,0,92,,
2025-11-27T00:41:17.479624+00:00,train,4,7764,self,0.8575000000000657,0,99,,
2025-11-27T00:41:17.479760+00:00,train,4,7765,self,0.8575000000000657,0,96,,
2025-11-27T00:41:17.479897+00:00,train,4,7766,self,0.8575000000000657,0,96,,
2025-11-27T00:41:17.480033+00:00,train,4,7767,self,0.8575000000000657,0,94,,
2025-11-27T00:41:17.480170+00:00,train,4,7768,self,0.8575000000000657,0,95,,
2025-11-27T00:41:17.480305+00:00,train,4,7769,self,0.8575000000000657,0,94,,
2025-11-27T00:41:17.480442+00:00,train,4,7770,self,0.8575000000000657,0,100,,
2025-11-27T00:41:17.480581+00:00,train,4,7771,self,0.8575000000000657,0,89,,
2025-11-27T00:41:17.480717+00:00,train,4,7772,self,0.8575000000000657,0,91,,
2025-11-27T00:41:17.480854+00:00,train,4,7773,self,0.8575000000000657,0,93,,
2025-11-27T00:41:17.480990+00:00,train,4,7774,self,0.8575000000000657,0,100,,
2025-11-27T00:41:17.481126+00:00,train,4,7775,self,0.8575000000000657,0,99,,
2025-11-27T00:41:17.481263+00:00,train,4,7776,self,0.8575000000000657,0,100,,
2025-11-27T00:41:17.481398+00:00,train,4,7777,self,0.8575000000000657,0,94,,
2025-11-27T00:41:17.481535+00:00,train,4,7778,self,0.8575000000000657,0,100,,
2025-11-27T00:41:17.481674+00:00,train,4,7779,self,0.8575000000000657,0,87,,
2025-11-27T00:41:17.481811+00:00,train,4,7780,self,0.8575000000000657,0,99,,
2025-11-27T00:41:17.481951+00:00,train,4,7781,self,0.8575000000000657,0,93,,
2025-11-27T00:41:17.482089+00:00,train,4,7782,self,0.8575000000000657,0,97,,
2025-11-27T00:41:17.482226+00:00,train,4,7783,self,0.8575000000000657,0,88,,
2025-11-27T00:41:17.482417+00:00,train,4,7784,self,0.8575000000000657,0,100,,
2025-11-27T00:41:17.482590+00:00,train,4,7785,self,0.8575000000000657,0,95,,
2025-11-27T00:41:17.482737+00:00,train,4,7786,self,0.8575000000000657,0,96,,
2025-11-27T00:41:17.482877+00:00,train,4,7787,self,0.8575000000000657,0,97,,
2025-11-27T00:41:17.483014+00:00,train,4,7788,self,0.8575000000000657,0,99,,
2025-11-27T00:41:17.483148+00:00,train,4,7789,self,0.8575000000000657,0,97,,
2025-11-27T00:41:17.483283+00:00,train,4,7790,self,0.8575000000000657,0,100,,
2025-11-27T00:41:17.483422+00:00,train,4,7791,self,0.8575000000000657,0,96,,
2025-11-27T00:41:17.483556+00:00,train,4,7792,self,0.8575000000000657,0,96,,
2025-11-27T00:41:17.483690+00:00,train,4,7793,self,0.8575000000000657,0,98,,
2025-11-27T00:41:17.483821+00:00,train,4,7794,self,0.8575000000000657,0,98,,
2025-11-27T00:41:17.483951+00:00,train,4,7795,self,0.8575000000000657,0,89,,
2025-11-27T00:41:17.484096+00:00,train,4,7796,self,0.8575000000000657,0,93,,
2025-11-27T00:41:17.484225+00:00,train,4,7797,self,0.8575000000000657,0,96,,
2025-11-27T00:41:17.484367+00:00,train,4,7798,self,0.8575000000000657,0,99,,
2025-11-27T00:41:17.484496+00:00,train,4,7799,self,0.8575000000000657,0,96,,
2025-11-27T00:41:17.484647+00:00,train,4,7800,self,0.8575000000000657,0,96,,
2025-11-27T00:41:17.484777+00:00,train,4,7801,self,0.8575000000000657,0,92,,
2025-11-27T00:41:17.484966+00:00,train,4,7802,self,0.8575000000000657,0,98,,
2025-11-27T00:41:17.485118+00:00,train,4,7803,self,0.8575000000000657,0,94,,
2025-11-27T00:41:17.485260+00:00,train,4,7804,self,0.8575000000000657,0,95,,
2025-11-27T00:41:17.485398+00:00,train,4,7805,self,0.8575000000000657,0,98,,
2025-11-27T00:41:17.485533+00:00,train,4,7806,self,0.8575000000000657,0,100,,
2025-11-27T00:41:17.485666+00:00,train,4,7807,self,0.8575000000000657,0,93,,
2025-11-27T00:41:17.485796+00:00,train,4,7808,self,0.8575000000000657,0,96,,
2025-11-27T00:41:17.485927+00:00,train,4,7809,self,0.8575000000000657,0,88,,
2025-11-27T00:41:17.486057+00:00,train,4,7810,self,0.8575000000000657,0,93,,
2025-11-27T00:41:17.486186+00:00,train,4,7811,self,0.8575000000000657,0,91,,
2025-11-27T00:41:17.486315+00:00,train,4,7812,self,0.8575000000000657,0,99,,
2025-11-27T00:41:17.486445+00:00,train,4,7813,self,0.8575000000000657,0,93,,
2025-11-27T00:41:17.486574+00:00,train,4,7814,self,0.8575000000000657,0,96,,
2025-11-27T00:41:17.486703+00:00,train,4,7815,self,0.8575000000000657,0,92,,
2025-11-27T00:41:17.486833+00:00,train,4,7816,self,0.8575000000000657,0,98,,
2025-11-27T00:41:17.487010+00:00,train,4,7817,self,0.8575000000000657,0,98,,
2025-11-27T00:41:17.487142+00:00,train,4,7818,self,0.8575000000000657,0,99,,
2025-11-27T00:41:17.487273+00:00,train,4,7819,self,0.8575000000000657,0,99,,
2025-11-27T00:41:17.487405+00:00,train,4,7820,self,0.8575000000000657,0,100,,
2025-11-27T00:41:17.487536+00:00,train,4,7821,self,0.8575000000000657,0,98,,
2025-11-27T00:41:17.487825+00:00,train,4,7822,self,0.8575000000000657,0,99,,
2025-11-27T00:41:17.487995+00:00,train,4,7823,self,0.8575000000000657,0,96,,
2025-11-27T00:41:17.488145+00:00,train,4,7824,self,0.8575000000000657,0,100,,
2025-11-27T00:41:17.488290+00:00,train,4,7825,self,0.8575000000000657,0,94,,
2025-11-27T00:41:17.488429+00:00,train,4,7826,self,0.8575000000000657,0,98,,
2025-11-27T00:41:17.488566+00:00,train,4,7827,self,0.8575000000000657,0,99,,
2025-11-27T00:41:17.488701+00:00,train,4,7828,self,0.8575000000000657,0,99,,
2025-11-27T00:41:17.488835+00:00,train,4,7829,self,0.8575000000000657,0,77,,
2025-11-27T00:41:17.488968+00:00,train,4,7830,self,0.8575000000000657,0,97,,
2025-11-27T00:41:17.489101+00:00,train,4,7831,self,0.8575000000000657,0,86,,
2025-11-27T00:41:17.489237+00:00,train,4,7832,self,0.8575000000000657,0,98,,
2025-11-27T00:41:17.489370+00:00,train,4,7833,self,0.8575000000000657,0,100,,
2025-11-27T00:41:17.489502+00:00,train,4,7834,self,0.8575000000000657,0,100,,
2025-11-27T00:41:17.489634+00:00,train,4,7835,self,0.8575000000000657,0,90,,
2025-11-27T00:41:17.489765+00:00,train,4,7836,self,0.8575000000000657,0,97,,
2025-11-27T00:41:17.489897+00:00,train,4,7837,self,0.8575000000000657,0,97,,
2025-11-27T00:41:17.490030+00:00,train,4,7838,self,0.8575000000000657,0,99,,
2025-11-27T00:41:17.490162+00:00,train,4,7839,self,0.8575000000000657,0,96,,
2025-11-27T00:41:17.490293+00:00,train,4,7840,self,0.8575000000000657,0,97,,
2025-11-27T00:41:17.490426+00:00,train,4,7841,self,0.8575000000000657,0,93,,
2025-11-27T00:41:17.490559+00:00,train,4,7842,self,0.8575000000000657,0,99,,
2025-11-27T00:41:17.490692+00:00,train,4,7843,self,0.8575000000000657,0,89,,
2025-11-27T00:41:17.490825+00:00,train,4,7844,self,0.8575000000000657,0,96,,
2025-11-27T00:41:17.490956+00:00,train,4,7845,self,0.8575000000000657,0,95,,
2025-11-27T00:41:17.491088+00:00,train,4,7846,self,0.8575000000000657,0,100,,
2025-11-27T00:41:17.491220+00:00,train,4,7847,self,0.8575000000000657,0,86,,
2025-11-27T00:41:17.491351+00:00,train,4,7848,self,0.8575000000000657,0,99,,
2025-11-27T00:41:17.491483+00:00,train,4,7849,self,0.8575000000000657,0,87,,
2025-11-27T00:41:17.491615+00:00,train,4,7850,self,0.8575000000000657,0,97,,
2025-11-27T00:41:17.491746+00:00,train,4,7851,self,0.8575000000000657,0,89,,
2025-11-27T00:41:17.491878+00:00,train,4,7852,self,0.8575000000000657,0,96,,
2025-11-27T00:41:17.492011+00:00,train,4,7853,self,0.8575000000000657,0,96,,
2025-11-27T00:41:17.492142+00:00,train,4,7854,self,0.8575000000000657,0,100,,
2025-11-27T00:41:17.492273+00:00,train,4,7855,self,0.8575000000000657,0,98,,
2025-11-27T00:41:17.492405+00:00,train,4,7856,self,0.8575000000000657,0,100,,
2025-11-27T00:41:17.492536+00:00,train,4,7857,self,0.8575000000000657,0,84,,
2025-11-27T00:41:17.492667+00:00,train,4,7858,self,0.8575000000000657,0,93,,
2025-11-27T00:41:17.492797+00:00,train,4,7859,self,0.8575000000000657,0,99,,
2025-11-27T00:41:17.492928+00:00,train,4,7860,self,0.8575000000000657,0,99,,
2025-11-27T00:41:17.493058+00:00,train,4,7861,self,0.8575000000000657,0,98,,
2025-11-27T00:41:17.493188+00:00,train,4,7862,self,0.8575000000000657,0,99,,
2025-11-27T00:41:17.493319+00:00,train,4,7863,self,0.8575000000000657,0,99,,
2025-11-27T00:41:17.493449+00:00,train,4,7864,self,0.8575000000000657,0,100,,
2025-11-27T00:41:17.493579+00:00,train,4,7865,self,0.8575000000000657,0,95,,
2025-11-27T00:41:17.493710+00:00,train,4,7866,self,0.8575000000000657,0,98,,
2025-11-27T00:41:17.493840+00:00,train,4,7867,self,0.8575000000000657,0,93,,
2025-11-27T00:41:17.493972+00:00,train,4,7868,self,0.8575000000000657,0,94,,
2025-11-27T00:41:17.494104+00:00,train,4,7869,self,0.8575000000000657,0,95,,
2025-11-27T00:41:17.494235+00:00,train,4,7870,self,0.8575000000000657,0,97,,
2025-11-27T00:41:17.494366+00:00,train,4,7871,self,0.8575000000000657,0,93,,
2025-11-27T00:41:17.494559+00:00,train,4,7872,self,0.8575000000000657,0,98,,
2025-11-27T00:41:17.494758+00:00,train,4,7873,self,0.8575000000000657,0,91,,
2025-11-27T00:41:17.494968+00:00,train,4,7874,self,0.8575000000000657,0,98,,
2025-11-27T00:41:17.495126+00:00,train,4,7875,self,0.8575000000000657,0,92,,
2025-11-27T00:41:17.495271+00:00,train,4,7876,self,0.8575000000000657,0,98,,
2025-11-27T00:41:17.495497+00:00,train,4,7877,self,0.8575000000000657,0,88,,
2025-11-27T00:41:17.495666+00:00,train,4,7878,self,0.8575000000000657,0,98,,
2025-11-27T00:41:17.495814+00:00,train,4,7879,self,0.8575000000000657,0,81,,
2025-11-27T00:41:17.495955+00:00,train,4,7880,self,0.8575000000000657,0,92,,
2025-11-27T00:41:17.496094+00:00,train,4,7881,self,0.8575000000000657,0,79,,
2025-11-27T00:41:17.496233+00:00,train,4,7882,self,0.8575000000000657,0,92,,
2025-11-27T00:41:17.496367+00:00,train,4,7883,self,0.8575000000000657,0,97,,
2025-11-27T00:41:17.496504+00:00,train,4,7884,self,0.8575000000000657,0,99,,
2025-11-27T00:41:17.496639+00:00,train,4,7885,self,0.8575000000000657,0,98,,
2025-11-27T00:41:17.496773+00:00,train,4,7886,self,0.8575000000000657,0,99,,
2025-11-27T00:41:17.496906+00:00,train,4,7887,self,0.8575000000000657,0,97,,
2025-11-27T00:41:17.497113+00:00,train,4,7888,self,0.8575000000000657,0,97,,
2025-11-27T00:41:17.497282+00:00,train,4,7889,self,0.8575000000000657,0,95,,
2025-11-27T00:41:17.497435+00:00,train,4,7890,self,0.8575000000000657,0,98,,
2025-11-27T00:41:17.497583+00:00,train,4,7891,self,0.8575000000000657,0,92,,
2025-11-27T00:41:17.497727+00:00,train,4,7892,self,0.8575000000000657,0,96,,
2025-11-27T00:41:17.497869+00:00,train,4,7893,self,0.8575000000000657,0,97,,
2025-11-27T00:41:17.498010+00:00,train,4,7894,self,0.8575000000000657,0,98,,
2025-11-27T00:41:17.498153+00:00,train,4,7895,self,0.8575000000000657,0,87,,
2025-11-27T00:41:17.498295+00:00,train,4,7896,self,0.8575000000000657,0,97,,
2025-11-27T00:41:17.498436+00:00,train,4,7897,self,0.8575000000000657,0,100,,
2025-11-27T00:41:17.498574+00:00,train,4,7898,self,0.8575000000000657,0,100,,
2025-11-27T00:41:17.498713+00:00,train,4,7899,self,0.8575000000000657,0,95,,
2025-11-27T00:41:17.498851+00:00,train,4,7900,self,0.8575000000000657,0,99,,
2025-11-27T00:41:17.498988+00:00,train,4,7901,self,0.8575000000000657,0,92,,
2025-11-27T00:41:17.499126+00:00,train,4,7902,self,0.8575000000000657,0,98,,
2025-11-27T00:41:17.499271+00:00,train,4,7903,self,0.8575000000000657,0,97,,
2025-11-27T00:41:17.499410+00:00,train,4,7904,self,0.8575000000000657,0,100,,
2025-11-27T00:41:17.499548+00:00,train,4,7905,self,0.8575000000000657,0,94,,
2025-11-27T00:41:17.499690+00:00,train,4,7906,self,0.8575000000000657,0,98,,
2025-11-27T00:41:17.499836+00:00,train,4,7907,self,0.8575000000000657,0,95,,
2025-11-27T00:41:17.499978+00:00,train,4,7908,self,0.8575000000000657,0,98,,
2025-11-27T00:41:17.500150+00:00,train,4,7909,self,0.8575000000000657,0,94,,
2025-11-27T00:41:17.500332+00:00,train,4,7910,self,0.8575000000000657,0,97,,
2025-11-27T00:41:17.500481+00:00,train,4,7911,self,0.8575000000000657,0,94,,
2025-11-27T00:41:17.500624+00:00,train,4,7912,self,0.8575000000000657,0,100,,
2025-11-27T00:41:17.500763+00:00,train,4,7913,self,0.8575000000000657,0,91,,
2025-11-27T00:41:17.500899+00:00,train,4,7914,self,0.8575000000000657,0,96,,
2025-11-27T00:41:17.501034+00:00,train,4,7915,self,0.8575000000000657,0,94,,
2025-11-27T00:41:17.501169+00:00,train,4,7916,self,0.8575000000000657,0,98,,
2025-11-27T00:41:17.501302+00:00,train,4,7917,self,0.8575000000000657,0,97,,
2025-11-27T00:41:17.501436+00:00,train,4,7918,self,0.8575000000000657,0,99,,
2025-11-27T00:41:17.501568+00:00,train,4,7919,self,0.8575000000000657,0,97,,
2025-11-27T00:41:17.501700+00:00,train,4,7920,self,0.8575000000000657,0,100,,
2025-11-27T00:41:17.501834+00:00,train,4,7921,self,0.8575000000000657,0,98,,
2025-11-27T00:41:17.501968+00:00,train,4,7922,self,0.8575000000000657,0,99,,
2025-11-27T00:41:17.502101+00:00,train,4,7923,self,0.8575000000000657,0,100,,
2025-11-27T00:41:17.502235+00:00,train,4,7924,self,0.8575000000000657,0,100,,
2025-11-27T00:41:17.502369+00:00,train,4,7925,self,0.8575000000000657,0,99,,
2025-11-27T00:41:17.502504+00:00,train,4,7926,self,0.8575000000000657,0,100,,
2025-11-27T00:41:17.502643+00:00,train,4,7927,self,0.8575000000000657,0,82,,
2025-11-27T00:41:17.502780+00:00,train,4,7928,self,0.8575000000000657,0,100,,
2025-11-27T00:41:17.502914+00:00,train,4,7929,self,0.8575000000000657,0,82,,
2025-11-27T00:41:17.503047+00:00,train,4,7930,self,0.8575000000000657,0,97,,
2025-11-27T00:41:17.503181+00:00,train,4,7931,self,0.8575000000000657,0,95,,
2025-11-27T00:41:17.503315+00:00,train,4,7932,self,0.8575000000000657,0,99,,
2025-11-27T00:41:17.503447+00:00,train,4,7933,self,0.8575000000000657,0,97,,
2025-11-27T00:41:17.503582+00:00,train,4,7934,self,0.8575000000000657,0,98,,
2025-11-27T00:41:17.503721+00:00,train,4,7935,self,0.8575000000000657,0,90,,
2025-11-27T00:41:17.503858+00:00,train,4,7936,self,0.8575000000000657,0,93,,
2025-11-27T00:41:17.503996+00:00,train,4,7937,self,0.8575000000000657,0,92,,
2025-11-27T00:41:17.504138+00:00,train,4,7938,self,0.8575000000000657,0,93,,
2025-11-27T00:41:17.504272+00:00,train,4,7939,self,0.8575000000000657,0,98,,
2025-11-27T00:41:17.504407+00:00,train,4,7940,self,0.8575000000000657,0,100,,
2025-11-27T00:41:17.504613+00:00,train,4,7941,self,0.8575000000000657,0,100,,
2025-11-27T00:41:17.504781+00:00,train,4,7942,self,0.8575000000000657,0,100,,
2025-11-27T00:41:17.504927+00:00,train,4,7943,self,0.8575000000000657,0,96,,
2025-11-27T00:41:17.505067+00:00,train,4,7944,self,0.8575000000000657,0,97,,
2025-11-27T00:41:17.505207+00:00,train,4,7945,self,0.8575000000000657,0,80,,
2025-11-27T00:41:17.505341+00:00,train,4,7946,self,0.8575000000000657,0,99,,
2025-11-27T00:41:17.505476+00:00,train,4,7947,self,0.8575000000000657,0,89,,
2025-11-27T00:41:17.505608+00:00,train,4,7948,self,0.8575000000000657,0,99,,
2025-11-27T00:41:17.505739+00:00,train,4,7949,self,0.8575000000000657,0,99,,
2025-11-27T00:41:17.505870+00:00,train,4,7950,self,0.8575000000000657,0,100,,
2025-11-27T00:41:17.506000+00:00,train,4,7951,self,0.8575000000000657,0,96,,
2025-11-27T00:41:17.506131+00:00,train,4,7952,self,0.8575000000000657,0,96,,
2025-11-27T00:41:17.506261+00:00,train,4,7953,self,0.8575000000000657,0,94,,
2025-11-27T00:41:17.506390+00:00,train,4,7954,self,0.8575000000000657,0,96,,
2025-11-27T00:41:17.506520+00:00,train,4,7955,self,0.8575000000000657,0,93,,
2025-11-27T00:41:17.506649+00:00,train,4,7956,self,0.8575000000000657,0,96,,
2025-11-27T00:41:17.506778+00:00,train,4,7957,self,0.8575000000000657,0,94,,
2025-11-27T00:41:17.506906+00:00,train,4,7958,self,0.8575000000000657,0,98,,
2025-11-27T00:41:17.507035+00:00,train,4,7959,self,0.8575000000000657,0,94,,
2025-11-27T00:41:17.507352+00:00,train,4,7960,self,0.8575000000000657,0,97,,
2025-11-27T00:41:17.507509+00:00,train,4,7961,self,0.8575000000000657,0,78,,
2025-11-27T00:41:17.507654+00:00,train,4,7962,self,0.8575000000000657,0,96,,
2025-11-27T00:41:17.507792+00:00,train,4,7963,self,0.8575000000000657,0,78,,
2025-11-27T00:41:17.507928+00:00,train,4,7964,self,0.8575000000000657,0,97,,
2025-11-27T00:41:17.508063+00:00,train,4,7965,self,0.8575000000000657,0,81,,
2025-11-27T00:41:17.508196+00:00,train,4,7966,self,0.8575000000000657,0,82,,
2025-11-27T00:41:17.508328+00:00,train,4,7967,self,0.8575000000000657,0,90,,
2025-11-27T00:41:17.508462+00:00,train,4,7968,self,0.8575000000000657,0,100,,
2025-11-27T00:41:17.508661+00:00,train,4,7969,self,0.8575000000000657,0,84,,
2025-11-27T00:41:17.508818+00:00,train,4,7970,self,0.8575000000000657,0,93,,
2025-11-27T00:41:17.508962+00:00,train,4,7971,self,0.8575000000000657,0,78,,
2025-11-27T00:41:17.509102+00:00,train,4,7972,self,0.8575000000000657,0,100,,
2025-11-27T00:41:17.509241+00:00,train,4,7973,self,0.8575000000000657,0,85,,
2025-11-27T00:41:17.509377+00:00,train,4,7974,self,0.8575000000000657,0,93,,
2025-11-27T00:41:17.509512+00:00,train,4,7975,self,0.8575000000000657,0,89,,
2025-11-27T00:41:17.509647+00:00,train,4,7976,self,0.8575000000000657,0,96,,
2025-11-27T00:41:17.509780+00:00,train,4,7977,self,0.8575000000000657,0,93,,
2025-11-27T00:41:17.509914+00:00,train,4,7978,self,0.8575000000000657,0,98,,
2025-11-27T00:41:17.510047+00:00,train,4,7979,self,0.8575000000000657,0,98,,
2025-11-27T00:41:17.510180+00:00,train,4,7980,self,0.8575000000000657,0,100,,
2025-11-27T00:41:17.510313+00:00,train,4,7981,self,0.8575000000000657,0,89,,
2025-11-27T00:41:17.510445+00:00,train,4,7982,self,0.8575000000000657,0,97,,
2025-11-27T00:41:17.510577+00:00,train,4,7983,self,0.8575000000000657,0,93,,
2025-11-27T00:41:17.510709+00:00,train,4,7984,self,0.8575000000000657,0,99,,
2025-11-27T00:41:17.510841+00:00,train,4,7985,self,0.8575000000000657,0,89,,
2025-11-27T00:41:17.510971+00:00,train,4,7986,self,0.8575000000000657,0,95,,
2025-11-27T00:41:17.511103+00:00,train,4,7987,self,0.8575000000000657,0,97,,
2025-11-27T00:41:17.511235+00:00,train,4,7988,self,0.8575000000000657,0,97,,
2025-11-27T00:41:17.511430+00:00,train,4,7989,self,0.8575000000000657,0,90,,
2025-11-27T00:41:17.511565+00:00,train,4,7990,self,0.8575000000000657,0,96,,
2025-11-27T00:41:17.511697+00:00,train,4,7991,self,0.8575000000000657,0,95,,
2025-11-27T00:41:17.511829+00:00,train,4,7992,self,0.8575000000000657,0,100,,
2025-11-27T00:41:17.511961+00:00,train,4,7993,self,0.8575000000000657,0,97,,
2025-11-27T00:41:17.512095+00:00,train,4,7994,self,0.8575000000000657,0,98,,
2025-11-27T00:41:17.512307+00:00,train,4,7995,self,0.8575000000000657,0,94,,
2025-11-27T00:41:17.512485+00:00,train,4,7996,self,0.8575000000000657,0,100,,
2025-11-27T00:41:17.512674+00:00,train,4,7997,self,0.8575000000000657,0,100,,
2025-11-27T00:41:17.512835+00:00,train,4,7998,self,0.8575000000000657,0,100,,
2025-11-27T00:41:17.513016+00:00,train,4,7999,self,0.8575000000000657,0,88,,
2025-11-27T00:41:17.513164+00:00,train,4,8000,self,0.8575000000000657,0,93,,
2025-11-27T00:41:43.601242+00:00,baseline_eval,4,8001,,0.8100000000000875,,,,1.0
2025-11-27T00:42:01.007899+00:00,selfplay_eval,4,8001,,0.8100000000000875,,,0.5766666666666667,1.0
2025-11-27T00:42:17.456769+00:00,train,5,8001,self,0.8100000000000875,0,99,,
2025-11-27T00:42:17.457775+00:00,train,5,8002,self,0.8100000000000875,0,100,,
2025-11-27T00:42:17.458009+00:00,train,5,8003,self,0.8100000000000875,0,99,,
2025-11-27T00:42:17.458183+00:00,train,5,8004,self,0.8100000000000875,0,100,,
2025-11-27T00:42:17.458371+00:00,train,5,8005,self,0.8100000000000875,0,98,,
2025-11-27T00:42:17.458568+00:00,train,5,8006,self,0.8100000000000875,0,100,,
2025-11-27T00:42:17.458735+00:00,train,5,8007,self,0.8100000000000875,0,100,,
2025-11-27T00:42:17.458894+00:00,train,5,8008,self,0.8100000000000875,0,100,,
2025-11-27T00:42:17.459053+00:00,train,5,8009,self,0.8100000000000875,0,97,,
2025-11-27T00:42:17.459203+00:00,train,5,8010,self,0.8100000000000875,0,98,,
2025-11-27T00:42:17.459358+00:00,train,5,8011,self,0.8100000000000875,0,82,,
2025-11-27T00:42:17.459504+00:00,train,5,8012,self,0.8100000000000875,0,88,,
2025-11-27T00:42:17.459651+00:00,train,5,8013,self,0.8100000000000875,0,93,,
2025-11-27T00:42:17.459796+00:00,train,5,8014,self,0.8100000000000875,0,96,,
2025-11-27T00:42:17.459941+00:00,train,5,8015,self,0.8100000000000875,0,89,,
2025-11-27T00:42:17.460084+00:00,train,5,8016,self,0.8100000000000875,0,100,,
2025-11-27T00:42:17.460227+00:00,train,5,8017,self,0.8100000000000875,0,85,,
2025-11-27T00:42:17.460371+00:00,train,5,8018,self,0.8100000000000875,0,94,,
2025-11-27T00:42:17.460522+00:00,train,5,8019,self,0.8100000000000875,0,92,,
2025-11-27T00:42:17.460667+00:00,train,5,8020,self,0.8100000000000875,0,93,,
2025-11-27T00:42:17.460811+00:00,train,5,8021,self,0.8100000000000875,0,95,,
2025-11-27T00:42:17.461006+00:00,train,5,8022,self,0.8100000000000875,0,99,,
2025-11-27T00:42:17.461187+00:00,train,5,8023,self,0.8100000000000875,0,84,,
2025-11-27T00:42:17.461347+00:00,train,5,8024,self,0.8100000000000875,0,97,,
2025-11-27T00:42:17.461501+00:00,train,5,8025,self,0.8100000000000875,0,95,,
2025-11-27T00:42:17.461656+00:00,train,5,8026,self,0.8100000000000875,0,100,,
2025-11-27T00:42:17.461806+00:00,train,5,8027,self,0.8100000000000875,0,88,,
2025-11-27T00:42:17.461955+00:00,train,5,8028,self,0.8100000000000875,0,98,,
2025-11-27T00:42:17.462101+00:00,train,5,8029,self,0.8100000000000875,0,98,,
2025-11-27T00:42:17.462247+00:00,train,5,8030,self,0.8100000000000875,0,99,,
2025-11-27T00:42:17.462451+00:00,train,5,8031,self,0.8100000000000875,0,97,,
2025-11-27T00:42:17.462632+00:00,train,5,8032,self,0.8100000000000875,0,98,,
2025-11-27T00:42:17.462792+00:00,train,5,8033,self,0.8100000000000875,0,87,,
2025-11-27T00:42:17.462946+00:00,train,5,8034,self,0.8100000000000875,0,95,,
2025-11-27T00:42:17.463096+00:00,train,5,8035,self,0.8100000000000875,0,75,,
2025-11-27T00:42:17.463244+00:00,train,5,8036,self,0.8100000000000875,0,96,,
2025-11-27T00:42:17.463390+00:00,train,5,8037,self,0.8100000000000875,0,91,,
2025-11-27T00:42:17.463535+00:00,train,5,8038,self,0.8100000000000875,0,94,,
2025-11-27T00:42:17.463683+00:00,train,5,8039,self,0.8100000000000875,0,99,,
2025-11-27T00:42:17.463828+00:00,train,5,8040,self,0.8100000000000875,0,100,,
2025-11-27T00:42:17.463972+00:00,train,5,8041,self,0.8100000000000875,0,91,,
2025-11-27T00:42:17.464116+00:00,train,5,8042,self,0.8100000000000875,0,94,,
2025-11-27T00:42:17.464259+00:00,train,5,8043,self,0.8100000000000875,0,94,,
2025-11-27T00:42:17.464402+00:00,train,5,8044,self,0.8100000000000875,0,99,,
2025-11-27T00:42:17.464546+00:00,train,5,8045,self,0.8100000000000875,0,91,,
2025-11-27T00:42:17.464702+00:00,train,5,8046,self,0.8100000000000875,0,95,,
2025-11-27T00:42:17.464841+00:00,train,5,8047,self,0.8100000000000875,0,89,,
2025-11-27T00:42:17.464980+00:00,train,5,8048,self,0.8100000000000875,0,99,,
2025-11-27T00:42:17.465119+00:00,train,5,8049,self,0.8100000000000875,0,84,,
2025-11-27T00:42:17.465257+00:00,train,5,8050,self,0.8100000000000875,0,88,,
2025-11-27T00:42:17.465395+00:00,train,5,8051,self,0.8100000000000875,0,93,,
2025-11-27T00:42:17.465534+00:00,train,5,8052,self,0.8100000000000875,0,98,,
2025-11-27T00:42:17.465672+00:00,train,5,8053,self,0.8100000000000875,0,99,,
2025-11-27T00:42:17.465812+00:00,train,5,8054,self,0.8100000000000875,0,99,,
2025-11-27T00:42:17.465953+00:00,train,5,8055,self,0.8100000000000875,0,95,,
2025-11-27T00:42:17.466099+00:00,train,5,8056,self,0.8100000000000875,0,99,,
2025-11-27T00:42:17.466237+00:00,train,5,8057,self,0.8100000000000875,0,96,,
2025-11-27T00:42:17.466378+00:00,train,5,8058,self,0.8100000000000875,0,98,,
2025-11-27T00:42:17.466519+00:00,train,5,8059,self,0.8100000000000875,0,91,,
2025-11-27T00:42:17.466657+00:00,train,5,8060,self,0.8100000000000875,0,94,,
2025-11-27T00:42:17.466795+00:00,train,5,8061,self,0.8100000000000875,0,91,,
2025-11-27T00:42:17.466933+00:00,train,5,8062,self,0.8100000000000875,0,93,,
2025-11-27T00:42:17.467087+00:00,train,5,8063,self,0.8100000000000875,0,100,,
2025-11-27T00:42:17.467226+00:00,train,5,8064,self,0.8100000000000875,0,100,,
2025-11-27T00:42:17.467367+00:00,train,5,8065,self,0.8100000000000875,0,95,,
2025-11-27T00:42:17.467504+00:00,train,5,8066,self,0.8100000000000875,0,95,,
2025-11-27T00:42:17.467643+00:00,train,5,8067,self,0.8100000000000875,0,99,,
2025-11-27T00:42:17.467781+00:00,train,5,8068,self,0.8100000000000875,0,100,,
2025-11-27T00:42:17.467947+00:00,train,5,8069,self,0.8100000000000875,0,96,,
2025-11-27T00:42:17.468092+00:00,train,5,8070,self,0.8100000000000875,0,100,,
2025-11-27T00:42:17.468238+00:00,train,5,8071,self,0.8100000000000875,0,98,,
2025-11-27T00:42:17.468379+00:00,train,5,8072,self,0.8100000000000875,0,99,,
2025-11-27T00:42:17.468520+00:00,train,5,8073,self,0.8100000000000875,0,84,,
2025-11-27T00:42:17.468723+00:00,train,5,8074,self,0.8100000000000875,0,96,,
2025-11-27T00:42:17.468905+00:00,train,5,8075,self,0.8100000000000875,0,94,,
2025-11-27T00:42:17.469056+00:00,train,5,8076,self,0.8100000000000875,0,99,,
2025-11-27T00:42:17.469215+00:00,train,5,8077,self,0.8100000000000875,0,95,,
2025-11-27T00:42:17.469359+00:00,train,5,8078,self,0.8100000000000875,0,100,,
2025-11-27T00:42:17.469558+00:00,train,5,8079,self,0.8100000000000875,0,98,,
2025-11-27T00:42:17.469730+00:00,train,5,8080,self,0.8100000000000875,0,99,,
2025-11-27T00:42:17.469882+00:00,train,5,8081,self,0.8100000000000875,0,94,,
2025-11-27T00:42:17.470030+00:00,train,5,8082,self,0.8100000000000875,0,95,,
2025-11-27T00:42:17.470173+00:00,train,5,8083,self,0.8100000000000875,0,96,,
2025-11-27T00:42:17.470314+00:00,train,5,8084,self,0.8100000000000875,0,97,,
2025-11-27T00:42:17.470454+00:00,train,5,8085,self,0.8100000000000875,0,87,,
2025-11-27T00:42:17.470594+00:00,train,5,8086,self,0.8100000000000875,0,99,,
2025-11-27T00:42:17.470733+00:00,train,5,8087,self,0.8100000000000875,0,96,,
2025-11-27T00:42:17.470873+00:00,train,5,8088,self,0.8100000000000875,0,99,,
2025-11-27T00:42:17.471011+00:00,train,5,8089,self,0.8100000000000875,0,99,,
2025-11-27T00:42:17.471149+00:00,train,5,8090,self,0.8100000000000875,0,100,,
2025-11-27T00:42:17.471299+00:00,train,5,8091,self,0.8100000000000875,0,89,,
2025-11-27T00:42:17.471440+00:00,train,5,8092,self,0.8100000000000875,0,92,,
2025-11-27T00:42:17.471577+00:00,train,5,8093,self,0.8100000000000875,0,97,,
2025-11-27T00:42:17.471731+00:00,train,5,8094,self,0.8100000000000875,0,99,,
2025-11-27T00:42:17.471873+00:00,train,5,8095,self,0.8100000000000875,0,97,,
2025-11-27T00:42:17.472013+00:00,train,5,8096,self,0.8100000000000875,0,99,,
2025-11-27T00:42:17.472155+00:00,train,5,8097,self,0.8100000000000875,0,97,,
2025-11-27T00:42:17.472298+00:00,train,5,8098,self,0.8100000000000875,0,97,,
2025-11-27T00:42:17.472443+00:00,train,5,8099,self,0.8100000000000875,0,95,,
2025-11-27T00:42:17.472585+00:00,train,5,8100,self,0.8100000000000875,0,98,,
2025-11-27T00:42:17.472740+00:00,train,5,8101,self,0.8100000000000875,0,94,,
2025-11-27T00:42:17.472877+00:00,train,5,8102,self,0.8100000000000875,0,96,,
2025-11-27T00:42:17.473014+00:00,train,5,8103,self,0.8100000000000875,0,95,,
2025-11-27T00:42:17.473151+00:00,train,5,8104,self,0.8100000000000875,0,99,,
2025-11-27T00:42:17.473341+00:00,train,5,8105,self,0.8100000000000875,0,85,,
2025-11-27T00:42:17.473515+00:00,train,5,8106,self,0.8100000000000875,0,98,,
2025-11-27T00:42:17.473669+00:00,train,5,8107,self,0.8100000000000875,0,94,,
2025-11-27T00:42:17.473816+00:00,train,5,8108,self,0.8100000000000875,0,95,,
2025-11-27T00:42:17.473959+00:00,train,5,8109,self,0.8100000000000875,0,97,,
2025-11-27T00:42:17.474100+00:00,train,5,8110,self,0.8100000000000875,0,99,,
2025-11-27T00:42:17.474239+00:00,train,5,8111,self,0.8100000000000875,0,100,,
2025-11-27T00:42:17.474380+00:00,train,5,8112,self,0.8100000000000875,0,100,,
2025-11-27T00:42:17.474516+00:00,train,5,8113,self,0.8100000000000875,0,96,,
2025-11-27T00:42:17.474652+00:00,train,5,8114,self,0.8100000000000875,0,98,,
2025-11-27T00:42:17.474788+00:00,train,5,8115,self,0.8100000000000875,0,88,,
2025-11-27T00:42:17.474925+00:00,train,5,8116,self,0.8100000000000875,0,99,,
2025-11-27T00:42:17.475062+00:00,train,5,8117,self,0.8100000000000875,0,95,,
2025-11-27T00:42:17.475198+00:00,train,5,8118,self,0.8100000000000875,0,98,,
2025-11-27T00:42:17.475335+00:00,train,5,8119,self,0.8100000000000875,0,100,,
2025-11-27T00:42:17.475472+00:00,train,5,8120,self,0.8100000000000875,0,100,,
2025-11-27T00:42:17.475610+00:00,train,5,8121,self,0.8100000000000875,0,90,,
2025-11-27T00:42:17.475749+00:00,train,5,8122,self,0.8100000000000875,0,100,,
2025-11-27T00:42:17.475886+00:00,train,5,8123,self,0.8100000000000875,0,96,,
2025-11-27T00:42:17.476023+00:00,train,5,8124,self,0.8100000000000875,0,100,,
2025-11-27T00:42:17.476159+00:00,train,5,8125,self,0.8100000000000875,0,80,,
2025-11-27T00:42:17.476295+00:00,train,5,8126,self,0.8100000000000875,0,92,,
2025-11-27T00:42:17.476430+00:00,train,5,8127,self,0.8100000000000875,0,98,,
2025-11-27T00:42:17.476565+00:00,train,5,8128,self,0.8100000000000875,0,100,,
2025-11-27T00:42:17.476701+00:00,train,5,8129,self,0.8100000000000875,0,97,,
2025-11-27T00:42:17.476836+00:00,train,5,8130,self,0.8100000000000875,0,97,,
2025-11-27T00:42:17.477027+00:00,train,5,8131,self,0.8100000000000875,0,95,,
2025-11-27T00:42:17.477184+00:00,train,5,8132,self,0.8100000000000875,0,98,,
2025-11-27T00:42:17.477331+00:00,train,5,8133,self,0.8100000000000875,0,96,,
2025-11-27T00:42:17.477473+00:00,train,5,8134,self,0.8100000000000875,0,100,,
2025-11-27T00:42:17.477613+00:00,train,5,8135,self,0.8100000000000875,0,99,,
2025-11-27T00:42:17.477750+00:00,train,5,8136,self,0.8100000000000875,0,99,,
2025-11-27T00:42:17.477886+00:00,train,5,8137,self,0.8100000000000875,0,93,,
2025-11-27T00:42:17.478029+00:00,train,5,8138,self,0.8100000000000875,0,100,,
2025-11-27T00:42:17.478167+00:00,train,5,8139,self,0.8100000000000875,0,99,,
2025-11-27T00:42:17.478301+00:00,train,5,8140,self,0.8100000000000875,0,100,,
2025-11-27T00:42:17.478435+00:00,train,5,8141,self,0.8100000000000875,0,95,,
2025-11-27T00:42:17.478568+00:00,train,5,8142,self,0.8100000000000875,0,100,,
2025-11-27T00:42:17.478702+00:00,train,5,8143,self,0.8100000000000875,0,89,,
2025-11-27T00:42:17.478839+00:00,train,5,8144,self,0.8100000000000875,0,97,,
2025-11-27T00:42:17.478973+00:00,train,5,8145,self,0.8100000000000875,0,96,,
2025-11-27T00:42:17.479110+00:00,train,5,8146,self,0.8100000000000875,0,99,,
2025-11-27T00:42:17.479245+00:00,train,5,8147,self,0.8100000000000875,0,95,,
2025-11-27T00:42:17.479379+00:00,train,5,8148,self,0.8100000000000875,0,98,,
2025-11-27T00:42:17.479518+00:00,train,5,8149,self,0.8100000000000875,0,97,,
2025-11-27T00:42:17.479652+00:00,train,5,8150,self,0.8100000000000875,0,100,,
2025-11-27T00:42:17.479785+00:00,train,5,8151,self,0.8100000000000875,0,90,,
2025-11-27T00:42:17.479917+00:00,train,5,8152,self,0.8100000000000875,0,98,,
2025-11-27T00:42:17.480051+00:00,train,5,8153,self,0.8100000000000875,0,88,,
2025-11-27T00:42:17.480185+00:00,train,5,8154,self,0.8100000000000875,0,90,,
2025-11-27T00:42:17.480318+00:00,train,5,8155,self,0.8100000000000875,0,89,,
2025-11-27T00:42:17.480451+00:00,train,5,8156,self,0.8100000000000875,0,97,,
2025-11-27T00:42:17.480584+00:00,train,5,8157,self,0.8100000000000875,0,98,,
2025-11-27T00:42:17.480718+00:00,train,5,8158,self,0.8100000000000875,0,100,,
2025-11-27T00:42:17.480850+00:00,train,5,8159,self,0.8100000000000875,0,95,,
2025-11-27T00:42:17.480984+00:00,train,5,8160,self,0.8100000000000875,0,99,,
2025-11-27T00:42:17.481116+00:00,train,5,8161,self,0.8100000000000875,0,82,,
2025-11-27T00:42:17.481305+00:00,train,5,8162,self,0.8100000000000875,0,99,,
2025-11-27T00:42:17.481461+00:00,train,5,8163,self,0.8100000000000875,0,97,,
2025-11-27T00:42:17.481607+00:00,train,5,8164,self,0.8100000000000875,0,99,,
2025-11-27T00:42:17.481747+00:00,train,5,8165,self,0.8100000000000875,0,98,,
2025-11-27T00:42:17.481885+00:00,train,5,8166,self,0.8100000000000875,0,100,,
2025-11-27T00:42:17.482024+00:00,train,5,8167,self,0.8100000000000875,0,91,,
2025-11-27T00:42:17.482159+00:00,train,5,8168,self,0.8100000000000875,0,96,,
2025-11-27T00:42:17.482293+00:00,train,5,8169,self,0.8100000000000875,0,75,,
2025-11-27T00:42:17.482428+00:00,train,5,8170,self,0.8100000000000875,0,83,,
2025-11-27T00:42:17.482615+00:00,train,5,8171,self,0.8100000000000875,0,96,,
2025-11-27T00:42:17.482773+00:00,train,5,8172,self,0.8100000000000875,0,98,,
2025-11-27T00:42:17.482918+00:00,train,5,8173,self,0.8100000000000875,0,100,,
2025-11-27T00:42:17.483059+00:00,train,5,8174,self,0.8100000000000875,0,100,,
2025-11-27T00:42:17.483196+00:00,train,5,8175,self,0.8100000000000875,0,94,,
2025-11-27T00:42:17.483332+00:00,train,5,8176,self,0.8100000000000875,0,99,,
2025-11-27T00:42:17.483466+00:00,train,5,8177,self,0.8100000000000875,0,99,,
2025-11-27T00:42:17.483600+00:00,train,5,8178,self,0.8100000000000875,0,100,,
2025-11-27T00:42:17.483747+00:00,train,5,8179,self,0.8100000000000875,0,94,,
2025-11-27T00:42:17.483876+00:00,train,5,8180,self,0.8100000000000875,0,95,,
2025-11-27T00:42:17.484005+00:00,train,5,8181,self,0.8100000000000875,0,93,,
2025-11-27T00:42:17.484134+00:00,train,5,8182,self,0.8100000000000875,0,98,,
2025-11-27T00:42:17.484264+00:00,train,5,8183,self,0.8100000000000875,0,92,,
2025-11-27T00:42:17.484394+00:00,train,5,8184,self,0.8100000000000875,0,95,,
2025-11-27T00:42:17.484523+00:00,train,5,8185,self,0.8100000000000875,0,95,,
2025-11-27T00:42:17.484652+00:00,train,5,8186,self,0.8100000000000875,0,96,,
2025-11-27T00:42:17.484781+00:00,train,5,8187,self,0.8100000000000875,0,89,,
2025-11-27T00:42:17.484911+00:00,train,5,8188,self,0.8100000000000875,0,97,,
2025-11-27T00:42:17.485040+00:00,train,5,8189,self,0.8100000000000875,0,98,,
2025-11-27T00:42:17.485169+00:00,train,5,8190,self,0.8100000000000875,0,100,,
2025-11-27T00:42:17.485299+00:00,train,5,8191,self,0.8100000000000875,0,100,,
2025-11-27T00:42:17.485496+00:00,train,5,8192,self,0.8100000000000875,0,100,,
2025-11-27T00:42:17.485666+00:00,train,5,8193,self,0.8100000000000875,0,92,,
2025-11-27T00:42:17.485817+00:00,train,5,8194,self,0.8100000000000875,0,98,,
2025-11-27T00:42:17.485963+00:00,train,5,8195,self,0.8100000000000875,0,99,,
2025-11-27T00:42:17.486109+00:00,train,5,8196,self,0.8100000000000875,0,99,,
2025-11-27T00:42:17.486250+00:00,train,5,8197,self,0.8100000000000875,0,90,,
2025-11-27T00:42:17.486389+00:00,train,5,8198,self,0.8100000000000875,0,100,,
2025-11-27T00:42:17.486529+00:00,train,5,8199,self,0.8100000000000875,0,85,,
2025-11-27T00:42:17.486668+00:00,train,5,8200,self,0.8100000000000875,0,97,,
2025-11-27T00:42:17.486806+00:00,train,5,8201,self,0.8100000000000875,0,99,,
2025-11-27T00:42:17.486943+00:00,train,5,8202,self,0.8100000000000875,0,99,,
2025-11-27T00:42:17.487080+00:00,train,5,8203,self,0.8100000000000875,0,97,,
2025-11-27T00:42:17.487216+00:00,train,5,8204,self,0.8100000000000875,0,98,,
2025-11-27T00:42:17.487353+00:00,train,5,8205,self,0.8100000000000875,0,86,,
2025-11-27T00:42:17.487489+00:00,train,5,8206,self,0.8100000000000875,0,91,,
2025-11-27T00:42:17.487627+00:00,train,5,8207,self,0.8100000000000875,0,99,,
2025-11-27T00:42:17.487764+00:00,train,5,8208,self,0.8100000000000875,0,100,,
2025-11-27T00:42:17.487900+00:00,train,5,8209,self,0.8100000000000875,0,94,,
2025-11-27T00:42:17.488043+00:00,train,5,8210,self,0.8100000000000875,0,100,,
2025-11-27T00:42:17.488186+00:00,train,5,8211,self,0.8100000000000875,0,93,,
2025-11-27T00:42:17.488324+00:00,train,5,8212,self,0.8100000000000875,0,98,,
2025-11-27T00:42:17.488462+00:00,train,5,8213,self,0.8100000000000875,0,91,,
2025-11-27T00:42:17.488600+00:00,train,5,8214,self,0.8100000000000875,0,100,,
2025-11-27T00:42:17.488737+00:00,train,5,8215,self,0.8100000000000875,0,99,,
2025-11-27T00:42:17.488875+00:00,train,5,8216,self,0.8100000000000875,0,99,,
2025-11-27T00:42:17.489014+00:00,train,5,8217,self,0.8100000000000875,0,94,,
2025-11-27T00:42:17.489153+00:00,train,5,8218,self,0.8100000000000875,0,99,,
2025-11-27T00:42:17.489290+00:00,train,5,8219,self,0.8100000000000875,0,95,,
2025-11-27T00:42:17.489433+00:00,train,5,8220,self,0.8100000000000875,0,97,,
2025-11-27T00:42:17.489571+00:00,train,5,8221,self,0.8100000000000875,0,95,,
2025-11-27T00:42:17.489707+00:00,train,5,8222,self,0.8100000000000875,0,97,,
2025-11-27T00:42:17.489844+00:00,train,5,8223,self,0.8100000000000875,0,95,,
2025-11-27T00:42:17.489979+00:00,train,5,8224,self,0.8100000000000875,0,99,,
2025-11-27T00:42:17.490116+00:00,train,5,8225,self,0.8100000000000875,0,97,,
2025-11-27T00:42:17.490253+00:00,train,5,8226,self,0.8100000000000875,0,97,,
2025-11-27T00:42:17.490389+00:00,train,5,8227,self,0.8100000000000875,0,89,,
2025-11-27T00:42:17.490547+00:00,train,5,8228,self,0.8100000000000875,0,100,,
2025-11-27T00:42:17.490728+00:00,train,5,8229,self,0.8100000000000875,0,91,,
2025-11-27T00:42:17.490876+00:00,train,5,8230,self,0.8100000000000875,0,98,,
2025-11-27T00:42:17.491016+00:00,train,5,8231,self,0.8100000000000875,0,95,,
2025-11-27T00:42:17.491154+00:00,train,5,8232,self,0.8100000000000875,0,97,,
2025-11-27T00:42:17.491290+00:00,train,5,8233,self,0.8100000000000875,0,92,,
2025-11-27T00:42:17.491422+00:00,train,5,8234,self,0.8100000000000875,0,99,,
2025-11-27T00:42:17.491553+00:00,train,5,8235,self,0.8100000000000875,0,89,,
2025-11-27T00:42:17.491684+00:00,train,5,8236,self,0.8100000000000875,0,100,,
2025-11-27T00:42:17.491815+00:00,train,5,8237,self,0.8100000000000875,0,85,,
2025-11-27T00:42:17.491946+00:00,train,5,8238,self,0.8100000000000875,0,99,,
2025-11-27T00:42:17.492081+00:00,train,5,8239,self,0.8100000000000875,0,90,,
2025-11-27T00:42:17.492211+00:00,train,5,8240,self,0.8100000000000875,0,99,,
2025-11-27T00:42:17.492340+00:00,train,5,8241,self,0.8100000000000875,0,95,,
2025-11-27T00:42:17.492469+00:00,train,5,8242,self,0.8100000000000875,0,95,,
2025-11-27T00:42:17.492599+00:00,train,5,8243,self,0.8100000000000875,0,99,,
2025-11-27T00:42:17.492741+00:00,train,5,8244,self,0.8100000000000875,0,100,,
2025-11-27T00:42:17.492867+00:00,train,5,8245,self,0.8100000000000875,0,96,,
2025-11-27T00:42:17.492992+00:00,train,5,8246,self,0.8100000000000875,0,99,,
2025-11-27T00:42:17.493117+00:00,train,5,8247,self,0.8100000000000875,0,94,,
2025-11-27T00:42:17.493242+00:00,train,5,8248,self,0.8100000000000875,0,100,,
2025-11-27T00:42:17.493371+00:00,train,5,8249,self,0.8100000000000875,0,100,,
2025-11-27T00:42:17.493496+00:00,train,5,8250,self,0.8100000000000875,0,100,,
2025-11-27T00:42:17.493622+00:00,train,5,8251,self,0.8100000000000875,0,98,,
2025-11-27T00:42:17.493759+00:00,train,5,8252,self,0.8100000000000875,0,100,,
2025-11-27T00:42:17.493880+00:00,train,5,8253,self,0.8100000000000875,0,95,,
2025-11-27T00:42:17.494001+00:00,train,5,8254,self,0.8100000000000875,0,100,,
2025-11-27T00:42:17.494123+00:00,train,5,8255,self,0.8100000000000875,0,93,,
2025-11-27T00:42:17.494244+00:00,train,5,8256,self,0.8100000000000875,0,94,,
2025-11-27T00:42:17.494366+00:00,train,5,8257,self,0.8100000000000875,0,90,,
2025-11-27T00:42:17.494487+00:00,train,5,8258,self,0.8100000000000875,0,97,,
2025-11-27T00:42:17.494608+00:00,train,5,8259,self,0.8100000000000875,0,90,,
2025-11-27T00:42:17.494743+00:00,train,5,8260,self,0.8100000000000875,0,95,,
2025-11-27T00:42:17.494860+00:00,train,5,8261,self,0.8100000000000875,0,91,,
2025-11-27T00:42:17.494978+00:00,train,5,8262,self,0.8100000000000875,0,100,,
2025-11-27T00:42:17.495096+00:00,train,5,8263,self,0.8100000000000875,0,97,,
2025-11-27T00:42:17.495214+00:00,train,5,8264,self,0.8100000000000875,0,98,,
2025-11-27T00:42:17.495331+00:00,train,5,8265,self,0.8100000000000875,0,81,,
2025-11-27T00:42:17.495451+00:00,train,5,8266,self,0.8100000000000875,0,91,,
2025-11-27T00:42:17.495568+00:00,train,5,8267,self,0.8100000000000875,0,100,,
2025-11-27T00:42:17.495699+00:00,train,5,8268,self,0.8100000000000875,0,100,,
2025-11-27T00:42:17.495814+00:00,train,5,8269,self,0.8100000000000875,0,97,,
2025-11-27T00:42:17.495928+00:00,train,5,8270,self,0.8100000000000875,0,100,,
2025-11-27T00:42:17.496042+00:00,train,5,8271,self,0.8100000000000875,0,94,,
2025-11-27T00:42:17.496157+00:00,train,5,8272,self,0.8100000000000875,0,98,,
2025-11-27T00:42:17.496271+00:00,train,5,8273,self,0.8100000000000875,0,85,,
2025-11-27T00:42:17.496385+00:00,train,5,8274,self,0.8100000000000875,0,94,,
2025-11-27T00:42:17.496499+00:00,train,5,8275,self,0.8100000000000875,0,98,,
2025-11-27T00:42:17.496613+00:00,train,5,8276,self,0.8100000000000875,0,99,,
2025-11-27T00:42:17.496740+00:00,train,5,8277,self,0.8100000000000875,0,95,,
2025-11-27T00:42:17.496851+00:00,train,5,8278,self,0.8100000000000875,0,98,,
2025-11-27T00:42:17.496963+00:00,train,5,8279,self,0.8100000000000875,0,98,,
2025-11-27T00:42:17.497073+00:00,train,5,8280,self,0.8100000000000875,0,100,,
2025-11-27T00:42:17.497185+00:00,train,5,8281,self,0.8100000000000875,0,96,,
2025-11-27T00:42:17.497297+00:00,train,5,8282,self,0.8100000000000875,0,97,,
2025-11-27T00:42:17.497408+00:00,train,5,8283,self,0.8100000000000875,0,94,,
2025-11-27T00:42:17.497519+00:00,train,5,8284,self,0.8100000000000875,0,96,,
2025-11-27T00:42:17.497631+00:00,train,5,8285,self,0.8100000000000875,0,87,,
2025-11-27T00:42:17.497754+00:00,train,5,8286,self,0.8100000000000875,0,96,,
2025-11-27T00:42:17.497863+00:00,train,5,8287,self,0.8100000000000875,0,94,,
2025-11-27T00:42:17.497972+00:00,train,5,8288,self,0.8100000000000875,0,97,,
2025-11-27T00:42:17.498080+00:00,train,5,8289,self,0.8100000000000875,0,95,,
2025-11-27T00:42:17.498188+00:00,train,5,8290,self,0.8100000000000875,0,95,,
2025-11-27T00:42:17.498301+00:00,train,5,8291,self,0.8100000000000875,0,100,,
2025-11-27T00:42:17.498410+00:00,train,5,8292,self,0.8100000000000875,0,100,,
2025-11-27T00:42:17.498520+00:00,train,5,8293,self,0.8100000000000875,0,97,,
2025-11-27T00:42:17.498628+00:00,train,5,8294,self,0.8100000000000875,0,99,,
2025-11-27T00:42:17.498750+00:00,train,5,8295,self,0.8100000000000875,0,85,,
2025-11-27T00:42:17.498855+00:00,train,5,8296,self,0.8100000000000875,0,90,,
2025-11-27T00:42:17.498961+00:00,train,5,8297,self,0.8100000000000875,0,98,,
2025-11-27T00:42:17.499067+00:00,train,5,8298,self,0.8100000000000875,0,99,,
2025-11-27T00:42:17.499172+00:00,train,5,8299,self,0.8100000000000875,0,92,,
2025-11-27T00:42:17.499278+00:00,train,5,8300,self,0.8100000000000875,0,100,,
2025-11-27T00:42:17.499387+00:00,train,5,8301,self,0.8100000000000875,0,95,,
2025-11-27T00:42:17.499514+00:00,train,5,8302,self,0.8100000000000875,0,97,,
2025-11-27T00:42:17.499622+00:00,train,5,8303,self,0.8100000000000875,0,84,,
2025-11-27T00:42:17.499728+00:00,train,5,8304,self,0.8100000000000875,0,100,,
2025-11-27T00:42:17.499834+00:00,train,5,8305,self,0.8100000000000875,0,98,,
2025-11-27T00:42:17.499941+00:00,train,5,8306,self,0.8100000000000875,0,99,,
2025-11-27T00:42:17.500064+00:00,train,5,8307,self,0.8100000000000875,0,96,,
2025-11-27T00:42:17.500170+00:00,train,5,8308,self,0.8100000000000875,0,97,,
2025-11-27T00:42:17.500292+00:00,train,5,8309,self,0.8100000000000875,0,93,,
2025-11-27T00:42:17.500399+00:00,train,5,8310,self,0.8100000000000875,0,94,,
2025-11-27T00:42:17.500519+00:00,train,5,8311,self,0.8100000000000875,0,87,,
2025-11-27T00:42:17.500626+00:00,train,5,8312,self,0.8100000000000875,0,99,,
2025-11-27T00:42:17.500747+00:00,train,5,8313,self,0.8100000000000875,0,95,,
2025-11-27T00:42:17.500855+00:00,train,5,8314,self,0.8100000000000875,0,99,,
2025-11-27T00:42:17.500976+00:00,train,5,8315,self,0.8100000000000875,0,97,,
2025-11-27T00:42:17.501083+00:00,train,5,8316,self,0.8100000000000875,0,97,,
2025-11-27T00:42:17.501189+00:00,train,5,8317,self,0.8100000000000875,0,99,,
2025-11-27T00:42:17.501296+00:00,train,5,8318,self,0.8100000000000875,0,100,,
2025-11-27T00:42:17.501403+00:00,train,5,8319,self,0.8100000000000875,0,96,,
2025-11-27T00:42:17.501509+00:00,train,5,8320,self,0.8100000000000875,0,99,,
2025-11-27T00:42:17.501631+00:00,train,5,8321,self,0.8100000000000875,0,98,,
2025-11-27T00:42:17.501739+00:00,train,5,8322,self,0.8100000000000875,0,99,,
2025-11-27T00:42:17.501845+00:00,train,5,8323,self,0.8100000000000875,0,95,,
2025-11-27T00:42:17.501951+00:00,train,5,8324,self,0.8100000000000875,0,99,,
2025-11-27T00:42:17.502060+00:00,train,5,8325,self,0.8100000000000875,0,97,,
2025-11-27T00:42:17.502166+00:00,train,5,8326,self,0.8100000000000875,0,97,,
2025-11-27T00:42:17.502271+00:00,train,5,8327,self,0.8100000000000875,0,98,,
2025-11-27T00:42:17.502378+00:00,train,5,8328,self,0.8100000000000875,0,99,,
2025-11-27T00:42:17.502484+00:00,train,5,8329,self,0.8100000000000875,0,96,,
2025-11-27T00:42:17.502590+00:00,train,5,8330,self,0.8100000000000875,0,100,,
2025-11-27T00:42:17.502696+00:00,train,5,8331,self,0.8100000000000875,0,99,,
2025-11-27T00:42:17.502802+00:00,train,5,8332,self,0.8100000000000875,0,100,,
2025-11-27T00:42:17.502908+00:00,train,5,8333,self,0.8100000000000875,0,95,,
2025-11-27T00:42:17.503015+00:00,train,5,8334,self,0.8100000000000875,0,98,,
2025-11-27T00:42:17.503122+00:00,train,5,8335,self,0.8100000000000875,0,93,,
2025-11-27T00:42:17.503228+00:00,train,5,8336,self,0.8100000000000875,0,96,,
2025-11-27T00:42:17.503334+00:00,train,5,8337,self,0.8100000000000875,0,90,,
2025-11-27T00:42:17.503440+00:00,train,5,8338,self,0.8100000000000875,0,97,,
2025-11-27T00:42:17.503547+00:00,train,5,8339,self,0.8100000000000875,0,97,,
2025-11-27T00:42:17.503653+00:00,train,5,8340,self,0.8100000000000875,0,100,,
2025-11-27T00:42:17.503760+00:00,train,5,8341,self,0.8100000000000875,0,91,,
2025-11-27T00:42:17.503866+00:00,train,5,8342,self,0.8100000000000875,0,97,,
2025-11-27T00:42:17.503972+00:00,train,5,8343,self,0.8100000000000875,0,98,,
2025-11-27T00:42:17.504078+00:00,train,5,8344,self,0.8100000000000875,0,100,,
2025-11-27T00:42:17.504183+00:00,train,5,8345,self,0.8100000000000875,0,91,,
2025-11-27T00:42:17.504290+00:00,train,5,8346,self,0.8100000000000875,0,93,,
2025-11-27T00:42:17.504396+00:00,train,5,8347,self,0.8100000000000875,0,92,,
2025-11-27T00:42:17.504501+00:00,train,5,8348,self,0.8100000000000875,0,99,,
2025-11-27T00:42:17.504607+00:00,train,5,8349,self,0.8100000000000875,0,93,,
2025-11-27T00:42:17.504713+00:00,train,5,8350,self,0.8100000000000875,0,96,,
2025-11-27T00:42:17.504819+00:00,train,5,8351,self,0.8100000000000875,0,99,,
2025-11-27T00:42:17.504925+00:00,train,5,8352,self,0.8100000000000875,0,100,,
2025-11-27T00:42:17.505033+00:00,train,5,8353,self,0.8100000000000875,0,96,,
2025-11-27T00:42:17.505139+00:00,train,5,8354,self,0.8100000000000875,0,98,,
2025-11-27T00:42:17.505245+00:00,train,5,8355,self,0.8100000000000875,0,98,,
2025-11-27T00:42:17.505352+00:00,train,5,8356,self,0.8100000000000875,0,99,,
2025-11-27T00:42:17.505457+00:00,train,5,8357,self,0.8100000000000875,0,99,,
2025-11-27T00:42:17.505562+00:00,train,5,8358,self,0.8100000000000875,0,99,,
2025-11-27T00:42:17.505668+00:00,train,5,8359,self,0.8100000000000875,0,94,,
2025-11-27T00:42:17.505774+00:00,train,5,8360,self,0.8100000000000875,0,98,,
2025-11-27T00:42:17.505880+00:00,train,5,8361,self,0.8100000000000875,0,95,,
2025-11-27T00:42:17.505985+00:00,train,5,8362,self,0.8100000000000875,0,100,,
2025-11-27T00:42:17.506091+00:00,train,5,8363,self,0.8100000000000875,0,86,,
2025-11-27T00:42:17.506197+00:00,train,5,8364,self,0.8100000000000875,0,99,,
2025-11-27T00:42:17.506303+00:00,train,5,8365,self,0.8100000000000875,0,98,,
2025-11-27T00:42:17.506409+00:00,train,5,8366,self,0.8100000000000875,0,99,,
2025-11-27T00:42:17.506514+00:00,train,5,8367,self,0.8100000000000875,0,95,,
2025-11-27T00:42:17.506620+00:00,train,5,8368,self,0.8100000000000875,0,99,,
2025-11-27T00:42:17.506726+00:00,train,5,8369,self,0.8100000000000875,0,94,,
2025-11-27T00:42:17.506832+00:00,train,5,8370,self,0.8100000000000875,0,99,,
2025-11-27T00:42:17.506938+00:00,train,5,8371,self,0.8100000000000875,0,90,,
2025-11-27T00:42:17.507044+00:00,train,5,8372,self,0.8100000000000875,0,99,,
2025-11-27T00:42:17.507149+00:00,train,5,8373,self,0.8100000000000875,0,94,,
2025-11-27T00:42:17.507254+00:00,train,5,8374,self,0.8100000000000875,0,99,,
2025-11-27T00:42:17.507361+00:00,train,5,8375,self,0.8100000000000875,0,96,,
2025-11-27T00:42:17.507466+00:00,train,5,8376,self,0.8100000000000875,0,99,,
2025-11-27T00:42:17.507572+00:00,train,5,8377,self,0.8100000000000875,0,90,,
2025-11-27T00:42:17.507677+00:00,train,5,8378,self,0.8100000000000875,0,97,,
2025-11-27T00:42:17.507784+00:00,train,5,8379,self,0.8100000000000875,0,71,,
2025-11-27T00:42:17.507890+00:00,train,5,8380,self,0.8100000000000875,0,100,,
2025-11-27T00:42:17.507996+00:00,train,5,8381,self,0.8100000000000875,0,98,,
2025-11-27T00:42:17.508101+00:00,train,5,8382,self,0.8100000000000875,0,100,,
2025-11-27T00:42:17.508262+00:00,train,5,8383,self,0.8100000000000875,0,95,,
2025-11-27T00:42:17.508395+00:00,train,5,8384,self,0.8100000000000875,0,97,,
2025-11-27T00:42:17.508513+00:00,train,5,8385,self,0.8100000000000875,0,82,,
2025-11-27T00:42:17.508626+00:00,train,5,8386,self,0.8100000000000875,0,98,,
2025-11-27T00:42:17.508737+00:00,train,5,8387,self,0.8100000000000875,0,95,,
2025-11-27T00:42:17.508849+00:00,train,5,8388,self,0.8100000000000875,0,96,,
2025-11-27T00:42:17.508958+00:00,train,5,8389,self,0.8100000000000875,0,88,,
2025-11-27T00:42:17.509065+00:00,train,5,8390,self,0.8100000000000875,0,94,,
2025-11-27T00:42:17.509172+00:00,train,5,8391,self,0.8100000000000875,0,86,,
2025-11-27T00:42:17.509278+00:00,train,5,8392,self,0.8100000000000875,0,95,,
2025-11-27T00:42:17.509388+00:00,train,5,8393,self,0.8100000000000875,0,92,,
2025-11-27T00:42:17.509495+00:00,train,5,8394,self,0.8100000000000875,0,92,,
2025-11-27T00:42:17.509602+00:00,train,5,8395,self,0.8100000000000875,0,100,,
2025-11-27T00:42:17.509709+00:00,train,5,8396,self,0.8100000000000875,0,100,,
2025-11-27T00:42:17.509816+00:00,train,5,8397,self,0.8100000000000875,0,87,,
2025-11-27T00:42:17.509922+00:00,train,5,8398,self,0.8100000000000875,0,96,,
2025-11-27T00:42:17.510029+00:00,train,5,8399,self,0.8100000000000875,0,85,,
2025-11-27T00:42:17.510135+00:00,train,5,8400,self,0.8100000000000875,0,100,,
2025-11-27T00:42:17.510241+00:00,train,5,8401,self,0.8100000000000875,0,94,,
2025-11-27T00:42:17.510347+00:00,train,5,8402,self,0.8100000000000875,0,94,,
2025-11-27T00:42:17.510453+00:00,train,5,8403,self,0.8100000000000875,0,93,,
2025-11-27T00:42:17.510559+00:00,train,5,8404,self,0.8100000000000875,0,99,,
2025-11-27T00:42:17.510665+00:00,train,5,8405,self,0.8100000000000875,0,93,,
2025-11-27T00:42:17.510774+00:00,train,5,8406,self,0.8100000000000875,0,95,,
2025-11-27T00:42:17.510880+00:00,train,5,8407,self,0.8100000000000875,0,97,,
2025-11-27T00:42:17.510987+00:00,train,5,8408,self,0.8100000000000875,0,98,,
2025-11-27T00:42:17.511093+00:00,train,5,8409,self,0.8100000000000875,0,88,,
2025-11-27T00:42:17.511198+00:00,train,5,8410,self,0.8100000000000875,0,89,,
2025-11-27T00:42:17.511304+00:00,train,5,8411,self,0.8100000000000875,0,97,,
2025-11-27T00:42:17.511409+00:00,train,5,8412,self,0.8100000000000875,0,99,,
2025-11-27T00:42:17.511515+00:00,train,5,8413,self,0.8100000000000875,0,94,,
2025-11-27T00:42:17.511621+00:00,train,5,8414,self,0.8100000000000875,0,98,,
2025-11-27T00:42:17.511726+00:00,train,5,8415,self,0.8100000000000875,0,92,,
2025-11-27T00:42:17.511832+00:00,train,5,8416,self,0.8100000000000875,0,100,,
2025-11-27T00:42:17.511937+00:00,train,5,8417,self,0.8100000000000875,0,93,,
2025-11-27T00:42:17.512047+00:00,train,5,8418,self,0.8100000000000875,0,100,,
2025-11-27T00:42:17.512153+00:00,train,5,8419,self,0.8100000000000875,0,81,,
2025-11-27T00:42:17.512259+00:00,train,5,8420,self,0.8100000000000875,0,99,,
2025-11-27T00:42:17.512365+00:00,train,5,8421,self,0.8100000000000875,0,94,,
2025-11-27T00:42:17.512471+00:00,train,5,8422,self,0.8100000000000875,0,98,,
2025-11-27T00:42:17.512577+00:00,train,5,8423,self,0.8100000000000875,0,95,,
2025-11-27T00:42:17.512683+00:00,train,5,8424,self,0.8100000000000875,0,99,,
2025-11-27T00:42:17.512789+00:00,train,5,8425,self,0.8100000000000875,0,91,,
2025-11-27T00:42:17.512895+00:00,train,5,8426,self,0.8100000000000875,0,97,,
2025-11-27T00:42:17.513001+00:00,train,5,8427,self,0.8100000000000875,0,97,,
2025-11-27T00:42:17.513107+00:00,train,5,8428,self,0.8100000000000875,0,99,,
2025-11-27T00:42:17.513213+00:00,train,5,8429,self,0.8100000000000875,0,95,,
2025-11-27T00:42:17.513319+00:00,train,5,8430,self,0.8100000000000875,0,96,,
2025-11-27T00:42:17.513425+00:00,train,5,8431,self,0.8100000000000875,0,96,,
2025-11-27T00:42:17.513531+00:00,train,5,8432,self,0.8100000000000875,0,96,,
2025-11-27T00:42:17.513637+00:00,train,5,8433,self,0.8100000000000875,0,92,,
2025-11-27T00:42:17.513743+00:00,train,5,8434,self,0.8100000000000875,0,98,,
2025-11-27T00:42:17.513849+00:00,train,5,8435,self,0.8100000000000875,0,82,,
2025-11-27T00:42:17.513955+00:00,train,5,8436,self,0.8100000000000875,0,95,,
2025-11-27T00:42:17.514061+00:00,train,5,8437,self,0.8100000000000875,0,93,,
2025-11-27T00:42:17.514167+00:00,train,5,8438,self,0.8100000000000875,0,99,,
2025-11-27T00:42:17.514273+00:00,train,5,8439,self,0.8100000000000875,0,85,,
2025-11-27T00:42:17.514379+00:00,train,5,8440,self,0.8100000000000875,0,99,,
2025-11-27T00:42:17.514487+00:00,train,5,8441,self,0.8100000000000875,0,98,,
2025-11-27T00:42:17.514594+00:00,train,5,8442,self,0.8100000000000875,0,100,,
2025-11-27T00:42:17.514700+00:00,train,5,8443,self,0.8100000000000875,0,97,,
2025-11-27T00:42:17.514806+00:00,train,5,8444,self,0.8100000000000875,0,100,,
2025-11-27T00:42:17.514913+00:00,train,5,8445,self,0.8100000000000875,0,90,,
2025-11-27T00:42:17.515019+00:00,train,5,8446,self,0.8100000000000875,0,99,,
2025-11-27T00:42:17.515125+00:00,train,5,8447,self,0.8100000000000875,0,93,,
2025-11-27T00:42:17.515231+00:00,train,5,8448,self,0.8100000000000875,0,100,,
2025-11-27T00:42:17.515336+00:00,train,5,8449,self,0.8100000000000875,0,96,,
2025-11-27T00:42:17.515442+00:00,train,5,8450,self,0.8100000000000875,0,100,,
2025-11-27T00:42:17.515548+00:00,train,5,8451,self,0.8100000000000875,0,97,,
2025-11-27T00:42:17.515654+00:00,train,5,8452,self,0.8100000000000875,0,100,,
2025-11-27T00:42:17.515816+00:00,train,5,8453,self,0.8100000000000875,0,98,,
2025-11-27T00:42:17.515942+00:00,train,5,8454,self,0.8100000000000875,0,98,,
2025-11-27T00:42:17.516099+00:00,train,5,8455,self,0.8100000000000875,0,90,,
2025-11-27T00:42:17.516224+00:00,train,5,8456,self,0.8100000000000875,0,95,,
2025-11-27T00:42:17.516384+00:00,train,5,8457,self,0.8100000000000875,0,95,,
2025-11-27T00:42:17.516513+00:00,train,5,8458,self,0.8100000000000875,0,99,,
2025-11-27T00:42:17.516631+00:00,train,5,8459,self,0.8100000000000875,0,96,,
2025-11-27T00:42:17.516744+00:00,train,5,8460,self,0.8100000000000875,0,98,,
2025-11-27T00:42:17.516874+00:00,train,5,8461,self,0.8100000000000875,0,95,,
2025-11-27T00:42:17.516986+00:00,train,5,8462,self,0.8100000000000875,0,100,,
2025-11-27T00:42:17.517112+00:00,train,5,8463,self,0.8100000000000875,0,97,,
2025-11-27T00:42:17.517222+00:00,train,5,8464,self,0.8100000000000875,0,100,,
2025-11-27T00:42:17.517346+00:00,train,5,8465,self,0.8100000000000875,0,96,,
2025-11-27T00:42:17.517456+00:00,train,5,8466,self,0.8100000000000875,0,99,,
2025-11-27T00:42:17.517612+00:00,train,5,8467,self,0.8100000000000875,0,92,,
2025-11-27T00:42:17.517738+00:00,train,5,8468,self,0.8100000000000875,0,97,,
2025-11-27T00:42:17.517854+00:00,train,5,8469,self,0.8100000000000875,0,86,,
2025-11-27T00:42:17.517985+00:00,train,5,8470,self,0.8100000000000875,0,96,,
2025-11-27T00:42:17.518096+00:00,train,5,8471,self,0.8100000000000875,0,93,,
2025-11-27T00:42:17.518224+00:00,train,5,8472,self,0.8100000000000875,0,93,,
2025-11-27T00:42:17.518332+00:00,train,5,8473,self,0.8100000000000875,0,94,,
2025-11-27T00:42:17.518465+00:00,train,5,8474,self,0.8100000000000875,0,98,,
2025-11-27T00:42:17.518574+00:00,train,5,8475,self,0.8100000000000875,0,91,,
2025-11-27T00:42:17.518843+00:00,train,5,8476,self,0.8100000000000875,0,100,,
2025-11-27T00:42:17.518969+00:00,train,5,8477,self,0.8100000000000875,0,92,,
2025-11-27T00:42:17.519086+00:00,train,5,8478,self,0.8100000000000875,0,99,,
2025-11-27T00:42:17.519237+00:00,train,5,8479,self,0.8100000000000875,0,84,,
2025-11-27T00:42:17.519375+00:00,train,5,8480,self,0.8100000000000875,0,95,,
2025-11-27T00:42:17.519568+00:00,train,5,8481,self,0.8100000000000875,0,99,,
2025-11-27T00:42:17.519706+00:00,train,5,8482,self,0.8100000000000875,0,99,,
2025-11-27T00:42:17.519843+00:00,train,5,8483,self,0.8100000000000875,0,97,,
2025-11-27T00:42:17.519959+00:00,train,5,8484,self,0.8100000000000875,0,100,,
2025-11-27T00:42:17.520131+00:00,train,5,8485,self,0.8100000000000875,0,96,,
2025-11-27T00:42:17.520268+00:00,train,5,8486,self,0.8100000000000875,0,98,,
2025-11-27T00:42:17.520393+00:00,train,5,8487,self,0.8100000000000875,0,86,,
2025-11-27T00:42:17.520511+00:00,train,5,8488,self,0.8100000000000875,0,98,,
2025-11-27T00:42:17.520627+00:00,train,5,8489,self,0.8100000000000875,0,95,,
2025-11-27T00:42:17.520742+00:00,train,5,8490,self,0.8100000000000875,0,98,,
2025-11-27T00:42:17.520856+00:00,train,5,8491,self,0.8100000000000875,0,90,,
2025-11-27T00:42:17.521008+00:00,train,5,8492,self,0.8100000000000875,0,91,,
2025-11-27T00:42:17.521140+00:00,train,5,8493,self,0.8100000000000875,0,89,,
2025-11-27T00:42:17.521301+00:00,train,5,8494,self,0.8100000000000875,0,98,,
2025-11-27T00:42:17.521438+00:00,train,5,8495,self,0.8100000000000875,0,92,,
2025-11-27T00:42:17.521561+00:00,train,5,8496,self,0.8100000000000875,0,95,,
2025-11-27T00:42:17.521687+00:00,train,5,8497,self,0.8100000000000875,0,89,,
2025-11-27T00:42:17.521806+00:00,train,5,8498,self,0.8100000000000875,0,100,,
2025-11-27T00:42:17.521925+00:00,train,5,8499,self,0.8100000000000875,0,98,,
2025-11-27T00:42:17.522045+00:00,train,5,8500,self,0.8100000000000875,0,100,,
2025-11-27T00:42:17.531980+00:00,train,5,8501,self,0.8100000000000875,0,90,,
2025-11-27T00:42:17.532194+00:00,train,5,8502,self,0.8100000000000875,0,92,,
2025-11-27T00:42:17.532341+00:00,train,5,8503,self,0.8100000000000875,0,100,,
2025-11-27T00:42:17.532462+00:00,train,5,8504,self,0.8100000000000875,0,100,,
2025-11-27T00:42:17.532646+00:00,train,5,8505,self,0.8100000000000875,0,92,,
2025-11-27T00:42:17.532780+00:00,train,5,8506,self,0.8100000000000875,0,99,,
2025-11-27T00:42:17.532929+00:00,train,5,8507,self,0.8100000000000875,0,84,,
2025-11-27T00:42:17.533052+00:00,train,5,8508,self,0.8100000000000875,0,95,,
2025-11-27T00:42:17.533175+00:00,train,5,8509,self,0.8100000000000875,0,96,,
2025-11-27T00:42:17.533295+00:00,train,5,8510,self,0.8100000000000875,0,99,,
2025-11-27T00:42:17.533416+00:00,train,5,8511,self,0.8100000000000875,0,97,,
2025-11-27T00:42:17.533535+00:00,train,5,8512,self,0.8100000000000875,0,99,,
2025-11-27T00:42:17.533652+00:00,train,5,8513,self,0.8100000000000875,0,99,,
2025-11-27T00:42:17.533807+00:00,train,5,8514,self,0.8100000000000875,0,100,,
2025-11-27T00:42:17.533927+00:00,train,5,8515,self,0.8100000000000875,0,99,,
2025-11-27T00:42:17.534090+00:00,train,5,8516,self,0.8100000000000875,0,100,,
2025-11-27T00:42:17.534223+00:00,train,5,8517,self,0.8100000000000875,0,99,,
2025-11-27T00:42:17.534348+00:00,train,5,8518,self,0.8100000000000875,0,100,,
2025-11-27T00:42:17.534521+00:00,train,5,8519,self,0.8100000000000875,0,94,,
2025-11-27T00:42:17.534674+00:00,train,5,8520,self,0.8100000000000875,0,99,,
2025-11-27T00:42:17.534806+00:00,train,5,8521,self,0.8100000000000875,0,95,,
2025-11-27T00:42:17.534934+00:00,train,5,8522,self,0.8100000000000875,0,100,,
2025-11-27T00:42:17.535064+00:00,train,5,8523,self,0.8100000000000875,0,96,,
2025-11-27T00:42:17.535194+00:00,train,5,8524,self,0.8100000000000875,0,98,,
2025-11-27T00:42:17.535318+00:00,train,5,8525,self,0.8100000000000875,0,78,,
2025-11-27T00:42:17.535442+00:00,train,5,8526,self,0.8100000000000875,0,99,,
2025-11-27T00:42:17.535564+00:00,train,5,8527,self,0.8100000000000875,0,90,,
2025-11-27T00:42:17.535686+00:00,train,5,8528,self,0.8100000000000875,0,100,,
2025-11-27T00:42:17.535824+00:00,train,5,8529,self,0.8100000000000875,0,96,,
2025-11-27T00:42:17.535950+00:00,train,5,8530,self,0.8100000000000875,0,97,,
2025-11-27T00:42:17.536107+00:00,train,5,8531,self,0.8100000000000875,0,97,,
2025-11-27T00:42:17.536285+00:00,train,5,8532,self,0.8100000000000875,0,99,,
2025-11-27T00:42:17.536427+00:00,train,5,8533,self,0.8100000000000875,0,87,,
2025-11-27T00:42:17.536558+00:00,train,5,8534,self,0.8100000000000875,0,98,,
2025-11-27T00:42:17.536701+00:00,train,5,8535,self,0.8100000000000875,0,96,,
2025-11-27T00:42:17.536831+00:00,train,5,8536,self,0.8100000000000875,0,98,,
2025-11-27T00:42:17.536959+00:00,train,5,8537,self,0.8100000000000875,0,100,,
2025-11-27T00:42:17.537087+00:00,train,5,8538,self,0.8100000000000875,0,100,,
2025-11-27T00:42:17.537271+00:00,train,5,8539,self,0.8100000000000875,0,83,,
2025-11-27T00:42:17.537421+00:00,train,5,8540,self,0.8100000000000875,0,100,,
2025-11-27T00:42:17.537562+00:00,train,5,8541,self,0.8100000000000875,0,96,,
2025-11-27T00:42:17.537698+00:00,train,5,8542,self,0.8100000000000875,0,97,,
2025-11-27T00:42:17.537847+00:00,train,5,8543,self,0.8100000000000875,0,94,,
2025-11-27T00:42:17.537982+00:00,train,5,8544,self,0.8100000000000875,0,98,,
2025-11-27T00:42:17.538117+00:00,train,5,8545,self,0.8100000000000875,0,93,,
2025-11-27T00:42:17.538251+00:00,train,5,8546,self,0.8100000000000875,0,99,,
2025-11-27T00:42:17.538385+00:00,train,5,8547,self,0.8100000000000875,0,90,,
2025-11-27T00:42:17.538517+00:00,train,5,8548,self,0.8100000000000875,0,98,,
2025-11-27T00:42:17.538666+00:00,train,5,8549,self,0.8100000000000875,0,92,,
2025-11-27T00:42:17.538803+00:00,train,5,8550,self,0.8100000000000875,0,98,,
2025-11-27T00:42:17.538939+00:00,train,5,8551,self,0.8100000000000875,0,94,,
2025-11-27T00:42:17.539076+00:00,train,5,8552,self,0.8100000000000875,0,97,,
2025-11-27T00:42:17.539213+00:00,train,5,8553,self,0.8100000000000875,0,96,,
2025-11-27T00:42:17.539355+00:00,train,5,8554,self,0.8100000000000875,0,98,,
2025-11-27T00:42:17.539495+00:00,train,5,8555,self,0.8100000000000875,0,85,,
2025-11-27T00:42:17.539632+00:00,train,5,8556,self,0.8100000000000875,0,100,,
2025-11-27T00:42:17.539769+00:00,train,5,8557,self,0.8100000000000875,0,98,,
2025-11-27T00:42:17.539906+00:00,train,5,8558,self,0.8100000000000875,0,99,,
2025-11-27T00:42:17.540042+00:00,train,5,8559,self,0.8100000000000875,0,99,,
2025-11-27T00:42:17.540178+00:00,train,5,8560,self,0.8100000000000875,0,100,,
2025-11-27T00:42:17.540314+00:00,train,5,8561,self,0.8100000000000875,0,92,,
2025-11-27T00:42:17.540450+00:00,train,5,8562,self,0.8100000000000875,0,100,,
2025-11-27T00:42:17.540590+00:00,train,5,8563,self,0.8100000000000875,0,94,,
2025-11-27T00:42:17.540726+00:00,train,5,8564,self,0.8100000000000875,0,99,,
2025-11-27T00:42:17.540862+00:00,train,5,8565,self,0.8100000000000875,0,88,,
2025-11-27T00:42:17.540999+00:00,train,5,8566,self,0.8100000000000875,0,96,,
2025-11-27T00:42:17.541136+00:00,train,5,8567,self,0.8100000000000875,0,99,,
2025-11-27T00:42:17.541272+00:00,train,5,8568,self,0.8100000000000875,0,99,,
2025-11-27T00:42:17.541408+00:00,train,5,8569,self,0.8100000000000875,0,89,,
2025-11-27T00:42:17.541544+00:00,train,5,8570,self,0.8100000000000875,0,100,,
2025-11-27T00:42:17.541681+00:00,train,5,8571,self,0.8100000000000875,0,96,,
2025-11-27T00:42:17.541817+00:00,train,5,8572,self,0.8100000000000875,0,96,,
2025-11-27T00:42:17.541953+00:00,train,5,8573,self,0.8100000000000875,0,94,,
2025-11-27T00:42:17.542133+00:00,train,5,8574,self,0.8100000000000875,0,95,,
2025-11-27T00:42:17.542335+00:00,train,5,8575,self,0.8100000000000875,0,98,,
2025-11-27T00:42:17.542489+00:00,train,5,8576,self,0.8100000000000875,0,100,,
2025-11-27T00:42:17.542633+00:00,train,5,8577,self,0.8100000000000875,0,86,,
2025-11-27T00:42:17.542772+00:00,train,5,8578,self,0.8100000000000875,0,100,,
2025-11-27T00:42:17.542907+00:00,train,5,8579,self,0.8100000000000875,0,93,,
2025-11-27T00:42:17.543041+00:00,train,5,8580,self,0.8100000000000875,0,98,,
2025-11-27T00:42:17.543173+00:00,train,5,8581,self,0.8100000000000875,0,87,,
2025-11-27T00:42:17.543303+00:00,train,5,8582,self,0.8100000000000875,0,97,,
2025-11-27T00:42:17.543436+00:00,train,5,8583,self,0.8100000000000875,0,96,,
2025-11-27T00:42:17.543569+00:00,train,5,8584,self,0.8100000000000875,0,99,,
2025-11-27T00:42:17.543699+00:00,train,5,8585,self,0.8100000000000875,0,93,,
2025-11-27T00:42:17.543900+00:00,train,5,8586,self,0.8100000000000875,0,100,,
2025-11-27T00:42:17.544061+00:00,train,5,8587,self,0.8100000000000875,0,99,,
2025-11-27T00:42:17.544210+00:00,train,5,8588,self,0.8100000000000875,0,99,,
2025-11-27T00:42:17.544354+00:00,train,5,8589,self,0.8100000000000875,0,86,,
2025-11-27T00:42:17.544495+00:00,train,5,8590,self,0.8100000000000875,0,100,,
2025-11-27T00:42:17.544635+00:00,train,5,8591,self,0.8100000000000875,0,97,,
2025-11-27T00:42:17.544773+00:00,train,5,8592,self,0.8100000000000875,0,99,,
2025-11-27T00:42:17.544911+00:00,train,5,8593,self,0.8100000000000875,0,93,,
2025-11-27T00:42:17.545048+00:00,train,5,8594,self,0.8100000000000875,0,96,,
2025-11-27T00:42:17.545186+00:00,train,5,8595,self,0.8100000000000875,0,97,,
2025-11-27T00:42:17.545323+00:00,train,5,8596,self,0.8100000000000875,0,99,,
2025-11-27T00:42:17.545460+00:00,train,5,8597,self,0.8100000000000875,0,97,,
2025-11-27T00:42:17.545601+00:00,train,5,8598,self,0.8100000000000875,0,100,,
2025-11-27T00:42:17.545740+00:00,train,5,8599,self,0.8100000000000875,0,87,,
2025-11-27T00:42:17.545878+00:00,train,5,8600,self,0.8100000000000875,0,96,,
2025-11-27T00:42:17.546015+00:00,train,5,8601,self,0.8100000000000875,0,96,,
2025-11-27T00:42:17.546153+00:00,train,5,8602,self,0.8100000000000875,0,98,,
2025-11-27T00:42:17.546293+00:00,train,5,8603,self,0.8100000000000875,0,88,,
2025-11-27T00:42:17.546431+00:00,train,5,8604,self,0.8100000000000875,0,99,,
2025-11-27T00:42:17.546569+00:00,train,5,8605,self,0.8100000000000875,0,88,,
2025-11-27T00:42:17.546706+00:00,train,5,8606,self,0.8100000000000875,0,97,,
2025-11-27T00:42:17.546843+00:00,train,5,8607,self,0.8100000000000875,0,92,,
2025-11-27T00:42:17.546979+00:00,train,5,8608,self,0.8100000000000875,0,93,,
2025-11-27T00:42:17.547116+00:00,train,5,8609,self,0.8100000000000875,0,93,,
2025-11-27T00:42:17.547259+00:00,train,5,8610,self,0.8100000000000875,0,99,,
2025-11-27T00:42:17.547397+00:00,train,5,8611,self,0.8100000000000875,0,94,,
2025-11-27T00:42:17.547533+00:00,train,5,8612,self,0.8100000000000875,0,97,,
2025-11-27T00:42:17.547669+00:00,train,5,8613,self,0.8100000000000875,0,98,,
2025-11-27T00:42:17.547806+00:00,train,5,8614,self,0.8100000000000875,0,100,,
2025-11-27T00:42:17.547946+00:00,train,5,8615,self,0.8100000000000875,0,88,,
2025-11-27T00:42:17.548082+00:00,train,5,8616,self,0.8100000000000875,0,90,,
2025-11-27T00:42:17.548218+00:00,train,5,8617,self,0.8100000000000875,0,91,,
2025-11-27T00:42:17.548356+00:00,train,5,8618,self,0.8100000000000875,0,100,,
2025-11-27T00:42:17.548492+00:00,train,5,8619,self,0.8100000000000875,0,92,,
2025-11-27T00:42:17.548629+00:00,train,5,8620,self,0.8100000000000875,0,93,,
2025-11-27T00:42:17.548766+00:00,train,5,8621,self,0.8100000000000875,0,64,,
2025-11-27T00:42:17.548903+00:00,train,5,8622,self,0.8100000000000875,0,98,,
2025-11-27T00:42:17.549039+00:00,train,5,8623,self,0.8100000000000875,0,100,,
2025-11-27T00:42:17.549177+00:00,train,5,8624,self,0.8100000000000875,0,100,,
2025-11-27T00:42:17.549321+00:00,train,5,8625,self,0.8100000000000875,0,95,,
2025-11-27T00:42:17.549460+00:00,train,5,8626,self,0.8100000000000875,0,95,,
2025-11-27T00:42:17.549599+00:00,train,5,8627,self,0.8100000000000875,0,98,,
2025-11-27T00:42:17.549736+00:00,train,5,8628,self,0.8100000000000875,0,98,,
2025-11-27T00:42:17.549881+00:00,train,5,8629,self,0.8100000000000875,0,88,,
2025-11-27T00:42:17.550030+00:00,train,5,8630,self,0.8100000000000875,0,99,,
2025-11-27T00:42:17.550180+00:00,train,5,8631,self,0.8100000000000875,0,97,,
2025-11-27T00:42:17.550371+00:00,train,5,8632,self,0.8100000000000875,0,99,,
2025-11-27T00:42:17.550543+00:00,train,5,8633,self,0.8100000000000875,0,91,,
2025-11-27T00:42:17.550691+00:00,train,5,8634,self,0.8100000000000875,0,97,,
2025-11-27T00:42:17.550896+00:00,train,5,8635,self,0.8100000000000875,0,96,,
2025-11-27T00:42:17.551050+00:00,train,5,8636,self,0.8100000000000875,0,100,,
2025-11-27T00:42:17.551194+00:00,train,5,8637,self,0.8100000000000875,0,97,,
2025-11-27T00:42:17.551333+00:00,train,5,8638,self,0.8100000000000875,0,98,,
2025-11-27T00:42:17.551469+00:00,train,5,8639,self,0.8100000000000875,0,97,,
2025-11-27T00:42:17.551630+00:00,train,5,8640,self,0.8100000000000875,0,98,,
2025-11-27T00:42:17.551784+00:00,train,5,8641,self,0.8100000000000875,0,94,,
2025-11-27T00:42:17.552014+00:00,train,5,8642,self,0.8100000000000875,0,99,,
2025-11-27T00:42:17.552202+00:00,train,5,8643,self,0.8100000000000875,0,89,,
2025-11-27T00:42:17.552391+00:00,train,5,8644,self,0.8100000000000875,0,91,,
2025-11-27T00:42:17.552571+00:00,train,5,8645,self,0.8100000000000875,0,93,,
2025-11-27T00:42:17.552720+00:00,train,5,8646,self,0.8100000000000875,0,97,,
2025-11-27T00:42:17.552864+00:00,train,5,8647,self,0.8100000000000875,0,95,,
2025-11-27T00:42:17.553001+00:00,train,5,8648,self,0.8100000000000875,0,100,,
2025-11-27T00:42:17.553136+00:00,train,5,8649,self,0.8100000000000875,0,85,,
2025-11-27T00:42:17.553271+00:00,train,5,8650,self,0.8100000000000875,0,95,,
2025-11-27T00:42:17.553404+00:00,train,5,8651,self,0.8100000000000875,0,96,,
2025-11-27T00:42:17.553536+00:00,train,5,8652,self,0.8100000000000875,0,98,,
2025-11-27T00:42:17.553668+00:00,train,5,8653,self,0.8100000000000875,0,98,,
2025-11-27T00:42:17.553800+00:00,train,5,8654,self,0.8100000000000875,0,100,,
2025-11-27T00:42:17.553933+00:00,train,5,8655,self,0.8100000000000875,0,97,,
2025-11-27T00:42:17.554065+00:00,train,5,8656,self,0.8100000000000875,0,98,,
2025-11-27T00:42:17.554197+00:00,train,5,8657,self,0.8100000000000875,0,91,,
2025-11-27T00:42:17.554327+00:00,train,5,8658,self,0.8100000000000875,0,93,,
2025-11-27T00:42:17.554458+00:00,train,5,8659,self,0.8100000000000875,0,99,,
2025-11-27T00:42:17.554589+00:00,train,5,8660,self,0.8100000000000875,0,100,,
2025-11-27T00:42:17.554720+00:00,train,5,8661,self,0.8100000000000875,0,97,,
2025-11-27T00:42:17.554851+00:00,train,5,8662,self,0.8100000000000875,0,99,,
2025-11-27T00:42:17.554982+00:00,train,5,8663,self,0.8100000000000875,0,99,,
2025-11-27T00:42:17.555112+00:00,train,5,8664,self,0.8100000000000875,0,100,,
2025-11-27T00:42:17.555243+00:00,train,5,8665,self,0.8100000000000875,0,91,,
2025-11-27T00:42:17.555375+00:00,train,5,8666,self,0.8100000000000875,0,95,,
2025-11-27T00:42:17.555506+00:00,train,5,8667,self,0.8100000000000875,0,84,,
2025-11-27T00:42:17.555640+00:00,train,5,8668,self,0.8100000000000875,0,97,,
2025-11-27T00:42:17.555772+00:00,train,5,8669,self,0.8100000000000875,0,96,,
2025-11-27T00:42:17.555903+00:00,train,5,8670,self,0.8100000000000875,0,97,,
2025-11-27T00:42:17.556033+00:00,train,5,8671,self,0.8100000000000875,0,95,,
2025-11-27T00:42:17.556166+00:00,train,5,8672,self,0.8100000000000875,0,99,,
2025-11-27T00:42:17.556297+00:00,train,5,8673,self,0.8100000000000875,0,97,,
2025-11-27T00:42:17.556428+00:00,train,5,8674,self,0.8100000000000875,0,100,,
2025-11-27T00:42:17.556559+00:00,train,5,8675,self,0.8100000000000875,0,93,,
2025-11-27T00:42:17.556689+00:00,train,5,8676,self,0.8100000000000875,0,97,,
2025-11-27T00:42:17.556820+00:00,train,5,8677,self,0.8100000000000875,0,92,,
2025-11-27T00:42:17.556951+00:00,train,5,8678,self,0.8100000000000875,0,97,,
2025-11-27T00:42:17.557082+00:00,train,5,8679,self,0.8100000000000875,0,96,,
2025-11-27T00:42:17.557213+00:00,train,5,8680,self,0.8100000000000875,0,100,,
2025-11-27T00:42:17.557349+00:00,train,5,8681,self,0.8100000000000875,0,96,,
2025-11-27T00:42:17.557480+00:00,train,5,8682,self,0.8100000000000875,0,98,,
2025-11-27T00:42:17.557611+00:00,train,5,8683,self,0.8100000000000875,0,96,,
2025-11-27T00:42:17.557754+00:00,train,5,8684,self,0.8100000000000875,0,100,,
2025-11-27T00:42:17.557881+00:00,train,5,8685,self,0.8100000000000875,0,99,,
2025-11-27T00:42:17.558007+00:00,train,5,8686,self,0.8100000000000875,0,100,,
2025-11-27T00:42:17.558134+00:00,train,5,8687,self,0.8100000000000875,0,85,,
2025-11-27T00:42:17.558261+00:00,train,5,8688,self,0.8100000000000875,0,97,,
2025-11-27T00:42:17.558388+00:00,train,5,8689,self,0.8100000000000875,0,95,,
2025-11-27T00:42:17.558548+00:00,train,5,8690,self,0.8100000000000875,0,100,,
2025-11-27T00:42:17.558721+00:00,train,5,8691,self,0.8100000000000875,0,94,,
2025-11-27T00:42:17.558884+00:00,train,5,8692,self,0.8100000000000875,0,98,,
2025-11-27T00:42:17.559069+00:00,train,5,8693,self,0.8100000000000875,0,88,,
2025-11-27T00:42:17.559236+00:00,train,5,8694,self,0.8100000000000875,0,96,,
2025-11-27T00:42:17.559381+00:00,train,5,8695,self,0.8100000000000875,0,96,,
2025-11-27T00:42:17.559519+00:00,train,5,8696,self,0.8100000000000875,0,97,,
2025-11-27T00:42:17.559675+00:00,train,5,8697,self,0.8100000000000875,0,92,,
2025-11-27T00:42:17.559874+00:00,train,5,8698,self,0.8100000000000875,0,94,,
2025-11-27T00:42:17.560035+00:00,train,5,8699,self,0.8100000000000875,0,92,,
2025-11-27T00:42:17.560186+00:00,train,5,8700,self,0.8100000000000875,0,99,,
2025-11-27T00:42:17.560332+00:00,train,5,8701,self,0.8100000000000875,0,100,,
2025-11-27T00:42:17.560477+00:00,train,5,8702,self,0.8100000000000875,0,100,,
2025-11-27T00:42:17.560620+00:00,train,5,8703,self,0.8100000000000875,0,90,,
2025-11-27T00:42:17.561209+00:00,train,5,8704,self,0.8100000000000875,0,98,,
2025-11-27T00:42:17.561355+00:00,train,5,8705,self,0.8100000000000875,0,84,,
2025-11-27T00:42:17.561495+00:00,train,5,8706,self,0.8100000000000875,0,99,,
2025-11-27T00:42:17.561634+00:00,train,5,8707,self,0.8100000000000875,0,86,,
2025-11-27T00:42:17.561779+00:00,train,5,8708,self,0.8100000000000875,0,88,,
2025-11-27T00:42:17.561951+00:00,train,5,8709,self,0.8100000000000875,0,99,,
2025-11-27T00:42:17.562497+00:00,train,5,8710,self,0.8100000000000875,0,99,,
2025-11-27T00:42:17.562692+00:00,train,5,8711,self,0.8100000000000875,0,98,,
2025-11-27T00:42:17.562875+00:00,train,5,8712,self,0.8100000000000875,0,100,,
2025-11-27T00:42:17.563025+00:00,train,5,8713,self,0.8100000000000875,0,93,,
2025-11-27T00:42:17.563201+00:00,train,5,8714,self,0.8100000000000875,0,100,,
2025-11-27T00:42:17.563343+00:00,train,5,8715,self,0.8100000000000875,0,91,,
2025-11-27T00:42:17.563480+00:00,train,5,8716,self,0.8100000000000875,0,100,,
2025-11-27T00:42:17.563615+00:00,train,5,8717,self,0.8100000000000875,0,93,,
2025-11-27T00:42:17.563786+00:00,train,5,8718,self,0.8100000000000875,0,96,,
2025-11-27T00:42:17.563966+00:00,train,5,8719,self,0.8100000000000875,0,93,,
2025-11-27T00:42:17.564120+00:00,train,5,8720,self,0.8100000000000875,0,100,,
2025-11-27T00:42:17.564263+00:00,train,5,8721,self,0.8100000000000875,0,91,,
2025-11-27T00:42:17.564402+00:00,train,5,8722,self,0.8100000000000875,0,98,,
2025-11-27T00:42:17.564539+00:00,train,5,8723,self,0.8100000000000875,0,97,,
2025-11-27T00:42:17.564674+00:00,train,5,8724,self,0.8100000000000875,0,98,,
2025-11-27T00:42:17.564808+00:00,train,5,8725,self,0.8100000000000875,0,95,,
2025-11-27T00:42:17.564941+00:00,train,5,8726,self,0.8100000000000875,0,97,,
2025-11-27T00:42:17.565073+00:00,train,5,8727,self,0.8100000000000875,0,85,,
2025-11-27T00:42:17.565207+00:00,train,5,8728,self,0.8100000000000875,0,98,,
2025-11-27T00:42:17.565340+00:00,train,5,8729,self,0.8100000000000875,0,97,,
2025-11-27T00:42:17.565472+00:00,train,5,8730,self,0.8100000000000875,0,100,,
2025-11-27T00:42:17.565605+00:00,train,5,8731,self,0.8100000000000875,0,97,,
2025-11-27T00:42:17.565737+00:00,train,5,8732,self,0.8100000000000875,0,97,,
2025-11-27T00:42:17.565870+00:00,train,5,8733,self,0.8100000000000875,0,99,,
2025-11-27T00:42:17.566002+00:00,train,5,8734,self,0.8100000000000875,0,100,,
2025-11-27T00:42:17.566134+00:00,train,5,8735,self,0.8100000000000875,0,89,,
2025-11-27T00:42:17.566266+00:00,train,5,8736,self,0.8100000000000875,0,98,,
2025-11-27T00:42:17.566397+00:00,train,5,8737,self,0.8100000000000875,0,90,,
2025-11-27T00:42:17.566528+00:00,train,5,8738,self,0.8100000000000875,0,99,,
2025-11-27T00:42:17.566659+00:00,train,5,8739,self,0.8100000000000875,0,97,,
2025-11-27T00:42:17.566791+00:00,train,5,8740,self,0.8100000000000875,0,98,,
2025-11-27T00:42:17.566922+00:00,train,5,8741,self,0.8100000000000875,0,86,,
2025-11-27T00:42:17.567055+00:00,train,5,8742,self,0.8100000000000875,0,97,,
2025-11-27T00:42:17.567187+00:00,train,5,8743,self,0.8100000000000875,0,75,,
2025-11-27T00:42:17.567319+00:00,train,5,8744,self,0.8100000000000875,0,96,,
2025-11-27T00:42:17.567451+00:00,train,5,8745,self,0.8100000000000875,0,99,,
2025-11-27T00:42:17.567585+00:00,train,5,8746,self,0.8100000000000875,0,100,,
2025-11-27T00:42:17.567730+00:00,train,5,8747,self,0.8100000000000875,0,98,,
2025-11-27T00:42:17.567858+00:00,train,5,8748,self,0.8100000000000875,0,100,,
2025-11-27T00:42:17.567987+00:00,train,5,8749,self,0.8100000000000875,0,87,,
2025-11-27T00:42:17.568129+00:00,train,5,8750,self,0.8100000000000875,0,95,,
2025-11-27T00:42:17.568257+00:00,train,5,8751,self,0.8100000000000875,0,97,,
2025-11-27T00:42:17.568384+00:00,train,5,8752,self,0.8100000000000875,0,97,,
2025-11-27T00:42:17.568511+00:00,train,5,8753,self,0.8100000000000875,0,98,,
2025-11-27T00:42:17.568638+00:00,train,5,8754,self,0.8100000000000875,0,100,,
2025-11-27T00:42:17.568845+00:00,train,5,8755,self,0.8100000000000875,0,95,,
2025-11-27T00:42:17.568995+00:00,train,5,8756,self,0.8100000000000875,0,98,,
2025-11-27T00:42:17.569136+00:00,train,5,8757,self,0.8100000000000875,0,90,,
2025-11-27T00:42:17.569273+00:00,train,5,8758,self,0.8100000000000875,0,99,,
2025-11-27T00:42:17.569438+00:00,train,5,8759,self,0.8100000000000875,0,94,,
2025-11-27T00:42:17.569594+00:00,train,5,8760,self,0.8100000000000875,0,97,,
2025-11-27T00:42:17.569754+00:00,train,5,8761,self,0.8100000000000875,0,95,,
2025-11-27T00:42:17.569890+00:00,train,5,8762,self,0.8100000000000875,0,99,,
2025-11-27T00:42:17.570026+00:00,train,5,8763,self,0.8100000000000875,0,96,,
2025-11-27T00:42:17.570161+00:00,train,5,8764,self,0.8100000000000875,0,99,,
2025-11-27T00:42:17.570296+00:00,train,5,8765,self,0.8100000000000875,0,98,,
2025-11-27T00:42:17.570430+00:00,train,5,8766,self,0.8100000000000875,0,98,,
2025-11-27T00:42:17.570563+00:00,train,5,8767,self,0.8100000000000875,0,95,,
2025-11-27T00:42:17.570712+00:00,train,5,8768,self,0.8100000000000875,0,97,,
2025-11-27T00:42:17.570850+00:00,train,5,8769,self,0.8100000000000875,0,97,,
2025-11-27T00:42:17.570987+00:00,train,5,8770,self,0.8100000000000875,0,100,,
2025-11-27T00:42:17.571125+00:00,train,5,8771,self,0.8100000000000875,0,97,,
2025-11-27T00:42:17.571261+00:00,train,5,8772,self,0.8100000000000875,0,99,,
2025-11-27T00:42:17.571402+00:00,train,5,8773,self,0.8100000000000875,0,91,,
2025-11-27T00:42:17.571539+00:00,train,5,8774,self,0.8100000000000875,0,96,,
2025-11-27T00:42:17.571684+00:00,train,5,8775,self,0.8100000000000875,0,96,,
2025-11-27T00:42:17.571834+00:00,train,5,8776,self,0.8100000000000875,0,97,,
2025-11-27T00:42:17.571967+00:00,train,5,8777,self,0.8100000000000875,0,93,,
2025-11-27T00:42:17.572101+00:00,train,5,8778,self,0.8100000000000875,0,100,,
2025-11-27T00:42:17.572233+00:00,train,5,8779,self,0.8100000000000875,0,84,,
2025-11-27T00:42:17.572366+00:00,train,5,8780,self,0.8100000000000875,0,98,,
2025-11-27T00:42:17.572499+00:00,train,5,8781,self,0.8100000000000875,0,89,,
2025-11-27T00:42:17.572633+00:00,train,5,8782,self,0.8100000000000875,0,99,,
2025-11-27T00:42:17.572788+00:00,train,5,8783,self,0.8100000000000875,0,93,,
2025-11-27T00:42:17.572993+00:00,train,5,8784,self,0.8100000000000875,0,99,,
2025-11-27T00:42:17.573137+00:00,train,5,8785,self,0.8100000000000875,0,100,,
2025-11-27T00:42:17.573272+00:00,train,5,8786,self,0.8100000000000875,0,100,,
2025-11-27T00:42:17.573404+00:00,train,5,8787,self,0.8100000000000875,0,94,,
2025-11-27T00:42:17.573592+00:00,train,5,8788,self,0.8100000000000875,0,100,,
2025-11-27T00:42:17.573756+00:00,train,5,8789,self,0.8100000000000875,0,97,,
2025-11-27T00:42:17.573897+00:00,train,5,8790,self,0.8100000000000875,0,100,,
2025-11-27T00:42:17.574029+00:00,train,5,8791,self,0.8100000000000875,0,97,,
2025-11-27T00:42:17.574176+00:00,train,5,8792,self,0.8100000000000875,0,99,,
2025-11-27T00:42:17.574302+00:00,train,5,8793,self,0.8100000000000875,0,92,,
2025-11-27T00:42:17.574479+00:00,train,5,8794,self,0.8100000000000875,0,93,,
2025-11-27T00:42:17.574651+00:00,train,5,8795,self,0.8100000000000875,0,99,,
2025-11-27T00:42:17.574808+00:00,train,5,8796,self,0.8100000000000875,0,100,,
2025-11-27T00:42:17.574945+00:00,train,5,8797,self,0.8100000000000875,0,90,,
2025-11-27T00:42:17.575075+00:00,train,5,8798,self,0.8100000000000875,0,93,,
2025-11-27T00:42:17.575208+00:00,train,5,8799,self,0.8100000000000875,0,96,,
2025-11-27T00:42:17.575346+00:00,train,5,8800,self,0.8100000000000875,0,99,,
2025-11-27T00:42:17.575481+00:00,train,5,8801,self,0.8100000000000875,0,93,,
2025-11-27T00:42:17.575617+00:00,train,5,8802,self,0.8100000000000875,0,96,,
2025-11-27T00:42:17.575762+00:00,train,5,8803,self,0.8100000000000875,0,99,,
2025-11-27T00:42:17.575889+00:00,train,5,8804,self,0.8100000000000875,0,99,,
2025-11-27T00:42:17.576017+00:00,train,5,8805,self,0.8100000000000875,0,94,,
2025-11-27T00:42:17.576139+00:00,train,5,8806,self,0.8100000000000875,0,98,,
2025-11-27T00:42:17.576258+00:00,train,5,8807,self,0.8100000000000875,0,93,,
2025-11-27T00:42:17.576377+00:00,train,5,8808,self,0.8100000000000875,0,96,,
2025-11-27T00:42:17.576495+00:00,train,5,8809,self,0.8100000000000875,0,81,,
2025-11-27T00:42:17.576613+00:00,train,5,8810,self,0.8100000000000875,0,100,,
2025-11-27T00:42:17.576747+00:00,train,5,8811,self,0.8100000000000875,0,96,,
2025-11-27T00:42:17.576863+00:00,train,5,8812,self,0.8100000000000875,0,100,,
2025-11-27T00:42:17.576979+00:00,train,5,8813,self,0.8100000000000875,0,89,,
2025-11-27T00:42:17.577095+00:00,train,5,8814,self,0.8100000000000875,0,99,,
2025-11-27T00:42:17.577211+00:00,train,5,8815,self,0.8100000000000875,0,96,,
2025-11-27T00:42:17.577326+00:00,train,5,8816,self,0.8100000000000875,0,98,,
2025-11-27T00:42:17.577442+00:00,train,5,8817,self,0.8100000000000875,0,97,,
2025-11-27T00:42:17.577557+00:00,train,5,8818,self,0.8100000000000875,0,97,,
2025-11-27T00:42:17.577686+00:00,train,5,8819,self,0.8100000000000875,0,96,,
2025-11-27T00:42:17.577798+00:00,train,5,8820,self,0.8100000000000875,0,98,,
2025-11-27T00:42:17.577910+00:00,train,5,8821,self,0.8100000000000875,0,87,,
2025-11-27T00:42:17.578022+00:00,train,5,8822,self,0.8100000000000875,0,97,,
2025-11-27T00:42:17.578135+00:00,train,5,8823,self,0.8100000000000875,0,90,,
2025-11-27T00:42:17.578247+00:00,train,5,8824,self,0.8100000000000875,0,99,,
2025-11-27T00:42:17.578450+00:00,train,5,8825,self,0.8100000000000875,0,99,,
2025-11-27T00:42:17.578564+00:00,train,5,8826,self,0.8100000000000875,0,100,,
2025-11-27T00:42:17.578676+00:00,train,5,8827,self,0.8100000000000875,0,95,,
2025-11-27T00:42:17.578788+00:00,train,5,8828,self,0.8100000000000875,0,97,,
2025-11-27T00:42:17.578947+00:00,train,5,8829,self,0.8100000000000875,0,96,,
2025-11-27T00:42:17.579115+00:00,train,5,8830,self,0.8100000000000875,0,100,,
2025-11-27T00:42:17.579318+00:00,train,5,8831,self,0.8100000000000875,0,96,,
2025-11-27T00:42:17.579448+00:00,train,5,8832,self,0.8100000000000875,0,100,,
2025-11-27T00:42:17.579609+00:00,train,5,8833,self,0.8100000000000875,0,93,,
2025-11-27T00:42:17.579737+00:00,train,5,8834,self,0.8100000000000875,0,93,,
2025-11-27T00:42:17.579863+00:00,train,5,8835,self,0.8100000000000875,0,93,,
2025-11-27T00:42:17.579980+00:00,train,5,8836,self,0.8100000000000875,0,100,,
2025-11-27T00:42:17.580150+00:00,train,5,8837,self,0.8100000000000875,0,97,,
2025-11-27T00:42:17.580278+00:00,train,5,8838,self,0.8100000000000875,0,100,,
2025-11-27T00:42:17.580433+00:00,train,5,8839,self,0.8100000000000875,0,86,,
2025-11-27T00:42:17.580561+00:00,train,5,8840,self,0.8100000000000875,0,99,,
2025-11-27T00:42:17.580677+00:00,train,5,8841,self,0.8100000000000875,0,96,,
2025-11-27T00:42:17.580792+00:00,train,5,8842,self,0.8100000000000875,0,99,,
2025-11-27T00:42:17.580904+00:00,train,5,8843,self,0.8100000000000875,0,91,,
2025-11-27T00:42:17.581015+00:00,train,5,8844,self,0.8100000000000875,0,96,,
2025-11-27T00:42:17.581125+00:00,train,5,8845,self,0.8100000000000875,0,97,,
2025-11-27T00:42:17.581234+00:00,train,5,8846,self,0.8100000000000875,0,100,,
2025-11-27T00:42:17.581343+00:00,train,5,8847,self,0.8100000000000875,0,97,,
2025-11-27T00:42:17.581452+00:00,train,5,8848,self,0.8100000000000875,0,100,,
2025-11-27T00:42:17.581562+00:00,train,5,8849,self,0.8100000000000875,0,98,,
2025-11-27T00:42:17.581671+00:00,train,5,8850,self,0.8100000000000875,0,100,,
2025-11-27T00:42:17.581779+00:00,train,5,8851,self,0.8100000000000875,0,89,,
2025-11-27T00:42:17.581887+00:00,train,5,8852,self,0.8100000000000875,0,99,,
2025-11-27T00:42:17.581995+00:00,train,5,8853,self,0.8100000000000875,0,87,,
2025-11-27T00:42:17.582102+00:00,train,5,8854,self,0.8100000000000875,0,100,,
2025-11-27T00:42:17.582210+00:00,train,5,8855,self,0.8100000000000875,0,99,,
2025-11-27T00:42:17.582317+00:00,train,5,8856,self,0.8100000000000875,0,99,,
2025-11-27T00:42:17.582425+00:00,train,5,8857,self,0.8100000000000875,0,94,,
2025-11-27T00:42:17.582533+00:00,train,5,8858,self,0.8100000000000875,0,99,,
2025-11-27T00:42:17.582641+00:00,train,5,8859,self,0.8100000000000875,0,94,,
2025-11-27T00:42:17.582750+00:00,train,5,8860,self,0.8100000000000875,0,97,,
2025-11-27T00:42:17.582862+00:00,train,5,8861,self,0.8100000000000875,0,93,,
2025-11-27T00:42:17.583027+00:00,train,5,8862,self,0.8100000000000875,0,98,,
2025-11-27T00:42:17.583169+00:00,train,5,8863,self,0.8100000000000875,0,95,,
2025-11-27T00:42:17.583299+00:00,train,5,8864,self,0.8100000000000875,0,100,,
2025-11-27T00:42:17.583422+00:00,train,5,8865,self,0.8100000000000875,0,95,,
2025-11-27T00:42:17.583555+00:00,train,5,8866,self,0.8100000000000875,0,99,,
2025-11-27T00:42:17.583672+00:00,train,5,8867,self,0.8100000000000875,0,100,,
2025-11-27T00:42:17.583837+00:00,train,5,8868,self,0.8100000000000875,0,100,,
2025-11-27T00:42:17.583972+00:00,train,5,8869,self,0.8100000000000875,0,93,,
2025-11-27T00:42:17.584096+00:00,train,5,8870,self,0.8100000000000875,0,98,,
2025-11-27T00:42:17.584214+00:00,train,5,8871,self,0.8100000000000875,0,91,,
2025-11-27T00:42:17.584376+00:00,train,5,8872,self,0.8100000000000875,0,97,,
2025-11-27T00:42:17.584502+00:00,train,5,8873,self,0.8100000000000875,0,90,,
2025-11-27T00:42:17.584620+00:00,train,5,8874,self,0.8100000000000875,0,98,,
2025-11-27T00:42:17.584733+00:00,train,5,8875,self,0.8100000000000875,0,88,,
2025-11-27T00:42:17.584870+00:00,train,5,8876,self,0.8100000000000875,0,98,,
2025-11-27T00:42:17.584991+00:00,train,5,8877,self,0.8100000000000875,0,88,,
2025-11-27T00:42:17.585105+00:00,train,5,8878,self,0.8100000000000875,0,93,,
2025-11-27T00:42:17.585218+00:00,train,5,8879,self,0.8100000000000875,0,96,,
2025-11-27T00:42:17.585334+00:00,train,5,8880,self,0.8100000000000875,0,100,,
2025-11-27T00:42:17.585576+00:00,train,5,8881,self,0.8100000000000875,0,91,,
2025-11-27T00:42:17.585895+00:00,train,5,8882,self,0.8100000000000875,0,95,,
2025-11-27T00:42:17.586271+00:00,train,5,8883,self,0.8100000000000875,0,96,,
2025-11-27T00:42:17.586649+00:00,train,5,8884,self,0.8100000000000875,0,100,,
2025-11-27T00:42:17.586872+00:00,train,5,8885,self,0.8100000000000875,0,98,,
2025-11-27T00:42:17.587017+00:00,train,5,8886,self,0.8100000000000875,0,98,,
2025-11-27T00:42:17.587144+00:00,train,5,8887,self,0.8100000000000875,0,100,,
2025-11-27T00:42:17.587359+00:00,train,5,8888,self,0.8100000000000875,0,100,,
2025-11-27T00:42:17.587493+00:00,train,5,8889,self,0.8100000000000875,0,95,,
2025-11-27T00:42:17.587661+00:00,train,5,8890,self,0.8100000000000875,0,97,,
2025-11-27T00:42:17.587804+00:00,train,5,8891,self,0.8100000000000875,0,98,,
2025-11-27T00:42:17.588008+00:00,train,5,8892,self,0.8100000000000875,0,99,,
2025-11-27T00:42:17.588155+00:00,train,5,8893,self,0.8100000000000875,0,85,,
2025-11-27T00:42:17.588347+00:00,train,5,8894,self,0.8100000000000875,0,98,,
2025-11-27T00:42:17.588608+00:00,train,5,8895,self,0.8100000000000875,0,100,,
2025-11-27T00:42:17.588818+00:00,train,5,8896,self,0.8100000000000875,0,100,,
2025-11-27T00:42:17.588964+00:00,train,5,8897,self,0.8100000000000875,0,99,,
2025-11-27T00:42:17.589092+00:00,train,5,8898,self,0.8100000000000875,0,99,,
2025-11-27T00:42:17.589266+00:00,train,5,8899,self,0.8100000000000875,0,90,,
2025-11-27T00:42:17.589445+00:00,train,5,8900,self,0.8100000000000875,0,99,,
2025-11-27T00:42:17.589598+00:00,train,5,8901,self,0.8100000000000875,0,96,,
2025-11-27T00:42:17.589747+00:00,train,5,8902,self,0.8100000000000875,0,100,,
2025-11-27T00:42:17.589935+00:00,train,5,8903,self,0.8100000000000875,0,91,,
2025-11-27T00:42:17.590077+00:00,train,5,8904,self,0.8100000000000875,0,97,,
2025-11-27T00:42:17.590213+00:00,train,5,8905,self,0.8100000000000875,0,98,,
2025-11-27T00:42:17.590345+00:00,train,5,8906,self,0.8100000000000875,0,100,,
2025-11-27T00:42:17.590476+00:00,train,5,8907,self,0.8100000000000875,0,93,,
2025-11-27T00:42:17.590750+00:00,train,5,8908,self,0.8100000000000875,0,95,,
2025-11-27T00:42:17.590903+00:00,train,5,8909,self,0.8100000000000875,0,75,,
2025-11-27T00:42:17.591043+00:00,train,5,8910,self,0.8100000000000875,0,90,,
2025-11-27T00:42:17.591176+00:00,train,5,8911,self,0.8100000000000875,0,96,,
2025-11-27T00:42:17.591306+00:00,train,5,8912,self,0.8100000000000875,0,99,,
2025-11-27T00:42:17.591435+00:00,train,5,8913,self,0.8100000000000875,0,88,,
2025-11-27T00:42:17.591563+00:00,train,5,8914,self,0.8100000000000875,0,98,,
2025-11-27T00:42:17.591707+00:00,train,5,8915,self,0.8100000000000875,0,93,,
2025-11-27T00:42:17.591990+00:00,train,5,8916,self,0.8100000000000875,0,99,,
2025-11-27T00:42:17.592222+00:00,train,5,8917,self,0.8100000000000875,0,98,,
2025-11-27T00:42:17.592389+00:00,train,5,8918,self,0.8100000000000875,0,100,,
2025-11-27T00:42:17.592532+00:00,train,5,8919,self,0.8100000000000875,0,98,,
2025-11-27T00:42:17.592670+00:00,train,5,8920,self,0.8100000000000875,0,100,,
2025-11-27T00:42:17.592826+00:00,train,5,8921,self,0.8100000000000875,0,76,,
2025-11-27T00:42:17.592963+00:00,train,5,8922,self,0.8100000000000875,0,99,,
2025-11-27T00:42:17.593103+00:00,train,5,8923,self,0.8100000000000875,0,99,,
2025-11-27T00:42:17.593282+00:00,train,5,8924,self,0.8100000000000875,0,100,,
2025-11-27T00:42:17.593453+00:00,train,5,8925,self,0.8100000000000875,0,93,,
2025-11-27T00:42:17.593601+00:00,train,5,8926,self,0.8100000000000875,0,96,,
2025-11-27T00:42:17.593763+00:00,train,5,8927,self,0.8100000000000875,0,94,,
2025-11-27T00:42:17.594018+00:00,train,5,8928,self,0.8100000000000875,0,98,,
2025-11-27T00:42:17.594309+00:00,train,5,8929,self,0.8100000000000875,0,98,,
2025-11-27T00:42:17.594483+00:00,train,5,8930,self,0.8100000000000875,0,99,,
2025-11-27T00:42:17.594636+00:00,train,5,8931,self,0.8100000000000875,0,98,,
2025-11-27T00:42:17.594781+00:00,train,5,8932,self,0.8100000000000875,0,100,,
2025-11-27T00:42:17.594922+00:00,train,5,8933,self,0.8100000000000875,0,92,,
2025-11-27T00:42:17.595060+00:00,train,5,8934,self,0.8100000000000875,0,95,,
2025-11-27T00:42:17.595197+00:00,train,5,8935,self,0.8100000000000875,0,92,,
2025-11-27T00:42:17.595332+00:00,train,5,8936,self,0.8100000000000875,0,98,,
2025-11-27T00:42:17.595467+00:00,train,5,8937,self,0.8100000000000875,0,86,,
2025-11-27T00:42:17.595664+00:00,train,5,8938,self,0.8100000000000875,0,91,,
2025-11-27T00:42:17.595826+00:00,train,5,8939,self,0.8100000000000875,0,87,,
2025-11-27T00:42:17.595976+00:00,train,5,8940,self,0.8100000000000875,0,96,,
2025-11-27T00:42:17.596121+00:00,train,5,8941,self,0.8100000000000875,0,95,,
2025-11-27T00:42:17.596268+00:00,train,5,8942,self,0.8100000000000875,0,97,,
2025-11-27T00:42:17.596409+00:00,train,5,8943,self,0.8100000000000875,0,88,,
2025-11-27T00:42:17.596549+00:00,train,5,8944,self,0.8100000000000875,0,94,,
2025-11-27T00:42:17.596688+00:00,train,5,8945,self,0.8100000000000875,0,100,,
2025-11-27T00:42:17.596826+00:00,train,5,8946,self,0.8100000000000875,0,100,,
2025-11-27T00:42:17.596963+00:00,train,5,8947,self,0.8100000000000875,0,98,,
2025-11-27T00:42:17.597101+00:00,train,5,8948,self,0.8100000000000875,0,98,,
2025-11-27T00:42:17.597239+00:00,train,5,8949,self,0.8100000000000875,0,96,,
2025-11-27T00:42:17.597377+00:00,train,5,8950,self,0.8100000000000875,0,99,,
2025-11-27T00:42:17.597514+00:00,train,5,8951,self,0.8100000000000875,0,93,,
2025-11-27T00:42:17.597665+00:00,train,5,8952,self,0.8100000000000875,0,97,,
2025-11-27T00:42:17.597808+00:00,train,5,8953,self,0.8100000000000875,0,96,,
2025-11-27T00:42:17.597949+00:00,train,5,8954,self,0.8100000000000875,0,97,,
2025-11-27T00:42:17.598091+00:00,train,5,8955,self,0.8100000000000875,0,86,,
2025-11-27T00:42:17.598232+00:00,train,5,8956,self,0.8100000000000875,0,88,,
2025-11-27T00:42:17.598372+00:00,train,5,8957,self,0.8100000000000875,0,98,,
2025-11-27T00:42:17.598513+00:00,train,5,8958,self,0.8100000000000875,0,100,,
2025-11-27T00:42:17.598655+00:00,train,5,8959,self,0.8100000000000875,0,93,,
2025-11-27T00:42:17.598795+00:00,train,5,8960,self,0.8100000000000875,0,98,,
2025-11-27T00:42:17.598936+00:00,train,5,8961,self,0.8100000000000875,0,95,,
2025-11-27T00:42:17.599077+00:00,train,5,8962,self,0.8100000000000875,0,100,,
2025-11-27T00:42:17.599217+00:00,train,5,8963,self,0.8100000000000875,0,97,,
2025-11-27T00:42:17.599358+00:00,train,5,8964,self,0.8100000000000875,0,100,,
2025-11-27T00:42:17.599498+00:00,train,5,8965,self,0.8100000000000875,0,98,,
2025-11-27T00:42:17.599639+00:00,train,5,8966,self,0.8100000000000875,0,100,,
2025-11-27T00:42:17.599790+00:00,train,5,8967,self,0.8100000000000875,0,74,,
2025-11-27T00:42:17.599927+00:00,train,5,8968,self,0.8100000000000875,0,96,,
2025-11-27T00:42:17.600063+00:00,train,5,8969,self,0.8100000000000875,0,94,,
2025-11-27T00:42:17.600200+00:00,train,5,8970,self,0.8100000000000875,0,94,,
2025-11-27T00:42:17.600336+00:00,train,5,8971,self,0.8100000000000875,0,94,,
2025-11-27T00:42:17.600472+00:00,train,5,8972,self,0.8100000000000875,0,99,,
2025-11-27T00:42:17.600608+00:00,train,5,8973,self,0.8100000000000875,0,98,,
2025-11-27T00:42:17.600745+00:00,train,5,8974,self,0.8100000000000875,0,99,,
2025-11-27T00:42:17.600881+00:00,train,5,8975,self,0.8100000000000875,0,93,,
2025-11-27T00:42:17.601016+00:00,train,5,8976,self,0.8100000000000875,0,94,,
2025-11-27T00:42:17.601153+00:00,train,5,8977,self,0.8100000000000875,0,91,,
2025-11-27T00:42:17.601289+00:00,train,5,8978,self,0.8100000000000875,0,99,,
2025-11-27T00:42:17.601425+00:00,train,5,8979,self,0.8100000000000875,0,90,,
2025-11-27T00:42:17.601561+00:00,train,5,8980,self,0.8100000000000875,0,100,,
2025-11-27T00:42:17.601697+00:00,train,5,8981,self,0.8100000000000875,0,94,,
2025-11-27T00:42:17.601837+00:00,train,5,8982,self,0.8100000000000875,0,99,,
2025-11-27T00:42:17.601973+00:00,train,5,8983,self,0.8100000000000875,0,91,,
2025-11-27T00:42:17.602114+00:00,train,5,8984,self,0.8100000000000875,0,98,,
2025-11-27T00:42:17.602251+00:00,train,5,8985,self,0.8100000000000875,0,94,,
2025-11-27T00:42:17.602386+00:00,train,5,8986,self,0.8100000000000875,0,96,,
2025-11-27T00:42:17.602529+00:00,train,5,8987,self,0.8100000000000875,0,97,,
2025-11-27T00:42:17.602666+00:00,train,5,8988,self,0.8100000000000875,0,98,,
2025-11-27T00:42:17.602803+00:00,train,5,8989,self,0.8100000000000875,0,94,,
2025-11-27T00:42:17.602943+00:00,train,5,8990,self,0.8100000000000875,0,100,,
2025-11-27T00:42:17.603099+00:00,train,5,8991,self,0.8100000000000875,0,98,,
2025-11-27T00:42:17.603247+00:00,train,5,8992,self,0.8100000000000875,0,98,,
2025-11-27T00:42:17.603446+00:00,train,5,8993,self,0.8100000000000875,0,93,,
2025-11-27T00:42:17.603605+00:00,train,5,8994,self,0.8100000000000875,0,93,,
2025-11-27T00:42:17.603900+00:00,train,5,8995,self,0.8100000000000875,0,95,,
2025-11-27T00:42:17.604138+00:00,train,5,8996,self,0.8100000000000875,0,95,,
2025-11-27T00:42:17.604321+00:00,train,5,8997,self,0.8100000000000875,0,96,,
2025-11-27T00:42:17.604474+00:00,train,5,8998,self,0.8100000000000875,0,97,,
2025-11-27T00:42:17.604621+00:00,train,5,8999,self,0.8100000000000875,0,97,,
2025-11-27T00:42:17.604764+00:00,train,5,9000,self,0.8100000000000875,0,100,,
2025-11-27T00:42:17.608080+00:00,train,5,9001,self,0.8100000000000875,0,86,,
2025-11-27T00:42:17.608320+00:00,train,5,9002,self,0.8100000000000875,0,98,,
2025-11-27T00:42:17.608485+00:00,train,5,9003,self,0.8100000000000875,0,99,,
2025-11-27T00:42:17.608641+00:00,train,5,9004,self,0.8100000000000875,0,100,,
2025-11-27T00:42:17.608793+00:00,train,5,9005,self,0.8100000000000875,0,91,,
2025-11-27T00:42:17.608943+00:00,train,5,9006,self,0.8100000000000875,0,94,,
2025-11-27T00:42:17.609093+00:00,train,5,9007,self,0.8100000000000875,0,81,,
2025-11-27T00:42:17.609241+00:00,train,5,9008,self,0.8100000000000875,0,95,,
2025-11-27T00:42:17.609387+00:00,train,5,9009,self,0.8100000000000875,0,98,,
2025-11-27T00:42:17.609533+00:00,train,5,9010,self,0.8100000000000875,0,99,,
2025-11-27T00:42:17.609679+00:00,train,5,9011,self,0.8100000000000875,0,92,,
2025-11-27T00:42:17.609825+00:00,train,5,9012,self,0.8100000000000875,0,100,,
2025-11-27T00:42:17.609970+00:00,train,5,9013,self,0.8100000000000875,0,98,,
2025-11-27T00:42:17.610115+00:00,train,5,9014,self,0.8100000000000875,0,100,,
2025-11-27T00:42:17.610260+00:00,train,5,9015,self,0.8100000000000875,0,96,,
2025-11-27T00:42:17.610404+00:00,train,5,9016,self,0.8100000000000875,0,99,,
2025-11-27T00:42:17.610549+00:00,train,5,9017,self,0.8100000000000875,0,85,,
2025-11-27T00:42:17.610695+00:00,train,5,9018,self,0.8100000000000875,0,99,,
2025-11-27T00:42:17.610842+00:00,train,5,9019,self,0.8100000000000875,0,96,,
2025-11-27T00:42:17.610987+00:00,train,5,9020,self,0.8100000000000875,0,100,,
2025-11-27T00:42:17.611132+00:00,train,5,9021,self,0.8100000000000875,0,98,,
2025-11-27T00:42:17.611278+00:00,train,5,9022,self,0.8100000000000875,0,100,,
2025-11-27T00:42:17.611423+00:00,train,5,9023,self,0.8100000000000875,0,90,,
2025-11-27T00:42:17.611568+00:00,train,5,9024,self,0.8100000000000875,0,98,,
2025-11-27T00:42:17.611714+00:00,train,5,9025,self,0.8100000000000875,0,98,,
2025-11-27T00:42:17.611859+00:00,train,5,9026,self,0.8100000000000875,0,99,,
2025-11-27T00:42:17.612004+00:00,train,5,9027,self,0.8100000000000875,0,92,,
2025-11-27T00:42:17.612149+00:00,train,5,9028,self,0.8100000000000875,0,99,,
2025-11-27T00:42:17.612294+00:00,train,5,9029,self,0.8100000000000875,0,97,,
2025-11-27T00:42:17.612440+00:00,train,5,9030,self,0.8100000000000875,0,98,,
2025-11-27T00:42:17.612587+00:00,train,5,9031,self,0.8100000000000875,0,85,,
2025-11-27T00:42:17.612732+00:00,train,5,9032,self,0.8100000000000875,0,98,,
2025-11-27T00:42:17.612877+00:00,train,5,9033,self,0.8100000000000875,0,100,,
2025-11-27T00:42:17.613022+00:00,train,5,9034,self,0.8100000000000875,0,100,,
2025-11-27T00:42:17.613172+00:00,train,5,9035,self,0.8100000000000875,0,90,,
2025-11-27T00:42:17.613317+00:00,train,5,9036,self,0.8100000000000875,0,98,,
2025-11-27T00:42:17.613463+00:00,train,5,9037,self,0.8100000000000875,0,98,,
2025-11-27T00:42:17.613608+00:00,train,5,9038,self,0.8100000000000875,0,99,,
2025-11-27T00:42:17.613752+00:00,train,5,9039,self,0.8100000000000875,0,92,,
2025-11-27T00:42:17.613904+00:00,train,5,9040,self,0.8100000000000875,0,95,,
2025-11-27T00:42:17.614052+00:00,train,5,9041,self,0.8100000000000875,0,96,,
2025-11-27T00:42:17.614199+00:00,train,5,9042,self,0.8100000000000875,0,98,,
2025-11-27T00:42:17.614365+00:00,train,5,9043,self,0.8100000000000875,0,86,,
2025-11-27T00:42:17.614577+00:00,train,5,9044,self,0.8100000000000875,0,99,,
2025-11-27T00:42:17.614743+00:00,train,5,9045,self,0.8100000000000875,0,98,,
2025-11-27T00:42:17.614900+00:00,train,5,9046,self,0.8100000000000875,0,100,,
2025-11-27T00:42:17.615052+00:00,train,5,9047,self,0.8100000000000875,0,99,,
2025-11-27T00:42:17.615291+00:00,train,5,9048,self,0.8100000000000875,0,99,,
2025-11-27T00:42:17.615500+00:00,train,5,9049,self,0.8100000000000875,0,91,,
2025-11-27T00:42:17.615857+00:00,train,5,9050,self,0.8100000000000875,0,99,,
2025-11-27T00:42:17.616064+00:00,train,5,9051,self,0.8100000000000875,0,85,,
2025-11-27T00:42:17.616245+00:00,train,5,9052,self,0.8100000000000875,0,97,,
2025-11-27T00:42:17.616429+00:00,train,5,9053,self,0.8100000000000875,0,95,,
2025-11-27T00:42:17.616673+00:00,train,5,9054,self,0.8100000000000875,0,96,,
2025-11-27T00:42:17.616912+00:00,train,5,9055,self,0.8100000000000875,0,95,,
2025-11-27T00:42:17.617099+00:00,train,5,9056,self,0.8100000000000875,0,98,,
2025-11-27T00:42:17.617261+00:00,train,5,9057,self,0.8100000000000875,0,99,,
2025-11-27T00:42:17.617417+00:00,train,5,9058,self,0.8100000000000875,0,100,,
2025-11-27T00:42:17.617572+00:00,train,5,9059,self,0.8100000000000875,0,84,,
2025-11-27T00:42:17.617731+00:00,train,5,9060,self,0.8100000000000875,0,99,,
2025-11-27T00:42:17.617903+00:00,train,5,9061,self,0.8100000000000875,0,92,,
2025-11-27T00:42:17.618112+00:00,train,5,9062,self,0.8100000000000875,0,99,,
2025-11-27T00:42:17.618278+00:00,train,5,9063,self,0.8100000000000875,0,86,,
2025-11-27T00:42:17.618433+00:00,train,5,9064,self,0.8100000000000875,0,97,,
2025-11-27T00:42:17.618586+00:00,train,5,9065,self,0.8100000000000875,0,87,,
2025-11-27T00:42:17.618736+00:00,train,5,9066,self,0.8100000000000875,0,99,,
2025-11-27T00:42:17.618884+00:00,train,5,9067,self,0.8100000000000875,0,93,,
2025-11-27T00:42:17.619029+00:00,train,5,9068,self,0.8100000000000875,0,97,,
2025-11-27T00:42:17.619176+00:00,train,5,9069,self,0.8100000000000875,0,99,,
2025-11-27T00:42:17.619321+00:00,train,5,9070,self,0.8100000000000875,0,100,,
2025-11-27T00:42:17.619467+00:00,train,5,9071,self,0.8100000000000875,0,98,,
2025-11-27T00:42:17.619613+00:00,train,5,9072,self,0.8100000000000875,0,100,,
2025-11-27T00:42:17.619767+00:00,train,5,9073,self,0.8100000000000875,0,94,,
2025-11-27T00:42:17.619924+00:00,train,5,9074,self,0.8100000000000875,0,100,,
2025-11-27T00:42:17.620082+00:00,train,5,9075,self,0.8100000000000875,0,94,,
2025-11-27T00:42:17.620235+00:00,train,5,9076,self,0.8100000000000875,0,98,,
2025-11-27T00:42:17.620379+00:00,train,5,9077,self,0.8100000000000875,0,84,,
2025-11-27T00:42:17.620534+00:00,train,5,9078,self,0.8100000000000875,0,97,,
2025-11-27T00:42:17.620679+00:00,train,5,9079,self,0.8100000000000875,0,95,,
2025-11-27T00:42:17.620825+00:00,train,5,9080,self,0.8100000000000875,0,100,,
2025-11-27T00:42:17.620969+00:00,train,5,9081,self,0.8100000000000875,0,98,,
2025-11-27T00:42:17.621114+00:00,train,5,9082,self,0.8100000000000875,0,100,,
2025-11-27T00:42:17.621264+00:00,train,5,9083,self,0.8100000000000875,0,94,,
2025-11-27T00:42:17.621413+00:00,train,5,9084,self,0.8100000000000875,0,100,,
2025-11-27T00:42:17.621565+00:00,train,5,9085,self,0.8100000000000875,0,98,,
2025-11-27T00:42:17.621732+00:00,train,5,9086,self,0.8100000000000875,0,98,,
2025-11-27T00:42:17.621887+00:00,train,5,9087,self,0.8100000000000875,0,90,,
2025-11-27T00:42:17.622032+00:00,train,5,9088,self,0.8100000000000875,0,100,,
2025-11-27T00:42:17.622177+00:00,train,5,9089,self,0.8100000000000875,0,82,,
2025-11-27T00:42:17.622399+00:00,train,5,9090,self,0.8100000000000875,0,99,,
2025-11-27T00:42:17.622566+00:00,train,5,9091,self,0.8100000000000875,0,94,,
2025-11-27T00:42:17.622763+00:00,train,5,9092,self,0.8100000000000875,0,97,,
2025-11-27T00:42:17.622958+00:00,train,5,9093,self,0.8100000000000875,0,97,,
2025-11-27T00:42:17.623123+00:00,train,5,9094,self,0.8100000000000875,0,98,,
2025-11-27T00:42:17.623282+00:00,train,5,9095,self,0.8100000000000875,0,82,,
2025-11-27T00:42:17.623435+00:00,train,5,9096,self,0.8100000000000875,0,90,,
2025-11-27T00:42:17.623585+00:00,train,5,9097,self,0.8100000000000875,0,89,,
2025-11-27T00:42:17.623732+00:00,train,5,9098,self,0.8100000000000875,0,96,,
2025-11-27T00:42:17.623879+00:00,train,5,9099,self,0.8100000000000875,0,93,,
2025-11-27T00:42:17.624030+00:00,train,5,9100,self,0.8100000000000875,0,98,,
2025-11-27T00:42:17.624178+00:00,train,5,9101,self,0.8100000000000875,0,90,,
2025-11-27T00:42:17.624329+00:00,train,5,9102,self,0.8100000000000875,0,94,,
2025-11-27T00:42:17.624488+00:00,train,5,9103,self,0.8100000000000875,0,98,,
2025-11-27T00:42:17.624696+00:00,train,5,9104,self,0.8100000000000875,0,98,,
2025-11-27T00:42:17.624854+00:00,train,5,9105,self,0.8100000000000875,0,89,,
2025-11-27T00:42:17.625005+00:00,train,5,9106,self,0.8100000000000875,0,95,,
2025-11-27T00:42:17.625159+00:00,train,5,9107,self,0.8100000000000875,0,96,,
2025-11-27T00:42:17.625307+00:00,train,5,9108,self,0.8100000000000875,0,98,,
2025-11-27T00:42:17.625458+00:00,train,5,9109,self,0.8100000000000875,0,97,,
2025-11-27T00:42:17.625611+00:00,train,5,9110,self,0.8100000000000875,0,98,,
2025-11-27T00:42:17.625792+00:00,train,5,9111,self,0.8100000000000875,0,97,,
2025-11-27T00:42:17.625996+00:00,train,5,9112,self,0.8100000000000875,0,97,,
2025-11-27T00:42:17.626166+00:00,train,5,9113,self,0.8100000000000875,0,90,,
2025-11-27T00:42:17.626328+00:00,train,5,9114,self,0.8100000000000875,0,94,,
2025-11-27T00:42:17.626482+00:00,train,5,9115,self,0.8100000000000875,0,100,,
2025-11-27T00:42:17.626634+00:00,train,5,9116,self,0.8100000000000875,0,100,,
2025-11-27T00:42:17.626786+00:00,train,5,9117,self,0.8100000000000875,0,89,,
2025-11-27T00:42:17.626935+00:00,train,5,9118,self,0.8100000000000875,0,99,,
2025-11-27T00:42:17.627084+00:00,train,5,9119,self,0.8100000000000875,0,88,,
2025-11-27T00:42:17.627233+00:00,train,5,9120,self,0.8100000000000875,0,100,,
2025-11-27T00:42:17.627381+00:00,train,5,9121,self,0.8100000000000875,0,92,,
2025-11-27T00:42:17.627529+00:00,train,5,9122,self,0.8100000000000875,0,94,,
2025-11-27T00:42:17.627677+00:00,train,5,9123,self,0.8100000000000875,0,98,,
2025-11-27T00:42:17.627825+00:00,train,5,9124,self,0.8100000000000875,0,100,,
2025-11-27T00:42:17.627973+00:00,train,5,9125,self,0.8100000000000875,0,99,,
2025-11-27T00:42:17.628121+00:00,train,5,9126,self,0.8100000000000875,0,100,,
2025-11-27T00:42:17.628268+00:00,train,5,9127,self,0.8100000000000875,0,83,,
2025-11-27T00:42:17.628415+00:00,train,5,9128,self,0.8100000000000875,0,99,,
2025-11-27T00:42:17.628562+00:00,train,5,9129,self,0.8100000000000875,0,96,,
2025-11-27T00:42:17.628709+00:00,train,5,9130,self,0.8100000000000875,0,99,,
2025-11-27T00:42:17.628857+00:00,train,5,9131,self,0.8100000000000875,0,94,,
2025-11-27T00:42:17.629005+00:00,train,5,9132,self,0.8100000000000875,0,97,,
2025-11-27T00:42:17.629152+00:00,train,5,9133,self,0.8100000000000875,0,94,,
2025-11-27T00:42:17.629299+00:00,train,5,9134,self,0.8100000000000875,0,97,,
2025-11-27T00:42:17.629446+00:00,train,5,9135,self,0.8100000000000875,0,93,,
2025-11-27T00:42:17.629592+00:00,train,5,9136,self,0.8100000000000875,0,97,,
2025-11-27T00:42:17.629738+00:00,train,5,9137,self,0.8100000000000875,0,97,,
2025-11-27T00:42:17.629886+00:00,train,5,9138,self,0.8100000000000875,0,97,,
2025-11-27T00:42:17.630037+00:00,train,5,9139,self,0.8100000000000875,0,95,,
2025-11-27T00:42:17.630184+00:00,train,5,9140,self,0.8100000000000875,0,96,,
2025-11-27T00:42:17.630330+00:00,train,5,9141,self,0.8100000000000875,0,86,,
2025-11-27T00:42:17.630477+00:00,train,5,9142,self,0.8100000000000875,0,94,,
2025-11-27T00:42:17.630623+00:00,train,5,9143,self,0.8100000000000875,0,77,,
2025-11-27T00:42:17.630770+00:00,train,5,9144,self,0.8100000000000875,0,98,,
2025-11-27T00:42:17.630916+00:00,train,5,9145,self,0.8100000000000875,0,85,,
2025-11-27T00:42:17.631062+00:00,train,5,9146,self,0.8100000000000875,0,95,,
2025-11-27T00:42:17.631208+00:00,train,5,9147,self,0.8100000000000875,0,91,,
2025-11-27T00:42:17.631353+00:00,train,5,9148,self,0.8100000000000875,0,97,,
2025-11-27T00:42:17.631499+00:00,train,5,9149,self,0.8100000000000875,0,96,,
2025-11-27T00:42:17.631644+00:00,train,5,9150,self,0.8100000000000875,0,100,,
2025-11-27T00:42:17.631790+00:00,train,5,9151,self,0.8100000000000875,0,99,,
2025-11-27T00:42:17.631937+00:00,train,5,9152,self,0.8100000000000875,0,100,,
2025-11-27T00:42:17.632082+00:00,train,5,9153,self,0.8100000000000875,0,98,,
2025-11-27T00:42:17.632228+00:00,train,5,9154,self,0.8100000000000875,0,99,,
2025-11-27T00:42:17.632375+00:00,train,5,9155,self,0.8100000000000875,0,98,,
2025-11-27T00:42:17.632522+00:00,train,5,9156,self,0.8100000000000875,0,99,,
2025-11-27T00:42:17.632668+00:00,train,5,9157,self,0.8100000000000875,0,92,,
2025-11-27T00:42:17.632826+00:00,train,5,9158,self,0.8100000000000875,0,99,,
2025-11-27T00:42:17.632967+00:00,train,5,9159,self,0.8100000000000875,0,96,,
2025-11-27T00:42:17.633109+00:00,train,5,9160,self,0.8100000000000875,0,98,,
2025-11-27T00:42:17.633250+00:00,train,5,9161,self,0.8100000000000875,0,91,,
2025-11-27T00:42:17.633392+00:00,train,5,9162,self,0.8100000000000875,0,100,,
2025-11-27T00:42:17.633533+00:00,train,5,9163,self,0.8100000000000875,0,95,,
2025-11-27T00:42:17.633674+00:00,train,5,9164,self,0.8100000000000875,0,96,,
2025-11-27T00:42:17.633815+00:00,train,5,9165,self,0.8100000000000875,0,98,,
2025-11-27T00:42:17.633957+00:00,train,5,9166,self,0.8100000000000875,0,100,,
2025-11-27T00:42:17.634099+00:00,train,5,9167,self,0.8100000000000875,0,95,,
2025-11-27T00:42:17.634240+00:00,train,5,9168,self,0.8100000000000875,0,99,,
2025-11-27T00:42:17.634381+00:00,train,5,9169,self,0.8100000000000875,0,93,,
2025-11-27T00:42:17.634522+00:00,train,5,9170,self,0.8100000000000875,0,95,,
2025-11-27T00:42:17.634663+00:00,train,5,9171,self,0.8100000000000875,0,91,,
2025-11-27T00:42:17.634816+00:00,train,5,9172,self,0.8100000000000875,0,100,,
2025-11-27T00:42:17.634958+00:00,train,5,9173,self,0.8100000000000875,0,97,,
2025-11-27T00:42:17.635099+00:00,train,5,9174,self,0.8100000000000875,0,100,,
2025-11-27T00:42:17.635241+00:00,train,5,9175,self,0.8100000000000875,0,90,,
2025-11-27T00:42:17.635383+00:00,train,5,9176,self,0.8100000000000875,0,94,,
2025-11-27T00:42:17.635528+00:00,train,5,9177,self,0.8100000000000875,0,99,,
2025-11-27T00:42:17.635670+00:00,train,5,9178,self,0.8100000000000875,0,100,,
2025-11-27T00:42:17.635815+00:00,train,5,9179,self,0.8100000000000875,0,90,,
2025-11-27T00:42:17.636057+00:00,train,5,9180,self,0.8100000000000875,0,100,,
2025-11-27T00:42:17.636239+00:00,train,5,9181,self,0.8100000000000875,0,98,,
2025-11-27T00:42:17.636396+00:00,train,5,9182,self,0.8100000000000875,0,100,,
2025-11-27T00:42:17.636547+00:00,train,5,9183,self,0.8100000000000875,0,98,,
2025-11-27T00:42:17.636695+00:00,train,5,9184,self,0.8100000000000875,0,100,,
2025-11-27T00:42:17.636856+00:00,train,5,9185,self,0.8100000000000875,0,92,,
2025-11-27T00:42:17.637000+00:00,train,5,9186,self,0.8100000000000875,0,98,,
2025-11-27T00:42:17.637142+00:00,train,5,9187,self,0.8100000000000875,0,97,,
2025-11-27T00:42:17.637283+00:00,train,5,9188,self,0.8100000000000875,0,99,,
2025-11-27T00:42:17.637424+00:00,train,5,9189,self,0.8100000000000875,0,95,,
2025-11-27T00:42:17.637564+00:00,train,5,9190,self,0.8100000000000875,0,98,,
2025-11-27T00:42:17.637718+00:00,train,5,9191,self,0.8100000000000875,0,90,,
2025-11-27T00:42:17.637856+00:00,train,5,9192,self,0.8100000000000875,0,91,,
2025-11-27T00:42:17.637991+00:00,train,5,9193,self,0.8100000000000875,0,80,,
2025-11-27T00:42:17.638126+00:00,train,5,9194,self,0.8100000000000875,0,89,,
2025-11-27T00:42:17.638262+00:00,train,5,9195,self,0.8100000000000875,0,81,,
2025-11-27T00:42:17.638397+00:00,train,5,9196,self,0.8100000000000875,0,93,,
2025-11-27T00:42:17.638532+00:00,train,5,9197,self,0.8100000000000875,0,96,,
2025-11-27T00:42:17.638668+00:00,train,5,9198,self,0.8100000000000875,0,97,,
2025-11-27T00:42:17.638821+00:00,train,5,9199,self,0.8100000000000875,0,97,,
2025-11-27T00:42:17.638961+00:00,train,5,9200,self,0.8100000000000875,0,99,,
2025-11-27T00:42:17.639101+00:00,train,5,9201,self,0.8100000000000875,0,92,,
2025-11-27T00:42:17.639240+00:00,train,5,9202,self,0.8100000000000875,0,100,,
2025-11-27T00:42:17.639379+00:00,train,5,9203,self,0.8100000000000875,0,89,,
2025-11-27T00:42:17.639517+00:00,train,5,9204,self,0.8100000000000875,0,98,,
2025-11-27T00:42:17.639656+00:00,train,5,9205,self,0.8100000000000875,0,99,,
2025-11-27T00:42:17.639807+00:00,train,5,9206,self,0.8100000000000875,0,100,,
2025-11-27T00:42:17.639942+00:00,train,5,9207,self,0.8100000000000875,0,87,,
2025-11-27T00:42:17.640077+00:00,train,5,9208,self,0.8100000000000875,0,96,,
2025-11-27T00:42:17.640211+00:00,train,5,9209,self,0.8100000000000875,0,99,,
2025-11-27T00:42:17.640347+00:00,train,5,9210,self,0.8100000000000875,0,100,,
2025-11-27T00:42:17.640482+00:00,train,5,9211,self,0.8100000000000875,0,97,,
2025-11-27T00:42:17.640622+00:00,train,5,9212,self,0.8100000000000875,0,100,,
2025-11-27T00:42:17.640869+00:00,train,5,9213,self,0.8100000000000875,0,99,,
2025-11-27T00:42:17.641065+00:00,train,5,9214,self,0.8100000000000875,0,100,,
2025-11-27T00:42:17.641254+00:00,train,5,9215,self,0.8100000000000875,0,95,,
2025-11-27T00:42:17.641418+00:00,train,5,9216,self,0.8100000000000875,0,96,,
2025-11-27T00:42:17.641574+00:00,train,5,9217,self,0.8100000000000875,0,95,,
2025-11-27T00:42:17.641729+00:00,train,5,9218,self,0.8100000000000875,0,99,,
2025-11-27T00:42:17.641884+00:00,train,5,9219,self,0.8100000000000875,0,89,,
2025-11-27T00:42:17.642036+00:00,train,5,9220,self,0.8100000000000875,0,92,,
2025-11-27T00:42:17.642186+00:00,train,5,9221,self,0.8100000000000875,0,91,,
2025-11-27T00:42:17.642335+00:00,train,5,9222,self,0.8100000000000875,0,100,,
2025-11-27T00:42:17.642483+00:00,train,5,9223,self,0.8100000000000875,0,99,,
2025-11-27T00:42:17.642632+00:00,train,5,9224,self,0.8100000000000875,0,99,,
2025-11-27T00:42:17.642779+00:00,train,5,9225,self,0.8100000000000875,0,96,,
2025-11-27T00:42:17.642926+00:00,train,5,9226,self,0.8100000000000875,0,98,,
2025-11-27T00:42:17.643073+00:00,train,5,9227,self,0.8100000000000875,0,94,,
2025-11-27T00:42:17.643220+00:00,train,5,9228,self,0.8100000000000875,0,98,,
2025-11-27T00:42:17.643366+00:00,train,5,9229,self,0.8100000000000875,0,88,,
2025-11-27T00:42:17.643513+00:00,train,5,9230,self,0.8100000000000875,0,97,,
2025-11-27T00:42:17.643659+00:00,train,5,9231,self,0.8100000000000875,0,94,,
2025-11-27T00:42:17.643816+00:00,train,5,9232,self,0.8100000000000875,0,96,,
2025-11-27T00:42:17.643957+00:00,train,5,9233,self,0.8100000000000875,0,90,,
2025-11-27T00:42:17.644099+00:00,train,5,9234,self,0.8100000000000875,0,99,,
2025-11-27T00:42:17.644242+00:00,train,5,9235,self,0.8100000000000875,0,92,,
2025-11-27T00:42:17.644383+00:00,train,5,9236,self,0.8100000000000875,0,93,,
2025-11-27T00:42:17.644524+00:00,train,5,9237,self,0.8100000000000875,0,90,,
2025-11-27T00:42:17.644665+00:00,train,5,9238,self,0.8100000000000875,0,98,,
2025-11-27T00:42:17.644811+00:00,train,5,9239,self,0.8100000000000875,0,99,,
2025-11-27T00:42:17.644963+00:00,train,5,9240,self,0.8100000000000875,0,100,,
2025-11-27T00:42:17.645105+00:00,train,5,9241,self,0.8100000000000875,0,87,,
2025-11-27T00:42:17.645247+00:00,train,5,9242,self,0.8100000000000875,0,97,,
2025-11-27T00:42:17.645389+00:00,train,5,9243,self,0.8100000000000875,0,75,,
2025-11-27T00:42:17.645537+00:00,train,5,9244,self,0.8100000000000875,0,88,,
2025-11-27T00:42:17.645679+00:00,train,5,9245,self,0.8100000000000875,0,91,,
2025-11-27T00:42:17.645820+00:00,train,5,9246,self,0.8100000000000875,0,98,,
2025-11-27T00:42:17.645966+00:00,train,5,9247,self,0.8100000000000875,0,92,,
2025-11-27T00:42:17.646109+00:00,train,5,9248,self,0.8100000000000875,0,100,,
2025-11-27T00:42:17.646253+00:00,train,5,9249,self,0.8100000000000875,0,91,,
2025-11-27T00:42:17.646396+00:00,train,5,9250,self,0.8100000000000875,0,98,,
2025-11-27T00:42:17.646544+00:00,train,5,9251,self,0.8100000000000875,0,95,,
2025-11-27T00:42:17.646687+00:00,train,5,9252,self,0.8100000000000875,0,96,,
2025-11-27T00:42:17.646827+00:00,train,5,9253,self,0.8100000000000875,0,97,,
2025-11-27T00:42:17.646968+00:00,train,5,9254,self,0.8100000000000875,0,98,,
2025-11-27T00:42:17.647110+00:00,train,5,9255,self,0.8100000000000875,0,88,,
2025-11-27T00:42:17.647251+00:00,train,5,9256,self,0.8100000000000875,0,89,,
2025-11-27T00:42:17.647393+00:00,train,5,9257,self,0.8100000000000875,0,99,,
2025-11-27T00:42:17.647535+00:00,train,5,9258,self,0.8100000000000875,0,99,,
2025-11-27T00:42:17.647676+00:00,train,5,9259,self,0.8100000000000875,0,99,,
2025-11-27T00:42:17.647817+00:00,train,5,9260,self,0.8100000000000875,0,100,,
2025-11-27T00:42:17.647958+00:00,train,5,9261,self,0.8100000000000875,0,91,,
2025-11-27T00:42:17.648099+00:00,train,5,9262,self,0.8100000000000875,0,95,,
2025-11-27T00:42:17.648241+00:00,train,5,9263,self,0.8100000000000875,0,98,,
2025-11-27T00:42:17.648381+00:00,train,5,9264,self,0.8100000000000875,0,99,,
2025-11-27T00:42:17.648522+00:00,train,5,9265,self,0.8100000000000875,0,97,,
2025-11-27T00:42:17.648663+00:00,train,5,9266,self,0.8100000000000875,0,99,,
2025-11-27T00:42:17.648805+00:00,train,5,9267,self,0.8100000000000875,0,97,,
2025-11-27T00:42:17.648945+00:00,train,5,9268,self,0.8100000000000875,0,98,,
2025-11-27T00:42:17.649087+00:00,train,5,9269,self,0.8100000000000875,0,95,,
2025-11-27T00:42:17.649228+00:00,train,5,9270,self,0.8100000000000875,0,99,,
2025-11-27T00:42:17.649368+00:00,train,5,9271,self,0.8100000000000875,0,90,,
2025-11-27T00:42:17.649511+00:00,train,5,9272,self,0.8100000000000875,0,94,,
2025-11-27T00:42:17.649653+00:00,train,5,9273,self,0.8100000000000875,0,94,,
2025-11-27T00:42:17.649794+00:00,train,5,9274,self,0.8100000000000875,0,99,,
2025-11-27T00:42:17.649935+00:00,train,5,9275,self,0.8100000000000875,0,98,,
2025-11-27T00:42:17.650076+00:00,train,5,9276,self,0.8100000000000875,0,100,,
2025-11-27T00:42:17.650217+00:00,train,5,9277,self,0.8100000000000875,0,100,,
2025-11-27T00:42:17.650359+00:00,train,5,9278,self,0.8100000000000875,0,100,,
2025-11-27T00:42:17.650500+00:00,train,5,9279,self,0.8100000000000875,0,99,,
2025-11-27T00:42:17.650641+00:00,train,5,9280,self,0.8100000000000875,0,99,,
2025-11-27T00:42:17.650782+00:00,train,5,9281,self,0.8100000000000875,0,100,,
2025-11-27T00:42:17.650923+00:00,train,5,9282,self,0.8100000000000875,0,100,,
2025-11-27T00:42:17.651064+00:00,train,5,9283,self,0.8100000000000875,0,79,,
2025-11-27T00:42:17.651205+00:00,train,5,9284,self,0.8100000000000875,0,98,,
2025-11-27T00:42:17.651347+00:00,train,5,9285,self,0.8100000000000875,0,95,,
2025-11-27T00:42:17.651488+00:00,train,5,9286,self,0.8100000000000875,0,95,,
2025-11-27T00:42:17.651629+00:00,train,5,9287,self,0.8100000000000875,0,97,,
2025-11-27T00:42:17.651779+00:00,train,5,9288,self,0.8100000000000875,0,99,,
2025-11-27T00:42:17.651918+00:00,train,5,9289,self,0.8100000000000875,0,86,,
2025-11-27T00:42:17.652055+00:00,train,5,9290,self,0.8100000000000875,0,99,,
2025-11-27T00:42:17.652194+00:00,train,5,9291,self,0.8100000000000875,0,100,,
2025-11-27T00:42:17.652331+00:00,train,5,9292,self,0.8100000000000875,0,100,,
2025-11-27T00:42:17.652469+00:00,train,5,9293,self,0.8100000000000875,0,99,,
2025-11-27T00:42:17.652606+00:00,train,5,9294,self,0.8100000000000875,0,100,,
2025-11-27T00:42:17.652743+00:00,train,5,9295,self,0.8100000000000875,0,88,,
2025-11-27T00:42:17.652950+00:00,train,5,9296,self,0.8100000000000875,0,100,,
2025-11-27T00:42:17.653108+00:00,train,5,9297,self,0.8100000000000875,0,78,,
2025-11-27T00:42:17.653254+00:00,train,5,9298,self,0.8100000000000875,0,97,,
2025-11-27T00:42:17.653394+00:00,train,5,9299,self,0.8100000000000875,0,92,,
2025-11-27T00:42:17.653531+00:00,train,5,9300,self,0.8100000000000875,0,100,,
2025-11-27T00:42:17.653666+00:00,train,5,9301,self,0.8100000000000875,0,96,,
2025-11-27T00:42:17.653871+00:00,train,5,9302,self,0.8100000000000875,0,96,,
2025-11-27T00:42:17.654035+00:00,train,5,9303,self,0.8100000000000875,0,92,,
2025-11-27T00:42:17.654186+00:00,train,5,9304,self,0.8100000000000875,0,97,,
2025-11-27T00:42:17.654331+00:00,train,5,9305,self,0.8100000000000875,0,92,,
2025-11-27T00:42:17.654473+00:00,train,5,9306,self,0.8100000000000875,0,100,,
2025-11-27T00:42:17.654613+00:00,train,5,9307,self,0.8100000000000875,0,95,,
2025-11-27T00:42:17.654751+00:00,train,5,9308,self,0.8100000000000875,0,98,,
2025-11-27T00:42:17.654890+00:00,train,5,9309,self,0.8100000000000875,0,97,,
2025-11-27T00:42:17.655027+00:00,train,5,9310,self,0.8100000000000875,0,98,,
2025-11-27T00:42:17.655223+00:00,train,5,9311,self,0.8100000000000875,0,96,,
2025-11-27T00:42:17.655376+00:00,train,5,9312,self,0.8100000000000875,0,99,,
2025-11-27T00:42:17.655516+00:00,train,5,9313,self,0.8100000000000875,0,95,,
2025-11-27T00:42:17.655651+00:00,train,5,9314,self,0.8100000000000875,0,100,,
2025-11-27T00:42:17.655785+00:00,train,5,9315,self,0.8100000000000875,0,99,,
2025-11-27T00:42:17.655918+00:00,train,5,9316,self,0.8100000000000875,0,100,,
2025-11-27T00:42:17.656061+00:00,train,5,9317,self,0.8100000000000875,0,95,,
2025-11-27T00:42:17.656197+00:00,train,5,9318,self,0.8100000000000875,0,99,,
2025-11-27T00:42:17.656335+00:00,train,5,9319,self,0.8100000000000875,0,94,,
2025-11-27T00:42:17.656469+00:00,train,5,9320,self,0.8100000000000875,0,97,,
2025-11-27T00:42:17.656602+00:00,train,5,9321,self,0.8100000000000875,0,99,,
2025-11-27T00:42:17.656734+00:00,train,5,9322,self,0.8100000000000875,0,99,,
2025-11-27T00:42:17.656866+00:00,train,5,9323,self,0.8100000000000875,0,84,,
2025-11-27T00:42:17.656998+00:00,train,5,9324,self,0.8100000000000875,0,99,,
2025-11-27T00:42:17.657129+00:00,train,5,9325,self,0.8100000000000875,0,99,,
2025-11-27T00:42:17.657328+00:00,train,5,9326,self,0.8100000000000875,0,100,,
2025-11-27T00:42:17.657489+00:00,train,5,9327,self,0.8100000000000875,0,97,,
2025-11-27T00:42:17.657634+00:00,train,5,9328,self,0.8100000000000875,0,97,,
2025-11-27T00:42:17.657803+00:00,train,5,9329,self,0.8100000000000875,0,97,,
2025-11-27T00:42:17.657981+00:00,train,5,9330,self,0.8100000000000875,0,100,,
2025-11-27T00:42:17.658131+00:00,train,5,9331,self,0.8100000000000875,0,91,,
2025-11-27T00:42:17.658275+00:00,train,5,9332,self,0.8100000000000875,0,94,,
2025-11-27T00:42:17.658414+00:00,train,5,9333,self,0.8100000000000875,0,90,,
2025-11-27T00:42:17.658551+00:00,train,5,9334,self,0.8100000000000875,0,100,,
2025-11-27T00:42:17.658691+00:00,train,5,9335,self,0.8100000000000875,0,75,,
2025-11-27T00:42:17.658826+00:00,train,5,9336,self,0.8100000000000875,0,96,,
2025-11-27T00:42:17.658960+00:00,train,5,9337,self,0.8100000000000875,0,95,,
2025-11-27T00:42:17.659094+00:00,train,5,9338,self,0.8100000000000875,0,98,,
2025-11-27T00:42:17.659229+00:00,train,5,9339,self,0.8100000000000875,0,99,,
2025-11-27T00:42:17.659420+00:00,train,5,9340,self,0.8100000000000875,0,99,,
2025-11-27T00:42:17.659574+00:00,train,5,9341,self,0.8100000000000875,0,93,,
2025-11-27T00:42:17.659720+00:00,train,5,9342,self,0.8100000000000875,0,94,,
2025-11-27T00:42:17.659860+00:00,train,5,9343,self,0.8100000000000875,0,99,,
2025-11-27T00:42:17.660016+00:00,train,5,9344,self,0.8100000000000875,0,100,,
2025-11-27T00:42:17.660172+00:00,train,5,9345,self,0.8100000000000875,0,93,,
2025-11-27T00:42:17.660311+00:00,train,5,9346,self,0.8100000000000875,0,97,,
2025-11-27T00:42:17.660446+00:00,train,5,9347,self,0.8100000000000875,0,100,,
2025-11-27T00:42:17.660578+00:00,train,5,9348,self,0.8100000000000875,0,100,,
2025-11-27T00:42:17.660712+00:00,train,5,9349,self,0.8100000000000875,0,78,,
2025-11-27T00:42:17.660842+00:00,train,5,9350,self,0.8100000000000875,0,97,,
2025-11-27T00:42:17.660972+00:00,train,5,9351,self,0.8100000000000875,0,95,,
2025-11-27T00:42:17.661102+00:00,train,5,9352,self,0.8100000000000875,0,99,,
2025-11-27T00:42:17.661231+00:00,train,5,9353,self,0.8100000000000875,0,90,,
2025-11-27T00:42:17.661360+00:00,train,5,9354,self,0.8100000000000875,0,99,,
2025-11-27T00:42:17.661489+00:00,train,5,9355,self,0.8100000000000875,0,96,,
2025-11-27T00:42:17.661618+00:00,train,5,9356,self,0.8100000000000875,0,99,,
2025-11-27T00:42:17.661747+00:00,train,5,9357,self,0.8100000000000875,0,90,,
2025-11-27T00:42:17.661875+00:00,train,5,9358,self,0.8100000000000875,0,100,,
2025-11-27T00:42:17.662004+00:00,train,5,9359,self,0.8100000000000875,0,83,,
2025-11-27T00:42:17.662132+00:00,train,5,9360,self,0.8100000000000875,0,100,,
2025-11-27T00:42:17.662261+00:00,train,5,9361,self,0.8100000000000875,0,95,,
2025-11-27T00:42:17.662390+00:00,train,5,9362,self,0.8100000000000875,0,95,,
2025-11-27T00:42:17.662517+00:00,train,5,9363,self,0.8100000000000875,0,93,,
2025-11-27T00:42:17.662645+00:00,train,5,9364,self,0.8100000000000875,0,95,,
2025-11-27T00:42:17.662773+00:00,train,5,9365,self,0.8100000000000875,0,97,,
2025-11-27T00:42:17.662901+00:00,train,5,9366,self,0.8100000000000875,0,99,,
2025-11-27T00:42:17.663030+00:00,train,5,9367,self,0.8100000000000875,0,98,,
2025-11-27T00:42:17.663159+00:00,train,5,9368,self,0.8100000000000875,0,100,,
2025-11-27T00:42:17.663287+00:00,train,5,9369,self,0.8100000000000875,0,94,,
2025-11-27T00:42:17.663416+00:00,train,5,9370,self,0.8100000000000875,0,100,,
2025-11-27T00:42:17.663544+00:00,train,5,9371,self,0.8100000000000875,0,99,,
2025-11-27T00:42:17.663674+00:00,train,5,9372,self,0.8100000000000875,0,100,,
2025-11-27T00:42:17.663802+00:00,train,5,9373,self,0.8100000000000875,0,85,,
2025-11-27T00:42:17.663931+00:00,train,5,9374,self,0.8100000000000875,0,98,,
2025-11-27T00:42:17.664060+00:00,train,5,9375,self,0.8100000000000875,0,99,,
2025-11-27T00:42:17.664188+00:00,train,5,9376,self,0.8100000000000875,0,100,,
2025-11-27T00:42:17.664317+00:00,train,5,9377,self,0.8100000000000875,0,96,,
2025-11-27T00:42:17.664445+00:00,train,5,9378,self,0.8100000000000875,0,97,,
2025-11-27T00:42:17.664573+00:00,train,5,9379,self,0.8100000000000875,0,88,,
2025-11-27T00:42:17.664702+00:00,train,5,9380,self,0.8100000000000875,0,90,,
2025-11-27T00:42:17.664831+00:00,train,5,9381,self,0.8100000000000875,0,99,,
2025-11-27T00:42:17.664960+00:00,train,5,9382,self,0.8100000000000875,0,99,,
2025-11-27T00:42:17.665089+00:00,train,5,9383,self,0.8100000000000875,0,92,,
2025-11-27T00:42:17.665217+00:00,train,5,9384,self,0.8100000000000875,0,99,,
2025-11-27T00:42:17.665345+00:00,train,5,9385,self,0.8100000000000875,0,87,,
2025-11-27T00:42:17.665473+00:00,train,5,9386,self,0.8100000000000875,0,89,,
2025-11-27T00:42:17.665655+00:00,train,5,9387,self,0.8100000000000875,0,97,,
2025-11-27T00:42:17.665801+00:00,train,5,9388,self,0.8100000000000875,0,100,,
2025-11-27T00:42:17.665931+00:00,train,5,9389,self,0.8100000000000875,0,91,,
2025-11-27T00:42:17.666061+00:00,train,5,9390,self,0.8100000000000875,0,96,,
2025-11-27T00:42:17.666191+00:00,train,5,9391,self,0.8100000000000875,0,95,,
2025-11-27T00:42:17.666319+00:00,train,5,9392,self,0.8100000000000875,0,95,,
2025-11-27T00:42:17.666448+00:00,train,5,9393,self,0.8100000000000875,0,97,,
2025-11-27T00:42:17.666577+00:00,train,5,9394,self,0.8100000000000875,0,99,,
2025-11-27T00:42:17.666707+00:00,train,5,9395,self,0.8100000000000875,0,84,,
2025-11-27T00:42:17.666854+00:00,train,5,9396,self,0.8100000000000875,0,94,,
2025-11-27T00:42:17.667039+00:00,train,5,9397,self,0.8100000000000875,0,96,,
2025-11-27T00:42:17.667189+00:00,train,5,9398,self,0.8100000000000875,0,96,,
2025-11-27T00:42:17.667328+00:00,train,5,9399,self,0.8100000000000875,0,98,,
2025-11-27T00:42:17.667463+00:00,train,5,9400,self,0.8100000000000875,0,100,,
2025-11-27T00:42:17.667598+00:00,train,5,9401,self,0.8100000000000875,0,96,,
2025-11-27T00:42:17.667797+00:00,train,5,9402,self,0.8100000000000875,0,100,,
2025-11-27T00:42:17.667941+00:00,train,5,9403,self,0.8100000000000875,0,82,,
2025-11-27T00:42:17.668074+00:00,train,5,9404,self,0.8100000000000875,0,97,,
2025-11-27T00:42:17.668212+00:00,train,5,9405,self,0.8100000000000875,0,87,,
2025-11-27T00:42:17.668340+00:00,train,5,9406,self,0.8100000000000875,0,100,,
2025-11-27T00:42:17.668465+00:00,train,5,9407,self,0.8100000000000875,0,96,,
2025-11-27T00:42:17.668611+00:00,train,5,9408,self,0.8100000000000875,0,98,,
2025-11-27T00:42:17.668760+00:00,train,5,9409,self,0.8100000000000875,0,94,,
2025-11-27T00:42:17.668880+00:00,train,5,9410,self,0.8100000000000875,0,97,,
2025-11-27T00:42:17.669000+00:00,train,5,9411,self,0.8100000000000875,0,83,,
2025-11-27T00:42:17.669119+00:00,train,5,9412,self,0.8100000000000875,0,94,,
2025-11-27T00:42:17.669297+00:00,train,5,9413,self,0.8100000000000875,0,84,,
2025-11-27T00:42:17.669490+00:00,train,5,9414,self,0.8100000000000875,0,99,,
2025-11-27T00:42:17.669643+00:00,train,5,9415,self,0.8100000000000875,0,95,,
2025-11-27T00:42:17.669790+00:00,train,5,9416,self,0.8100000000000875,0,99,,
2025-11-27T00:42:17.669915+00:00,train,5,9417,self,0.8100000000000875,0,79,,
2025-11-27T00:42:17.670055+00:00,train,5,9418,self,0.8100000000000875,0,81,,
2025-11-27T00:42:17.670176+00:00,train,5,9419,self,0.8100000000000875,0,99,,
2025-11-27T00:42:17.670354+00:00,train,5,9420,self,0.8100000000000875,0,100,,
2025-11-27T00:42:17.670498+00:00,train,5,9421,self,0.8100000000000875,0,88,,
2025-11-27T00:42:17.670630+00:00,train,5,9422,self,0.8100000000000875,0,98,,
2025-11-27T00:42:17.670770+00:00,train,5,9423,self,0.8100000000000875,0,100,,
2025-11-27T00:42:17.670912+00:00,train,5,9424,self,0.8100000000000875,0,100,,
2025-11-27T00:42:17.671034+00:00,train,5,9425,self,0.8100000000000875,0,84,,
2025-11-27T00:42:17.671200+00:00,train,5,9426,self,0.8100000000000875,0,92,,
2025-11-27T00:42:17.671334+00:00,train,5,9427,self,0.8100000000000875,0,96,,
2025-11-27T00:42:17.671509+00:00,train,5,9428,self,0.8100000000000875,0,99,,
2025-11-27T00:42:17.671648+00:00,train,5,9429,self,0.8100000000000875,0,94,,
2025-11-27T00:42:17.671787+00:00,train,5,9430,self,0.8100000000000875,0,97,,
2025-11-27T00:42:17.671909+00:00,train,5,9431,self,0.8100000000000875,0,89,,
2025-11-27T00:42:17.672039+00:00,train,5,9432,self,0.8100000000000875,0,97,,
2025-11-27T00:42:17.672158+00:00,train,5,9433,self,0.8100000000000875,0,85,,
2025-11-27T00:42:17.672275+00:00,train,5,9434,self,0.8100000000000875,0,99,,
2025-11-27T00:42:17.672391+00:00,train,5,9435,self,0.8100000000000875,0,91,,
2025-11-27T00:42:17.672507+00:00,train,5,9436,self,0.8100000000000875,0,96,,
2025-11-27T00:42:17.672623+00:00,train,5,9437,self,0.8100000000000875,0,93,,
2025-11-27T00:42:17.672767+00:00,train,5,9438,self,0.8100000000000875,0,100,,
2025-11-27T00:42:17.672882+00:00,train,5,9439,self,0.8100000000000875,0,79,,
2025-11-27T00:42:17.672994+00:00,train,5,9440,self,0.8100000000000875,0,93,,
2025-11-27T00:42:17.673121+00:00,train,5,9441,self,0.8100000000000875,0,99,,
2025-11-27T00:42:17.673242+00:00,train,5,9442,self,0.8100000000000875,0,99,,
2025-11-27T00:42:17.673356+00:00,train,5,9443,self,0.8100000000000875,0,79,,
2025-11-27T00:42:17.673491+00:00,train,5,9444,self,0.8100000000000875,0,90,,
2025-11-27T00:42:17.673605+00:00,train,5,9445,self,0.8100000000000875,0,90,,
2025-11-27T00:42:17.673765+00:00,train,5,9446,self,0.8100000000000875,0,92,,
2025-11-27T00:42:17.673891+00:00,train,5,9447,self,0.8100000000000875,0,89,,
2025-11-27T00:42:17.674009+00:00,train,5,9448,self,0.8100000000000875,0,100,,
2025-11-27T00:42:17.674158+00:00,train,5,9449,self,0.8100000000000875,0,94,,
2025-11-27T00:42:17.674334+00:00,train,5,9450,self,0.8100000000000875,0,100,,
2025-11-27T00:42:17.674472+00:00,train,5,9451,self,0.8100000000000875,0,90,,
2025-11-27T00:42:17.674590+00:00,train,5,9452,self,0.8100000000000875,0,97,,
2025-11-27T00:42:17.674710+00:00,train,5,9453,self,0.8100000000000875,0,95,,
2025-11-27T00:42:17.674871+00:00,train,5,9454,self,0.8100000000000875,0,99,,
2025-11-27T00:42:17.675003+00:00,train,5,9455,self,0.8100000000000875,0,96,,
2025-11-27T00:42:17.675120+00:00,train,5,9456,self,0.8100000000000875,0,99,,
2025-11-27T00:42:17.675240+00:00,train,5,9457,self,0.8100000000000875,0,95,,
2025-11-27T00:42:17.675398+00:00,train,5,9458,self,0.8100000000000875,0,100,,
2025-11-27T00:42:17.675524+00:00,train,5,9459,self,0.8100000000000875,0,98,,
2025-11-27T00:42:17.675642+00:00,train,5,9460,self,0.8100000000000875,0,100,,
2025-11-27T00:42:17.675754+00:00,train,5,9461,self,0.8100000000000875,0,93,,
2025-11-27T00:42:17.675907+00:00,train,5,9462,self,0.8100000000000875,0,97,,
2025-11-27T00:42:17.676025+00:00,train,5,9463,self,0.8100000000000875,0,94,,
2025-11-27T00:42:17.676162+00:00,train,5,9464,self,0.8100000000000875,0,99,,
2025-11-27T00:42:17.676277+00:00,train,5,9465,self,0.8100000000000875,0,96,,
2025-11-27T00:42:17.676388+00:00,train,5,9466,self,0.8100000000000875,0,100,,
2025-11-27T00:42:17.676498+00:00,train,5,9467,self,0.8100000000000875,0,94,,
2025-11-27T00:42:17.676670+00:00,train,5,9468,self,0.8100000000000875,0,99,,
2025-11-27T00:42:17.676800+00:00,train,5,9469,self,0.8100000000000875,0,93,,
2025-11-27T00:42:17.676922+00:00,train,5,9470,self,0.8100000000000875,0,95,,
2025-11-27T00:42:17.677042+00:00,train,5,9471,self,0.8100000000000875,0,97,,
2025-11-27T00:42:17.677161+00:00,train,5,9472,self,0.8100000000000875,0,99,,
2025-11-27T00:42:17.677281+00:00,train,5,9473,self,0.8100000000000875,0,99,,
2025-11-27T00:42:17.677396+00:00,train,5,9474,self,0.8100000000000875,0,99,,
2025-11-27T00:42:17.677511+00:00,train,5,9475,self,0.8100000000000875,0,82,,
2025-11-27T00:42:17.677626+00:00,train,5,9476,self,0.8100000000000875,0,98,,
2025-11-27T00:42:17.677739+00:00,train,5,9477,self,0.8100000000000875,0,86,,
2025-11-27T00:42:17.677853+00:00,train,5,9478,self,0.8100000000000875,0,97,,
2025-11-27T00:42:17.677967+00:00,train,5,9479,self,0.8100000000000875,0,90,,
2025-11-27T00:42:17.678080+00:00,train,5,9480,self,0.8100000000000875,0,92,,
2025-11-27T00:42:17.678196+00:00,train,5,9481,self,0.8100000000000875,0,91,,
2025-11-27T00:42:17.678348+00:00,train,5,9482,self,0.8100000000000875,0,99,,
2025-11-27T00:42:17.678526+00:00,train,5,9483,self,0.8100000000000875,0,90,,
2025-11-27T00:42:17.678670+00:00,train,5,9484,self,0.8100000000000875,0,100,,
2025-11-27T00:42:17.678793+00:00,train,5,9485,self,0.8100000000000875,0,97,,
2025-11-27T00:42:17.678914+00:00,train,5,9486,self,0.8100000000000875,0,97,,
2025-11-27T00:42:17.679034+00:00,train,5,9487,self,0.8100000000000875,0,94,,
2025-11-27T00:42:17.679147+00:00,train,5,9488,self,0.8100000000000875,0,99,,
2025-11-27T00:42:17.679325+00:00,train,5,9489,self,0.8100000000000875,0,90,,
2025-11-27T00:42:17.679454+00:00,train,5,9490,self,0.8100000000000875,0,97,,
2025-11-27T00:42:17.679573+00:00,train,5,9491,self,0.8100000000000875,0,85,,
2025-11-27T00:42:17.679688+00:00,train,5,9492,self,0.8100000000000875,0,97,,
2025-11-27T00:42:17.679799+00:00,train,5,9493,self,0.8100000000000875,0,95,,
2025-11-27T00:42:17.679910+00:00,train,5,9494,self,0.8100000000000875,0,98,,
2025-11-27T00:42:17.680024+00:00,train,5,9495,self,0.8100000000000875,0,92,,
2025-11-27T00:42:17.680138+00:00,train,5,9496,self,0.8100000000000875,0,97,,
2025-11-27T00:42:17.680247+00:00,train,5,9497,self,0.8100000000000875,0,92,,
2025-11-27T00:42:17.680363+00:00,train,5,9498,self,0.8100000000000875,0,100,,
2025-11-27T00:42:17.680474+00:00,train,5,9499,self,0.8100000000000875,0,99,,
2025-11-27T00:42:17.680591+00:00,train,5,9500,self,0.8100000000000875,0,100,,
2025-11-27T00:42:17.683020+00:00,train,5,9501,self,0.8100000000000875,0,97,,
2025-11-27T00:42:17.683139+00:00,train,5,9502,self,0.8100000000000875,0,98,,
2025-11-27T00:42:17.683251+00:00,train,5,9503,self,0.8100000000000875,0,96,,
2025-11-27T00:42:17.683361+00:00,train,5,9504,self,0.8100000000000875,0,100,,
2025-11-27T00:42:17.683493+00:00,train,5,9505,self,0.8100000000000875,0,97,,
2025-11-27T00:42:17.683614+00:00,train,5,9506,self,0.8100000000000875,0,100,,
2025-11-27T00:42:17.683764+00:00,train,5,9507,self,0.8100000000000875,0,87,,
2025-11-27T00:42:17.683882+00:00,train,5,9508,self,0.8100000000000875,0,95,,
2025-11-27T00:42:17.683997+00:00,train,5,9509,self,0.8100000000000875,0,97,,
2025-11-27T00:42:17.684115+00:00,train,5,9510,self,0.8100000000000875,0,98,,
2025-11-27T00:42:17.684232+00:00,train,5,9511,self,0.8100000000000875,0,92,,
2025-11-27T00:42:17.684346+00:00,train,5,9512,self,0.8100000000000875,0,94,,
2025-11-27T00:42:17.684463+00:00,train,5,9513,self,0.8100000000000875,0,90,,
2025-11-27T00:42:17.684580+00:00,train,5,9514,self,0.8100000000000875,0,96,,
2025-11-27T00:42:17.684709+00:00,train,5,9515,self,0.8100000000000875,0,89,,
2025-11-27T00:42:17.684831+00:00,train,5,9516,self,0.8100000000000875,0,99,,
2025-11-27T00:42:17.684950+00:00,train,5,9517,self,0.8100000000000875,0,94,,
2025-11-27T00:42:17.685068+00:00,train,5,9518,self,0.8100000000000875,0,97,,
2025-11-27T00:42:17.685184+00:00,train,5,9519,self,0.8100000000000875,0,98,,
2025-11-27T00:42:17.685302+00:00,train,5,9520,self,0.8100000000000875,0,100,,
2025-11-27T00:42:17.685524+00:00,train,5,9521,self,0.8100000000000875,0,99,,
2025-11-27T00:42:17.685768+00:00,train,5,9522,self,0.8100000000000875,0,99,,
2025-11-27T00:42:17.685898+00:00,train,5,9523,self,0.8100000000000875,0,84,,
2025-11-27T00:42:17.686104+00:00,train,5,9524,self,0.8100000000000875,0,93,,
2025-11-27T00:42:17.686278+00:00,train,5,9525,self,0.8100000000000875,0,95,,
2025-11-27T00:42:17.686413+00:00,train,5,9526,self,0.8100000000000875,0,100,,
2025-11-27T00:42:17.686542+00:00,train,5,9527,self,0.8100000000000875,0,94,,
2025-11-27T00:42:17.686666+00:00,train,5,9528,self,0.8100000000000875,0,99,,
2025-11-27T00:42:17.686814+00:00,train,5,9529,self,0.8100000000000875,0,94,,
2025-11-27T00:42:17.686943+00:00,train,5,9530,self,0.8100000000000875,0,99,,
2025-11-27T00:42:17.687136+00:00,train,5,9531,self,0.8100000000000875,0,90,,
2025-11-27T00:42:17.687293+00:00,train,5,9532,self,0.8100000000000875,0,97,,
2025-11-27T00:42:17.687435+00:00,train,5,9533,self,0.8100000000000875,0,96,,
2025-11-27T00:42:17.687571+00:00,train,5,9534,self,0.8100000000000875,0,100,,
2025-11-27T00:42:17.687704+00:00,train,5,9535,self,0.8100000000000875,0,97,,
2025-11-27T00:42:17.687864+00:00,train,5,9536,self,0.8100000000000875,0,99,,
2025-11-27T00:42:17.687998+00:00,train,5,9537,self,0.8100000000000875,0,95,,
2025-11-27T00:42:17.688146+00:00,train,5,9538,self,0.8100000000000875,0,99,,
2025-11-27T00:42:17.688282+00:00,train,5,9539,self,0.8100000000000875,0,87,,
2025-11-27T00:42:17.688416+00:00,train,5,9540,self,0.8100000000000875,0,96,,
2025-11-27T00:42:17.688548+00:00,train,5,9541,self,0.8100000000000875,0,96,,
2025-11-27T00:42:17.688680+00:00,train,5,9542,self,0.8100000000000875,0,99,,
2025-11-27T00:42:17.688838+00:00,train,5,9543,self,0.8100000000000875,0,94,,
2025-11-27T00:42:17.688975+00:00,train,5,9544,self,0.8100000000000875,0,99,,
2025-11-27T00:42:17.689112+00:00,train,5,9545,self,0.8100000000000875,0,92,,
2025-11-27T00:42:17.689248+00:00,train,5,9546,self,0.8100000000000875,0,99,,
2025-11-27T00:42:17.689405+00:00,train,5,9547,self,0.8100000000000875,0,92,,
2025-11-27T00:42:17.689543+00:00,train,5,9548,self,0.8100000000000875,0,97,,
2025-11-27T00:42:17.689680+00:00,train,5,9549,self,0.8100000000000875,0,93,,
2025-11-27T00:42:17.689816+00:00,train,5,9550,self,0.8100000000000875,0,98,,
2025-11-27T00:42:17.689957+00:00,train,5,9551,self,0.8100000000000875,0,91,,
2025-11-27T00:42:17.690094+00:00,train,5,9552,self,0.8100000000000875,0,100,,
2025-11-27T00:42:17.690235+00:00,train,5,9553,self,0.8100000000000875,0,90,,
2025-11-27T00:42:17.690372+00:00,train,5,9554,self,0.8100000000000875,0,96,,
2025-11-27T00:42:17.690508+00:00,train,5,9555,self,0.8100000000000875,0,97,,
2025-11-27T00:42:17.690645+00:00,train,5,9556,self,0.8100000000000875,0,100,,
2025-11-27T00:42:17.690804+00:00,train,5,9557,self,0.8100000000000875,0,80,,
2025-11-27T00:42:17.690943+00:00,train,5,9558,self,0.8100000000000875,0,90,,
2025-11-27T00:42:17.691084+00:00,train,5,9559,self,0.8100000000000875,0,96,,
2025-11-27T00:42:17.691222+00:00,train,5,9560,self,0.8100000000000875,0,100,,
2025-11-27T00:42:17.691360+00:00,train,5,9561,self,0.8100000000000875,0,85,,
2025-11-27T00:42:17.691498+00:00,train,5,9562,self,0.8100000000000875,0,92,,
2025-11-27T00:42:17.691634+00:00,train,5,9563,self,0.8100000000000875,0,90,,
2025-11-27T00:42:17.691771+00:00,train,5,9564,self,0.8100000000000875,0,100,,
2025-11-27T00:42:17.691907+00:00,train,5,9565,self,0.8100000000000875,0,89,,
2025-11-27T00:42:17.692043+00:00,train,5,9566,self,0.8100000000000875,0,99,,
2025-11-27T00:42:17.692181+00:00,train,5,9567,self,0.8100000000000875,0,89,,
2025-11-27T00:42:17.692317+00:00,train,5,9568,self,0.8100000000000875,0,97,,
2025-11-27T00:42:17.692453+00:00,train,5,9569,self,0.8100000000000875,0,94,,
2025-11-27T00:42:17.692590+00:00,train,5,9570,self,0.8100000000000875,0,94,,
2025-11-27T00:42:17.692728+00:00,train,5,9571,self,0.8100000000000875,0,89,,
2025-11-27T00:42:17.692864+00:00,train,5,9572,self,0.8100000000000875,0,96,,
2025-11-27T00:42:17.693000+00:00,train,5,9573,self,0.8100000000000875,0,93,,
2025-11-27T00:42:17.693138+00:00,train,5,9574,self,0.8100000000000875,0,100,,
2025-11-27T00:42:17.693276+00:00,train,5,9575,self,0.8100000000000875,0,89,,
2025-11-27T00:42:17.693418+00:00,train,5,9576,self,0.8100000000000875,0,100,,
2025-11-27T00:42:17.693556+00:00,train,5,9577,self,0.8100000000000875,0,96,,
2025-11-27T00:42:17.693693+00:00,train,5,9578,self,0.8100000000000875,0,100,,
2025-11-27T00:42:17.693830+00:00,train,5,9579,self,0.8100000000000875,0,95,,
2025-11-27T00:42:17.693967+00:00,train,5,9580,self,0.8100000000000875,0,98,,
2025-11-27T00:42:17.694103+00:00,train,5,9581,self,0.8100000000000875,0,97,,
2025-11-27T00:42:17.694240+00:00,train,5,9582,self,0.8100000000000875,0,100,,
2025-11-27T00:42:17.694377+00:00,train,5,9583,self,0.8100000000000875,0,89,,
2025-11-27T00:42:17.694513+00:00,train,5,9584,self,0.8100000000000875,0,100,,
2025-11-27T00:42:17.694651+00:00,train,5,9585,self,0.8100000000000875,0,86,,
2025-11-27T00:42:17.694788+00:00,train,5,9586,self,0.8100000000000875,0,91,,
2025-11-27T00:42:17.694925+00:00,train,5,9587,self,0.8100000000000875,0,91,,
2025-11-27T00:42:17.695061+00:00,train,5,9588,self,0.8100000000000875,0,97,,
2025-11-27T00:42:17.695197+00:00,train,5,9589,self,0.8100000000000875,0,92,,
2025-11-27T00:42:17.695333+00:00,train,5,9590,self,0.8100000000000875,0,97,,
2025-11-27T00:42:17.695469+00:00,train,5,9591,self,0.8100000000000875,0,94,,
2025-11-27T00:42:17.695607+00:00,train,5,9592,self,0.8100000000000875,0,100,,
2025-11-27T00:42:17.695743+00:00,train,5,9593,self,0.8100000000000875,0,98,,
2025-11-27T00:42:17.695880+00:00,train,5,9594,self,0.8100000000000875,0,98,,
2025-11-27T00:42:17.696019+00:00,train,5,9595,self,0.8100000000000875,0,97,,
2025-11-27T00:42:17.696158+00:00,train,5,9596,self,0.8100000000000875,0,98,,
2025-11-27T00:42:17.696302+00:00,train,5,9597,self,0.8100000000000875,0,97,,
2025-11-27T00:42:17.696444+00:00,train,5,9598,self,0.8100000000000875,0,98,,
2025-11-27T00:42:17.696584+00:00,train,5,9599,self,0.8100000000000875,0,99,,
2025-11-27T00:42:17.696721+00:00,train,5,9600,self,0.8100000000000875,0,100,,
2025-11-27T00:42:17.696859+00:00,train,5,9601,self,0.8100000000000875,0,85,,
2025-11-27T00:42:17.696996+00:00,train,5,9602,self,0.8100000000000875,0,88,,
2025-11-27T00:42:17.697132+00:00,train,5,9603,self,0.8100000000000875,0,95,,
2025-11-27T00:42:17.697291+00:00,train,5,9604,self,0.8100000000000875,0,98,,
2025-11-27T00:42:17.697476+00:00,train,5,9605,self,0.8100000000000875,0,96,,
2025-11-27T00:42:17.697627+00:00,train,5,9606,self,0.8100000000000875,0,99,,
2025-11-27T00:42:17.697768+00:00,train,5,9607,self,0.8100000000000875,0,92,,
2025-11-27T00:42:17.697903+00:00,train,5,9608,self,0.8100000000000875,0,100,,
2025-11-27T00:42:17.698037+00:00,train,5,9609,self,0.8100000000000875,0,98,,
2025-11-27T00:42:17.698169+00:00,train,5,9610,self,0.8100000000000875,0,100,,
2025-11-27T00:42:17.698362+00:00,train,5,9611,self,0.8100000000000875,0,95,,
2025-11-27T00:42:17.698525+00:00,train,5,9612,self,0.8100000000000875,0,98,,
2025-11-27T00:42:17.698674+00:00,train,5,9613,self,0.8100000000000875,0,87,,
2025-11-27T00:42:17.698820+00:00,train,5,9614,self,0.8100000000000875,0,98,,
2025-11-27T00:42:17.698961+00:00,train,5,9615,self,0.8100000000000875,0,95,,
2025-11-27T00:42:17.699101+00:00,train,5,9616,self,0.8100000000000875,0,100,,
2025-11-27T00:42:17.699240+00:00,train,5,9617,self,0.8100000000000875,0,96,,
2025-11-27T00:42:17.699378+00:00,train,5,9618,self,0.8100000000000875,0,98,,
2025-11-27T00:42:17.699515+00:00,train,5,9619,self,0.8100000000000875,0,91,,
2025-11-27T00:42:17.699652+00:00,train,5,9620,self,0.8100000000000875,0,95,,
2025-11-27T00:42:17.699788+00:00,train,5,9621,self,0.8100000000000875,0,95,,
2025-11-27T00:42:17.699926+00:00,train,5,9622,self,0.8100000000000875,0,99,,
2025-11-27T00:42:17.700063+00:00,train,5,9623,self,0.8100000000000875,0,78,,
2025-11-27T00:42:17.700199+00:00,train,5,9624,self,0.8100000000000875,0,95,,
2025-11-27T00:42:17.700378+00:00,train,5,9625,self,0.8100000000000875,0,89,,
2025-11-27T00:42:17.700561+00:00,train,5,9626,self,0.8100000000000875,0,96,,
2025-11-27T00:42:17.700768+00:00,train,5,9627,self,0.8100000000000875,0,85,,
2025-11-27T00:42:17.700973+00:00,train,5,9628,self,0.8100000000000875,0,89,,
2025-11-27T00:42:17.701167+00:00,train,5,9629,self,0.8100000000000875,0,88,,
2025-11-27T00:42:17.701321+00:00,train,5,9630,self,0.8100000000000875,0,95,,
2025-11-27T00:42:17.701463+00:00,train,5,9631,self,0.8100000000000875,0,96,,
2025-11-27T00:42:17.701602+00:00,train,5,9632,self,0.8100000000000875,0,100,,
2025-11-27T00:42:17.701738+00:00,train,5,9633,self,0.8100000000000875,0,98,,
2025-11-27T00:42:17.701874+00:00,train,5,9634,self,0.8100000000000875,0,100,,
2025-11-27T00:42:17.702027+00:00,train,5,9635,self,0.8100000000000875,0,87,,
2025-11-27T00:42:17.702219+00:00,train,5,9636,self,0.8100000000000875,0,100,,
2025-11-27T00:42:17.702375+00:00,train,5,9637,self,0.8100000000000875,0,77,,
2025-11-27T00:42:17.702523+00:00,train,5,9638,self,0.8100000000000875,0,92,,
2025-11-27T00:42:17.702667+00:00,train,5,9639,self,0.8100000000000875,0,89,,
2025-11-27T00:42:17.702811+00:00,train,5,9640,self,0.8100000000000875,0,98,,
2025-11-27T00:42:17.702950+00:00,train,5,9641,self,0.8100000000000875,0,96,,
2025-11-27T00:42:17.703089+00:00,train,5,9642,self,0.8100000000000875,0,97,,
2025-11-27T00:42:17.703228+00:00,train,5,9643,self,0.8100000000000875,0,79,,
2025-11-27T00:42:17.703366+00:00,train,5,9644,self,0.8100000000000875,0,87,,
2025-11-27T00:42:17.703503+00:00,train,5,9645,self,0.8100000000000875,0,92,,
2025-11-27T00:42:17.703640+00:00,train,5,9646,self,0.8100000000000875,0,99,,
2025-11-27T00:42:17.703777+00:00,train,5,9647,self,0.8100000000000875,0,86,,
2025-11-27T00:42:17.703914+00:00,train,5,9648,self,0.8100000000000875,0,87,,
2025-11-27T00:42:17.704051+00:00,train,5,9649,self,0.8100000000000875,0,72,,
2025-11-27T00:42:17.704187+00:00,train,5,9650,self,0.8100000000000875,0,100,,
2025-11-27T00:42:17.704327+00:00,train,5,9651,self,0.8100000000000875,0,99,,
2025-11-27T00:42:17.704465+00:00,train,5,9652,self,0.8100000000000875,0,100,,
2025-11-27T00:42:17.704602+00:00,train,5,9653,self,0.8100000000000875,0,76,,
2025-11-27T00:42:17.704739+00:00,train,5,9654,self,0.8100000000000875,0,81,,
2025-11-27T00:42:17.704876+00:00,train,5,9655,self,0.8100000000000875,0,97,,
2025-11-27T00:42:17.705012+00:00,train,5,9656,self,0.8100000000000875,0,99,,
2025-11-27T00:42:17.705149+00:00,train,5,9657,self,0.8100000000000875,0,97,,
2025-11-27T00:42:17.705287+00:00,train,5,9658,self,0.8100000000000875,0,100,,
2025-11-27T00:42:17.705422+00:00,train,5,9659,self,0.8100000000000875,0,97,,
2025-11-27T00:42:17.705558+00:00,train,5,9660,self,0.8100000000000875,0,100,,
2025-11-27T00:42:17.705694+00:00,train,5,9661,self,0.8100000000000875,0,91,,
2025-11-27T00:42:17.705830+00:00,train,5,9662,self,0.8100000000000875,0,100,,
2025-11-27T00:42:17.706041+00:00,train,5,9663,self,0.8100000000000875,0,93,,
2025-11-27T00:42:17.706183+00:00,train,5,9664,self,0.8100000000000875,0,98,,
2025-11-27T00:42:17.706321+00:00,train,5,9665,self,0.8100000000000875,0,99,,
2025-11-27T00:42:17.706460+00:00,train,5,9666,self,0.8100000000000875,0,99,,
2025-11-27T00:42:17.706698+00:00,train,5,9667,self,0.8100000000000875,0,91,,
2025-11-27T00:42:17.706866+00:00,train,5,9668,self,0.8100000000000875,0,94,,
2025-11-27T00:42:17.707016+00:00,train,5,9669,self,0.8100000000000875,0,98,,
2025-11-27T00:42:17.707166+00:00,train,5,9670,self,0.8100000000000875,0,98,,
2025-11-27T00:42:17.707331+00:00,train,5,9671,self,0.8100000000000875,0,97,,
2025-11-27T00:42:17.707468+00:00,train,5,9672,self,0.8100000000000875,0,99,,
2025-11-27T00:42:17.707606+00:00,train,5,9673,self,0.8100000000000875,0,97,,
2025-11-27T00:42:17.707740+00:00,train,5,9674,self,0.8100000000000875,0,98,,
2025-11-27T00:42:17.707878+00:00,train,5,9675,self,0.8100000000000875,0,93,,
2025-11-27T00:42:17.708011+00:00,train,5,9676,self,0.8100000000000875,0,99,,
2025-11-27T00:42:17.708142+00:00,train,5,9677,self,0.8100000000000875,0,91,,
2025-11-27T00:42:17.708274+00:00,train,5,9678,self,0.8100000000000875,0,98,,
2025-11-27T00:42:17.708405+00:00,train,5,9679,self,0.8100000000000875,0,95,,
2025-11-27T00:42:17.708536+00:00,train,5,9680,self,0.8100000000000875,0,98,,
2025-11-27T00:42:17.708666+00:00,train,5,9681,self,0.8100000000000875,0,90,,
2025-11-27T00:42:17.708798+00:00,train,5,9682,self,0.8100000000000875,0,92,,
2025-11-27T00:42:17.708928+00:00,train,5,9683,self,0.8100000000000875,0,97,,
2025-11-27T00:42:17.709057+00:00,train,5,9684,self,0.8100000000000875,0,98,,
2025-11-27T00:42:17.709188+00:00,train,5,9685,self,0.8100000000000875,0,90,,
2025-11-27T00:42:17.709318+00:00,train,5,9686,self,0.8100000000000875,0,98,,
2025-11-27T00:42:17.709449+00:00,train,5,9687,self,0.8100000000000875,0,89,,
2025-11-27T00:42:17.709579+00:00,train,5,9688,self,0.8100000000000875,0,96,,
2025-11-27T00:42:17.709710+00:00,train,5,9689,self,0.8100000000000875,0,96,,
2025-11-27T00:42:17.709840+00:00,train,5,9690,self,0.8100000000000875,0,99,,
2025-11-27T00:42:17.709970+00:00,train,5,9691,self,0.8100000000000875,0,87,,
2025-11-27T00:42:17.710100+00:00,train,5,9692,self,0.8100000000000875,0,99,,
2025-11-27T00:42:17.710230+00:00,train,5,9693,self,0.8100000000000875,0,100,,
2025-11-27T00:42:17.710360+00:00,train,5,9694,self,0.8100000000000875,0,100,,
2025-11-27T00:42:17.710491+00:00,train,5,9695,self,0.8100000000000875,0,86,,
2025-11-27T00:42:17.710621+00:00,train,5,9696,self,0.8100000000000875,0,96,,
2025-11-27T00:42:17.710751+00:00,train,5,9697,self,0.8100000000000875,0,80,,
2025-11-27T00:42:17.710881+00:00,train,5,9698,self,0.8100000000000875,0,98,,
2025-11-27T00:42:17.711010+00:00,train,5,9699,self,0.8100000000000875,0,94,,
2025-11-27T00:42:17.711140+00:00,train,5,9700,self,0.8100000000000875,0,100,,
2025-11-27T00:42:17.711271+00:00,train,5,9701,self,0.8100000000000875,0,97,,
2025-11-27T00:42:17.711402+00:00,train,5,9702,self,0.8100000000000875,0,98,,
2025-11-27T00:42:17.711532+00:00,train,5,9703,self,0.8100000000000875,0,96,,
2025-11-27T00:42:17.711662+00:00,train,5,9704,self,0.8100000000000875,0,97,,
2025-11-27T00:42:17.711792+00:00,train,5,9705,self,0.8100000000000875,0,95,,
2025-11-27T00:42:17.711923+00:00,train,5,9706,self,0.8100000000000875,0,99,,
2025-11-27T00:42:17.712053+00:00,train,5,9707,self,0.8100000000000875,0,92,,
2025-11-27T00:42:17.712184+00:00,train,5,9708,self,0.8100000000000875,0,100,,
2025-11-27T00:42:17.712315+00:00,train,5,9709,self,0.8100000000000875,0,77,,
2025-11-27T00:42:17.712446+00:00,train,5,9710,self,0.8100000000000875,0,91,,
2025-11-27T00:42:17.712577+00:00,train,5,9711,self,0.8100000000000875,0,98,,
2025-11-27T00:42:17.712707+00:00,train,5,9712,self,0.8100000000000875,0,99,,
2025-11-27T00:42:17.712838+00:00,train,5,9713,self,0.8100000000000875,0,98,,
2025-11-27T00:42:17.712968+00:00,train,5,9714,self,0.8100000000000875,0,98,,
2025-11-27T00:42:17.713099+00:00,train,5,9715,self,0.8100000000000875,0,97,,
2025-11-27T00:42:17.713233+00:00,train,5,9716,self,0.8100000000000875,0,97,,
2025-11-27T00:42:17.713364+00:00,train,5,9717,self,0.8100000000000875,0,94,,
2025-11-27T00:42:17.713495+00:00,train,5,9718,self,0.8100000000000875,0,99,,
2025-11-27T00:42:17.713625+00:00,train,5,9719,self,0.8100000000000875,0,87,,
2025-11-27T00:42:17.713767+00:00,train,5,9720,self,0.8100000000000875,0,100,,
2025-11-27T00:42:17.713895+00:00,train,5,9721,self,0.8100000000000875,0,95,,
2025-11-27T00:42:17.714022+00:00,train,5,9722,self,0.8100000000000875,0,98,,
2025-11-27T00:42:17.714149+00:00,train,5,9723,self,0.8100000000000875,0,96,,
2025-11-27T00:42:17.714276+00:00,train,5,9724,self,0.8100000000000875,0,98,,
2025-11-27T00:42:17.714404+00:00,train,5,9725,self,0.8100000000000875,0,95,,
2025-11-27T00:42:17.714531+00:00,train,5,9726,self,0.8100000000000875,0,99,,
2025-11-27T00:42:17.714657+00:00,train,5,9727,self,0.8100000000000875,0,73,,
2025-11-27T00:42:17.714810+00:00,train,5,9728,self,0.8100000000000875,0,99,,
2025-11-27T00:42:17.714942+00:00,train,5,9729,self,0.8100000000000875,0,96,,
2025-11-27T00:42:17.715073+00:00,train,5,9730,self,0.8100000000000875,0,99,,
2025-11-27T00:42:17.715204+00:00,train,5,9731,self,0.8100000000000875,0,93,,
2025-11-27T00:42:17.715336+00:00,train,5,9732,self,0.8100000000000875,0,95,,
2025-11-27T00:42:17.715466+00:00,train,5,9733,self,0.8100000000000875,0,96,,
2025-11-27T00:42:17.715597+00:00,train,5,9734,self,0.8100000000000875,0,97,,
2025-11-27T00:42:17.715742+00:00,train,5,9735,self,0.8100000000000875,0,99,,
2025-11-27T00:42:17.715869+00:00,train,5,9736,self,0.8100000000000875,0,100,,
2025-11-27T00:42:17.716060+00:00,train,5,9737,self,0.8100000000000875,0,91,,
2025-11-27T00:42:17.716210+00:00,train,5,9738,self,0.8100000000000875,0,94,,
2025-11-27T00:42:17.716349+00:00,train,5,9739,self,0.8100000000000875,0,97,,
2025-11-27T00:42:17.716484+00:00,train,5,9740,self,0.8100000000000875,0,99,,
2025-11-27T00:42:17.716616+00:00,train,5,9741,self,0.8100000000000875,0,92,,
2025-11-27T00:42:17.716757+00:00,train,5,9742,self,0.8100000000000875,0,94,,
2025-11-27T00:42:17.716885+00:00,train,5,9743,self,0.8100000000000875,0,89,,
2025-11-27T00:42:17.717016+00:00,train,5,9744,self,0.8100000000000875,0,97,,
2025-11-27T00:42:17.717141+00:00,train,5,9745,self,0.8100000000000875,0,91,,
2025-11-27T00:42:17.717270+00:00,train,5,9746,self,0.8100000000000875,0,100,,
2025-11-27T00:42:17.717396+00:00,train,5,9747,self,0.8100000000000875,0,84,,
2025-11-27T00:42:17.717520+00:00,train,5,9748,self,0.8100000000000875,0,100,,
2025-11-27T00:42:17.717644+00:00,train,5,9749,self,0.8100000000000875,0,97,,
2025-11-27T00:42:17.717781+00:00,train,5,9750,self,0.8100000000000875,0,99,,
2025-11-27T00:42:17.717901+00:00,train,5,9751,self,0.8100000000000875,0,93,,
2025-11-27T00:42:17.718022+00:00,train,5,9752,self,0.8100000000000875,0,100,,
2025-11-27T00:42:17.718145+00:00,train,5,9753,self,0.8100000000000875,0,93,,
2025-11-27T00:42:17.718327+00:00,train,5,9754,self,0.8100000000000875,0,99,,
2025-11-27T00:42:17.718467+00:00,train,5,9755,self,0.8100000000000875,0,98,,
2025-11-27T00:42:17.718597+00:00,train,5,9756,self,0.8100000000000875,0,99,,
2025-11-27T00:42:17.718725+00:00,train,5,9757,self,0.8100000000000875,0,89,,
2025-11-27T00:42:17.718859+00:00,train,5,9758,self,0.8100000000000875,0,100,,
2025-11-27T00:42:17.718977+00:00,train,5,9759,self,0.8100000000000875,0,96,,
2025-11-27T00:42:17.719097+00:00,train,5,9760,self,0.8100000000000875,0,99,,
2025-11-27T00:42:17.719215+00:00,train,5,9761,self,0.8100000000000875,0,87,,
2025-11-27T00:42:17.719391+00:00,train,5,9762,self,0.8100000000000875,0,95,,
2025-11-27T00:42:17.719541+00:00,train,5,9763,self,0.8100000000000875,0,99,,
2025-11-27T00:42:17.719671+00:00,train,5,9764,self,0.8100000000000875,0,100,,
2025-11-27T00:42:17.719807+00:00,train,5,9765,self,0.8100000000000875,0,96,,
2025-11-27T00:42:17.719926+00:00,train,5,9766,self,0.8100000000000875,0,100,,
2025-11-27T00:42:17.720043+00:00,train,5,9767,self,0.8100000000000875,0,92,,
2025-11-27T00:42:17.720162+00:00,train,5,9768,self,0.8100000000000875,0,95,,
2025-11-27T00:42:17.720278+00:00,train,5,9769,self,0.8100000000000875,0,94,,
2025-11-27T00:42:17.720393+00:00,train,5,9770,self,0.8100000000000875,0,94,,
2025-11-27T00:42:17.720507+00:00,train,5,9771,self,0.8100000000000875,0,100,,
2025-11-27T00:42:17.720622+00:00,train,5,9772,self,0.8100000000000875,0,100,,
2025-11-27T00:42:17.720748+00:00,train,5,9773,self,0.8100000000000875,0,91,,
2025-11-27T00:42:17.720859+00:00,train,5,9774,self,0.8100000000000875,0,94,,
2025-11-27T00:42:17.720971+00:00,train,5,9775,self,0.8100000000000875,0,81,,
2025-11-27T00:42:17.721081+00:00,train,5,9776,self,0.8100000000000875,0,87,,
2025-11-27T00:42:17.721192+00:00,train,5,9777,self,0.8100000000000875,0,95,,
2025-11-27T00:42:17.721302+00:00,train,5,9778,self,0.8100000000000875,0,96,,
2025-11-27T00:42:17.721411+00:00,train,5,9779,self,0.8100000000000875,0,86,,
2025-11-27T00:42:17.721521+00:00,train,5,9780,self,0.8100000000000875,0,93,,
2025-11-27T00:42:17.721632+00:00,train,5,9781,self,0.8100000000000875,0,95,,
2025-11-27T00:42:17.721754+00:00,train,5,9782,self,0.8100000000000875,0,98,,
2025-11-27T00:42:17.721862+00:00,train,5,9783,self,0.8100000000000875,0,97,,
2025-11-27T00:42:17.721969+00:00,train,5,9784,self,0.8100000000000875,0,98,,
2025-11-27T00:42:17.722076+00:00,train,5,9785,self,0.8100000000000875,0,74,,
2025-11-27T00:42:17.722183+00:00,train,5,9786,self,0.8100000000000875,0,95,,
2025-11-27T00:42:17.722290+00:00,train,5,9787,self,0.8100000000000875,0,98,,
2025-11-27T00:42:17.722397+00:00,train,5,9788,self,0.8100000000000875,0,99,,
2025-11-27T00:42:17.722504+00:00,train,5,9789,self,0.8100000000000875,0,90,,
2025-11-27T00:42:17.722611+00:00,train,5,9790,self,0.8100000000000875,0,98,,
2025-11-27T00:42:17.722718+00:00,train,5,9791,self,0.8100000000000875,0,98,,
2025-11-27T00:42:17.722879+00:00,train,5,9792,self,0.8100000000000875,0,98,,
2025-11-27T00:42:17.723005+00:00,train,5,9793,self,0.8100000000000875,0,95,,
2025-11-27T00:42:17.723122+00:00,train,5,9794,self,0.8100000000000875,0,96,,
2025-11-27T00:42:17.723236+00:00,train,5,9795,self,0.8100000000000875,0,92,,
2025-11-27T00:42:17.723347+00:00,train,5,9796,self,0.8100000000000875,0,100,,
2025-11-27T00:42:17.723457+00:00,train,5,9797,self,0.8100000000000875,0,95,,
2025-11-27T00:42:17.723565+00:00,train,5,9798,self,0.8100000000000875,0,99,,
2025-11-27T00:42:17.723672+00:00,train,5,9799,self,0.8100000000000875,0,92,,
2025-11-27T00:42:17.723780+00:00,train,5,9800,self,0.8100000000000875,0,99,,
2025-11-27T00:42:17.723887+00:00,train,5,9801,self,0.8100000000000875,0,84,,
2025-11-27T00:42:17.723994+00:00,train,5,9802,self,0.8100000000000875,0,92,,
2025-11-27T00:42:17.724101+00:00,train,5,9803,self,0.8100000000000875,0,94,,
2025-11-27T00:42:17.724208+00:00,train,5,9804,self,0.8100000000000875,0,95,,
2025-11-27T00:42:17.724315+00:00,train,5,9805,self,0.8100000000000875,0,90,,
2025-11-27T00:42:17.724422+00:00,train,5,9806,self,0.8100000000000875,0,100,,
2025-11-27T00:42:17.724529+00:00,train,5,9807,self,0.8100000000000875,0,88,,
2025-11-27T00:42:17.724635+00:00,train,5,9808,self,0.8100000000000875,0,100,,
2025-11-27T00:42:17.724742+00:00,train,5,9809,self,0.8100000000000875,0,99,,
2025-11-27T00:42:17.724848+00:00,train,5,9810,self,0.8100000000000875,0,100,,
2025-11-27T00:42:17.724955+00:00,train,5,9811,self,0.8100000000000875,0,90,,
2025-11-27T00:42:17.725060+00:00,train,5,9812,self,0.8100000000000875,0,96,,
2025-11-27T00:42:17.725166+00:00,train,5,9813,self,0.8100000000000875,0,96,,
2025-11-27T00:42:17.725272+00:00,train,5,9814,self,0.8100000000000875,0,98,,
2025-11-27T00:42:17.725378+00:00,train,5,9815,self,0.8100000000000875,0,89,,
2025-11-27T00:42:17.725483+00:00,train,5,9816,self,0.8100000000000875,0,99,,
2025-11-27T00:42:17.725590+00:00,train,5,9817,self,0.8100000000000875,0,100,,
2025-11-27T00:42:17.725696+00:00,train,5,9818,self,0.8100000000000875,0,100,,
2025-11-27T00:42:17.725802+00:00,train,5,9819,self,0.8100000000000875,0,95,,
2025-11-27T00:42:17.725909+00:00,train,5,9820,self,0.8100000000000875,0,100,,
2025-11-27T00:42:17.726018+00:00,train,5,9821,self,0.8100000000000875,0,89,,
2025-11-27T00:42:17.726125+00:00,train,5,9822,self,0.8100000000000875,0,98,,
2025-11-27T00:42:17.726230+00:00,train,5,9823,self,0.8100000000000875,0,97,,
2025-11-27T00:42:17.726336+00:00,train,5,9824,self,0.8100000000000875,0,99,,
2025-11-27T00:42:17.726442+00:00,train,5,9825,self,0.8100000000000875,0,90,,
2025-11-27T00:42:17.726549+00:00,train,5,9826,self,0.8100000000000875,0,94,,
2025-11-27T00:42:17.726655+00:00,train,5,9827,self,0.8100000000000875,0,89,,
2025-11-27T00:42:17.726762+00:00,train,5,9828,self,0.8100000000000875,0,97,,
2025-11-27T00:42:17.726867+00:00,train,5,9829,self,0.8100000000000875,0,96,,
2025-11-27T00:42:17.726973+00:00,train,5,9830,self,0.8100000000000875,0,98,,
2025-11-27T00:42:17.727118+00:00,train,5,9831,self,0.8100000000000875,0,97,,
2025-11-27T00:42:17.727226+00:00,train,5,9832,self,0.8100000000000875,0,99,,
2025-11-27T00:42:17.727332+00:00,train,5,9833,self,0.8100000000000875,0,98,,
2025-11-27T00:42:17.727438+00:00,train,5,9834,self,0.8100000000000875,0,99,,
2025-11-27T00:42:17.727544+00:00,train,5,9835,self,0.8100000000000875,0,92,,
2025-11-27T00:42:17.727650+00:00,train,5,9836,self,0.8100000000000875,0,100,,
2025-11-27T00:42:17.727756+00:00,train,5,9837,self,0.8100000000000875,0,96,,
2025-11-27T00:42:17.727862+00:00,train,5,9838,self,0.8100000000000875,0,99,,
2025-11-27T00:42:17.727968+00:00,train,5,9839,self,0.8100000000000875,0,93,,
2025-11-27T00:42:17.728074+00:00,train,5,9840,self,0.8100000000000875,0,96,,
2025-11-27T00:42:17.728182+00:00,train,5,9841,self,0.8100000000000875,0,96,,
2025-11-27T00:42:17.728307+00:00,train,5,9842,self,0.8100000000000875,0,99,,
2025-11-27T00:42:17.728414+00:00,train,5,9843,self,0.8100000000000875,0,93,,
2025-11-27T00:42:17.728521+00:00,train,5,9844,self,0.8100000000000875,0,99,,
2025-11-27T00:42:17.728627+00:00,train,5,9845,self,0.8100000000000875,0,94,,
2025-11-27T00:42:17.728734+00:00,train,5,9846,self,0.8100000000000875,0,98,,
2025-11-27T00:42:17.728840+00:00,train,5,9847,self,0.8100000000000875,0,92,,
2025-11-27T00:42:17.728946+00:00,train,5,9848,self,0.8100000000000875,0,100,,
2025-11-27T00:42:17.729053+00:00,train,5,9849,self,0.8100000000000875,0,93,,
2025-11-27T00:42:17.729159+00:00,train,5,9850,self,0.8100000000000875,0,98,,
2025-11-27T00:42:17.729266+00:00,train,5,9851,self,0.8100000000000875,0,97,,
2025-11-27T00:42:17.729372+00:00,train,5,9852,self,0.8100000000000875,0,98,,
2025-11-27T00:42:17.729478+00:00,train,5,9853,self,0.8100000000000875,0,98,,
2025-11-27T00:42:17.729584+00:00,train,5,9854,self,0.8100000000000875,0,98,,
2025-11-27T00:42:17.729690+00:00,train,5,9855,self,0.8100000000000875,0,91,,
2025-11-27T00:42:17.729796+00:00,train,5,9856,self,0.8100000000000875,0,93,,
2025-11-27T00:42:17.729902+00:00,train,5,9857,self,0.8100000000000875,0,92,,
2025-11-27T00:42:17.730008+00:00,train,5,9858,self,0.8100000000000875,0,99,,
2025-11-27T00:42:17.730114+00:00,train,5,9859,self,0.8100000000000875,0,97,,
2025-11-27T00:42:17.730221+00:00,train,5,9860,self,0.8100000000000875,0,99,,
2025-11-27T00:42:17.730327+00:00,train,5,9861,self,0.8100000000000875,0,96,,
2025-11-27T00:42:17.730434+00:00,train,5,9862,self,0.8100000000000875,0,100,,
2025-11-27T00:42:17.730541+00:00,train,5,9863,self,0.8100000000000875,0,92,,
2025-11-27T00:42:17.730647+00:00,train,5,9864,self,0.8100000000000875,0,92,,
2025-11-27T00:42:17.730752+00:00,train,5,9865,self,0.8100000000000875,0,90,,
2025-11-27T00:42:17.730858+00:00,train,5,9866,self,0.8100000000000875,0,96,,
2025-11-27T00:42:17.730964+00:00,train,5,9867,self,0.8100000000000875,0,93,,
2025-11-27T00:42:17.731070+00:00,train,5,9868,self,0.8100000000000875,0,99,,
2025-11-27T00:42:17.731177+00:00,train,5,9869,self,0.8100000000000875,0,98,,
2025-11-27T00:42:17.731289+00:00,train,5,9870,self,0.8100000000000875,0,100,,
2025-11-27T00:42:17.731396+00:00,train,5,9871,self,0.8100000000000875,0,94,,
2025-11-27T00:42:17.731554+00:00,train,5,9872,self,0.8100000000000875,0,98,,
2025-11-27T00:42:17.731681+00:00,train,5,9873,self,0.8100000000000875,0,93,,
2025-11-27T00:42:17.731798+00:00,train,5,9874,self,0.8100000000000875,0,97,,
2025-11-27T00:42:17.731913+00:00,train,5,9875,self,0.8100000000000875,0,77,,
2025-11-27T00:42:17.732028+00:00,train,5,9876,self,0.8100000000000875,0,95,,
2025-11-27T00:42:17.732138+00:00,train,5,9877,self,0.8100000000000875,0,97,,
2025-11-27T00:42:17.732247+00:00,train,5,9878,self,0.8100000000000875,0,97,,
2025-11-27T00:42:17.732354+00:00,train,5,9879,self,0.8100000000000875,0,98,,
2025-11-27T00:42:17.732463+00:00,train,5,9880,self,0.8100000000000875,0,99,,
2025-11-27T00:42:17.732571+00:00,train,5,9881,self,0.8100000000000875,0,96,,
2025-11-27T00:42:17.732679+00:00,train,5,9882,self,0.8100000000000875,0,96,,
2025-11-27T00:42:17.732788+00:00,train,5,9883,self,0.8100000000000875,0,97,,
2025-11-27T00:42:17.732896+00:00,train,5,9884,self,0.8100000000000875,0,98,,
2025-11-27T00:42:17.733002+00:00,train,5,9885,self,0.8100000000000875,0,93,,
2025-11-27T00:42:17.733109+00:00,train,5,9886,self,0.8100000000000875,0,94,,
2025-11-27T00:42:17.733215+00:00,train,5,9887,self,0.8100000000000875,0,87,,
2025-11-27T00:42:17.733322+00:00,train,5,9888,self,0.8100000000000875,0,97,,
2025-11-27T00:42:17.733428+00:00,train,5,9889,self,0.8100000000000875,0,95,,
2025-11-27T00:42:17.733535+00:00,train,5,9890,self,0.8100000000000875,0,99,,
2025-11-27T00:42:17.733641+00:00,train,5,9891,self,0.8100000000000875,0,88,,
2025-11-27T00:42:17.733748+00:00,train,5,9892,self,0.8100000000000875,0,88,,
2025-11-27T00:42:17.733854+00:00,train,5,9893,self,0.8100000000000875,0,99,,
2025-11-27T00:42:17.733960+00:00,train,5,9894,self,0.8100000000000875,0,100,,
2025-11-27T00:42:17.734067+00:00,train,5,9895,self,0.8100000000000875,0,95,,
2025-11-27T00:42:17.734173+00:00,train,5,9896,self,0.8100000000000875,0,98,,
2025-11-27T00:42:17.734280+00:00,train,5,9897,self,0.8100000000000875,0,94,,
2025-11-27T00:42:17.734386+00:00,train,5,9898,self,0.8100000000000875,0,99,,
2025-11-27T00:42:17.734492+00:00,train,5,9899,self,0.8100000000000875,0,95,,
2025-11-27T00:42:17.734598+00:00,train,5,9900,self,0.8100000000000875,0,99,,
2025-11-27T00:42:17.734704+00:00,train,5,9901,self,0.8100000000000875,0,95,,
2025-11-27T00:42:17.734811+00:00,train,5,9902,self,0.8100000000000875,0,99,,
2025-11-27T00:42:17.734917+00:00,train,5,9903,self,0.8100000000000875,0,94,,
2025-11-27T00:42:17.735024+00:00,train,5,9904,self,0.8100000000000875,0,99,,
2025-11-27T00:42:17.735130+00:00,train,5,9905,self,0.8100000000000875,0,91,,
2025-11-27T00:42:17.735236+00:00,train,5,9906,self,0.8100000000000875,0,95,,
2025-11-27T00:42:17.735342+00:00,train,5,9907,self,0.8100000000000875,0,94,,
2025-11-27T00:42:17.735448+00:00,train,5,9908,self,0.8100000000000875,0,100,,
2025-11-27T00:42:17.735555+00:00,train,5,9909,self,0.8100000000000875,0,87,,
2025-11-27T00:42:17.735661+00:00,train,5,9910,self,0.8100000000000875,0,87,,
2025-11-27T00:42:17.735817+00:00,train,5,9911,self,0.8100000000000875,0,95,,
2025-11-27T00:42:17.735958+00:00,train,5,9912,self,0.8100000000000875,0,99,,
2025-11-27T00:42:17.736080+00:00,train,5,9913,self,0.8100000000000875,0,98,,
2025-11-27T00:42:17.736194+00:00,train,5,9914,self,0.8100000000000875,0,98,,
2025-11-27T00:42:17.736362+00:00,train,5,9915,self,0.8100000000000875,0,93,,
2025-11-27T00:42:17.736481+00:00,train,5,9916,self,0.8100000000000875,0,97,,
2025-11-27T00:42:17.736593+00:00,train,5,9917,self,0.8100000000000875,0,95,,
2025-11-27T00:42:17.736703+00:00,train,5,9918,self,0.8100000000000875,0,95,,
2025-11-27T00:42:17.736811+00:00,train,5,9919,self,0.8100000000000875,0,92,,
2025-11-27T00:42:17.736919+00:00,train,5,9920,self,0.8100000000000875,0,96,,
2025-11-27T00:42:17.737027+00:00,train,5,9921,self,0.8100000000000875,0,96,,
2025-11-27T00:42:17.737134+00:00,train,5,9922,self,0.8100000000000875,0,97,,
2025-11-27T00:42:17.737240+00:00,train,5,9923,self,0.8100000000000875,0,95,,
2025-11-27T00:42:17.737347+00:00,train,5,9924,self,0.8100000000000875,0,99,,
2025-11-27T00:42:17.737453+00:00,train,5,9925,self,0.8100000000000875,0,98,,
2025-11-27T00:42:17.737562+00:00,train,5,9926,self,0.8100000000000875,0,100,,
2025-11-27T00:42:17.737669+00:00,train,5,9927,self,0.8100000000000875,0,99,,
2025-11-27T00:42:17.737824+00:00,train,5,9928,self,0.8100000000000875,0,100,,
2025-11-27T00:42:17.737987+00:00,train,5,9929,self,0.8100000000000875,0,88,,
2025-11-27T00:42:17.738118+00:00,train,5,9930,self,0.8100000000000875,0,98,,
2025-11-27T00:42:17.738242+00:00,train,5,9931,self,0.8100000000000875,0,89,,
2025-11-27T00:42:17.738361+00:00,train,5,9932,self,0.8100000000000875,0,99,,
2025-11-27T00:42:17.738495+00:00,train,5,9933,self,0.8100000000000875,0,94,,
2025-11-27T00:42:17.738612+00:00,train,5,9934,self,0.8100000000000875,0,100,,
2025-11-27T00:42:17.738744+00:00,train,5,9935,self,0.8100000000000875,0,90,,
2025-11-27T00:42:17.738861+00:00,train,5,9936,self,0.8100000000000875,0,91,,
2025-11-27T00:42:17.738995+00:00,train,5,9937,self,0.8100000000000875,0,93,,
2025-11-27T00:42:17.739110+00:00,train,5,9938,self,0.8100000000000875,0,98,,
2025-11-27T00:42:17.739224+00:00,train,5,9939,self,0.8100000000000875,0,97,,
2025-11-27T00:42:17.739357+00:00,train,5,9940,self,0.8100000000000875,0,97,,
2025-11-27T00:42:17.739472+00:00,train,5,9941,self,0.8100000000000875,0,92,,
2025-11-27T00:42:17.739603+00:00,train,5,9942,self,0.8100000000000875,0,97,,
2025-11-27T00:42:17.739716+00:00,train,5,9943,self,0.8100000000000875,0,100,,
2025-11-27T00:42:17.739882+00:00,train,5,9944,self,0.8100000000000875,0,100,,
2025-11-27T00:42:17.740010+00:00,train,5,9945,self,0.8100000000000875,0,97,,
2025-11-27T00:42:17.740129+00:00,train,5,9946,self,0.8100000000000875,0,99,,
2025-11-27T00:42:17.740244+00:00,train,5,9947,self,0.8100000000000875,0,94,,
2025-11-27T00:42:17.740356+00:00,train,5,9948,self,0.8100000000000875,0,100,,
2025-11-27T00:42:17.740468+00:00,train,5,9949,self,0.8100000000000875,0,93,,
2025-11-27T00:42:17.740578+00:00,train,5,9950,self,0.8100000000000875,0,97,,
2025-11-27T00:42:17.740687+00:00,train,5,9951,self,0.8100000000000875,0,92,,
2025-11-27T00:42:17.740795+00:00,train,5,9952,self,0.8100000000000875,0,99,,
2025-11-27T00:42:17.740904+00:00,train,5,9953,self,0.8100000000000875,0,93,,
2025-11-27T00:42:17.741012+00:00,train,5,9954,self,0.8100000000000875,0,96,,
2025-11-27T00:42:17.741120+00:00,train,5,9955,self,0.8100000000000875,0,80,,
2025-11-27T00:42:17.741227+00:00,train,5,9956,self,0.8100000000000875,0,97,,
2025-11-27T00:42:17.741335+00:00,train,5,9957,self,0.8100000000000875,0,96,,
2025-11-27T00:42:17.741443+00:00,train,5,9958,self,0.8100000000000875,0,97,,
2025-11-27T00:42:17.741552+00:00,train,5,9959,self,0.8100000000000875,0,92,,
2025-11-27T00:42:17.741659+00:00,train,5,9960,self,0.8100000000000875,0,97,,
2025-11-27T00:42:17.741766+00:00,train,5,9961,self,0.8100000000000875,0,97,,
2025-11-27T00:42:17.741873+00:00,train,5,9962,self,0.8100000000000875,0,100,,
2025-11-27T00:42:17.741980+00:00,train,5,9963,self,0.8100000000000875,0,100,,
2025-11-27T00:42:17.742088+00:00,train,5,9964,self,0.8100000000000875,0,100,,
2025-11-27T00:42:17.742196+00:00,train,5,9965,self,0.8100000000000875,0,85,,
2025-11-27T00:42:17.742303+00:00,train,5,9966,self,0.8100000000000875,0,94,,
2025-11-27T00:42:17.742410+00:00,train,5,9967,self,0.8100000000000875,0,86,,
2025-11-27T00:42:17.742519+00:00,train,5,9968,self,0.8100000000000875,0,100,,
2025-11-27T00:42:17.742627+00:00,train,5,9969,self,0.8100000000000875,0,81,,
2025-11-27T00:42:17.742735+00:00,train,5,9970,self,0.8100000000000875,0,98,,
2025-11-27T00:42:17.742842+00:00,train,5,9971,self,0.8100000000000875,0,94,,
2025-11-27T00:42:17.742950+00:00,train,5,9972,self,0.8100000000000875,0,95,,
2025-11-27T00:42:17.743056+00:00,train,5,9973,self,0.8100000000000875,0,79,,
2025-11-27T00:42:17.743164+00:00,train,5,9974,self,0.8100000000000875,0,100,,
2025-11-27T00:42:17.743272+00:00,train,5,9975,self,0.8100000000000875,0,95,,
2025-11-27T00:42:17.743379+00:00,train,5,9976,self,0.8100000000000875,0,99,,
2025-11-27T00:42:17.743487+00:00,train,5,9977,self,0.8100000000000875,0,96,,
2025-11-27T00:42:17.743597+00:00,train,5,9978,self,0.8100000000000875,0,99,,
2025-11-27T00:42:17.743705+00:00,train,5,9979,self,0.8100000000000875,0,94,,
2025-11-27T00:42:17.743812+00:00,train,5,9980,self,0.8100000000000875,0,99,,
2025-11-27T00:42:17.743919+00:00,train,5,9981,self,0.8100000000000875,0,92,,
2025-11-27T00:42:17.744026+00:00,train,5,9982,self,0.8100000000000875,0,99,,
2025-11-27T00:42:17.744133+00:00,train,5,9983,self,0.8100000000000875,0,94,,
2025-11-27T00:42:17.744241+00:00,train,5,9984,self,0.8100000000000875,0,95,,
2025-11-27T00:42:17.744348+00:00,train,5,9985,self,0.8100000000000875,0,89,,
2025-11-27T00:42:17.744456+00:00,train,5,9986,self,0.8100000000000875,0,93,,
2025-11-27T00:42:17.744563+00:00,train,5,9987,self,0.8100000000000875,0,96,,
2025-11-27T00:42:17.744670+00:00,train,5,9988,self,0.8100000000000875,0,100,,
2025-11-27T00:42:17.744777+00:00,train,5,9989,self,0.8100000000000875,0,89,,
2025-11-27T00:42:17.744884+00:00,train,5,9990,self,0.8100000000000875,0,98,,
2025-11-27T00:42:17.744991+00:00,train,5,9991,self,0.8100000000000875,0,91,,
2025-11-27T00:42:17.745098+00:00,train,5,9992,self,0.8100000000000875,0,97,,
2025-11-27T00:42:17.745205+00:00,train,5,9993,self,0.8100000000000875,0,98,,
2025-11-27T00:42:17.745312+00:00,train,5,9994,self,0.8100000000000875,0,100,,
2025-11-27T00:42:17.745420+00:00,train,5,9995,self,0.8100000000000875,0,94,,
2025-11-27T00:42:17.745526+00:00,train,5,9996,self,0.8100000000000875,0,95,,
2025-11-27T00:42:17.745633+00:00,train,5,9997,self,0.8100000000000875,0,98,,
2025-11-27T00:42:17.745740+00:00,train,5,9998,self,0.8100000000000875,0,99,,
2025-11-27T00:42:17.745848+00:00,train,5,9999,self,0.8100000000000875,0,95,,
2025-11-27T00:42:17.745955+00:00,train,5,10000,self,0.8100000000000875,0,97,,
2025-11-27T00:42:36.768825+00:00,baseline_eval,5,10001,,0.7625000000001094,,,,1.0
2025-11-27T00:42:56.989347+00:00,selfplay_eval,5,10001,,0.7625000000001094,,,0.5466666666666666,1.0
