timestamp,phase,round,episode,opponent,epsilon,outcome,moves,win_rate,baseline_win_rate
2025-11-27T00:30:41.636045+00:00,run_start,0,0,,1.0,,,,
2025-11-27T00:32:16.717268+00:00,train,1,1,self,1.0,0,94,,
2025-11-27T00:32:16.718708+00:00,train,1,2,self,1.0,0,100,,
2025-11-27T00:32:16.718890+00:00,train,1,3,self,1.0,0,95,,
2025-11-27T00:32:16.719067+00:00,train,1,4,self,1.0,0,97,,
2025-11-27T00:32:16.719231+00:00,train,1,5,self,1.0,0,95,,
2025-11-27T00:32:16.719389+00:00,train,1,6,self,1.0,0,99,,
2025-11-27T00:32:16.719545+00:00,train,1,7,self,1.0,0,98,,
2025-11-27T00:32:16.719705+00:00,train,1,8,self,1.0,0,100,,
2025-11-27T00:32:16.719862+00:00,train,1,9,self,1.0,0,94,,
2025-11-27T00:32:16.720021+00:00,train,1,10,self,1.0,0,100,,
2025-11-27T00:32:16.720177+00:00,train,1,11,self,1.0,0,98,,
2025-11-27T00:32:16.720330+00:00,train,1,12,self,1.0,0,100,,
2025-11-27T00:32:16.720491+00:00,train,1,13,self,1.0,0,94,,
2025-11-27T00:32:16.720643+00:00,train,1,14,self,1.0,0,97,,
2025-11-27T00:32:16.720797+00:00,train,1,15,self,1.0,0,100,,
2025-11-27T00:32:16.720962+00:00,train,1,16,self,1.0,0,100,,
2025-11-27T00:32:16.721114+00:00,train,1,17,self,1.0,0,85,,
2025-11-27T00:32:16.721272+00:00,train,1,18,self,1.0,0,100,,
2025-11-27T00:32:16.721428+00:00,train,1,19,self,1.0,0,89,,
2025-11-27T00:32:16.721579+00:00,train,1,20,self,1.0,0,96,,
2025-11-27T00:32:16.721735+00:00,train,1,21,self,1.0,0,97,,
2025-11-27T00:32:16.721887+00:00,train,1,22,self,1.0,0,97,,
2025-11-27T00:32:16.722040+00:00,train,1,23,self,1.0,0,90,,
2025-11-27T00:32:16.722191+00:00,train,1,24,self,1.0,0,100,,
2025-11-27T00:32:16.722344+00:00,train,1,25,self,1.0,0,100,,
2025-11-27T00:32:16.722497+00:00,train,1,26,self,1.0,0,100,,
2025-11-27T00:32:16.722649+00:00,train,1,27,self,1.0,0,96,,
2025-11-27T00:32:16.722801+00:00,train,1,28,self,1.0,0,100,,
2025-11-27T00:32:16.722951+00:00,train,1,29,self,1.0,0,92,,
2025-11-27T00:32:16.723102+00:00,train,1,30,self,1.0,0,97,,
2025-11-27T00:32:16.723253+00:00,train,1,31,self,1.0,0,98,,
2025-11-27T00:32:16.723404+00:00,train,1,32,self,1.0,0,99,,
2025-11-27T00:32:16.723557+00:00,train,1,33,self,1.0,0,92,,
2025-11-27T00:32:16.723708+00:00,train,1,34,self,1.0,0,99,,
2025-11-27T00:32:16.723859+00:00,train,1,35,self,1.0,0,82,,
2025-11-27T00:32:16.724009+00:00,train,1,36,self,1.0,0,100,,
2025-11-27T00:32:16.724160+00:00,train,1,37,self,1.0,0,92,,
2025-11-27T00:32:16.724312+00:00,train,1,38,self,1.0,0,100,,
2025-11-27T00:32:16.724464+00:00,train,1,39,self,1.0,0,84,,
2025-11-27T00:32:16.724625+00:00,train,1,40,self,1.0,0,94,,
2025-11-27T00:32:16.724771+00:00,train,1,41,self,1.0,0,99,,
2025-11-27T00:32:16.724916+00:00,train,1,42,self,1.0,0,100,,
2025-11-27T00:32:16.725062+00:00,train,1,43,self,1.0,0,92,,
2025-11-27T00:32:16.725208+00:00,train,1,44,self,1.0,0,100,,
2025-11-27T00:32:16.725354+00:00,train,1,45,self,1.0,0,92,,
2025-11-27T00:32:16.725499+00:00,train,1,46,self,1.0,0,100,,
2025-11-27T00:32:16.725645+00:00,train,1,47,self,1.0,0,86,,
2025-11-27T00:32:16.725792+00:00,train,1,48,self,1.0,0,93,,
2025-11-27T00:32:16.725937+00:00,train,1,49,self,1.0,0,97,,
2025-11-27T00:32:16.726083+00:00,train,1,50,self,1.0,0,99,,
2025-11-27T00:32:16.726230+00:00,train,1,51,self,1.0,0,90,,
2025-11-27T00:32:16.726376+00:00,train,1,52,self,1.0,0,96,,
2025-11-27T00:32:16.726522+00:00,train,1,53,self,1.0,0,98,,
2025-11-27T00:32:16.726668+00:00,train,1,54,self,1.0,0,100,,
2025-11-27T00:32:16.726814+00:00,train,1,55,self,1.0,0,90,,
2025-11-27T00:32:16.726960+00:00,train,1,56,self,1.0,0,97,,
2025-11-27T00:32:16.727108+00:00,train,1,57,self,1.0,0,88,,
2025-11-27T00:32:16.727254+00:00,train,1,58,self,1.0,0,98,,
2025-11-27T00:32:16.727400+00:00,train,1,59,self,1.0,0,96,,
2025-11-27T00:32:16.727548+00:00,train,1,60,self,1.0,0,98,,
2025-11-27T00:32:16.727693+00:00,train,1,61,self,1.0,0,96,,
2025-11-27T00:32:16.727838+00:00,train,1,62,self,1.0,0,99,,
2025-11-27T00:32:16.727983+00:00,train,1,63,self,1.0,0,90,,
2025-11-27T00:32:16.728129+00:00,train,1,64,self,1.0,0,100,,
2025-11-27T00:32:16.728273+00:00,train,1,65,self,1.0,0,95,,
2025-11-27T00:32:16.728831+00:00,train,1,66,self,1.0,0,98,,
2025-11-27T00:32:16.729002+00:00,train,1,67,self,1.0,0,98,,
2025-11-27T00:32:16.729155+00:00,train,1,68,self,1.0,0,99,,
2025-11-27T00:32:16.729302+00:00,train,1,69,self,1.0,0,95,,
2025-11-27T00:32:16.729446+00:00,train,1,70,self,1.0,0,99,,
2025-11-27T00:32:16.729591+00:00,train,1,71,self,1.0,0,88,,
2025-11-27T00:32:16.729733+00:00,train,1,72,self,1.0,0,97,,
2025-11-27T00:32:16.729873+00:00,train,1,73,self,1.0,0,99,,
2025-11-27T00:32:16.730018+00:00,train,1,74,self,1.0,0,99,,
2025-11-27T00:32:16.730156+00:00,train,1,75,self,1.0,0,99,,
2025-11-27T00:32:16.730293+00:00,train,1,76,self,1.0,0,100,,
2025-11-27T00:32:16.730431+00:00,train,1,77,self,1.0,0,96,,
2025-11-27T00:32:16.730569+00:00,train,1,78,self,1.0,0,100,,
2025-11-27T00:32:16.730706+00:00,train,1,79,self,1.0,0,92,,
2025-11-27T00:32:16.730843+00:00,train,1,80,self,1.0,0,99,,
2025-11-27T00:32:16.730981+00:00,train,1,81,self,1.0,0,93,,
2025-11-27T00:32:16.731124+00:00,train,1,82,self,1.0,0,98,,
2025-11-27T00:32:16.731262+00:00,train,1,83,self,1.0,0,97,,
2025-11-27T00:32:16.731400+00:00,train,1,84,self,1.0,0,99,,
2025-11-27T00:32:16.731537+00:00,train,1,85,self,1.0,0,97,,
2025-11-27T00:32:16.731674+00:00,train,1,86,self,1.0,0,97,,
2025-11-27T00:32:16.731813+00:00,train,1,87,self,1.0,0,98,,
2025-11-27T00:32:16.731950+00:00,train,1,88,self,1.0,0,99,,
2025-11-27T00:32:16.732087+00:00,train,1,89,self,1.0,0,92,,
2025-11-27T00:32:16.732229+00:00,train,1,90,self,1.0,0,97,,
2025-11-27T00:32:16.732367+00:00,train,1,91,self,1.0,0,88,,
2025-11-27T00:32:16.732505+00:00,train,1,92,self,1.0,0,97,,
2025-11-27T00:32:16.732644+00:00,train,1,93,self,1.0,0,91,,
2025-11-27T00:32:16.732781+00:00,train,1,94,self,1.0,0,100,,
2025-11-27T00:32:16.732918+00:00,train,1,95,self,1.0,0,87,,
2025-11-27T00:32:16.733055+00:00,train,1,96,self,1.0,0,98,,
2025-11-27T00:32:16.733192+00:00,train,1,97,self,1.0,0,98,,
2025-11-27T00:32:16.733335+00:00,train,1,98,self,1.0,0,98,,
2025-11-27T00:32:16.733473+00:00,train,1,99,self,1.0,0,95,,
2025-11-27T00:32:16.733610+00:00,train,1,100,self,1.0,0,99,,
2025-11-27T00:32:16.733748+00:00,train,1,101,self,1.0,0,92,,
2025-11-27T00:32:16.733886+00:00,train,1,102,self,1.0,0,94,,
2025-11-27T00:32:16.734024+00:00,train,1,103,self,1.0,0,98,,
2025-11-27T00:32:16.734162+00:00,train,1,104,self,1.0,0,100,,
2025-11-27T00:32:16.734299+00:00,train,1,105,self,1.0,0,88,,
2025-11-27T00:32:16.734443+00:00,train,1,106,self,1.0,0,99,,
2025-11-27T00:32:16.734582+00:00,train,1,107,self,1.0,0,93,,
2025-11-27T00:32:16.734720+00:00,train,1,108,self,1.0,0,95,,
2025-11-27T00:32:16.734858+00:00,train,1,109,self,1.0,0,91,,
2025-11-27T00:32:16.734995+00:00,train,1,110,self,1.0,0,100,,
2025-11-27T00:32:16.735133+00:00,train,1,111,self,1.0,0,93,,
2025-11-27T00:32:16.735271+00:00,train,1,112,self,1.0,0,97,,
2025-11-27T00:32:16.735409+00:00,train,1,113,self,1.0,0,90,,
2025-11-27T00:32:16.735552+00:00,train,1,114,self,1.0,0,93,,
2025-11-27T00:32:16.735689+00:00,train,1,115,self,1.0,0,98,,
2025-11-27T00:32:16.735828+00:00,train,1,116,self,1.0,0,100,,
2025-11-27T00:32:16.735967+00:00,train,1,117,self,1.0,0,95,,
2025-11-27T00:32:16.736104+00:00,train,1,118,self,1.0,0,96,,
2025-11-27T00:32:16.736243+00:00,train,1,119,self,1.0,0,91,,
2025-11-27T00:32:16.736381+00:00,train,1,120,self,1.0,0,95,,
2025-11-27T00:32:16.736520+00:00,train,1,121,self,1.0,0,90,,
2025-11-27T00:32:16.736663+00:00,train,1,122,self,1.0,0,99,,
2025-11-27T00:32:16.736801+00:00,train,1,123,self,1.0,0,94,,
2025-11-27T00:32:16.736938+00:00,train,1,124,self,1.0,0,94,,
2025-11-27T00:32:16.737074+00:00,train,1,125,self,1.0,0,100,,
2025-11-27T00:32:16.737212+00:00,train,1,126,self,1.0,0,100,,
2025-11-27T00:32:16.737350+00:00,train,1,127,self,1.0,0,92,,
2025-11-27T00:32:16.737488+00:00,train,1,128,self,1.0,0,93,,
2025-11-27T00:32:16.737626+00:00,train,1,129,self,1.0,0,90,,
2025-11-27T00:32:16.737768+00:00,train,1,130,self,1.0,0,93,,
2025-11-27T00:32:16.737906+00:00,train,1,131,self,1.0,0,97,,
2025-11-27T00:32:16.738044+00:00,train,1,132,self,1.0,0,100,,
2025-11-27T00:32:16.738263+00:00,train,1,133,self,1.0,0,97,,
2025-11-27T00:32:16.738405+00:00,train,1,134,self,1.0,0,100,,
2025-11-27T00:32:16.738543+00:00,train,1,135,self,1.0,0,94,,
2025-11-27T00:32:16.738689+00:00,train,1,136,self,1.0,0,100,,
2025-11-27T00:32:16.738891+00:00,train,1,137,self,1.0,0,95,,
2025-11-27T00:32:16.739074+00:00,train,1,138,self,1.0,0,97,,
2025-11-27T00:32:16.739233+00:00,train,1,139,self,1.0,0,93,,
2025-11-27T00:32:16.739383+00:00,train,1,140,self,1.0,0,100,,
2025-11-27T00:32:16.739530+00:00,train,1,141,self,1.0,0,93,,
2025-11-27T00:32:16.739675+00:00,train,1,142,self,1.0,0,99,,
2025-11-27T00:32:16.739818+00:00,train,1,143,self,1.0,0,92,,
2025-11-27T00:32:16.739964+00:00,train,1,144,self,1.0,0,96,,
2025-11-27T00:32:16.740106+00:00,train,1,145,self,1.0,0,90,,
2025-11-27T00:32:16.740247+00:00,train,1,146,self,1.0,0,100,,
2025-11-27T00:32:16.740389+00:00,train,1,147,self,1.0,0,89,,
2025-11-27T00:32:16.740529+00:00,train,1,148,self,1.0,0,91,,
2025-11-27T00:32:16.740669+00:00,train,1,149,self,1.0,0,93,,
2025-11-27T00:32:16.740809+00:00,train,1,150,self,1.0,0,98,,
2025-11-27T00:32:16.740949+00:00,train,1,151,self,1.0,0,86,,
2025-11-27T00:32:16.741088+00:00,train,1,152,self,1.0,0,95,,
2025-11-27T00:32:16.741228+00:00,train,1,153,self,1.0,0,97,,
2025-11-27T00:32:16.741369+00:00,train,1,154,self,1.0,0,100,,
2025-11-27T00:32:16.741508+00:00,train,1,155,self,1.0,0,80,,
2025-11-27T00:32:16.741647+00:00,train,1,156,self,1.0,0,82,,
2025-11-27T00:32:16.741788+00:00,train,1,157,self,1.0,0,86,,
2025-11-27T00:32:16.741928+00:00,train,1,158,self,1.0,0,95,,
2025-11-27T00:32:16.742071+00:00,train,1,159,self,1.0,0,70,,
2025-11-27T00:32:16.742213+00:00,train,1,160,self,1.0,0,99,,
2025-11-27T00:32:16.742353+00:00,train,1,161,self,1.0,0,83,,
2025-11-27T00:32:16.742493+00:00,train,1,162,self,1.0,0,100,,
2025-11-27T00:32:16.742639+00:00,train,1,163,self,1.0,0,91,,
2025-11-27T00:32:16.742782+00:00,train,1,164,self,1.0,0,92,,
2025-11-27T00:32:16.742922+00:00,train,1,165,self,1.0,0,92,,
2025-11-27T00:32:16.743068+00:00,train,1,166,self,1.0,0,100,,
2025-11-27T00:32:16.743208+00:00,train,1,167,self,1.0,0,82,,
2025-11-27T00:32:16.743348+00:00,train,1,168,self,1.0,0,98,,
2025-11-27T00:32:16.743488+00:00,train,1,169,self,1.0,0,85,,
2025-11-27T00:32:16.743628+00:00,train,1,170,self,1.0,0,93,,
2025-11-27T00:32:16.743767+00:00,train,1,171,self,1.0,0,97,,
2025-11-27T00:32:16.743916+00:00,train,1,172,self,1.0,0,98,,
2025-11-27T00:32:16.744063+00:00,train,1,173,self,1.0,0,90,,
2025-11-27T00:32:16.744204+00:00,train,1,174,self,1.0,0,98,,
2025-11-27T00:32:16.744343+00:00,train,1,175,self,1.0,0,94,,
2025-11-27T00:32:16.744483+00:00,train,1,176,self,1.0,0,96,,
2025-11-27T00:32:16.744621+00:00,train,1,177,self,1.0,0,93,,
2025-11-27T00:32:16.744760+00:00,train,1,178,self,1.0,0,96,,
2025-11-27T00:32:16.744899+00:00,train,1,179,self,1.0,0,94,,
2025-11-27T00:32:16.745038+00:00,train,1,180,self,1.0,0,98,,
2025-11-27T00:32:16.745182+00:00,train,1,181,self,1.0,0,96,,
2025-11-27T00:32:16.745321+00:00,train,1,182,self,1.0,0,98,,
2025-11-27T00:32:16.745460+00:00,train,1,183,self,1.0,0,85,,
2025-11-27T00:32:16.745599+00:00,train,1,184,self,1.0,0,100,,
2025-11-27T00:32:16.745738+00:00,train,1,185,self,1.0,0,86,,
2025-11-27T00:32:16.745878+00:00,train,1,186,self,1.0,0,97,,
2025-11-27T00:32:16.746019+00:00,train,1,187,self,1.0,0,90,,
2025-11-27T00:32:16.746158+00:00,train,1,188,self,1.0,0,100,,
2025-11-27T00:32:16.746302+00:00,train,1,189,self,1.0,0,81,,
2025-11-27T00:32:16.746443+00:00,train,1,190,self,1.0,0,100,,
2025-11-27T00:32:16.746582+00:00,train,1,191,self,1.0,0,98,,
2025-11-27T00:32:16.746722+00:00,train,1,192,self,1.0,0,100,,
2025-11-27T00:32:16.746862+00:00,train,1,193,self,1.0,0,92,,
2025-11-27T00:32:16.747001+00:00,train,1,194,self,1.0,0,97,,
2025-11-27T00:32:16.747141+00:00,train,1,195,self,1.0,0,93,,
2025-11-27T00:32:16.747280+00:00,train,1,196,self,1.0,0,95,,
2025-11-27T00:32:16.747425+00:00,train,1,197,self,1.0,0,96,,
2025-11-27T00:32:16.747636+00:00,train,1,198,self,1.0,0,98,,
2025-11-27T00:32:16.747780+00:00,train,1,199,self,1.0,0,96,,
2025-11-27T00:32:16.747921+00:00,train,1,200,self,1.0,0,98,,
2025-11-27T00:32:16.748061+00:00,train,1,201,self,1.0,0,94,,
2025-11-27T00:32:16.748201+00:00,train,1,202,self,1.0,0,98,,
2025-11-27T00:32:16.748341+00:00,train,1,203,self,1.0,0,93,,
2025-11-27T00:32:16.748499+00:00,train,1,204,self,1.0,0,97,,
2025-11-27T00:32:16.748638+00:00,train,1,205,self,1.0,0,97,,
2025-11-27T00:32:16.748776+00:00,train,1,206,self,1.0,0,98,,
2025-11-27T00:32:16.748916+00:00,train,1,207,self,1.0,0,93,,
2025-11-27T00:32:16.749102+00:00,train,1,208,self,1.0,0,95,,
2025-11-27T00:32:16.749278+00:00,train,1,209,self,1.0,0,100,,
2025-11-27T00:32:16.749429+00:00,train,1,210,self,1.0,0,100,,
2025-11-27T00:32:16.749573+00:00,train,1,211,self,1.0,0,94,,
2025-11-27T00:32:16.749718+00:00,train,1,212,self,1.0,0,99,,
2025-11-27T00:32:16.749855+00:00,train,1,213,self,1.0,0,88,,
2025-11-27T00:32:16.749991+00:00,train,1,214,self,1.0,0,97,,
2025-11-27T00:32:16.750126+00:00,train,1,215,self,1.0,0,94,,
2025-11-27T00:32:16.750265+00:00,train,1,216,self,1.0,0,94,,
2025-11-27T00:32:16.750400+00:00,train,1,217,self,1.0,0,99,,
2025-11-27T00:32:16.750536+00:00,train,1,218,self,1.0,0,99,,
2025-11-27T00:32:16.750670+00:00,train,1,219,self,1.0,0,96,,
2025-11-27T00:32:16.750803+00:00,train,1,220,self,1.0,0,98,,
2025-11-27T00:32:16.750937+00:00,train,1,221,self,1.0,0,99,,
2025-11-27T00:32:16.751071+00:00,train,1,222,self,1.0,0,100,,
2025-11-27T00:32:16.751204+00:00,train,1,223,self,1.0,0,94,,
2025-11-27T00:32:16.751337+00:00,train,1,224,self,1.0,0,98,,
2025-11-27T00:32:16.751470+00:00,train,1,225,self,1.0,0,93,,
2025-11-27T00:32:16.751609+00:00,train,1,226,self,1.0,0,100,,
2025-11-27T00:32:16.751741+00:00,train,1,227,self,1.0,0,94,,
2025-11-27T00:32:16.751874+00:00,train,1,228,self,1.0,0,97,,
2025-11-27T00:32:16.752008+00:00,train,1,229,self,1.0,0,87,,
2025-11-27T00:32:16.752141+00:00,train,1,230,self,1.0,0,97,,
2025-11-27T00:32:16.752274+00:00,train,1,231,self,1.0,0,90,,
2025-11-27T00:32:16.752414+00:00,train,1,232,self,1.0,0,100,,
2025-11-27T00:32:16.752547+00:00,train,1,233,self,1.0,0,73,,
2025-11-27T00:32:16.752689+00:00,train,1,234,self,1.0,0,89,,
2025-11-27T00:32:16.752829+00:00,train,1,235,self,1.0,0,93,,
2025-11-27T00:32:16.752967+00:00,train,1,236,self,1.0,0,98,,
2025-11-27T00:32:16.753101+00:00,train,1,237,self,1.0,0,99,,
2025-11-27T00:32:16.753233+00:00,train,1,238,self,1.0,0,100,,
2025-11-27T00:32:16.753365+00:00,train,1,239,self,1.0,0,97,,
2025-11-27T00:32:16.753503+00:00,train,1,240,self,1.0,0,99,,
2025-11-27T00:32:16.753648+00:00,train,1,241,self,1.0,0,100,,
2025-11-27T00:32:16.753777+00:00,train,1,242,self,1.0,0,100,,
2025-11-27T00:32:16.753906+00:00,train,1,243,self,1.0,0,96,,
2025-11-27T00:32:16.754035+00:00,train,1,244,self,1.0,0,97,,
2025-11-27T00:32:16.754162+00:00,train,1,245,self,1.0,0,97,,
2025-11-27T00:32:16.754291+00:00,train,1,246,self,1.0,0,99,,
2025-11-27T00:32:16.754420+00:00,train,1,247,self,1.0,0,87,,
2025-11-27T00:32:16.754555+00:00,train,1,248,self,1.0,0,91,,
2025-11-27T00:32:16.754684+00:00,train,1,249,self,1.0,0,84,,
2025-11-27T00:32:16.754813+00:00,train,1,250,self,1.0,0,98,,
2025-11-27T00:32:16.754943+00:00,train,1,251,self,1.0,0,99,,
2025-11-27T00:32:16.755071+00:00,train,1,252,self,1.0,0,100,,
2025-11-27T00:32:16.755199+00:00,train,1,253,self,1.0,0,90,,
2025-11-27T00:32:16.755328+00:00,train,1,254,self,1.0,0,99,,
2025-11-27T00:32:16.755456+00:00,train,1,255,self,1.0,0,98,,
2025-11-27T00:32:16.755589+00:00,train,1,256,self,1.0,0,99,,
2025-11-27T00:32:16.755718+00:00,train,1,257,self,1.0,0,87,,
2025-11-27T00:32:16.755847+00:00,train,1,258,self,1.0,0,97,,
2025-11-27T00:32:16.755975+00:00,train,1,259,self,1.0,0,81,,
2025-11-27T00:32:16.756105+00:00,train,1,260,self,1.0,0,99,,
2025-11-27T00:32:16.756234+00:00,train,1,261,self,1.0,0,99,,
2025-11-27T00:32:16.756364+00:00,train,1,262,self,1.0,0,99,,
2025-11-27T00:32:16.756492+00:00,train,1,263,self,1.0,0,85,,
2025-11-27T00:32:16.756690+00:00,train,1,264,self,1.0,0,93,,
2025-11-27T00:32:16.756822+00:00,train,1,265,self,1.0,0,84,,
2025-11-27T00:32:16.756952+00:00,train,1,266,self,1.0,0,98,,
2025-11-27T00:32:16.757083+00:00,train,1,267,self,1.0,0,90,,
2025-11-27T00:32:16.757212+00:00,train,1,268,self,1.0,0,97,,
2025-11-27T00:32:16.757342+00:00,train,1,269,self,1.0,0,79,,
2025-11-27T00:32:16.757472+00:00,train,1,270,self,1.0,0,100,,
2025-11-27T00:32:16.757618+00:00,train,1,271,self,1.0,0,95,,
2025-11-27T00:32:16.757743+00:00,train,1,272,self,1.0,0,98,,
2025-11-27T00:32:16.757868+00:00,train,1,273,self,1.0,0,93,,
2025-11-27T00:32:16.757993+00:00,train,1,274,self,1.0,0,98,,
2025-11-27T00:32:16.758118+00:00,train,1,275,self,1.0,0,84,,
2025-11-27T00:32:16.758243+00:00,train,1,276,self,1.0,0,98,,
2025-11-27T00:32:16.758368+00:00,train,1,277,self,1.0,0,86,,
2025-11-27T00:32:16.758493+00:00,train,1,278,self,1.0,0,90,,
2025-11-27T00:32:16.758626+00:00,train,1,279,self,1.0,0,97,,
2025-11-27T00:32:16.758752+00:00,train,1,280,self,1.0,0,100,,
2025-11-27T00:32:16.758877+00:00,train,1,281,self,1.0,0,81,,
2025-11-27T00:32:16.759001+00:00,train,1,282,self,1.0,0,99,,
2025-11-27T00:32:16.759131+00:00,train,1,283,self,1.0,0,99,,
2025-11-27T00:32:16.759256+00:00,train,1,284,self,1.0,0,99,,
2025-11-27T00:32:16.759381+00:00,train,1,285,self,1.0,0,72,,
2025-11-27T00:32:16.759506+00:00,train,1,286,self,1.0,0,97,,
2025-11-27T00:32:16.759636+00:00,train,1,287,self,1.0,0,97,,
2025-11-27T00:32:16.759760+00:00,train,1,288,self,1.0,0,100,,
2025-11-27T00:32:16.759886+00:00,train,1,289,self,1.0,0,92,,
2025-11-27T00:32:16.760012+00:00,train,1,290,self,1.0,0,99,,
2025-11-27T00:32:16.760138+00:00,train,1,291,self,1.0,0,96,,
2025-11-27T00:32:16.760339+00:00,train,1,292,self,1.0,0,99,,
2025-11-27T00:32:16.760508+00:00,train,1,293,self,1.0,0,92,,
2025-11-27T00:32:16.760664+00:00,train,1,294,self,1.0,0,100,,
2025-11-27T00:32:16.760812+00:00,train,1,295,self,1.0,0,95,,
2025-11-27T00:32:16.760953+00:00,train,1,296,self,1.0,0,96,,
2025-11-27T00:32:16.761091+00:00,train,1,297,self,1.0,0,96,,
2025-11-27T00:32:16.761229+00:00,train,1,298,self,1.0,0,99,,
2025-11-27T00:32:16.761366+00:00,train,1,299,self,1.0,0,96,,
2025-11-27T00:32:16.761503+00:00,train,1,300,self,1.0,0,98,,
2025-11-27T00:32:16.761639+00:00,train,1,301,self,1.0,0,98,,
2025-11-27T00:32:16.761779+00:00,train,1,302,self,1.0,0,100,,
2025-11-27T00:32:16.761914+00:00,train,1,303,self,1.0,0,88,,
2025-11-27T00:32:16.762048+00:00,train,1,304,self,1.0,0,96,,
2025-11-27T00:32:16.762181+00:00,train,1,305,self,1.0,0,99,,
2025-11-27T00:32:16.762315+00:00,train,1,306,self,1.0,0,99,,
2025-11-27T00:32:16.762449+00:00,train,1,307,self,1.0,0,94,,
2025-11-27T00:32:16.762583+00:00,train,1,308,self,1.0,0,99,,
2025-11-27T00:32:16.762716+00:00,train,1,309,self,1.0,0,95,,
2025-11-27T00:32:16.762855+00:00,train,1,310,self,1.0,0,99,,
2025-11-27T00:32:16.762988+00:00,train,1,311,self,1.0,0,95,,
2025-11-27T00:32:16.763125+00:00,train,1,312,self,1.0,0,98,,
2025-11-27T00:32:16.763261+00:00,train,1,313,self,1.0,0,93,,
2025-11-27T00:32:16.763396+00:00,train,1,314,self,1.0,0,99,,
2025-11-27T00:32:16.763529+00:00,train,1,315,self,1.0,0,95,,
2025-11-27T00:32:16.763662+00:00,train,1,316,self,1.0,0,98,,
2025-11-27T00:32:16.763796+00:00,train,1,317,self,1.0,0,94,,
2025-11-27T00:32:16.763938+00:00,train,1,318,self,1.0,0,98,,
2025-11-27T00:32:16.764075+00:00,train,1,319,self,1.0,0,96,,
2025-11-27T00:32:16.764209+00:00,train,1,320,self,1.0,0,98,,
2025-11-27T00:32:16.764343+00:00,train,1,321,self,1.0,0,97,,
2025-11-27T00:32:16.764476+00:00,train,1,322,self,1.0,0,99,,
2025-11-27T00:32:16.764609+00:00,train,1,323,self,1.0,0,92,,
2025-11-27T00:32:16.764742+00:00,train,1,324,self,1.0,0,95,,
2025-11-27T00:32:16.764875+00:00,train,1,325,self,1.0,0,99,,
2025-11-27T00:32:16.765013+00:00,train,1,326,self,1.0,0,100,,
2025-11-27T00:32:16.765148+00:00,train,1,327,self,1.0,0,95,,
2025-11-27T00:32:16.765282+00:00,train,1,328,self,1.0,0,100,,
2025-11-27T00:32:16.765416+00:00,train,1,329,self,1.0,0,86,,
2025-11-27T00:32:16.765603+00:00,train,1,330,self,1.0,0,99,,
2025-11-27T00:32:16.765738+00:00,train,1,331,self,1.0,0,98,,
2025-11-27T00:32:16.765875+00:00,train,1,332,self,1.0,0,100,,
2025-11-27T00:32:16.766014+00:00,train,1,333,self,1.0,0,98,,
2025-11-27T00:32:16.766148+00:00,train,1,334,self,1.0,0,100,,
2025-11-27T00:32:16.766282+00:00,train,1,335,self,1.0,0,93,,
2025-11-27T00:32:16.766416+00:00,train,1,336,self,1.0,0,98,,
2025-11-27T00:32:16.766549+00:00,train,1,337,self,1.0,0,98,,
2025-11-27T00:32:16.766684+00:00,train,1,338,self,1.0,0,100,,
2025-11-27T00:32:16.766818+00:00,train,1,339,self,1.0,0,95,,
2025-11-27T00:32:16.766952+00:00,train,1,340,self,1.0,0,100,,
2025-11-27T00:32:16.767091+00:00,train,1,341,self,1.0,0,94,,
2025-11-27T00:32:16.767225+00:00,train,1,342,self,1.0,0,100,,
2025-11-27T00:32:16.767358+00:00,train,1,343,self,1.0,0,98,,
2025-11-27T00:32:16.767492+00:00,train,1,344,self,1.0,0,100,,
2025-11-27T00:32:16.767625+00:00,train,1,345,self,1.0,0,90,,
2025-11-27T00:32:16.767778+00:00,train,1,346,self,1.0,0,100,,
2025-11-27T00:32:16.767912+00:00,train,1,347,self,1.0,0,98,,
2025-11-27T00:32:16.768046+00:00,train,1,348,self,1.0,0,99,,
2025-11-27T00:32:16.768185+00:00,train,1,349,self,1.0,0,95,,
2025-11-27T00:32:16.768318+00:00,train,1,350,self,1.0,0,100,,
2025-11-27T00:32:16.768452+00:00,train,1,351,self,1.0,0,93,,
2025-11-27T00:32:16.768586+00:00,train,1,352,self,1.0,0,94,,
2025-11-27T00:32:16.768722+00:00,train,1,353,self,1.0,0,88,,
2025-11-27T00:32:16.768856+00:00,train,1,354,self,1.0,0,91,,
2025-11-27T00:32:16.768990+00:00,train,1,355,self,1.0,0,94,,
2025-11-27T00:32:16.769122+00:00,train,1,356,self,1.0,0,98,,
2025-11-27T00:32:16.769260+00:00,train,1,357,self,1.0,0,84,,
2025-11-27T00:32:16.769392+00:00,train,1,358,self,1.0,0,99,,
2025-11-27T00:32:16.769525+00:00,train,1,359,self,1.0,0,96,,
2025-11-27T00:32:16.769659+00:00,train,1,360,self,1.0,0,100,,
2025-11-27T00:32:16.769791+00:00,train,1,361,self,1.0,0,94,,
2025-11-27T00:32:16.769925+00:00,train,1,362,self,1.0,0,100,,
2025-11-27T00:32:16.770057+00:00,train,1,363,self,1.0,0,95,,
2025-11-27T00:32:16.770189+00:00,train,1,364,self,1.0,0,100,,
2025-11-27T00:32:16.770331+00:00,train,1,365,self,1.0,0,94,,
2025-11-27T00:32:16.770465+00:00,train,1,366,self,1.0,0,99,,
2025-11-27T00:32:16.770597+00:00,train,1,367,self,1.0,0,96,,
2025-11-27T00:32:16.770730+00:00,train,1,368,self,1.0,0,100,,
2025-11-27T00:32:16.770863+00:00,train,1,369,self,1.0,0,87,,
2025-11-27T00:32:16.770995+00:00,train,1,370,self,1.0,0,98,,
2025-11-27T00:32:16.771128+00:00,train,1,371,self,1.0,0,90,,
2025-11-27T00:32:16.771261+00:00,train,1,372,self,1.0,0,99,,
2025-11-27T00:32:16.771402+00:00,train,1,373,self,1.0,0,98,,
2025-11-27T00:32:16.771536+00:00,train,1,374,self,1.0,0,99,,
2025-11-27T00:32:16.771669+00:00,train,1,375,self,1.0,0,96,,
2025-11-27T00:32:16.771802+00:00,train,1,376,self,1.0,0,96,,
2025-11-27T00:32:16.771935+00:00,train,1,377,self,1.0,0,80,,
2025-11-27T00:32:16.772066+00:00,train,1,378,self,1.0,0,96,,
2025-11-27T00:32:16.772198+00:00,train,1,379,self,1.0,0,96,,
2025-11-27T00:32:16.772330+00:00,train,1,380,self,1.0,0,97,,
2025-11-27T00:32:16.772471+00:00,train,1,381,self,1.0,0,96,,
2025-11-27T00:32:16.772605+00:00,train,1,382,self,1.0,0,100,,
2025-11-27T00:32:16.772738+00:00,train,1,383,self,1.0,0,94,,
2025-11-27T00:32:16.772870+00:00,train,1,384,self,1.0,0,100,,
2025-11-27T00:32:16.773002+00:00,train,1,385,self,1.0,0,94,,
2025-11-27T00:32:16.773134+00:00,train,1,386,self,1.0,0,100,,
2025-11-27T00:32:16.773267+00:00,train,1,387,self,1.0,0,98,,
2025-11-27T00:32:16.773399+00:00,train,1,388,self,1.0,0,98,,
2025-11-27T00:32:16.773532+00:00,train,1,389,self,1.0,0,91,,
2025-11-27T00:32:16.773665+00:00,train,1,390,self,1.0,0,97,,
2025-11-27T00:32:16.773799+00:00,train,1,391,self,1.0,0,97,,
2025-11-27T00:32:16.773932+00:00,train,1,392,self,1.0,0,100,,
2025-11-27T00:32:16.774064+00:00,train,1,393,self,1.0,0,100,,
2025-11-27T00:32:16.774196+00:00,train,1,394,self,1.0,0,100,,
2025-11-27T00:32:16.774330+00:00,train,1,395,self,1.0,0,97,,
2025-11-27T00:32:16.774531+00:00,train,1,396,self,1.0,0,99,,
2025-11-27T00:32:16.774666+00:00,train,1,397,self,1.0,0,93,,
2025-11-27T00:32:16.774800+00:00,train,1,398,self,1.0,0,93,,
2025-11-27T00:32:16.774933+00:00,train,1,399,self,1.0,0,98,,
2025-11-27T00:32:16.775067+00:00,train,1,400,self,1.0,0,100,,
2025-11-27T00:32:16.775201+00:00,train,1,401,self,1.0,0,93,,
2025-11-27T00:32:16.775334+00:00,train,1,402,self,1.0,0,98,,
2025-11-27T00:32:16.775466+00:00,train,1,403,self,1.0,0,75,,
2025-11-27T00:32:16.775605+00:00,train,1,404,self,1.0,0,89,,
2025-11-27T00:32:16.775738+00:00,train,1,405,self,1.0,0,93,,
2025-11-27T00:32:16.775871+00:00,train,1,406,self,1.0,0,100,,
2025-11-27T00:32:16.776004+00:00,train,1,407,self,1.0,0,95,,
2025-11-27T00:32:16.776137+00:00,train,1,408,self,1.0,0,98,,
2025-11-27T00:32:16.776269+00:00,train,1,409,self,1.0,0,94,,
2025-11-27T00:32:16.776402+00:00,train,1,410,self,1.0,0,99,,
2025-11-27T00:32:16.776548+00:00,train,1,411,self,1.0,0,93,,
2025-11-27T00:32:16.776683+00:00,train,1,412,self,1.0,0,98,,
2025-11-27T00:32:16.776812+00:00,train,1,413,self,1.0,0,100,,
2025-11-27T00:32:16.776942+00:00,train,1,414,self,1.0,0,100,,
2025-11-27T00:32:16.777072+00:00,train,1,415,self,1.0,0,95,,
2025-11-27T00:32:16.777202+00:00,train,1,416,self,1.0,0,95,,
2025-11-27T00:32:16.777332+00:00,train,1,417,self,1.0,0,89,,
2025-11-27T00:32:16.777462+00:00,train,1,418,self,1.0,0,99,,
2025-11-27T00:32:16.777603+00:00,train,1,419,self,1.0,0,91,,
2025-11-27T00:32:16.777733+00:00,train,1,420,self,1.0,0,100,,
2025-11-27T00:32:16.777859+00:00,train,1,421,self,1.0,0,83,,
2025-11-27T00:32:16.777986+00:00,train,1,422,self,1.0,0,96,,
2025-11-27T00:32:16.778112+00:00,train,1,423,self,1.0,0,98,,
2025-11-27T00:32:16.778238+00:00,train,1,424,self,1.0,0,98,,
2025-11-27T00:32:16.778364+00:00,train,1,425,self,1.0,0,100,,
2025-11-27T00:32:16.778490+00:00,train,1,426,self,1.0,0,100,,
2025-11-27T00:32:16.778628+00:00,train,1,427,self,1.0,0,96,,
2025-11-27T00:32:16.778757+00:00,train,1,428,self,1.0,0,99,,
2025-11-27T00:32:16.778879+00:00,train,1,429,self,1.0,0,89,,
2025-11-27T00:32:16.779001+00:00,train,1,430,self,1.0,0,96,,
2025-11-27T00:32:16.779123+00:00,train,1,431,self,1.0,0,97,,
2025-11-27T00:32:16.779246+00:00,train,1,432,self,1.0,0,100,,
2025-11-27T00:32:16.779368+00:00,train,1,433,self,1.0,0,95,,
2025-11-27T00:32:16.779491+00:00,train,1,434,self,1.0,0,98,,
2025-11-27T00:32:16.779624+00:00,train,1,435,self,1.0,0,86,,
2025-11-27T00:32:16.779749+00:00,train,1,436,self,1.0,0,99,,
2025-11-27T00:32:16.779868+00:00,train,1,437,self,1.0,0,99,,
2025-11-27T00:32:16.779987+00:00,train,1,438,self,1.0,0,100,,
2025-11-27T00:32:16.780105+00:00,train,1,439,self,1.0,0,93,,
2025-11-27T00:32:16.780227+00:00,train,1,440,self,1.0,0,94,,
2025-11-27T00:32:16.780345+00:00,train,1,441,self,1.0,0,98,,
2025-11-27T00:32:16.780463+00:00,train,1,442,self,1.0,0,99,,
2025-11-27T00:32:16.780594+00:00,train,1,443,self,1.0,0,89,,
2025-11-27T00:32:16.780714+00:00,train,1,444,self,1.0,0,94,,
2025-11-27T00:32:16.780829+00:00,train,1,445,self,1.0,0,97,,
2025-11-27T00:32:16.780946+00:00,train,1,446,self,1.0,0,99,,
2025-11-27T00:32:16.781062+00:00,train,1,447,self,1.0,0,98,,
2025-11-27T00:32:16.781178+00:00,train,1,448,self,1.0,0,99,,
2025-11-27T00:32:16.781294+00:00,train,1,449,self,1.0,0,98,,
2025-11-27T00:32:16.781409+00:00,train,1,450,self,1.0,0,99,,
2025-11-27T00:32:16.781538+00:00,train,1,451,self,1.0,0,86,,
2025-11-27T00:32:16.781656+00:00,train,1,452,self,1.0,0,88,,
2025-11-27T00:32:16.781769+00:00,train,1,453,self,1.0,0,93,,
2025-11-27T00:32:16.781882+00:00,train,1,454,self,1.0,0,99,,
2025-11-27T00:32:16.781995+00:00,train,1,455,self,1.0,0,97,,
2025-11-27T00:32:16.782107+00:00,train,1,456,self,1.0,0,98,,
2025-11-27T00:32:16.782220+00:00,train,1,457,self,1.0,0,95,,
2025-11-27T00:32:16.782333+00:00,train,1,458,self,1.0,0,100,,
2025-11-27T00:32:16.782449+00:00,train,1,459,self,1.0,0,95,,
2025-11-27T00:32:16.782579+00:00,train,1,460,self,1.0,0,96,,
2025-11-27T00:32:16.782690+00:00,train,1,461,self,1.0,0,89,,
2025-11-27T00:32:16.782846+00:00,train,1,462,self,1.0,0,90,,
2025-11-27T00:32:16.782958+00:00,train,1,463,self,1.0,0,99,,
2025-11-27T00:32:16.783069+00:00,train,1,464,self,1.0,0,100,,
2025-11-27T00:32:16.783179+00:00,train,1,465,self,1.0,0,96,,
2025-11-27T00:32:16.783290+00:00,train,1,466,self,1.0,0,99,,
2025-11-27T00:32:16.783407+00:00,train,1,467,self,1.0,0,97,,
2025-11-27T00:32:16.783519+00:00,train,1,468,self,1.0,0,98,,
2025-11-27T00:32:16.783629+00:00,train,1,469,self,1.0,0,85,,
2025-11-27T00:32:16.783741+00:00,train,1,470,self,1.0,0,90,,
2025-11-27T00:32:16.783852+00:00,train,1,471,self,1.0,0,94,,
2025-11-27T00:32:16.783964+00:00,train,1,472,self,1.0,0,100,,
2025-11-27T00:32:16.784074+00:00,train,1,473,self,1.0,0,98,,
2025-11-27T00:32:16.784184+00:00,train,1,474,self,1.0,0,99,,
2025-11-27T00:32:16.784298+00:00,train,1,475,self,1.0,0,88,,
2025-11-27T00:32:16.784409+00:00,train,1,476,self,1.0,0,99,,
2025-11-27T00:32:16.784519+00:00,train,1,477,self,1.0,0,99,,
2025-11-27T00:32:16.784629+00:00,train,1,478,self,1.0,0,99,,
2025-11-27T00:32:16.784739+00:00,train,1,479,self,1.0,0,88,,
2025-11-27T00:32:16.784849+00:00,train,1,480,self,1.0,0,99,,
2025-11-27T00:32:16.784959+00:00,train,1,481,self,1.0,0,93,,
2025-11-27T00:32:16.785069+00:00,train,1,482,self,1.0,0,98,,
2025-11-27T00:32:16.785185+00:00,train,1,483,self,1.0,0,91,,
2025-11-27T00:32:16.785295+00:00,train,1,484,self,1.0,0,96,,
2025-11-27T00:32:16.785408+00:00,train,1,485,self,1.0,0,81,,
2025-11-27T00:32:16.785525+00:00,train,1,486,self,1.0,0,100,,
2025-11-27T00:32:16.785636+00:00,train,1,487,self,1.0,0,96,,
2025-11-27T00:32:16.785747+00:00,train,1,488,self,1.0,0,100,,
2025-11-27T00:32:16.785864+00:00,train,1,489,self,1.0,0,92,,
2025-11-27T00:32:16.785975+00:00,train,1,490,self,1.0,0,100,,
2025-11-27T00:32:16.786090+00:00,train,1,491,self,1.0,0,97,,
2025-11-27T00:32:16.786200+00:00,train,1,492,self,1.0,0,98,,
2025-11-27T00:32:16.786310+00:00,train,1,493,self,1.0,0,98,,
2025-11-27T00:32:16.786421+00:00,train,1,494,self,1.0,0,100,,
2025-11-27T00:32:16.786531+00:00,train,1,495,self,1.0,0,93,,
2025-11-27T00:32:16.786641+00:00,train,1,496,self,1.0,0,99,,
2025-11-27T00:32:16.786751+00:00,train,1,497,self,1.0,0,94,,
2025-11-27T00:32:16.786861+00:00,train,1,498,self,1.0,0,99,,
2025-11-27T00:32:16.786977+00:00,train,1,499,self,1.0,0,97,,
2025-11-27T00:32:16.787086+00:00,train,1,500,self,1.0,0,98,,
2025-11-27T00:32:16.787197+00:00,train,1,501,self,1.0,0,90,,
2025-11-27T00:32:16.787308+00:00,train,1,502,self,1.0,0,100,,
2025-11-27T00:32:16.787418+00:00,train,1,503,self,1.0,0,91,,
2025-11-27T00:32:16.787543+00:00,train,1,504,self,1.0,0,97,,
2025-11-27T00:32:16.787655+00:00,train,1,505,self,1.0,0,90,,
2025-11-27T00:32:16.787767+00:00,train,1,506,self,1.0,0,99,,
2025-11-27T00:32:16.787884+00:00,train,1,507,self,1.0,0,84,,
2025-11-27T00:32:16.787998+00:00,train,1,508,self,1.0,0,99,,
2025-11-27T00:32:16.788110+00:00,train,1,509,self,1.0,0,85,,
2025-11-27T00:32:16.788223+00:00,train,1,510,self,1.0,0,99,,
2025-11-27T00:32:16.788336+00:00,train,1,511,self,1.0,0,98,,
2025-11-27T00:32:16.788448+00:00,train,1,512,self,1.0,0,99,,
2025-11-27T00:32:16.788573+00:00,train,1,513,self,1.0,0,94,,
2025-11-27T00:32:16.788684+00:00,train,1,514,self,1.0,0,95,,
2025-11-27T00:32:16.788798+00:00,train,1,515,self,1.0,0,91,,
2025-11-27T00:32:16.788908+00:00,train,1,516,self,1.0,0,97,,
2025-11-27T00:32:16.789018+00:00,train,1,517,self,1.0,0,100,,
2025-11-27T00:32:16.789127+00:00,train,1,518,self,1.0,0,100,,
2025-11-27T00:32:16.789237+00:00,train,1,519,self,1.0,0,95,,
2025-11-27T00:32:16.789346+00:00,train,1,520,self,1.0,0,100,,
2025-11-27T00:32:16.789455+00:00,train,1,521,self,1.0,0,93,,
2025-11-27T00:32:16.789565+00:00,train,1,522,self,1.0,0,96,,
2025-11-27T00:32:16.789680+00:00,train,1,523,self,1.0,0,99,,
2025-11-27T00:32:16.789789+00:00,train,1,524,self,1.0,0,99,,
2025-11-27T00:32:16.789899+00:00,train,1,525,self,1.0,0,94,,
2025-11-27T00:32:16.790009+00:00,train,1,526,self,1.0,0,100,,
2025-11-27T00:32:16.790119+00:00,train,1,527,self,1.0,0,93,,
2025-11-27T00:32:16.790287+00:00,train,1,528,self,1.0,0,95,,
2025-11-27T00:32:16.790401+00:00,train,1,529,self,1.0,0,85,,
2025-11-27T00:32:16.790519+00:00,train,1,530,self,1.0,0,89,,
2025-11-27T00:32:16.790631+00:00,train,1,531,self,1.0,0,95,,
2025-11-27T00:32:16.790742+00:00,train,1,532,self,1.0,0,97,,
2025-11-27T00:32:16.790855+00:00,train,1,533,self,1.0,0,98,,
2025-11-27T00:32:16.790968+00:00,train,1,534,self,1.0,0,100,,
2025-11-27T00:32:16.791079+00:00,train,1,535,self,1.0,0,96,,
2025-11-27T00:32:16.791191+00:00,train,1,536,self,1.0,0,100,,
2025-11-27T00:32:16.791303+00:00,train,1,537,self,1.0,0,83,,
2025-11-27T00:32:16.791420+00:00,train,1,538,self,1.0,0,94,,
2025-11-27T00:32:16.791532+00:00,train,1,539,self,1.0,0,96,,
2025-11-27T00:32:16.791644+00:00,train,1,540,self,1.0,0,100,,
2025-11-27T00:32:16.791755+00:00,train,1,541,self,1.0,0,84,,
2025-11-27T00:32:16.791867+00:00,train,1,542,self,1.0,0,99,,
2025-11-27T00:32:16.791979+00:00,train,1,543,self,1.0,0,95,,
2025-11-27T00:32:16.792090+00:00,train,1,544,self,1.0,0,98,,
2025-11-27T00:32:16.792201+00:00,train,1,545,self,1.0,0,96,,
2025-11-27T00:32:16.792318+00:00,train,1,546,self,1.0,0,97,,
2025-11-27T00:32:16.792430+00:00,train,1,547,self,1.0,0,97,,
2025-11-27T00:32:16.792544+00:00,train,1,548,self,1.0,0,99,,
2025-11-27T00:32:16.792662+00:00,train,1,549,self,1.0,0,86,,
2025-11-27T00:32:16.792774+00:00,train,1,550,self,1.0,0,94,,
2025-11-27T00:32:16.792886+00:00,train,1,551,self,1.0,0,98,,
2025-11-27T00:32:16.792999+00:00,train,1,552,self,1.0,0,100,,
2025-11-27T00:32:16.793111+00:00,train,1,553,self,1.0,0,98,,
2025-11-27T00:32:16.793228+00:00,train,1,554,self,1.0,0,99,,
2025-11-27T00:32:16.793341+00:00,train,1,555,self,1.0,0,89,,
2025-11-27T00:32:16.793455+00:00,train,1,556,self,1.0,0,97,,
2025-11-27T00:32:16.793567+00:00,train,1,557,self,1.0,0,98,,
2025-11-27T00:32:16.793682+00:00,train,1,558,self,1.0,0,99,,
2025-11-27T00:32:16.793795+00:00,train,1,559,self,1.0,0,95,,
2025-11-27T00:32:16.793910+00:00,train,1,560,self,1.0,0,100,,
2025-11-27T00:32:16.794022+00:00,train,1,561,self,1.0,0,87,,
2025-11-27T00:32:16.794135+00:00,train,1,562,self,1.0,0,92,,
2025-11-27T00:32:16.794247+00:00,train,1,563,self,1.0,0,91,,
2025-11-27T00:32:16.794359+00:00,train,1,564,self,1.0,0,94,,
2025-11-27T00:32:16.794473+00:00,train,1,565,self,1.0,0,100,,
2025-11-27T00:32:16.794585+00:00,train,1,566,self,1.0,0,100,,
2025-11-27T00:32:16.794698+00:00,train,1,567,self,1.0,0,90,,
2025-11-27T00:32:16.794815+00:00,train,1,568,self,1.0,0,100,,
2025-11-27T00:32:16.794927+00:00,train,1,569,self,1.0,0,91,,
2025-11-27T00:32:16.795039+00:00,train,1,570,self,1.0,0,97,,
2025-11-27T00:32:16.795150+00:00,train,1,571,self,1.0,0,92,,
2025-11-27T00:32:16.795264+00:00,train,1,572,self,1.0,0,95,,
2025-11-27T00:32:16.795375+00:00,train,1,573,self,1.0,0,95,,
2025-11-27T00:32:16.795487+00:00,train,1,574,self,1.0,0,98,,
2025-11-27T00:32:16.795598+00:00,train,1,575,self,1.0,0,97,,
2025-11-27T00:32:16.795715+00:00,train,1,576,self,1.0,0,100,,
2025-11-27T00:32:16.795827+00:00,train,1,577,self,1.0,0,79,,
2025-11-27T00:32:16.795940+00:00,train,1,578,self,1.0,0,98,,
2025-11-27T00:32:16.796055+00:00,train,1,579,self,1.0,0,93,,
2025-11-27T00:32:16.796167+00:00,train,1,580,self,1.0,0,98,,
2025-11-27T00:32:16.796279+00:00,train,1,581,self,1.0,0,96,,
2025-11-27T00:32:16.796391+00:00,train,1,582,self,1.0,0,100,,
2025-11-27T00:32:16.796503+00:00,train,1,583,self,1.0,0,98,,
2025-11-27T00:32:16.796620+00:00,train,1,584,self,1.0,0,99,,
2025-11-27T00:32:16.796732+00:00,train,1,585,self,1.0,0,97,,
2025-11-27T00:32:16.796844+00:00,train,1,586,self,1.0,0,99,,
2025-11-27T00:32:16.796955+00:00,train,1,587,self,1.0,0,94,,
2025-11-27T00:32:16.797068+00:00,train,1,588,self,1.0,0,97,,
2025-11-27T00:32:16.797180+00:00,train,1,589,self,1.0,0,99,,
2025-11-27T00:32:16.797292+00:00,train,1,590,self,1.0,0,99,,
2025-11-27T00:32:16.797405+00:00,train,1,591,self,1.0,0,93,,
2025-11-27T00:32:16.797530+00:00,train,1,592,self,1.0,0,94,,
2025-11-27T00:32:16.797644+00:00,train,1,593,self,1.0,0,96,,
2025-11-27T00:32:16.797809+00:00,train,1,594,self,1.0,0,98,,
2025-11-27T00:32:16.797923+00:00,train,1,595,self,1.0,0,91,,
2025-11-27T00:32:16.798035+00:00,train,1,596,self,1.0,0,100,,
2025-11-27T00:32:16.798148+00:00,train,1,597,self,1.0,0,94,,
2025-11-27T00:32:16.798260+00:00,train,1,598,self,1.0,0,97,,
2025-11-27T00:32:16.798377+00:00,train,1,599,self,1.0,0,89,,
2025-11-27T00:32:16.798489+00:00,train,1,600,self,1.0,0,91,,
2025-11-27T00:32:16.798601+00:00,train,1,601,self,1.0,0,99,,
2025-11-27T00:32:16.798714+00:00,train,1,602,self,1.0,0,99,,
2025-11-27T00:32:16.798827+00:00,train,1,603,self,1.0,0,97,,
2025-11-27T00:32:16.798940+00:00,train,1,604,self,1.0,0,100,,
2025-11-27T00:32:16.799051+00:00,train,1,605,self,1.0,0,97,,
2025-11-27T00:32:16.799164+00:00,train,1,606,self,1.0,0,99,,
2025-11-27T00:32:16.799281+00:00,train,1,607,self,1.0,0,93,,
2025-11-27T00:32:16.799394+00:00,train,1,608,self,1.0,0,100,,
2025-11-27T00:32:16.799506+00:00,train,1,609,self,1.0,0,94,,
2025-11-27T00:32:16.799619+00:00,train,1,610,self,1.0,0,98,,
2025-11-27T00:32:16.799730+00:00,train,1,611,self,1.0,0,98,,
2025-11-27T00:32:16.799842+00:00,train,1,612,self,1.0,0,100,,
2025-11-27T00:32:16.799955+00:00,train,1,613,self,1.0,0,95,,
2025-11-27T00:32:16.800067+00:00,train,1,614,self,1.0,0,100,,
2025-11-27T00:32:16.800184+00:00,train,1,615,self,1.0,0,98,,
2025-11-27T00:32:16.800299+00:00,train,1,616,self,1.0,0,100,,
2025-11-27T00:32:16.800412+00:00,train,1,617,self,1.0,0,93,,
2025-11-27T00:32:16.800523+00:00,train,1,618,self,1.0,0,94,,
2025-11-27T00:32:16.800636+00:00,train,1,619,self,1.0,0,93,,
2025-11-27T00:32:16.800748+00:00,train,1,620,self,1.0,0,97,,
2025-11-27T00:32:16.800860+00:00,train,1,621,self,1.0,0,98,,
2025-11-27T00:32:16.800972+00:00,train,1,622,self,1.0,0,100,,
2025-11-27T00:32:16.801093+00:00,train,1,623,self,1.0,0,97,,
2025-11-27T00:32:16.801205+00:00,train,1,624,self,1.0,0,100,,
2025-11-27T00:32:16.801318+00:00,train,1,625,self,1.0,0,98,,
2025-11-27T00:32:16.801431+00:00,train,1,626,self,1.0,0,99,,
2025-11-27T00:32:16.801543+00:00,train,1,627,self,1.0,0,97,,
2025-11-27T00:32:16.801655+00:00,train,1,628,self,1.0,0,99,,
2025-11-27T00:32:16.801767+00:00,train,1,629,self,1.0,0,96,,
2025-11-27T00:32:16.801879+00:00,train,1,630,self,1.0,0,98,,
2025-11-27T00:32:16.801996+00:00,train,1,631,self,1.0,0,98,,
2025-11-27T00:32:16.802108+00:00,train,1,632,self,1.0,0,100,,
2025-11-27T00:32:16.802220+00:00,train,1,633,self,1.0,0,96,,
2025-11-27T00:32:16.802332+00:00,train,1,634,self,1.0,0,96,,
2025-11-27T00:32:16.802444+00:00,train,1,635,self,1.0,0,96,,
2025-11-27T00:32:16.802555+00:00,train,1,636,self,1.0,0,98,,
2025-11-27T00:32:16.802722+00:00,train,1,637,self,1.0,0,95,,
2025-11-27T00:32:16.802861+00:00,train,1,638,self,1.0,0,96,,
2025-11-27T00:32:16.802986+00:00,train,1,639,self,1.0,0,97,,
2025-11-27T00:32:16.803099+00:00,train,1,640,self,1.0,0,99,,
2025-11-27T00:32:16.803210+00:00,train,1,641,self,1.0,0,89,,
2025-11-27T00:32:16.803318+00:00,train,1,642,self,1.0,0,100,,
2025-11-27T00:32:16.803433+00:00,train,1,643,self,1.0,0,100,,
2025-11-27T00:32:16.803541+00:00,train,1,644,self,1.0,0,100,,
2025-11-27T00:32:16.803656+00:00,train,1,645,self,1.0,0,78,,
2025-11-27T00:32:16.803765+00:00,train,1,646,self,1.0,0,90,,
2025-11-27T00:32:16.803882+00:00,train,1,647,self,1.0,0,89,,
2025-11-27T00:32:16.803992+00:00,train,1,648,self,1.0,0,90,,
2025-11-27T00:32:16.804099+00:00,train,1,649,self,1.0,0,92,,
2025-11-27T00:32:16.804211+00:00,train,1,650,self,1.0,0,97,,
2025-11-27T00:32:16.804316+00:00,train,1,651,self,1.0,0,93,,
2025-11-27T00:32:16.804422+00:00,train,1,652,self,1.0,0,100,,
2025-11-27T00:32:16.804533+00:00,train,1,653,self,1.0,0,92,,
2025-11-27T00:32:16.804640+00:00,train,1,654,self,1.0,0,99,,
2025-11-27T00:32:16.804759+00:00,train,1,655,self,1.0,0,94,,
2025-11-27T00:32:16.804866+00:00,train,1,656,self,1.0,0,100,,
2025-11-27T00:32:16.804971+00:00,train,1,657,self,1.0,0,92,,
2025-11-27T00:32:16.805075+00:00,train,1,658,self,1.0,0,96,,
2025-11-27T00:32:16.805180+00:00,train,1,659,self,1.0,0,91,,
2025-11-27T00:32:16.805335+00:00,train,1,660,self,1.0,0,99,,
2025-11-27T00:32:16.805445+00:00,train,1,661,self,1.0,0,93,,
2025-11-27T00:32:16.805556+00:00,train,1,662,self,1.0,0,99,,
2025-11-27T00:32:16.805661+00:00,train,1,663,self,1.0,0,91,,
2025-11-27T00:32:16.805763+00:00,train,1,664,self,1.0,0,100,,
2025-11-27T00:32:16.805870+00:00,train,1,665,self,1.0,0,95,,
2025-11-27T00:32:16.805975+00:00,train,1,666,self,1.0,0,95,,
2025-11-27T00:32:16.806078+00:00,train,1,667,self,1.0,0,98,,
2025-11-27T00:32:16.806181+00:00,train,1,668,self,1.0,0,99,,
2025-11-27T00:32:16.806283+00:00,train,1,669,self,1.0,0,98,,
2025-11-27T00:32:16.806391+00:00,train,1,670,self,1.0,0,99,,
2025-11-27T00:32:16.806500+00:00,train,1,671,self,1.0,0,82,,
2025-11-27T00:32:16.806603+00:00,train,1,672,self,1.0,0,93,,
2025-11-27T00:32:16.806708+00:00,train,1,673,self,1.0,0,96,,
2025-11-27T00:32:16.806812+00:00,train,1,674,self,1.0,0,100,,
2025-11-27T00:32:16.806916+00:00,train,1,675,self,1.0,0,95,,
2025-11-27T00:32:16.807019+00:00,train,1,676,self,1.0,0,99,,
2025-11-27T00:32:16.807121+00:00,train,1,677,self,1.0,0,93,,
2025-11-27T00:32:16.807229+00:00,train,1,678,self,1.0,0,98,,
2025-11-27T00:32:16.807337+00:00,train,1,679,self,1.0,0,97,,
2025-11-27T00:32:16.807440+00:00,train,1,680,self,1.0,0,100,,
2025-11-27T00:32:16.807544+00:00,train,1,681,self,1.0,0,94,,
2025-11-27T00:32:16.807647+00:00,train,1,682,self,1.0,0,99,,
2025-11-27T00:32:16.807750+00:00,train,1,683,self,1.0,0,96,,
2025-11-27T00:32:16.807853+00:00,train,1,684,self,1.0,0,97,,
2025-11-27T00:32:16.807955+00:00,train,1,685,self,1.0,0,96,,
2025-11-27T00:32:16.808063+00:00,train,1,686,self,1.0,0,100,,
2025-11-27T00:32:16.808166+00:00,train,1,687,self,1.0,0,99,,
2025-11-27T00:32:16.808269+00:00,train,1,688,self,1.0,0,99,,
2025-11-27T00:32:16.808372+00:00,train,1,689,self,1.0,0,97,,
2025-11-27T00:32:16.808475+00:00,train,1,690,self,1.0,0,99,,
2025-11-27T00:32:16.808577+00:00,train,1,691,self,1.0,0,96,,
2025-11-27T00:32:16.808681+00:00,train,1,692,self,1.0,0,99,,
2025-11-27T00:32:16.808784+00:00,train,1,693,self,1.0,0,92,,
2025-11-27T00:32:16.808892+00:00,train,1,694,self,1.0,0,98,,
2025-11-27T00:32:16.808995+00:00,train,1,695,self,1.0,0,90,,
2025-11-27T00:32:16.809097+00:00,train,1,696,self,1.0,0,94,,
2025-11-27T00:32:16.809199+00:00,train,1,697,self,1.0,0,93,,
2025-11-27T00:32:16.809302+00:00,train,1,698,self,1.0,0,97,,
2025-11-27T00:32:16.809405+00:00,train,1,699,self,1.0,0,94,,
2025-11-27T00:32:16.809508+00:00,train,1,700,self,1.0,0,100,,
2025-11-27T00:32:16.809610+00:00,train,1,701,self,1.0,0,99,,
2025-11-27T00:32:16.809717+00:00,train,1,702,self,1.0,0,100,,
2025-11-27T00:32:16.809820+00:00,train,1,703,self,1.0,0,95,,
2025-11-27T00:32:16.809923+00:00,train,1,704,self,1.0,0,100,,
2025-11-27T00:32:16.810025+00:00,train,1,705,self,1.0,0,95,,
2025-11-27T00:32:16.810128+00:00,train,1,706,self,1.0,0,95,,
2025-11-27T00:32:16.810231+00:00,train,1,707,self,1.0,0,95,,
2025-11-27T00:32:16.810333+00:00,train,1,708,self,1.0,0,100,,
2025-11-27T00:32:16.810436+00:00,train,1,709,self,1.0,0,92,,
2025-11-27T00:32:16.810545+00:00,train,1,710,self,1.0,0,100,,
2025-11-27T00:32:16.810648+00:00,train,1,711,self,1.0,0,100,,
2025-11-27T00:32:16.810751+00:00,train,1,712,self,1.0,0,100,,
2025-11-27T00:32:16.810854+00:00,train,1,713,self,1.0,0,91,,
2025-11-27T00:32:16.810957+00:00,train,1,714,self,1.0,0,100,,
2025-11-27T00:32:16.811061+00:00,train,1,715,self,1.0,0,96,,
2025-11-27T00:32:16.811164+00:00,train,1,716,self,1.0,0,100,,
2025-11-27T00:32:16.811267+00:00,train,1,717,self,1.0,0,97,,
2025-11-27T00:32:16.811382+00:00,train,1,718,self,1.0,0,100,,
2025-11-27T00:32:16.811488+00:00,train,1,719,self,1.0,0,96,,
2025-11-27T00:32:16.811592+00:00,train,1,720,self,1.0,0,99,,
2025-11-27T00:32:16.811696+00:00,train,1,721,self,1.0,0,100,,
2025-11-27T00:32:16.811805+00:00,train,1,722,self,1.0,0,100,,
2025-11-27T00:32:16.811909+00:00,train,1,723,self,1.0,0,95,,
2025-11-27T00:32:16.812012+00:00,train,1,724,self,1.0,0,99,,
2025-11-27T00:32:16.812163+00:00,train,1,725,self,1.0,0,85,,
2025-11-27T00:32:16.812269+00:00,train,1,726,self,1.0,0,98,,
2025-11-27T00:32:16.812373+00:00,train,1,727,self,1.0,0,98,,
2025-11-27T00:32:16.812477+00:00,train,1,728,self,1.0,0,100,,
2025-11-27T00:32:16.812588+00:00,train,1,729,self,1.0,0,83,,
2025-11-27T00:32:16.812696+00:00,train,1,730,self,1.0,0,98,,
2025-11-27T00:32:16.812806+00:00,train,1,731,self,1.0,0,89,,
2025-11-27T00:32:16.812950+00:00,train,1,732,self,1.0,0,97,,
2025-11-27T00:32:16.813098+00:00,train,1,733,self,1.0,0,97,,
2025-11-27T00:32:16.813220+00:00,train,1,734,self,1.0,0,100,,
2025-11-27T00:32:16.813332+00:00,train,1,735,self,1.0,0,98,,
2025-11-27T00:32:16.813442+00:00,train,1,736,self,1.0,0,99,,
2025-11-27T00:32:16.813553+00:00,train,1,737,self,1.0,0,95,,
2025-11-27T00:32:16.813659+00:00,train,1,738,self,1.0,0,99,,
2025-11-27T00:32:16.813763+00:00,train,1,739,self,1.0,0,95,,
2025-11-27T00:32:16.813867+00:00,train,1,740,self,1.0,0,99,,
2025-11-27T00:32:16.813976+00:00,train,1,741,self,1.0,0,95,,
2025-11-27T00:32:16.814082+00:00,train,1,742,self,1.0,0,97,,
2025-11-27T00:32:16.814187+00:00,train,1,743,self,1.0,0,98,,
2025-11-27T00:32:16.814291+00:00,train,1,744,self,1.0,0,99,,
2025-11-27T00:32:16.814394+00:00,train,1,745,self,1.0,0,97,,
2025-11-27T00:32:16.814501+00:00,train,1,746,self,1.0,0,100,,
2025-11-27T00:32:16.814608+00:00,train,1,747,self,1.0,0,83,,
2025-11-27T00:32:16.814711+00:00,train,1,748,self,1.0,0,90,,
2025-11-27T00:32:16.814837+00:00,train,1,749,self,1.0,0,96,,
2025-11-27T00:32:16.814941+00:00,train,1,750,self,1.0,0,100,,
2025-11-27T00:32:16.815045+00:00,train,1,751,self,1.0,0,97,,
2025-11-27T00:32:16.815150+00:00,train,1,752,self,1.0,0,98,,
2025-11-27T00:32:16.815253+00:00,train,1,753,self,1.0,0,98,,
2025-11-27T00:32:16.815363+00:00,train,1,754,self,1.0,0,99,,
2025-11-27T00:32:16.815470+00:00,train,1,755,self,1.0,0,90,,
2025-11-27T00:32:16.815574+00:00,train,1,756,self,1.0,0,90,,
2025-11-27T00:32:16.815682+00:00,train,1,757,self,1.0,0,99,,
2025-11-27T00:32:16.815786+00:00,train,1,758,self,1.0,0,100,,
2025-11-27T00:32:16.815888+00:00,train,1,759,self,1.0,0,92,,
2025-11-27T00:32:16.815997+00:00,train,1,760,self,1.0,0,99,,
2025-11-27T00:32:16.816103+00:00,train,1,761,self,1.0,0,88,,
2025-11-27T00:32:16.816210+00:00,train,1,762,self,1.0,0,95,,
2025-11-27T00:32:16.816318+00:00,train,1,763,self,1.0,0,89,,
2025-11-27T00:32:16.816425+00:00,train,1,764,self,1.0,0,92,,
2025-11-27T00:32:16.816537+00:00,train,1,765,self,1.0,0,97,,
2025-11-27T00:32:16.816643+00:00,train,1,766,self,1.0,0,100,,
2025-11-27T00:32:16.816746+00:00,train,1,767,self,1.0,0,92,,
2025-11-27T00:32:16.816850+00:00,train,1,768,self,1.0,0,100,,
2025-11-27T00:32:16.816959+00:00,train,1,769,self,1.0,0,94,,
2025-11-27T00:32:16.817063+00:00,train,1,770,self,1.0,0,97,,
2025-11-27T00:32:16.817166+00:00,train,1,771,self,1.0,0,93,,
2025-11-27T00:32:16.817269+00:00,train,1,772,self,1.0,0,100,,
2025-11-27T00:32:16.817377+00:00,train,1,773,self,1.0,0,92,,
2025-11-27T00:32:16.817480+00:00,train,1,774,self,1.0,0,98,,
2025-11-27T00:32:16.817583+00:00,train,1,775,self,1.0,0,95,,
2025-11-27T00:32:16.817692+00:00,train,1,776,self,1.0,0,99,,
2025-11-27T00:32:16.817796+00:00,train,1,777,self,1.0,0,92,,
2025-11-27T00:32:16.817903+00:00,train,1,778,self,1.0,0,99,,
2025-11-27T00:32:16.818008+00:00,train,1,779,self,1.0,0,87,,
2025-11-27T00:32:16.818111+00:00,train,1,780,self,1.0,0,96,,
2025-11-27T00:32:16.818219+00:00,train,1,781,self,1.0,0,92,,
2025-11-27T00:32:16.818323+00:00,train,1,782,self,1.0,0,92,,
2025-11-27T00:32:16.818425+00:00,train,1,783,self,1.0,0,90,,
2025-11-27T00:32:16.818528+00:00,train,1,784,self,1.0,0,100,,
2025-11-27T00:32:16.818631+00:00,train,1,785,self,1.0,0,93,,
2025-11-27T00:32:16.818737+00:00,train,1,786,self,1.0,0,96,,
2025-11-27T00:32:16.818841+00:00,train,1,787,self,1.0,0,84,,
2025-11-27T00:32:16.818944+00:00,train,1,788,self,1.0,0,94,,
2025-11-27T00:32:16.819052+00:00,train,1,789,self,1.0,0,98,,
2025-11-27T00:32:16.819154+00:00,train,1,790,self,1.0,0,98,,
2025-11-27T00:32:16.819314+00:00,train,1,791,self,1.0,0,98,,
2025-11-27T00:32:16.819433+00:00,train,1,792,self,1.0,0,100,,
2025-11-27T00:32:16.819544+00:00,train,1,793,self,1.0,0,99,,
2025-11-27T00:32:16.819658+00:00,train,1,794,self,1.0,0,99,,
2025-11-27T00:32:16.819771+00:00,train,1,795,self,1.0,0,96,,
2025-11-27T00:32:16.819886+00:00,train,1,796,self,1.0,0,97,,
2025-11-27T00:32:16.819997+00:00,train,1,797,self,1.0,0,98,,
2025-11-27T00:32:16.820113+00:00,train,1,798,self,1.0,0,100,,
2025-11-27T00:32:16.820225+00:00,train,1,799,self,1.0,0,94,,
2025-11-27T00:32:16.820339+00:00,train,1,800,self,1.0,0,99,,
2025-11-27T00:32:16.820452+00:00,train,1,801,self,1.0,0,95,,
2025-11-27T00:32:16.820561+00:00,train,1,802,self,1.0,0,96,,
2025-11-27T00:32:16.820671+00:00,train,1,803,self,1.0,0,95,,
2025-11-27T00:32:16.820786+00:00,train,1,804,self,1.0,0,99,,
2025-11-27T00:32:16.820895+00:00,train,1,805,self,1.0,0,99,,
2025-11-27T00:32:16.821004+00:00,train,1,806,self,1.0,0,100,,
2025-11-27T00:32:16.821113+00:00,train,1,807,self,1.0,0,84,,
2025-11-27T00:32:16.821223+00:00,train,1,808,self,1.0,0,87,,
2025-11-27T00:32:16.821332+00:00,train,1,809,self,1.0,0,90,,
2025-11-27T00:32:16.821442+00:00,train,1,810,self,1.0,0,96,,
2025-11-27T00:32:16.821551+00:00,train,1,811,self,1.0,0,99,,
2025-11-27T00:32:16.821666+00:00,train,1,812,self,1.0,0,99,,
2025-11-27T00:32:16.821775+00:00,train,1,813,self,1.0,0,93,,
2025-11-27T00:32:16.821884+00:00,train,1,814,self,1.0,0,100,,
2025-11-27T00:32:16.821993+00:00,train,1,815,self,1.0,0,95,,
2025-11-27T00:32:16.822102+00:00,train,1,816,self,1.0,0,95,,
2025-11-27T00:32:16.822212+00:00,train,1,817,self,1.0,0,94,,
2025-11-27T00:32:16.822322+00:00,train,1,818,self,1.0,0,98,,
2025-11-27T00:32:16.822431+00:00,train,1,819,self,1.0,0,96,,
2025-11-27T00:32:16.822546+00:00,train,1,820,self,1.0,0,99,,
2025-11-27T00:32:16.822654+00:00,train,1,821,self,1.0,0,97,,
2025-11-27T00:32:16.822763+00:00,train,1,822,self,1.0,0,100,,
2025-11-27T00:32:16.822873+00:00,train,1,823,self,1.0,0,64,,
2025-11-27T00:32:16.822982+00:00,train,1,824,self,1.0,0,98,,
2025-11-27T00:32:16.823091+00:00,train,1,825,self,1.0,0,94,,
2025-11-27T00:32:16.823201+00:00,train,1,826,self,1.0,0,100,,
2025-11-27T00:32:16.823309+00:00,train,1,827,self,1.0,0,95,,
2025-11-27T00:32:16.823424+00:00,train,1,828,self,1.0,0,96,,
2025-11-27T00:32:16.823533+00:00,train,1,829,self,1.0,0,82,,
2025-11-27T00:32:16.823642+00:00,train,1,830,self,1.0,0,99,,
2025-11-27T00:32:16.823752+00:00,train,1,831,self,1.0,0,97,,
2025-11-27T00:32:16.823861+00:00,train,1,832,self,1.0,0,98,,
2025-11-27T00:32:16.823970+00:00,train,1,833,self,1.0,0,96,,
2025-11-27T00:32:16.824101+00:00,train,1,834,self,1.0,0,100,,
2025-11-27T00:32:16.824217+00:00,train,1,835,self,1.0,0,99,,
2025-11-27T00:32:16.824333+00:00,train,1,836,self,1.0,0,100,,
2025-11-27T00:32:16.824443+00:00,train,1,837,self,1.0,0,84,,
2025-11-27T00:32:16.824553+00:00,train,1,838,self,1.0,0,98,,
2025-11-27T00:32:16.824663+00:00,train,1,839,self,1.0,0,97,,
2025-11-27T00:32:16.824773+00:00,train,1,840,self,1.0,0,97,,
2025-11-27T00:32:16.824882+00:00,train,1,841,self,1.0,0,88,,
2025-11-27T00:32:16.824992+00:00,train,1,842,self,1.0,0,100,,
2025-11-27T00:32:16.825101+00:00,train,1,843,self,1.0,0,92,,
2025-11-27T00:32:16.825217+00:00,train,1,844,self,1.0,0,100,,
2025-11-27T00:32:16.825327+00:00,train,1,845,self,1.0,0,84,,
2025-11-27T00:32:16.825437+00:00,train,1,846,self,1.0,0,87,,
2025-11-27T00:32:16.825546+00:00,train,1,847,self,1.0,0,83,,
2025-11-27T00:32:16.825654+00:00,train,1,848,self,1.0,0,100,,
2025-11-27T00:32:16.825763+00:00,train,1,849,self,1.0,0,97,,
2025-11-27T00:32:16.825872+00:00,train,1,850,self,1.0,0,99,,
2025-11-27T00:32:16.825980+00:00,train,1,851,self,1.0,0,99,,
2025-11-27T00:32:16.826094+00:00,train,1,852,self,1.0,0,100,,
2025-11-27T00:32:16.826203+00:00,train,1,853,self,1.0,0,95,,
2025-11-27T00:32:16.826313+00:00,train,1,854,self,1.0,0,100,,
2025-11-27T00:32:16.826422+00:00,train,1,855,self,1.0,0,85,,
2025-11-27T00:32:16.826531+00:00,train,1,856,self,1.0,0,100,,
2025-11-27T00:32:16.826684+00:00,train,1,857,self,1.0,0,91,,
2025-11-27T00:32:16.826797+00:00,train,1,858,self,1.0,0,100,,
2025-11-27T00:32:16.826915+00:00,train,1,859,self,1.0,0,89,,
2025-11-27T00:32:16.827027+00:00,train,1,860,self,1.0,0,93,,
2025-11-27T00:32:16.827139+00:00,train,1,861,self,1.0,0,98,,
2025-11-27T00:32:16.827251+00:00,train,1,862,self,1.0,0,99,,
2025-11-27T00:32:16.827363+00:00,train,1,863,self,1.0,0,92,,
2025-11-27T00:32:16.827474+00:00,train,1,864,self,1.0,0,97,,
2025-11-27T00:32:16.827586+00:00,train,1,865,self,1.0,0,99,,
2025-11-27T00:32:16.827698+00:00,train,1,866,self,1.0,0,100,,
2025-11-27T00:32:16.827815+00:00,train,1,867,self,1.0,0,96,,
2025-11-27T00:32:16.827926+00:00,train,1,868,self,1.0,0,99,,
2025-11-27T00:32:16.828038+00:00,train,1,869,self,1.0,0,93,,
2025-11-27T00:32:16.828149+00:00,train,1,870,self,1.0,0,94,,
2025-11-27T00:32:16.828269+00:00,train,1,871,self,1.0,0,98,,
2025-11-27T00:32:16.828395+00:00,train,1,872,self,1.0,0,100,,
2025-11-27T00:32:16.828504+00:00,train,1,873,self,1.0,0,97,,
2025-11-27T00:32:16.828612+00:00,train,1,874,self,1.0,0,98,,
2025-11-27T00:32:16.828728+00:00,train,1,875,self,1.0,0,99,,
2025-11-27T00:32:16.828836+00:00,train,1,876,self,1.0,0,100,,
2025-11-27T00:32:16.828945+00:00,train,1,877,self,1.0,0,100,,
2025-11-27T00:32:16.829054+00:00,train,1,878,self,1.0,0,100,,
2025-11-27T00:32:16.829166+00:00,train,1,879,self,1.0,0,97,,
2025-11-27T00:32:16.829277+00:00,train,1,880,self,1.0,0,99,,
2025-11-27T00:32:16.829386+00:00,train,1,881,self,1.0,0,91,,
2025-11-27T00:32:16.829500+00:00,train,1,882,self,1.0,0,94,,
2025-11-27T00:32:16.829608+00:00,train,1,883,self,1.0,0,96,,
2025-11-27T00:32:16.829717+00:00,train,1,884,self,1.0,0,96,,
2025-11-27T00:32:16.829826+00:00,train,1,885,self,1.0,0,88,,
2025-11-27T00:32:16.829937+00:00,train,1,886,self,1.0,0,96,,
2025-11-27T00:32:16.830046+00:00,train,1,887,self,1.0,0,95,,
2025-11-27T00:32:16.830155+00:00,train,1,888,self,1.0,0,98,,
2025-11-27T00:32:16.830270+00:00,train,1,889,self,1.0,0,99,,
2025-11-27T00:32:16.830385+00:00,train,1,890,self,1.0,0,100,,
2025-11-27T00:32:16.830593+00:00,train,1,891,self,1.0,0,85,,
2025-11-27T00:32:16.830754+00:00,train,1,892,self,1.0,0,90,,
2025-11-27T00:32:16.830863+00:00,train,1,893,self,1.0,0,97,,
2025-11-27T00:32:16.831007+00:00,train,1,894,self,1.0,0,100,,
2025-11-27T00:32:16.831117+00:00,train,1,895,self,1.0,0,91,,
2025-11-27T00:32:16.831226+00:00,train,1,896,self,1.0,0,99,,
2025-11-27T00:32:16.831340+00:00,train,1,897,self,1.0,0,93,,
2025-11-27T00:32:16.831449+00:00,train,1,898,self,1.0,0,99,,
2025-11-27T00:32:16.831558+00:00,train,1,899,self,1.0,0,98,,
2025-11-27T00:32:16.831667+00:00,train,1,900,self,1.0,0,100,,
2025-11-27T00:32:16.831780+00:00,train,1,901,self,1.0,0,94,,
2025-11-27T00:32:16.831891+00:00,train,1,902,self,1.0,0,97,,
2025-11-27T00:32:16.832007+00:00,train,1,903,self,1.0,0,95,,
2025-11-27T00:32:16.832117+00:00,train,1,904,self,1.0,0,95,,
2025-11-27T00:32:16.832239+00:00,train,1,905,self,1.0,0,89,,
2025-11-27T00:32:16.832349+00:00,train,1,906,self,1.0,0,94,,
2025-11-27T00:32:16.832457+00:00,train,1,907,self,1.0,0,98,,
2025-11-27T00:32:16.832572+00:00,train,1,908,self,1.0,0,99,,
2025-11-27T00:32:16.832686+00:00,train,1,909,self,1.0,0,87,,
2025-11-27T00:32:16.832803+00:00,train,1,910,self,1.0,0,94,,
2025-11-27T00:32:16.832920+00:00,train,1,911,self,1.0,0,99,,
2025-11-27T00:32:16.833030+00:00,train,1,912,self,1.0,0,99,,
2025-11-27T00:32:16.833144+00:00,train,1,913,self,1.0,0,99,,
2025-11-27T00:32:16.833260+00:00,train,1,914,self,1.0,0,99,,
2025-11-27T00:32:16.833374+00:00,train,1,915,self,1.0,0,95,,
2025-11-27T00:32:16.833527+00:00,train,1,916,self,1.0,0,97,,
2025-11-27T00:32:16.833643+00:00,train,1,917,self,1.0,0,94,,
2025-11-27T00:32:16.833761+00:00,train,1,918,self,1.0,0,100,,
2025-11-27T00:32:16.833871+00:00,train,1,919,self,1.0,0,91,,
2025-11-27T00:32:16.833984+00:00,train,1,920,self,1.0,0,93,,
2025-11-27T00:32:16.834185+00:00,train,1,921,self,1.0,0,99,,
2025-11-27T00:32:16.834329+00:00,train,1,922,self,1.0,0,100,,
2025-11-27T00:32:16.834507+00:00,train,1,923,self,1.0,0,97,,
2025-11-27T00:32:16.834627+00:00,train,1,924,self,1.0,0,100,,
2025-11-27T00:32:16.834747+00:00,train,1,925,self,1.0,0,95,,
2025-11-27T00:32:16.834867+00:00,train,1,926,self,1.0,0,100,,
2025-11-27T00:32:16.834981+00:00,train,1,927,self,1.0,0,91,,
2025-11-27T00:32:16.835100+00:00,train,1,928,self,1.0,0,100,,
2025-11-27T00:32:16.835353+00:00,train,1,929,self,1.0,0,100,,
2025-11-27T00:32:16.835542+00:00,train,1,930,self,1.0,0,100,,
2025-11-27T00:32:16.835683+00:00,train,1,931,self,1.0,0,94,,
2025-11-27T00:32:16.835875+00:00,train,1,932,self,1.0,0,100,,
2025-11-27T00:32:16.835991+00:00,train,1,933,self,1.0,0,99,,
2025-11-27T00:32:16.836145+00:00,train,1,934,self,1.0,0,100,,
2025-11-27T00:32:16.836324+00:00,train,1,935,self,1.0,0,90,,
2025-11-27T00:32:16.836546+00:00,train,1,936,self,1.0,0,95,,
2025-11-27T00:32:16.836725+00:00,train,1,937,self,1.0,0,80,,
2025-11-27T00:32:16.836907+00:00,train,1,938,self,1.0,0,94,,
2025-11-27T00:32:16.837074+00:00,train,1,939,self,1.0,0,100,,
2025-11-27T00:32:16.837274+00:00,train,1,940,self,1.0,0,100,,
2025-11-27T00:32:16.837394+00:00,train,1,941,self,1.0,0,96,,
2025-11-27T00:32:16.837516+00:00,train,1,942,self,1.0,0,98,,
2025-11-27T00:32:16.837631+00:00,train,1,943,self,1.0,0,73,,
2025-11-27T00:32:16.837805+00:00,train,1,944,self,1.0,0,96,,
2025-11-27T00:32:16.837971+00:00,train,1,945,self,1.0,0,87,,
2025-11-27T00:32:16.838092+00:00,train,1,946,self,1.0,0,88,,
2025-11-27T00:32:16.838205+00:00,train,1,947,self,1.0,0,92,,
2025-11-27T00:32:16.838318+00:00,train,1,948,self,1.0,0,99,,
2025-11-27T00:32:16.838429+00:00,train,1,949,self,1.0,0,97,,
2025-11-27T00:32:16.838541+00:00,train,1,950,self,1.0,0,98,,
2025-11-27T00:32:16.838652+00:00,train,1,951,self,1.0,0,99,,
2025-11-27T00:32:16.838765+00:00,train,1,952,self,1.0,0,100,,
2025-11-27T00:32:16.838884+00:00,train,1,953,self,1.0,0,92,,
2025-11-27T00:32:16.839041+00:00,train,1,954,self,1.0,0,99,,
2025-11-27T00:32:16.839201+00:00,train,1,955,self,1.0,0,95,,
2025-11-27T00:32:16.839313+00:00,train,1,956,self,1.0,0,97,,
2025-11-27T00:32:16.839426+00:00,train,1,957,self,1.0,0,99,,
2025-11-27T00:32:16.839538+00:00,train,1,958,self,1.0,0,100,,
2025-11-27T00:32:16.839655+00:00,train,1,959,self,1.0,0,95,,
2025-11-27T00:32:16.839767+00:00,train,1,960,self,1.0,0,98,,
2025-11-27T00:32:16.839879+00:00,train,1,961,self,1.0,0,94,,
2025-11-27T00:32:16.839990+00:00,train,1,962,self,1.0,0,100,,
2025-11-27T00:32:16.840106+00:00,train,1,963,self,1.0,0,96,,
2025-11-27T00:32:16.840217+00:00,train,1,964,self,1.0,0,100,,
2025-11-27T00:32:16.840328+00:00,train,1,965,self,1.0,0,96,,
2025-11-27T00:32:16.840447+00:00,train,1,966,self,1.0,0,96,,
2025-11-27T00:32:16.840558+00:00,train,1,967,self,1.0,0,95,,
2025-11-27T00:32:16.840670+00:00,train,1,968,self,1.0,0,99,,
2025-11-27T00:32:16.840781+00:00,train,1,969,self,1.0,0,98,,
2025-11-27T00:32:16.840897+00:00,train,1,970,self,1.0,0,100,,
2025-11-27T00:32:16.841013+00:00,train,1,971,self,1.0,0,89,,
2025-11-27T00:32:16.841130+00:00,train,1,972,self,1.0,0,98,,
2025-11-27T00:32:16.841243+00:00,train,1,973,self,1.0,0,90,,
2025-11-27T00:32:16.841354+00:00,train,1,974,self,1.0,0,97,,
2025-11-27T00:32:16.841465+00:00,train,1,975,self,1.0,0,93,,
2025-11-27T00:32:16.841576+00:00,train,1,976,self,1.0,0,98,,
2025-11-27T00:32:16.841693+00:00,train,1,977,self,1.0,0,95,,
2025-11-27T00:32:16.841805+00:00,train,1,978,self,1.0,0,97,,
2025-11-27T00:32:16.841917+00:00,train,1,979,self,1.0,0,96,,
2025-11-27T00:32:16.842028+00:00,train,1,980,self,1.0,0,99,,
2025-11-27T00:32:16.842140+00:00,train,1,981,self,1.0,0,92,,
2025-11-27T00:32:16.842251+00:00,train,1,982,self,1.0,0,99,,
2025-11-27T00:32:16.842410+00:00,train,1,983,self,1.0,0,98,,
2025-11-27T00:32:16.842601+00:00,train,1,984,self,1.0,0,100,,
2025-11-27T00:32:16.842718+00:00,train,1,985,self,1.0,0,99,,
2025-11-27T00:32:16.842830+00:00,train,1,986,self,1.0,0,100,,
2025-11-27T00:32:16.842942+00:00,train,1,987,self,1.0,0,96,,
2025-11-27T00:32:16.843053+00:00,train,1,988,self,1.0,0,99,,
2025-11-27T00:32:16.843212+00:00,train,1,989,self,1.0,0,90,,
2025-11-27T00:32:16.843324+00:00,train,1,990,self,1.0,0,99,,
2025-11-27T00:32:16.843435+00:00,train,1,991,self,1.0,0,94,,
2025-11-27T00:32:16.843550+00:00,train,1,992,self,1.0,0,99,,
2025-11-27T00:32:16.843660+00:00,train,1,993,self,1.0,0,99,,
2025-11-27T00:32:16.843770+00:00,train,1,994,self,1.0,0,100,,
2025-11-27T00:32:16.843880+00:00,train,1,995,self,1.0,0,97,,
2025-11-27T00:32:16.843990+00:00,train,1,996,self,1.0,0,100,,
2025-11-27T00:32:16.844103+00:00,train,1,997,self,1.0,0,95,,
2025-11-27T00:32:16.844213+00:00,train,1,998,self,1.0,0,97,,
2025-11-27T00:32:16.844323+00:00,train,1,999,self,1.0,0,86,,
2025-11-27T00:32:16.844438+00:00,train,1,1000,self,1.0,0,91,,
2025-11-27T00:32:16.844548+00:00,train,1,1001,self,1.0,0,94,,
2025-11-27T00:32:16.844658+00:00,train,1,1002,self,1.0,0,98,,
2025-11-27T00:32:16.844768+00:00,train,1,1003,self,1.0,0,87,,
2025-11-27T00:32:16.844878+00:00,train,1,1004,self,1.0,0,95,,
2025-11-27T00:32:16.844988+00:00,train,1,1005,self,1.0,0,83,,
2025-11-27T00:32:16.845098+00:00,train,1,1006,self,1.0,0,99,,
2025-11-27T00:32:16.845208+00:00,train,1,1007,self,1.0,0,95,,
2025-11-27T00:32:16.845322+00:00,train,1,1008,self,1.0,0,100,,
2025-11-27T00:32:16.845431+00:00,train,1,1009,self,1.0,0,89,,
2025-11-27T00:32:16.845642+00:00,train,1,1010,self,1.0,0,97,,
2025-11-27T00:32:16.845840+00:00,train,1,1011,self,1.0,0,81,,
2025-11-27T00:32:16.845971+00:00,train,1,1012,self,1.0,0,100,,
2025-11-27T00:32:16.846096+00:00,train,1,1013,self,1.0,0,96,,
2025-11-27T00:32:16.846217+00:00,train,1,1014,self,1.0,0,100,,
2025-11-27T00:32:16.846336+00:00,train,1,1015,self,1.0,0,94,,
2025-11-27T00:32:16.846459+00:00,train,1,1016,self,1.0,0,94,,
2025-11-27T00:32:16.846575+00:00,train,1,1017,self,1.0,0,91,,
2025-11-27T00:32:16.846693+00:00,train,1,1018,self,1.0,0,92,,
2025-11-27T00:32:16.846810+00:00,train,1,1019,self,1.0,0,94,,
2025-11-27T00:32:16.846927+00:00,train,1,1020,self,1.0,0,100,,
2025-11-27T00:32:16.847044+00:00,train,1,1021,self,1.0,0,94,,
2025-11-27T00:32:16.847160+00:00,train,1,1022,self,1.0,0,98,,
2025-11-27T00:32:16.847274+00:00,train,1,1023,self,1.0,0,94,,
2025-11-27T00:32:16.847393+00:00,train,1,1024,self,1.0,0,97,,
2025-11-27T00:32:16.847507+00:00,train,1,1025,self,1.0,0,94,,
2025-11-27T00:32:16.847620+00:00,train,1,1026,self,1.0,0,100,,
2025-11-27T00:32:16.847734+00:00,train,1,1027,self,1.0,0,96,,
2025-11-27T00:32:16.847849+00:00,train,1,1028,self,1.0,0,99,,
2025-11-27T00:32:16.847963+00:00,train,1,1029,self,1.0,0,98,,
2025-11-27T00:32:16.848078+00:00,train,1,1030,self,1.0,0,99,,
2025-11-27T00:32:16.848192+00:00,train,1,1031,self,1.0,0,93,,
2025-11-27T00:32:16.848311+00:00,train,1,1032,self,1.0,0,100,,
2025-11-27T00:32:16.848426+00:00,train,1,1033,self,1.0,0,99,,
2025-11-27T00:32:16.848540+00:00,train,1,1034,self,1.0,0,99,,
2025-11-27T00:32:16.848654+00:00,train,1,1035,self,1.0,0,85,,
2025-11-27T00:32:16.848770+00:00,train,1,1036,self,1.0,0,100,,
2025-11-27T00:32:16.848886+00:00,train,1,1037,self,1.0,0,100,,
2025-11-27T00:32:16.849001+00:00,train,1,1038,self,1.0,0,100,,
2025-11-27T00:32:16.849115+00:00,train,1,1039,self,1.0,0,88,,
2025-11-27T00:32:16.849236+00:00,train,1,1040,self,1.0,0,99,,
2025-11-27T00:32:16.849350+00:00,train,1,1041,self,1.0,0,86,,
2025-11-27T00:32:16.849465+00:00,train,1,1042,self,1.0,0,96,,
2025-11-27T00:32:16.849581+00:00,train,1,1043,self,1.0,0,91,,
2025-11-27T00:32:16.849695+00:00,train,1,1044,self,1.0,0,97,,
2025-11-27T00:32:16.849809+00:00,train,1,1045,self,1.0,0,93,,
2025-11-27T00:32:16.849923+00:00,train,1,1046,self,1.0,0,97,,
2025-11-27T00:32:16.850037+00:00,train,1,1047,self,1.0,0,93,,
2025-11-27T00:32:16.850156+00:00,train,1,1048,self,1.0,0,99,,
2025-11-27T00:32:16.850269+00:00,train,1,1049,self,1.0,0,93,,
2025-11-27T00:32:16.850383+00:00,train,1,1050,self,1.0,0,100,,
2025-11-27T00:32:16.850497+00:00,train,1,1051,self,1.0,0,93,,
2025-11-27T00:32:16.850611+00:00,train,1,1052,self,1.0,0,100,,
2025-11-27T00:32:16.850724+00:00,train,1,1053,self,1.0,0,96,,
2025-11-27T00:32:16.850887+00:00,train,1,1054,self,1.0,0,97,,
2025-11-27T00:32:16.851010+00:00,train,1,1055,self,1.0,0,89,,
2025-11-27T00:32:16.851127+00:00,train,1,1056,self,1.0,0,100,,
2025-11-27T00:32:16.851244+00:00,train,1,1057,self,1.0,0,82,,
2025-11-27T00:32:16.851361+00:00,train,1,1058,self,1.0,0,97,,
2025-11-27T00:32:16.851477+00:00,train,1,1059,self,1.0,0,97,,
2025-11-27T00:32:16.851593+00:00,train,1,1060,self,1.0,0,99,,
2025-11-27T00:32:16.851708+00:00,train,1,1061,self,1.0,0,82,,
2025-11-27T00:32:16.851824+00:00,train,1,1062,self,1.0,0,95,,
2025-11-27T00:32:16.851945+00:00,train,1,1063,self,1.0,0,88,,
2025-11-27T00:32:16.852060+00:00,train,1,1064,self,1.0,0,90,,
2025-11-27T00:32:16.852176+00:00,train,1,1065,self,1.0,0,92,,
2025-11-27T00:32:16.852291+00:00,train,1,1066,self,1.0,0,97,,
2025-11-27T00:32:16.852407+00:00,train,1,1067,self,1.0,0,97,,
2025-11-27T00:32:16.852523+00:00,train,1,1068,self,1.0,0,98,,
2025-11-27T00:32:16.852639+00:00,train,1,1069,self,1.0,0,95,,
2025-11-27T00:32:16.852754+00:00,train,1,1070,self,1.0,0,96,,
2025-11-27T00:32:16.852874+00:00,train,1,1071,self,1.0,0,97,,
2025-11-27T00:32:16.852990+00:00,train,1,1072,self,1.0,0,98,,
2025-11-27T00:32:16.853105+00:00,train,1,1073,self,1.0,0,87,,
2025-11-27T00:32:16.853220+00:00,train,1,1074,self,1.0,0,92,,
2025-11-27T00:32:16.853337+00:00,train,1,1075,self,1.0,0,98,,
2025-11-27T00:32:16.853453+00:00,train,1,1076,self,1.0,0,98,,
2025-11-27T00:32:16.853569+00:00,train,1,1077,self,1.0,0,99,,
2025-11-27T00:32:16.853685+00:00,train,1,1078,self,1.0,0,100,,
2025-11-27T00:32:16.853806+00:00,train,1,1079,self,1.0,0,95,,
2025-11-27T00:32:16.853922+00:00,train,1,1080,self,1.0,0,98,,
2025-11-27T00:32:16.854038+00:00,train,1,1081,self,1.0,0,95,,
2025-11-27T00:32:16.854153+00:00,train,1,1082,self,1.0,0,99,,
2025-11-27T00:32:16.854269+00:00,train,1,1083,self,1.0,0,97,,
2025-11-27T00:32:16.854385+00:00,train,1,1084,self,1.0,0,100,,
2025-11-27T00:32:16.854500+00:00,train,1,1085,self,1.0,0,88,,
2025-11-27T00:32:16.854616+00:00,train,1,1086,self,1.0,0,99,,
2025-11-27T00:32:16.854737+00:00,train,1,1087,self,1.0,0,98,,
2025-11-27T00:32:16.854852+00:00,train,1,1088,self,1.0,0,100,,
2025-11-27T00:32:16.854967+00:00,train,1,1089,self,1.0,0,97,,
2025-11-27T00:32:16.855082+00:00,train,1,1090,self,1.0,0,99,,
2025-11-27T00:32:16.855198+00:00,train,1,1091,self,1.0,0,93,,
2025-11-27T00:32:16.855313+00:00,train,1,1092,self,1.0,0,97,,
2025-11-27T00:32:16.855429+00:00,train,1,1093,self,1.0,0,97,,
2025-11-27T00:32:16.855547+00:00,train,1,1094,self,1.0,0,100,,
2025-11-27T00:32:16.855669+00:00,train,1,1095,self,1.0,0,86,,
2025-11-27T00:32:16.855785+00:00,train,1,1096,self,1.0,0,90,,
2025-11-27T00:32:16.856021+00:00,train,1,1097,self,1.0,0,90,,
2025-11-27T00:32:16.856167+00:00,train,1,1098,self,1.0,0,90,,
2025-11-27T00:32:16.856292+00:00,train,1,1099,self,1.0,0,96,,
2025-11-27T00:32:16.856412+00:00,train,1,1100,self,1.0,0,100,,
2025-11-27T00:32:16.856527+00:00,train,1,1101,self,1.0,0,89,,
2025-11-27T00:32:16.856641+00:00,train,1,1102,self,1.0,0,100,,
2025-11-27T00:32:16.856760+00:00,train,1,1103,self,1.0,0,90,,
2025-11-27T00:32:16.856872+00:00,train,1,1104,self,1.0,0,100,,
2025-11-27T00:32:16.856984+00:00,train,1,1105,self,1.0,0,93,,
2025-11-27T00:32:16.857097+00:00,train,1,1106,self,1.0,0,99,,
2025-11-27T00:32:16.857260+00:00,train,1,1107,self,1.0,0,95,,
2025-11-27T00:32:16.857371+00:00,train,1,1108,self,1.0,0,95,,
2025-11-27T00:32:16.857482+00:00,train,1,1109,self,1.0,0,94,,
2025-11-27T00:32:16.857592+00:00,train,1,1110,self,1.0,0,98,,
2025-11-27T00:32:16.857707+00:00,train,1,1111,self,1.0,0,91,,
2025-11-27T00:32:16.857817+00:00,train,1,1112,self,1.0,0,96,,
2025-11-27T00:32:16.857927+00:00,train,1,1113,self,1.0,0,86,,
2025-11-27T00:32:16.858037+00:00,train,1,1114,self,1.0,0,100,,
2025-11-27T00:32:16.858148+00:00,train,1,1115,self,1.0,0,94,,
2025-11-27T00:32:16.858258+00:00,train,1,1116,self,1.0,0,96,,
2025-11-27T00:32:16.858367+00:00,train,1,1117,self,1.0,0,83,,
2025-11-27T00:32:16.858477+00:00,train,1,1118,self,1.0,0,100,,
2025-11-27T00:32:16.859052+00:00,train,1,1119,self,1.0,0,97,,
2025-11-27T00:32:16.859189+00:00,train,1,1120,self,1.0,0,100,,
2025-11-27T00:32:16.859315+00:00,train,1,1121,self,1.0,0,100,,
2025-11-27T00:32:16.859437+00:00,train,1,1122,self,1.0,0,100,,
2025-11-27T00:32:16.859561+00:00,train,1,1123,self,1.0,0,89,,
2025-11-27T00:32:16.859679+00:00,train,1,1124,self,1.0,0,100,,
2025-11-27T00:32:16.859796+00:00,train,1,1125,self,1.0,0,96,,
2025-11-27T00:32:16.859912+00:00,train,1,1126,self,1.0,0,100,,
2025-11-27T00:32:16.860028+00:00,train,1,1127,self,1.0,0,99,,
2025-11-27T00:32:16.860144+00:00,train,1,1128,self,1.0,0,100,,
2025-11-27T00:32:16.860259+00:00,train,1,1129,self,1.0,0,92,,
2025-11-27T00:32:16.860374+00:00,train,1,1130,self,1.0,0,99,,
2025-11-27T00:32:16.860493+00:00,train,1,1131,self,1.0,0,88,,
2025-11-27T00:32:16.860640+00:00,train,1,1132,self,1.0,0,97,,
2025-11-27T00:32:16.860774+00:00,train,1,1133,self,1.0,0,94,,
2025-11-27T00:32:16.860888+00:00,train,1,1134,self,1.0,0,98,,
2025-11-27T00:32:16.861002+00:00,train,1,1135,self,1.0,0,92,,
2025-11-27T00:32:16.861116+00:00,train,1,1136,self,1.0,0,99,,
2025-11-27T00:32:16.861230+00:00,train,1,1137,self,1.0,0,95,,
2025-11-27T00:32:16.861348+00:00,train,1,1138,self,1.0,0,99,,
2025-11-27T00:32:16.861463+00:00,train,1,1139,self,1.0,0,89,,
2025-11-27T00:32:16.861578+00:00,train,1,1140,self,1.0,0,99,,
2025-11-27T00:32:16.861691+00:00,train,1,1141,self,1.0,0,98,,
2025-11-27T00:32:16.861805+00:00,train,1,1142,self,1.0,0,100,,
2025-11-27T00:32:16.861919+00:00,train,1,1143,self,1.0,0,93,,
2025-11-27T00:32:16.862033+00:00,train,1,1144,self,1.0,0,94,,
2025-11-27T00:32:16.862146+00:00,train,1,1145,self,1.0,0,83,,
2025-11-27T00:32:16.862266+00:00,train,1,1146,self,1.0,0,94,,
2025-11-27T00:32:16.862379+00:00,train,1,1147,self,1.0,0,98,,
2025-11-27T00:32:16.862494+00:00,train,1,1148,self,1.0,0,100,,
2025-11-27T00:32:16.862608+00:00,train,1,1149,self,1.0,0,100,,
2025-11-27T00:32:16.862722+00:00,train,1,1150,self,1.0,0,100,,
2025-11-27T00:32:16.862835+00:00,train,1,1151,self,1.0,0,91,,
2025-11-27T00:32:16.862950+00:00,train,1,1152,self,1.0,0,98,,
2025-11-27T00:32:16.863145+00:00,train,1,1153,self,1.0,0,78,,
2025-11-27T00:32:16.863282+00:00,train,1,1154,self,1.0,0,99,,
2025-11-27T00:32:16.863404+00:00,train,1,1155,self,1.0,0,97,,
2025-11-27T00:32:16.863519+00:00,train,1,1156,self,1.0,0,99,,
2025-11-27T00:32:16.863637+00:00,train,1,1157,self,1.0,0,97,,
2025-11-27T00:32:16.863750+00:00,train,1,1158,self,1.0,0,97,,
2025-11-27T00:32:16.863861+00:00,train,1,1159,self,1.0,0,98,,
2025-11-27T00:32:16.863970+00:00,train,1,1160,self,1.0,0,98,,
2025-11-27T00:32:16.864083+00:00,train,1,1161,self,1.0,0,82,,
2025-11-27T00:32:16.864199+00:00,train,1,1162,self,1.0,0,97,,
2025-11-27T00:32:16.864307+00:00,train,1,1163,self,1.0,0,86,,
2025-11-27T00:32:16.864415+00:00,train,1,1164,self,1.0,0,93,,
2025-11-27T00:32:16.864523+00:00,train,1,1165,self,1.0,0,91,,
2025-11-27T00:32:16.864630+00:00,train,1,1166,self,1.0,0,98,,
2025-11-27T00:32:16.864737+00:00,train,1,1167,self,1.0,0,97,,
2025-11-27T00:32:16.864845+00:00,train,1,1168,self,1.0,0,99,,
2025-11-27T00:32:16.864952+00:00,train,1,1169,self,1.0,0,91,,
2025-11-27T00:32:16.865064+00:00,train,1,1170,self,1.0,0,98,,
2025-11-27T00:32:16.865177+00:00,train,1,1171,self,1.0,0,93,,
2025-11-27T00:32:16.865285+00:00,train,1,1172,self,1.0,0,97,,
2025-11-27T00:32:16.865393+00:00,train,1,1173,self,1.0,0,99,,
2025-11-27T00:32:16.865506+00:00,train,1,1174,self,1.0,0,100,,
2025-11-27T00:32:16.865616+00:00,train,1,1175,self,1.0,0,89,,
2025-11-27T00:32:16.865729+00:00,train,1,1176,self,1.0,0,94,,
2025-11-27T00:32:16.865838+00:00,train,1,1177,self,1.0,0,90,,
2025-11-27T00:32:16.865951+00:00,train,1,1178,self,1.0,0,98,,
2025-11-27T00:32:16.866065+00:00,train,1,1179,self,1.0,0,92,,
2025-11-27T00:32:16.866244+00:00,train,1,1180,self,1.0,0,93,,
2025-11-27T00:32:16.866393+00:00,train,1,1181,self,1.0,0,99,,
2025-11-27T00:32:16.866528+00:00,train,1,1182,self,1.0,0,99,,
2025-11-27T00:32:16.866657+00:00,train,1,1183,self,1.0,0,91,,
2025-11-27T00:32:16.866781+00:00,train,1,1184,self,1.0,0,92,,
2025-11-27T00:32:16.866903+00:00,train,1,1185,self,1.0,0,83,,
2025-11-27T00:32:16.867027+00:00,train,1,1186,self,1.0,0,99,,
2025-11-27T00:32:16.867145+00:00,train,1,1187,self,1.0,0,97,,
2025-11-27T00:32:16.867339+00:00,train,1,1188,self,1.0,0,98,,
2025-11-27T00:32:16.867516+00:00,train,1,1189,self,1.0,0,95,,
2025-11-27T00:32:16.867641+00:00,train,1,1190,self,1.0,0,97,,
2025-11-27T00:32:16.867759+00:00,train,1,1191,self,1.0,0,89,,
2025-11-27T00:32:16.867877+00:00,train,1,1192,self,1.0,0,95,,
2025-11-27T00:32:16.867994+00:00,train,1,1193,self,1.0,0,98,,
2025-11-27T00:32:16.868115+00:00,train,1,1194,self,1.0,0,100,,
2025-11-27T00:32:16.868232+00:00,train,1,1195,self,1.0,0,95,,
2025-11-27T00:32:16.868348+00:00,train,1,1196,self,1.0,0,99,,
2025-11-27T00:32:16.868465+00:00,train,1,1197,self,1.0,0,100,,
2025-11-27T00:32:16.868588+00:00,train,1,1198,self,1.0,0,100,,
2025-11-27T00:32:16.868707+00:00,train,1,1199,self,1.0,0,97,,
2025-11-27T00:32:16.868828+00:00,train,1,1200,self,1.0,0,98,,
2025-11-27T00:32:16.868946+00:00,train,1,1201,self,1.0,0,87,,
2025-11-27T00:32:16.869073+00:00,train,1,1202,self,1.0,0,91,,
2025-11-27T00:32:16.869193+00:00,train,1,1203,self,1.0,0,97,,
2025-11-27T00:32:16.869312+00:00,train,1,1204,self,1.0,0,99,,
2025-11-27T00:32:16.869434+00:00,train,1,1205,self,1.0,0,94,,
2025-11-27T00:32:16.869555+00:00,train,1,1206,self,1.0,0,95,,
2025-11-27T00:32:16.869674+00:00,train,1,1207,self,1.0,0,97,,
2025-11-27T00:32:16.869797+00:00,train,1,1208,self,1.0,0,99,,
2025-11-27T00:32:16.869914+00:00,train,1,1209,self,1.0,0,99,,
2025-11-27T00:32:16.870102+00:00,train,1,1210,self,1.0,0,100,,
2025-11-27T00:32:16.870292+00:00,train,1,1211,self,1.0,0,92,,
2025-11-27T00:32:16.870525+00:00,train,1,1212,self,1.0,0,100,,
2025-11-27T00:32:16.870645+00:00,train,1,1213,self,1.0,0,88,,
2025-11-27T00:32:16.870762+00:00,train,1,1214,self,1.0,0,96,,
2025-11-27T00:32:16.870879+00:00,train,1,1215,self,1.0,0,94,,
2025-11-27T00:32:16.870995+00:00,train,1,1216,self,1.0,0,100,,
2025-11-27T00:32:16.871112+00:00,train,1,1217,self,1.0,0,95,,
2025-11-27T00:32:16.871234+00:00,train,1,1218,self,1.0,0,96,,
2025-11-27T00:32:16.871350+00:00,train,1,1219,self,1.0,0,88,,
2025-11-27T00:32:16.871466+00:00,train,1,1220,self,1.0,0,91,,
2025-11-27T00:32:16.871582+00:00,train,1,1221,self,1.0,0,95,,
2025-11-27T00:32:16.871698+00:00,train,1,1222,self,1.0,0,97,,
2025-11-27T00:32:16.871813+00:00,train,1,1223,self,1.0,0,79,,
2025-11-27T00:32:16.871929+00:00,train,1,1224,self,1.0,0,99,,
2025-11-27T00:32:16.872045+00:00,train,1,1225,self,1.0,0,99,,
2025-11-27T00:32:16.872165+00:00,train,1,1226,self,1.0,0,100,,
2025-11-27T00:32:16.872281+00:00,train,1,1227,self,1.0,0,94,,
2025-11-27T00:32:16.872396+00:00,train,1,1228,self,1.0,0,97,,
2025-11-27T00:32:16.872512+00:00,train,1,1229,self,1.0,0,98,,
2025-11-27T00:32:16.872628+00:00,train,1,1230,self,1.0,0,100,,
2025-11-27T00:32:16.872743+00:00,train,1,1231,self,1.0,0,97,,
2025-11-27T00:32:16.872864+00:00,train,1,1232,self,1.0,0,99,,
2025-11-27T00:32:16.872981+00:00,train,1,1233,self,1.0,0,97,,
2025-11-27T00:32:16.873111+00:00,train,1,1234,self,1.0,0,100,,
2025-11-27T00:32:16.873227+00:00,train,1,1235,self,1.0,0,94,,
2025-11-27T00:32:16.873346+00:00,train,1,1236,self,1.0,0,99,,
2025-11-27T00:32:16.873465+00:00,train,1,1237,self,1.0,0,95,,
2025-11-27T00:32:16.873584+00:00,train,1,1238,self,1.0,0,95,,
2025-11-27T00:32:16.873703+00:00,train,1,1239,self,1.0,0,94,,
2025-11-27T00:32:16.873819+00:00,train,1,1240,self,1.0,0,98,,
2025-11-27T00:32:16.873934+00:00,train,1,1241,self,1.0,0,92,,
2025-11-27T00:32:16.874055+00:00,train,1,1242,self,1.0,0,99,,
2025-11-27T00:32:16.874170+00:00,train,1,1243,self,1.0,0,89,,
2025-11-27T00:32:16.874286+00:00,train,1,1244,self,1.0,0,96,,
2025-11-27T00:32:16.874401+00:00,train,1,1245,self,1.0,0,98,,
2025-11-27T00:32:16.874517+00:00,train,1,1246,self,1.0,0,100,,
2025-11-27T00:32:16.874632+00:00,train,1,1247,self,1.0,0,97,,
2025-11-27T00:32:16.874753+00:00,train,1,1248,self,1.0,0,98,,
2025-11-27T00:32:16.874872+00:00,train,1,1249,self,1.0,0,97,,
2025-11-27T00:32:16.874993+00:00,train,1,1250,self,1.0,0,99,,
2025-11-27T00:32:16.875108+00:00,train,1,1251,self,1.0,0,88,,
2025-11-27T00:32:16.875224+00:00,train,1,1252,self,1.0,0,100,,
2025-11-27T00:32:16.875339+00:00,train,1,1253,self,1.0,0,96,,
2025-11-27T00:32:16.875454+00:00,train,1,1254,self,1.0,0,100,,
2025-11-27T00:32:16.875569+00:00,train,1,1255,self,1.0,0,91,,
2025-11-27T00:32:16.875685+00:00,train,1,1256,self,1.0,0,98,,
2025-11-27T00:32:16.875801+00:00,train,1,1257,self,1.0,0,91,,
2025-11-27T00:32:16.875922+00:00,train,1,1258,self,1.0,0,99,,
2025-11-27T00:32:16.876037+00:00,train,1,1259,self,1.0,0,91,,
2025-11-27T00:32:16.876152+00:00,train,1,1260,self,1.0,0,93,,
2025-11-27T00:32:16.876266+00:00,train,1,1261,self,1.0,0,99,,
2025-11-27T00:32:16.876502+00:00,train,1,1262,self,1.0,0,99,,
2025-11-27T00:32:16.876661+00:00,train,1,1263,self,1.0,0,93,,
2025-11-27T00:32:16.876828+00:00,train,1,1264,self,1.0,0,95,,
2025-11-27T00:32:16.876946+00:00,train,1,1265,self,1.0,0,96,,
2025-11-27T00:32:16.877066+00:00,train,1,1266,self,1.0,0,99,,
2025-11-27T00:32:16.877180+00:00,train,1,1267,self,1.0,0,93,,
2025-11-27T00:32:16.877316+00:00,train,1,1268,self,1.0,0,93,,
2025-11-27T00:32:16.877471+00:00,train,1,1269,self,1.0,0,92,,
2025-11-27T00:32:16.877670+00:00,train,1,1270,self,1.0,0,96,,
2025-11-27T00:32:16.877783+00:00,train,1,1271,self,1.0,0,81,,
2025-11-27T00:32:16.877894+00:00,train,1,1272,self,1.0,0,94,,
2025-11-27T00:32:16.878004+00:00,train,1,1273,self,1.0,0,98,,
2025-11-27T00:32:16.878120+00:00,train,1,1274,self,1.0,0,98,,
2025-11-27T00:32:16.878230+00:00,train,1,1275,self,1.0,0,95,,
2025-11-27T00:32:16.878340+00:00,train,1,1276,self,1.0,0,97,,
2025-11-27T00:32:16.878449+00:00,train,1,1277,self,1.0,0,93,,
2025-11-27T00:32:16.878557+00:00,train,1,1278,self,1.0,0,98,,
2025-11-27T00:32:16.878666+00:00,train,1,1279,self,1.0,0,96,,
2025-11-27T00:32:16.878776+00:00,train,1,1280,self,1.0,0,98,,
2025-11-27T00:32:16.878885+00:00,train,1,1281,self,1.0,0,99,,
2025-11-27T00:32:16.879002+00:00,train,1,1282,self,1.0,0,100,,
2025-11-27T00:32:16.879111+00:00,train,1,1283,self,1.0,0,85,,
2025-11-27T00:32:16.879220+00:00,train,1,1284,self,1.0,0,99,,
2025-11-27T00:32:16.879329+00:00,train,1,1285,self,1.0,0,85,,
2025-11-27T00:32:16.879438+00:00,train,1,1286,self,1.0,0,99,,
2025-11-27T00:32:16.879546+00:00,train,1,1287,self,1.0,0,81,,
2025-11-27T00:32:16.879655+00:00,train,1,1288,self,1.0,0,99,,
2025-11-27T00:32:16.879763+00:00,train,1,1289,self,1.0,0,92,,
2025-11-27T00:32:16.879877+00:00,train,1,1290,self,1.0,0,100,,
2025-11-27T00:32:16.879986+00:00,train,1,1291,self,1.0,0,89,,
2025-11-27T00:32:16.880095+00:00,train,1,1292,self,1.0,0,96,,
2025-11-27T00:32:16.880204+00:00,train,1,1293,self,1.0,0,85,,
2025-11-27T00:32:16.880312+00:00,train,1,1294,self,1.0,0,99,,
2025-11-27T00:32:16.880421+00:00,train,1,1295,self,1.0,0,100,,
2025-11-27T00:32:16.880530+00:00,train,1,1296,self,1.0,0,100,,
2025-11-27T00:32:16.880639+00:00,train,1,1297,self,1.0,0,92,,
2025-11-27T00:32:16.880752+00:00,train,1,1298,self,1.0,0,96,,
2025-11-27T00:32:16.880860+00:00,train,1,1299,self,1.0,0,98,,
2025-11-27T00:32:16.880969+00:00,train,1,1300,self,1.0,0,99,,
2025-11-27T00:32:16.881077+00:00,train,1,1301,self,1.0,0,94,,
2025-11-27T00:32:16.881186+00:00,train,1,1302,self,1.0,0,98,,
2025-11-27T00:32:16.881295+00:00,train,1,1303,self,1.0,0,97,,
2025-11-27T00:32:16.881404+00:00,train,1,1304,self,1.0,0,99,,
2025-11-27T00:32:16.881512+00:00,train,1,1305,self,1.0,0,97,,
2025-11-27T00:32:16.881625+00:00,train,1,1306,self,1.0,0,98,,
2025-11-27T00:32:16.881733+00:00,train,1,1307,self,1.0,0,94,,
2025-11-27T00:32:16.881842+00:00,train,1,1308,self,1.0,0,95,,
2025-11-27T00:32:16.881951+00:00,train,1,1309,self,1.0,0,97,,
2025-11-27T00:32:16.882060+00:00,train,1,1310,self,1.0,0,99,,
2025-11-27T00:32:16.882168+00:00,train,1,1311,self,1.0,0,90,,
2025-11-27T00:32:16.882277+00:00,train,1,1312,self,1.0,0,96,,
2025-11-27T00:32:16.882388+00:00,train,1,1313,self,1.0,0,98,,
2025-11-27T00:32:16.882502+00:00,train,1,1314,self,1.0,0,99,,
2025-11-27T00:32:16.882614+00:00,train,1,1315,self,1.0,0,87,,
2025-11-27T00:32:16.882723+00:00,train,1,1316,self,1.0,0,100,,
2025-11-27T00:32:16.882832+00:00,train,1,1317,self,1.0,0,81,,
2025-11-27T00:32:16.882941+00:00,train,1,1318,self,1.0,0,97,,
2025-11-27T00:32:16.883050+00:00,train,1,1319,self,1.0,0,97,,
2025-11-27T00:32:16.883158+00:00,train,1,1320,self,1.0,0,99,,
2025-11-27T00:32:16.883267+00:00,train,1,1321,self,1.0,0,94,,
2025-11-27T00:32:16.883381+00:00,train,1,1322,self,1.0,0,97,,
2025-11-27T00:32:16.883521+00:00,train,1,1323,self,1.0,0,96,,
2025-11-27T00:32:16.883650+00:00,train,1,1324,self,1.0,0,98,,
2025-11-27T00:32:16.883760+00:00,train,1,1325,self,1.0,0,94,,
2025-11-27T00:32:16.883869+00:00,train,1,1326,self,1.0,0,98,,
2025-11-27T00:32:16.883978+00:00,train,1,1327,self,1.0,0,90,,
2025-11-27T00:32:16.884088+00:00,train,1,1328,self,1.0,0,99,,
2025-11-27T00:32:16.884197+00:00,train,1,1329,self,1.0,0,93,,
2025-11-27T00:32:16.884307+00:00,train,1,1330,self,1.0,0,94,,
2025-11-27T00:32:16.884416+00:00,train,1,1331,self,1.0,0,94,,
2025-11-27T00:32:16.884530+00:00,train,1,1332,self,1.0,0,99,,
2025-11-27T00:32:16.884639+00:00,train,1,1333,self,1.0,0,98,,
2025-11-27T00:32:16.884748+00:00,train,1,1334,self,1.0,0,99,,
2025-11-27T00:32:16.884857+00:00,train,1,1335,self,1.0,0,95,,
2025-11-27T00:32:16.884967+00:00,train,1,1336,self,1.0,0,98,,
2025-11-27T00:32:16.885076+00:00,train,1,1337,self,1.0,0,89,,
2025-11-27T00:32:16.885185+00:00,train,1,1338,self,1.0,0,93,,
2025-11-27T00:32:16.885293+00:00,train,1,1339,self,1.0,0,90,,
2025-11-27T00:32:16.885407+00:00,train,1,1340,self,1.0,0,100,,
2025-11-27T00:32:16.885516+00:00,train,1,1341,self,1.0,0,95,,
2025-11-27T00:32:16.885625+00:00,train,1,1342,self,1.0,0,99,,
2025-11-27T00:32:16.885734+00:00,train,1,1343,self,1.0,0,91,,
2025-11-27T00:32:16.885843+00:00,train,1,1344,self,1.0,0,93,,
2025-11-27T00:32:16.885952+00:00,train,1,1345,self,1.0,0,91,,
2025-11-27T00:32:16.886061+00:00,train,1,1346,self,1.0,0,99,,
2025-11-27T00:32:16.886170+00:00,train,1,1347,self,1.0,0,95,,
2025-11-27T00:32:16.886284+00:00,train,1,1348,self,1.0,0,96,,
2025-11-27T00:32:16.886396+00:00,train,1,1349,self,1.0,0,99,,
2025-11-27T00:32:16.886505+00:00,train,1,1350,self,1.0,0,100,,
2025-11-27T00:32:16.886614+00:00,train,1,1351,self,1.0,0,94,,
2025-11-27T00:32:16.886818+00:00,train,1,1352,self,1.0,0,99,,
2025-11-27T00:32:16.886926+00:00,train,1,1353,self,1.0,0,91,,
2025-11-27T00:32:16.887036+00:00,train,1,1354,self,1.0,0,97,,
2025-11-27T00:32:16.887145+00:00,train,1,1355,self,1.0,0,88,,
2025-11-27T00:32:16.887258+00:00,train,1,1356,self,1.0,0,89,,
2025-11-27T00:32:16.887367+00:00,train,1,1357,self,1.0,0,89,,
2025-11-27T00:32:16.887476+00:00,train,1,1358,self,1.0,0,95,,
2025-11-27T00:32:16.887584+00:00,train,1,1359,self,1.0,0,91,,
2025-11-27T00:32:16.887692+00:00,train,1,1360,self,1.0,0,94,,
2025-11-27T00:32:16.887803+00:00,train,1,1361,self,1.0,0,93,,
2025-11-27T00:32:16.887913+00:00,train,1,1362,self,1.0,0,95,,
2025-11-27T00:32:16.888023+00:00,train,1,1363,self,1.0,0,95,,
2025-11-27T00:32:16.888136+00:00,train,1,1364,self,1.0,0,100,,
2025-11-27T00:32:16.888244+00:00,train,1,1365,self,1.0,0,95,,
2025-11-27T00:32:16.888353+00:00,train,1,1366,self,1.0,0,98,,
2025-11-27T00:32:16.888461+00:00,train,1,1367,self,1.0,0,93,,
2025-11-27T00:32:16.888569+00:00,train,1,1368,self,1.0,0,97,,
2025-11-27T00:32:16.888678+00:00,train,1,1369,self,1.0,0,97,,
2025-11-27T00:32:16.888786+00:00,train,1,1370,self,1.0,0,100,,
2025-11-27T00:32:16.888895+00:00,train,1,1371,self,1.0,0,81,,
2025-11-27T00:32:16.889010+00:00,train,1,1372,self,1.0,0,99,,
2025-11-27T00:32:16.889119+00:00,train,1,1373,self,1.0,0,93,,
2025-11-27T00:32:16.889227+00:00,train,1,1374,self,1.0,0,99,,
2025-11-27T00:32:16.889336+00:00,train,1,1375,self,1.0,0,93,,
2025-11-27T00:32:16.889445+00:00,train,1,1376,self,1.0,0,100,,
2025-11-27T00:32:16.889554+00:00,train,1,1377,self,1.0,0,96,,
2025-11-27T00:32:16.889665+00:00,train,1,1378,self,1.0,0,97,,
2025-11-27T00:32:16.889774+00:00,train,1,1379,self,1.0,0,96,,
2025-11-27T00:32:16.889887+00:00,train,1,1380,self,1.0,0,99,,
2025-11-27T00:32:16.889996+00:00,train,1,1381,self,1.0,0,88,,
2025-11-27T00:32:16.890104+00:00,train,1,1382,self,1.0,0,97,,
2025-11-27T00:32:16.890213+00:00,train,1,1383,self,1.0,0,98,,
2025-11-27T00:32:16.890321+00:00,train,1,1384,self,1.0,0,99,,
2025-11-27T00:32:16.890429+00:00,train,1,1385,self,1.0,0,97,,
2025-11-27T00:32:16.890539+00:00,train,1,1386,self,1.0,0,98,,
2025-11-27T00:32:16.890648+00:00,train,1,1387,self,1.0,0,95,,
2025-11-27T00:32:16.890762+00:00,train,1,1388,self,1.0,0,96,,
2025-11-27T00:32:16.890870+00:00,train,1,1389,self,1.0,0,91,,
2025-11-27T00:32:16.890978+00:00,train,1,1390,self,1.0,0,95,,
2025-11-27T00:32:16.891087+00:00,train,1,1391,self,1.0,0,87,,
2025-11-27T00:32:16.891196+00:00,train,1,1392,self,1.0,0,98,,
2025-11-27T00:32:16.891305+00:00,train,1,1393,self,1.0,0,96,,
2025-11-27T00:32:16.891413+00:00,train,1,1394,self,1.0,0,98,,
2025-11-27T00:32:16.891522+00:00,train,1,1395,self,1.0,0,94,,
2025-11-27T00:32:16.891636+00:00,train,1,1396,self,1.0,0,97,,
2025-11-27T00:32:16.891745+00:00,train,1,1397,self,1.0,0,95,,
2025-11-27T00:32:16.891853+00:00,train,1,1398,self,1.0,0,100,,
2025-11-27T00:32:16.891962+00:00,train,1,1399,self,1.0,0,89,,
2025-11-27T00:32:16.892070+00:00,train,1,1400,self,1.0,0,98,,
2025-11-27T00:32:16.892179+00:00,train,1,1401,self,1.0,0,93,,
2025-11-27T00:32:16.892288+00:00,train,1,1402,self,1.0,0,96,,
2025-11-27T00:32:16.892396+00:00,train,1,1403,self,1.0,0,95,,
2025-11-27T00:32:16.892510+00:00,train,1,1404,self,1.0,0,99,,
2025-11-27T00:32:16.892619+00:00,train,1,1405,self,1.0,0,97,,
2025-11-27T00:32:16.892727+00:00,train,1,1406,self,1.0,0,99,,
2025-11-27T00:32:16.892837+00:00,train,1,1407,self,1.0,0,93,,
2025-11-27T00:32:16.892990+00:00,train,1,1408,self,1.0,0,98,,
2025-11-27T00:32:16.893098+00:00,train,1,1409,self,1.0,0,100,,
2025-11-27T00:32:16.893207+00:00,train,1,1410,self,1.0,0,100,,
2025-11-27T00:32:16.893316+00:00,train,1,1411,self,1.0,0,96,,
2025-11-27T00:32:16.893429+00:00,train,1,1412,self,1.0,0,97,,
2025-11-27T00:32:16.893538+00:00,train,1,1413,self,1.0,0,93,,
2025-11-27T00:32:16.893647+00:00,train,1,1414,self,1.0,0,99,,
2025-11-27T00:32:16.893755+00:00,train,1,1415,self,1.0,0,79,,
2025-11-27T00:32:16.893864+00:00,train,1,1416,self,1.0,0,92,,
2025-11-27T00:32:16.893973+00:00,train,1,1417,self,1.0,0,93,,
2025-11-27T00:32:16.894081+00:00,train,1,1418,self,1.0,0,93,,
2025-11-27T00:32:16.894189+00:00,train,1,1419,self,1.0,0,96,,
2025-11-27T00:32:16.894302+00:00,train,1,1420,self,1.0,0,100,,
2025-11-27T00:32:16.894410+00:00,train,1,1421,self,1.0,0,94,,
2025-11-27T00:32:16.894518+00:00,train,1,1422,self,1.0,0,94,,
2025-11-27T00:32:16.894627+00:00,train,1,1423,self,1.0,0,93,,
2025-11-27T00:32:16.894735+00:00,train,1,1424,self,1.0,0,100,,
2025-11-27T00:32:16.894844+00:00,train,1,1425,self,1.0,0,95,,
2025-11-27T00:32:16.894953+00:00,train,1,1426,self,1.0,0,99,,
2025-11-27T00:32:16.895062+00:00,train,1,1427,self,1.0,0,95,,
2025-11-27T00:32:16.895176+00:00,train,1,1428,self,1.0,0,100,,
2025-11-27T00:32:16.895285+00:00,train,1,1429,self,1.0,0,100,,
2025-11-27T00:32:16.895394+00:00,train,1,1430,self,1.0,0,100,,
2025-11-27T00:32:16.895502+00:00,train,1,1431,self,1.0,0,97,,
2025-11-27T00:32:16.895611+00:00,train,1,1432,self,1.0,0,98,,
2025-11-27T00:32:16.895720+00:00,train,1,1433,self,1.0,0,87,,
2025-11-27T00:32:16.895828+00:00,train,1,1434,self,1.0,0,100,,
2025-11-27T00:32:16.895937+00:00,train,1,1435,self,1.0,0,97,,
2025-11-27T00:32:16.896052+00:00,train,1,1436,self,1.0,0,100,,
2025-11-27T00:32:16.896160+00:00,train,1,1437,self,1.0,0,93,,
2025-11-27T00:32:16.896269+00:00,train,1,1438,self,1.0,0,99,,
2025-11-27T00:32:16.896380+00:00,train,1,1439,self,1.0,0,98,,
2025-11-27T00:32:16.896488+00:00,train,1,1440,self,1.0,0,98,,
2025-11-27T00:32:16.896597+00:00,train,1,1441,self,1.0,0,99,,
2025-11-27T00:32:16.896706+00:00,train,1,1442,self,1.0,0,100,,
2025-11-27T00:32:16.896933+00:00,train,1,1443,self,1.0,0,94,,
2025-11-27T00:32:16.897102+00:00,train,1,1444,self,1.0,0,100,,
2025-11-27T00:32:16.897233+00:00,train,1,1445,self,1.0,0,95,,
2025-11-27T00:32:16.897357+00:00,train,1,1446,self,1.0,0,96,,
2025-11-27T00:32:16.897478+00:00,train,1,1447,self,1.0,0,92,,
2025-11-27T00:32:16.897597+00:00,train,1,1448,self,1.0,0,99,,
2025-11-27T00:32:16.897715+00:00,train,1,1449,self,1.0,0,87,,
2025-11-27T00:32:16.897840+00:00,train,1,1450,self,1.0,0,98,,
2025-11-27T00:32:16.897961+00:00,train,1,1451,self,1.0,0,92,,
2025-11-27T00:32:16.898180+00:00,train,1,1452,self,1.0,0,96,,
2025-11-27T00:32:16.898299+00:00,train,1,1453,self,1.0,0,97,,
2025-11-27T00:32:16.898419+00:00,train,1,1454,self,1.0,0,98,,
2025-11-27T00:32:16.898535+00:00,train,1,1455,self,1.0,0,97,,
2025-11-27T00:32:16.898651+00:00,train,1,1456,self,1.0,0,97,,
2025-11-27T00:32:16.898767+00:00,train,1,1457,self,1.0,0,99,,
2025-11-27T00:32:16.898885+00:00,train,1,1458,self,1.0,0,100,,
2025-11-27T00:32:16.899002+00:00,train,1,1459,self,1.0,0,93,,
2025-11-27T00:32:16.899124+00:00,train,1,1460,self,1.0,0,96,,
2025-11-27T00:32:16.899240+00:00,train,1,1461,self,1.0,0,100,,
2025-11-27T00:32:16.899354+00:00,train,1,1462,self,1.0,0,100,,
2025-11-27T00:32:16.899470+00:00,train,1,1463,self,1.0,0,100,,
2025-11-27T00:32:16.899587+00:00,train,1,1464,self,1.0,0,100,,
2025-11-27T00:32:16.899703+00:00,train,1,1465,self,1.0,0,87,,
2025-11-27T00:32:16.899818+00:00,train,1,1466,self,1.0,0,99,,
2025-11-27T00:32:16.899932+00:00,train,1,1467,self,1.0,0,100,,
2025-11-27T00:32:16.900053+00:00,train,1,1468,self,1.0,0,100,,
2025-11-27T00:32:16.900168+00:00,train,1,1469,self,1.0,0,92,,
2025-11-27T00:32:16.900283+00:00,train,1,1470,self,1.0,0,96,,
2025-11-27T00:32:16.900399+00:00,train,1,1471,self,1.0,0,97,,
2025-11-27T00:32:16.900514+00:00,train,1,1472,self,1.0,0,97,,
2025-11-27T00:32:16.900630+00:00,train,1,1473,self,1.0,0,96,,
2025-11-27T00:32:16.900745+00:00,train,1,1474,self,1.0,0,99,,
2025-11-27T00:32:16.900860+00:00,train,1,1475,self,1.0,0,91,,
2025-11-27T00:32:16.900981+00:00,train,1,1476,self,1.0,0,97,,
2025-11-27T00:32:16.901096+00:00,train,1,1477,self,1.0,0,85,,
2025-11-27T00:32:16.901211+00:00,train,1,1478,self,1.0,0,100,,
2025-11-27T00:32:16.901327+00:00,train,1,1479,self,1.0,0,88,,
2025-11-27T00:32:16.901442+00:00,train,1,1480,self,1.0,0,96,,
2025-11-27T00:32:16.901557+00:00,train,1,1481,self,1.0,0,91,,
2025-11-27T00:32:16.901671+00:00,train,1,1482,self,1.0,0,96,,
2025-11-27T00:32:16.901786+00:00,train,1,1483,self,1.0,0,95,,
2025-11-27T00:32:16.901906+00:00,train,1,1484,self,1.0,0,100,,
2025-11-27T00:32:16.902022+00:00,train,1,1485,self,1.0,0,98,,
2025-11-27T00:32:16.902138+00:00,train,1,1486,self,1.0,0,100,,
2025-11-27T00:32:16.902253+00:00,train,1,1487,self,1.0,0,93,,
2025-11-27T00:32:16.902368+00:00,train,1,1488,self,1.0,0,98,,
2025-11-27T00:32:16.902482+00:00,train,1,1489,self,1.0,0,96,,
2025-11-27T00:32:16.902597+00:00,train,1,1490,self,1.0,0,97,,
2025-11-27T00:32:16.902713+00:00,train,1,1491,self,1.0,0,93,,
2025-11-27T00:32:16.902833+00:00,train,1,1492,self,1.0,0,96,,
2025-11-27T00:32:16.902948+00:00,train,1,1493,self,1.0,0,98,,
2025-11-27T00:32:16.903063+00:00,train,1,1494,self,1.0,0,99,,
2025-11-27T00:32:16.903179+00:00,train,1,1495,self,1.0,0,96,,
2025-11-27T00:32:16.903294+00:00,train,1,1496,self,1.0,0,100,,
2025-11-27T00:32:16.903410+00:00,train,1,1497,self,1.0,0,97,,
2025-11-27T00:32:16.903525+00:00,train,1,1498,self,1.0,0,99,,
2025-11-27T00:32:16.903641+00:00,train,1,1499,self,1.0,0,97,,
2025-11-27T00:32:16.903763+00:00,train,1,1500,self,1.0,0,98,,
2025-11-27T00:32:16.903879+00:00,train,1,1501,self,1.0,0,89,,
2025-11-27T00:32:16.903994+00:00,train,1,1502,self,1.0,0,99,,
2025-11-27T00:32:16.904110+00:00,train,1,1503,self,1.0,0,92,,
2025-11-27T00:32:16.904226+00:00,train,1,1504,self,1.0,0,100,,
2025-11-27T00:32:16.904341+00:00,train,1,1505,self,1.0,0,98,,
2025-11-27T00:32:16.904457+00:00,train,1,1506,self,1.0,0,99,,
2025-11-27T00:32:16.904572+00:00,train,1,1507,self,1.0,0,96,,
2025-11-27T00:32:16.904694+00:00,train,1,1508,self,1.0,0,100,,
2025-11-27T00:32:16.904809+00:00,train,1,1509,self,1.0,0,98,,
2025-11-27T00:32:16.904925+00:00,train,1,1510,self,1.0,0,99,,
2025-11-27T00:32:16.905040+00:00,train,1,1511,self,1.0,0,95,,
2025-11-27T00:32:16.905155+00:00,train,1,1512,self,1.0,0,100,,
2025-11-27T00:32:16.905270+00:00,train,1,1513,self,1.0,0,91,,
2025-11-27T00:32:16.905386+00:00,train,1,1514,self,1.0,0,94,,
2025-11-27T00:32:16.905502+00:00,train,1,1515,self,1.0,0,98,,
2025-11-27T00:32:16.905621+00:00,train,1,1516,self,1.0,0,100,,
2025-11-27T00:32:16.905737+00:00,train,1,1517,self,1.0,0,89,,
2025-11-27T00:32:16.905851+00:00,train,1,1518,self,1.0,0,91,,
2025-11-27T00:32:16.905966+00:00,train,1,1519,self,1.0,0,96,,
2025-11-27T00:32:16.906082+00:00,train,1,1520,self,1.0,0,100,,
2025-11-27T00:32:16.906197+00:00,train,1,1521,self,1.0,0,95,,
2025-11-27T00:32:16.906313+00:00,train,1,1522,self,1.0,0,99,,
2025-11-27T00:32:16.906429+00:00,train,1,1523,self,1.0,0,93,,
2025-11-27T00:32:16.906547+00:00,train,1,1524,self,1.0,0,98,,
2025-11-27T00:32:16.906663+00:00,train,1,1525,self,1.0,0,88,,
2025-11-27T00:32:16.906781+00:00,train,1,1526,self,1.0,0,99,,
2025-11-27T00:32:16.906901+00:00,train,1,1527,self,1.0,0,90,,
2025-11-27T00:32:16.907017+00:00,train,1,1528,self,1.0,0,96,,
2025-11-27T00:32:16.907250+00:00,train,1,1529,self,1.0,0,98,,
2025-11-27T00:32:16.907408+00:00,train,1,1530,self,1.0,0,100,,
2025-11-27T00:32:16.907538+00:00,train,1,1531,self,1.0,0,98,,
2025-11-27T00:32:16.907657+00:00,train,1,1532,self,1.0,0,100,,
2025-11-27T00:32:16.907773+00:00,train,1,1533,self,1.0,0,96,,
2025-11-27T00:32:16.907888+00:00,train,1,1534,self,1.0,0,98,,
2025-11-27T00:32:16.908000+00:00,train,1,1535,self,1.0,0,94,,
2025-11-27T00:32:16.908112+00:00,train,1,1536,self,1.0,0,98,,
2025-11-27T00:32:16.908222+00:00,train,1,1537,self,1.0,0,90,,
2025-11-27T00:32:16.908375+00:00,train,1,1538,self,1.0,0,98,,
2025-11-27T00:32:16.908492+00:00,train,1,1539,self,1.0,0,96,,
2025-11-27T00:32:16.908602+00:00,train,1,1540,self,1.0,0,99,,
2025-11-27T00:32:16.908711+00:00,train,1,1541,self,1.0,0,84,,
2025-11-27T00:32:16.908820+00:00,train,1,1542,self,1.0,0,93,,
2025-11-27T00:32:16.908930+00:00,train,1,1543,self,1.0,0,94,,
2025-11-27T00:32:16.909042+00:00,train,1,1544,self,1.0,0,95,,
2025-11-27T00:32:16.909154+00:00,train,1,1545,self,1.0,0,90,,
2025-11-27T00:32:16.909264+00:00,train,1,1546,self,1.0,0,95,,
2025-11-27T00:32:16.909380+00:00,train,1,1547,self,1.0,0,94,,
2025-11-27T00:32:16.909490+00:00,train,1,1548,self,1.0,0,100,,
2025-11-27T00:32:16.909600+00:00,train,1,1549,self,1.0,0,97,,
2025-11-27T00:32:16.909711+00:00,train,1,1550,self,1.0,0,98,,
2025-11-27T00:32:16.909821+00:00,train,1,1551,self,1.0,0,86,,
2025-11-27T00:32:16.909930+00:00,train,1,1552,self,1.0,0,96,,
2025-11-27T00:32:16.910039+00:00,train,1,1553,self,1.0,0,95,,
2025-11-27T00:32:16.910148+00:00,train,1,1554,self,1.0,0,100,,
2025-11-27T00:32:16.910263+00:00,train,1,1555,self,1.0,0,95,,
2025-11-27T00:32:16.910371+00:00,train,1,1556,self,1.0,0,99,,
2025-11-27T00:32:16.910481+00:00,train,1,1557,self,1.0,0,95,,
2025-11-27T00:32:16.910590+00:00,train,1,1558,self,1.0,0,100,,
2025-11-27T00:32:16.910699+00:00,train,1,1559,self,1.0,0,93,,
2025-11-27T00:32:16.910808+00:00,train,1,1560,self,1.0,0,94,,
2025-11-27T00:32:16.910917+00:00,train,1,1561,self,1.0,0,97,,
2025-11-27T00:32:16.911026+00:00,train,1,1562,self,1.0,0,99,,
2025-11-27T00:32:16.911140+00:00,train,1,1563,self,1.0,0,100,,
2025-11-27T00:32:16.911248+00:00,train,1,1564,self,1.0,0,100,,
2025-11-27T00:32:16.911357+00:00,train,1,1565,self,1.0,0,99,,
2025-11-27T00:32:16.911465+00:00,train,1,1566,self,1.0,0,100,,
2025-11-27T00:32:16.911574+00:00,train,1,1567,self,1.0,0,95,,
2025-11-27T00:32:16.911682+00:00,train,1,1568,self,1.0,0,99,,
2025-11-27T00:32:16.911792+00:00,train,1,1569,self,1.0,0,99,,
2025-11-27T00:32:16.911901+00:00,train,1,1570,self,1.0,0,100,,
2025-11-27T00:32:16.912015+00:00,train,1,1571,self,1.0,0,75,,
2025-11-27T00:32:16.912124+00:00,train,1,1572,self,1.0,0,97,,
2025-11-27T00:32:16.912236+00:00,train,1,1573,self,1.0,0,99,,
2025-11-27T00:32:16.912344+00:00,train,1,1574,self,1.0,0,100,,
2025-11-27T00:32:16.912453+00:00,train,1,1575,self,1.0,0,97,,
2025-11-27T00:32:16.912562+00:00,train,1,1576,self,1.0,0,100,,
2025-11-27T00:32:16.912671+00:00,train,1,1577,self,1.0,0,94,,
2025-11-27T00:32:16.912780+00:00,train,1,1578,self,1.0,0,97,,
2025-11-27T00:32:16.912894+00:00,train,1,1579,self,1.0,0,91,,
2025-11-27T00:32:16.913003+00:00,train,1,1580,self,1.0,0,96,,
2025-11-27T00:32:16.913112+00:00,train,1,1581,self,1.0,0,88,,
2025-11-27T00:32:16.913222+00:00,train,1,1582,self,1.0,0,96,,
2025-11-27T00:32:16.913332+00:00,train,1,1583,self,1.0,0,99,,
2025-11-27T00:32:16.913441+00:00,train,1,1584,self,1.0,0,100,,
2025-11-27T00:32:16.913550+00:00,train,1,1585,self,1.0,0,95,,
2025-11-27T00:32:16.913659+00:00,train,1,1586,self,1.0,0,100,,
2025-11-27T00:32:16.913773+00:00,train,1,1587,self,1.0,0,92,,
2025-11-27T00:32:16.913882+00:00,train,1,1588,self,1.0,0,98,,
2025-11-27T00:32:16.913991+00:00,train,1,1589,self,1.0,0,90,,
2025-11-27T00:32:16.914099+00:00,train,1,1590,self,1.0,0,99,,
2025-11-27T00:32:16.914208+00:00,train,1,1591,self,1.0,0,89,,
2025-11-27T00:32:16.914317+00:00,train,1,1592,self,1.0,0,90,,
2025-11-27T00:32:16.914473+00:00,train,1,1593,self,1.0,0,99,,
2025-11-27T00:32:16.914582+00:00,train,1,1594,self,1.0,0,100,,
2025-11-27T00:32:16.914695+00:00,train,1,1595,self,1.0,0,91,,
2025-11-27T00:32:16.914804+00:00,train,1,1596,self,1.0,0,99,,
2025-11-27T00:32:16.914912+00:00,train,1,1597,self,1.0,0,98,,
2025-11-27T00:32:16.915020+00:00,train,1,1598,self,1.0,0,99,,
2025-11-27T00:32:16.915129+00:00,train,1,1599,self,1.0,0,100,,
2025-11-27T00:32:16.915238+00:00,train,1,1600,self,1.0,0,100,,
2025-11-27T00:32:16.915347+00:00,train,1,1601,self,1.0,0,91,,
2025-11-27T00:32:16.915456+00:00,train,1,1602,self,1.0,0,100,,
2025-11-27T00:32:16.915570+00:00,train,1,1603,self,1.0,0,92,,
2025-11-27T00:32:16.915679+00:00,train,1,1604,self,1.0,0,96,,
2025-11-27T00:32:16.915787+00:00,train,1,1605,self,1.0,0,77,,
2025-11-27T00:32:16.915896+00:00,train,1,1606,self,1.0,0,98,,
2025-11-27T00:32:16.916004+00:00,train,1,1607,self,1.0,0,98,,
2025-11-27T00:32:16.916112+00:00,train,1,1608,self,1.0,0,99,,
2025-11-27T00:32:16.916221+00:00,train,1,1609,self,1.0,0,98,,
2025-11-27T00:32:16.916330+00:00,train,1,1610,self,1.0,0,100,,
2025-11-27T00:32:16.916444+00:00,train,1,1611,self,1.0,0,94,,
2025-11-27T00:32:16.916553+00:00,train,1,1612,self,1.0,0,98,,
2025-11-27T00:32:16.916687+00:00,train,1,1613,self,1.0,0,98,,
2025-11-27T00:32:16.916811+00:00,train,1,1614,self,1.0,0,100,,
2025-11-27T00:32:16.917007+00:00,train,1,1615,self,1.0,0,80,,
2025-11-27T00:32:16.917169+00:00,train,1,1616,self,1.0,0,100,,
2025-11-27T00:32:16.917322+00:00,train,1,1617,self,1.0,0,97,,
2025-11-27T00:32:16.917569+00:00,train,1,1618,self,1.0,0,100,,
2025-11-27T00:32:16.917712+00:00,train,1,1619,self,1.0,0,90,,
2025-11-27T00:32:16.917835+00:00,train,1,1620,self,1.0,0,98,,
2025-11-27T00:32:16.917952+00:00,train,1,1621,self,1.0,0,92,,
2025-11-27T00:32:16.918068+00:00,train,1,1622,self,1.0,0,98,,
2025-11-27T00:32:16.918181+00:00,train,1,1623,self,1.0,0,93,,
2025-11-27T00:32:16.918293+00:00,train,1,1624,self,1.0,0,99,,
2025-11-27T00:32:16.918404+00:00,train,1,1625,self,1.0,0,99,,
2025-11-27T00:32:16.918519+00:00,train,1,1626,self,1.0,0,100,,
2025-11-27T00:32:16.918661+00:00,train,1,1627,self,1.0,0,91,,
2025-11-27T00:32:16.918824+00:00,train,1,1628,self,1.0,0,100,,
2025-11-27T00:32:16.918935+00:00,train,1,1629,self,1.0,0,94,,
2025-11-27T00:32:16.919165+00:00,train,1,1630,self,1.0,0,97,,
2025-11-27T00:32:16.919312+00:00,train,1,1631,self,1.0,0,97,,
2025-11-27T00:32:16.919444+00:00,train,1,1632,self,1.0,0,98,,
2025-11-27T00:32:16.919570+00:00,train,1,1633,self,1.0,0,91,,
2025-11-27T00:32:16.919699+00:00,train,1,1634,self,1.0,0,95,,
2025-11-27T00:32:16.919821+00:00,train,1,1635,self,1.0,0,94,,
2025-11-27T00:32:16.919942+00:00,train,1,1636,self,1.0,0,99,,
2025-11-27T00:32:16.920062+00:00,train,1,1637,self,1.0,0,94,,
2025-11-27T00:32:16.920183+00:00,train,1,1638,self,1.0,0,94,,
2025-11-27T00:32:16.920301+00:00,train,1,1639,self,1.0,0,81,,
2025-11-27T00:32:16.920419+00:00,train,1,1640,self,1.0,0,99,,
2025-11-27T00:32:16.920537+00:00,train,1,1641,self,1.0,0,96,,
2025-11-27T00:32:16.920660+00:00,train,1,1642,self,1.0,0,99,,
2025-11-27T00:32:16.920777+00:00,train,1,1643,self,1.0,0,99,,
2025-11-27T00:32:16.920894+00:00,train,1,1644,self,1.0,0,99,,
2025-11-27T00:32:16.921011+00:00,train,1,1645,self,1.0,0,100,,
2025-11-27T00:32:16.921129+00:00,train,1,1646,self,1.0,0,100,,
2025-11-27T00:32:16.921247+00:00,train,1,1647,self,1.0,0,89,,
2025-11-27T00:32:16.921365+00:00,train,1,1648,self,1.0,0,100,,
2025-11-27T00:32:16.921482+00:00,train,1,1649,self,1.0,0,90,,
2025-11-27T00:32:16.921603+00:00,train,1,1650,self,1.0,0,94,,
2025-11-27T00:32:16.921719+00:00,train,1,1651,self,1.0,0,92,,
2025-11-27T00:32:16.921836+00:00,train,1,1652,self,1.0,0,96,,
2025-11-27T00:32:16.921953+00:00,train,1,1653,self,1.0,0,95,,
2025-11-27T00:32:16.922069+00:00,train,1,1654,self,1.0,0,100,,
2025-11-27T00:32:16.922185+00:00,train,1,1655,self,1.0,0,95,,
2025-11-27T00:32:16.922302+00:00,train,1,1656,self,1.0,0,100,,
2025-11-27T00:32:16.922419+00:00,train,1,1657,self,1.0,0,87,,
2025-11-27T00:32:16.922541+00:00,train,1,1658,self,1.0,0,98,,
2025-11-27T00:32:16.922657+00:00,train,1,1659,self,1.0,0,96,,
2025-11-27T00:32:16.922773+00:00,train,1,1660,self,1.0,0,98,,
2025-11-27T00:32:16.922890+00:00,train,1,1661,self,1.0,0,98,,
2025-11-27T00:32:16.923008+00:00,train,1,1662,self,1.0,0,99,,
2025-11-27T00:32:16.923124+00:00,train,1,1663,self,1.0,0,95,,
2025-11-27T00:32:16.923241+00:00,train,1,1664,self,1.0,0,98,,
2025-11-27T00:32:16.923357+00:00,train,1,1665,self,1.0,0,84,,
2025-11-27T00:32:16.923479+00:00,train,1,1666,self,1.0,0,98,,
2025-11-27T00:32:16.923595+00:00,train,1,1667,self,1.0,0,97,,
2025-11-27T00:32:16.923711+00:00,train,1,1668,self,1.0,0,100,,
2025-11-27T00:32:16.923827+00:00,train,1,1669,self,1.0,0,100,,
2025-11-27T00:32:16.923942+00:00,train,1,1670,self,1.0,0,100,,
2025-11-27T00:32:16.924058+00:00,train,1,1671,self,1.0,0,94,,
2025-11-27T00:32:16.924174+00:00,train,1,1672,self,1.0,0,100,,
2025-11-27T00:32:16.924290+00:00,train,1,1673,self,1.0,0,80,,
2025-11-27T00:32:16.924410+00:00,train,1,1674,self,1.0,0,99,,
2025-11-27T00:32:16.924527+00:00,train,1,1675,self,1.0,0,95,,
2025-11-27T00:32:16.924642+00:00,train,1,1676,self,1.0,0,97,,
2025-11-27T00:32:16.924759+00:00,train,1,1677,self,1.0,0,77,,
2025-11-27T00:32:16.924875+00:00,train,1,1678,self,1.0,0,92,,
2025-11-27T00:32:16.924991+00:00,train,1,1679,self,1.0,0,94,,
2025-11-27T00:32:16.925107+00:00,train,1,1680,self,1.0,0,97,,
2025-11-27T00:32:16.925223+00:00,train,1,1681,self,1.0,0,100,,
2025-11-27T00:32:16.925347+00:00,train,1,1682,self,1.0,0,100,,
2025-11-27T00:32:16.925464+00:00,train,1,1683,self,1.0,0,93,,
2025-11-27T00:32:16.925580+00:00,train,1,1684,self,1.0,0,93,,
2025-11-27T00:32:16.925698+00:00,train,1,1685,self,1.0,0,96,,
2025-11-27T00:32:16.925814+00:00,train,1,1686,self,1.0,0,99,,
2025-11-27T00:32:16.925930+00:00,train,1,1687,self,1.0,0,94,,
2025-11-27T00:32:16.926046+00:00,train,1,1688,self,1.0,0,95,,
2025-11-27T00:32:16.926168+00:00,train,1,1689,self,1.0,0,96,,
2025-11-27T00:32:16.926284+00:00,train,1,1690,self,1.0,0,98,,
2025-11-27T00:32:16.926399+00:00,train,1,1691,self,1.0,0,94,,
2025-11-27T00:32:16.926515+00:00,train,1,1692,self,1.0,0,100,,
2025-11-27T00:32:16.926631+00:00,train,1,1693,self,1.0,0,90,,
2025-11-27T00:32:16.926746+00:00,train,1,1694,self,1.0,0,93,,
2025-11-27T00:32:16.926861+00:00,train,1,1695,self,1.0,0,94,,
2025-11-27T00:32:16.926977+00:00,train,1,1696,self,1.0,0,98,,
2025-11-27T00:32:16.927097+00:00,train,1,1697,self,1.0,0,93,,
2025-11-27T00:32:16.927215+00:00,train,1,1698,self,1.0,0,100,,
2025-11-27T00:32:16.927331+00:00,train,1,1699,self,1.0,0,93,,
2025-11-27T00:32:16.927450+00:00,train,1,1700,self,1.0,0,96,,
2025-11-27T00:32:16.927567+00:00,train,1,1701,self,1.0,0,92,,
2025-11-27T00:32:16.927685+00:00,train,1,1702,self,1.0,0,100,,
2025-11-27T00:32:16.927875+00:00,train,1,1703,self,1.0,0,97,,
2025-11-27T00:32:16.928037+00:00,train,1,1704,self,1.0,0,99,,
2025-11-27T00:32:16.928159+00:00,train,1,1705,self,1.0,0,92,,
2025-11-27T00:32:16.928277+00:00,train,1,1706,self,1.0,0,99,,
2025-11-27T00:32:16.928393+00:00,train,1,1707,self,1.0,0,92,,
2025-11-27T00:32:16.928508+00:00,train,1,1708,self,1.0,0,93,,
2025-11-27T00:32:16.928625+00:00,train,1,1709,self,1.0,0,99,,
2025-11-27T00:32:16.928740+00:00,train,1,1710,self,1.0,0,100,,
2025-11-27T00:32:16.928856+00:00,train,1,1711,self,1.0,0,96,,
2025-11-27T00:32:16.928973+00:00,train,1,1712,self,1.0,0,96,,
2025-11-27T00:32:16.929099+00:00,train,1,1713,self,1.0,0,93,,
2025-11-27T00:32:16.929216+00:00,train,1,1714,self,1.0,0,100,,
2025-11-27T00:32:16.929333+00:00,train,1,1715,self,1.0,0,93,,
2025-11-27T00:32:16.929450+00:00,train,1,1716,self,1.0,0,98,,
2025-11-27T00:32:16.929604+00:00,train,1,1717,self,1.0,0,94,,
2025-11-27T00:32:16.929721+00:00,train,1,1718,self,1.0,0,94,,
2025-11-27T00:32:16.929837+00:00,train,1,1719,self,1.0,0,83,,
2025-11-27T00:32:16.929951+00:00,train,1,1720,self,1.0,0,100,,
2025-11-27T00:32:16.930072+00:00,train,1,1721,self,1.0,0,98,,
2025-11-27T00:32:16.930187+00:00,train,1,1722,self,1.0,0,99,,
2025-11-27T00:32:16.930303+00:00,train,1,1723,self,1.0,0,98,,
2025-11-27T00:32:16.930419+00:00,train,1,1724,self,1.0,0,100,,
2025-11-27T00:32:16.930535+00:00,train,1,1725,self,1.0,0,97,,
2025-11-27T00:32:16.930650+00:00,train,1,1726,self,1.0,0,99,,
2025-11-27T00:32:16.930766+00:00,train,1,1727,self,1.0,0,97,,
2025-11-27T00:32:16.930882+00:00,train,1,1728,self,1.0,0,98,,
2025-11-27T00:32:16.931004+00:00,train,1,1729,self,1.0,0,92,,
2025-11-27T00:32:16.931120+00:00,train,1,1730,self,1.0,0,96,,
2025-11-27T00:32:16.931236+00:00,train,1,1731,self,1.0,0,97,,
2025-11-27T00:32:16.931352+00:00,train,1,1732,self,1.0,0,100,,
2025-11-27T00:32:16.931468+00:00,train,1,1733,self,1.0,0,96,,
2025-11-27T00:32:16.931584+00:00,train,1,1734,self,1.0,0,97,,
2025-11-27T00:32:16.931700+00:00,train,1,1735,self,1.0,0,99,,
2025-11-27T00:32:16.931816+00:00,train,1,1736,self,1.0,0,100,,
2025-11-27T00:32:16.931938+00:00,train,1,1737,self,1.0,0,96,,
2025-11-27T00:32:16.932054+00:00,train,1,1738,self,1.0,0,100,,
2025-11-27T00:32:16.932170+00:00,train,1,1739,self,1.0,0,95,,
2025-11-27T00:32:16.932286+00:00,train,1,1740,self,1.0,0,100,,
2025-11-27T00:32:16.932402+00:00,train,1,1741,self,1.0,0,94,,
2025-11-27T00:32:16.932519+00:00,train,1,1742,self,1.0,0,99,,
2025-11-27T00:32:16.932635+00:00,train,1,1743,self,1.0,0,97,,
2025-11-27T00:32:16.932752+00:00,train,1,1744,self,1.0,0,99,,
2025-11-27T00:32:16.932873+00:00,train,1,1745,self,1.0,0,88,,
2025-11-27T00:32:16.932989+00:00,train,1,1746,self,1.0,0,99,,
2025-11-27T00:32:16.933105+00:00,train,1,1747,self,1.0,0,97,,
2025-11-27T00:32:16.933223+00:00,train,1,1748,self,1.0,0,99,,
2025-11-27T00:32:16.933340+00:00,train,1,1749,self,1.0,0,92,,
2025-11-27T00:32:16.933456+00:00,train,1,1750,self,1.0,0,93,,
2025-11-27T00:32:16.933572+00:00,train,1,1751,self,1.0,0,93,,
2025-11-27T00:32:16.933688+00:00,train,1,1752,self,1.0,0,96,,
2025-11-27T00:32:16.933810+00:00,train,1,1753,self,1.0,0,90,,
2025-11-27T00:32:16.933926+00:00,train,1,1754,self,1.0,0,99,,
2025-11-27T00:32:16.934041+00:00,train,1,1755,self,1.0,0,99,,
2025-11-27T00:32:16.934157+00:00,train,1,1756,self,1.0,0,100,,
2025-11-27T00:32:16.934273+00:00,train,1,1757,self,1.0,0,99,,
2025-11-27T00:32:16.934389+00:00,train,1,1758,self,1.0,0,100,,
2025-11-27T00:32:16.934506+00:00,train,1,1759,self,1.0,0,96,,
2025-11-27T00:32:16.934622+00:00,train,1,1760,self,1.0,0,100,,
2025-11-27T00:32:16.934743+00:00,train,1,1761,self,1.0,0,97,,
2025-11-27T00:32:16.934858+00:00,train,1,1762,self,1.0,0,98,,
2025-11-27T00:32:16.934974+00:00,train,1,1763,self,1.0,0,95,,
2025-11-27T00:32:16.935090+00:00,train,1,1764,self,1.0,0,99,,
2025-11-27T00:32:16.935206+00:00,train,1,1765,self,1.0,0,92,,
2025-11-27T00:32:16.935322+00:00,train,1,1766,self,1.0,0,100,,
2025-11-27T00:32:16.935440+00:00,train,1,1767,self,1.0,0,83,,
2025-11-27T00:32:16.935556+00:00,train,1,1768,self,1.0,0,100,,
2025-11-27T00:32:16.935676+00:00,train,1,1769,self,1.0,0,95,,
2025-11-27T00:32:16.935793+00:00,train,1,1770,self,1.0,0,99,,
2025-11-27T00:32:16.935909+00:00,train,1,1771,self,1.0,0,100,,
2025-11-27T00:32:16.936024+00:00,train,1,1772,self,1.0,0,100,,
2025-11-27T00:32:16.936141+00:00,train,1,1773,self,1.0,0,95,,
2025-11-27T00:32:16.936257+00:00,train,1,1774,self,1.0,0,95,,
2025-11-27T00:32:16.936373+00:00,train,1,1775,self,1.0,0,91,,
2025-11-27T00:32:16.936488+00:00,train,1,1776,self,1.0,0,92,,
2025-11-27T00:32:16.936609+00:00,train,1,1777,self,1.0,0,86,,
2025-11-27T00:32:16.936725+00:00,train,1,1778,self,1.0,0,93,,
2025-11-27T00:32:16.936841+00:00,train,1,1779,self,1.0,0,94,,
2025-11-27T00:32:16.936957+00:00,train,1,1780,self,1.0,0,99,,
2025-11-27T00:32:16.937072+00:00,train,1,1781,self,1.0,0,97,,
2025-11-27T00:32:16.937188+00:00,train,1,1782,self,1.0,0,98,,
2025-11-27T00:32:16.937303+00:00,train,1,1783,self,1.0,0,93,,
2025-11-27T00:32:16.937420+00:00,train,1,1784,self,1.0,0,98,,
2025-11-27T00:32:16.937541+00:00,train,1,1785,self,1.0,0,83,,
2025-11-27T00:32:16.937657+00:00,train,1,1786,self,1.0,0,96,,
2025-11-27T00:32:16.937772+00:00,train,1,1787,self,1.0,0,93,,
2025-11-27T00:32:16.937892+00:00,train,1,1788,self,1.0,0,100,,
2025-11-27T00:32:16.938008+00:00,train,1,1789,self,1.0,0,87,,
2025-11-27T00:32:16.938216+00:00,train,1,1790,self,1.0,0,93,,
2025-11-27T00:32:16.938360+00:00,train,1,1791,self,1.0,0,96,,
2025-11-27T00:32:16.938484+00:00,train,1,1792,self,1.0,0,99,,
2025-11-27T00:32:16.938606+00:00,train,1,1793,self,1.0,0,97,,
2025-11-27T00:32:16.938721+00:00,train,1,1794,self,1.0,0,100,,
2025-11-27T00:32:16.938835+00:00,train,1,1795,self,1.0,0,89,,
2025-11-27T00:32:16.938948+00:00,train,1,1796,self,1.0,0,100,,
2025-11-27T00:32:16.939059+00:00,train,1,1797,self,1.0,0,92,,
2025-11-27T00:32:16.939173+00:00,train,1,1798,self,1.0,0,99,,
2025-11-27T00:32:16.939284+00:00,train,1,1799,self,1.0,0,93,,
2025-11-27T00:32:16.939396+00:00,train,1,1800,self,1.0,0,99,,
2025-11-27T00:32:16.939510+00:00,train,1,1801,self,1.0,0,92,,
2025-11-27T00:32:16.939619+00:00,train,1,1802,self,1.0,0,98,,
2025-11-27T00:32:16.939729+00:00,train,1,1803,self,1.0,0,95,,
2025-11-27T00:32:16.939839+00:00,train,1,1804,self,1.0,0,99,,
2025-11-27T00:32:16.939985+00:00,train,1,1805,self,1.0,0,98,,
2025-11-27T00:32:16.940095+00:00,train,1,1806,self,1.0,0,100,,
2025-11-27T00:32:16.940278+00:00,train,1,1807,self,1.0,0,88,,
2025-11-27T00:32:16.940422+00:00,train,1,1808,self,1.0,0,93,,
2025-11-27T00:32:16.940532+00:00,train,1,1809,self,1.0,0,99,,
2025-11-27T00:32:16.940649+00:00,train,1,1810,self,1.0,0,100,,
2025-11-27T00:32:16.940759+00:00,train,1,1811,self,1.0,0,100,,
2025-11-27T00:32:16.940868+00:00,train,1,1812,self,1.0,0,100,,
2025-11-27T00:32:16.940976+00:00,train,1,1813,self,1.0,0,98,,
2025-11-27T00:32:16.941085+00:00,train,1,1814,self,1.0,0,100,,
2025-11-27T00:32:16.941198+00:00,train,1,1815,self,1.0,0,96,,
2025-11-27T00:32:16.941306+00:00,train,1,1816,self,1.0,0,100,,
2025-11-27T00:32:16.941415+00:00,train,1,1817,self,1.0,0,91,,
2025-11-27T00:32:16.941525+00:00,train,1,1818,self,1.0,0,92,,
2025-11-27T00:32:16.941635+00:00,train,1,1819,self,1.0,0,88,,
2025-11-27T00:32:16.941749+00:00,train,1,1820,self,1.0,0,90,,
2025-11-27T00:32:16.941859+00:00,train,1,1821,self,1.0,0,98,,
2025-11-27T00:32:16.941968+00:00,train,1,1822,self,1.0,0,99,,
2025-11-27T00:32:16.942083+00:00,train,1,1823,self,1.0,0,63,,
2025-11-27T00:32:16.942191+00:00,train,1,1824,self,1.0,0,96,,
2025-11-27T00:32:16.942300+00:00,train,1,1825,self,1.0,0,93,,
2025-11-27T00:32:16.942408+00:00,train,1,1826,self,1.0,0,94,,
2025-11-27T00:32:16.942517+00:00,train,1,1827,self,1.0,0,88,,
2025-11-27T00:32:16.942626+00:00,train,1,1828,self,1.0,0,97,,
2025-11-27T00:32:16.942734+00:00,train,1,1829,self,1.0,0,92,,
2025-11-27T00:32:16.942843+00:00,train,1,1830,self,1.0,0,100,,
2025-11-27T00:32:16.942957+00:00,train,1,1831,self,1.0,0,81,,
2025-11-27T00:32:16.943068+00:00,train,1,1832,self,1.0,0,95,,
2025-11-27T00:32:16.943178+00:00,train,1,1833,self,1.0,0,96,,
2025-11-27T00:32:16.943287+00:00,train,1,1834,self,1.0,0,98,,
2025-11-27T00:32:16.943396+00:00,train,1,1835,self,1.0,0,97,,
2025-11-27T00:32:16.943505+00:00,train,1,1836,self,1.0,0,99,,
2025-11-27T00:32:16.943614+00:00,train,1,1837,self,1.0,0,96,,
2025-11-27T00:32:16.943723+00:00,train,1,1838,self,1.0,0,99,,
2025-11-27T00:32:16.943837+00:00,train,1,1839,self,1.0,0,92,,
2025-11-27T00:32:16.943946+00:00,train,1,1840,self,1.0,0,98,,
2025-11-27T00:32:16.944055+00:00,train,1,1841,self,1.0,0,87,,
2025-11-27T00:32:16.944164+00:00,train,1,1842,self,1.0,0,98,,
2025-11-27T00:32:16.944273+00:00,train,1,1843,self,1.0,0,95,,
2025-11-27T00:32:16.944381+00:00,train,1,1844,self,1.0,0,100,,
2025-11-27T00:32:16.944490+00:00,train,1,1845,self,1.0,0,95,,
2025-11-27T00:32:16.944599+00:00,train,1,1846,self,1.0,0,96,,
2025-11-27T00:32:16.944712+00:00,train,1,1847,self,1.0,0,97,,
2025-11-27T00:32:16.944821+00:00,train,1,1848,self,1.0,0,98,,
2025-11-27T00:32:16.944931+00:00,train,1,1849,self,1.0,0,96,,
2025-11-27T00:32:16.945039+00:00,train,1,1850,self,1.0,0,97,,
2025-11-27T00:32:16.945148+00:00,train,1,1851,self,1.0,0,96,,
2025-11-27T00:32:16.945255+00:00,train,1,1852,self,1.0,0,99,,
2025-11-27T00:32:16.945364+00:00,train,1,1853,self,1.0,0,97,,
2025-11-27T00:32:16.945471+00:00,train,1,1854,self,1.0,0,98,,
2025-11-27T00:32:16.945585+00:00,train,1,1855,self,1.0,0,89,,
2025-11-27T00:32:16.945693+00:00,train,1,1856,self,1.0,0,90,,
2025-11-27T00:32:16.945800+00:00,train,1,1857,self,1.0,0,93,,
2025-11-27T00:32:16.945909+00:00,train,1,1858,self,1.0,0,100,,
2025-11-27T00:32:16.946017+00:00,train,1,1859,self,1.0,0,92,,
2025-11-27T00:32:16.946126+00:00,train,1,1860,self,1.0,0,100,,
2025-11-27T00:32:16.946235+00:00,train,1,1861,self,1.0,0,94,,
2025-11-27T00:32:16.946343+00:00,train,1,1862,self,1.0,0,97,,
2025-11-27T00:32:16.946457+00:00,train,1,1863,self,1.0,0,98,,
2025-11-27T00:32:16.946566+00:00,train,1,1864,self,1.0,0,100,,
2025-11-27T00:32:16.946674+00:00,train,1,1865,self,1.0,0,88,,
2025-11-27T00:32:16.946782+00:00,train,1,1866,self,1.0,0,98,,
2025-11-27T00:32:16.946891+00:00,train,1,1867,self,1.0,0,88,,
2025-11-27T00:32:16.946999+00:00,train,1,1868,self,1.0,0,100,,
2025-11-27T00:32:16.947107+00:00,train,1,1869,self,1.0,0,87,,
2025-11-27T00:32:16.947216+00:00,train,1,1870,self,1.0,0,97,,
2025-11-27T00:32:16.947330+00:00,train,1,1871,self,1.0,0,100,,
2025-11-27T00:32:16.947438+00:00,train,1,1872,self,1.0,0,100,,
2025-11-27T00:32:16.947547+00:00,train,1,1873,self,1.0,0,96,,
2025-11-27T00:32:16.947655+00:00,train,1,1874,self,1.0,0,98,,
2025-11-27T00:32:16.947763+00:00,train,1,1875,self,1.0,0,87,,
2025-11-27T00:32:16.947871+00:00,train,1,1876,self,1.0,0,100,,
2025-11-27T00:32:16.947980+00:00,train,1,1877,self,1.0,0,95,,
2025-11-27T00:32:16.948089+00:00,train,1,1878,self,1.0,0,100,,
2025-11-27T00:32:16.948263+00:00,train,1,1879,self,1.0,0,96,,
2025-11-27T00:32:16.948473+00:00,train,1,1880,self,1.0,0,98,,
2025-11-27T00:32:16.948618+00:00,train,1,1881,self,1.0,0,96,,
2025-11-27T00:32:16.948743+00:00,train,1,1882,self,1.0,0,100,,
2025-11-27T00:32:16.948861+00:00,train,1,1883,self,1.0,0,94,,
2025-11-27T00:32:16.948977+00:00,train,1,1884,self,1.0,0,96,,
2025-11-27T00:32:16.949090+00:00,train,1,1885,self,1.0,0,95,,
2025-11-27T00:32:16.949206+00:00,train,1,1886,self,1.0,0,97,,
2025-11-27T00:32:16.949323+00:00,train,1,1887,self,1.0,0,95,,
2025-11-27T00:32:16.949434+00:00,train,1,1888,self,1.0,0,98,,
2025-11-27T00:32:16.949545+00:00,train,1,1889,self,1.0,0,87,,
2025-11-27T00:32:16.949657+00:00,train,1,1890,self,1.0,0,99,,
2025-11-27T00:32:16.949812+00:00,train,1,1891,self,1.0,0,93,,
2025-11-27T00:32:16.949923+00:00,train,1,1892,self,1.0,0,99,,
2025-11-27T00:32:16.950032+00:00,train,1,1893,self,1.0,0,95,,
2025-11-27T00:32:16.950142+00:00,train,1,1894,self,1.0,0,99,,
2025-11-27T00:32:16.950256+00:00,train,1,1895,self,1.0,0,96,,
2025-11-27T00:32:16.950365+00:00,train,1,1896,self,1.0,0,98,,
2025-11-27T00:32:16.950478+00:00,train,1,1897,self,1.0,0,98,,
2025-11-27T00:32:16.950588+00:00,train,1,1898,self,1.0,0,100,,
2025-11-27T00:32:16.950697+00:00,train,1,1899,self,1.0,0,98,,
2025-11-27T00:32:16.950807+00:00,train,1,1900,self,1.0,0,99,,
2025-11-27T00:32:16.950916+00:00,train,1,1901,self,1.0,0,84,,
2025-11-27T00:32:16.951025+00:00,train,1,1902,self,1.0,0,98,,
2025-11-27T00:32:16.951140+00:00,train,1,1903,self,1.0,0,86,,
2025-11-27T00:32:16.951295+00:00,train,1,1904,self,1.0,0,100,,
2025-11-27T00:32:16.951404+00:00,train,1,1905,self,1.0,0,91,,
2025-11-27T00:32:16.951513+00:00,train,1,1906,self,1.0,0,99,,
2025-11-27T00:32:16.951622+00:00,train,1,1907,self,1.0,0,94,,
2025-11-27T00:32:16.951732+00:00,train,1,1908,self,1.0,0,100,,
2025-11-27T00:32:16.951840+00:00,train,1,1909,self,1.0,0,84,,
2025-11-27T00:32:16.951950+00:00,train,1,1910,self,1.0,0,100,,
2025-11-27T00:32:16.952064+00:00,train,1,1911,self,1.0,0,98,,
2025-11-27T00:32:16.952174+00:00,train,1,1912,self,1.0,0,99,,
2025-11-27T00:32:16.952284+00:00,train,1,1913,self,1.0,0,92,,
2025-11-27T00:32:16.952393+00:00,train,1,1914,self,1.0,0,98,,
2025-11-27T00:32:16.952502+00:00,train,1,1915,self,1.0,0,96,,
2025-11-27T00:32:16.952611+00:00,train,1,1916,self,1.0,0,99,,
2025-11-27T00:32:16.952721+00:00,train,1,1917,self,1.0,0,90,,
2025-11-27T00:32:16.952830+00:00,train,1,1918,self,1.0,0,100,,
2025-11-27T00:32:16.952944+00:00,train,1,1919,self,1.0,0,97,,
2025-11-27T00:32:16.953053+00:00,train,1,1920,self,1.0,0,98,,
2025-11-27T00:32:16.953162+00:00,train,1,1921,self,1.0,0,95,,
2025-11-27T00:32:16.953271+00:00,train,1,1922,self,1.0,0,97,,
2025-11-27T00:32:16.953379+00:00,train,1,1923,self,1.0,0,85,,
2025-11-27T00:32:16.953489+00:00,train,1,1924,self,1.0,0,100,,
2025-11-27T00:32:16.953598+00:00,train,1,1925,self,1.0,0,89,,
2025-11-27T00:32:16.953707+00:00,train,1,1926,self,1.0,0,93,,
2025-11-27T00:32:16.953822+00:00,train,1,1927,self,1.0,0,97,,
2025-11-27T00:32:16.953931+00:00,train,1,1928,self,1.0,0,99,,
2025-11-27T00:32:16.954040+00:00,train,1,1929,self,1.0,0,97,,
2025-11-27T00:32:16.954148+00:00,train,1,1930,self,1.0,0,98,,
2025-11-27T00:32:16.954257+00:00,train,1,1931,self,1.0,0,96,,
2025-11-27T00:32:16.954366+00:00,train,1,1932,self,1.0,0,96,,
2025-11-27T00:32:16.954475+00:00,train,1,1933,self,1.0,0,94,,
2025-11-27T00:32:16.954584+00:00,train,1,1934,self,1.0,0,99,,
2025-11-27T00:32:16.954698+00:00,train,1,1935,self,1.0,0,96,,
2025-11-27T00:32:16.954807+00:00,train,1,1936,self,1.0,0,98,,
2025-11-27T00:32:16.954917+00:00,train,1,1937,self,1.0,0,99,,
2025-11-27T00:32:16.955026+00:00,train,1,1938,self,1.0,0,99,,
2025-11-27T00:32:16.955134+00:00,train,1,1939,self,1.0,0,89,,
2025-11-27T00:32:16.955243+00:00,train,1,1940,self,1.0,0,94,,
2025-11-27T00:32:16.955351+00:00,train,1,1941,self,1.0,0,99,,
2025-11-27T00:32:16.955460+00:00,train,1,1942,self,1.0,0,100,,
2025-11-27T00:32:16.955574+00:00,train,1,1943,self,1.0,0,91,,
2025-11-27T00:32:16.955683+00:00,train,1,1944,self,1.0,0,99,,
2025-11-27T00:32:16.955791+00:00,train,1,1945,self,1.0,0,90,,
2025-11-27T00:32:16.955900+00:00,train,1,1946,self,1.0,0,100,,
2025-11-27T00:32:16.956009+00:00,train,1,1947,self,1.0,0,88,,
2025-11-27T00:32:16.956118+00:00,train,1,1948,self,1.0,0,100,,
2025-11-27T00:32:16.956226+00:00,train,1,1949,self,1.0,0,90,,
2025-11-27T00:32:16.956335+00:00,train,1,1950,self,1.0,0,98,,
2025-11-27T00:32:16.956449+00:00,train,1,1951,self,1.0,0,78,,
2025-11-27T00:32:16.956559+00:00,train,1,1952,self,1.0,0,100,,
2025-11-27T00:32:16.956668+00:00,train,1,1953,self,1.0,0,96,,
2025-11-27T00:32:16.956777+00:00,train,1,1954,self,1.0,0,99,,
2025-11-27T00:32:16.956886+00:00,train,1,1955,self,1.0,0,96,,
2025-11-27T00:32:16.956996+00:00,train,1,1956,self,1.0,0,99,,
2025-11-27T00:32:16.957105+00:00,train,1,1957,self,1.0,0,94,,
2025-11-27T00:32:16.957214+00:00,train,1,1958,self,1.0,0,97,,
2025-11-27T00:32:16.957328+00:00,train,1,1959,self,1.0,0,95,,
2025-11-27T00:32:16.957437+00:00,train,1,1960,self,1.0,0,100,,
2025-11-27T00:32:16.957546+00:00,train,1,1961,self,1.0,0,96,,
2025-11-27T00:32:16.957657+00:00,train,1,1962,self,1.0,0,100,,
2025-11-27T00:32:16.957804+00:00,train,1,1963,self,1.0,0,87,,
2025-11-27T00:32:16.957914+00:00,train,1,1964,self,1.0,0,100,,
2025-11-27T00:32:16.958023+00:00,train,1,1965,self,1.0,0,94,,
2025-11-27T00:32:16.958131+00:00,train,1,1966,self,1.0,0,96,,
2025-11-27T00:32:16.958250+00:00,train,1,1967,self,1.0,0,88,,
2025-11-27T00:32:16.958359+00:00,train,1,1968,self,1.0,0,99,,
2025-11-27T00:32:16.958468+00:00,train,1,1969,self,1.0,0,91,,
2025-11-27T00:32:16.958577+00:00,train,1,1970,self,1.0,0,98,,
2025-11-27T00:32:16.958818+00:00,train,1,1971,self,1.0,0,96,,
2025-11-27T00:32:16.959005+00:00,train,1,1972,self,1.0,0,100,,
2025-11-27T00:32:16.959133+00:00,train,1,1973,self,1.0,0,97,,
2025-11-27T00:32:16.959253+00:00,train,1,1974,self,1.0,0,98,,
2025-11-27T00:32:16.959374+00:00,train,1,1975,self,1.0,0,77,,
2025-11-27T00:32:16.959528+00:00,train,1,1976,self,1.0,0,99,,
2025-11-27T00:32:16.959642+00:00,train,1,1977,self,1.0,0,96,,
2025-11-27T00:32:16.959754+00:00,train,1,1978,self,1.0,0,97,,
2025-11-27T00:32:16.959867+00:00,train,1,1979,self,1.0,0,86,,
2025-11-27T00:32:16.959980+00:00,train,1,1980,self,1.0,0,99,,
2025-11-27T00:32:16.960092+00:00,train,1,1981,self,1.0,0,79,,
2025-11-27T00:32:16.960203+00:00,train,1,1982,self,1.0,0,92,,
2025-11-27T00:32:16.960319+00:00,train,1,1983,self,1.0,0,99,,
2025-11-27T00:32:16.960429+00:00,train,1,1984,self,1.0,0,99,,
2025-11-27T00:32:16.960540+00:00,train,1,1985,self,1.0,0,94,,
2025-11-27T00:32:16.960650+00:00,train,1,1986,self,1.0,0,100,,
2025-11-27T00:32:16.960761+00:00,train,1,1987,self,1.0,0,97,,
2025-11-27T00:32:16.960871+00:00,train,1,1988,self,1.0,0,99,,
2025-11-27T00:32:16.960981+00:00,train,1,1989,self,1.0,0,98,,
2025-11-27T00:32:16.961093+00:00,train,1,1990,self,1.0,0,100,,
2025-11-27T00:32:16.961209+00:00,train,1,1991,self,1.0,0,89,,
2025-11-27T00:32:16.961320+00:00,train,1,1992,self,1.0,0,99,,
2025-11-27T00:32:16.961435+00:00,train,1,1993,self,1.0,0,95,,
2025-11-27T00:32:16.961546+00:00,train,1,1994,self,1.0,0,96,,
2025-11-27T00:32:16.961700+00:00,train,1,1995,self,1.0,0,94,,
2025-11-27T00:32:16.961854+00:00,train,1,1996,self,1.0,0,95,,
2025-11-27T00:32:16.962009+00:00,train,1,1997,self,1.0,0,97,,
2025-11-27T00:32:16.962257+00:00,train,1,1998,self,1.0,0,99,,
2025-11-27T00:32:16.962486+00:00,train,1,1999,self,1.0,0,96,,
2025-11-27T00:32:16.962630+00:00,train,1,2000,self,1.0,0,100,,
2025-11-27T00:32:16.962755+00:00,train,1,2001,self,1.0,0,88,,
2025-11-27T00:32:16.962947+00:00,train,1,2002,self,1.0,0,99,,
2025-11-27T00:32:16.963153+00:00,train,1,2003,self,1.0,0,94,,
2025-11-27T00:32:16.963295+00:00,train,1,2004,self,1.0,0,99,,
2025-11-27T00:32:16.963415+00:00,train,1,2005,self,1.0,0,87,,
2025-11-27T00:32:16.963538+00:00,train,1,2006,self,1.0,0,99,,
2025-11-27T00:32:16.963653+00:00,train,1,2007,self,1.0,0,61,,
2025-11-27T00:32:16.963767+00:00,train,1,2008,self,1.0,0,94,,
2025-11-27T00:32:16.963880+00:00,train,1,2009,self,1.0,0,94,,
2025-11-27T00:32:16.963992+00:00,train,1,2010,self,1.0,0,97,,
2025-11-27T00:32:16.964105+00:00,train,1,2011,self,1.0,0,99,,
2025-11-27T00:32:16.964217+00:00,train,1,2012,self,1.0,0,100,,
2025-11-27T00:32:16.964328+00:00,train,1,2013,self,1.0,0,92,,
2025-11-27T00:32:16.964445+00:00,train,1,2014,self,1.0,0,100,,
2025-11-27T00:32:16.964557+00:00,train,1,2015,self,1.0,0,90,,
2025-11-27T00:32:16.964669+00:00,train,1,2016,self,1.0,0,100,,
2025-11-27T00:32:16.964780+00:00,train,1,2017,self,1.0,0,91,,
2025-11-27T00:32:16.964891+00:00,train,1,2018,self,1.0,0,96,,
2025-11-27T00:32:16.965003+00:00,train,1,2019,self,1.0,0,96,,
2025-11-27T00:32:16.965114+00:00,train,1,2020,self,1.0,0,100,,
2025-11-27T00:32:16.965224+00:00,train,1,2021,self,1.0,0,98,,
2025-11-27T00:32:16.965340+00:00,train,1,2022,self,1.0,0,99,,
2025-11-27T00:32:16.965451+00:00,train,1,2023,self,1.0,0,93,,
2025-11-27T00:32:16.965562+00:00,train,1,2024,self,1.0,0,94,,
2025-11-27T00:32:16.965673+00:00,train,1,2025,self,1.0,0,94,,
2025-11-27T00:32:16.965783+00:00,train,1,2026,self,1.0,0,99,,
2025-11-27T00:32:16.965897+00:00,train,1,2027,self,1.0,0,99,,
2025-11-27T00:32:16.966008+00:00,train,1,2028,self,1.0,0,100,,
2025-11-27T00:32:16.966118+00:00,train,1,2029,self,1.0,0,94,,
2025-11-27T00:32:16.966234+00:00,train,1,2030,self,1.0,0,94,,
2025-11-27T00:32:16.966344+00:00,train,1,2031,self,1.0,0,92,,
2025-11-27T00:32:16.966455+00:00,train,1,2032,self,1.0,0,99,,
2025-11-27T00:32:16.966565+00:00,train,1,2033,self,1.0,0,93,,
2025-11-27T00:32:16.966675+00:00,train,1,2034,self,1.0,0,98,,
2025-11-27T00:32:16.966786+00:00,train,1,2035,self,1.0,0,88,,
2025-11-27T00:32:16.966897+00:00,train,1,2036,self,1.0,0,98,,
2025-11-27T00:32:16.967008+00:00,train,1,2037,self,1.0,0,96,,
2025-11-27T00:32:16.967123+00:00,train,1,2038,self,1.0,0,99,,
2025-11-27T00:32:16.967233+00:00,train,1,2039,self,1.0,0,92,,
2025-11-27T00:32:16.967342+00:00,train,1,2040,self,1.0,0,98,,
2025-11-27T00:32:16.967452+00:00,train,1,2041,self,1.0,0,87,,
2025-11-27T00:32:16.967562+00:00,train,1,2042,self,1.0,0,99,,
2025-11-27T00:32:16.967672+00:00,train,1,2043,self,1.0,0,87,,
2025-11-27T00:32:16.967782+00:00,train,1,2044,self,1.0,0,99,,
2025-11-27T00:32:16.967892+00:00,train,1,2045,self,1.0,0,94,,
2025-11-27T00:32:16.968007+00:00,train,1,2046,self,1.0,0,95,,
2025-11-27T00:32:16.968117+00:00,train,1,2047,self,1.0,0,80,,
2025-11-27T00:32:16.968227+00:00,train,1,2048,self,1.0,0,95,,
2025-11-27T00:32:16.968337+00:00,train,1,2049,self,1.0,0,87,,
2025-11-27T00:32:16.968446+00:00,train,1,2050,self,1.0,0,97,,
2025-11-27T00:32:16.968556+00:00,train,1,2051,self,1.0,0,99,,
2025-11-27T00:32:16.968666+00:00,train,1,2052,self,1.0,0,99,,
2025-11-27T00:32:16.968779+00:00,train,1,2053,self,1.0,0,99,,
2025-11-27T00:32:16.968895+00:00,train,1,2054,self,1.0,0,99,,
2025-11-27T00:32:16.969081+00:00,train,1,2055,self,1.0,0,95,,
2025-11-27T00:32:16.969199+00:00,train,1,2056,self,1.0,0,97,,
2025-11-27T00:32:16.969314+00:00,train,1,2057,self,1.0,0,82,,
2025-11-27T00:32:16.969425+00:00,train,1,2058,self,1.0,0,95,,
2025-11-27T00:32:16.969535+00:00,train,1,2059,self,1.0,0,97,,
2025-11-27T00:32:16.969644+00:00,train,1,2060,self,1.0,0,100,,
2025-11-27T00:32:16.969754+00:00,train,1,2061,self,1.0,0,93,,
2025-11-27T00:32:16.969870+00:00,train,1,2062,self,1.0,0,95,,
2025-11-27T00:32:16.969979+00:00,train,1,2063,self,1.0,0,88,,
2025-11-27T00:32:16.970089+00:00,train,1,2064,self,1.0,0,100,,
2025-11-27T00:32:16.970243+00:00,train,1,2065,self,1.0,0,96,,
2025-11-27T00:32:16.970356+00:00,train,1,2066,self,1.0,0,98,,
2025-11-27T00:32:16.970466+00:00,train,1,2067,self,1.0,0,97,,
2025-11-27T00:32:16.970576+00:00,train,1,2068,self,1.0,0,99,,
2025-11-27T00:32:16.970686+00:00,train,1,2069,self,1.0,0,94,,
2025-11-27T00:32:16.970801+00:00,train,1,2070,self,1.0,0,96,,
2025-11-27T00:32:16.970910+00:00,train,1,2071,self,1.0,0,96,,
2025-11-27T00:32:16.971020+00:00,train,1,2072,self,1.0,0,98,,
2025-11-27T00:32:16.971130+00:00,train,1,2073,self,1.0,0,98,,
2025-11-27T00:32:16.971240+00:00,train,1,2074,self,1.0,0,99,,
2025-11-27T00:32:16.971350+00:00,train,1,2075,self,1.0,0,91,,
2025-11-27T00:32:16.971461+00:00,train,1,2076,self,1.0,0,98,,
2025-11-27T00:32:16.971571+00:00,train,1,2077,self,1.0,0,94,,
2025-11-27T00:32:16.971687+00:00,train,1,2078,self,1.0,0,100,,
2025-11-27T00:32:16.971797+00:00,train,1,2079,self,1.0,0,96,,
2025-11-27T00:32:16.971907+00:00,train,1,2080,self,1.0,0,98,,
2025-11-27T00:32:16.972018+00:00,train,1,2081,self,1.0,0,97,,
2025-11-27T00:32:16.972128+00:00,train,1,2082,self,1.0,0,100,,
2025-11-27T00:32:16.972238+00:00,train,1,2083,self,1.0,0,95,,
2025-11-27T00:32:16.972349+00:00,train,1,2084,self,1.0,0,100,,
2025-11-27T00:32:16.972465+00:00,train,1,2085,self,1.0,0,98,,
2025-11-27T00:32:16.972575+00:00,train,1,2086,self,1.0,0,99,,
2025-11-27T00:32:16.972685+00:00,train,1,2087,self,1.0,0,98,,
2025-11-27T00:32:16.972796+00:00,train,1,2088,self,1.0,0,100,,
2025-11-27T00:32:16.972907+00:00,train,1,2089,self,1.0,0,93,,
2025-11-27T00:32:16.973017+00:00,train,1,2090,self,1.0,0,98,,
2025-11-27T00:32:16.973233+00:00,train,1,2091,self,1.0,0,95,,
2025-11-27T00:32:16.973429+00:00,train,1,2092,self,1.0,0,100,,
2025-11-27T00:32:16.973554+00:00,train,1,2093,self,1.0,0,97,,
2025-11-27T00:32:16.973672+00:00,train,1,2094,self,1.0,0,97,,
2025-11-27T00:32:16.973787+00:00,train,1,2095,self,1.0,0,96,,
2025-11-27T00:32:16.973900+00:00,train,1,2096,self,1.0,0,97,,
2025-11-27T00:32:16.974012+00:00,train,1,2097,self,1.0,0,86,,
2025-11-27T00:32:16.974122+00:00,train,1,2098,self,1.0,0,97,,
2025-11-27T00:32:16.974234+00:00,train,1,2099,self,1.0,0,80,,
2025-11-27T00:32:16.974344+00:00,train,1,2100,self,1.0,0,99,,
2025-11-27T00:32:16.974453+00:00,train,1,2101,self,1.0,0,91,,
2025-11-27T00:32:16.974563+00:00,train,1,2102,self,1.0,0,100,,
2025-11-27T00:32:16.974673+00:00,train,1,2103,self,1.0,0,91,,
2025-11-27T00:32:16.974782+00:00,train,1,2104,self,1.0,0,92,,
2025-11-27T00:32:16.974891+00:00,train,1,2105,self,1.0,0,98,,
2025-11-27T00:32:16.974999+00:00,train,1,2106,self,1.0,0,100,,
2025-11-27T00:32:16.975114+00:00,train,1,2107,self,1.0,0,95,,
2025-11-27T00:32:16.975224+00:00,train,1,2108,self,1.0,0,100,,
2025-11-27T00:32:16.975332+00:00,train,1,2109,self,1.0,0,91,,
2025-11-27T00:32:16.975441+00:00,train,1,2110,self,1.0,0,98,,
2025-11-27T00:32:16.975550+00:00,train,1,2111,self,1.0,0,94,,
2025-11-27T00:32:16.975658+00:00,train,1,2112,self,1.0,0,97,,
2025-11-27T00:32:16.975767+00:00,train,1,2113,self,1.0,0,98,,
2025-11-27T00:32:16.975875+00:00,train,1,2114,self,1.0,0,100,,
2025-11-27T00:32:16.975989+00:00,train,1,2115,self,1.0,0,78,,
2025-11-27T00:32:16.976099+00:00,train,1,2116,self,1.0,0,88,,
2025-11-27T00:32:16.976208+00:00,train,1,2117,self,1.0,0,97,,
2025-11-27T00:32:16.976317+00:00,train,1,2118,self,1.0,0,100,,
2025-11-27T00:32:16.976426+00:00,train,1,2119,self,1.0,0,94,,
2025-11-27T00:32:16.976535+00:00,train,1,2120,self,1.0,0,100,,
2025-11-27T00:32:16.976644+00:00,train,1,2121,self,1.0,0,93,,
2025-11-27T00:32:16.976753+00:00,train,1,2122,self,1.0,0,100,,
2025-11-27T00:32:16.976867+00:00,train,1,2123,self,1.0,0,87,,
2025-11-27T00:32:16.976976+00:00,train,1,2124,self,1.0,0,98,,
2025-11-27T00:32:16.977084+00:00,train,1,2125,self,1.0,0,96,,
2025-11-27T00:32:16.977193+00:00,train,1,2126,self,1.0,0,98,,
2025-11-27T00:32:16.977302+00:00,train,1,2127,self,1.0,0,95,,
2025-11-27T00:32:16.977410+00:00,train,1,2128,self,1.0,0,99,,
2025-11-27T00:32:16.977519+00:00,train,1,2129,self,1.0,0,89,,
2025-11-27T00:32:16.977628+00:00,train,1,2130,self,1.0,0,99,,
2025-11-27T00:32:16.977742+00:00,train,1,2131,self,1.0,0,98,,
2025-11-27T00:32:16.977850+00:00,train,1,2132,self,1.0,0,100,,
2025-11-27T00:32:16.977958+00:00,train,1,2133,self,1.0,0,93,,
2025-11-27T00:32:16.978067+00:00,train,1,2134,self,1.0,0,99,,
2025-11-27T00:32:16.978175+00:00,train,1,2135,self,1.0,0,83,,
2025-11-27T00:32:16.978283+00:00,train,1,2136,self,1.0,0,97,,
2025-11-27T00:32:16.978392+00:00,train,1,2137,self,1.0,0,98,,
2025-11-27T00:32:16.978502+00:00,train,1,2138,self,1.0,0,99,,
2025-11-27T00:32:16.978616+00:00,train,1,2139,self,1.0,0,92,,
2025-11-27T00:32:16.978724+00:00,train,1,2140,self,1.0,0,99,,
2025-11-27T00:32:16.978833+00:00,train,1,2141,self,1.0,0,100,,
2025-11-27T00:32:16.978942+00:00,train,1,2142,self,1.0,0,100,,
2025-11-27T00:32:16.979054+00:00,train,1,2143,self,1.0,0,96,,
2025-11-27T00:32:16.979162+00:00,train,1,2144,self,1.0,0,99,,
2025-11-27T00:32:16.979385+00:00,train,1,2145,self,1.0,0,92,,
2025-11-27T00:32:16.979528+00:00,train,1,2146,self,1.0,0,98,,
2025-11-27T00:32:16.979658+00:00,train,1,2147,self,1.0,0,93,,
2025-11-27T00:32:16.979777+00:00,train,1,2148,self,1.0,0,99,,
2025-11-27T00:32:16.979892+00:00,train,1,2149,self,1.0,0,95,,
2025-11-27T00:32:16.980007+00:00,train,1,2150,self,1.0,0,100,,
2025-11-27T00:32:16.980121+00:00,train,1,2151,self,1.0,0,85,,
2025-11-27T00:32:16.980234+00:00,train,1,2152,self,1.0,0,100,,
2025-11-27T00:32:16.980346+00:00,train,1,2153,self,1.0,0,89,,
2025-11-27T00:32:16.980459+00:00,train,1,2154,self,1.0,0,100,,
2025-11-27T00:32:16.980576+00:00,train,1,2155,self,1.0,0,88,,
2025-11-27T00:32:16.981193+00:00,train,1,2156,self,1.0,0,93,,
2025-11-27T00:32:16.981330+00:00,train,1,2157,self,1.0,0,96,,
2025-11-27T00:32:16.981458+00:00,train,1,2158,self,1.0,0,98,,
2025-11-27T00:32:16.981584+00:00,train,1,2159,self,1.0,0,96,,
2025-11-27T00:32:16.981704+00:00,train,1,2160,self,1.0,0,99,,
2025-11-27T00:32:16.981822+00:00,train,1,2161,self,1.0,0,99,,
2025-11-27T00:32:16.981938+00:00,train,1,2162,self,1.0,0,99,,
2025-11-27T00:32:16.982054+00:00,train,1,2163,self,1.0,0,98,,
2025-11-27T00:32:16.982169+00:00,train,1,2164,self,1.0,0,99,,
2025-11-27T00:32:16.982284+00:00,train,1,2165,self,1.0,0,93,,
2025-11-27T00:32:16.982398+00:00,train,1,2166,self,1.0,0,97,,
2025-11-27T00:32:16.982518+00:00,train,1,2167,self,1.0,0,93,,
2025-11-27T00:32:16.982632+00:00,train,1,2168,self,1.0,0,100,,
2025-11-27T00:32:16.982747+00:00,train,1,2169,self,1.0,0,92,,
2025-11-27T00:32:16.982862+00:00,train,1,2170,self,1.0,0,99,,
2025-11-27T00:32:16.982975+00:00,train,1,2171,self,1.0,0,90,,
2025-11-27T00:32:16.983092+00:00,train,1,2172,self,1.0,0,100,,
2025-11-27T00:32:16.983207+00:00,train,1,2173,self,1.0,0,99,,
2025-11-27T00:32:16.983383+00:00,train,1,2174,self,1.0,0,100,,
2025-11-27T00:32:16.983518+00:00,train,1,2175,self,1.0,0,92,,
2025-11-27T00:32:16.983632+00:00,train,1,2176,self,1.0,0,99,,
2025-11-27T00:32:16.983746+00:00,train,1,2177,self,1.0,0,92,,
2025-11-27T00:32:16.983859+00:00,train,1,2178,self,1.0,0,100,,
2025-11-27T00:32:16.983972+00:00,train,1,2179,self,1.0,0,99,,
2025-11-27T00:32:16.984086+00:00,train,1,2180,self,1.0,0,100,,
2025-11-27T00:32:16.984199+00:00,train,1,2181,self,1.0,0,90,,
2025-11-27T00:32:16.984312+00:00,train,1,2182,self,1.0,0,97,,
2025-11-27T00:32:16.984431+00:00,train,1,2183,self,1.0,0,95,,
2025-11-27T00:32:16.984545+00:00,train,1,2184,self,1.0,0,97,,
2025-11-27T00:32:16.984658+00:00,train,1,2185,self,1.0,0,99,,
2025-11-27T00:32:16.984771+00:00,train,1,2186,self,1.0,0,100,,
2025-11-27T00:32:16.984885+00:00,train,1,2187,self,1.0,0,91,,
2025-11-27T00:32:16.984998+00:00,train,1,2188,self,1.0,0,99,,
2025-11-27T00:32:16.985112+00:00,train,1,2189,self,1.0,0,91,,
2025-11-27T00:32:16.985225+00:00,train,1,2190,self,1.0,0,100,,
2025-11-27T00:32:16.985343+00:00,train,1,2191,self,1.0,0,98,,
2025-11-27T00:32:16.985457+00:00,train,1,2192,self,1.0,0,99,,
2025-11-27T00:32:16.985570+00:00,train,1,2193,self,1.0,0,93,,
2025-11-27T00:32:16.985683+00:00,train,1,2194,self,1.0,0,95,,
2025-11-27T00:32:16.985796+00:00,train,1,2195,self,1.0,0,87,,
2025-11-27T00:32:16.985909+00:00,train,1,2196,self,1.0,0,100,,
2025-11-27T00:32:16.986023+00:00,train,1,2197,self,1.0,0,87,,
2025-11-27T00:32:16.986137+00:00,train,1,2198,self,1.0,0,99,,
2025-11-27T00:32:16.986255+00:00,train,1,2199,self,1.0,0,96,,
2025-11-27T00:32:16.986368+00:00,train,1,2200,self,1.0,0,100,,
2025-11-27T00:32:16.986481+00:00,train,1,2201,self,1.0,0,95,,
2025-11-27T00:32:16.986594+00:00,train,1,2202,self,1.0,0,99,,
2025-11-27T00:32:16.986708+00:00,train,1,2203,self,1.0,0,98,,
2025-11-27T00:32:16.986821+00:00,train,1,2204,self,1.0,0,100,,
2025-11-27T00:32:16.986935+00:00,train,1,2205,self,1.0,0,99,,
2025-11-27T00:32:16.987048+00:00,train,1,2206,self,1.0,0,100,,
2025-11-27T00:32:16.987166+00:00,train,1,2207,self,1.0,0,97,,
2025-11-27T00:32:16.987280+00:00,train,1,2208,self,1.0,0,98,,
2025-11-27T00:32:16.987392+00:00,train,1,2209,self,1.0,0,90,,
2025-11-27T00:32:16.987505+00:00,train,1,2210,self,1.0,0,91,,
2025-11-27T00:32:16.987618+00:00,train,1,2211,self,1.0,0,73,,
2025-11-27T00:32:16.987732+00:00,train,1,2212,self,1.0,0,89,,
2025-11-27T00:32:16.987845+00:00,train,1,2213,self,1.0,0,92,,
2025-11-27T00:32:16.987958+00:00,train,1,2214,self,1.0,0,94,,
2025-11-27T00:32:16.988076+00:00,train,1,2215,self,1.0,0,95,,
2025-11-27T00:32:16.988189+00:00,train,1,2216,self,1.0,0,99,,
2025-11-27T00:32:16.988302+00:00,train,1,2217,self,1.0,0,97,,
2025-11-27T00:32:16.988415+00:00,train,1,2218,self,1.0,0,99,,
2025-11-27T00:32:16.988528+00:00,train,1,2219,self,1.0,0,94,,
2025-11-27T00:32:16.988641+00:00,train,1,2220,self,1.0,0,99,,
2025-11-27T00:32:16.988757+00:00,train,1,2221,self,1.0,0,97,,
2025-11-27T00:32:16.988873+00:00,train,1,2222,self,1.0,0,99,,
2025-11-27T00:32:16.988993+00:00,train,1,2223,self,1.0,0,85,,
2025-11-27T00:32:16.989109+00:00,train,1,2224,self,1.0,0,92,,
2025-11-27T00:32:16.989224+00:00,train,1,2225,self,1.0,0,99,,
2025-11-27T00:32:16.989339+00:00,train,1,2226,self,1.0,0,100,,
2025-11-27T00:32:16.989455+00:00,train,1,2227,self,1.0,0,90,,
2025-11-27T00:32:16.989570+00:00,train,1,2228,self,1.0,0,93,,
2025-11-27T00:32:16.989760+00:00,train,1,2229,self,1.0,0,95,,
2025-11-27T00:32:16.989940+00:00,train,1,2230,self,1.0,0,97,,
2025-11-27T00:32:16.990084+00:00,train,1,2231,self,1.0,0,99,,
2025-11-27T00:32:16.990203+00:00,train,1,2232,self,1.0,0,100,,
2025-11-27T00:32:16.990317+00:00,train,1,2233,self,1.0,0,98,,
2025-11-27T00:32:16.990431+00:00,train,1,2234,self,1.0,0,100,,
2025-11-27T00:32:16.990543+00:00,train,1,2235,self,1.0,0,95,,
2025-11-27T00:32:16.990654+00:00,train,1,2236,self,1.0,0,96,,
2025-11-27T00:32:16.990764+00:00,train,1,2237,self,1.0,0,83,,
2025-11-27T00:32:16.990877+00:00,train,1,2238,self,1.0,0,98,,
2025-11-27T00:32:16.991025+00:00,train,1,2239,self,1.0,0,99,,
2025-11-27T00:32:16.991153+00:00,train,1,2240,self,1.0,0,100,,
2025-11-27T00:32:16.991264+00:00,train,1,2241,self,1.0,0,87,,
2025-11-27T00:32:16.991373+00:00,train,1,2242,self,1.0,0,100,,
2025-11-27T00:32:16.991482+00:00,train,1,2243,self,1.0,0,80,,
2025-11-27T00:32:16.991592+00:00,train,1,2244,self,1.0,0,100,,
2025-11-27T00:32:16.991701+00:00,train,1,2245,self,1.0,0,99,,
2025-11-27T00:32:16.991810+00:00,train,1,2246,self,1.0,0,100,,
2025-11-27T00:32:16.991926+00:00,train,1,2247,self,1.0,0,95,,
2025-11-27T00:32:16.992035+00:00,train,1,2248,self,1.0,0,96,,
2025-11-27T00:32:16.992145+00:00,train,1,2249,self,1.0,0,97,,
2025-11-27T00:32:16.992254+00:00,train,1,2250,self,1.0,0,99,,
2025-11-27T00:32:16.992364+00:00,train,1,2251,self,1.0,0,97,,
2025-11-27T00:32:16.992473+00:00,train,1,2252,self,1.0,0,100,,
2025-11-27T00:32:16.992583+00:00,train,1,2253,self,1.0,0,99,,
2025-11-27T00:32:16.992693+00:00,train,1,2254,self,1.0,0,100,,
2025-11-27T00:32:16.992808+00:00,train,1,2255,self,1.0,0,96,,
2025-11-27T00:32:16.992918+00:00,train,1,2256,self,1.0,0,99,,
2025-11-27T00:32:16.993029+00:00,train,1,2257,self,1.0,0,96,,
2025-11-27T00:32:16.993139+00:00,train,1,2258,self,1.0,0,98,,
2025-11-27T00:32:16.993316+00:00,train,1,2259,self,1.0,0,95,,
2025-11-27T00:32:16.993426+00:00,train,1,2260,self,1.0,0,99,,
2025-11-27T00:32:16.993536+00:00,train,1,2261,self,1.0,0,83,,
2025-11-27T00:32:16.993646+00:00,train,1,2262,self,1.0,0,97,,
2025-11-27T00:32:16.993762+00:00,train,1,2263,self,1.0,0,86,,
2025-11-27T00:32:16.993872+00:00,train,1,2264,self,1.0,0,92,,
2025-11-27T00:32:16.993983+00:00,train,1,2265,self,1.0,0,96,,
2025-11-27T00:32:16.994093+00:00,train,1,2266,self,1.0,0,98,,
2025-11-27T00:32:16.994203+00:00,train,1,2267,self,1.0,0,82,,
2025-11-27T00:32:16.994314+00:00,train,1,2268,self,1.0,0,98,,
2025-11-27T00:32:16.994425+00:00,train,1,2269,self,1.0,0,85,,
2025-11-27T00:32:16.994535+00:00,train,1,2270,self,1.0,0,94,,
2025-11-27T00:32:16.994650+00:00,train,1,2271,self,1.0,0,98,,
2025-11-27T00:32:16.994761+00:00,train,1,2272,self,1.0,0,99,,
2025-11-27T00:32:16.994871+00:00,train,1,2273,self,1.0,0,84,,
2025-11-27T00:32:16.994981+00:00,train,1,2274,self,1.0,0,99,,
2025-11-27T00:32:16.995091+00:00,train,1,2275,self,1.0,0,99,,
2025-11-27T00:32:16.995202+00:00,train,1,2276,self,1.0,0,100,,
2025-11-27T00:32:16.995313+00:00,train,1,2277,self,1.0,0,97,,
2025-11-27T00:32:16.995423+00:00,train,1,2278,self,1.0,0,99,,
2025-11-27T00:32:16.995539+00:00,train,1,2279,self,1.0,0,97,,
2025-11-27T00:32:16.995649+00:00,train,1,2280,self,1.0,0,97,,
2025-11-27T00:32:16.995759+00:00,train,1,2281,self,1.0,0,95,,
2025-11-27T00:32:16.995869+00:00,train,1,2282,self,1.0,0,99,,
2025-11-27T00:32:16.995979+00:00,train,1,2283,self,1.0,0,96,,
2025-11-27T00:32:16.996089+00:00,train,1,2284,self,1.0,0,97,,
2025-11-27T00:32:16.996329+00:00,train,1,2285,self,1.0,0,89,,
2025-11-27T00:32:16.996457+00:00,train,1,2286,self,1.0,0,90,,
2025-11-27T00:32:16.996655+00:00,train,1,2287,self,1.0,0,97,,
2025-11-27T00:32:16.996766+00:00,train,1,2288,self,1.0,0,97,,
2025-11-27T00:32:16.996877+00:00,train,1,2289,self,1.0,0,85,,
2025-11-27T00:32:16.996987+00:00,train,1,2290,self,1.0,0,98,,
2025-11-27T00:32:16.997098+00:00,train,1,2291,self,1.0,0,87,,
2025-11-27T00:32:16.997209+00:00,train,1,2292,self,1.0,0,98,,
2025-11-27T00:32:16.997323+00:00,train,1,2293,self,1.0,0,92,,
2025-11-27T00:32:16.997433+00:00,train,1,2294,self,1.0,0,99,,
2025-11-27T00:32:16.997543+00:00,train,1,2295,self,1.0,0,84,,
2025-11-27T00:32:16.997653+00:00,train,1,2296,self,1.0,0,99,,
2025-11-27T00:32:16.997763+00:00,train,1,2297,self,1.0,0,95,,
2025-11-27T00:32:16.997874+00:00,train,1,2298,self,1.0,0,98,,
2025-11-27T00:32:16.997984+00:00,train,1,2299,self,1.0,0,94,,
2025-11-27T00:32:16.998094+00:00,train,1,2300,self,1.0,0,100,,
2025-11-27T00:32:16.998209+00:00,train,1,2301,self,1.0,0,100,,
2025-11-27T00:32:16.998318+00:00,train,1,2302,self,1.0,0,100,,
2025-11-27T00:32:16.998427+00:00,train,1,2303,self,1.0,0,98,,
2025-11-27T00:32:16.998536+00:00,train,1,2304,self,1.0,0,98,,
2025-11-27T00:32:16.998645+00:00,train,1,2305,self,1.0,0,98,,
2025-11-27T00:32:16.998755+00:00,train,1,2306,self,1.0,0,100,,
2025-11-27T00:32:16.998864+00:00,train,1,2307,self,1.0,0,99,,
2025-11-27T00:32:16.998973+00:00,train,1,2308,self,1.0,0,100,,
2025-11-27T00:32:16.999089+00:00,train,1,2309,self,1.0,0,94,,
2025-11-27T00:32:16.999200+00:00,train,1,2310,self,1.0,0,99,,
2025-11-27T00:32:16.999310+00:00,train,1,2311,self,1.0,0,80,,
2025-11-27T00:32:16.999419+00:00,train,1,2312,self,1.0,0,97,,
2025-11-27T00:32:16.999529+00:00,train,1,2313,self,1.0,0,95,,
2025-11-27T00:32:16.999638+00:00,train,1,2314,self,1.0,0,98,,
2025-11-27T00:32:16.999750+00:00,train,1,2315,self,1.0,0,83,,
2025-11-27T00:32:16.999860+00:00,train,1,2316,self,1.0,0,93,,
2025-11-27T00:32:16.999974+00:00,train,1,2317,self,1.0,0,89,,
2025-11-27T00:32:17.000084+00:00,train,1,2318,self,1.0,0,96,,
2025-11-27T00:32:17.000194+00:00,train,1,2319,self,1.0,0,84,,
2025-11-27T00:32:17.000379+00:00,train,1,2320,self,1.0,0,99,,
2025-11-27T00:32:17.000528+00:00,train,1,2321,self,1.0,0,96,,
2025-11-27T00:32:17.000655+00:00,train,1,2322,self,1.0,0,98,,
2025-11-27T00:32:17.000776+00:00,train,1,2323,self,1.0,0,96,,
2025-11-27T00:32:17.000894+00:00,train,1,2324,self,1.0,0,98,,
2025-11-27T00:32:17.001016+00:00,train,1,2325,self,1.0,0,98,,
2025-11-27T00:32:17.001179+00:00,train,1,2326,self,1.0,0,100,,
2025-11-27T00:32:17.001294+00:00,train,1,2327,self,1.0,0,80,,
2025-11-27T00:32:17.001484+00:00,train,1,2328,self,1.0,0,95,,
2025-11-27T00:32:17.001689+00:00,train,1,2329,self,1.0,0,93,,
2025-11-27T00:32:17.001966+00:00,train,1,2330,self,1.0,0,97,,
2025-11-27T00:32:17.002093+00:00,train,1,2331,self,1.0,0,99,,
2025-11-27T00:32:17.002338+00:00,train,1,2332,self,1.0,0,100,,
2025-11-27T00:32:17.002596+00:00,train,1,2333,self,1.0,0,87,,
2025-11-27T00:32:17.002719+00:00,train,1,2334,self,1.0,0,95,,
2025-11-27T00:32:17.002931+00:00,train,1,2335,self,1.0,0,96,,
2025-11-27T00:32:17.003047+00:00,train,1,2336,self,1.0,0,99,,
2025-11-27T00:32:17.003161+00:00,train,1,2337,self,1.0,0,97,,
2025-11-27T00:32:17.003272+00:00,train,1,2338,self,1.0,0,99,,
2025-11-27T00:32:17.003384+00:00,train,1,2339,self,1.0,0,92,,
2025-11-27T00:32:17.003495+00:00,train,1,2340,self,1.0,0,100,,
2025-11-27T00:32:17.003611+00:00,train,1,2341,self,1.0,0,99,,
2025-11-27T00:32:17.003721+00:00,train,1,2342,self,1.0,0,100,,
2025-11-27T00:32:17.003831+00:00,train,1,2343,self,1.0,0,94,,
2025-11-27T00:32:17.003941+00:00,train,1,2344,self,1.0,0,96,,
2025-11-27T00:32:17.004051+00:00,train,1,2345,self,1.0,0,90,,
2025-11-27T00:32:17.004162+00:00,train,1,2346,self,1.0,0,97,,
2025-11-27T00:32:17.004272+00:00,train,1,2347,self,1.0,0,91,,
2025-11-27T00:32:17.004383+00:00,train,1,2348,self,1.0,0,97,,
2025-11-27T00:32:17.004498+00:00,train,1,2349,self,1.0,0,88,,
2025-11-27T00:32:17.004608+00:00,train,1,2350,self,1.0,0,96,,
2025-11-27T00:32:17.004721+00:00,train,1,2351,self,1.0,0,98,,
2025-11-27T00:32:17.004831+00:00,train,1,2352,self,1.0,0,98,,
2025-11-27T00:32:17.004941+00:00,train,1,2353,self,1.0,0,96,,
2025-11-27T00:32:17.005051+00:00,train,1,2354,self,1.0,0,97,,
2025-11-27T00:32:17.005160+00:00,train,1,2355,self,1.0,0,99,,
2025-11-27T00:32:17.005270+00:00,train,1,2356,self,1.0,0,100,,
2025-11-27T00:32:17.005384+00:00,train,1,2357,self,1.0,0,96,,
2025-11-27T00:32:17.005494+00:00,train,1,2358,self,1.0,0,99,,
2025-11-27T00:32:17.005604+00:00,train,1,2359,self,1.0,0,97,,
2025-11-27T00:32:17.005714+00:00,train,1,2360,self,1.0,0,97,,
2025-11-27T00:32:17.005823+00:00,train,1,2361,self,1.0,0,84,,
2025-11-27T00:32:17.005933+00:00,train,1,2362,self,1.0,0,90,,
2025-11-27T00:32:17.006045+00:00,train,1,2363,self,1.0,0,100,,
2025-11-27T00:32:17.006155+00:00,train,1,2364,self,1.0,0,100,,
2025-11-27T00:32:17.006269+00:00,train,1,2365,self,1.0,0,96,,
2025-11-27T00:32:17.006379+00:00,train,1,2366,self,1.0,0,99,,
2025-11-27T00:32:17.006489+00:00,train,1,2367,self,1.0,0,96,,
2025-11-27T00:32:17.006598+00:00,train,1,2368,self,1.0,0,98,,
2025-11-27T00:32:17.006708+00:00,train,1,2369,self,1.0,0,93,,
2025-11-27T00:32:17.006817+00:00,train,1,2370,self,1.0,0,99,,
2025-11-27T00:32:17.006926+00:00,train,1,2371,self,1.0,0,95,,
2025-11-27T00:32:17.007036+00:00,train,1,2372,self,1.0,0,95,,
2025-11-27T00:32:17.007151+00:00,train,1,2373,self,1.0,0,88,,
2025-11-27T00:32:17.007261+00:00,train,1,2374,self,1.0,0,100,,
2025-11-27T00:32:17.007370+00:00,train,1,2375,self,1.0,0,96,,
2025-11-27T00:32:17.007479+00:00,train,1,2376,self,1.0,0,100,,
2025-11-27T00:32:17.007588+00:00,train,1,2377,self,1.0,0,96,,
2025-11-27T00:32:17.007698+00:00,train,1,2378,self,1.0,0,99,,
2025-11-27T00:32:17.007807+00:00,train,1,2379,self,1.0,0,86,,
2025-11-27T00:32:17.007916+00:00,train,1,2380,self,1.0,0,100,,
2025-11-27T00:32:17.008031+00:00,train,1,2381,self,1.0,0,86,,
2025-11-27T00:32:17.008140+00:00,train,1,2382,self,1.0,0,99,,
2025-11-27T00:32:17.008249+00:00,train,1,2383,self,1.0,0,99,,
2025-11-27T00:32:17.008358+00:00,train,1,2384,self,1.0,0,100,,
2025-11-27T00:32:17.008468+00:00,train,1,2385,self,1.0,0,87,,
2025-11-27T00:32:17.008576+00:00,train,1,2386,self,1.0,0,100,,
2025-11-27T00:32:17.008776+00:00,train,1,2387,self,1.0,0,89,,
2025-11-27T00:32:17.008918+00:00,train,1,2388,self,1.0,0,100,,
2025-11-27T00:32:17.009049+00:00,train,1,2389,self,1.0,0,94,,
2025-11-27T00:32:17.009170+00:00,train,1,2390,self,1.0,0,97,,
2025-11-27T00:32:17.009288+00:00,train,1,2391,self,1.0,0,95,,
2025-11-27T00:32:17.009403+00:00,train,1,2392,self,1.0,0,98,,
2025-11-27T00:32:17.009521+00:00,train,1,2393,self,1.0,0,93,,
2025-11-27T00:32:17.009636+00:00,train,1,2394,self,1.0,0,100,,
2025-11-27T00:32:17.009749+00:00,train,1,2395,self,1.0,0,80,,
2025-11-27T00:32:17.009861+00:00,train,1,2396,self,1.0,0,93,,
2025-11-27T00:32:17.009979+00:00,train,1,2397,self,1.0,0,92,,
2025-11-27T00:32:17.010090+00:00,train,1,2398,self,1.0,0,100,,
2025-11-27T00:32:17.010203+00:00,train,1,2399,self,1.0,0,92,,
2025-11-27T00:32:17.010314+00:00,train,1,2400,self,1.0,0,95,,
2025-11-27T00:32:17.010426+00:00,train,1,2401,self,1.0,0,73,,
2025-11-27T00:32:17.010647+00:00,train,1,2402,self,1.0,0,93,,
2025-11-27T00:32:17.010798+00:00,train,1,2403,self,1.0,0,92,,
2025-11-27T00:32:17.010929+00:00,train,1,2404,self,1.0,0,93,,
2025-11-27T00:32:17.011059+00:00,train,1,2405,self,1.0,0,98,,
2025-11-27T00:32:17.011181+00:00,train,1,2406,self,1.0,0,98,,
2025-11-27T00:32:17.011302+00:00,train,1,2407,self,1.0,0,87,,
2025-11-27T00:32:17.011420+00:00,train,1,2408,self,1.0,0,99,,
2025-11-27T00:32:17.011540+00:00,train,1,2409,self,1.0,0,95,,
2025-11-27T00:32:17.011658+00:00,train,1,2410,self,1.0,0,97,,
2025-11-27T00:32:17.011775+00:00,train,1,2411,self,1.0,0,80,,
2025-11-27T00:32:17.011894+00:00,train,1,2412,self,1.0,0,99,,
2025-11-27T00:32:17.012017+00:00,train,1,2413,self,1.0,0,94,,
2025-11-27T00:32:17.012134+00:00,train,1,2414,self,1.0,0,99,,
2025-11-27T00:32:17.012251+00:00,train,1,2415,self,1.0,0,100,,
2025-11-27T00:32:17.012370+00:00,train,1,2416,self,1.0,0,100,,
2025-11-27T00:32:17.012486+00:00,train,1,2417,self,1.0,0,93,,
2025-11-27T00:32:17.012603+00:00,train,1,2418,self,1.0,0,96,,
2025-11-27T00:32:17.012719+00:00,train,1,2419,self,1.0,0,84,,
2025-11-27T00:32:17.012835+00:00,train,1,2420,self,1.0,0,93,,
2025-11-27T00:32:17.012956+00:00,train,1,2421,self,1.0,0,96,,
2025-11-27T00:32:17.013072+00:00,train,1,2422,self,1.0,0,97,,
2025-11-27T00:32:17.013189+00:00,train,1,2423,self,1.0,0,96,,
2025-11-27T00:32:17.013304+00:00,train,1,2424,self,1.0,0,98,,
2025-11-27T00:32:17.013420+00:00,train,1,2425,self,1.0,0,89,,
2025-11-27T00:32:17.013535+00:00,train,1,2426,self,1.0,0,95,,
2025-11-27T00:32:17.013650+00:00,train,1,2427,self,1.0,0,89,,
2025-11-27T00:32:17.013766+00:00,train,1,2428,self,1.0,0,91,,
2025-11-27T00:32:17.013885+00:00,train,1,2429,self,1.0,0,95,,
2025-11-27T00:32:17.014002+00:00,train,1,2430,self,1.0,0,100,,
2025-11-27T00:32:17.014117+00:00,train,1,2431,self,1.0,0,67,,
2025-11-27T00:32:17.014233+00:00,train,1,2432,self,1.0,0,91,,
2025-11-27T00:32:17.014352+00:00,train,1,2433,self,1.0,0,92,,
2025-11-27T00:32:17.014468+00:00,train,1,2434,self,1.0,0,99,,
2025-11-27T00:32:17.014584+00:00,train,1,2435,self,1.0,0,97,,
2025-11-27T00:32:17.014699+00:00,train,1,2436,self,1.0,0,100,,
2025-11-27T00:32:17.014821+00:00,train,1,2437,self,1.0,0,93,,
2025-11-27T00:32:17.014936+00:00,train,1,2438,self,1.0,0,100,,
2025-11-27T00:32:17.015051+00:00,train,1,2439,self,1.0,0,97,,
2025-11-27T00:32:17.015167+00:00,train,1,2440,self,1.0,0,99,,
2025-11-27T00:32:17.015283+00:00,train,1,2441,self,1.0,0,96,,
2025-11-27T00:32:17.015399+00:00,train,1,2442,self,1.0,0,96,,
2025-11-27T00:32:17.015514+00:00,train,1,2443,self,1.0,0,82,,
2025-11-27T00:32:17.015629+00:00,train,1,2444,self,1.0,0,91,,
2025-11-27T00:32:17.015750+00:00,train,1,2445,self,1.0,0,84,,
2025-11-27T00:32:17.015865+00:00,train,1,2446,self,1.0,0,93,,
2025-11-27T00:32:17.015982+00:00,train,1,2447,self,1.0,0,95,,
2025-11-27T00:32:17.016097+00:00,train,1,2448,self,1.0,0,100,,
2025-11-27T00:32:17.016212+00:00,train,1,2449,self,1.0,0,90,,
2025-11-27T00:32:17.016328+00:00,train,1,2450,self,1.0,0,97,,
2025-11-27T00:32:17.016443+00:00,train,1,2451,self,1.0,0,92,,
2025-11-27T00:32:17.016558+00:00,train,1,2452,self,1.0,0,95,,
2025-11-27T00:32:17.016678+00:00,train,1,2453,self,1.0,0,86,,
2025-11-27T00:32:17.016794+00:00,train,1,2454,self,1.0,0,98,,
2025-11-27T00:32:17.016909+00:00,train,1,2455,self,1.0,0,81,,
2025-11-27T00:32:17.017024+00:00,train,1,2456,self,1.0,0,97,,
2025-11-27T00:32:17.017140+00:00,train,1,2457,self,1.0,0,99,,
2025-11-27T00:32:17.017255+00:00,train,1,2458,self,1.0,0,99,,
2025-11-27T00:32:17.017371+00:00,train,1,2459,self,1.0,0,95,,
2025-11-27T00:32:17.017486+00:00,train,1,2460,self,1.0,0,100,,
2025-11-27T00:32:17.017607+00:00,train,1,2461,self,1.0,0,95,,
2025-11-27T00:32:17.017722+00:00,train,1,2462,self,1.0,0,100,,
2025-11-27T00:32:17.017837+00:00,train,1,2463,self,1.0,0,86,,
2025-11-27T00:32:17.017953+00:00,train,1,2464,self,1.0,0,100,,
2025-11-27T00:32:17.018068+00:00,train,1,2465,self,1.0,0,93,,
2025-11-27T00:32:17.018182+00:00,train,1,2466,self,1.0,0,97,,
2025-11-27T00:32:17.018298+00:00,train,1,2467,self,1.0,0,96,,
2025-11-27T00:32:17.018414+00:00,train,1,2468,self,1.0,0,99,,
2025-11-27T00:32:17.018535+00:00,train,1,2469,self,1.0,0,95,,
2025-11-27T00:32:17.018650+00:00,train,1,2470,self,1.0,0,100,,
2025-11-27T00:32:17.018770+00:00,train,1,2471,self,1.0,0,90,,
2025-11-27T00:32:17.018886+00:00,train,1,2472,self,1.0,0,94,,
2025-11-27T00:32:17.019002+00:00,train,1,2473,self,1.0,0,92,,
2025-11-27T00:32:17.019119+00:00,train,1,2474,self,1.0,0,96,,
2025-11-27T00:32:17.019235+00:00,train,1,2475,self,1.0,0,88,,
2025-11-27T00:32:17.019350+00:00,train,1,2476,self,1.0,0,91,,
2025-11-27T00:32:17.019470+00:00,train,1,2477,self,1.0,0,95,,
2025-11-27T00:32:17.019585+00:00,train,1,2478,self,1.0,0,96,,
2025-11-27T00:32:17.019700+00:00,train,1,2479,self,1.0,0,88,,
2025-11-27T00:32:17.019814+00:00,train,1,2480,self,1.0,0,100,,
2025-11-27T00:32:17.019930+00:00,train,1,2481,self,1.0,0,94,,
2025-11-27T00:32:17.020046+00:00,train,1,2482,self,1.0,0,95,,
2025-11-27T00:32:17.020162+00:00,train,1,2483,self,1.0,0,90,,
2025-11-27T00:32:17.020277+00:00,train,1,2484,self,1.0,0,91,,
2025-11-27T00:32:17.020398+00:00,train,1,2485,self,1.0,0,97,,
2025-11-27T00:32:17.020545+00:00,train,1,2486,self,1.0,0,100,,
2025-11-27T00:32:17.020687+00:00,train,1,2487,self,1.0,0,98,,
2025-11-27T00:32:17.020854+00:00,train,1,2488,self,1.0,0,100,,
2025-11-27T00:32:17.021020+00:00,train,1,2489,self,1.0,0,94,,
2025-11-27T00:32:17.021136+00:00,train,1,2490,self,1.0,0,99,,
2025-11-27T00:32:17.021252+00:00,train,1,2491,self,1.0,0,95,,
2025-11-27T00:32:17.021368+00:00,train,1,2492,self,1.0,0,100,,
2025-11-27T00:32:17.021489+00:00,train,1,2493,self,1.0,0,87,,
2025-11-27T00:32:17.021605+00:00,train,1,2494,self,1.0,0,100,,
2025-11-27T00:32:17.021722+00:00,train,1,2495,self,1.0,0,98,,
2025-11-27T00:32:17.021837+00:00,train,1,2496,self,1.0,0,99,,
2025-11-27T00:32:17.022001+00:00,train,1,2497,self,1.0,0,93,,
2025-11-27T00:32:17.022119+00:00,train,1,2498,self,1.0,0,98,,
2025-11-27T00:32:17.022237+00:00,train,1,2499,self,1.0,0,94,,
2025-11-27T00:32:17.022353+00:00,train,1,2500,self,1.0,0,97,,
2025-11-27T00:32:17.034587+00:00,train,1,2501,self,1.0,0,93,,
2025-11-27T00:32:17.034810+00:00,train,1,2502,self,1.0,0,98,,
2025-11-27T00:32:17.034979+00:00,train,1,2503,self,1.0,0,96,,
2025-11-27T00:32:17.035139+00:00,train,1,2504,self,1.0,0,98,,
2025-11-27T00:32:17.035296+00:00,train,1,2505,self,1.0,0,94,,
2025-11-27T00:32:17.035450+00:00,train,1,2506,self,1.0,0,97,,
2025-11-27T00:32:17.035618+00:00,train,1,2507,self,1.0,0,82,,
2025-11-27T00:32:17.035774+00:00,train,1,2508,self,1.0,0,94,,
2025-11-27T00:32:17.035929+00:00,train,1,2509,self,1.0,0,98,,
2025-11-27T00:32:17.036083+00:00,train,1,2510,self,1.0,0,100,,
2025-11-27T00:32:17.036238+00:00,train,1,2511,self,1.0,0,97,,
2025-11-27T00:32:17.036393+00:00,train,1,2512,self,1.0,0,100,,
2025-11-27T00:32:17.036570+00:00,train,1,2513,self,1.0,0,98,,
2025-11-27T00:32:17.036730+00:00,train,1,2514,self,1.0,0,100,,
2025-11-27T00:32:17.036889+00:00,train,1,2515,self,1.0,0,97,,
2025-11-27T00:32:17.037048+00:00,train,1,2516,self,1.0,0,98,,
2025-11-27T00:32:17.037209+00:00,train,1,2517,self,1.0,0,92,,
2025-11-27T00:32:17.037369+00:00,train,1,2518,self,1.0,0,95,,
2025-11-27T00:32:17.037528+00:00,train,1,2519,self,1.0,0,97,,
2025-11-27T00:32:17.037692+00:00,train,1,2520,self,1.0,0,98,,
2025-11-27T00:32:17.037851+00:00,train,1,2521,self,1.0,0,95,,
2025-11-27T00:32:17.038011+00:00,train,1,2522,self,1.0,0,99,,
2025-11-27T00:32:17.038174+00:00,train,1,2523,self,1.0,0,77,,
2025-11-27T00:32:17.038333+00:00,train,1,2524,self,1.0,0,97,,
2025-11-27T00:32:17.038493+00:00,train,1,2525,self,1.0,0,100,,
2025-11-27T00:32:17.038652+00:00,train,1,2526,self,1.0,0,100,,
2025-11-27T00:32:17.038812+00:00,train,1,2527,self,1.0,0,92,,
2025-11-27T00:32:17.038972+00:00,train,1,2528,self,1.0,0,95,,
2025-11-27T00:32:17.039262+00:00,train,1,2529,self,1.0,0,82,,
2025-11-27T00:32:17.039464+00:00,train,1,2530,self,1.0,0,99,,
2025-11-27T00:32:17.039636+00:00,train,1,2531,self,1.0,0,99,,
2025-11-27T00:32:17.039798+00:00,train,1,2532,self,1.0,0,100,,
2025-11-27T00:32:17.039957+00:00,train,1,2533,self,1.0,0,86,,
2025-11-27T00:32:17.040112+00:00,train,1,2534,self,1.0,0,92,,
2025-11-27T00:32:17.040267+00:00,train,1,2535,self,1.0,0,86,,
2025-11-27T00:32:17.040419+00:00,train,1,2536,self,1.0,0,99,,
2025-11-27T00:32:17.040571+00:00,train,1,2537,self,1.0,0,92,,
2025-11-27T00:32:17.040721+00:00,train,1,2538,self,1.0,0,93,,
2025-11-27T00:32:17.040871+00:00,train,1,2539,self,1.0,0,96,,
2025-11-27T00:32:17.041019+00:00,train,1,2540,self,1.0,0,100,,
2025-11-27T00:32:17.041168+00:00,train,1,2541,self,1.0,0,95,,
2025-11-27T00:32:17.041319+00:00,train,1,2542,self,1.0,0,98,,
2025-11-27T00:32:17.041470+00:00,train,1,2543,self,1.0,0,89,,
2025-11-27T00:32:17.041620+00:00,train,1,2544,self,1.0,0,100,,
2025-11-27T00:32:17.041773+00:00,train,1,2545,self,1.0,0,100,,
2025-11-27T00:32:17.041922+00:00,train,1,2546,self,1.0,0,100,,
2025-11-27T00:32:17.042072+00:00,train,1,2547,self,1.0,0,94,,
2025-11-27T00:32:17.042222+00:00,train,1,2548,self,1.0,0,99,,
2025-11-27T00:32:17.042383+00:00,train,1,2549,self,1.0,0,95,,
2025-11-27T00:32:17.042534+00:00,train,1,2550,self,1.0,0,95,,
2025-11-27T00:32:17.042684+00:00,train,1,2551,self,1.0,0,98,,
2025-11-27T00:32:17.042835+00:00,train,1,2552,self,1.0,0,98,,
2025-11-27T00:32:17.042987+00:00,train,1,2553,self,1.0,0,93,,
2025-11-27T00:32:17.043137+00:00,train,1,2554,self,1.0,0,97,,
2025-11-27T00:32:17.043287+00:00,train,1,2555,self,1.0,0,89,,
2025-11-27T00:32:17.043437+00:00,train,1,2556,self,1.0,0,100,,
2025-11-27T00:32:17.043588+00:00,train,1,2557,self,1.0,0,90,,
2025-11-27T00:32:17.043738+00:00,train,1,2558,self,1.0,0,98,,
2025-11-27T00:32:17.043888+00:00,train,1,2559,self,1.0,0,93,,
2025-11-27T00:32:17.044037+00:00,train,1,2560,self,1.0,0,96,,
2025-11-27T00:32:17.044188+00:00,train,1,2561,self,1.0,0,98,,
2025-11-27T00:32:17.044338+00:00,train,1,2562,self,1.0,0,99,,
2025-11-27T00:32:17.044488+00:00,train,1,2563,self,1.0,0,86,,
2025-11-27T00:32:17.044639+00:00,train,1,2564,self,1.0,0,90,,
2025-11-27T00:32:17.044838+00:00,train,1,2565,self,1.0,0,96,,
2025-11-27T00:32:17.045046+00:00,train,1,2566,self,1.0,0,99,,
2025-11-27T00:32:17.045217+00:00,train,1,2567,self,1.0,0,80,,
2025-11-27T00:32:17.045380+00:00,train,1,2568,self,1.0,0,97,,
2025-11-27T00:32:17.045537+00:00,train,1,2569,self,1.0,0,99,,
2025-11-27T00:32:17.045692+00:00,train,1,2570,self,1.0,0,100,,
2025-11-27T00:32:17.045845+00:00,train,1,2571,self,1.0,0,91,,
2025-11-27T00:32:17.045998+00:00,train,1,2572,self,1.0,0,99,,
2025-11-27T00:32:17.046151+00:00,train,1,2573,self,1.0,0,93,,
2025-11-27T00:32:17.046304+00:00,train,1,2574,self,1.0,0,99,,
2025-11-27T00:32:17.046455+00:00,train,1,2575,self,1.0,0,87,,
2025-11-27T00:32:17.046605+00:00,train,1,2576,self,1.0,0,99,,
2025-11-27T00:32:17.046756+00:00,train,1,2577,self,1.0,0,100,,
2025-11-27T00:32:17.046907+00:00,train,1,2578,self,1.0,0,100,,
2025-11-27T00:32:17.047058+00:00,train,1,2579,self,1.0,0,95,,
2025-11-27T00:32:17.047210+00:00,train,1,2580,self,1.0,0,100,,
2025-11-27T00:32:17.047361+00:00,train,1,2581,self,1.0,0,100,,
2025-11-27T00:32:17.047511+00:00,train,1,2582,self,1.0,0,100,,
2025-11-27T00:32:17.047661+00:00,train,1,2583,self,1.0,0,70,,
2025-11-27T00:32:17.047812+00:00,train,1,2584,self,1.0,0,95,,
2025-11-27T00:32:17.047962+00:00,train,1,2585,self,1.0,0,97,,
2025-11-27T00:32:17.048111+00:00,train,1,2586,self,1.0,0,100,,
2025-11-27T00:32:17.048261+00:00,train,1,2587,self,1.0,0,99,,
2025-11-27T00:32:17.048411+00:00,train,1,2588,self,1.0,0,100,,
2025-11-27T00:32:17.048561+00:00,train,1,2589,self,1.0,0,93,,
2025-11-27T00:32:17.048711+00:00,train,1,2590,self,1.0,0,98,,
2025-11-27T00:32:17.048862+00:00,train,1,2591,self,1.0,0,95,,
2025-11-27T00:32:17.049013+00:00,train,1,2592,self,1.0,0,97,,
2025-11-27T00:32:17.049163+00:00,train,1,2593,self,1.0,0,99,,
2025-11-27T00:32:17.049318+00:00,train,1,2594,self,1.0,0,100,,
2025-11-27T00:32:17.049468+00:00,train,1,2595,self,1.0,0,92,,
2025-11-27T00:32:17.049617+00:00,train,1,2596,self,1.0,0,100,,
2025-11-27T00:32:17.049766+00:00,train,1,2597,self,1.0,0,97,,
2025-11-27T00:32:17.049916+00:00,train,1,2598,self,1.0,0,99,,
2025-11-27T00:32:17.050067+00:00,train,1,2599,self,1.0,0,97,,
2025-11-27T00:32:17.050217+00:00,train,1,2600,self,1.0,0,99,,
2025-11-27T00:32:17.050367+00:00,train,1,2601,self,1.0,0,96,,
2025-11-27T00:32:17.050518+00:00,train,1,2602,self,1.0,0,100,,
2025-11-27T00:32:17.050667+00:00,train,1,2603,self,1.0,0,92,,
2025-11-27T00:32:17.050817+00:00,train,1,2604,self,1.0,0,96,,
2025-11-27T00:32:17.050966+00:00,train,1,2605,self,1.0,0,95,,
2025-11-27T00:32:17.051116+00:00,train,1,2606,self,1.0,0,98,,
2025-11-27T00:32:17.051265+00:00,train,1,2607,self,1.0,0,95,,
2025-11-27T00:32:17.051416+00:00,train,1,2608,self,1.0,0,95,,
2025-11-27T00:32:17.051565+00:00,train,1,2609,self,1.0,0,99,,
2025-11-27T00:32:17.051718+00:00,train,1,2610,self,1.0,0,100,,
2025-11-27T00:32:17.051868+00:00,train,1,2611,self,1.0,0,92,,
2025-11-27T00:32:17.052018+00:00,train,1,2612,self,1.0,0,100,,
2025-11-27T00:32:17.052168+00:00,train,1,2613,self,1.0,0,98,,
2025-11-27T00:32:17.052318+00:00,train,1,2614,self,1.0,0,98,,
2025-11-27T00:32:17.052477+00:00,train,1,2615,self,1.0,0,90,,
2025-11-27T00:32:17.052639+00:00,train,1,2616,self,1.0,0,97,,
2025-11-27T00:32:17.052784+00:00,train,1,2617,self,1.0,0,93,,
2025-11-27T00:32:17.052928+00:00,train,1,2618,self,1.0,0,99,,
2025-11-27T00:32:17.053072+00:00,train,1,2619,self,1.0,0,96,,
2025-11-27T00:32:17.053217+00:00,train,1,2620,self,1.0,0,100,,
2025-11-27T00:32:17.053362+00:00,train,1,2621,self,1.0,0,95,,
2025-11-27T00:32:17.053506+00:00,train,1,2622,self,1.0,0,100,,
2025-11-27T00:32:17.053651+00:00,train,1,2623,self,1.0,0,91,,
2025-11-27T00:32:17.053796+00:00,train,1,2624,self,1.0,0,96,,
2025-11-27T00:32:17.053941+00:00,train,1,2625,self,1.0,0,94,,
2025-11-27T00:32:17.054084+00:00,train,1,2626,self,1.0,0,98,,
2025-11-27T00:32:17.054229+00:00,train,1,2627,self,1.0,0,92,,
2025-11-27T00:32:17.054373+00:00,train,1,2628,self,1.0,0,99,,
2025-11-27T00:32:17.054518+00:00,train,1,2629,self,1.0,0,91,,
2025-11-27T00:32:17.054663+00:00,train,1,2630,self,1.0,0,99,,
2025-11-27T00:32:17.054807+00:00,train,1,2631,self,1.0,0,93,,
2025-11-27T00:32:17.054952+00:00,train,1,2632,self,1.0,0,99,,
2025-11-27T00:32:17.055097+00:00,train,1,2633,self,1.0,0,92,,
2025-11-27T00:32:17.055268+00:00,train,1,2634,self,1.0,0,97,,
2025-11-27T00:32:17.055497+00:00,train,1,2635,self,1.0,0,93,,
2025-11-27T00:32:17.055661+00:00,train,1,2636,self,1.0,0,99,,
2025-11-27T00:32:17.055816+00:00,train,1,2637,self,1.0,0,99,,
2025-11-27T00:32:17.055966+00:00,train,1,2638,self,1.0,0,100,,
2025-11-27T00:32:17.056114+00:00,train,1,2639,self,1.0,0,91,,
2025-11-27T00:32:17.056261+00:00,train,1,2640,self,1.0,0,95,,
2025-11-27T00:32:17.056428+00:00,train,1,2641,self,1.0,0,96,,
2025-11-27T00:32:17.056635+00:00,train,1,2642,self,1.0,0,100,,
2025-11-27T00:32:17.056808+00:00,train,1,2643,self,1.0,0,97,,
2025-11-27T00:32:17.056971+00:00,train,1,2644,self,1.0,0,100,,
2025-11-27T00:32:17.057131+00:00,train,1,2645,self,1.0,0,98,,
2025-11-27T00:32:17.057287+00:00,train,1,2646,self,1.0,0,98,,
2025-11-27T00:32:17.057442+00:00,train,1,2647,self,1.0,0,95,,
2025-11-27T00:32:17.057597+00:00,train,1,2648,self,1.0,0,98,,
2025-11-27T00:32:17.057749+00:00,train,1,2649,self,1.0,0,99,,
2025-11-27T00:32:17.057900+00:00,train,1,2650,self,1.0,0,100,,
2025-11-27T00:32:17.058054+00:00,train,1,2651,self,1.0,0,99,,
2025-11-27T00:32:17.058204+00:00,train,1,2652,self,1.0,0,99,,
2025-11-27T00:32:17.058354+00:00,train,1,2653,self,1.0,0,95,,
2025-11-27T00:32:17.058503+00:00,train,1,2654,self,1.0,0,99,,
2025-11-27T00:32:17.058654+00:00,train,1,2655,self,1.0,0,94,,
2025-11-27T00:32:17.058802+00:00,train,1,2656,self,1.0,0,95,,
2025-11-27T00:32:17.058952+00:00,train,1,2657,self,1.0,0,98,,
2025-11-27T00:32:17.059100+00:00,train,1,2658,self,1.0,0,99,,
2025-11-27T00:32:17.059250+00:00,train,1,2659,self,1.0,0,90,,
2025-11-27T00:32:17.059399+00:00,train,1,2660,self,1.0,0,95,,
2025-11-27T00:32:17.059560+00:00,train,1,2661,self,1.0,0,88,,
2025-11-27T00:32:17.059705+00:00,train,1,2662,self,1.0,0,96,,
2025-11-27T00:32:17.059850+00:00,train,1,2663,self,1.0,0,93,,
2025-11-27T00:32:17.059994+00:00,train,1,2664,self,1.0,0,94,,
2025-11-27T00:32:17.060139+00:00,train,1,2665,self,1.0,0,95,,
2025-11-27T00:32:17.060285+00:00,train,1,2666,self,1.0,0,99,,
2025-11-27T00:32:17.060429+00:00,train,1,2667,self,1.0,0,90,,
2025-11-27T00:32:17.060574+00:00,train,1,2668,self,1.0,0,97,,
2025-11-27T00:32:17.060719+00:00,train,1,2669,self,1.0,0,86,,
2025-11-27T00:32:17.060865+00:00,train,1,2670,self,1.0,0,91,,
2025-11-27T00:32:17.061009+00:00,train,1,2671,self,1.0,0,95,,
2025-11-27T00:32:17.061153+00:00,train,1,2672,self,1.0,0,99,,
2025-11-27T00:32:17.061297+00:00,train,1,2673,self,1.0,0,98,,
2025-11-27T00:32:17.061442+00:00,train,1,2674,self,1.0,0,100,,
2025-11-27T00:32:17.061590+00:00,train,1,2675,self,1.0,0,88,,
2025-11-27T00:32:17.061736+00:00,train,1,2676,self,1.0,0,94,,
2025-11-27T00:32:17.061883+00:00,train,1,2677,self,1.0,0,87,,
2025-11-27T00:32:17.062027+00:00,train,1,2678,self,1.0,0,100,,
2025-11-27T00:32:17.062171+00:00,train,1,2679,self,1.0,0,90,,
2025-11-27T00:32:17.062315+00:00,train,1,2680,self,1.0,0,99,,
2025-11-27T00:32:17.062462+00:00,train,1,2681,self,1.0,0,91,,
2025-11-27T00:32:17.062607+00:00,train,1,2682,self,1.0,0,98,,
2025-11-27T00:32:17.062753+00:00,train,1,2683,self,1.0,0,89,,
2025-11-27T00:32:17.062898+00:00,train,1,2684,self,1.0,0,95,,
2025-11-27T00:32:17.063043+00:00,train,1,2685,self,1.0,0,92,,
2025-11-27T00:32:17.063189+00:00,train,1,2686,self,1.0,0,93,,
2025-11-27T00:32:17.063333+00:00,train,1,2687,self,1.0,0,98,,
2025-11-27T00:32:17.063477+00:00,train,1,2688,self,1.0,0,100,,
2025-11-27T00:32:17.063621+00:00,train,1,2689,self,1.0,0,98,,
2025-11-27T00:32:17.063766+00:00,train,1,2690,self,1.0,0,99,,
2025-11-27T00:32:17.063910+00:00,train,1,2691,self,1.0,0,93,,
2025-11-27T00:32:17.064055+00:00,train,1,2692,self,1.0,0,94,,
2025-11-27T00:32:17.064199+00:00,train,1,2693,self,1.0,0,80,,
2025-11-27T00:32:17.064348+00:00,train,1,2694,self,1.0,0,98,,
2025-11-27T00:32:17.064492+00:00,train,1,2695,self,1.0,0,93,,
2025-11-27T00:32:17.064636+00:00,train,1,2696,self,1.0,0,99,,
2025-11-27T00:32:17.064780+00:00,train,1,2697,self,1.0,0,94,,
2025-11-27T00:32:17.064925+00:00,train,1,2698,self,1.0,0,98,,
2025-11-27T00:32:17.065069+00:00,train,1,2699,self,1.0,0,97,,
2025-11-27T00:32:17.065213+00:00,train,1,2700,self,1.0,0,100,,
2025-11-27T00:32:17.065360+00:00,train,1,2701,self,1.0,0,97,,
2025-11-27T00:32:17.065505+00:00,train,1,2702,self,1.0,0,98,,
2025-11-27T00:32:17.065649+00:00,train,1,2703,self,1.0,0,100,,
2025-11-27T00:32:17.065793+00:00,train,1,2704,self,1.0,0,100,,
2025-11-27T00:32:17.065937+00:00,train,1,2705,self,1.0,0,80,,
2025-11-27T00:32:17.066081+00:00,train,1,2706,self,1.0,0,92,,
2025-11-27T00:32:17.066225+00:00,train,1,2707,self,1.0,0,99,,
2025-11-27T00:32:17.066370+00:00,train,1,2708,self,1.0,0,100,,
2025-11-27T00:32:17.066519+00:00,train,1,2709,self,1.0,0,93,,
2025-11-27T00:32:17.066664+00:00,train,1,2710,self,1.0,0,98,,
2025-11-27T00:32:17.066808+00:00,train,1,2711,self,1.0,0,97,,
2025-11-27T00:32:17.066952+00:00,train,1,2712,self,1.0,0,98,,
2025-11-27T00:32:17.067095+00:00,train,1,2713,self,1.0,0,97,,
2025-11-27T00:32:17.067240+00:00,train,1,2714,self,1.0,0,99,,
2025-11-27T00:32:17.067383+00:00,train,1,2715,self,1.0,0,94,,
2025-11-27T00:32:17.067527+00:00,train,1,2716,self,1.0,0,99,,
2025-11-27T00:32:17.067673+00:00,train,1,2717,self,1.0,0,92,,
2025-11-27T00:32:17.067819+00:00,train,1,2718,self,1.0,0,97,,
2025-11-27T00:32:17.067963+00:00,train,1,2719,self,1.0,0,96,,
2025-11-27T00:32:17.068107+00:00,train,1,2720,self,1.0,0,99,,
2025-11-27T00:32:17.068250+00:00,train,1,2721,self,1.0,0,97,,
2025-11-27T00:32:17.068394+00:00,train,1,2722,self,1.0,0,97,,
2025-11-27T00:32:17.068537+00:00,train,1,2723,self,1.0,0,92,,
2025-11-27T00:32:17.068682+00:00,train,1,2724,self,1.0,0,97,,
2025-11-27T00:32:17.068826+00:00,train,1,2725,self,1.0,0,98,,
2025-11-27T00:32:17.068970+00:00,train,1,2726,self,1.0,0,98,,
2025-11-27T00:32:17.069114+00:00,train,1,2727,self,1.0,0,89,,
2025-11-27T00:32:17.069257+00:00,train,1,2728,self,1.0,0,91,,
2025-11-27T00:32:17.069401+00:00,train,1,2729,self,1.0,0,99,,
2025-11-27T00:32:17.069545+00:00,train,1,2730,self,1.0,0,100,,
2025-11-27T00:32:17.069689+00:00,train,1,2731,self,1.0,0,94,,
2025-11-27T00:32:17.069833+00:00,train,1,2732,self,1.0,0,97,,
2025-11-27T00:32:17.069976+00:00,train,1,2733,self,1.0,0,90,,
2025-11-27T00:32:17.070120+00:00,train,1,2734,self,1.0,0,99,,
2025-11-27T00:32:17.070264+00:00,train,1,2735,self,1.0,0,84,,
2025-11-27T00:32:17.070407+00:00,train,1,2736,self,1.0,0,100,,
2025-11-27T00:32:17.070551+00:00,train,1,2737,self,1.0,0,98,,
2025-11-27T00:32:17.070695+00:00,train,1,2738,self,1.0,0,99,,
2025-11-27T00:32:17.070839+00:00,train,1,2739,self,1.0,0,87,,
2025-11-27T00:32:17.070984+00:00,train,1,2740,self,1.0,0,94,,
2025-11-27T00:32:17.071127+00:00,train,1,2741,self,1.0,0,96,,
2025-11-27T00:32:17.071271+00:00,train,1,2742,self,1.0,0,100,,
2025-11-27T00:32:17.071416+00:00,train,1,2743,self,1.0,0,98,,
2025-11-27T00:32:17.071560+00:00,train,1,2744,self,1.0,0,98,,
2025-11-27T00:32:17.071711+00:00,train,1,2745,self,1.0,0,91,,
2025-11-27T00:32:17.071856+00:00,train,1,2746,self,1.0,0,100,,
2025-11-27T00:32:17.071999+00:00,train,1,2747,self,1.0,0,96,,
2025-11-27T00:32:17.072142+00:00,train,1,2748,self,1.0,0,99,,
2025-11-27T00:32:17.072285+00:00,train,1,2749,self,1.0,0,98,,
2025-11-27T00:32:17.072431+00:00,train,1,2750,self,1.0,0,100,,
2025-11-27T00:32:17.072575+00:00,train,1,2751,self,1.0,0,94,,
2025-11-27T00:32:17.072728+00:00,train,1,2752,self,1.0,0,98,,
2025-11-27T00:32:17.072867+00:00,train,1,2753,self,1.0,0,98,,
2025-11-27T00:32:17.073006+00:00,train,1,2754,self,1.0,0,99,,
2025-11-27T00:32:17.073145+00:00,train,1,2755,self,1.0,0,93,,
2025-11-27T00:32:17.073284+00:00,train,1,2756,self,1.0,0,98,,
2025-11-27T00:32:17.073423+00:00,train,1,2757,self,1.0,0,90,,
2025-11-27T00:32:17.073562+00:00,train,1,2758,self,1.0,0,94,,
2025-11-27T00:32:17.073702+00:00,train,1,2759,self,1.0,0,100,,
2025-11-27T00:32:17.073841+00:00,train,1,2760,self,1.0,0,100,,
2025-11-27T00:32:17.073981+00:00,train,1,2761,self,1.0,0,93,,
2025-11-27T00:32:17.074120+00:00,train,1,2762,self,1.0,0,100,,
2025-11-27T00:32:17.074260+00:00,train,1,2763,self,1.0,0,98,,
2025-11-27T00:32:17.074399+00:00,train,1,2764,self,1.0,0,99,,
2025-11-27T00:32:17.074538+00:00,train,1,2765,self,1.0,0,83,,
2025-11-27T00:32:17.074678+00:00,train,1,2766,self,1.0,0,98,,
2025-11-27T00:32:17.074818+00:00,train,1,2767,self,1.0,0,94,,
2025-11-27T00:32:17.074957+00:00,train,1,2768,self,1.0,0,97,,
2025-11-27T00:32:17.075096+00:00,train,1,2769,self,1.0,0,88,,
2025-11-27T00:32:17.075235+00:00,train,1,2770,self,1.0,0,100,,
2025-11-27T00:32:17.075378+00:00,train,1,2771,self,1.0,0,79,,
2025-11-27T00:32:17.075517+00:00,train,1,2772,self,1.0,0,99,,
2025-11-27T00:32:17.075657+00:00,train,1,2773,self,1.0,0,92,,
2025-11-27T00:32:17.075796+00:00,train,1,2774,self,1.0,0,93,,
2025-11-27T00:32:17.075935+00:00,train,1,2775,self,1.0,0,98,,
2025-11-27T00:32:17.076078+00:00,train,1,2776,self,1.0,0,100,,
2025-11-27T00:32:17.076218+00:00,train,1,2777,self,1.0,0,91,,
2025-11-27T00:32:17.076358+00:00,train,1,2778,self,1.0,0,100,,
2025-11-27T00:32:17.076500+00:00,train,1,2779,self,1.0,0,88,,
2025-11-27T00:32:17.076645+00:00,train,1,2780,self,1.0,0,98,,
2025-11-27T00:32:17.076786+00:00,train,1,2781,self,1.0,0,87,,
2025-11-27T00:32:17.076926+00:00,train,1,2782,self,1.0,0,98,,
2025-11-27T00:32:17.077066+00:00,train,1,2783,self,1.0,0,97,,
2025-11-27T00:32:17.077206+00:00,train,1,2784,self,1.0,0,100,,
2025-11-27T00:32:17.077345+00:00,train,1,2785,self,1.0,0,100,,
2025-11-27T00:32:17.077484+00:00,train,1,2786,self,1.0,0,100,,
2025-11-27T00:32:17.077623+00:00,train,1,2787,self,1.0,0,89,,
2025-11-27T00:32:17.077765+00:00,train,1,2788,self,1.0,0,95,,
2025-11-27T00:32:17.077905+00:00,train,1,2789,self,1.0,0,92,,
2025-11-27T00:32:17.078045+00:00,train,1,2790,self,1.0,0,98,,
2025-11-27T00:32:17.078184+00:00,train,1,2791,self,1.0,0,86,,
2025-11-27T00:32:17.078322+00:00,train,1,2792,self,1.0,0,96,,
2025-11-27T00:32:17.078461+00:00,train,1,2793,self,1.0,0,97,,
2025-11-27T00:32:17.078603+00:00,train,1,2794,self,1.0,0,98,,
2025-11-27T00:32:17.078743+00:00,train,1,2795,self,1.0,0,95,,
2025-11-27T00:32:17.078882+00:00,train,1,2796,self,1.0,0,98,,
2025-11-27T00:32:17.079023+00:00,train,1,2797,self,1.0,0,90,,
2025-11-27T00:32:17.079161+00:00,train,1,2798,self,1.0,0,94,,
2025-11-27T00:32:17.079300+00:00,train,1,2799,self,1.0,0,95,,
2025-11-27T00:32:17.079440+00:00,train,1,2800,self,1.0,0,100,,
2025-11-27T00:32:17.079580+00:00,train,1,2801,self,1.0,0,81,,
2025-11-27T00:32:17.079719+00:00,train,1,2802,self,1.0,0,98,,
2025-11-27T00:32:17.079859+00:00,train,1,2803,self,1.0,0,84,,
2025-11-27T00:32:17.079999+00:00,train,1,2804,self,1.0,0,98,,
2025-11-27T00:32:17.080140+00:00,train,1,2805,self,1.0,0,90,,
2025-11-27T00:32:17.080279+00:00,train,1,2806,self,1.0,0,100,,
2025-11-27T00:32:17.080417+00:00,train,1,2807,self,1.0,0,100,,
2025-11-27T00:32:17.080556+00:00,train,1,2808,self,1.0,0,100,,
2025-11-27T00:32:17.080695+00:00,train,1,2809,self,1.0,0,95,,
2025-11-27T00:32:17.080834+00:00,train,1,2810,self,1.0,0,97,,
2025-11-27T00:32:17.080973+00:00,train,1,2811,self,1.0,0,93,,
2025-11-27T00:32:17.081111+00:00,train,1,2812,self,1.0,0,97,,
2025-11-27T00:32:17.081251+00:00,train,1,2813,self,1.0,0,91,,
2025-11-27T00:32:17.081391+00:00,train,1,2814,self,1.0,0,100,,
2025-11-27T00:32:17.081544+00:00,train,1,2815,self,1.0,0,86,,
2025-11-27T00:32:17.081681+00:00,train,1,2816,self,1.0,0,97,,
2025-11-27T00:32:17.081817+00:00,train,1,2817,self,1.0,0,97,,
2025-11-27T00:32:17.081952+00:00,train,1,2818,self,1.0,0,100,,
2025-11-27T00:32:17.082089+00:00,train,1,2819,self,1.0,0,99,,
2025-11-27T00:32:17.082224+00:00,train,1,2820,self,1.0,0,100,,
2025-11-27T00:32:17.082361+00:00,train,1,2821,self,1.0,0,93,,
2025-11-27T00:32:17.082497+00:00,train,1,2822,self,1.0,0,98,,
2025-11-27T00:32:17.082643+00:00,train,1,2823,self,1.0,0,94,,
2025-11-27T00:32:17.082775+00:00,train,1,2824,self,1.0,0,100,,
2025-11-27T00:32:17.082908+00:00,train,1,2825,self,1.0,0,94,,
2025-11-27T00:32:17.083039+00:00,train,1,2826,self,1.0,0,100,,
2025-11-27T00:32:17.083171+00:00,train,1,2827,self,1.0,0,96,,
2025-11-27T00:32:17.083303+00:00,train,1,2828,self,1.0,0,97,,
2025-11-27T00:32:17.083435+00:00,train,1,2829,self,1.0,0,90,,
2025-11-27T00:32:17.083578+00:00,train,1,2830,self,1.0,0,95,,
2025-11-27T00:32:17.083706+00:00,train,1,2831,self,1.0,0,99,,
2025-11-27T00:32:17.083834+00:00,train,1,2832,self,1.0,0,100,,
2025-11-27T00:32:17.083963+00:00,train,1,2833,self,1.0,0,88,,
2025-11-27T00:32:17.084090+00:00,train,1,2834,self,1.0,0,98,,
2025-11-27T00:32:17.084218+00:00,train,1,2835,self,1.0,0,95,,
2025-11-27T00:32:17.084345+00:00,train,1,2836,self,1.0,0,97,,
2025-11-27T00:32:17.084473+00:00,train,1,2837,self,1.0,0,95,,
2025-11-27T00:32:17.084612+00:00,train,1,2838,self,1.0,0,100,,
2025-11-27T00:32:17.084736+00:00,train,1,2839,self,1.0,0,92,,
2025-11-27T00:32:17.084860+00:00,train,1,2840,self,1.0,0,98,,
2025-11-27T00:32:17.084984+00:00,train,1,2841,self,1.0,0,95,,
2025-11-27T00:32:17.085108+00:00,train,1,2842,self,1.0,0,98,,
2025-11-27T00:32:17.085233+00:00,train,1,2843,self,1.0,0,96,,
2025-11-27T00:32:17.085360+00:00,train,1,2844,self,1.0,0,96,,
2025-11-27T00:32:17.085484+00:00,train,1,2845,self,1.0,0,98,,
2025-11-27T00:32:17.085619+00:00,train,1,2846,self,1.0,0,99,,
2025-11-27T00:32:17.085740+00:00,train,1,2847,self,1.0,0,94,,
2025-11-27T00:32:17.085860+00:00,train,1,2848,self,1.0,0,95,,
2025-11-27T00:32:17.085982+00:00,train,1,2849,self,1.0,0,88,,
2025-11-27T00:32:17.086103+00:00,train,1,2850,self,1.0,0,98,,
2025-11-27T00:32:17.086224+00:00,train,1,2851,self,1.0,0,99,,
2025-11-27T00:32:17.086345+00:00,train,1,2852,self,1.0,0,99,,
2025-11-27T00:32:17.086466+00:00,train,1,2853,self,1.0,0,97,,
2025-11-27T00:32:17.086602+00:00,train,1,2854,self,1.0,0,100,,
2025-11-27T00:32:17.086724+00:00,train,1,2855,self,1.0,0,99,,
2025-11-27T00:32:17.086842+00:00,train,1,2856,self,1.0,0,100,,
2025-11-27T00:32:17.086960+00:00,train,1,2857,self,1.0,0,97,,
2025-11-27T00:32:17.087078+00:00,train,1,2858,self,1.0,0,97,,
2025-11-27T00:32:17.087196+00:00,train,1,2859,self,1.0,0,88,,
2025-11-27T00:32:17.087314+00:00,train,1,2860,self,1.0,0,94,,
2025-11-27T00:32:17.087433+00:00,train,1,2861,self,1.0,0,100,,
2025-11-27T00:32:17.087565+00:00,train,1,2862,self,1.0,0,100,,
2025-11-27T00:32:17.087689+00:00,train,1,2863,self,1.0,0,89,,
2025-11-27T00:32:17.087806+00:00,train,1,2864,self,1.0,0,100,,
2025-11-27T00:32:17.087923+00:00,train,1,2865,self,1.0,0,86,,
2025-11-27T00:32:17.088039+00:00,train,1,2866,self,1.0,0,98,,
2025-11-27T00:32:17.088154+00:00,train,1,2867,self,1.0,0,94,,
2025-11-27T00:32:17.088269+00:00,train,1,2868,self,1.0,0,100,,
2025-11-27T00:32:17.088387+00:00,train,1,2869,self,1.0,0,97,,
2025-11-27T00:32:17.088502+00:00,train,1,2870,self,1.0,0,100,,
2025-11-27T00:32:17.088621+00:00,train,1,2871,self,1.0,0,90,,
2025-11-27T00:32:17.088737+00:00,train,1,2872,self,1.0,0,93,,
2025-11-27T00:32:17.088852+00:00,train,1,2873,self,1.0,0,89,,
2025-11-27T00:32:17.088967+00:00,train,1,2874,self,1.0,0,96,,
2025-11-27T00:32:17.089082+00:00,train,1,2875,self,1.0,0,91,,
2025-11-27T00:32:17.089198+00:00,train,1,2876,self,1.0,0,98,,
2025-11-27T00:32:17.089313+00:00,train,1,2877,self,1.0,0,88,,
2025-11-27T00:32:17.089429+00:00,train,1,2878,self,1.0,0,100,,
2025-11-27T00:32:17.089544+00:00,train,1,2879,self,1.0,0,97,,
2025-11-27T00:32:17.089660+00:00,train,1,2880,self,1.0,0,99,,
2025-11-27T00:32:17.089774+00:00,train,1,2881,self,1.0,0,92,,
2025-11-27T00:32:17.089889+00:00,train,1,2882,self,1.0,0,94,,
2025-11-27T00:32:17.090004+00:00,train,1,2883,self,1.0,0,97,,
2025-11-27T00:32:17.090119+00:00,train,1,2884,self,1.0,0,99,,
2025-11-27T00:32:17.090234+00:00,train,1,2885,self,1.0,0,82,,
2025-11-27T00:32:17.090349+00:00,train,1,2886,self,1.0,0,99,,
2025-11-27T00:32:17.090464+00:00,train,1,2887,self,1.0,0,100,,
2025-11-27T00:32:17.090581+00:00,train,1,2888,self,1.0,0,100,,
2025-11-27T00:32:17.090697+00:00,train,1,2889,self,1.0,0,98,,
2025-11-27T00:32:17.090812+00:00,train,1,2890,self,1.0,0,98,,
2025-11-27T00:32:17.090928+00:00,train,1,2891,self,1.0,0,93,,
2025-11-27T00:32:17.091043+00:00,train,1,2892,self,1.0,0,99,,
2025-11-27T00:32:17.091158+00:00,train,1,2893,self,1.0,0,98,,
2025-11-27T00:32:17.091274+00:00,train,1,2894,self,1.0,0,99,,
2025-11-27T00:32:17.091389+00:00,train,1,2895,self,1.0,0,92,,
2025-11-27T00:32:17.091504+00:00,train,1,2896,self,1.0,0,99,,
2025-11-27T00:32:17.091619+00:00,train,1,2897,self,1.0,0,86,,
2025-11-27T00:32:17.091734+00:00,train,1,2898,self,1.0,0,100,,
2025-11-27T00:32:17.091849+00:00,train,1,2899,self,1.0,0,98,,
2025-11-27T00:32:17.091965+00:00,train,1,2900,self,1.0,0,99,,
2025-11-27T00:32:17.092081+00:00,train,1,2901,self,1.0,0,96,,
2025-11-27T00:32:17.092196+00:00,train,1,2902,self,1.0,0,98,,
2025-11-27T00:32:17.092311+00:00,train,1,2903,self,1.0,0,85,,
2025-11-27T00:32:17.092428+00:00,train,1,2904,self,1.0,0,86,,
2025-11-27T00:32:17.092543+00:00,train,1,2905,self,1.0,0,98,,
2025-11-27T00:32:17.092659+00:00,train,1,2906,self,1.0,0,99,,
2025-11-27T00:32:17.092774+00:00,train,1,2907,self,1.0,0,99,,
2025-11-27T00:32:17.092889+00:00,train,1,2908,self,1.0,0,100,,
2025-11-27T00:32:17.093003+00:00,train,1,2909,self,1.0,0,83,,
2025-11-27T00:32:17.093118+00:00,train,1,2910,self,1.0,0,90,,
2025-11-27T00:32:17.093234+00:00,train,1,2911,self,1.0,0,89,,
2025-11-27T00:32:17.093349+00:00,train,1,2912,self,1.0,0,97,,
2025-11-27T00:32:17.093464+00:00,train,1,2913,self,1.0,0,95,,
2025-11-27T00:32:17.093580+00:00,train,1,2914,self,1.0,0,100,,
2025-11-27T00:32:17.093695+00:00,train,1,2915,self,1.0,0,99,,
2025-11-27T00:32:17.093810+00:00,train,1,2916,self,1.0,0,100,,
2025-11-27T00:32:17.093925+00:00,train,1,2917,self,1.0,0,94,,
2025-11-27T00:32:17.094042+00:00,train,1,2918,self,1.0,0,96,,
2025-11-27T00:32:17.094157+00:00,train,1,2919,self,1.0,0,96,,
2025-11-27T00:32:17.094272+00:00,train,1,2920,self,1.0,0,96,,
2025-11-27T00:32:17.094386+00:00,train,1,2921,self,1.0,0,87,,
2025-11-27T00:32:17.094501+00:00,train,1,2922,self,1.0,0,97,,
2025-11-27T00:32:17.094616+00:00,train,1,2923,self,1.0,0,83,,
2025-11-27T00:32:17.094732+00:00,train,1,2924,self,1.0,0,96,,
2025-11-27T00:32:17.094851+00:00,train,1,2925,self,1.0,0,97,,
2025-11-27T00:32:17.094967+00:00,train,1,2926,self,1.0,0,99,,
2025-11-27T00:32:17.095082+00:00,train,1,2927,self,1.0,0,89,,
2025-11-27T00:32:17.095197+00:00,train,1,2928,self,1.0,0,94,,
2025-11-27T00:32:17.095314+00:00,train,1,2929,self,1.0,0,97,,
2025-11-27T00:32:17.095429+00:00,train,1,2930,self,1.0,0,99,,
2025-11-27T00:32:17.095543+00:00,train,1,2931,self,1.0,0,99,,
2025-11-27T00:32:17.095658+00:00,train,1,2932,self,1.0,0,100,,
2025-11-27T00:32:17.095773+00:00,train,1,2933,self,1.0,0,90,,
2025-11-27T00:32:17.095890+00:00,train,1,2934,self,1.0,0,100,,
2025-11-27T00:32:17.096005+00:00,train,1,2935,self,1.0,0,89,,
2025-11-27T00:32:17.096122+00:00,train,1,2936,self,1.0,0,99,,
2025-11-27T00:32:17.096237+00:00,train,1,2937,self,1.0,0,96,,
2025-11-27T00:32:17.096353+00:00,train,1,2938,self,1.0,0,100,,
2025-11-27T00:32:17.096469+00:00,train,1,2939,self,1.0,0,89,,
2025-11-27T00:32:17.096584+00:00,train,1,2940,self,1.0,0,99,,
2025-11-27T00:32:17.096700+00:00,train,1,2941,self,1.0,0,84,,
2025-11-27T00:32:17.096816+00:00,train,1,2942,self,1.0,0,100,,
2025-11-27T00:32:17.096935+00:00,train,1,2943,self,1.0,0,89,,
2025-11-27T00:32:17.097156+00:00,train,1,2944,self,1.0,0,89,,
2025-11-27T00:32:17.097285+00:00,train,1,2945,self,1.0,0,91,,
2025-11-27T00:32:17.097405+00:00,train,1,2946,self,1.0,0,91,,
2025-11-27T00:32:17.097538+00:00,train,1,2947,self,1.0,0,93,,
2025-11-27T00:32:17.097654+00:00,train,1,2948,self,1.0,0,100,,
2025-11-27T00:32:17.097789+00:00,train,1,2949,self,1.0,0,92,,
2025-11-27T00:32:17.097902+00:00,train,1,2950,self,1.0,0,99,,
2025-11-27T00:32:17.098034+00:00,train,1,2951,self,1.0,0,97,,
2025-11-27T00:32:17.098147+00:00,train,1,2952,self,1.0,0,100,,
2025-11-27T00:32:17.098262+00:00,train,1,2953,self,1.0,0,91,,
2025-11-27T00:32:17.098373+00:00,train,1,2954,self,1.0,0,97,,
2025-11-27T00:32:17.098502+00:00,train,1,2955,self,1.0,0,97,,
2025-11-27T00:32:17.098613+00:00,train,1,2956,self,1.0,0,98,,
2025-11-27T00:32:17.098747+00:00,train,1,2957,self,1.0,0,91,,
2025-11-27T00:32:17.098857+00:00,train,1,2958,self,1.0,0,95,,
2025-11-27T00:32:17.098967+00:00,train,1,2959,self,1.0,0,94,,
2025-11-27T00:32:17.099076+00:00,train,1,2960,self,1.0,0,100,,
2025-11-27T00:32:17.099186+00:00,train,1,2961,self,1.0,0,97,,
2025-11-27T00:32:17.099312+00:00,train,1,2962,self,1.0,0,98,,
2025-11-27T00:32:17.099423+00:00,train,1,2963,self,1.0,0,79,,
2025-11-27T00:32:17.099534+00:00,train,1,2964,self,1.0,0,94,,
2025-11-27T00:32:17.099644+00:00,train,1,2965,self,1.0,0,92,,
2025-11-27T00:32:17.099754+00:00,train,1,2966,self,1.0,0,95,,
2025-11-27T00:32:17.099864+00:00,train,1,2967,self,1.0,0,93,,
2025-11-27T00:32:17.099974+00:00,train,1,2968,self,1.0,0,94,,
2025-11-27T00:32:17.100084+00:00,train,1,2969,self,1.0,0,94,,
2025-11-27T00:32:17.100194+00:00,train,1,2970,self,1.0,0,98,,
2025-11-27T00:32:17.100304+00:00,train,1,2971,self,1.0,0,98,,
2025-11-27T00:32:17.100413+00:00,train,1,2972,self,1.0,0,99,,
2025-11-27T00:32:17.100523+00:00,train,1,2973,self,1.0,0,76,,
2025-11-27T00:32:17.100633+00:00,train,1,2974,self,1.0,0,98,,
2025-11-27T00:32:17.100742+00:00,train,1,2975,self,1.0,0,87,,
2025-11-27T00:32:17.100852+00:00,train,1,2976,self,1.0,0,97,,
2025-11-27T00:32:17.100962+00:00,train,1,2977,self,1.0,0,100,,
2025-11-27T00:32:17.101072+00:00,train,1,2978,self,1.0,0,100,,
2025-11-27T00:32:17.101181+00:00,train,1,2979,self,1.0,0,95,,
2025-11-27T00:32:17.101291+00:00,train,1,2980,self,1.0,0,98,,
2025-11-27T00:32:17.101400+00:00,train,1,2981,self,1.0,0,92,,
2025-11-27T00:32:17.101557+00:00,train,1,2982,self,1.0,0,100,,
2025-11-27T00:32:17.101668+00:00,train,1,2983,self,1.0,0,84,,
2025-11-27T00:32:17.101777+00:00,train,1,2984,self,1.0,0,95,,
2025-11-27T00:32:17.101887+00:00,train,1,2985,self,1.0,0,95,,
2025-11-27T00:32:17.101997+00:00,train,1,2986,self,1.0,0,98,,
2025-11-27T00:32:17.102106+00:00,train,1,2987,self,1.0,0,91,,
2025-11-27T00:32:17.102216+00:00,train,1,2988,self,1.0,0,98,,
2025-11-27T00:32:17.102326+00:00,train,1,2989,self,1.0,0,81,,
2025-11-27T00:32:17.102435+00:00,train,1,2990,self,1.0,0,98,,
2025-11-27T00:32:17.102544+00:00,train,1,2991,self,1.0,0,95,,
2025-11-27T00:32:17.102653+00:00,train,1,2992,self,1.0,0,98,,
2025-11-27T00:32:17.102763+00:00,train,1,2993,self,1.0,0,75,,
2025-11-27T00:32:17.102873+00:00,train,1,2994,self,1.0,0,94,,
2025-11-27T00:32:17.102982+00:00,train,1,2995,self,1.0,0,95,,
2025-11-27T00:32:17.103091+00:00,train,1,2996,self,1.0,0,100,,
2025-11-27T00:32:17.103201+00:00,train,1,2997,self,1.0,0,97,,
2025-11-27T00:32:17.103311+00:00,train,1,2998,self,1.0,0,100,,
2025-11-27T00:32:17.103424+00:00,train,1,2999,self,1.0,0,94,,
2025-11-27T00:32:17.103533+00:00,train,1,3000,self,1.0,0,100,,
2025-11-27T00:32:17.103642+00:00,train,1,3001,self,1.0,0,99,,
2025-11-27T00:32:17.103752+00:00,train,1,3002,self,1.0,0,100,,
2025-11-27T00:32:17.103862+00:00,train,1,3003,self,1.0,0,93,,
2025-11-27T00:32:17.103971+00:00,train,1,3004,self,1.0,0,97,,
2025-11-27T00:32:17.104081+00:00,train,1,3005,self,1.0,0,93,,
2025-11-27T00:32:17.104191+00:00,train,1,3006,self,1.0,0,100,,
2025-11-27T00:32:17.104301+00:00,train,1,3007,self,1.0,0,95,,
2025-11-27T00:32:17.104410+00:00,train,1,3008,self,1.0,0,97,,
2025-11-27T00:32:17.104518+00:00,train,1,3009,self,1.0,0,87,,
2025-11-27T00:32:17.104628+00:00,train,1,3010,self,1.0,0,100,,
2025-11-27T00:32:17.104737+00:00,train,1,3011,self,1.0,0,98,,
2025-11-27T00:32:17.104847+00:00,train,1,3012,self,1.0,0,100,,
2025-11-27T00:32:17.104956+00:00,train,1,3013,self,1.0,0,97,,
2025-11-27T00:32:17.105065+00:00,train,1,3014,self,1.0,0,99,,
2025-11-27T00:32:17.105176+00:00,train,1,3015,self,1.0,0,100,,
2025-11-27T00:32:17.105285+00:00,train,1,3016,self,1.0,0,100,,
2025-11-27T00:32:17.105394+00:00,train,1,3017,self,1.0,0,94,,
2025-11-27T00:32:17.105504+00:00,train,1,3018,self,1.0,0,95,,
2025-11-27T00:32:17.105613+00:00,train,1,3019,self,1.0,0,97,,
2025-11-27T00:32:17.105722+00:00,train,1,3020,self,1.0,0,99,,
2025-11-27T00:32:17.105832+00:00,train,1,3021,self,1.0,0,90,,
2025-11-27T00:32:17.105941+00:00,train,1,3022,self,1.0,0,98,,
2025-11-27T00:32:17.106050+00:00,train,1,3023,self,1.0,0,91,,
2025-11-27T00:32:17.106160+00:00,train,1,3024,self,1.0,0,92,,
2025-11-27T00:32:17.106269+00:00,train,1,3025,self,1.0,0,94,,
2025-11-27T00:32:17.106378+00:00,train,1,3026,self,1.0,0,97,,
2025-11-27T00:32:17.106487+00:00,train,1,3027,self,1.0,0,94,,
2025-11-27T00:32:17.106596+00:00,train,1,3028,self,1.0,0,97,,
2025-11-27T00:32:17.106705+00:00,train,1,3029,self,1.0,0,97,,
2025-11-27T00:32:17.106813+00:00,train,1,3030,self,1.0,0,99,,
2025-11-27T00:32:17.106923+00:00,train,1,3031,self,1.0,0,96,,
2025-11-27T00:32:17.107032+00:00,train,1,3032,self,1.0,0,98,,
2025-11-27T00:32:17.107141+00:00,train,1,3033,self,1.0,0,90,,
2025-11-27T00:32:17.107345+00:00,train,1,3034,self,1.0,0,92,,
2025-11-27T00:32:17.107497+00:00,train,1,3035,self,1.0,0,94,,
2025-11-27T00:32:17.107627+00:00,train,1,3036,self,1.0,0,97,,
2025-11-27T00:32:17.107752+00:00,train,1,3037,self,1.0,0,94,,
2025-11-27T00:32:17.107874+00:00,train,1,3038,self,1.0,0,100,,
2025-11-27T00:32:17.108049+00:00,train,1,3039,self,1.0,0,97,,
2025-11-27T00:32:17.108180+00:00,train,1,3040,self,1.0,0,97,,
2025-11-27T00:32:17.108301+00:00,train,1,3041,self,1.0,0,96,,
2025-11-27T00:32:17.108421+00:00,train,1,3042,self,1.0,0,98,,
2025-11-27T00:32:17.108539+00:00,train,1,3043,self,1.0,0,97,,
2025-11-27T00:32:17.108655+00:00,train,1,3044,self,1.0,0,99,,
2025-11-27T00:32:17.108789+00:00,train,1,3045,self,1.0,0,95,,
2025-11-27T00:32:17.108906+00:00,train,1,3046,self,1.0,0,97,,
2025-11-27T00:32:17.109024+00:00,train,1,3047,self,1.0,0,99,,
2025-11-27T00:32:17.109140+00:00,train,1,3048,self,1.0,0,100,,
2025-11-27T00:32:17.109257+00:00,train,1,3049,self,1.0,0,83,,
2025-11-27T00:32:17.109373+00:00,train,1,3050,self,1.0,0,97,,
2025-11-27T00:32:17.109490+00:00,train,1,3051,self,1.0,0,95,,
2025-11-27T00:32:17.109606+00:00,train,1,3052,self,1.0,0,100,,
2025-11-27T00:32:17.109722+00:00,train,1,3053,self,1.0,0,86,,
2025-11-27T00:32:17.109838+00:00,train,1,3054,self,1.0,0,99,,
2025-11-27T00:32:17.109955+00:00,train,1,3055,self,1.0,0,91,,
2025-11-27T00:32:17.110071+00:00,train,1,3056,self,1.0,0,99,,
2025-11-27T00:32:17.110187+00:00,train,1,3057,self,1.0,0,96,,
2025-11-27T00:32:17.110303+00:00,train,1,3058,self,1.0,0,98,,
2025-11-27T00:32:17.110418+00:00,train,1,3059,self,1.0,0,100,,
2025-11-27T00:32:17.110534+00:00,train,1,3060,self,1.0,0,100,,
2025-11-27T00:32:17.110650+00:00,train,1,3061,self,1.0,0,93,,
2025-11-27T00:32:17.110766+00:00,train,1,3062,self,1.0,0,98,,
2025-11-27T00:32:17.110882+00:00,train,1,3063,self,1.0,0,98,,
2025-11-27T00:32:17.111000+00:00,train,1,3064,self,1.0,0,99,,
2025-11-27T00:32:17.111116+00:00,train,1,3065,self,1.0,0,94,,
2025-11-27T00:32:17.111232+00:00,train,1,3066,self,1.0,0,98,,
2025-11-27T00:32:17.111347+00:00,train,1,3067,self,1.0,0,90,,
2025-11-27T00:32:17.111463+00:00,train,1,3068,self,1.0,0,99,,
2025-11-27T00:32:17.111579+00:00,train,1,3069,self,1.0,0,85,,
2025-11-27T00:32:17.111697+00:00,train,1,3070,self,1.0,0,96,,
2025-11-27T00:32:17.111813+00:00,train,1,3071,self,1.0,0,98,,
2025-11-27T00:32:17.111929+00:00,train,1,3072,self,1.0,0,99,,
2025-11-27T00:32:17.112045+00:00,train,1,3073,self,1.0,0,98,,
2025-11-27T00:32:17.112160+00:00,train,1,3074,self,1.0,0,99,,
2025-11-27T00:32:17.112276+00:00,train,1,3075,self,1.0,0,93,,
2025-11-27T00:32:17.112391+00:00,train,1,3076,self,1.0,0,100,,
2025-11-27T00:32:17.112507+00:00,train,1,3077,self,1.0,0,100,,
2025-11-27T00:32:17.112623+00:00,train,1,3078,self,1.0,0,100,,
2025-11-27T00:32:17.112738+00:00,train,1,3079,self,1.0,0,100,,
2025-11-27T00:32:17.112854+00:00,train,1,3080,self,1.0,0,100,,
2025-11-27T00:32:17.112970+00:00,train,1,3081,self,1.0,0,97,,
2025-11-27T00:32:17.113086+00:00,train,1,3082,self,1.0,0,98,,
2025-11-27T00:32:17.113201+00:00,train,1,3083,self,1.0,0,100,,
2025-11-27T00:32:17.113316+00:00,train,1,3084,self,1.0,0,100,,
2025-11-27T00:32:17.113432+00:00,train,1,3085,self,1.0,0,94,,
2025-11-27T00:32:17.113547+00:00,train,1,3086,self,1.0,0,95,,
2025-11-27T00:32:17.113663+00:00,train,1,3087,self,1.0,0,96,,
2025-11-27T00:32:17.113779+00:00,train,1,3088,self,1.0,0,97,,
2025-11-27T00:32:17.113895+00:00,train,1,3089,self,1.0,0,95,,
2025-11-27T00:32:17.114011+00:00,train,1,3090,self,1.0,0,98,,
2025-11-27T00:32:17.114127+00:00,train,1,3091,self,1.0,0,95,,
2025-11-27T00:32:17.114242+00:00,train,1,3092,self,1.0,0,97,,
2025-11-27T00:32:17.114358+00:00,train,1,3093,self,1.0,0,92,,
2025-11-27T00:32:17.114475+00:00,train,1,3094,self,1.0,0,97,,
2025-11-27T00:32:17.114591+00:00,train,1,3095,self,1.0,0,99,,
2025-11-27T00:32:17.114707+00:00,train,1,3096,self,1.0,0,100,,
2025-11-27T00:32:17.114823+00:00,train,1,3097,self,1.0,0,96,,
2025-11-27T00:32:17.114938+00:00,train,1,3098,self,1.0,0,100,,
2025-11-27T00:32:17.115054+00:00,train,1,3099,self,1.0,0,96,,
2025-11-27T00:32:17.115170+00:00,train,1,3100,self,1.0,0,99,,
2025-11-27T00:32:17.115286+00:00,train,1,3101,self,1.0,0,87,,
2025-11-27T00:32:17.115401+00:00,train,1,3102,self,1.0,0,96,,
2025-11-27T00:32:17.115518+00:00,train,1,3103,self,1.0,0,98,,
2025-11-27T00:32:17.115635+00:00,train,1,3104,self,1.0,0,100,,
2025-11-27T00:32:17.115750+00:00,train,1,3105,self,1.0,0,93,,
2025-11-27T00:32:17.115867+00:00,train,1,3106,self,1.0,0,98,,
2025-11-27T00:32:17.115982+00:00,train,1,3107,self,1.0,0,97,,
2025-11-27T00:32:17.116098+00:00,train,1,3108,self,1.0,0,99,,
2025-11-27T00:32:17.116213+00:00,train,1,3109,self,1.0,0,95,,
2025-11-27T00:32:17.116328+00:00,train,1,3110,self,1.0,0,99,,
2025-11-27T00:32:17.116444+00:00,train,1,3111,self,1.0,0,88,,
2025-11-27T00:32:17.116560+00:00,train,1,3112,self,1.0,0,96,,
2025-11-27T00:32:17.116675+00:00,train,1,3113,self,1.0,0,84,,
2025-11-27T00:32:17.116791+00:00,train,1,3114,self,1.0,0,89,,
2025-11-27T00:32:17.116906+00:00,train,1,3115,self,1.0,0,98,,
2025-11-27T00:32:17.117022+00:00,train,1,3116,self,1.0,0,99,,
2025-11-27T00:32:17.117137+00:00,train,1,3117,self,1.0,0,97,,
2025-11-27T00:32:17.117253+00:00,train,1,3118,self,1.0,0,97,,
2025-11-27T00:32:17.117370+00:00,train,1,3119,self,1.0,0,85,,
2025-11-27T00:32:17.117487+00:00,train,1,3120,self,1.0,0,94,,
2025-11-27T00:32:17.117652+00:00,train,1,3121,self,1.0,0,98,,
2025-11-27T00:32:17.117767+00:00,train,1,3122,self,1.0,0,99,,
2025-11-27T00:32:17.117883+00:00,train,1,3123,self,1.0,0,99,,
2025-11-27T00:32:17.117999+00:00,train,1,3124,self,1.0,0,100,,
2025-11-27T00:32:17.118115+00:00,train,1,3125,self,1.0,0,81,,
2025-11-27T00:32:17.118230+00:00,train,1,3126,self,1.0,0,100,,
2025-11-27T00:32:17.118346+00:00,train,1,3127,self,1.0,0,89,,
2025-11-27T00:32:17.118462+00:00,train,1,3128,self,1.0,0,92,,
2025-11-27T00:32:17.118579+00:00,train,1,3129,self,1.0,0,93,,
2025-11-27T00:32:17.118711+00:00,train,1,3130,self,1.0,0,100,,
2025-11-27T00:32:17.118832+00:00,train,1,3131,self,1.0,0,95,,
2025-11-27T00:32:17.118948+00:00,train,1,3132,self,1.0,0,97,,
2025-11-27T00:32:17.119064+00:00,train,1,3133,self,1.0,0,91,,
2025-11-27T00:32:17.119179+00:00,train,1,3134,self,1.0,0,98,,
2025-11-27T00:32:17.119295+00:00,train,1,3135,self,1.0,0,93,,
2025-11-27T00:32:17.119411+00:00,train,1,3136,self,1.0,0,99,,
2025-11-27T00:32:17.119527+00:00,train,1,3137,self,1.0,0,96,,
2025-11-27T00:32:17.119642+00:00,train,1,3138,self,1.0,0,100,,
2025-11-27T00:32:17.119758+00:00,train,1,3139,self,1.0,0,98,,
2025-11-27T00:32:17.119874+00:00,train,1,3140,self,1.0,0,98,,
2025-11-27T00:32:17.119991+00:00,train,1,3141,self,1.0,0,90,,
2025-11-27T00:32:17.120107+00:00,train,1,3142,self,1.0,0,100,,
2025-11-27T00:32:17.120226+00:00,train,1,3143,self,1.0,0,99,,
2025-11-27T00:32:17.120383+00:00,train,1,3144,self,1.0,0,99,,
2025-11-27T00:32:17.120499+00:00,train,1,3145,self,1.0,0,91,,
2025-11-27T00:32:17.120615+00:00,train,1,3146,self,1.0,0,96,,
2025-11-27T00:32:17.120731+00:00,train,1,3147,self,1.0,0,93,,
2025-11-27T00:32:17.120846+00:00,train,1,3148,self,1.0,0,97,,
2025-11-27T00:32:17.120961+00:00,train,1,3149,self,1.0,0,97,,
2025-11-27T00:32:17.121077+00:00,train,1,3150,self,1.0,0,100,,
2025-11-27T00:32:17.121193+00:00,train,1,3151,self,1.0,0,92,,
2025-11-27T00:32:17.121309+00:00,train,1,3152,self,1.0,0,95,,
2025-11-27T00:32:17.121421+00:00,train,1,3153,self,1.0,0,82,,
2025-11-27T00:32:17.121539+00:00,train,1,3154,self,1.0,0,100,,
2025-11-27T00:32:17.121655+00:00,train,1,3155,self,1.0,0,98,,
2025-11-27T00:32:17.121770+00:00,train,1,3156,self,1.0,0,99,,
2025-11-27T00:32:17.121886+00:00,train,1,3157,self,1.0,0,88,,
2025-11-27T00:32:17.122002+00:00,train,1,3158,self,1.0,0,93,,
2025-11-27T00:32:17.122118+00:00,train,1,3159,self,1.0,0,92,,
2025-11-27T00:32:17.122233+00:00,train,1,3160,self,1.0,0,99,,
2025-11-27T00:32:17.122350+00:00,train,1,3161,self,1.0,0,98,,
2025-11-27T00:32:17.122465+00:00,train,1,3162,self,1.0,0,99,,
2025-11-27T00:32:17.122581+00:00,train,1,3163,self,1.0,0,96,,
2025-11-27T00:32:17.122697+00:00,train,1,3164,self,1.0,0,97,,
2025-11-27T00:32:17.122812+00:00,train,1,3165,self,1.0,0,94,,
2025-11-27T00:32:17.122927+00:00,train,1,3166,self,1.0,0,100,,
2025-11-27T00:32:17.123043+00:00,train,1,3167,self,1.0,0,90,,
2025-11-27T00:32:17.123158+00:00,train,1,3168,self,1.0,0,100,,
2025-11-27T00:32:17.123274+00:00,train,1,3169,self,1.0,0,98,,
2025-11-27T00:32:17.123390+00:00,train,1,3170,self,1.0,0,99,,
2025-11-27T00:32:17.123505+00:00,train,1,3171,self,1.0,0,91,,
2025-11-27T00:32:17.123621+00:00,train,1,3172,self,1.0,0,99,,
2025-11-27T00:32:17.123735+00:00,train,1,3173,self,1.0,0,87,,
2025-11-27T00:32:17.123852+00:00,train,1,3174,self,1.0,0,95,,
2025-11-27T00:32:17.123967+00:00,train,1,3175,self,1.0,0,94,,
2025-11-27T00:32:17.124082+00:00,train,1,3176,self,1.0,0,95,,
2025-11-27T00:32:17.124198+00:00,train,1,3177,self,1.0,0,90,,
2025-11-27T00:32:17.124313+00:00,train,1,3178,self,1.0,0,94,,
2025-11-27T00:32:17.124429+00:00,train,1,3179,self,1.0,0,96,,
2025-11-27T00:32:17.124544+00:00,train,1,3180,self,1.0,0,100,,
2025-11-27T00:32:17.124702+00:00,train,1,3181,self,1.0,0,87,,
2025-11-27T00:32:17.124829+00:00,train,1,3182,self,1.0,0,100,,
2025-11-27T00:32:17.124960+00:00,train,1,3183,self,1.0,0,96,,
2025-11-27T00:32:17.125077+00:00,train,1,3184,self,1.0,0,97,,
2025-11-27T00:32:17.125287+00:00,train,1,3185,self,1.0,0,94,,
2025-11-27T00:32:17.125423+00:00,train,1,3186,self,1.0,0,96,,
2025-11-27T00:32:17.125550+00:00,train,1,3187,self,1.0,0,87,,
2025-11-27T00:32:17.125673+00:00,train,1,3188,self,1.0,0,88,,
2025-11-27T00:32:17.125793+00:00,train,1,3189,self,1.0,0,95,,
2025-11-27T00:32:17.125912+00:00,train,1,3190,self,1.0,0,99,,
2025-11-27T00:32:17.126030+00:00,train,1,3191,self,1.0,0,86,,
2025-11-27T00:32:17.126148+00:00,train,1,3192,self,1.0,0,99,,
2025-11-27T00:32:17.126265+00:00,train,1,3193,self,1.0,0,92,,
2025-11-27T00:32:17.127144+00:00,train,1,3194,self,1.0,0,93,,
2025-11-27T00:32:17.127276+00:00,train,1,3195,self,1.0,0,91,,
2025-11-27T00:32:17.127446+00:00,train,1,3196,self,1.0,0,100,,
2025-11-27T00:32:17.127581+00:00,train,1,3197,self,1.0,0,88,,
2025-11-27T00:32:17.127708+00:00,train,1,3198,self,1.0,0,94,,
2025-11-27T00:32:17.127912+00:00,train,1,3199,self,1.0,0,80,,
2025-11-27T00:32:17.128032+00:00,train,1,3200,self,1.0,0,100,,
2025-11-27T00:32:17.128150+00:00,train,1,3201,self,1.0,0,89,,
2025-11-27T00:32:17.128268+00:00,train,1,3202,self,1.0,0,90,,
2025-11-27T00:32:17.128384+00:00,train,1,3203,self,1.0,0,90,,
2025-11-27T00:32:17.128499+00:00,train,1,3204,self,1.0,0,98,,
2025-11-27T00:32:17.128614+00:00,train,1,3205,self,1.0,0,95,,
2025-11-27T00:32:17.128729+00:00,train,1,3206,self,1.0,0,98,,
2025-11-27T00:32:17.128847+00:00,train,1,3207,self,1.0,0,90,,
2025-11-27T00:32:17.128963+00:00,train,1,3208,self,1.0,0,93,,
2025-11-27T00:32:17.129077+00:00,train,1,3209,self,1.0,0,88,,
2025-11-27T00:32:17.129192+00:00,train,1,3210,self,1.0,0,100,,
2025-11-27T00:32:17.129307+00:00,train,1,3211,self,1.0,0,86,,
2025-11-27T00:32:17.129421+00:00,train,1,3212,self,1.0,0,95,,
2025-11-27T00:32:17.129535+00:00,train,1,3213,self,1.0,0,99,,
2025-11-27T00:32:17.129649+00:00,train,1,3214,self,1.0,0,100,,
2025-11-27T00:32:17.129763+00:00,train,1,3215,self,1.0,0,96,,
2025-11-27T00:32:17.129877+00:00,train,1,3216,self,1.0,0,97,,
2025-11-27T00:32:17.129991+00:00,train,1,3217,self,1.0,0,99,,
2025-11-27T00:32:17.130104+00:00,train,1,3218,self,1.0,0,99,,
2025-11-27T00:32:17.130218+00:00,train,1,3219,self,1.0,0,98,,
2025-11-27T00:32:17.130331+00:00,train,1,3220,self,1.0,0,99,,
2025-11-27T00:32:17.130444+00:00,train,1,3221,self,1.0,0,96,,
2025-11-27T00:32:17.130557+00:00,train,1,3222,self,1.0,0,99,,
2025-11-27T00:32:17.130671+00:00,train,1,3223,self,1.0,0,96,,
2025-11-27T00:32:17.130785+00:00,train,1,3224,self,1.0,0,100,,
2025-11-27T00:32:17.130899+00:00,train,1,3225,self,1.0,0,95,,
2025-11-27T00:32:17.131012+00:00,train,1,3226,self,1.0,0,99,,
2025-11-27T00:32:17.131126+00:00,train,1,3227,self,1.0,0,94,,
2025-11-27T00:32:17.131239+00:00,train,1,3228,self,1.0,0,98,,
2025-11-27T00:32:17.131353+00:00,train,1,3229,self,1.0,0,93,,
2025-11-27T00:32:17.131466+00:00,train,1,3230,self,1.0,0,99,,
2025-11-27T00:32:17.131580+00:00,train,1,3231,self,1.0,0,92,,
2025-11-27T00:32:17.131693+00:00,train,1,3232,self,1.0,0,96,,
2025-11-27T00:32:17.131807+00:00,train,1,3233,self,1.0,0,90,,
2025-11-27T00:32:17.131920+00:00,train,1,3234,self,1.0,0,98,,
2025-11-27T00:32:17.132034+00:00,train,1,3235,self,1.0,0,98,,
2025-11-27T00:32:17.132147+00:00,train,1,3236,self,1.0,0,100,,
2025-11-27T00:32:17.132261+00:00,train,1,3237,self,1.0,0,99,,
2025-11-27T00:32:17.132374+00:00,train,1,3238,self,1.0,0,100,,
2025-11-27T00:32:17.132488+00:00,train,1,3239,self,1.0,0,88,,
2025-11-27T00:32:17.132602+00:00,train,1,3240,self,1.0,0,93,,
2025-11-27T00:32:17.132715+00:00,train,1,3241,self,1.0,0,90,,
2025-11-27T00:32:17.132829+00:00,train,1,3242,self,1.0,0,100,,
2025-11-27T00:32:17.132942+00:00,train,1,3243,self,1.0,0,83,,
2025-11-27T00:32:17.133056+00:00,train,1,3244,self,1.0,0,99,,
2025-11-27T00:32:17.133169+00:00,train,1,3245,self,1.0,0,95,,
2025-11-27T00:32:17.133282+00:00,train,1,3246,self,1.0,0,100,,
2025-11-27T00:32:17.133396+00:00,train,1,3247,self,1.0,0,98,,
2025-11-27T00:32:17.133510+00:00,train,1,3248,self,1.0,0,100,,
2025-11-27T00:32:17.133624+00:00,train,1,3249,self,1.0,0,96,,
2025-11-27T00:32:17.133736+00:00,train,1,3250,self,1.0,0,99,,
2025-11-27T00:32:17.133850+00:00,train,1,3251,self,1.0,0,91,,
2025-11-27T00:32:17.133963+00:00,train,1,3252,self,1.0,0,91,,
2025-11-27T00:32:17.134076+00:00,train,1,3253,self,1.0,0,92,,
2025-11-27T00:32:17.134190+00:00,train,1,3254,self,1.0,0,99,,
2025-11-27T00:32:17.134303+00:00,train,1,3255,self,1.0,0,87,,
2025-11-27T00:32:17.134416+00:00,train,1,3256,self,1.0,0,94,,
2025-11-27T00:32:17.134530+00:00,train,1,3257,self,1.0,0,100,,
2025-11-27T00:32:17.134643+00:00,train,1,3258,self,1.0,0,100,,
2025-11-27T00:32:17.134759+00:00,train,1,3259,self,1.0,0,92,,
2025-11-27T00:32:17.134875+00:00,train,1,3260,self,1.0,0,97,,
2025-11-27T00:32:17.134990+00:00,train,1,3261,self,1.0,0,88,,
2025-11-27T00:32:17.135106+00:00,train,1,3262,self,1.0,0,100,,
2025-11-27T00:32:17.135222+00:00,train,1,3263,self,1.0,0,94,,
2025-11-27T00:32:17.135337+00:00,train,1,3264,self,1.0,0,97,,
2025-11-27T00:32:17.135453+00:00,train,1,3265,self,1.0,0,93,,
2025-11-27T00:32:17.135568+00:00,train,1,3266,self,1.0,0,98,,
2025-11-27T00:32:17.135684+00:00,train,1,3267,self,1.0,0,95,,
2025-11-27T00:32:17.135799+00:00,train,1,3268,self,1.0,0,100,,
2025-11-27T00:32:17.135915+00:00,train,1,3269,self,1.0,0,100,,
2025-11-27T00:32:17.136031+00:00,train,1,3270,self,1.0,0,100,,
2025-11-27T00:32:17.136146+00:00,train,1,3271,self,1.0,0,92,,
2025-11-27T00:32:17.136262+00:00,train,1,3272,self,1.0,0,96,,
2025-11-27T00:32:17.136379+00:00,train,1,3273,self,1.0,0,91,,
2025-11-27T00:32:17.136499+00:00,train,1,3274,self,1.0,0,98,,
2025-11-27T00:32:17.136617+00:00,train,1,3275,self,1.0,0,93,,
2025-11-27T00:32:17.136733+00:00,train,1,3276,self,1.0,0,96,,
2025-11-27T00:32:17.136849+00:00,train,1,3277,self,1.0,0,93,,
2025-11-27T00:32:17.136965+00:00,train,1,3278,self,1.0,0,98,,
2025-11-27T00:32:17.137084+00:00,train,1,3279,self,1.0,0,100,,
2025-11-27T00:32:17.137199+00:00,train,1,3280,self,1.0,0,100,,
2025-11-27T00:32:17.137315+00:00,train,1,3281,self,1.0,0,95,,
2025-11-27T00:32:17.137430+00:00,train,1,3282,self,1.0,0,98,,
2025-11-27T00:32:17.137546+00:00,train,1,3283,self,1.0,0,96,,
2025-11-27T00:32:17.137662+00:00,train,1,3284,self,1.0,0,99,,
2025-11-27T00:32:17.137777+00:00,train,1,3285,self,1.0,0,92,,
2025-11-27T00:32:17.137892+00:00,train,1,3286,self,1.0,0,97,,
2025-11-27T00:32:17.138101+00:00,train,1,3287,self,1.0,0,89,,
2025-11-27T00:32:17.138217+00:00,train,1,3288,self,1.0,0,100,,
2025-11-27T00:32:17.138333+00:00,train,1,3289,self,1.0,0,99,,
2025-11-27T00:32:17.138449+00:00,train,1,3290,self,1.0,0,100,,
2025-11-27T00:32:17.138564+00:00,train,1,3291,self,1.0,0,100,,
2025-11-27T00:32:17.138680+00:00,train,1,3292,self,1.0,0,100,,
2025-11-27T00:32:17.138795+00:00,train,1,3293,self,1.0,0,85,,
2025-11-27T00:32:17.138910+00:00,train,1,3294,self,1.0,0,98,,
2025-11-27T00:32:17.139025+00:00,train,1,3295,self,1.0,0,95,,
2025-11-27T00:32:17.139141+00:00,train,1,3296,self,1.0,0,99,,
2025-11-27T00:32:17.139258+00:00,train,1,3297,self,1.0,0,93,,
2025-11-27T00:32:17.139374+00:00,train,1,3298,self,1.0,0,100,,
2025-11-27T00:32:17.139489+00:00,train,1,3299,self,1.0,0,90,,
2025-11-27T00:32:17.139604+00:00,train,1,3300,self,1.0,0,98,,
2025-11-27T00:32:17.139719+00:00,train,1,3301,self,1.0,0,91,,
2025-11-27T00:32:17.139834+00:00,train,1,3302,self,1.0,0,95,,
2025-11-27T00:32:17.139949+00:00,train,1,3303,self,1.0,0,95,,
2025-11-27T00:32:17.140065+00:00,train,1,3304,self,1.0,0,98,,
2025-11-27T00:32:17.140180+00:00,train,1,3305,self,1.0,0,91,,
2025-11-27T00:32:17.140295+00:00,train,1,3306,self,1.0,0,100,,
2025-11-27T00:32:17.140410+00:00,train,1,3307,self,1.0,0,90,,
2025-11-27T00:32:17.140526+00:00,train,1,3308,self,1.0,0,100,,
2025-11-27T00:32:17.140641+00:00,train,1,3309,self,1.0,0,98,,
2025-11-27T00:32:17.140756+00:00,train,1,3310,self,1.0,0,99,,
2025-11-27T00:32:17.140871+00:00,train,1,3311,self,1.0,0,100,,
2025-11-27T00:32:17.140987+00:00,train,1,3312,self,1.0,0,100,,
2025-11-27T00:32:17.141103+00:00,train,1,3313,self,1.0,0,74,,
2025-11-27T00:32:17.141218+00:00,train,1,3314,self,1.0,0,97,,
2025-11-27T00:32:17.141334+00:00,train,1,3315,self,1.0,0,92,,
2025-11-27T00:32:17.141449+00:00,train,1,3316,self,1.0,0,99,,
2025-11-27T00:32:17.141564+00:00,train,1,3317,self,1.0,0,89,,
2025-11-27T00:32:17.141679+00:00,train,1,3318,self,1.0,0,98,,
2025-11-27T00:32:17.141795+00:00,train,1,3319,self,1.0,0,96,,
2025-11-27T00:32:17.141911+00:00,train,1,3320,self,1.0,0,100,,
2025-11-27T00:32:17.142026+00:00,train,1,3321,self,1.0,0,96,,
2025-11-27T00:32:17.142140+00:00,train,1,3322,self,1.0,0,97,,
2025-11-27T00:32:17.142257+00:00,train,1,3323,self,1.0,0,97,,
2025-11-27T00:32:17.142373+00:00,train,1,3324,self,1.0,0,98,,
2025-11-27T00:32:17.142489+00:00,train,1,3325,self,1.0,0,99,,
2025-11-27T00:32:17.142604+00:00,train,1,3326,self,1.0,0,99,,
2025-11-27T00:32:17.142719+00:00,train,1,3327,self,1.0,0,85,,
2025-11-27T00:32:17.142834+00:00,train,1,3328,self,1.0,0,91,,
2025-11-27T00:32:17.142950+00:00,train,1,3329,self,1.0,0,95,,
2025-11-27T00:32:17.143067+00:00,train,1,3330,self,1.0,0,96,,
2025-11-27T00:32:17.143183+00:00,train,1,3331,self,1.0,0,94,,
2025-11-27T00:32:17.143298+00:00,train,1,3332,self,1.0,0,99,,
2025-11-27T00:32:17.143414+00:00,train,1,3333,self,1.0,0,86,,
2025-11-27T00:32:17.143529+00:00,train,1,3334,self,1.0,0,95,,
2025-11-27T00:32:17.143644+00:00,train,1,3335,self,1.0,0,87,,
2025-11-27T00:32:17.143759+00:00,train,1,3336,self,1.0,0,98,,
2025-11-27T00:32:17.143874+00:00,train,1,3337,self,1.0,0,91,,
2025-11-27T00:32:17.143989+00:00,train,1,3338,self,1.0,0,93,,
2025-11-27T00:32:17.144104+00:00,train,1,3339,self,1.0,0,86,,
2025-11-27T00:32:17.144219+00:00,train,1,3340,self,1.0,0,97,,
2025-11-27T00:32:17.144334+00:00,train,1,3341,self,1.0,0,96,,
2025-11-27T00:32:17.144448+00:00,train,1,3342,self,1.0,0,99,,
2025-11-27T00:32:17.144564+00:00,train,1,3343,self,1.0,0,99,,
2025-11-27T00:32:17.144678+00:00,train,1,3344,self,1.0,0,99,,
2025-11-27T00:32:17.144793+00:00,train,1,3345,self,1.0,0,99,,
2025-11-27T00:32:17.144908+00:00,train,1,3346,self,1.0,0,99,,
2025-11-27T00:32:17.145023+00:00,train,1,3347,self,1.0,0,95,,
2025-11-27T00:32:17.145139+00:00,train,1,3348,self,1.0,0,99,,
2025-11-27T00:32:17.145254+00:00,train,1,3349,self,1.0,0,98,,
2025-11-27T00:32:17.145369+00:00,train,1,3350,self,1.0,0,98,,
2025-11-27T00:32:17.145485+00:00,train,1,3351,self,1.0,0,94,,
2025-11-27T00:32:17.145600+00:00,train,1,3352,self,1.0,0,97,,
2025-11-27T00:32:17.145716+00:00,train,1,3353,self,1.0,0,97,,
2025-11-27T00:32:17.145831+00:00,train,1,3354,self,1.0,0,99,,
2025-11-27T00:32:17.145946+00:00,train,1,3355,self,1.0,0,97,,
2025-11-27T00:32:17.146062+00:00,train,1,3356,self,1.0,0,100,,
2025-11-27T00:32:17.146177+00:00,train,1,3357,self,1.0,0,93,,
2025-11-27T00:32:17.146292+00:00,train,1,3358,self,1.0,0,100,,
2025-11-27T00:32:17.146408+00:00,train,1,3359,self,1.0,0,70,,
2025-11-27T00:32:17.146522+00:00,train,1,3360,self,1.0,0,96,,
2025-11-27T00:32:17.146637+00:00,train,1,3361,self,1.0,0,98,,
2025-11-27T00:32:17.146753+00:00,train,1,3362,self,1.0,0,99,,
2025-11-27T00:32:17.146868+00:00,train,1,3363,self,1.0,0,98,,
2025-11-27T00:32:17.146985+00:00,train,1,3364,self,1.0,0,98,,
2025-11-27T00:32:17.147103+00:00,train,1,3365,self,1.0,0,97,,
2025-11-27T00:32:17.147218+00:00,train,1,3366,self,1.0,0,97,,
2025-11-27T00:32:17.147333+00:00,train,1,3367,self,1.0,0,92,,
2025-11-27T00:32:17.147448+00:00,train,1,3368,self,1.0,0,99,,
2025-11-27T00:32:17.147564+00:00,train,1,3369,self,1.0,0,86,,
2025-11-27T00:32:17.147680+00:00,train,1,3370,self,1.0,0,100,,
2025-11-27T00:32:17.147796+00:00,train,1,3371,self,1.0,0,98,,
2025-11-27T00:32:17.147911+00:00,train,1,3372,self,1.0,0,99,,
2025-11-27T00:32:17.148028+00:00,train,1,3373,self,1.0,0,94,,
2025-11-27T00:32:17.148231+00:00,train,1,3374,self,1.0,0,98,,
2025-11-27T00:32:17.148347+00:00,train,1,3375,self,1.0,0,95,,
2025-11-27T00:32:17.148463+00:00,train,1,3376,self,1.0,0,96,,
2025-11-27T00:32:17.148579+00:00,train,1,3377,self,1.0,0,90,,
2025-11-27T00:32:17.148694+00:00,train,1,3378,self,1.0,0,99,,
2025-11-27T00:32:17.148810+00:00,train,1,3379,self,1.0,0,92,,
2025-11-27T00:32:17.148926+00:00,train,1,3380,self,1.0,0,94,,
2025-11-27T00:32:17.149041+00:00,train,1,3381,self,1.0,0,89,,
2025-11-27T00:32:17.149156+00:00,train,1,3382,self,1.0,0,99,,
2025-11-27T00:32:17.149274+00:00,train,1,3383,self,1.0,0,91,,
2025-11-27T00:32:17.149552+00:00,train,1,3384,self,1.0,0,96,,
2025-11-27T00:32:17.149680+00:00,train,1,3385,self,1.0,0,93,,
2025-11-27T00:32:17.149843+00:00,train,1,3386,self,1.0,0,97,,
2025-11-27T00:32:17.149978+00:00,train,1,3387,self,1.0,0,93,,
2025-11-27T00:32:17.150106+00:00,train,1,3388,self,1.0,0,95,,
2025-11-27T00:32:17.150236+00:00,train,1,3389,self,1.0,0,97,,
2025-11-27T00:32:17.150357+00:00,train,1,3390,self,1.0,0,100,,
2025-11-27T00:32:17.150477+00:00,train,1,3391,self,1.0,0,98,,
2025-11-27T00:32:17.150595+00:00,train,1,3392,self,1.0,0,99,,
2025-11-27T00:32:17.150712+00:00,train,1,3393,self,1.0,0,96,,
2025-11-27T00:32:17.150829+00:00,train,1,3394,self,1.0,0,100,,
2025-11-27T00:32:17.150945+00:00,train,1,3395,self,1.0,0,90,,
2025-11-27T00:32:17.151061+00:00,train,1,3396,self,1.0,0,99,,
2025-11-27T00:32:17.151177+00:00,train,1,3397,self,1.0,0,99,,
2025-11-27T00:32:17.151292+00:00,train,1,3398,self,1.0,0,100,,
2025-11-27T00:32:17.151407+00:00,train,1,3399,self,1.0,0,94,,
2025-11-27T00:32:17.151523+00:00,train,1,3400,self,1.0,0,96,,
2025-11-27T00:32:17.151639+00:00,train,1,3401,self,1.0,0,94,,
2025-11-27T00:32:17.151755+00:00,train,1,3402,self,1.0,0,97,,
2025-11-27T00:32:17.151870+00:00,train,1,3403,self,1.0,0,86,,
2025-11-27T00:32:17.151985+00:00,train,1,3404,self,1.0,0,97,,
2025-11-27T00:32:17.152101+00:00,train,1,3405,self,1.0,0,79,,
2025-11-27T00:32:17.152216+00:00,train,1,3406,self,1.0,0,90,,
2025-11-27T00:32:17.152333+00:00,train,1,3407,self,1.0,0,89,,
2025-11-27T00:32:17.152448+00:00,train,1,3408,self,1.0,0,98,,
2025-11-27T00:32:17.152563+00:00,train,1,3409,self,1.0,0,88,,
2025-11-27T00:32:17.152685+00:00,train,1,3410,self,1.0,0,100,,
2025-11-27T00:32:17.152801+00:00,train,1,3411,self,1.0,0,93,,
2025-11-27T00:32:17.152916+00:00,train,1,3412,self,1.0,0,97,,
2025-11-27T00:32:17.153031+00:00,train,1,3413,self,1.0,0,85,,
2025-11-27T00:32:17.153146+00:00,train,1,3414,self,1.0,0,100,,
2025-11-27T00:32:17.153263+00:00,train,1,3415,self,1.0,0,94,,
2025-11-27T00:32:17.153378+00:00,train,1,3416,self,1.0,0,100,,
2025-11-27T00:32:17.153494+00:00,train,1,3417,self,1.0,0,82,,
2025-11-27T00:32:17.153609+00:00,train,1,3418,self,1.0,0,94,,
2025-11-27T00:32:17.153724+00:00,train,1,3419,self,1.0,0,99,,
2025-11-27T00:32:17.153839+00:00,train,1,3420,self,1.0,0,100,,
2025-11-27T00:32:17.153955+00:00,train,1,3421,self,1.0,0,100,,
2025-11-27T00:32:17.154069+00:00,train,1,3422,self,1.0,0,100,,
2025-11-27T00:32:17.154185+00:00,train,1,3423,self,1.0,0,91,,
2025-11-27T00:32:17.154300+00:00,train,1,3424,self,1.0,0,98,,
2025-11-27T00:32:17.154415+00:00,train,1,3425,self,1.0,0,97,,
2025-11-27T00:32:17.154531+00:00,train,1,3426,self,1.0,0,98,,
2025-11-27T00:32:17.154647+00:00,train,1,3427,self,1.0,0,100,,
2025-11-27T00:32:17.154762+00:00,train,1,3428,self,1.0,0,100,,
2025-11-27T00:32:17.154878+00:00,train,1,3429,self,1.0,0,99,,
2025-11-27T00:32:17.154994+00:00,train,1,3430,self,1.0,0,100,,
2025-11-27T00:32:17.155109+00:00,train,1,3431,self,1.0,0,93,,
2025-11-27T00:32:17.155225+00:00,train,1,3432,self,1.0,0,97,,
2025-11-27T00:32:17.155340+00:00,train,1,3433,self,1.0,0,77,,
2025-11-27T00:32:17.155455+00:00,train,1,3434,self,1.0,0,100,,
2025-11-27T00:32:17.155571+00:00,train,1,3435,self,1.0,0,94,,
2025-11-27T00:32:17.155686+00:00,train,1,3436,self,1.0,0,94,,
2025-11-27T00:32:17.155802+00:00,train,1,3437,self,1.0,0,90,,
2025-11-27T00:32:17.155918+00:00,train,1,3438,self,1.0,0,98,,
2025-11-27T00:32:17.156033+00:00,train,1,3439,self,1.0,0,98,,
2025-11-27T00:32:17.156149+00:00,train,1,3440,self,1.0,0,99,,
2025-11-27T00:32:17.156265+00:00,train,1,3441,self,1.0,0,94,,
2025-11-27T00:32:17.156381+00:00,train,1,3442,self,1.0,0,100,,
2025-11-27T00:32:17.156496+00:00,train,1,3443,self,1.0,0,86,,
2025-11-27T00:32:17.156611+00:00,train,1,3444,self,1.0,0,97,,
2025-11-27T00:32:17.156727+00:00,train,1,3445,self,1.0,0,97,,
2025-11-27T00:32:17.156842+00:00,train,1,3446,self,1.0,0,98,,
2025-11-27T00:32:17.156958+00:00,train,1,3447,self,1.0,0,94,,
2025-11-27T00:32:17.157073+00:00,train,1,3448,self,1.0,0,98,,
2025-11-27T00:32:17.157189+00:00,train,1,3449,self,1.0,0,96,,
2025-11-27T00:32:17.157303+00:00,train,1,3450,self,1.0,0,99,,
2025-11-27T00:32:17.157418+00:00,train,1,3451,self,1.0,0,94,,
2025-11-27T00:32:17.157534+00:00,train,1,3452,self,1.0,0,98,,
2025-11-27T00:32:17.157651+00:00,train,1,3453,self,1.0,0,92,,
2025-11-27T00:32:17.157767+00:00,train,1,3454,self,1.0,0,98,,
2025-11-27T00:32:17.157883+00:00,train,1,3455,self,1.0,0,94,,
2025-11-27T00:32:17.157998+00:00,train,1,3456,self,1.0,0,96,,
2025-11-27T00:32:17.158113+00:00,train,1,3457,self,1.0,0,96,,
2025-11-27T00:32:17.158230+00:00,train,1,3458,self,1.0,0,97,,
2025-11-27T00:32:17.158397+00:00,train,1,3459,self,1.0,0,98,,
2025-11-27T00:32:17.158512+00:00,train,1,3460,self,1.0,0,100,,
2025-11-27T00:32:17.158627+00:00,train,1,3461,self,1.0,0,88,,
2025-11-27T00:32:17.158742+00:00,train,1,3462,self,1.0,0,99,,
2025-11-27T00:32:17.158858+00:00,train,1,3463,self,1.0,0,90,,
2025-11-27T00:32:17.158973+00:00,train,1,3464,self,1.0,0,95,,
2025-11-27T00:32:17.159088+00:00,train,1,3465,self,1.0,0,83,,
2025-11-27T00:32:17.159204+00:00,train,1,3466,self,1.0,0,94,,
2025-11-27T00:32:17.159320+00:00,train,1,3467,self,1.0,0,98,,
2025-11-27T00:32:17.159436+00:00,train,1,3468,self,1.0,0,100,,
2025-11-27T00:32:17.159571+00:00,train,1,3469,self,1.0,0,93,,
2025-11-27T00:32:17.159688+00:00,train,1,3470,self,1.0,0,97,,
2025-11-27T00:32:17.159805+00:00,train,1,3471,self,1.0,0,93,,
2025-11-27T00:32:17.159920+00:00,train,1,3472,self,1.0,0,97,,
2025-11-27T00:32:17.160036+00:00,train,1,3473,self,1.0,0,91,,
2025-11-27T00:32:17.160151+00:00,train,1,3474,self,1.0,0,97,,
2025-11-27T00:32:17.160266+00:00,train,1,3475,self,1.0,0,94,,
2025-11-27T00:32:17.160382+00:00,train,1,3476,self,1.0,0,95,,
2025-11-27T00:32:17.160499+00:00,train,1,3477,self,1.0,0,96,,
2025-11-27T00:32:17.160615+00:00,train,1,3478,self,1.0,0,99,,
2025-11-27T00:32:17.160730+00:00,train,1,3479,self,1.0,0,94,,
2025-11-27T00:32:17.160846+00:00,train,1,3480,self,1.0,0,100,,
2025-11-27T00:32:17.160962+00:00,train,1,3481,self,1.0,0,100,,
2025-11-27T00:32:17.161077+00:00,train,1,3482,self,1.0,0,100,,
2025-11-27T00:32:17.161193+00:00,train,1,3483,self,1.0,0,85,,
2025-11-27T00:32:17.161308+00:00,train,1,3484,self,1.0,0,99,,
2025-11-27T00:32:17.161424+00:00,train,1,3485,self,1.0,0,89,,
2025-11-27T00:32:17.161539+00:00,train,1,3486,self,1.0,0,99,,
2025-11-27T00:32:17.161655+00:00,train,1,3487,self,1.0,0,91,,
2025-11-27T00:32:17.161770+00:00,train,1,3488,self,1.0,0,93,,
2025-11-27T00:32:17.161885+00:00,train,1,3489,self,1.0,0,98,,
2025-11-27T00:32:17.162001+00:00,train,1,3490,self,1.0,0,99,,
2025-11-27T00:32:17.162117+00:00,train,1,3491,self,1.0,0,91,,
2025-11-27T00:32:17.162233+00:00,train,1,3492,self,1.0,0,93,,
2025-11-27T00:32:17.162351+00:00,train,1,3493,self,1.0,0,92,,
2025-11-27T00:32:17.162467+00:00,train,1,3494,self,1.0,0,97,,
2025-11-27T00:32:17.162583+00:00,train,1,3495,self,1.0,0,86,,
2025-11-27T00:32:17.162697+00:00,train,1,3496,self,1.0,0,99,,
2025-11-27T00:32:17.162812+00:00,train,1,3497,self,1.0,0,85,,
2025-11-27T00:32:17.162927+00:00,train,1,3498,self,1.0,0,92,,
2025-11-27T00:32:17.163042+00:00,train,1,3499,self,1.0,0,86,,
2025-11-27T00:32:17.163158+00:00,train,1,3500,self,1.0,0,95,,
2025-11-27T00:32:17.163274+00:00,train,1,3501,self,1.0,0,94,,
2025-11-27T00:32:17.163390+00:00,train,1,3502,self,1.0,0,97,,
2025-11-27T00:32:17.163507+00:00,train,1,3503,self,1.0,0,88,,
2025-11-27T00:32:17.163623+00:00,train,1,3504,self,1.0,0,97,,
2025-11-27T00:32:17.163738+00:00,train,1,3505,self,1.0,0,96,,
2025-11-27T00:32:17.163854+00:00,train,1,3506,self,1.0,0,100,,
2025-11-27T00:32:17.163970+00:00,train,1,3507,self,1.0,0,90,,
2025-11-27T00:32:17.164084+00:00,train,1,3508,self,1.0,0,91,,
2025-11-27T00:32:17.164199+00:00,train,1,3509,self,1.0,0,98,,
2025-11-27T00:32:17.164315+00:00,train,1,3510,self,1.0,0,100,,
2025-11-27T00:32:17.164429+00:00,train,1,3511,self,1.0,0,96,,
2025-11-27T00:32:17.164544+00:00,train,1,3512,self,1.0,0,96,,
2025-11-27T00:32:17.164659+00:00,train,1,3513,self,1.0,0,91,,
2025-11-27T00:32:17.164774+00:00,train,1,3514,self,1.0,0,94,,
2025-11-27T00:32:17.164890+00:00,train,1,3515,self,1.0,0,97,,
2025-11-27T00:32:17.165005+00:00,train,1,3516,self,1.0,0,99,,
2025-11-27T00:32:17.165121+00:00,train,1,3517,self,1.0,0,82,,
2025-11-27T00:32:17.165238+00:00,train,1,3518,self,1.0,0,100,,
2025-11-27T00:32:17.165354+00:00,train,1,3519,self,1.0,0,99,,
2025-11-27T00:32:17.165470+00:00,train,1,3520,self,1.0,0,100,,
2025-11-27T00:32:17.165585+00:00,train,1,3521,self,1.0,0,90,,
2025-11-27T00:32:17.165700+00:00,train,1,3522,self,1.0,0,96,,
2025-11-27T00:32:17.165815+00:00,train,1,3523,self,1.0,0,93,,
2025-11-27T00:32:17.165929+00:00,train,1,3524,self,1.0,0,94,,
2025-11-27T00:32:17.166045+00:00,train,1,3525,self,1.0,0,91,,
2025-11-27T00:32:17.166161+00:00,train,1,3526,self,1.0,0,94,,
2025-11-27T00:32:17.166276+00:00,train,1,3527,self,1.0,0,81,,
2025-11-27T00:32:17.166393+00:00,train,1,3528,self,1.0,0,95,,
2025-11-27T00:32:17.166508+00:00,train,1,3529,self,1.0,0,96,,
2025-11-27T00:32:17.166623+00:00,train,1,3530,self,1.0,0,100,,
2025-11-27T00:32:17.166741+00:00,train,1,3531,self,1.0,0,96,,
2025-11-27T00:32:17.166857+00:00,train,1,3532,self,1.0,0,100,,
2025-11-27T00:32:17.166973+00:00,train,1,3533,self,1.0,0,97,,
2025-11-27T00:32:17.167088+00:00,train,1,3534,self,1.0,0,100,,
2025-11-27T00:32:17.167204+00:00,train,1,3535,self,1.0,0,92,,
2025-11-27T00:32:17.167318+00:00,train,1,3536,self,1.0,0,100,,
2025-11-27T00:32:17.167434+00:00,train,1,3537,self,1.0,0,94,,
2025-11-27T00:32:17.167548+00:00,train,1,3538,self,1.0,0,99,,
2025-11-27T00:32:17.167664+00:00,train,1,3539,self,1.0,0,90,,
2025-11-27T00:32:17.167779+00:00,train,1,3540,self,1.0,0,98,,
2025-11-27T00:32:17.167895+00:00,train,1,3541,self,1.0,0,97,,
2025-11-27T00:32:17.168010+00:00,train,1,3542,self,1.0,0,98,,
2025-11-27T00:32:17.168126+00:00,train,1,3543,self,1.0,0,98,,
2025-11-27T00:32:17.168241+00:00,train,1,3544,self,1.0,0,99,,
2025-11-27T00:32:17.168360+00:00,train,1,3545,self,1.0,0,100,,
2025-11-27T00:32:17.168574+00:00,train,1,3546,self,1.0,0,100,,
2025-11-27T00:32:17.168702+00:00,train,1,3547,self,1.0,0,89,,
2025-11-27T00:32:17.168823+00:00,train,1,3548,self,1.0,0,93,,
2025-11-27T00:32:17.168956+00:00,train,1,3549,self,1.0,0,98,,
2025-11-27T00:32:17.169073+00:00,train,1,3550,self,1.0,0,100,,
2025-11-27T00:32:17.169204+00:00,train,1,3551,self,1.0,0,86,,
2025-11-27T00:32:17.169318+00:00,train,1,3552,self,1.0,0,99,,
2025-11-27T00:32:17.169556+00:00,train,1,3553,self,1.0,0,94,,
2025-11-27T00:32:17.169672+00:00,train,1,3554,self,1.0,0,96,,
2025-11-27T00:32:17.169807+00:00,train,1,3555,self,1.0,0,90,,
2025-11-27T00:32:17.169919+00:00,train,1,3556,self,1.0,0,95,,
2025-11-27T00:32:17.170056+00:00,train,1,3557,self,1.0,0,85,,
2025-11-27T00:32:17.170167+00:00,train,1,3558,self,1.0,0,100,,
2025-11-27T00:32:17.170337+00:00,train,1,3559,self,1.0,0,96,,
2025-11-27T00:32:17.170475+00:00,train,1,3560,self,1.0,0,99,,
2025-11-27T00:32:17.170601+00:00,train,1,3561,self,1.0,0,98,,
2025-11-27T00:32:17.170723+00:00,train,1,3562,self,1.0,0,98,,
2025-11-27T00:32:17.170844+00:00,train,1,3563,self,1.0,0,98,,
2025-11-27T00:32:17.170964+00:00,train,1,3564,self,1.0,0,99,,
2025-11-27T00:32:17.171082+00:00,train,1,3565,self,1.0,0,92,,
2025-11-27T00:32:17.171200+00:00,train,1,3566,self,1.0,0,100,,
2025-11-27T00:32:17.171317+00:00,train,1,3567,self,1.0,0,97,,
2025-11-27T00:32:17.171435+00:00,train,1,3568,self,1.0,0,100,,
2025-11-27T00:32:17.171552+00:00,train,1,3569,self,1.0,0,98,,
2025-11-27T00:32:17.171668+00:00,train,1,3570,self,1.0,0,99,,
2025-11-27T00:32:17.171785+00:00,train,1,3571,self,1.0,0,88,,
2025-11-27T00:32:17.171902+00:00,train,1,3572,self,1.0,0,94,,
2025-11-27T00:32:17.172018+00:00,train,1,3573,self,1.0,0,96,,
2025-11-27T00:32:17.172135+00:00,train,1,3574,self,1.0,0,100,,
2025-11-27T00:32:17.172251+00:00,train,1,3575,self,1.0,0,97,,
2025-11-27T00:32:17.172368+00:00,train,1,3576,self,1.0,0,99,,
2025-11-27T00:32:17.172484+00:00,train,1,3577,self,1.0,0,86,,
2025-11-27T00:32:17.172602+00:00,train,1,3578,self,1.0,0,97,,
2025-11-27T00:32:17.172717+00:00,train,1,3579,self,1.0,0,89,,
2025-11-27T00:32:17.172833+00:00,train,1,3580,self,1.0,0,97,,
2025-11-27T00:32:17.172949+00:00,train,1,3581,self,1.0,0,94,,
2025-11-27T00:32:17.173066+00:00,train,1,3582,self,1.0,0,99,,
2025-11-27T00:32:17.173185+00:00,train,1,3583,self,1.0,0,99,,
2025-11-27T00:32:17.173301+00:00,train,1,3584,self,1.0,0,100,,
2025-11-27T00:32:17.173417+00:00,train,1,3585,self,1.0,0,84,,
2025-11-27T00:32:17.173532+00:00,train,1,3586,self,1.0,0,95,,
2025-11-27T00:32:17.173648+00:00,train,1,3587,self,1.0,0,73,,
2025-11-27T00:32:17.173764+00:00,train,1,3588,self,1.0,0,96,,
2025-11-27T00:32:17.173880+00:00,train,1,3589,self,1.0,0,96,,
2025-11-27T00:32:17.173996+00:00,train,1,3590,self,1.0,0,98,,
2025-11-27T00:32:17.174111+00:00,train,1,3591,self,1.0,0,90,,
2025-11-27T00:32:17.174226+00:00,train,1,3592,self,1.0,0,91,,
2025-11-27T00:32:17.174344+00:00,train,1,3593,self,1.0,0,94,,
2025-11-27T00:32:17.174460+00:00,train,1,3594,self,1.0,0,97,,
2025-11-27T00:32:17.174576+00:00,train,1,3595,self,1.0,0,93,,
2025-11-27T00:32:17.174691+00:00,train,1,3596,self,1.0,0,100,,
2025-11-27T00:32:17.174807+00:00,train,1,3597,self,1.0,0,95,,
2025-11-27T00:32:17.174923+00:00,train,1,3598,self,1.0,0,100,,
2025-11-27T00:32:17.175039+00:00,train,1,3599,self,1.0,0,92,,
2025-11-27T00:32:17.175155+00:00,train,1,3600,self,1.0,0,100,,
2025-11-27T00:32:17.175271+00:00,train,1,3601,self,1.0,0,98,,
2025-11-27T00:32:17.175387+00:00,train,1,3602,self,1.0,0,98,,
2025-11-27T00:32:17.175502+00:00,train,1,3603,self,1.0,0,89,,
2025-11-27T00:32:17.175618+00:00,train,1,3604,self,1.0,0,95,,
2025-11-27T00:32:17.175734+00:00,train,1,3605,self,1.0,0,93,,
2025-11-27T00:32:17.175850+00:00,train,1,3606,self,1.0,0,99,,
2025-11-27T00:32:17.175966+00:00,train,1,3607,self,1.0,0,92,,
2025-11-27T00:32:17.176082+00:00,train,1,3608,self,1.0,0,95,,
2025-11-27T00:32:17.176197+00:00,train,1,3609,self,1.0,0,98,,
2025-11-27T00:32:17.176312+00:00,train,1,3610,self,1.0,0,100,,
2025-11-27T00:32:17.176428+00:00,train,1,3611,self,1.0,0,94,,
2025-11-27T00:32:17.176544+00:00,train,1,3612,self,1.0,0,95,,
2025-11-27T00:32:17.176660+00:00,train,1,3613,self,1.0,0,84,,
2025-11-27T00:32:17.176775+00:00,train,1,3614,self,1.0,0,97,,
2025-11-27T00:32:17.176891+00:00,train,1,3615,self,1.0,0,99,,
2025-11-27T00:32:17.177007+00:00,train,1,3616,self,1.0,0,100,,
2025-11-27T00:32:17.177122+00:00,train,1,3617,self,1.0,0,96,,
2025-11-27T00:32:17.177238+00:00,train,1,3618,self,1.0,0,98,,
2025-11-27T00:32:17.177354+00:00,train,1,3619,self,1.0,0,100,,
2025-11-27T00:32:17.177469+00:00,train,1,3620,self,1.0,0,100,,
2025-11-27T00:32:17.177586+00:00,train,1,3621,self,1.0,0,84,,
2025-11-27T00:32:17.177702+00:00,train,1,3622,self,1.0,0,99,,
2025-11-27T00:32:17.177817+00:00,train,1,3623,self,1.0,0,90,,
2025-11-27T00:32:17.177937+00:00,train,1,3624,self,1.0,0,100,,
2025-11-27T00:32:17.178054+00:00,train,1,3625,self,1.0,0,97,,
2025-11-27T00:32:17.178170+00:00,train,1,3626,self,1.0,0,98,,
2025-11-27T00:32:17.178286+00:00,train,1,3627,self,1.0,0,99,,
2025-11-27T00:32:17.178402+00:00,train,1,3628,self,1.0,0,99,,
2025-11-27T00:32:17.178518+00:00,train,1,3629,self,1.0,0,96,,
2025-11-27T00:32:17.178633+00:00,train,1,3630,self,1.0,0,100,,
2025-11-27T00:32:17.178749+00:00,train,1,3631,self,1.0,0,97,,
2025-11-27T00:32:17.178955+00:00,train,1,3632,self,1.0,0,98,,
2025-11-27T00:32:17.179073+00:00,train,1,3633,self,1.0,0,100,,
2025-11-27T00:32:17.179190+00:00,train,1,3634,self,1.0,0,100,,
2025-11-27T00:32:17.179306+00:00,train,1,3635,self,1.0,0,85,,
2025-11-27T00:32:17.179423+00:00,train,1,3636,self,1.0,0,99,,
2025-11-27T00:32:17.179539+00:00,train,1,3637,self,1.0,0,98,,
2025-11-27T00:32:17.179655+00:00,train,1,3638,self,1.0,0,100,,
2025-11-27T00:32:17.179771+00:00,train,1,3639,self,1.0,0,97,,
2025-11-27T00:32:17.179889+00:00,train,1,3640,self,1.0,0,98,,
2025-11-27T00:32:17.180007+00:00,train,1,3641,self,1.0,0,95,,
2025-11-27T00:32:17.180287+00:00,train,1,3642,self,1.0,0,99,,
2025-11-27T00:32:17.180416+00:00,train,1,3643,self,1.0,0,97,,
2025-11-27T00:32:17.180547+00:00,train,1,3644,self,1.0,0,98,,
2025-11-27T00:32:17.180663+00:00,train,1,3645,self,1.0,0,93,,
2025-11-27T00:32:17.180825+00:00,train,1,3646,self,1.0,0,95,,
2025-11-27T00:32:17.180960+00:00,train,1,3647,self,1.0,0,99,,
2025-11-27T00:32:17.181088+00:00,train,1,3648,self,1.0,0,100,,
2025-11-27T00:32:17.181211+00:00,train,1,3649,self,1.0,0,93,,
2025-11-27T00:32:17.181333+00:00,train,1,3650,self,1.0,0,99,,
2025-11-27T00:32:17.181452+00:00,train,1,3651,self,1.0,0,90,,
2025-11-27T00:32:17.181570+00:00,train,1,3652,self,1.0,0,97,,
2025-11-27T00:32:17.181688+00:00,train,1,3653,self,1.0,0,91,,
2025-11-27T00:32:17.181806+00:00,train,1,3654,self,1.0,0,98,,
2025-11-27T00:32:17.181922+00:00,train,1,3655,self,1.0,0,89,,
2025-11-27T00:32:17.182039+00:00,train,1,3656,self,1.0,0,91,,
2025-11-27T00:32:17.182155+00:00,train,1,3657,self,1.0,0,90,,
2025-11-27T00:32:17.182271+00:00,train,1,3658,self,1.0,0,98,,
2025-11-27T00:32:17.182387+00:00,train,1,3659,self,1.0,0,94,,
2025-11-27T00:32:17.182503+00:00,train,1,3660,self,1.0,0,98,,
2025-11-27T00:32:17.182619+00:00,train,1,3661,self,1.0,0,91,,
2025-11-27T00:32:17.182736+00:00,train,1,3662,self,1.0,0,95,,
2025-11-27T00:32:17.182852+00:00,train,1,3663,self,1.0,0,98,,
2025-11-27T00:32:17.182967+00:00,train,1,3664,self,1.0,0,98,,
2025-11-27T00:32:17.183083+00:00,train,1,3665,self,1.0,0,97,,
2025-11-27T00:32:17.183199+00:00,train,1,3666,self,1.0,0,98,,
2025-11-27T00:32:17.183314+00:00,train,1,3667,self,1.0,0,93,,
2025-11-27T00:32:17.183430+00:00,train,1,3668,self,1.0,0,99,,
2025-11-27T00:32:17.183546+00:00,train,1,3669,self,1.0,0,99,,
2025-11-27T00:32:17.183661+00:00,train,1,3670,self,1.0,0,100,,
2025-11-27T00:32:17.183777+00:00,train,1,3671,self,1.0,0,92,,
2025-11-27T00:32:17.183892+00:00,train,1,3672,self,1.0,0,94,,
2025-11-27T00:32:17.184007+00:00,train,1,3673,self,1.0,0,84,,
2025-11-27T00:32:17.184123+00:00,train,1,3674,self,1.0,0,98,,
2025-11-27T00:32:17.184238+00:00,train,1,3675,self,1.0,0,92,,
2025-11-27T00:32:17.184353+00:00,train,1,3676,self,1.0,0,97,,
2025-11-27T00:32:17.184468+00:00,train,1,3677,self,1.0,0,87,,
2025-11-27T00:32:17.184584+00:00,train,1,3678,self,1.0,0,92,,
2025-11-27T00:32:17.184699+00:00,train,1,3679,self,1.0,0,87,,
2025-11-27T00:32:17.184814+00:00,train,1,3680,self,1.0,0,98,,
2025-11-27T00:32:17.184930+00:00,train,1,3681,self,1.0,0,97,,
2025-11-27T00:32:17.185044+00:00,train,1,3682,self,1.0,0,100,,
2025-11-27T00:32:17.185160+00:00,train,1,3683,self,1.0,0,96,,
2025-11-27T00:32:17.185275+00:00,train,1,3684,self,1.0,0,97,,
2025-11-27T00:32:17.185390+00:00,train,1,3685,self,1.0,0,98,,
2025-11-27T00:32:17.185507+00:00,train,1,3686,self,1.0,0,98,,
2025-11-27T00:32:17.185623+00:00,train,1,3687,self,1.0,0,95,,
2025-11-27T00:32:17.185739+00:00,train,1,3688,self,1.0,0,97,,
2025-11-27T00:32:17.185855+00:00,train,1,3689,self,1.0,0,75,,
2025-11-27T00:32:17.185970+00:00,train,1,3690,self,1.0,0,96,,
2025-11-27T00:32:17.186089+00:00,train,1,3691,self,1.0,0,95,,
2025-11-27T00:32:17.186245+00:00,train,1,3692,self,1.0,0,100,,
2025-11-27T00:32:17.186361+00:00,train,1,3693,self,1.0,0,86,,
2025-11-27T00:32:17.186476+00:00,train,1,3694,self,1.0,0,87,,
2025-11-27T00:32:17.186592+00:00,train,1,3695,self,1.0,0,90,,
2025-11-27T00:32:17.186707+00:00,train,1,3696,self,1.0,0,99,,
2025-11-27T00:32:17.186823+00:00,train,1,3697,self,1.0,0,96,,
2025-11-27T00:32:17.186938+00:00,train,1,3698,self,1.0,0,97,,
2025-11-27T00:32:17.187053+00:00,train,1,3699,self,1.0,0,85,,
2025-11-27T00:32:17.187168+00:00,train,1,3700,self,1.0,0,94,,
2025-11-27T00:32:17.187283+00:00,train,1,3701,self,1.0,0,89,,
2025-11-27T00:32:17.187398+00:00,train,1,3702,self,1.0,0,95,,
2025-11-27T00:32:17.187514+00:00,train,1,3703,self,1.0,0,98,,
2025-11-27T00:32:17.187630+00:00,train,1,3704,self,1.0,0,99,,
2025-11-27T00:32:17.187746+00:00,train,1,3705,self,1.0,0,95,,
2025-11-27T00:32:17.187862+00:00,train,1,3706,self,1.0,0,100,,
2025-11-27T00:32:17.187977+00:00,train,1,3707,self,1.0,0,94,,
2025-11-27T00:32:17.188092+00:00,train,1,3708,self,1.0,0,97,,
2025-11-27T00:32:17.188208+00:00,train,1,3709,self,1.0,0,96,,
2025-11-27T00:32:17.188323+00:00,train,1,3710,self,1.0,0,98,,
2025-11-27T00:32:17.188438+00:00,train,1,3711,self,1.0,0,97,,
2025-11-27T00:32:17.188555+00:00,train,1,3712,self,1.0,0,97,,
2025-11-27T00:32:17.188671+00:00,train,1,3713,self,1.0,0,91,,
2025-11-27T00:32:17.188786+00:00,train,1,3714,self,1.0,0,98,,
2025-11-27T00:32:17.188903+00:00,train,1,3715,self,1.0,0,94,,
2025-11-27T00:32:17.189072+00:00,train,1,3716,self,1.0,0,97,,
2025-11-27T00:32:17.189188+00:00,train,1,3717,self,1.0,0,99,,
2025-11-27T00:32:17.189304+00:00,train,1,3718,self,1.0,0,100,,
2025-11-27T00:32:17.189420+00:00,train,1,3719,self,1.0,0,86,,
2025-11-27T00:32:17.189535+00:00,train,1,3720,self,1.0,0,95,,
2025-11-27T00:32:17.189650+00:00,train,1,3721,self,1.0,0,93,,
2025-11-27T00:32:17.189766+00:00,train,1,3722,self,1.0,0,96,,
2025-11-27T00:32:17.189881+00:00,train,1,3723,self,1.0,0,88,,
2025-11-27T00:32:17.189999+00:00,train,1,3724,self,1.0,0,98,,
2025-11-27T00:32:17.190116+00:00,train,1,3725,self,1.0,0,98,,
2025-11-27T00:32:17.190284+00:00,train,1,3726,self,1.0,0,99,,
2025-11-27T00:32:17.190401+00:00,train,1,3727,self,1.0,0,90,,
2025-11-27T00:32:17.190517+00:00,train,1,3728,self,1.0,0,90,,
2025-11-27T00:32:17.190669+00:00,train,1,3729,self,1.0,0,82,,
2025-11-27T00:32:17.190800+00:00,train,1,3730,self,1.0,0,98,,
2025-11-27T00:32:17.190932+00:00,train,1,3731,self,1.0,0,88,,
2025-11-27T00:32:17.191050+00:00,train,1,3732,self,1.0,0,91,,
2025-11-27T00:32:17.191184+00:00,train,1,3733,self,1.0,0,95,,
2025-11-27T00:32:17.191299+00:00,train,1,3734,self,1.0,0,96,,
2025-11-27T00:32:17.191433+00:00,train,1,3735,self,1.0,0,92,,
2025-11-27T00:32:17.191546+00:00,train,1,3736,self,1.0,0,94,,
2025-11-27T00:32:17.191679+00:00,train,1,3737,self,1.0,0,79,,
2025-11-27T00:32:17.191792+00:00,train,1,3738,self,1.0,0,98,,
2025-11-27T00:32:17.191926+00:00,train,1,3739,self,1.0,0,99,,
2025-11-27T00:32:17.192038+00:00,train,1,3740,self,1.0,0,100,,
2025-11-27T00:32:17.192208+00:00,train,1,3741,self,1.0,0,97,,
2025-11-27T00:32:17.192345+00:00,train,1,3742,self,1.0,0,99,,
2025-11-27T00:32:17.192471+00:00,train,1,3743,self,1.0,0,96,,
2025-11-27T00:32:17.192595+00:00,train,1,3744,self,1.0,0,97,,
2025-11-27T00:32:17.192715+00:00,train,1,3745,self,1.0,0,93,,
2025-11-27T00:32:17.192835+00:00,train,1,3746,self,1.0,0,100,,
2025-11-27T00:32:17.192955+00:00,train,1,3747,self,1.0,0,90,,
2025-11-27T00:32:17.193074+00:00,train,1,3748,self,1.0,0,91,,
2025-11-27T00:32:17.193191+00:00,train,1,3749,self,1.0,0,95,,
2025-11-27T00:32:17.193308+00:00,train,1,3750,self,1.0,0,96,,
2025-11-27T00:32:17.193425+00:00,train,1,3751,self,1.0,0,93,,
2025-11-27T00:32:17.193542+00:00,train,1,3752,self,1.0,0,97,,
2025-11-27T00:32:17.193659+00:00,train,1,3753,self,1.0,0,94,,
2025-11-27T00:32:17.193775+00:00,train,1,3754,self,1.0,0,100,,
2025-11-27T00:32:17.193891+00:00,train,1,3755,self,1.0,0,90,,
2025-11-27T00:32:17.194007+00:00,train,1,3756,self,1.0,0,95,,
2025-11-27T00:32:17.194122+00:00,train,1,3757,self,1.0,0,93,,
2025-11-27T00:32:17.194238+00:00,train,1,3758,self,1.0,0,96,,
2025-11-27T00:32:17.194354+00:00,train,1,3759,self,1.0,0,96,,
2025-11-27T00:32:17.194470+00:00,train,1,3760,self,1.0,0,98,,
2025-11-27T00:32:17.194586+00:00,train,1,3761,self,1.0,0,89,,
2025-11-27T00:32:17.194702+00:00,train,1,3762,self,1.0,0,93,,
2025-11-27T00:32:17.194818+00:00,train,1,3763,self,1.0,0,97,,
2025-11-27T00:32:17.194936+00:00,train,1,3764,self,1.0,0,98,,
2025-11-27T00:32:17.195052+00:00,train,1,3765,self,1.0,0,90,,
2025-11-27T00:32:17.195169+00:00,train,1,3766,self,1.0,0,100,,
2025-11-27T00:32:17.195285+00:00,train,1,3767,self,1.0,0,95,,
2025-11-27T00:32:17.195401+00:00,train,1,3768,self,1.0,0,98,,
2025-11-27T00:32:17.195516+00:00,train,1,3769,self,1.0,0,92,,
2025-11-27T00:32:17.195633+00:00,train,1,3770,self,1.0,0,96,,
2025-11-27T00:32:17.195751+00:00,train,1,3771,self,1.0,0,95,,
2025-11-27T00:32:17.195869+00:00,train,1,3772,self,1.0,0,99,,
2025-11-27T00:32:17.195984+00:00,train,1,3773,self,1.0,0,88,,
2025-11-27T00:32:17.196179+00:00,train,1,3774,self,1.0,0,98,,
2025-11-27T00:32:17.196316+00:00,train,1,3775,self,1.0,0,96,,
2025-11-27T00:32:17.196438+00:00,train,1,3776,self,1.0,0,97,,
2025-11-27T00:32:17.196558+00:00,train,1,3777,self,1.0,0,89,,
2025-11-27T00:32:17.196673+00:00,train,1,3778,self,1.0,0,97,,
2025-11-27T00:32:17.196806+00:00,train,1,3779,self,1.0,0,98,,
2025-11-27T00:32:17.196921+00:00,train,1,3780,self,1.0,0,98,,
2025-11-27T00:32:17.197092+00:00,train,1,3781,self,1.0,0,97,,
2025-11-27T00:32:17.197228+00:00,train,1,3782,self,1.0,0,99,,
2025-11-27T00:32:17.197355+00:00,train,1,3783,self,1.0,0,85,,
2025-11-27T00:32:17.197478+00:00,train,1,3784,self,1.0,0,96,,
2025-11-27T00:32:17.197599+00:00,train,1,3785,self,1.0,0,95,,
2025-11-27T00:32:17.197719+00:00,train,1,3786,self,1.0,0,97,,
2025-11-27T00:32:17.197837+00:00,train,1,3787,self,1.0,0,84,,
2025-11-27T00:32:17.197954+00:00,train,1,3788,self,1.0,0,100,,
2025-11-27T00:32:17.198071+00:00,train,1,3789,self,1.0,0,86,,
2025-11-27T00:32:17.198189+00:00,train,1,3790,self,1.0,0,98,,
2025-11-27T00:32:17.198306+00:00,train,1,3791,self,1.0,0,95,,
2025-11-27T00:32:17.198422+00:00,train,1,3792,self,1.0,0,95,,
2025-11-27T00:32:17.198538+00:00,train,1,3793,self,1.0,0,79,,
2025-11-27T00:32:17.198654+00:00,train,1,3794,self,1.0,0,98,,
2025-11-27T00:32:17.198770+00:00,train,1,3795,self,1.0,0,99,,
2025-11-27T00:32:17.198887+00:00,train,1,3796,self,1.0,0,100,,
2025-11-27T00:32:17.199004+00:00,train,1,3797,self,1.0,0,98,,
2025-11-27T00:32:17.199122+00:00,train,1,3798,self,1.0,0,100,,
2025-11-27T00:32:17.199283+00:00,train,1,3799,self,1.0,0,95,,
2025-11-27T00:32:17.199400+00:00,train,1,3800,self,1.0,0,98,,
2025-11-27T00:32:17.199516+00:00,train,1,3801,self,1.0,0,97,,
2025-11-27T00:32:17.199632+00:00,train,1,3802,self,1.0,0,99,,
2025-11-27T00:32:17.199747+00:00,train,1,3803,self,1.0,0,95,,
2025-11-27T00:32:17.199863+00:00,train,1,3804,self,1.0,0,99,,
2025-11-27T00:32:17.199979+00:00,train,1,3805,self,1.0,0,99,,
2025-11-27T00:32:17.200095+00:00,train,1,3806,self,1.0,0,99,,
2025-11-27T00:32:17.200212+00:00,train,1,3807,self,1.0,0,95,,
2025-11-27T00:32:17.200329+00:00,train,1,3808,self,1.0,0,97,,
2025-11-27T00:32:17.200446+00:00,train,1,3809,self,1.0,0,99,,
2025-11-27T00:32:17.200562+00:00,train,1,3810,self,1.0,0,100,,
2025-11-27T00:32:17.200679+00:00,train,1,3811,self,1.0,0,98,,
2025-11-27T00:32:17.200795+00:00,train,1,3812,self,1.0,0,99,,
2025-11-27T00:32:17.200910+00:00,train,1,3813,self,1.0,0,98,,
2025-11-27T00:32:17.201026+00:00,train,1,3814,self,1.0,0,100,,
2025-11-27T00:32:17.201146+00:00,train,1,3815,self,1.0,0,98,,
2025-11-27T00:32:17.201262+00:00,train,1,3816,self,1.0,0,100,,
2025-11-27T00:32:17.201378+00:00,train,1,3817,self,1.0,0,97,,
2025-11-27T00:32:17.201494+00:00,train,1,3818,self,1.0,0,100,,
2025-11-27T00:32:17.201612+00:00,train,1,3819,self,1.0,0,92,,
2025-11-27T00:32:17.201729+00:00,train,1,3820,self,1.0,0,97,,
2025-11-27T00:32:17.201846+00:00,train,1,3821,self,1.0,0,94,,
2025-11-27T00:32:17.201962+00:00,train,1,3822,self,1.0,0,100,,
2025-11-27T00:32:17.202078+00:00,train,1,3823,self,1.0,0,91,,
2025-11-27T00:32:17.202194+00:00,train,1,3824,self,1.0,0,96,,
2025-11-27T00:32:17.202310+00:00,train,1,3825,self,1.0,0,100,,
2025-11-27T00:32:17.202425+00:00,train,1,3826,self,1.0,0,100,,
2025-11-27T00:32:17.202541+00:00,train,1,3827,self,1.0,0,87,,
2025-11-27T00:32:17.202657+00:00,train,1,3828,self,1.0,0,95,,
2025-11-27T00:32:17.202772+00:00,train,1,3829,self,1.0,0,99,,
2025-11-27T00:32:17.202888+00:00,train,1,3830,self,1.0,0,100,,
2025-11-27T00:32:17.203004+00:00,train,1,3831,self,1.0,0,96,,
2025-11-27T00:32:17.203119+00:00,train,1,3832,self,1.0,0,99,,
2025-11-27T00:32:17.203236+00:00,train,1,3833,self,1.0,0,93,,
2025-11-27T00:32:17.203352+00:00,train,1,3834,self,1.0,0,95,,
2025-11-27T00:32:17.203468+00:00,train,1,3835,self,1.0,0,99,,
2025-11-27T00:32:17.203584+00:00,train,1,3836,self,1.0,0,100,,
2025-11-27T00:32:17.203700+00:00,train,1,3837,self,1.0,0,85,,
2025-11-27T00:32:17.203815+00:00,train,1,3838,self,1.0,0,98,,
2025-11-27T00:32:17.203930+00:00,train,1,3839,self,1.0,0,96,,
2025-11-27T00:32:17.204046+00:00,train,1,3840,self,1.0,0,99,,
2025-11-27T00:32:17.204161+00:00,train,1,3841,self,1.0,0,93,,
2025-11-27T00:32:17.204279+00:00,train,1,3842,self,1.0,0,98,,
2025-11-27T00:32:17.204395+00:00,train,1,3843,self,1.0,0,95,,
2025-11-27T00:32:17.204511+00:00,train,1,3844,self,1.0,0,96,,
2025-11-27T00:32:17.204627+00:00,train,1,3845,self,1.0,0,83,,
2025-11-27T00:32:17.204743+00:00,train,1,3846,self,1.0,0,96,,
2025-11-27T00:32:17.204859+00:00,train,1,3847,self,1.0,0,100,,
2025-11-27T00:32:17.204976+00:00,train,1,3848,self,1.0,0,100,,
2025-11-27T00:32:17.205091+00:00,train,1,3849,self,1.0,0,99,,
2025-11-27T00:32:17.205208+00:00,train,1,3850,self,1.0,0,100,,
2025-11-27T00:32:17.205324+00:00,train,1,3851,self,1.0,0,90,,
2025-11-27T00:32:17.205440+00:00,train,1,3852,self,1.0,0,91,,
2025-11-27T00:32:17.205556+00:00,train,1,3853,self,1.0,0,92,,
2025-11-27T00:32:17.205671+00:00,train,1,3854,self,1.0,0,100,,
2025-11-27T00:32:17.205787+00:00,train,1,3855,self,1.0,0,100,,
2025-11-27T00:32:17.205903+00:00,train,1,3856,self,1.0,0,100,,
2025-11-27T00:32:17.206019+00:00,train,1,3857,self,1.0,0,77,,
2025-11-27T00:32:17.206135+00:00,train,1,3858,self,1.0,0,97,,
2025-11-27T00:32:17.206251+00:00,train,1,3859,self,1.0,0,90,,
2025-11-27T00:32:17.206366+00:00,train,1,3860,self,1.0,0,98,,
2025-11-27T00:32:17.206482+00:00,train,1,3861,self,1.0,0,95,,
2025-11-27T00:32:17.206640+00:00,train,1,3862,self,1.0,0,99,,
2025-11-27T00:32:17.206755+00:00,train,1,3863,self,1.0,0,98,,
2025-11-27T00:32:17.206872+00:00,train,1,3864,self,1.0,0,98,,
2025-11-27T00:32:17.206991+00:00,train,1,3865,self,1.0,0,98,,
2025-11-27T00:32:17.207106+00:00,train,1,3866,self,1.0,0,100,,
2025-11-27T00:32:17.207221+00:00,train,1,3867,self,1.0,0,79,,
2025-11-27T00:32:17.207382+00:00,train,1,3868,self,1.0,0,97,,
2025-11-27T00:32:17.207499+00:00,train,1,3869,self,1.0,0,96,,
2025-11-27T00:32:17.207613+00:00,train,1,3870,self,1.0,0,100,,
2025-11-27T00:32:17.207729+00:00,train,1,3871,self,1.0,0,88,,
2025-11-27T00:32:17.207844+00:00,train,1,3872,self,1.0,0,93,,
2025-11-27T00:32:17.207958+00:00,train,1,3873,self,1.0,0,97,,
2025-11-27T00:32:17.208073+00:00,train,1,3874,self,1.0,0,98,,
2025-11-27T00:32:17.208225+00:00,train,1,3875,self,1.0,0,91,,
2025-11-27T00:32:17.208354+00:00,train,1,3876,self,1.0,0,100,,
2025-11-27T00:32:17.208517+00:00,train,1,3877,self,1.0,0,91,,
2025-11-27T00:32:17.208653+00:00,train,1,3878,self,1.0,0,97,,
2025-11-27T00:32:17.208779+00:00,train,1,3879,self,1.0,0,99,,
2025-11-27T00:32:17.208903+00:00,train,1,3880,self,1.0,0,100,,
2025-11-27T00:32:17.209024+00:00,train,1,3881,self,1.0,0,95,,
2025-11-27T00:32:17.209144+00:00,train,1,3882,self,1.0,0,100,,
2025-11-27T00:32:17.209264+00:00,train,1,3883,self,1.0,0,83,,
2025-11-27T00:32:17.209501+00:00,train,1,3884,self,1.0,0,100,,
2025-11-27T00:32:17.209659+00:00,train,1,3885,self,1.0,0,98,,
2025-11-27T00:32:17.209777+00:00,train,1,3886,self,1.0,0,100,,
2025-11-27T00:32:17.209894+00:00,train,1,3887,self,1.0,0,88,,
2025-11-27T00:32:17.210051+00:00,train,1,3888,self,1.0,0,100,,
2025-11-27T00:32:17.210360+00:00,train,1,3889,self,1.0,0,88,,
2025-11-27T00:32:17.210521+00:00,train,1,3890,self,1.0,0,100,,
2025-11-27T00:32:17.210689+00:00,train,1,3891,self,1.0,0,92,,
2025-11-27T00:32:17.210811+00:00,train,1,3892,self,1.0,0,98,,
2025-11-27T00:32:17.210929+00:00,train,1,3893,self,1.0,0,94,,
2025-11-27T00:32:17.211087+00:00,train,1,3894,self,1.0,0,100,,
2025-11-27T00:32:17.211217+00:00,train,1,3895,self,1.0,0,91,,
2025-11-27T00:32:17.211375+00:00,train,1,3896,self,1.0,0,98,,
2025-11-27T00:32:17.211505+00:00,train,1,3897,self,1.0,0,90,,
2025-11-27T00:32:17.211637+00:00,train,1,3898,self,1.0,0,97,,
2025-11-27T00:32:17.211755+00:00,train,1,3899,self,1.0,0,99,,
2025-11-27T00:32:17.211895+00:00,train,1,3900,self,1.0,0,100,,
2025-11-27T00:32:17.212016+00:00,train,1,3901,self,1.0,0,90,,
2025-11-27T00:32:17.212148+00:00,train,1,3902,self,1.0,0,99,,
2025-11-27T00:32:17.212263+00:00,train,1,3903,self,1.0,0,95,,
2025-11-27T00:32:17.212398+00:00,train,1,3904,self,1.0,0,99,,
2025-11-27T00:32:17.212511+00:00,train,1,3905,self,1.0,0,83,,
2025-11-27T00:32:17.212635+00:00,train,1,3906,self,1.0,0,99,,
2025-11-27T00:32:17.212749+00:00,train,1,3907,self,1.0,0,100,,
2025-11-27T00:32:17.212918+00:00,train,1,3908,self,1.0,0,100,,
2025-11-27T00:32:17.213056+00:00,train,1,3909,self,1.0,0,88,,
2025-11-27T00:32:17.213183+00:00,train,1,3910,self,1.0,0,99,,
2025-11-27T00:32:17.213306+00:00,train,1,3911,self,1.0,0,94,,
2025-11-27T00:32:17.213428+00:00,train,1,3912,self,1.0,0,96,,
2025-11-27T00:32:17.213547+00:00,train,1,3913,self,1.0,0,96,,
2025-11-27T00:32:17.213668+00:00,train,1,3914,self,1.0,0,100,,
2025-11-27T00:32:17.213788+00:00,train,1,3915,self,1.0,0,99,,
2025-11-27T00:32:17.213905+00:00,train,1,3916,self,1.0,0,100,,
2025-11-27T00:32:17.214023+00:00,train,1,3917,self,1.0,0,88,,
2025-11-27T00:32:17.214140+00:00,train,1,3918,self,1.0,0,90,,
2025-11-27T00:32:17.214257+00:00,train,1,3919,self,1.0,0,95,,
2025-11-27T00:32:17.214373+00:00,train,1,3920,self,1.0,0,98,,
2025-11-27T00:32:17.214489+00:00,train,1,3921,self,1.0,0,93,,
2025-11-27T00:32:17.214606+00:00,train,1,3922,self,1.0,0,100,,
2025-11-27T00:32:17.214723+00:00,train,1,3923,self,1.0,0,99,,
2025-11-27T00:32:17.214840+00:00,train,1,3924,self,1.0,0,99,,
2025-11-27T00:32:17.214956+00:00,train,1,3925,self,1.0,0,87,,
2025-11-27T00:32:17.215072+00:00,train,1,3926,self,1.0,0,96,,
2025-11-27T00:32:17.215188+00:00,train,1,3927,self,1.0,0,90,,
2025-11-27T00:32:17.215304+00:00,train,1,3928,self,1.0,0,99,,
2025-11-27T00:32:17.215419+00:00,train,1,3929,self,1.0,0,89,,
2025-11-27T00:32:17.215536+00:00,train,1,3930,self,1.0,0,91,,
2025-11-27T00:32:17.215652+00:00,train,1,3931,self,1.0,0,98,,
2025-11-27T00:32:17.215768+00:00,train,1,3932,self,1.0,0,99,,
2025-11-27T00:32:17.215884+00:00,train,1,3933,self,1.0,0,92,,
2025-11-27T00:32:17.216000+00:00,train,1,3934,self,1.0,0,99,,
2025-11-27T00:32:17.216115+00:00,train,1,3935,self,1.0,0,98,,
2025-11-27T00:32:17.216231+00:00,train,1,3936,self,1.0,0,98,,
2025-11-27T00:32:17.216347+00:00,train,1,3937,self,1.0,0,92,,
2025-11-27T00:32:17.216463+00:00,train,1,3938,self,1.0,0,99,,
2025-11-27T00:32:17.216580+00:00,train,1,3939,self,1.0,0,96,,
2025-11-27T00:32:17.216696+00:00,train,1,3940,self,1.0,0,100,,
2025-11-27T00:32:17.216812+00:00,train,1,3941,self,1.0,0,97,,
2025-11-27T00:32:17.216928+00:00,train,1,3942,self,1.0,0,99,,
2025-11-27T00:32:17.217044+00:00,train,1,3943,self,1.0,0,95,,
2025-11-27T00:32:17.217160+00:00,train,1,3944,self,1.0,0,100,,
2025-11-27T00:32:17.217276+00:00,train,1,3945,self,1.0,0,98,,
2025-11-27T00:32:17.217391+00:00,train,1,3946,self,1.0,0,100,,
2025-11-27T00:32:17.217507+00:00,train,1,3947,self,1.0,0,97,,
2025-11-27T00:32:17.217623+00:00,train,1,3948,self,1.0,0,98,,
2025-11-27T00:32:17.217740+00:00,train,1,3949,self,1.0,0,93,,
2025-11-27T00:32:17.217856+00:00,train,1,3950,self,1.0,0,94,,
2025-11-27T00:32:17.217972+00:00,train,1,3951,self,1.0,0,80,,
2025-11-27T00:32:17.218088+00:00,train,1,3952,self,1.0,0,96,,
2025-11-27T00:32:17.218204+00:00,train,1,3953,self,1.0,0,94,,
2025-11-27T00:32:17.218319+00:00,train,1,3954,self,1.0,0,95,,
2025-11-27T00:32:17.218435+00:00,train,1,3955,self,1.0,0,88,,
2025-11-27T00:32:17.218551+00:00,train,1,3956,self,1.0,0,94,,
2025-11-27T00:32:17.218667+00:00,train,1,3957,self,1.0,0,97,,
2025-11-27T00:32:17.218783+00:00,train,1,3958,self,1.0,0,97,,
2025-11-27T00:32:17.218899+00:00,train,1,3959,self,1.0,0,97,,
2025-11-27T00:32:17.219014+00:00,train,1,3960,self,1.0,0,98,,
2025-11-27T00:32:17.219130+00:00,train,1,3961,self,1.0,0,84,,
2025-11-27T00:32:17.219245+00:00,train,1,3962,self,1.0,0,97,,
2025-11-27T00:32:17.219364+00:00,train,1,3963,self,1.0,0,92,,
2025-11-27T00:32:17.219612+00:00,train,1,3964,self,1.0,0,99,,
2025-11-27T00:32:17.219734+00:00,train,1,3965,self,1.0,0,95,,
2025-11-27T00:32:17.219852+00:00,train,1,3966,self,1.0,0,99,,
2025-11-27T00:32:17.219967+00:00,train,1,3967,self,1.0,0,89,,
2025-11-27T00:32:17.220183+00:00,train,1,3968,self,1.0,0,100,,
2025-11-27T00:32:17.220320+00:00,train,1,3969,self,1.0,0,97,,
2025-11-27T00:32:17.220449+00:00,train,1,3970,self,1.0,0,99,,
2025-11-27T00:32:17.220575+00:00,train,1,3971,self,1.0,0,100,,
2025-11-27T00:32:17.220737+00:00,train,1,3972,self,1.0,0,100,,
2025-11-27T00:32:17.220866+00:00,train,1,3973,self,1.0,0,95,,
2025-11-27T00:32:17.221028+00:00,train,1,3974,self,1.0,0,99,,
2025-11-27T00:32:17.221165+00:00,train,1,3975,self,1.0,0,95,,
2025-11-27T00:32:17.221293+00:00,train,1,3976,self,1.0,0,100,,
2025-11-27T00:32:17.221417+00:00,train,1,3977,self,1.0,0,92,,
2025-11-27T00:32:17.221539+00:00,train,1,3978,self,1.0,0,100,,
2025-11-27T00:32:17.221658+00:00,train,1,3979,self,1.0,0,95,,
2025-11-27T00:32:17.221777+00:00,train,1,3980,self,1.0,0,100,,
2025-11-27T00:32:17.221895+00:00,train,1,3981,self,1.0,0,92,,
2025-11-27T00:32:17.222013+00:00,train,1,3982,self,1.0,0,95,,
2025-11-27T00:32:17.222129+00:00,train,1,3983,self,1.0,0,85,,
2025-11-27T00:32:17.222246+00:00,train,1,3984,self,1.0,0,99,,
2025-11-27T00:32:17.222362+00:00,train,1,3985,self,1.0,0,96,,
2025-11-27T00:32:17.222478+00:00,train,1,3986,self,1.0,0,98,,
2025-11-27T00:32:17.222594+00:00,train,1,3987,self,1.0,0,96,,
2025-11-27T00:32:17.222710+00:00,train,1,3988,self,1.0,0,97,,
2025-11-27T00:32:17.222825+00:00,train,1,3989,self,1.0,0,75,,
2025-11-27T00:32:17.222941+00:00,train,1,3990,self,1.0,0,97,,
2025-11-27T00:32:17.223057+00:00,train,1,3991,self,1.0,0,94,,
2025-11-27T00:32:17.223173+00:00,train,1,3992,self,1.0,0,94,,
2025-11-27T00:32:17.223289+00:00,train,1,3993,self,1.0,0,99,,
2025-11-27T00:32:17.223404+00:00,train,1,3994,self,1.0,0,100,,
2025-11-27T00:32:17.223521+00:00,train,1,3995,self,1.0,0,88,,
2025-11-27T00:32:17.223636+00:00,train,1,3996,self,1.0,0,90,,
2025-11-27T00:32:17.223751+00:00,train,1,3997,self,1.0,0,88,,
2025-11-27T00:32:17.223867+00:00,train,1,3998,self,1.0,0,99,,
2025-11-27T00:32:17.223982+00:00,train,1,3999,self,1.0,0,98,,
2025-11-27T00:32:17.224098+00:00,train,1,4000,self,1.0,0,99,,
2025-11-27T00:32:17.224213+00:00,train,1,4001,self,1.0,0,92,,
2025-11-27T00:32:17.224329+00:00,train,1,4002,self,1.0,0,94,,
2025-11-27T00:32:17.224445+00:00,train,1,4003,self,1.0,0,91,,
2025-11-27T00:32:17.224560+00:00,train,1,4004,self,1.0,0,98,,
2025-11-27T00:32:17.224676+00:00,train,1,4005,self,1.0,0,98,,
2025-11-27T00:32:17.224792+00:00,train,1,4006,self,1.0,0,100,,
2025-11-27T00:32:17.224907+00:00,train,1,4007,self,1.0,0,97,,
2025-11-27T00:32:17.225023+00:00,train,1,4008,self,1.0,0,99,,
2025-11-27T00:32:17.225138+00:00,train,1,4009,self,1.0,0,97,,
2025-11-27T00:32:17.225254+00:00,train,1,4010,self,1.0,0,97,,
2025-11-27T00:32:17.225368+00:00,train,1,4011,self,1.0,0,99,,
2025-11-27T00:32:17.225484+00:00,train,1,4012,self,1.0,0,100,,
2025-11-27T00:32:17.225598+00:00,train,1,4013,self,1.0,0,86,,
2025-11-27T00:32:17.225714+00:00,train,1,4014,self,1.0,0,97,,
2025-11-27T00:32:17.225829+00:00,train,1,4015,self,1.0,0,98,,
2025-11-27T00:32:17.225944+00:00,train,1,4016,self,1.0,0,100,,
2025-11-27T00:32:17.226059+00:00,train,1,4017,self,1.0,0,93,,
2025-11-27T00:32:17.226175+00:00,train,1,4018,self,1.0,0,100,,
2025-11-27T00:32:17.226290+00:00,train,1,4019,self,1.0,0,100,,
2025-11-27T00:32:17.226406+00:00,train,1,4020,self,1.0,0,100,,
2025-11-27T00:32:17.226521+00:00,train,1,4021,self,1.0,0,92,,
2025-11-27T00:32:17.226638+00:00,train,1,4022,self,1.0,0,100,,
2025-11-27T00:32:17.226753+00:00,train,1,4023,self,1.0,0,86,,
2025-11-27T00:32:17.226868+00:00,train,1,4024,self,1.0,0,89,,
2025-11-27T00:32:17.226983+00:00,train,1,4025,self,1.0,0,99,,
2025-11-27T00:32:17.227099+00:00,train,1,4026,self,1.0,0,100,,
2025-11-27T00:32:17.227215+00:00,train,1,4027,self,1.0,0,96,,
2025-11-27T00:32:17.227331+00:00,train,1,4028,self,1.0,0,99,,
2025-11-27T00:32:17.227447+00:00,train,1,4029,self,1.0,0,95,,
2025-11-27T00:32:17.227563+00:00,train,1,4030,self,1.0,0,100,,
2025-11-27T00:32:17.227678+00:00,train,1,4031,self,1.0,0,95,,
2025-11-27T00:32:17.227794+00:00,train,1,4032,self,1.0,0,100,,
2025-11-27T00:32:17.227909+00:00,train,1,4033,self,1.0,0,96,,
2025-11-27T00:32:17.228024+00:00,train,1,4034,self,1.0,0,100,,
2025-11-27T00:32:17.228139+00:00,train,1,4035,self,1.0,0,83,,
2025-11-27T00:32:17.228255+00:00,train,1,4036,self,1.0,0,97,,
2025-11-27T00:32:17.228374+00:00,train,1,4037,self,1.0,0,90,,
2025-11-27T00:32:17.228489+00:00,train,1,4038,self,1.0,0,99,,
2025-11-27T00:32:17.228605+00:00,train,1,4039,self,1.0,0,98,,
2025-11-27T00:32:17.228722+00:00,train,1,4040,self,1.0,0,100,,
2025-11-27T00:32:17.228839+00:00,train,1,4041,self,1.0,0,96,,
2025-11-27T00:32:17.228957+00:00,train,1,4042,self,1.0,0,100,,
2025-11-27T00:32:17.229147+00:00,train,1,4043,self,1.0,0,95,,
2025-11-27T00:32:17.229276+00:00,train,1,4044,self,1.0,0,96,,
2025-11-27T00:32:17.229396+00:00,train,1,4045,self,1.0,0,79,,
2025-11-27T00:32:17.229512+00:00,train,1,4046,self,1.0,0,91,,
2025-11-27T00:32:17.229625+00:00,train,1,4047,self,1.0,0,96,,
2025-11-27T00:32:17.229787+00:00,train,1,4048,self,1.0,0,98,,
2025-11-27T00:32:17.229901+00:00,train,1,4049,self,1.0,0,95,,
2025-11-27T00:32:17.230017+00:00,train,1,4050,self,1.0,0,100,,
2025-11-27T00:32:17.230128+00:00,train,1,4051,self,1.0,0,93,,
2025-11-27T00:32:17.230238+00:00,train,1,4052,self,1.0,0,97,,
2025-11-27T00:32:17.230347+00:00,train,1,4053,self,1.0,0,93,,
2025-11-27T00:32:17.230455+00:00,train,1,4054,self,1.0,0,97,,
2025-11-27T00:32:17.230564+00:00,train,1,4055,self,1.0,0,93,,
2025-11-27T00:32:17.230677+00:00,train,1,4056,self,1.0,0,97,,
2025-11-27T00:32:17.230788+00:00,train,1,4057,self,1.0,0,86,,
2025-11-27T00:32:17.230904+00:00,train,1,4058,self,1.0,0,93,,
2025-11-27T00:32:17.231013+00:00,train,1,4059,self,1.0,0,97,,
2025-11-27T00:32:17.231122+00:00,train,1,4060,self,1.0,0,100,,
2025-11-27T00:32:17.231233+00:00,train,1,4061,self,1.0,0,88,,
2025-11-27T00:32:17.231342+00:00,train,1,4062,self,1.0,0,94,,
2025-11-27T00:32:17.231451+00:00,train,1,4063,self,1.0,0,97,,
2025-11-27T00:32:17.231560+00:00,train,1,4064,self,1.0,0,99,,
2025-11-27T00:32:17.231669+00:00,train,1,4065,self,1.0,0,86,,
2025-11-27T00:32:17.231783+00:00,train,1,4066,self,1.0,0,98,,
2025-11-27T00:32:17.231892+00:00,train,1,4067,self,1.0,0,98,,
2025-11-27T00:32:17.232001+00:00,train,1,4068,self,1.0,0,100,,
2025-11-27T00:32:17.232111+00:00,train,1,4069,self,1.0,0,90,,
2025-11-27T00:32:17.232220+00:00,train,1,4070,self,1.0,0,95,,
2025-11-27T00:32:17.232328+00:00,train,1,4071,self,1.0,0,99,,
2025-11-27T00:32:17.232437+00:00,train,1,4072,self,1.0,0,100,,
2025-11-27T00:32:17.232547+00:00,train,1,4073,self,1.0,0,95,,
2025-11-27T00:32:17.232661+00:00,train,1,4074,self,1.0,0,98,,
2025-11-27T00:32:17.232770+00:00,train,1,4075,self,1.0,0,91,,
2025-11-27T00:32:17.232879+00:00,train,1,4076,self,1.0,0,99,,
2025-11-27T00:32:17.232987+00:00,train,1,4077,self,1.0,0,95,,
2025-11-27T00:32:17.233097+00:00,train,1,4078,self,1.0,0,100,,
2025-11-27T00:32:17.233206+00:00,train,1,4079,self,1.0,0,94,,
2025-11-27T00:32:17.233315+00:00,train,1,4080,self,1.0,0,97,,
2025-11-27T00:32:17.233424+00:00,train,1,4081,self,1.0,0,89,,
2025-11-27T00:32:17.233539+00:00,train,1,4082,self,1.0,0,99,,
2025-11-27T00:32:17.233648+00:00,train,1,4083,self,1.0,0,89,,
2025-11-27T00:32:17.233757+00:00,train,1,4084,self,1.0,0,100,,
2025-11-27T00:32:17.233866+00:00,train,1,4085,self,1.0,0,92,,
2025-11-27T00:32:17.233976+00:00,train,1,4086,self,1.0,0,97,,
2025-11-27T00:32:17.234085+00:00,train,1,4087,self,1.0,0,95,,
2025-11-27T00:32:17.234194+00:00,train,1,4088,self,1.0,0,97,,
2025-11-27T00:32:17.234303+00:00,train,1,4089,self,1.0,0,91,,
2025-11-27T00:32:17.234417+00:00,train,1,4090,self,1.0,0,92,,
2025-11-27T00:32:17.234526+00:00,train,1,4091,self,1.0,0,96,,
2025-11-27T00:32:17.234635+00:00,train,1,4092,self,1.0,0,97,,
2025-11-27T00:32:17.234744+00:00,train,1,4093,self,1.0,0,95,,
2025-11-27T00:32:17.234852+00:00,train,1,4094,self,1.0,0,97,,
2025-11-27T00:32:17.234960+00:00,train,1,4095,self,1.0,0,90,,
2025-11-27T00:32:17.235069+00:00,train,1,4096,self,1.0,0,98,,
2025-11-27T00:32:17.235178+00:00,train,1,4097,self,1.0,0,86,,
2025-11-27T00:32:17.235291+00:00,train,1,4098,self,1.0,0,97,,
2025-11-27T00:32:17.235400+00:00,train,1,4099,self,1.0,0,90,,
2025-11-27T00:32:17.235508+00:00,train,1,4100,self,1.0,0,98,,
2025-11-27T00:32:17.235616+00:00,train,1,4101,self,1.0,0,83,,
2025-11-27T00:32:17.235726+00:00,train,1,4102,self,1.0,0,92,,
2025-11-27T00:32:17.235835+00:00,train,1,4103,self,1.0,0,95,,
2025-11-27T00:32:17.235944+00:00,train,1,4104,self,1.0,0,99,,
2025-11-27T00:32:17.236053+00:00,train,1,4105,self,1.0,0,95,,
2025-11-27T00:32:17.236166+00:00,train,1,4106,self,1.0,0,99,,
2025-11-27T00:32:17.236275+00:00,train,1,4107,self,1.0,0,98,,
2025-11-27T00:32:17.236384+00:00,train,1,4108,self,1.0,0,100,,
2025-11-27T00:32:17.236494+00:00,train,1,4109,self,1.0,0,96,,
2025-11-27T00:32:17.236603+00:00,train,1,4110,self,1.0,0,100,,
2025-11-27T00:32:17.236713+00:00,train,1,4111,self,1.0,0,95,,
2025-11-27T00:32:17.236821+00:00,train,1,4112,self,1.0,0,98,,
2025-11-27T00:32:17.236930+00:00,train,1,4113,self,1.0,0,95,,
2025-11-27T00:32:17.237044+00:00,train,1,4114,self,1.0,0,98,,
2025-11-27T00:32:17.237153+00:00,train,1,4115,self,1.0,0,97,,
2025-11-27T00:32:17.237262+00:00,train,1,4116,self,1.0,0,99,,
2025-11-27T00:32:17.237370+00:00,train,1,4117,self,1.0,0,97,,
2025-11-27T00:32:17.237479+00:00,train,1,4118,self,1.0,0,100,,
2025-11-27T00:32:17.237588+00:00,train,1,4119,self,1.0,0,95,,
2025-11-27T00:32:17.237697+00:00,train,1,4120,self,1.0,0,96,,
2025-11-27T00:32:17.237806+00:00,train,1,4121,self,1.0,0,99,,
2025-11-27T00:32:17.237920+00:00,train,1,4122,self,1.0,0,99,,
2025-11-27T00:32:17.238030+00:00,train,1,4123,self,1.0,0,93,,
2025-11-27T00:32:17.238138+00:00,train,1,4124,self,1.0,0,96,,
2025-11-27T00:32:17.238247+00:00,train,1,4125,self,1.0,0,85,,
2025-11-27T00:32:17.238356+00:00,train,1,4126,self,1.0,0,97,,
2025-11-27T00:32:17.238465+00:00,train,1,4127,self,1.0,0,95,,
2025-11-27T00:32:17.238573+00:00,train,1,4128,self,1.0,0,99,,
2025-11-27T00:32:17.238682+00:00,train,1,4129,self,1.0,0,94,,
2025-11-27T00:32:17.238796+00:00,train,1,4130,self,1.0,0,99,,
2025-11-27T00:32:17.238905+00:00,train,1,4131,self,1.0,0,96,,
2025-11-27T00:32:17.239014+00:00,train,1,4132,self,1.0,0,97,,
2025-11-27T00:32:17.239123+00:00,train,1,4133,self,1.0,0,97,,
2025-11-27T00:32:17.239232+00:00,train,1,4134,self,1.0,0,97,,
2025-11-27T00:32:17.239340+00:00,train,1,4135,self,1.0,0,76,,
2025-11-27T00:32:17.239449+00:00,train,1,4136,self,1.0,0,98,,
2025-11-27T00:32:17.239558+00:00,train,1,4137,self,1.0,0,96,,
2025-11-27T00:32:17.239671+00:00,train,1,4138,self,1.0,0,98,,
2025-11-27T00:32:17.239873+00:00,train,1,4139,self,1.0,0,96,,
2025-11-27T00:32:17.240020+00:00,train,1,4140,self,1.0,0,99,,
2025-11-27T00:32:17.240146+00:00,train,1,4141,self,1.0,0,93,,
2025-11-27T00:32:17.240266+00:00,train,1,4142,self,1.0,0,94,,
2025-11-27T00:32:17.240382+00:00,train,1,4143,self,1.0,0,82,,
2025-11-27T00:32:17.240498+00:00,train,1,4144,self,1.0,0,93,,
2025-11-27T00:32:17.240612+00:00,train,1,4145,self,1.0,0,97,,
2025-11-27T00:32:17.240730+00:00,train,1,4146,self,1.0,0,100,,
2025-11-27T00:32:17.240845+00:00,train,1,4147,self,1.0,0,98,,
2025-11-27T00:32:17.240957+00:00,train,1,4148,self,1.0,0,100,,
2025-11-27T00:32:17.241070+00:00,train,1,4149,self,1.0,0,90,,
2025-11-27T00:32:17.241183+00:00,train,1,4150,self,1.0,0,91,,
2025-11-27T00:32:17.241296+00:00,train,1,4151,self,1.0,0,100,,
2025-11-27T00:32:17.241407+00:00,train,1,4152,self,1.0,0,100,,
2025-11-27T00:32:17.241518+00:00,train,1,4153,self,1.0,0,96,,
2025-11-27T00:32:17.241635+00:00,train,1,4154,self,1.0,0,100,,
2025-11-27T00:32:17.241746+00:00,train,1,4155,self,1.0,0,96,,
2025-11-27T00:32:17.241856+00:00,train,1,4156,self,1.0,0,97,,
2025-11-27T00:32:17.241967+00:00,train,1,4157,self,1.0,0,96,,
2025-11-27T00:32:17.242077+00:00,train,1,4158,self,1.0,0,99,,
2025-11-27T00:32:17.242189+00:00,train,1,4159,self,1.0,0,99,,
2025-11-27T00:32:17.242341+00:00,train,1,4160,self,1.0,0,100,,
2025-11-27T00:32:17.242452+00:00,train,1,4161,self,1.0,0,90,,
2025-11-27T00:32:17.242568+00:00,train,1,4162,self,1.0,0,98,,
2025-11-27T00:32:17.242680+00:00,train,1,4163,self,1.0,0,91,,
2025-11-27T00:32:17.242790+00:00,train,1,4164,self,1.0,0,98,,
2025-11-27T00:32:17.242901+00:00,train,1,4165,self,1.0,0,93,,
2025-11-27T00:32:17.243014+00:00,train,1,4166,self,1.0,0,100,,
2025-11-27T00:32:17.243126+00:00,train,1,4167,self,1.0,0,90,,
2025-11-27T00:32:17.243236+00:00,train,1,4168,self,1.0,0,91,,
2025-11-27T00:32:17.243347+00:00,train,1,4169,self,1.0,0,77,,
2025-11-27T00:32:17.243463+00:00,train,1,4170,self,1.0,0,100,,
2025-11-27T00:32:17.243574+00:00,train,1,4171,self,1.0,0,87,,
2025-11-27T00:32:17.243684+00:00,train,1,4172,self,1.0,0,100,,
2025-11-27T00:32:17.243795+00:00,train,1,4173,self,1.0,0,91,,
2025-11-27T00:32:17.243905+00:00,train,1,4174,self,1.0,0,99,,
2025-11-27T00:32:17.244016+00:00,train,1,4175,self,1.0,0,96,,
2025-11-27T00:32:17.244126+00:00,train,1,4176,self,1.0,0,98,,
2025-11-27T00:32:17.244240+00:00,train,1,4177,self,1.0,0,90,,
2025-11-27T00:32:17.244355+00:00,train,1,4178,self,1.0,0,99,,
2025-11-27T00:32:17.244466+00:00,train,1,4179,self,1.0,0,91,,
2025-11-27T00:32:17.244576+00:00,train,1,4180,self,1.0,0,96,,
2025-11-27T00:32:17.244687+00:00,train,1,4181,self,1.0,0,95,,
2025-11-27T00:32:17.244797+00:00,train,1,4182,self,1.0,0,100,,
2025-11-27T00:32:17.244950+00:00,train,1,4183,self,1.0,0,98,,
2025-11-27T00:32:17.245060+00:00,train,1,4184,self,1.0,0,98,,
2025-11-27T00:32:17.245198+00:00,train,1,4185,self,1.0,0,86,,
2025-11-27T00:32:17.245405+00:00,train,1,4186,self,1.0,0,94,,
2025-11-27T00:32:17.245605+00:00,train,1,4187,self,1.0,0,96,,
2025-11-27T00:32:17.245746+00:00,train,1,4188,self,1.0,0,100,,
2025-11-27T00:32:17.245868+00:00,train,1,4189,self,1.0,0,97,,
2025-11-27T00:32:17.245984+00:00,train,1,4190,self,1.0,0,98,,
2025-11-27T00:32:17.246097+00:00,train,1,4191,self,1.0,0,91,,
2025-11-27T00:32:17.246209+00:00,train,1,4192,self,1.0,0,95,,
2025-11-27T00:32:17.246320+00:00,train,1,4193,self,1.0,0,98,,
2025-11-27T00:32:17.246437+00:00,train,1,4194,self,1.0,0,99,,
2025-11-27T00:32:17.246548+00:00,train,1,4195,self,1.0,0,97,,
2025-11-27T00:32:17.246658+00:00,train,1,4196,self,1.0,0,100,,
2025-11-27T00:32:17.246769+00:00,train,1,4197,self,1.0,0,92,,
2025-11-27T00:32:17.246879+00:00,train,1,4198,self,1.0,0,98,,
2025-11-27T00:32:17.246988+00:00,train,1,4199,self,1.0,0,85,,
2025-11-27T00:32:17.247098+00:00,train,1,4200,self,1.0,0,94,,
2025-11-27T00:32:17.247207+00:00,train,1,4201,self,1.0,0,94,,
2025-11-27T00:32:17.247321+00:00,train,1,4202,self,1.0,0,100,,
2025-11-27T00:32:17.247430+00:00,train,1,4203,self,1.0,0,96,,
2025-11-27T00:32:17.247540+00:00,train,1,4204,self,1.0,0,98,,
2025-11-27T00:32:17.247649+00:00,train,1,4205,self,1.0,0,93,,
2025-11-27T00:32:17.247758+00:00,train,1,4206,self,1.0,0,94,,
2025-11-27T00:32:17.247868+00:00,train,1,4207,self,1.0,0,96,,
2025-11-27T00:32:17.247977+00:00,train,1,4208,self,1.0,0,99,,
2025-11-27T00:32:17.248087+00:00,train,1,4209,self,1.0,0,97,,
2025-11-27T00:32:17.248201+00:00,train,1,4210,self,1.0,0,97,,
2025-11-27T00:32:17.248309+00:00,train,1,4211,self,1.0,0,91,,
2025-11-27T00:32:17.248418+00:00,train,1,4212,self,1.0,0,97,,
2025-11-27T00:32:17.248526+00:00,train,1,4213,self,1.0,0,95,,
2025-11-27T00:32:17.248636+00:00,train,1,4214,self,1.0,0,99,,
2025-11-27T00:32:17.248745+00:00,train,1,4215,self,1.0,0,98,,
2025-11-27T00:32:17.248854+00:00,train,1,4216,self,1.0,0,99,,
2025-11-27T00:32:17.248963+00:00,train,1,4217,self,1.0,0,93,,
2025-11-27T00:32:17.249076+00:00,train,1,4218,self,1.0,0,99,,
2025-11-27T00:32:17.249185+00:00,train,1,4219,self,1.0,0,88,,
2025-11-27T00:32:17.249294+00:00,train,1,4220,self,1.0,0,90,,
2025-11-27T00:32:17.249402+00:00,train,1,4221,self,1.0,0,97,,
2025-11-27T00:32:17.249510+00:00,train,1,4222,self,1.0,0,98,,
2025-11-27T00:32:17.249619+00:00,train,1,4223,self,1.0,0,94,,
2025-11-27T00:32:17.249728+00:00,train,1,4224,self,1.0,0,96,,
2025-11-27T00:32:17.249857+00:00,train,1,4225,self,1.0,0,96,,
2025-11-27T00:32:17.249970+00:00,train,1,4226,self,1.0,0,100,,
2025-11-27T00:32:17.250197+00:00,train,1,4227,self,1.0,0,96,,
2025-11-27T00:32:17.250348+00:00,train,1,4228,self,1.0,0,97,,
2025-11-27T00:32:17.250480+00:00,train,1,4229,self,1.0,0,88,,
2025-11-27T00:32:17.250606+00:00,train,1,4230,self,1.0,0,99,,
2025-11-27T00:32:17.251013+00:00,train,1,4231,self,1.0,0,99,,
2025-11-27T00:32:17.251139+00:00,train,1,4232,self,1.0,0,100,,
2025-11-27T00:32:17.251262+00:00,train,1,4233,self,1.0,0,99,,
2025-11-27T00:32:17.251383+00:00,train,1,4234,self,1.0,0,100,,
2025-11-27T00:32:17.251501+00:00,train,1,4235,self,1.0,0,94,,
2025-11-27T00:32:17.251663+00:00,train,1,4236,self,1.0,0,99,,
2025-11-27T00:32:17.251783+00:00,train,1,4237,self,1.0,0,90,,
2025-11-27T00:32:17.251899+00:00,train,1,4238,self,1.0,0,100,,
2025-11-27T00:32:17.252014+00:00,train,1,4239,self,1.0,0,93,,
2025-11-27T00:32:17.252129+00:00,train,1,4240,self,1.0,0,100,,
2025-11-27T00:32:17.252245+00:00,train,1,4241,self,1.0,0,99,,
2025-11-27T00:32:17.252359+00:00,train,1,4242,self,1.0,0,100,,
2025-11-27T00:32:17.252472+00:00,train,1,4243,self,1.0,0,96,,
2025-11-27T00:32:17.252587+00:00,train,1,4244,self,1.0,0,100,,
2025-11-27T00:32:17.252706+00:00,train,1,4245,self,1.0,0,96,,
2025-11-27T00:32:17.252820+00:00,train,1,4246,self,1.0,0,97,,
2025-11-27T00:32:17.252935+00:00,train,1,4247,self,1.0,0,99,,
2025-11-27T00:32:17.253048+00:00,train,1,4248,self,1.0,0,99,,
2025-11-27T00:32:17.253162+00:00,train,1,4249,self,1.0,0,84,,
2025-11-27T00:32:17.253276+00:00,train,1,4250,self,1.0,0,97,,
2025-11-27T00:32:17.253391+00:00,train,1,4251,self,1.0,0,90,,
2025-11-27T00:32:17.253505+00:00,train,1,4252,self,1.0,0,100,,
2025-11-27T00:32:17.253624+00:00,train,1,4253,self,1.0,0,96,,
2025-11-27T00:32:17.253738+00:00,train,1,4254,self,1.0,0,99,,
2025-11-27T00:32:17.253852+00:00,train,1,4255,self,1.0,0,91,,
2025-11-27T00:32:17.253966+00:00,train,1,4256,self,1.0,0,93,,
2025-11-27T00:32:17.254080+00:00,train,1,4257,self,1.0,0,88,,
2025-11-27T00:32:17.254194+00:00,train,1,4258,self,1.0,0,88,,
2025-11-27T00:32:17.254309+00:00,train,1,4259,self,1.0,0,99,,
2025-11-27T00:32:17.254423+00:00,train,1,4260,self,1.0,0,99,,
2025-11-27T00:32:17.254542+00:00,train,1,4261,self,1.0,0,98,,
2025-11-27T00:32:17.254657+00:00,train,1,4262,self,1.0,0,100,,
2025-11-27T00:32:17.254770+00:00,train,1,4263,self,1.0,0,96,,
2025-11-27T00:32:17.254885+00:00,train,1,4264,self,1.0,0,97,,
2025-11-27T00:32:17.254998+00:00,train,1,4265,self,1.0,0,96,,
2025-11-27T00:32:17.255112+00:00,train,1,4266,self,1.0,0,99,,
2025-11-27T00:32:17.255225+00:00,train,1,4267,self,1.0,0,96,,
2025-11-27T00:32:17.255338+00:00,train,1,4268,self,1.0,0,99,,
2025-11-27T00:32:17.255457+00:00,train,1,4269,self,1.0,0,87,,
2025-11-27T00:32:17.255570+00:00,train,1,4270,self,1.0,0,97,,
2025-11-27T00:32:17.255684+00:00,train,1,4271,self,1.0,0,95,,
2025-11-27T00:32:17.255797+00:00,train,1,4272,self,1.0,0,97,,
2025-11-27T00:32:17.255910+00:00,train,1,4273,self,1.0,0,97,,
2025-11-27T00:32:17.256024+00:00,train,1,4274,self,1.0,0,99,,
2025-11-27T00:32:17.256137+00:00,train,1,4275,self,1.0,0,97,,
2025-11-27T00:32:17.256250+00:00,train,1,4276,self,1.0,0,100,,
2025-11-27T00:32:17.256369+00:00,train,1,4277,self,1.0,0,95,,
2025-11-27T00:32:17.256482+00:00,train,1,4278,self,1.0,0,96,,
2025-11-27T00:32:17.256596+00:00,train,1,4279,self,1.0,0,96,,
2025-11-27T00:32:17.256710+00:00,train,1,4280,self,1.0,0,99,,
2025-11-27T00:32:17.256823+00:00,train,1,4281,self,1.0,0,90,,
2025-11-27T00:32:17.256939+00:00,train,1,4282,self,1.0,0,100,,
2025-11-27T00:32:17.257051+00:00,train,1,4283,self,1.0,0,95,,
2025-11-27T00:32:17.257165+00:00,train,1,4284,self,1.0,0,100,,
2025-11-27T00:32:17.257284+00:00,train,1,4285,self,1.0,0,99,,
2025-11-27T00:32:17.257397+00:00,train,1,4286,self,1.0,0,100,,
2025-11-27T00:32:17.257511+00:00,train,1,4287,self,1.0,0,99,,
2025-11-27T00:32:17.257625+00:00,train,1,4288,self,1.0,0,99,,
2025-11-27T00:32:17.257738+00:00,train,1,4289,self,1.0,0,96,,
2025-11-27T00:32:17.257852+00:00,train,1,4290,self,1.0,0,99,,
2025-11-27T00:32:17.257966+00:00,train,1,4291,self,1.0,0,97,,
2025-11-27T00:32:17.258080+00:00,train,1,4292,self,1.0,0,100,,
2025-11-27T00:32:17.258199+00:00,train,1,4293,self,1.0,0,87,,
2025-11-27T00:32:17.258313+00:00,train,1,4294,self,1.0,0,98,,
2025-11-27T00:32:17.258427+00:00,train,1,4295,self,1.0,0,92,,
2025-11-27T00:32:17.258542+00:00,train,1,4296,self,1.0,0,97,,
2025-11-27T00:32:17.258658+00:00,train,1,4297,self,1.0,0,99,,
2025-11-27T00:32:17.258774+00:00,train,1,4298,self,1.0,0,100,,
2025-11-27T00:32:17.258889+00:00,train,1,4299,self,1.0,0,91,,
2025-11-27T00:32:17.259004+00:00,train,1,4300,self,1.0,0,98,,
2025-11-27T00:32:17.259125+00:00,train,1,4301,self,1.0,0,96,,
2025-11-27T00:32:17.259240+00:00,train,1,4302,self,1.0,0,97,,
2025-11-27T00:32:17.259355+00:00,train,1,4303,self,1.0,0,97,,
2025-11-27T00:32:17.259470+00:00,train,1,4304,self,1.0,0,97,,
2025-11-27T00:32:17.259585+00:00,train,1,4305,self,1.0,0,95,,
2025-11-27T00:32:17.259701+00:00,train,1,4306,self,1.0,0,100,,
2025-11-27T00:32:17.259816+00:00,train,1,4307,self,1.0,0,94,,
2025-11-27T00:32:17.259932+00:00,train,1,4308,self,1.0,0,98,,
2025-11-27T00:32:17.260053+00:00,train,1,4309,self,1.0,0,96,,
2025-11-27T00:32:17.260168+00:00,train,1,4310,self,1.0,0,100,,
2025-11-27T00:32:17.260286+00:00,train,1,4311,self,1.0,0,96,,
2025-11-27T00:32:17.260447+00:00,train,1,4312,self,1.0,0,96,,
2025-11-27T00:32:17.260567+00:00,train,1,4313,self,1.0,0,97,,
2025-11-27T00:32:17.260682+00:00,train,1,4314,self,1.0,0,99,,
2025-11-27T00:32:17.260797+00:00,train,1,4315,self,1.0,0,98,,
2025-11-27T00:32:17.260917+00:00,train,1,4316,self,1.0,0,98,,
2025-11-27T00:32:17.261038+00:00,train,1,4317,self,1.0,0,96,,
2025-11-27T00:32:17.261154+00:00,train,1,4318,self,1.0,0,96,,
2025-11-27T00:32:17.261269+00:00,train,1,4319,self,1.0,0,94,,
2025-11-27T00:32:17.261385+00:00,train,1,4320,self,1.0,0,99,,
2025-11-27T00:32:17.261501+00:00,train,1,4321,self,1.0,0,96,,
2025-11-27T00:32:17.261618+00:00,train,1,4322,self,1.0,0,97,,
2025-11-27T00:32:17.261734+00:00,train,1,4323,self,1.0,0,97,,
2025-11-27T00:32:17.261850+00:00,train,1,4324,self,1.0,0,100,,
2025-11-27T00:32:17.261972+00:00,train,1,4325,self,1.0,0,96,,
2025-11-27T00:32:17.262087+00:00,train,1,4326,self,1.0,0,100,,
2025-11-27T00:32:17.262203+00:00,train,1,4327,self,1.0,0,95,,
2025-11-27T00:32:17.262320+00:00,train,1,4328,self,1.0,0,100,,
2025-11-27T00:32:17.262436+00:00,train,1,4329,self,1.0,0,99,,
2025-11-27T00:32:17.262551+00:00,train,1,4330,self,1.0,0,99,,
2025-11-27T00:32:17.262667+00:00,train,1,4331,self,1.0,0,95,,
2025-11-27T00:32:17.262782+00:00,train,1,4332,self,1.0,0,97,,
2025-11-27T00:32:17.262902+00:00,train,1,4333,self,1.0,0,97,,
2025-11-27T00:32:17.263018+00:00,train,1,4334,self,1.0,0,97,,
2025-11-27T00:32:17.263133+00:00,train,1,4335,self,1.0,0,81,,
2025-11-27T00:32:17.263249+00:00,train,1,4336,self,1.0,0,100,,
2025-11-27T00:32:17.263364+00:00,train,1,4337,self,1.0,0,85,,
2025-11-27T00:32:17.263480+00:00,train,1,4338,self,1.0,0,92,,
2025-11-27T00:32:17.263595+00:00,train,1,4339,self,1.0,0,90,,
2025-11-27T00:32:17.263711+00:00,train,1,4340,self,1.0,0,100,,
2025-11-27T00:32:17.263833+00:00,train,1,4341,self,1.0,0,95,,
2025-11-27T00:32:17.263949+00:00,train,1,4342,self,1.0,0,100,,
2025-11-27T00:32:17.264064+00:00,train,1,4343,self,1.0,0,99,,
2025-11-27T00:32:17.264180+00:00,train,1,4344,self,1.0,0,100,,
2025-11-27T00:32:17.264295+00:00,train,1,4345,self,1.0,0,97,,
2025-11-27T00:32:17.264411+00:00,train,1,4346,self,1.0,0,97,,
2025-11-27T00:32:17.264526+00:00,train,1,4347,self,1.0,0,96,,
2025-11-27T00:32:17.264641+00:00,train,1,4348,self,1.0,0,98,,
2025-11-27T00:32:17.264761+00:00,train,1,4349,self,1.0,0,97,,
2025-11-27T00:32:17.264876+00:00,train,1,4350,self,1.0,0,100,,
2025-11-27T00:32:17.264991+00:00,train,1,4351,self,1.0,0,85,,
2025-11-27T00:32:17.265106+00:00,train,1,4352,self,1.0,0,96,,
2025-11-27T00:32:17.265222+00:00,train,1,4353,self,1.0,0,99,,
2025-11-27T00:32:17.265337+00:00,train,1,4354,self,1.0,0,100,,
2025-11-27T00:32:17.265451+00:00,train,1,4355,self,1.0,0,98,,
2025-11-27T00:32:17.265567+00:00,train,1,4356,self,1.0,0,99,,
2025-11-27T00:32:17.265687+00:00,train,1,4357,self,1.0,0,89,,
2025-11-27T00:32:17.265802+00:00,train,1,4358,self,1.0,0,91,,
2025-11-27T00:32:17.265917+00:00,train,1,4359,self,1.0,0,94,,
2025-11-27T00:32:17.266032+00:00,train,1,4360,self,1.0,0,96,,
2025-11-27T00:32:17.266149+00:00,train,1,4361,self,1.0,0,97,,
2025-11-27T00:32:17.266267+00:00,train,1,4362,self,1.0,0,98,,
2025-11-27T00:32:17.266383+00:00,train,1,4363,self,1.0,0,97,,
2025-11-27T00:32:17.266498+00:00,train,1,4364,self,1.0,0,99,,
2025-11-27T00:32:17.266618+00:00,train,1,4365,self,1.0,0,94,,
2025-11-27T00:32:17.266733+00:00,train,1,4366,self,1.0,0,97,,
2025-11-27T00:32:17.266848+00:00,train,1,4367,self,1.0,0,83,,
2025-11-27T00:32:17.266963+00:00,train,1,4368,self,1.0,0,86,,
2025-11-27T00:32:17.267077+00:00,train,1,4369,self,1.0,0,89,,
2025-11-27T00:32:17.267193+00:00,train,1,4370,self,1.0,0,99,,
2025-11-27T00:32:17.267309+00:00,train,1,4371,self,1.0,0,76,,
2025-11-27T00:32:17.267424+00:00,train,1,4372,self,1.0,0,100,,
2025-11-27T00:32:17.267544+00:00,train,1,4373,self,1.0,0,97,,
2025-11-27T00:32:17.267660+00:00,train,1,4374,self,1.0,0,99,,
2025-11-27T00:32:17.267775+00:00,train,1,4375,self,1.0,0,81,,
2025-11-27T00:32:17.267890+00:00,train,1,4376,self,1.0,0,98,,
2025-11-27T00:32:17.268005+00:00,train,1,4377,self,1.0,0,89,,
2025-11-27T00:32:17.268122+00:00,train,1,4378,self,1.0,0,92,,
2025-11-27T00:32:17.268237+00:00,train,1,4379,self,1.0,0,96,,
2025-11-27T00:32:17.268352+00:00,train,1,4380,self,1.0,0,99,,
2025-11-27T00:32:17.268472+00:00,train,1,4381,self,1.0,0,94,,
2025-11-27T00:32:17.268588+00:00,train,1,4382,self,1.0,0,100,,
2025-11-27T00:32:17.268704+00:00,train,1,4383,self,1.0,0,90,,
2025-11-27T00:32:17.268819+00:00,train,1,4384,self,1.0,0,99,,
2025-11-27T00:32:17.268934+00:00,train,1,4385,self,1.0,0,84,,
2025-11-27T00:32:17.269049+00:00,train,1,4386,self,1.0,0,93,,
2025-11-27T00:32:17.269164+00:00,train,1,4387,self,1.0,0,93,,
2025-11-27T00:32:17.269280+00:00,train,1,4388,self,1.0,0,100,,
2025-11-27T00:32:17.269400+00:00,train,1,4389,self,1.0,0,96,,
2025-11-27T00:32:17.269516+00:00,train,1,4390,self,1.0,0,100,,
2025-11-27T00:32:17.269632+00:00,train,1,4391,self,1.0,0,95,,
2025-11-27T00:32:17.269746+00:00,train,1,4392,self,1.0,0,95,,
2025-11-27T00:32:17.269862+00:00,train,1,4393,self,1.0,0,89,,
2025-11-27T00:32:17.269978+00:00,train,1,4394,self,1.0,0,99,,
2025-11-27T00:32:17.270093+00:00,train,1,4395,self,1.0,0,98,,
2025-11-27T00:32:17.270209+00:00,train,1,4396,self,1.0,0,98,,
2025-11-27T00:32:17.270330+00:00,train,1,4397,self,1.0,0,87,,
2025-11-27T00:32:17.270445+00:00,train,1,4398,self,1.0,0,98,,
2025-11-27T00:32:17.270604+00:00,train,1,4399,self,1.0,0,92,,
2025-11-27T00:32:17.270724+00:00,train,1,4400,self,1.0,0,99,,
2025-11-27T00:32:17.270840+00:00,train,1,4401,self,1.0,0,99,,
2025-11-27T00:32:17.270957+00:00,train,1,4402,self,1.0,0,99,,
2025-11-27T00:32:17.271073+00:00,train,1,4403,self,1.0,0,95,,
2025-11-27T00:32:17.271189+00:00,train,1,4404,self,1.0,0,96,,
2025-11-27T00:32:17.271309+00:00,train,1,4405,self,1.0,0,82,,
2025-11-27T00:32:17.271425+00:00,train,1,4406,self,1.0,0,93,,
2025-11-27T00:32:17.271540+00:00,train,1,4407,self,1.0,0,90,,
2025-11-27T00:32:17.271655+00:00,train,1,4408,self,1.0,0,100,,
2025-11-27T00:32:17.271771+00:00,train,1,4409,self,1.0,0,92,,
2025-11-27T00:32:17.271888+00:00,train,1,4410,self,1.0,0,93,,
2025-11-27T00:32:17.272004+00:00,train,1,4411,self,1.0,0,97,,
2025-11-27T00:32:17.272121+00:00,train,1,4412,self,1.0,0,99,,
2025-11-27T00:32:17.272241+00:00,train,1,4413,self,1.0,0,91,,
2025-11-27T00:32:17.272358+00:00,train,1,4414,self,1.0,0,98,,
2025-11-27T00:32:17.272474+00:00,train,1,4415,self,1.0,0,89,,
2025-11-27T00:32:17.272592+00:00,train,1,4416,self,1.0,0,99,,
2025-11-27T00:32:17.272708+00:00,train,1,4417,self,1.0,0,95,,
2025-11-27T00:32:17.272892+00:00,train,1,4418,self,1.0,0,97,,
2025-11-27T00:32:17.273023+00:00,train,1,4419,self,1.0,0,94,,
2025-11-27T00:32:17.273143+00:00,train,1,4420,self,1.0,0,96,,
2025-11-27T00:32:17.273306+00:00,train,1,4421,self,1.0,0,82,,
2025-11-27T00:32:17.273441+00:00,train,1,4422,self,1.0,0,95,,
2025-11-27T00:32:17.273568+00:00,train,1,4423,self,1.0,0,93,,
2025-11-27T00:32:17.273691+00:00,train,1,4424,self,1.0,0,94,,
2025-11-27T00:32:17.273812+00:00,train,1,4425,self,1.0,0,90,,
2025-11-27T00:32:17.273933+00:00,train,1,4426,self,1.0,0,100,,
2025-11-27T00:32:17.274052+00:00,train,1,4427,self,1.0,0,91,,
2025-11-27T00:32:17.274169+00:00,train,1,4428,self,1.0,0,100,,
2025-11-27T00:32:17.274286+00:00,train,1,4429,self,1.0,0,96,,
2025-11-27T00:32:17.274403+00:00,train,1,4430,self,1.0,0,100,,
2025-11-27T00:32:17.274519+00:00,train,1,4431,self,1.0,0,96,,
2025-11-27T00:32:17.274635+00:00,train,1,4432,self,1.0,0,98,,
2025-11-27T00:32:17.274751+00:00,train,1,4433,self,1.0,0,84,,
2025-11-27T00:32:17.274868+00:00,train,1,4434,self,1.0,0,93,,
2025-11-27T00:32:17.274983+00:00,train,1,4435,self,1.0,0,98,,
2025-11-27T00:32:17.275099+00:00,train,1,4436,self,1.0,0,100,,
2025-11-27T00:32:17.275216+00:00,train,1,4437,self,1.0,0,95,,
2025-11-27T00:32:17.275332+00:00,train,1,4438,self,1.0,0,99,,
2025-11-27T00:32:17.275447+00:00,train,1,4439,self,1.0,0,94,,
2025-11-27T00:32:17.275563+00:00,train,1,4440,self,1.0,0,99,,
2025-11-27T00:32:17.275679+00:00,train,1,4441,self,1.0,0,95,,
2025-11-27T00:32:17.275794+00:00,train,1,4442,self,1.0,0,97,,
2025-11-27T00:32:17.275910+00:00,train,1,4443,self,1.0,0,85,,
2025-11-27T00:32:17.276025+00:00,train,1,4444,self,1.0,0,94,,
2025-11-27T00:32:17.276140+00:00,train,1,4445,self,1.0,0,96,,
2025-11-27T00:32:17.276256+00:00,train,1,4446,self,1.0,0,99,,
2025-11-27T00:32:17.276372+00:00,train,1,4447,self,1.0,0,77,,
2025-11-27T00:32:17.276487+00:00,train,1,4448,self,1.0,0,93,,
2025-11-27T00:32:17.276602+00:00,train,1,4449,self,1.0,0,98,,
2025-11-27T00:32:17.276718+00:00,train,1,4450,self,1.0,0,99,,
2025-11-27T00:32:17.276833+00:00,train,1,4451,self,1.0,0,91,,
2025-11-27T00:32:17.276949+00:00,train,1,4452,self,1.0,0,96,,
2025-11-27T00:32:17.277064+00:00,train,1,4453,self,1.0,0,93,,
2025-11-27T00:32:17.277180+00:00,train,1,4454,self,1.0,0,96,,
2025-11-27T00:32:17.277295+00:00,train,1,4455,self,1.0,0,93,,
2025-11-27T00:32:17.277410+00:00,train,1,4456,self,1.0,0,97,,
2025-11-27T00:32:17.277525+00:00,train,1,4457,self,1.0,0,89,,
2025-11-27T00:32:17.277641+00:00,train,1,4458,self,1.0,0,97,,
2025-11-27T00:32:17.277756+00:00,train,1,4459,self,1.0,0,89,,
2025-11-27T00:32:17.277871+00:00,train,1,4460,self,1.0,0,97,,
2025-11-27T00:32:17.277987+00:00,train,1,4461,self,1.0,0,89,,
2025-11-27T00:32:17.278103+00:00,train,1,4462,self,1.0,0,100,,
2025-11-27T00:32:17.278218+00:00,train,1,4463,self,1.0,0,94,,
2025-11-27T00:32:17.278334+00:00,train,1,4464,self,1.0,0,98,,
2025-11-27T00:32:17.278449+00:00,train,1,4465,self,1.0,0,97,,
2025-11-27T00:32:17.278564+00:00,train,1,4466,self,1.0,0,99,,
2025-11-27T00:32:17.278680+00:00,train,1,4467,self,1.0,0,99,,
2025-11-27T00:32:17.278794+00:00,train,1,4468,self,1.0,0,99,,
2025-11-27T00:32:17.278909+00:00,train,1,4469,self,1.0,0,92,,
2025-11-27T00:32:17.279025+00:00,train,1,4470,self,1.0,0,97,,
2025-11-27T00:32:17.279140+00:00,train,1,4471,self,1.0,0,90,,
2025-11-27T00:32:17.279256+00:00,train,1,4472,self,1.0,0,96,,
2025-11-27T00:32:17.279372+00:00,train,1,4473,self,1.0,0,93,,
2025-11-27T00:32:17.279488+00:00,train,1,4474,self,1.0,0,98,,
2025-11-27T00:32:17.279603+00:00,train,1,4475,self,1.0,0,93,,
2025-11-27T00:32:17.279719+00:00,train,1,4476,self,1.0,0,96,,
2025-11-27T00:32:17.279834+00:00,train,1,4477,self,1.0,0,91,,
2025-11-27T00:32:17.279950+00:00,train,1,4478,self,1.0,0,91,,
2025-11-27T00:32:17.280065+00:00,train,1,4479,self,1.0,0,88,,
2025-11-27T00:32:17.280181+00:00,train,1,4480,self,1.0,0,98,,
2025-11-27T00:32:17.280296+00:00,train,1,4481,self,1.0,0,97,,
2025-11-27T00:32:17.280411+00:00,train,1,4482,self,1.0,0,100,,
2025-11-27T00:32:17.280526+00:00,train,1,4483,self,1.0,0,84,,
2025-11-27T00:32:17.280642+00:00,train,1,4484,self,1.0,0,95,,
2025-11-27T00:32:17.280759+00:00,train,1,4485,self,1.0,0,97,,
2025-11-27T00:32:17.280923+00:00,train,1,4486,self,1.0,0,100,,
2025-11-27T00:32:17.281039+00:00,train,1,4487,self,1.0,0,100,,
2025-11-27T00:32:17.281155+00:00,train,1,4488,self,1.0,0,100,,
2025-11-27T00:32:17.281270+00:00,train,1,4489,self,1.0,0,87,,
2025-11-27T00:32:17.281386+00:00,train,1,4490,self,1.0,0,89,,
2025-11-27T00:32:17.281503+00:00,train,1,4491,self,1.0,0,96,,
2025-11-27T00:32:17.281621+00:00,train,1,4492,self,1.0,0,99,,
2025-11-27T00:32:17.281736+00:00,train,1,4493,self,1.0,0,99,,
2025-11-27T00:32:17.281853+00:00,train,1,4494,self,1.0,0,100,,
2025-11-27T00:32:17.281970+00:00,train,1,4495,self,1.0,0,94,,
2025-11-27T00:32:17.282132+00:00,train,1,4496,self,1.0,0,100,,
2025-11-27T00:32:17.282261+00:00,train,1,4497,self,1.0,0,92,,
2025-11-27T00:32:17.282382+00:00,train,1,4498,self,1.0,0,97,,
2025-11-27T00:32:17.282498+00:00,train,1,4499,self,1.0,0,93,,
2025-11-27T00:32:17.282749+00:00,train,1,4500,self,1.0,0,99,,
2025-11-27T00:32:17.282884+00:00,train,1,4501,self,1.0,0,76,,
2025-11-27T00:32:17.283010+00:00,train,1,4502,self,1.0,0,96,,
2025-11-27T00:32:17.283133+00:00,train,1,4503,self,1.0,0,89,,
2025-11-27T00:32:17.283253+00:00,train,1,4504,self,1.0,0,93,,
2025-11-27T00:32:17.283371+00:00,train,1,4505,self,1.0,0,93,,
2025-11-27T00:32:17.283489+00:00,train,1,4506,self,1.0,0,97,,
2025-11-27T00:32:17.283605+00:00,train,1,4507,self,1.0,0,92,,
2025-11-27T00:32:17.283722+00:00,train,1,4508,self,1.0,0,99,,
2025-11-27T00:32:17.283838+00:00,train,1,4509,self,1.0,0,99,,
2025-11-27T00:32:17.283953+00:00,train,1,4510,self,1.0,0,99,,
2025-11-27T00:32:17.284070+00:00,train,1,4511,self,1.0,0,96,,
2025-11-27T00:32:17.284186+00:00,train,1,4512,self,1.0,0,100,,
2025-11-27T00:32:17.284301+00:00,train,1,4513,self,1.0,0,93,,
2025-11-27T00:32:17.284417+00:00,train,1,4514,self,1.0,0,100,,
2025-11-27T00:32:17.284533+00:00,train,1,4515,self,1.0,0,97,,
2025-11-27T00:32:17.284649+00:00,train,1,4516,self,1.0,0,100,,
2025-11-27T00:32:17.284767+00:00,train,1,4517,self,1.0,0,84,,
2025-11-27T00:32:17.284883+00:00,train,1,4518,self,1.0,0,100,,
2025-11-27T00:32:17.284998+00:00,train,1,4519,self,1.0,0,89,,
2025-11-27T00:32:17.285113+00:00,train,1,4520,self,1.0,0,93,,
2025-11-27T00:32:17.285229+00:00,train,1,4521,self,1.0,0,89,,
2025-11-27T00:32:17.285344+00:00,train,1,4522,self,1.0,0,99,,
2025-11-27T00:32:17.285460+00:00,train,1,4523,self,1.0,0,97,,
2025-11-27T00:32:17.285575+00:00,train,1,4524,self,1.0,0,98,,
2025-11-27T00:32:17.285690+00:00,train,1,4525,self,1.0,0,92,,
2025-11-27T00:32:17.285805+00:00,train,1,4526,self,1.0,0,97,,
2025-11-27T00:32:17.285920+00:00,train,1,4527,self,1.0,0,98,,
2025-11-27T00:32:17.286035+00:00,train,1,4528,self,1.0,0,99,,
2025-11-27T00:32:17.286150+00:00,train,1,4529,self,1.0,0,94,,
2025-11-27T00:32:17.286265+00:00,train,1,4530,self,1.0,0,95,,
2025-11-27T00:32:17.286380+00:00,train,1,4531,self,1.0,0,92,,
2025-11-27T00:32:17.286495+00:00,train,1,4532,self,1.0,0,100,,
2025-11-27T00:32:17.286611+00:00,train,1,4533,self,1.0,0,97,,
2025-11-27T00:32:17.286726+00:00,train,1,4534,self,1.0,0,97,,
2025-11-27T00:32:17.286841+00:00,train,1,4535,self,1.0,0,77,,
2025-11-27T00:32:17.286957+00:00,train,1,4536,self,1.0,0,100,,
2025-11-27T00:32:17.287072+00:00,train,1,4537,self,1.0,0,84,,
2025-11-27T00:32:17.287187+00:00,train,1,4538,self,1.0,0,99,,
2025-11-27T00:32:17.287301+00:00,train,1,4539,self,1.0,0,88,,
2025-11-27T00:32:17.287417+00:00,train,1,4540,self,1.0,0,91,,
2025-11-27T00:32:17.287532+00:00,train,1,4541,self,1.0,0,99,,
2025-11-27T00:32:17.287647+00:00,train,1,4542,self,1.0,0,99,,
2025-11-27T00:32:17.287762+00:00,train,1,4543,self,1.0,0,94,,
2025-11-27T00:32:17.287877+00:00,train,1,4544,self,1.0,0,100,,
2025-11-27T00:32:17.287992+00:00,train,1,4545,self,1.0,0,91,,
2025-11-27T00:32:17.288107+00:00,train,1,4546,self,1.0,0,98,,
2025-11-27T00:32:17.288222+00:00,train,1,4547,self,1.0,0,97,,
2025-11-27T00:32:17.288337+00:00,train,1,4548,self,1.0,0,99,,
2025-11-27T00:32:17.288451+00:00,train,1,4549,self,1.0,0,70,,
2025-11-27T00:32:17.288566+00:00,train,1,4550,self,1.0,0,99,,
2025-11-27T00:32:17.288680+00:00,train,1,4551,self,1.0,0,97,,
2025-11-27T00:32:17.288795+00:00,train,1,4552,self,1.0,0,100,,
2025-11-27T00:32:17.288911+00:00,train,1,4553,self,1.0,0,88,,
2025-11-27T00:32:17.289025+00:00,train,1,4554,self,1.0,0,99,,
2025-11-27T00:32:17.289140+00:00,train,1,4555,self,1.0,0,99,,
2025-11-27T00:32:17.289258+00:00,train,1,4556,self,1.0,0,99,,
2025-11-27T00:32:17.289373+00:00,train,1,4557,self,1.0,0,93,,
2025-11-27T00:32:17.289488+00:00,train,1,4558,self,1.0,0,97,,
2025-11-27T00:32:17.289603+00:00,train,1,4559,self,1.0,0,97,,
2025-11-27T00:32:17.289718+00:00,train,1,4560,self,1.0,0,98,,
2025-11-27T00:32:17.289832+00:00,train,1,4561,self,1.0,0,96,,
2025-11-27T00:32:17.289947+00:00,train,1,4562,self,1.0,0,100,,
2025-11-27T00:32:17.290061+00:00,train,1,4563,self,1.0,0,92,,
2025-11-27T00:32:17.290176+00:00,train,1,4564,self,1.0,0,92,,
2025-11-27T00:32:17.290291+00:00,train,1,4565,self,1.0,0,98,,
2025-11-27T00:32:17.290406+00:00,train,1,4566,self,1.0,0,100,,
2025-11-27T00:32:17.290521+00:00,train,1,4567,self,1.0,0,92,,
2025-11-27T00:32:17.290636+00:00,train,1,4568,self,1.0,0,92,,
2025-11-27T00:32:17.290751+00:00,train,1,4569,self,1.0,0,97,,
2025-11-27T00:32:17.290883+00:00,train,1,4570,self,1.0,0,98,,
2025-11-27T00:32:17.291088+00:00,train,1,4571,self,1.0,0,81,,
2025-11-27T00:32:17.291221+00:00,train,1,4572,self,1.0,0,86,,
2025-11-27T00:32:17.291342+00:00,train,1,4573,self,1.0,0,95,,
2025-11-27T00:32:17.291459+00:00,train,1,4574,self,1.0,0,98,,
2025-11-27T00:32:17.291596+00:00,train,1,4575,self,1.0,0,88,,
2025-11-27T00:32:17.291710+00:00,train,1,4576,self,1.0,0,98,,
2025-11-27T00:32:17.291846+00:00,train,1,4577,self,1.0,0,100,,
2025-11-27T00:32:17.291960+00:00,train,1,4578,self,1.0,0,100,,
2025-11-27T00:32:17.292099+00:00,train,1,4579,self,1.0,0,94,,
2025-11-27T00:32:17.292213+00:00,train,1,4580,self,1.0,0,98,,
2025-11-27T00:32:17.292339+00:00,train,1,4581,self,1.0,0,91,,
2025-11-27T00:32:17.292452+00:00,train,1,4582,self,1.0,0,99,,
2025-11-27T00:32:17.292587+00:00,train,1,4583,self,1.0,0,90,,
2025-11-27T00:32:17.292698+00:00,train,1,4584,self,1.0,0,93,,
2025-11-27T00:32:17.292820+00:00,train,1,4585,self,1.0,0,93,,
2025-11-27T00:32:17.292932+00:00,train,1,4586,self,1.0,0,100,,
2025-11-27T00:32:17.293052+00:00,train,1,4587,self,1.0,0,95,,
2025-11-27T00:32:17.293164+00:00,train,1,4588,self,1.0,0,98,,
2025-11-27T00:32:17.293275+00:00,train,1,4589,self,1.0,0,88,,
2025-11-27T00:32:17.293387+00:00,train,1,4590,self,1.0,0,98,,
2025-11-27T00:32:17.293501+00:00,train,1,4591,self,1.0,0,86,,
2025-11-27T00:32:17.293613+00:00,train,1,4592,self,1.0,0,100,,
2025-11-27T00:32:17.293724+00:00,train,1,4593,self,1.0,0,98,,
2025-11-27T00:32:17.293835+00:00,train,1,4594,self,1.0,0,100,,
2025-11-27T00:32:17.293946+00:00,train,1,4595,self,1.0,0,92,,
2025-11-27T00:32:17.294057+00:00,train,1,4596,self,1.0,0,100,,
2025-11-27T00:32:17.294167+00:00,train,1,4597,self,1.0,0,85,,
2025-11-27T00:32:17.294278+00:00,train,1,4598,self,1.0,0,94,,
2025-11-27T00:32:17.294389+00:00,train,1,4599,self,1.0,0,94,,
2025-11-27T00:32:17.294500+00:00,train,1,4600,self,1.0,0,94,,
2025-11-27T00:32:17.294611+00:00,train,1,4601,self,1.0,0,93,,
2025-11-27T00:32:17.294722+00:00,train,1,4602,self,1.0,0,97,,
2025-11-27T00:32:17.294832+00:00,train,1,4603,self,1.0,0,99,,
2025-11-27T00:32:17.294942+00:00,train,1,4604,self,1.0,0,100,,
2025-11-27T00:32:17.295054+00:00,train,1,4605,self,1.0,0,98,,
2025-11-27T00:32:17.295165+00:00,train,1,4606,self,1.0,0,100,,
2025-11-27T00:32:17.295276+00:00,train,1,4607,self,1.0,0,91,,
2025-11-27T00:32:17.295388+00:00,train,1,4608,self,1.0,0,97,,
2025-11-27T00:32:17.295498+00:00,train,1,4609,self,1.0,0,88,,
2025-11-27T00:32:17.295608+00:00,train,1,4610,self,1.0,0,100,,
2025-11-27T00:32:17.295719+00:00,train,1,4611,self,1.0,0,98,,
2025-11-27T00:32:17.295829+00:00,train,1,4612,self,1.0,0,100,,
2025-11-27T00:32:17.295940+00:00,train,1,4613,self,1.0,0,90,,
2025-11-27T00:32:17.296051+00:00,train,1,4614,self,1.0,0,97,,
2025-11-27T00:32:17.296162+00:00,train,1,4615,self,1.0,0,100,,
2025-11-27T00:32:17.296274+00:00,train,1,4616,self,1.0,0,100,,
2025-11-27T00:32:17.296384+00:00,train,1,4617,self,1.0,0,87,,
2025-11-27T00:32:17.296494+00:00,train,1,4618,self,1.0,0,93,,
2025-11-27T00:32:17.296605+00:00,train,1,4619,self,1.0,0,96,,
2025-11-27T00:32:17.296718+00:00,train,1,4620,self,1.0,0,99,,
2025-11-27T00:32:17.296828+00:00,train,1,4621,self,1.0,0,92,,
2025-11-27T00:32:17.296939+00:00,train,1,4622,self,1.0,0,99,,
2025-11-27T00:32:17.297049+00:00,train,1,4623,self,1.0,0,96,,
2025-11-27T00:32:17.297159+00:00,train,1,4624,self,1.0,0,97,,
2025-11-27T00:32:17.297269+00:00,train,1,4625,self,1.0,0,88,,
2025-11-27T00:32:17.297380+00:00,train,1,4626,self,1.0,0,98,,
2025-11-27T00:32:17.297490+00:00,train,1,4627,self,1.0,0,81,,
2025-11-27T00:32:17.297600+00:00,train,1,4628,self,1.0,0,94,,
2025-11-27T00:32:17.297710+00:00,train,1,4629,self,1.0,0,94,,
2025-11-27T00:32:17.297821+00:00,train,1,4630,self,1.0,0,97,,
2025-11-27T00:32:17.297931+00:00,train,1,4631,self,1.0,0,90,,
2025-11-27T00:32:17.298045+00:00,train,1,4632,self,1.0,0,99,,
2025-11-27T00:32:17.298156+00:00,train,1,4633,self,1.0,0,93,,
2025-11-27T00:32:17.298266+00:00,train,1,4634,self,1.0,0,99,,
2025-11-27T00:32:17.298424+00:00,train,1,4635,self,1.0,0,85,,
2025-11-27T00:32:17.298535+00:00,train,1,4636,self,1.0,0,98,,
2025-11-27T00:32:17.298646+00:00,train,1,4637,self,1.0,0,96,,
2025-11-27T00:32:17.298756+00:00,train,1,4638,self,1.0,0,100,,
2025-11-27T00:32:17.298866+00:00,train,1,4639,self,1.0,0,91,,
2025-11-27T00:32:17.298976+00:00,train,1,4640,self,1.0,0,100,,
2025-11-27T00:32:17.299129+00:00,train,1,4641,self,1.0,0,91,,
2025-11-27T00:32:17.299240+00:00,train,1,4642,self,1.0,0,100,,
2025-11-27T00:32:17.299350+00:00,train,1,4643,self,1.0,0,90,,
2025-11-27T00:32:17.299459+00:00,train,1,4644,self,1.0,0,90,,
2025-11-27T00:32:17.299569+00:00,train,1,4645,self,1.0,0,82,,
2025-11-27T00:32:17.299680+00:00,train,1,4646,self,1.0,0,96,,
2025-11-27T00:32:17.299790+00:00,train,1,4647,self,1.0,0,92,,
2025-11-27T00:32:17.299900+00:00,train,1,4648,self,1.0,0,98,,
2025-11-27T00:32:17.300010+00:00,train,1,4649,self,1.0,0,97,,
2025-11-27T00:32:17.300119+00:00,train,1,4650,self,1.0,0,99,,
2025-11-27T00:32:17.300229+00:00,train,1,4651,self,1.0,0,87,,
2025-11-27T00:32:17.300340+00:00,train,1,4652,self,1.0,0,95,,
2025-11-27T00:32:17.300450+00:00,train,1,4653,self,1.0,0,95,,
2025-11-27T00:32:17.300560+00:00,train,1,4654,self,1.0,0,100,,
2025-11-27T00:32:17.300671+00:00,train,1,4655,self,1.0,0,91,,
2025-11-27T00:32:17.300781+00:00,train,1,4656,self,1.0,0,100,,
2025-11-27T00:32:17.300891+00:00,train,1,4657,self,1.0,0,99,,
2025-11-27T00:32:17.301001+00:00,train,1,4658,self,1.0,0,100,,
2025-11-27T00:32:17.301161+00:00,train,1,4659,self,1.0,0,88,,
2025-11-27T00:32:17.301272+00:00,train,1,4660,self,1.0,0,94,,
2025-11-27T00:32:17.301382+00:00,train,1,4661,self,1.0,0,94,,
2025-11-27T00:32:17.301493+00:00,train,1,4662,self,1.0,0,98,,
2025-11-27T00:32:17.301604+00:00,train,1,4663,self,1.0,0,99,,
2025-11-27T00:32:17.301714+00:00,train,1,4664,self,1.0,0,100,,
2025-11-27T00:32:17.301824+00:00,train,1,4665,self,1.0,0,76,,
2025-11-27T00:32:17.301934+00:00,train,1,4666,self,1.0,0,94,,
2025-11-27T00:32:17.302044+00:00,train,1,4667,self,1.0,0,97,,
2025-11-27T00:32:17.302154+00:00,train,1,4668,self,1.0,0,100,,
2025-11-27T00:32:17.302267+00:00,train,1,4669,self,1.0,0,94,,
2025-11-27T00:32:17.302397+00:00,train,1,4670,self,1.0,0,96,,
2025-11-27T00:32:17.302509+00:00,train,1,4671,self,1.0,0,98,,
2025-11-27T00:32:17.302622+00:00,train,1,4672,self,1.0,0,99,,
2025-11-27T00:32:17.302733+00:00,train,1,4673,self,1.0,0,95,,
2025-11-27T00:32:17.302843+00:00,train,1,4674,self,1.0,0,99,,
2025-11-27T00:32:17.302954+00:00,train,1,4675,self,1.0,0,88,,
2025-11-27T00:32:17.303064+00:00,train,1,4676,self,1.0,0,94,,
2025-11-27T00:32:17.303175+00:00,train,1,4677,self,1.0,0,95,,
2025-11-27T00:32:17.303285+00:00,train,1,4678,self,1.0,0,100,,
2025-11-27T00:32:17.303395+00:00,train,1,4679,self,1.0,0,95,,
2025-11-27T00:32:17.303506+00:00,train,1,4680,self,1.0,0,99,,
2025-11-27T00:32:17.303616+00:00,train,1,4681,self,1.0,0,96,,
2025-11-27T00:32:17.303726+00:00,train,1,4682,self,1.0,0,98,,
2025-11-27T00:32:17.303836+00:00,train,1,4683,self,1.0,0,83,,
2025-11-27T00:32:17.303946+00:00,train,1,4684,self,1.0,0,100,,
2025-11-27T00:32:17.304059+00:00,train,1,4685,self,1.0,0,93,,
2025-11-27T00:32:17.304169+00:00,train,1,4686,self,1.0,0,95,,
2025-11-27T00:32:17.304279+00:00,train,1,4687,self,1.0,0,88,,
2025-11-27T00:32:17.304389+00:00,train,1,4688,self,1.0,0,91,,
2025-11-27T00:32:17.304500+00:00,train,1,4689,self,1.0,0,91,,
2025-11-27T00:32:17.304610+00:00,train,1,4690,self,1.0,0,96,,
2025-11-27T00:32:17.304721+00:00,train,1,4691,self,1.0,0,89,,
2025-11-27T00:32:17.304831+00:00,train,1,4692,self,1.0,0,100,,
2025-11-27T00:32:17.304941+00:00,train,1,4693,self,1.0,0,94,,
2025-11-27T00:32:17.305051+00:00,train,1,4694,self,1.0,0,96,,
2025-11-27T00:32:17.305162+00:00,train,1,4695,self,1.0,0,96,,
2025-11-27T00:32:17.305272+00:00,train,1,4696,self,1.0,0,99,,
2025-11-27T00:32:17.305382+00:00,train,1,4697,self,1.0,0,95,,
2025-11-27T00:32:17.305492+00:00,train,1,4698,self,1.0,0,100,,
2025-11-27T00:32:17.305603+00:00,train,1,4699,self,1.0,0,90,,
2025-11-27T00:32:17.305712+00:00,train,1,4700,self,1.0,0,98,,
2025-11-27T00:32:17.305822+00:00,train,1,4701,self,1.0,0,90,,
2025-11-27T00:32:17.305932+00:00,train,1,4702,self,1.0,0,99,,
2025-11-27T00:32:17.306042+00:00,train,1,4703,self,1.0,0,90,,
2025-11-27T00:32:17.306152+00:00,train,1,4704,self,1.0,0,94,,
2025-11-27T00:32:17.306262+00:00,train,1,4705,self,1.0,0,94,,
2025-11-27T00:32:17.306371+00:00,train,1,4706,self,1.0,0,99,,
2025-11-27T00:32:17.306481+00:00,train,1,4707,self,1.0,0,98,,
2025-11-27T00:32:17.306591+00:00,train,1,4708,self,1.0,0,99,,
2025-11-27T00:32:17.306702+00:00,train,1,4709,self,1.0,0,99,,
2025-11-27T00:32:17.306812+00:00,train,1,4710,self,1.0,0,100,,
2025-11-27T00:32:17.306922+00:00,train,1,4711,self,1.0,0,95,,
2025-11-27T00:32:17.307032+00:00,train,1,4712,self,1.0,0,98,,
2025-11-27T00:32:17.307143+00:00,train,1,4713,self,1.0,0,94,,
2025-11-27T00:32:17.307253+00:00,train,1,4714,self,1.0,0,97,,
2025-11-27T00:32:17.307363+00:00,train,1,4715,self,1.0,0,96,,
2025-11-27T00:32:17.307474+00:00,train,1,4716,self,1.0,0,99,,
2025-11-27T00:32:17.307584+00:00,train,1,4717,self,1.0,0,96,,
2025-11-27T00:32:17.307694+00:00,train,1,4718,self,1.0,0,98,,
2025-11-27T00:32:17.307804+00:00,train,1,4719,self,1.0,0,85,,
2025-11-27T00:32:17.307914+00:00,train,1,4720,self,1.0,0,99,,
2025-11-27T00:32:17.308025+00:00,train,1,4721,self,1.0,0,96,,
2025-11-27T00:32:17.308178+00:00,train,1,4722,self,1.0,0,97,,
2025-11-27T00:32:17.308288+00:00,train,1,4723,self,1.0,0,87,,
2025-11-27T00:32:17.308399+00:00,train,1,4724,self,1.0,0,88,,
2025-11-27T00:32:17.308509+00:00,train,1,4725,self,1.0,0,90,,
2025-11-27T00:32:17.308620+00:00,train,1,4726,self,1.0,0,97,,
2025-11-27T00:32:17.308731+00:00,train,1,4727,self,1.0,0,96,,
2025-11-27T00:32:17.308841+00:00,train,1,4728,self,1.0,0,98,,
2025-11-27T00:32:17.308952+00:00,train,1,4729,self,1.0,0,94,,
2025-11-27T00:32:17.309061+00:00,train,1,4730,self,1.0,0,98,,
2025-11-27T00:32:17.309171+00:00,train,1,4731,self,1.0,0,96,,
2025-11-27T00:32:17.309282+00:00,train,1,4732,self,1.0,0,99,,
2025-11-27T00:32:17.309393+00:00,train,1,4733,self,1.0,0,91,,
2025-11-27T00:32:17.309503+00:00,train,1,4734,self,1.0,0,99,,
2025-11-27T00:32:17.309613+00:00,train,1,4735,self,1.0,0,79,,
2025-11-27T00:32:17.309723+00:00,train,1,4736,self,1.0,0,97,,
2025-11-27T00:32:17.309834+00:00,train,1,4737,self,1.0,0,97,,
2025-11-27T00:32:17.309943+00:00,train,1,4738,self,1.0,0,97,,
2025-11-27T00:32:17.310054+00:00,train,1,4739,self,1.0,0,95,,
2025-11-27T00:32:17.310164+00:00,train,1,4740,self,1.0,0,97,,
2025-11-27T00:32:17.310274+00:00,train,1,4741,self,1.0,0,90,,
2025-11-27T00:32:17.310384+00:00,train,1,4742,self,1.0,0,98,,
2025-11-27T00:32:17.310494+00:00,train,1,4743,self,1.0,0,94,,
2025-11-27T00:32:17.310604+00:00,train,1,4744,self,1.0,0,95,,
2025-11-27T00:32:17.310713+00:00,train,1,4745,self,1.0,0,98,,
2025-11-27T00:32:17.310823+00:00,train,1,4746,self,1.0,0,99,,
2025-11-27T00:32:17.310934+00:00,train,1,4747,self,1.0,0,95,,
2025-11-27T00:32:17.311044+00:00,train,1,4748,self,1.0,0,98,,
2025-11-27T00:32:17.311154+00:00,train,1,4749,self,1.0,0,87,,
2025-11-27T00:32:17.311267+00:00,train,1,4750,self,1.0,0,100,,
2025-11-27T00:32:17.311377+00:00,train,1,4751,self,1.0,0,92,,
2025-11-27T00:32:17.311487+00:00,train,1,4752,self,1.0,0,99,,
2025-11-27T00:32:17.311598+00:00,train,1,4753,self,1.0,0,91,,
2025-11-27T00:32:17.311708+00:00,train,1,4754,self,1.0,0,99,,
2025-11-27T00:32:17.311818+00:00,train,1,4755,self,1.0,0,90,,
2025-11-27T00:32:17.311929+00:00,train,1,4756,self,1.0,0,93,,
2025-11-27T00:32:17.312039+00:00,train,1,4757,self,1.0,0,97,,
2025-11-27T00:32:17.312198+00:00,train,1,4758,self,1.0,0,98,,
2025-11-27T00:32:17.312361+00:00,train,1,4759,self,1.0,0,88,,
2025-11-27T00:32:17.312472+00:00,train,1,4760,self,1.0,0,98,,
2025-11-27T00:32:17.312585+00:00,train,1,4761,self,1.0,0,95,,
2025-11-27T00:32:17.312696+00:00,train,1,4762,self,1.0,0,97,,
2025-11-27T00:32:17.312806+00:00,train,1,4763,self,1.0,0,100,,
2025-11-27T00:32:17.312916+00:00,train,1,4764,self,1.0,0,100,,
2025-11-27T00:32:17.313027+00:00,train,1,4765,self,1.0,0,98,,
2025-11-27T00:32:17.313137+00:00,train,1,4766,self,1.0,0,98,,
2025-11-27T00:32:17.313248+00:00,train,1,4767,self,1.0,0,95,,
2025-11-27T00:32:17.313359+00:00,train,1,4768,self,1.0,0,99,,
2025-11-27T00:32:17.313469+00:00,train,1,4769,self,1.0,0,96,,
2025-11-27T00:32:17.313579+00:00,train,1,4770,self,1.0,0,97,,
2025-11-27T00:32:17.313689+00:00,train,1,4771,self,1.0,0,87,,
2025-11-27T00:32:17.313799+00:00,train,1,4772,self,1.0,0,99,,
2025-11-27T00:32:17.313909+00:00,train,1,4773,self,1.0,0,99,,
2025-11-27T00:32:17.314018+00:00,train,1,4774,self,1.0,0,99,,
2025-11-27T00:32:17.314127+00:00,train,1,4775,self,1.0,0,95,,
2025-11-27T00:32:17.314237+00:00,train,1,4776,self,1.0,0,100,,
2025-11-27T00:32:17.314347+00:00,train,1,4777,self,1.0,0,90,,
2025-11-27T00:32:17.314457+00:00,train,1,4778,self,1.0,0,91,,
2025-11-27T00:32:17.314567+00:00,train,1,4779,self,1.0,0,95,,
2025-11-27T00:32:17.314677+00:00,train,1,4780,self,1.0,0,98,,
2025-11-27T00:32:17.314787+00:00,train,1,4781,self,1.0,0,97,,
2025-11-27T00:32:17.314897+00:00,train,1,4782,self,1.0,0,98,,
2025-11-27T00:32:17.315007+00:00,train,1,4783,self,1.0,0,89,,
2025-11-27T00:32:17.315117+00:00,train,1,4784,self,1.0,0,92,,
2025-11-27T00:32:17.315228+00:00,train,1,4785,self,1.0,0,98,,
2025-11-27T00:32:17.315339+00:00,train,1,4786,self,1.0,0,100,,
2025-11-27T00:32:17.315449+00:00,train,1,4787,self,1.0,0,89,,
2025-11-27T00:32:17.315559+00:00,train,1,4788,self,1.0,0,98,,
2025-11-27T00:32:17.315669+00:00,train,1,4789,self,1.0,0,90,,
2025-11-27T00:32:17.315780+00:00,train,1,4790,self,1.0,0,98,,
2025-11-27T00:32:17.315890+00:00,train,1,4791,self,1.0,0,99,,
2025-11-27T00:32:17.316000+00:00,train,1,4792,self,1.0,0,100,,
2025-11-27T00:32:17.316113+00:00,train,1,4793,self,1.0,0,93,,
2025-11-27T00:32:17.316224+00:00,train,1,4794,self,1.0,0,93,,
2025-11-27T00:32:17.316335+00:00,train,1,4795,self,1.0,0,97,,
2025-11-27T00:32:17.316445+00:00,train,1,4796,self,1.0,0,99,,
2025-11-27T00:32:17.316555+00:00,train,1,4797,self,1.0,0,92,,
2025-11-27T00:32:17.316666+00:00,train,1,4798,self,1.0,0,100,,
2025-11-27T00:32:17.316777+00:00,train,1,4799,self,1.0,0,99,,
2025-11-27T00:32:17.316887+00:00,train,1,4800,self,1.0,0,100,,
2025-11-27T00:32:17.316998+00:00,train,1,4801,self,1.0,0,97,,
2025-11-27T00:32:17.317108+00:00,train,1,4802,self,1.0,0,100,,
2025-11-27T00:32:17.317218+00:00,train,1,4803,self,1.0,0,91,,
2025-11-27T00:32:17.317329+00:00,train,1,4804,self,1.0,0,99,,
2025-11-27T00:32:17.317439+00:00,train,1,4805,self,1.0,0,98,,
2025-11-27T00:32:17.317549+00:00,train,1,4806,self,1.0,0,99,,
2025-11-27T00:32:17.317658+00:00,train,1,4807,self,1.0,0,97,,
2025-11-27T00:32:17.317768+00:00,train,1,4808,self,1.0,0,97,,
2025-11-27T00:32:17.317878+00:00,train,1,4809,self,1.0,0,95,,
2025-11-27T00:32:17.317989+00:00,train,1,4810,self,1.0,0,99,,
2025-11-27T00:32:17.318100+00:00,train,1,4811,self,1.0,0,93,,
2025-11-27T00:32:17.318210+00:00,train,1,4812,self,1.0,0,99,,
2025-11-27T00:32:17.318320+00:00,train,1,4813,self,1.0,0,88,,
2025-11-27T00:32:17.318430+00:00,train,1,4814,self,1.0,0,97,,
2025-11-27T00:32:17.318542+00:00,train,1,4815,self,1.0,0,98,,
2025-11-27T00:32:17.318652+00:00,train,1,4816,self,1.0,0,98,,
2025-11-27T00:32:17.318762+00:00,train,1,4817,self,1.0,0,90,,
2025-11-27T00:32:17.318873+00:00,train,1,4818,self,1.0,0,95,,
2025-11-27T00:32:17.318982+00:00,train,1,4819,self,1.0,0,93,,
2025-11-27T00:32:17.319092+00:00,train,1,4820,self,1.0,0,100,,
2025-11-27T00:32:17.319202+00:00,train,1,4821,self,1.0,0,94,,
2025-11-27T00:32:17.319313+00:00,train,1,4822,self,1.0,0,97,,
2025-11-27T00:32:17.319423+00:00,train,1,4823,self,1.0,0,92,,
2025-11-27T00:32:17.319533+00:00,train,1,4824,self,1.0,0,100,,
2025-11-27T00:32:17.319644+00:00,train,1,4825,self,1.0,0,93,,
2025-11-27T00:32:17.319755+00:00,train,1,4826,self,1.0,0,94,,
2025-11-27T00:32:17.319866+00:00,train,1,4827,self,1.0,0,85,,
2025-11-27T00:32:17.319976+00:00,train,1,4828,self,1.0,0,99,,
2025-11-27T00:32:17.320086+00:00,train,1,4829,self,1.0,0,90,,
2025-11-27T00:32:17.320197+00:00,train,1,4830,self,1.0,0,93,,
2025-11-27T00:32:17.320307+00:00,train,1,4831,self,1.0,0,96,,
2025-11-27T00:32:17.320417+00:00,train,1,4832,self,1.0,0,97,,
2025-11-27T00:32:17.320527+00:00,train,1,4833,self,1.0,0,94,,
2025-11-27T00:32:17.320638+00:00,train,1,4834,self,1.0,0,95,,
2025-11-27T00:32:17.320748+00:00,train,1,4835,self,1.0,0,100,,
2025-11-27T00:32:17.320858+00:00,train,1,4836,self,1.0,0,100,,
2025-11-27T00:32:17.320969+00:00,train,1,4837,self,1.0,0,87,,
2025-11-27T00:32:17.321079+00:00,train,1,4838,self,1.0,0,99,,
2025-11-27T00:32:17.321190+00:00,train,1,4839,self,1.0,0,91,,
2025-11-27T00:32:17.321300+00:00,train,1,4840,self,1.0,0,100,,
2025-11-27T00:32:17.321410+00:00,train,1,4841,self,1.0,0,94,,
2025-11-27T00:32:17.321521+00:00,train,1,4842,self,1.0,0,94,,
2025-11-27T00:32:17.321631+00:00,train,1,4843,self,1.0,0,94,,
2025-11-27T00:32:17.321741+00:00,train,1,4844,self,1.0,0,100,,
2025-11-27T00:32:17.321852+00:00,train,1,4845,self,1.0,0,97,,
2025-11-27T00:32:17.321962+00:00,train,1,4846,self,1.0,0,98,,
2025-11-27T00:32:17.322072+00:00,train,1,4847,self,1.0,0,87,,
2025-11-27T00:32:17.322182+00:00,train,1,4848,self,1.0,0,99,,
2025-11-27T00:32:17.322383+00:00,train,1,4849,self,1.0,0,97,,
2025-11-27T00:32:17.322552+00:00,train,1,4850,self,1.0,0,100,,
2025-11-27T00:32:17.322722+00:00,train,1,4851,self,1.0,0,97,,
2025-11-27T00:32:17.322840+00:00,train,1,4852,self,1.0,0,97,,
2025-11-27T00:32:17.322955+00:00,train,1,4853,self,1.0,0,97,,
2025-11-27T00:32:17.323068+00:00,train,1,4854,self,1.0,0,98,,
2025-11-27T00:32:17.323179+00:00,train,1,4855,self,1.0,0,83,,
2025-11-27T00:32:17.323289+00:00,train,1,4856,self,1.0,0,92,,
2025-11-27T00:32:17.323399+00:00,train,1,4857,self,1.0,0,88,,
2025-11-27T00:32:17.323509+00:00,train,1,4858,self,1.0,0,92,,
2025-11-27T00:32:17.323620+00:00,train,1,4859,self,1.0,0,76,,
2025-11-27T00:32:17.323730+00:00,train,1,4860,self,1.0,0,99,,
2025-11-27T00:32:17.323839+00:00,train,1,4861,self,1.0,0,94,,
2025-11-27T00:32:17.323947+00:00,train,1,4862,self,1.0,0,100,,
2025-11-27T00:32:17.324056+00:00,train,1,4863,self,1.0,0,93,,
2025-11-27T00:32:17.324165+00:00,train,1,4864,self,1.0,0,98,,
2025-11-27T00:32:17.324273+00:00,train,1,4865,self,1.0,0,91,,
2025-11-27T00:32:17.324381+00:00,train,1,4866,self,1.0,0,100,,
2025-11-27T00:32:17.324490+00:00,train,1,4867,self,1.0,0,95,,
2025-11-27T00:32:17.324598+00:00,train,1,4868,self,1.0,0,100,,
2025-11-27T00:32:17.324707+00:00,train,1,4869,self,1.0,0,91,,
2025-11-27T00:32:17.324815+00:00,train,1,4870,self,1.0,0,98,,
2025-11-27T00:32:17.324923+00:00,train,1,4871,self,1.0,0,94,,
2025-11-27T00:32:17.325031+00:00,train,1,4872,self,1.0,0,96,,
2025-11-27T00:32:17.325140+00:00,train,1,4873,self,1.0,0,94,,
2025-11-27T00:32:17.325247+00:00,train,1,4874,self,1.0,0,100,,
2025-11-27T00:32:17.325355+00:00,train,1,4875,self,1.0,0,83,,
2025-11-27T00:32:17.325463+00:00,train,1,4876,self,1.0,0,98,,
2025-11-27T00:32:17.325571+00:00,train,1,4877,self,1.0,0,98,,
2025-11-27T00:32:17.325679+00:00,train,1,4878,self,1.0,0,100,,
2025-11-27T00:32:17.325787+00:00,train,1,4879,self,1.0,0,99,,
2025-11-27T00:32:17.325897+00:00,train,1,4880,self,1.0,0,100,,
2025-11-27T00:32:17.326006+00:00,train,1,4881,self,1.0,0,89,,
2025-11-27T00:32:17.326114+00:00,train,1,4882,self,1.0,0,100,,
2025-11-27T00:32:17.326222+00:00,train,1,4883,self,1.0,0,79,,
2025-11-27T00:32:17.326330+00:00,train,1,4884,self,1.0,0,97,,
2025-11-27T00:32:17.326438+00:00,train,1,4885,self,1.0,0,94,,
2025-11-27T00:32:17.326546+00:00,train,1,4886,self,1.0,0,100,,
2025-11-27T00:32:17.326703+00:00,train,1,4887,self,1.0,0,99,,
2025-11-27T00:32:17.326810+00:00,train,1,4888,self,1.0,0,99,,
2025-11-27T00:32:17.326919+00:00,train,1,4889,self,1.0,0,96,,
2025-11-27T00:32:17.327027+00:00,train,1,4890,self,1.0,0,98,,
2025-11-27T00:32:17.327135+00:00,train,1,4891,self,1.0,0,89,,
2025-11-27T00:32:17.327243+00:00,train,1,4892,self,1.0,0,100,,
2025-11-27T00:32:17.327350+00:00,train,1,4893,self,1.0,0,91,,
2025-11-27T00:32:17.327458+00:00,train,1,4894,self,1.0,0,100,,
2025-11-27T00:32:17.327567+00:00,train,1,4895,self,1.0,0,97,,
2025-11-27T00:32:17.327674+00:00,train,1,4896,self,1.0,0,98,,
2025-11-27T00:32:17.327782+00:00,train,1,4897,self,1.0,0,94,,
2025-11-27T00:32:17.327890+00:00,train,1,4898,self,1.0,0,99,,
2025-11-27T00:32:17.327999+00:00,train,1,4899,self,1.0,0,98,,
2025-11-27T00:32:17.328107+00:00,train,1,4900,self,1.0,0,100,,
2025-11-27T00:32:17.328215+00:00,train,1,4901,self,1.0,0,98,,
2025-11-27T00:32:17.328322+00:00,train,1,4902,self,1.0,0,100,,
2025-11-27T00:32:17.328430+00:00,train,1,4903,self,1.0,0,99,,
2025-11-27T00:32:17.328538+00:00,train,1,4904,self,1.0,0,100,,
2025-11-27T00:32:17.328646+00:00,train,1,4905,self,1.0,0,97,,
2025-11-27T00:32:17.328753+00:00,train,1,4906,self,1.0,0,99,,
2025-11-27T00:32:17.328861+00:00,train,1,4907,self,1.0,0,89,,
2025-11-27T00:32:17.328969+00:00,train,1,4908,self,1.0,0,95,,
2025-11-27T00:32:17.329077+00:00,train,1,4909,self,1.0,0,94,,
2025-11-27T00:32:17.329184+00:00,train,1,4910,self,1.0,0,99,,
2025-11-27T00:32:17.329292+00:00,train,1,4911,self,1.0,0,97,,
2025-11-27T00:32:17.329400+00:00,train,1,4912,self,1.0,0,100,,
2025-11-27T00:32:17.329508+00:00,train,1,4913,self,1.0,0,97,,
2025-11-27T00:32:17.329616+00:00,train,1,4914,self,1.0,0,100,,
2025-11-27T00:32:17.329723+00:00,train,1,4915,self,1.0,0,97,,
2025-11-27T00:32:17.329831+00:00,train,1,4916,self,1.0,0,100,,
2025-11-27T00:32:17.329980+00:00,train,1,4917,self,1.0,0,91,,
2025-11-27T00:32:17.330088+00:00,train,1,4918,self,1.0,0,96,,
2025-11-27T00:32:17.330196+00:00,train,1,4919,self,1.0,0,92,,
2025-11-27T00:32:17.330304+00:00,train,1,4920,self,1.0,0,95,,
2025-11-27T00:32:17.330412+00:00,train,1,4921,self,1.0,0,98,,
2025-11-27T00:32:17.330539+00:00,train,1,4922,self,1.0,0,99,,
2025-11-27T00:32:17.330648+00:00,train,1,4923,self,1.0,0,86,,
2025-11-27T00:32:17.330756+00:00,train,1,4924,self,1.0,0,95,,
2025-11-27T00:32:17.330865+00:00,train,1,4925,self,1.0,0,92,,
2025-11-27T00:32:17.331061+00:00,train,1,4926,self,1.0,0,98,,
2025-11-27T00:32:17.331210+00:00,train,1,4927,self,1.0,0,98,,
2025-11-27T00:32:17.331335+00:00,train,1,4928,self,1.0,0,99,,
2025-11-27T00:32:17.331455+00:00,train,1,4929,self,1.0,0,95,,
2025-11-27T00:32:17.331570+00:00,train,1,4930,self,1.0,0,98,,
2025-11-27T00:32:17.331685+00:00,train,1,4931,self,1.0,0,89,,
2025-11-27T00:32:17.331798+00:00,train,1,4932,self,1.0,0,93,,
2025-11-27T00:32:17.331914+00:00,train,1,4933,self,1.0,0,94,,
2025-11-27T00:32:17.332113+00:00,train,1,4934,self,1.0,0,100,,
2025-11-27T00:32:17.332234+00:00,train,1,4935,self,1.0,0,84,,
2025-11-27T00:32:17.332387+00:00,train,1,4936,self,1.0,0,97,,
2025-11-27T00:32:17.332499+00:00,train,1,4937,self,1.0,0,86,,
2025-11-27T00:32:17.332611+00:00,train,1,4938,self,1.0,0,99,,
2025-11-27T00:32:17.332721+00:00,train,1,4939,self,1.0,0,89,,
2025-11-27T00:32:17.332833+00:00,train,1,4940,self,1.0,0,95,,
2025-11-27T00:32:17.332945+00:00,train,1,4941,self,1.0,0,92,,
2025-11-27T00:32:17.333056+00:00,train,1,4942,self,1.0,0,98,,
2025-11-27T00:32:17.333172+00:00,train,1,4943,self,1.0,0,90,,
2025-11-27T00:32:17.333282+00:00,train,1,4944,self,1.0,0,100,,
2025-11-27T00:32:17.333536+00:00,train,1,4945,self,1.0,0,79,,
2025-11-27T00:32:17.333666+00:00,train,1,4946,self,1.0,0,99,,
2025-11-27T00:32:17.333787+00:00,train,1,4947,self,1.0,0,87,,
2025-11-27T00:32:17.333903+00:00,train,1,4948,self,1.0,0,99,,
2025-11-27T00:32:17.334017+00:00,train,1,4949,self,1.0,0,99,,
2025-11-27T00:32:17.334129+00:00,train,1,4950,self,1.0,0,100,,
2025-11-27T00:32:17.334246+00:00,train,1,4951,self,1.0,0,86,,
2025-11-27T00:32:17.334357+00:00,train,1,4952,self,1.0,0,99,,
2025-11-27T00:32:17.334467+00:00,train,1,4953,self,1.0,0,98,,
2025-11-27T00:32:17.334578+00:00,train,1,4954,self,1.0,0,99,,
2025-11-27T00:32:17.334692+00:00,train,1,4955,self,1.0,0,98,,
2025-11-27T00:32:17.334802+00:00,train,1,4956,self,1.0,0,98,,
2025-11-27T00:32:17.334912+00:00,train,1,4957,self,1.0,0,93,,
2025-11-27T00:32:17.335022+00:00,train,1,4958,self,1.0,0,96,,
2025-11-27T00:32:17.335136+00:00,train,1,4959,self,1.0,0,92,,
2025-11-27T00:32:17.335245+00:00,train,1,4960,self,1.0,0,99,,
2025-11-27T00:32:17.335354+00:00,train,1,4961,self,1.0,0,88,,
2025-11-27T00:32:17.335463+00:00,train,1,4962,self,1.0,0,100,,
2025-11-27T00:32:17.335572+00:00,train,1,4963,self,1.0,0,96,,
2025-11-27T00:32:17.335681+00:00,train,1,4964,self,1.0,0,99,,
2025-11-27T00:32:17.335791+00:00,train,1,4965,self,1.0,0,91,,
2025-11-27T00:32:17.335900+00:00,train,1,4966,self,1.0,0,94,,
2025-11-27T00:32:17.336015+00:00,train,1,4967,self,1.0,0,76,,
2025-11-27T00:32:17.336124+00:00,train,1,4968,self,1.0,0,95,,
2025-11-27T00:32:17.336233+00:00,train,1,4969,self,1.0,0,95,,
2025-11-27T00:32:17.336342+00:00,train,1,4970,self,1.0,0,100,,
2025-11-27T00:32:17.336451+00:00,train,1,4971,self,1.0,0,95,,
2025-11-27T00:32:17.336560+00:00,train,1,4972,self,1.0,0,98,,
2025-11-27T00:32:17.336668+00:00,train,1,4973,self,1.0,0,93,,
2025-11-27T00:32:17.336776+00:00,train,1,4974,self,1.0,0,93,,
2025-11-27T00:32:17.336890+00:00,train,1,4975,self,1.0,0,100,,
2025-11-27T00:32:17.337000+00:00,train,1,4976,self,1.0,0,100,,
2025-11-27T00:32:17.337108+00:00,train,1,4977,self,1.0,0,99,,
2025-11-27T00:32:17.337217+00:00,train,1,4978,self,1.0,0,100,,
2025-11-27T00:32:17.337326+00:00,train,1,4979,self,1.0,0,93,,
2025-11-27T00:32:17.337433+00:00,train,1,4980,self,1.0,0,99,,
2025-11-27T00:32:17.337543+00:00,train,1,4981,self,1.0,0,91,,
2025-11-27T00:32:17.337652+00:00,train,1,4982,self,1.0,0,97,,
2025-11-27T00:32:17.337766+00:00,train,1,4983,self,1.0,0,79,,
2025-11-27T00:32:17.337874+00:00,train,1,4984,self,1.0,0,98,,
2025-11-27T00:32:17.337983+00:00,train,1,4985,self,1.0,0,95,,
2025-11-27T00:32:17.338091+00:00,train,1,4986,self,1.0,0,97,,
2025-11-27T00:32:17.338199+00:00,train,1,4987,self,1.0,0,100,,
2025-11-27T00:32:17.338308+00:00,train,1,4988,self,1.0,0,100,,
2025-11-27T00:32:17.338417+00:00,train,1,4989,self,1.0,0,99,,
2025-11-27T00:32:17.338525+00:00,train,1,4990,self,1.0,0,100,,
2025-11-27T00:32:17.338640+00:00,train,1,4991,self,1.0,0,96,,
2025-11-27T00:32:17.338749+00:00,train,1,4992,self,1.0,0,98,,
2025-11-27T00:32:17.338858+00:00,train,1,4993,self,1.0,0,92,,
2025-11-27T00:32:17.338966+00:00,train,1,4994,self,1.0,0,99,,
2025-11-27T00:32:17.339075+00:00,train,1,4995,self,1.0,0,91,,
2025-11-27T00:32:17.339183+00:00,train,1,4996,self,1.0,0,93,,
2025-11-27T00:32:17.339292+00:00,train,1,4997,self,1.0,0,85,,
2025-11-27T00:32:17.339400+00:00,train,1,4998,self,1.0,0,99,,
2025-11-27T00:32:17.339513+00:00,train,1,4999,self,1.0,0,87,,
2025-11-27T00:32:17.339622+00:00,train,1,5000,self,1.0,0,90,,
2025-11-27T00:32:17.351226+00:00,train,1,5001,self,1.0,0,91,,
2025-11-27T00:32:17.351417+00:00,train,1,5002,self,1.0,0,98,,
2025-11-27T00:32:17.351574+00:00,train,1,5003,self,1.0,0,91,,
2025-11-27T00:32:17.351717+00:00,train,1,5004,self,1.0,0,100,,
2025-11-27T00:32:17.351859+00:00,train,1,5005,self,1.0,0,94,,
2025-11-27T00:32:17.352000+00:00,train,1,5006,self,1.0,0,95,,
2025-11-27T00:32:17.352141+00:00,train,1,5007,self,1.0,0,95,,
2025-11-27T00:32:17.352281+00:00,train,1,5008,self,1.0,0,97,,
2025-11-27T00:32:17.352513+00:00,train,1,5009,self,1.0,0,94,,
2025-11-27T00:32:17.352698+00:00,train,1,5010,self,1.0,0,96,,
2025-11-27T00:32:17.352870+00:00,train,1,5011,self,1.0,0,98,,
2025-11-27T00:32:17.353033+00:00,train,1,5012,self,1.0,0,99,,
2025-11-27T00:32:17.353245+00:00,train,1,5013,self,1.0,0,100,,
2025-11-27T00:32:17.353442+00:00,train,1,5014,self,1.0,0,100,,
2025-11-27T00:32:17.353626+00:00,train,1,5015,self,1.0,0,97,,
2025-11-27T00:32:17.353789+00:00,train,1,5016,self,1.0,0,99,,
2025-11-27T00:32:17.353948+00:00,train,1,5017,self,1.0,0,98,,
2025-11-27T00:32:17.354104+00:00,train,1,5018,self,1.0,0,100,,
2025-11-27T00:32:17.354259+00:00,train,1,5019,self,1.0,0,83,,
2025-11-27T00:32:17.354413+00:00,train,1,5020,self,1.0,0,96,,
2025-11-27T00:32:17.354565+00:00,train,1,5021,self,1.0,0,90,,
2025-11-27T00:32:17.354718+00:00,train,1,5022,self,1.0,0,100,,
2025-11-27T00:32:17.354871+00:00,train,1,5023,self,1.0,0,91,,
2025-11-27T00:32:17.355021+00:00,train,1,5024,self,1.0,0,92,,
2025-11-27T00:32:17.355173+00:00,train,1,5025,self,1.0,0,96,,
2025-11-27T00:32:17.355324+00:00,train,1,5026,self,1.0,0,100,,
2025-11-27T00:32:17.355476+00:00,train,1,5027,self,1.0,0,93,,
2025-11-27T00:32:17.355627+00:00,train,1,5028,self,1.0,0,95,,
2025-11-27T00:32:17.355778+00:00,train,1,5029,self,1.0,0,96,,
2025-11-27T00:32:17.355928+00:00,train,1,5030,self,1.0,0,99,,
2025-11-27T00:32:17.356079+00:00,train,1,5031,self,1.0,0,98,,
2025-11-27T00:32:17.356231+00:00,train,1,5032,self,1.0,0,98,,
2025-11-27T00:32:17.356382+00:00,train,1,5033,self,1.0,0,95,,
2025-11-27T00:32:17.356533+00:00,train,1,5034,self,1.0,0,96,,
2025-11-27T00:32:17.356685+00:00,train,1,5035,self,1.0,0,100,,
2025-11-27T00:32:17.356835+00:00,train,1,5036,self,1.0,0,100,,
2025-11-27T00:32:17.356986+00:00,train,1,5037,self,1.0,0,100,,
2025-11-27T00:32:17.357138+00:00,train,1,5038,self,1.0,0,100,,
2025-11-27T00:32:17.357289+00:00,train,1,5039,self,1.0,0,92,,
2025-11-27T00:32:17.357440+00:00,train,1,5040,self,1.0,0,98,,
2025-11-27T00:32:17.357591+00:00,train,1,5041,self,1.0,0,98,,
2025-11-27T00:32:17.357741+00:00,train,1,5042,self,1.0,0,99,,
2025-11-27T00:32:17.357893+00:00,train,1,5043,self,1.0,0,97,,
2025-11-27T00:32:17.358044+00:00,train,1,5044,self,1.0,0,100,,
2025-11-27T00:32:17.358195+00:00,train,1,5045,self,1.0,0,98,,
2025-11-27T00:32:17.358347+00:00,train,1,5046,self,1.0,0,100,,
2025-11-27T00:32:17.358499+00:00,train,1,5047,self,1.0,0,98,,
2025-11-27T00:32:17.358651+00:00,train,1,5048,self,1.0,0,98,,
2025-11-27T00:32:17.358803+00:00,train,1,5049,self,1.0,0,99,,
2025-11-27T00:32:17.358955+00:00,train,1,5050,self,1.0,0,99,,
2025-11-27T00:32:17.359106+00:00,train,1,5051,self,1.0,0,93,,
2025-11-27T00:32:17.359257+00:00,train,1,5052,self,1.0,0,97,,
2025-11-27T00:32:17.359409+00:00,train,1,5053,self,1.0,0,97,,
2025-11-27T00:32:17.359561+00:00,train,1,5054,self,1.0,0,100,,
2025-11-27T00:32:17.359713+00:00,train,1,5055,self,1.0,0,96,,
2025-11-27T00:32:17.359865+00:00,train,1,5056,self,1.0,0,97,,
2025-11-27T00:32:17.360020+00:00,train,1,5057,self,1.0,0,97,,
2025-11-27T00:32:17.360179+00:00,train,1,5058,self,1.0,0,100,,
2025-11-27T00:32:17.360337+00:00,train,1,5059,self,1.0,0,97,,
2025-11-27T00:32:17.360491+00:00,train,1,5060,self,1.0,0,100,,
2025-11-27T00:32:17.360648+00:00,train,1,5061,self,1.0,0,98,,
2025-11-27T00:32:17.360803+00:00,train,1,5062,self,1.0,0,98,,
2025-11-27T00:32:17.360955+00:00,train,1,5063,self,1.0,0,86,,
2025-11-27T00:32:17.361106+00:00,train,1,5064,self,1.0,0,100,,
2025-11-27T00:32:17.361257+00:00,train,1,5065,self,1.0,0,91,,
2025-11-27T00:32:17.361408+00:00,train,1,5066,self,1.0,0,100,,
2025-11-27T00:32:17.361633+00:00,train,1,5067,self,1.0,0,89,,
2025-11-27T00:32:17.361809+00:00,train,1,5068,self,1.0,0,100,,
2025-11-27T00:32:17.361974+00:00,train,1,5069,self,1.0,0,98,,
2025-11-27T00:32:17.362134+00:00,train,1,5070,self,1.0,0,98,,
2025-11-27T00:32:17.362290+00:00,train,1,5071,self,1.0,0,89,,
2025-11-27T00:32:17.362445+00:00,train,1,5072,self,1.0,0,100,,
2025-11-27T00:32:17.362599+00:00,train,1,5073,self,1.0,0,92,,
2025-11-27T00:32:17.362758+00:00,train,1,5074,self,1.0,0,96,,
2025-11-27T00:32:17.362914+00:00,train,1,5075,self,1.0,0,96,,
2025-11-27T00:32:17.363065+00:00,train,1,5076,self,1.0,0,97,,
2025-11-27T00:32:17.363220+00:00,train,1,5077,self,1.0,0,91,,
2025-11-27T00:32:17.363372+00:00,train,1,5078,self,1.0,0,100,,
2025-11-27T00:32:17.363522+00:00,train,1,5079,self,1.0,0,97,,
2025-11-27T00:32:17.363673+00:00,train,1,5080,self,1.0,0,100,,
2025-11-27T00:32:17.363823+00:00,train,1,5081,self,1.0,0,85,,
2025-11-27T00:32:17.363974+00:00,train,1,5082,self,1.0,0,100,,
2025-11-27T00:32:17.364123+00:00,train,1,5083,self,1.0,0,93,,
2025-11-27T00:32:17.364273+00:00,train,1,5084,self,1.0,0,94,,
2025-11-27T00:32:17.364524+00:00,train,1,5085,self,1.0,0,93,,
2025-11-27T00:32:17.364713+00:00,train,1,5086,self,1.0,0,99,,
2025-11-27T00:32:17.364889+00:00,train,1,5087,self,1.0,0,90,,
2025-11-27T00:32:17.365145+00:00,train,1,5088,self,1.0,0,100,,
2025-11-27T00:32:17.365344+00:00,train,1,5089,self,1.0,0,91,,
2025-11-27T00:32:17.365515+00:00,train,1,5090,self,1.0,0,94,,
2025-11-27T00:32:17.365679+00:00,train,1,5091,self,1.0,0,97,,
2025-11-27T00:32:17.365836+00:00,train,1,5092,self,1.0,0,98,,
2025-11-27T00:32:17.365993+00:00,train,1,5093,self,1.0,0,88,,
2025-11-27T00:32:17.366147+00:00,train,1,5094,self,1.0,0,94,,
2025-11-27T00:32:17.366301+00:00,train,1,5095,self,1.0,0,94,,
2025-11-27T00:32:17.366453+00:00,train,1,5096,self,1.0,0,98,,
2025-11-27T00:32:17.366604+00:00,train,1,5097,self,1.0,0,92,,
2025-11-27T00:32:17.366756+00:00,train,1,5098,self,1.0,0,99,,
2025-11-27T00:32:17.366906+00:00,train,1,5099,self,1.0,0,95,,
2025-11-27T00:32:17.367057+00:00,train,1,5100,self,1.0,0,96,,
2025-11-27T00:32:17.367207+00:00,train,1,5101,self,1.0,0,96,,
2025-11-27T00:32:17.367357+00:00,train,1,5102,self,1.0,0,97,,
2025-11-27T00:32:17.367506+00:00,train,1,5103,self,1.0,0,92,,
2025-11-27T00:32:17.367655+00:00,train,1,5104,self,1.0,0,98,,
2025-11-27T00:32:17.367805+00:00,train,1,5105,self,1.0,0,85,,
2025-11-27T00:32:17.367955+00:00,train,1,5106,self,1.0,0,99,,
2025-11-27T00:32:17.368104+00:00,train,1,5107,self,1.0,0,83,,
2025-11-27T00:32:17.368253+00:00,train,1,5108,self,1.0,0,95,,
2025-11-27T00:32:17.368403+00:00,train,1,5109,self,1.0,0,97,,
2025-11-27T00:32:17.368551+00:00,train,1,5110,self,1.0,0,98,,
2025-11-27T00:32:17.368701+00:00,train,1,5111,self,1.0,0,88,,
2025-11-27T00:32:17.368851+00:00,train,1,5112,self,1.0,0,91,,
2025-11-27T00:32:17.369001+00:00,train,1,5113,self,1.0,0,99,,
2025-11-27T00:32:17.369151+00:00,train,1,5114,self,1.0,0,100,,
2025-11-27T00:32:17.369300+00:00,train,1,5115,self,1.0,0,95,,
2025-11-27T00:32:17.369450+00:00,train,1,5116,self,1.0,0,99,,
2025-11-27T00:32:17.369599+00:00,train,1,5117,self,1.0,0,96,,
2025-11-27T00:32:17.369749+00:00,train,1,5118,self,1.0,0,97,,
2025-11-27T00:32:17.369898+00:00,train,1,5119,self,1.0,0,94,,
2025-11-27T00:32:17.370046+00:00,train,1,5120,self,1.0,0,99,,
2025-11-27T00:32:17.370199+00:00,train,1,5121,self,1.0,0,96,,
2025-11-27T00:32:17.370348+00:00,train,1,5122,self,1.0,0,99,,
2025-11-27T00:32:17.370497+00:00,train,1,5123,self,1.0,0,94,,
2025-11-27T00:32:17.370646+00:00,train,1,5124,self,1.0,0,97,,
2025-11-27T00:32:17.370795+00:00,train,1,5125,self,1.0,0,90,,
2025-11-27T00:32:17.370945+00:00,train,1,5126,self,1.0,0,99,,
2025-11-27T00:32:17.371094+00:00,train,1,5127,self,1.0,0,88,,
2025-11-27T00:32:17.371244+00:00,train,1,5128,self,1.0,0,98,,
2025-11-27T00:32:17.371394+00:00,train,1,5129,self,1.0,0,98,,
2025-11-27T00:32:17.371544+00:00,train,1,5130,self,1.0,0,98,,
2025-11-27T00:32:17.371695+00:00,train,1,5131,self,1.0,0,97,,
2025-11-27T00:32:17.371846+00:00,train,1,5132,self,1.0,0,99,,
2025-11-27T00:32:17.371997+00:00,train,1,5133,self,1.0,0,92,,
2025-11-27T00:32:17.372273+00:00,train,1,5134,self,1.0,0,98,,
2025-11-27T00:32:17.372450+00:00,train,1,5135,self,1.0,0,94,,
2025-11-27T00:32:17.372627+00:00,train,1,5136,self,1.0,0,98,,
2025-11-27T00:32:17.372784+00:00,train,1,5137,self,1.0,0,87,,
2025-11-27T00:32:17.372938+00:00,train,1,5138,self,1.0,0,95,,
2025-11-27T00:32:17.373094+00:00,train,1,5139,self,1.0,0,98,,
2025-11-27T00:32:17.373245+00:00,train,1,5140,self,1.0,0,99,,
2025-11-27T00:32:17.373397+00:00,train,1,5141,self,1.0,0,95,,
2025-11-27T00:32:17.373632+00:00,train,1,5142,self,1.0,0,99,,
2025-11-27T00:32:17.373895+00:00,train,1,5143,self,1.0,0,92,,
2025-11-27T00:32:17.374094+00:00,train,1,5144,self,1.0,0,92,,
2025-11-27T00:32:17.374362+00:00,train,1,5145,self,1.0,0,96,,
2025-11-27T00:32:17.374542+00:00,train,1,5146,self,1.0,0,97,,
2025-11-27T00:32:17.374779+00:00,train,1,5147,self,1.0,0,98,,
2025-11-27T00:32:17.374972+00:00,train,1,5148,self,1.0,0,99,,
2025-11-27T00:32:17.375144+00:00,train,1,5149,self,1.0,0,94,,
2025-11-27T00:32:17.375315+00:00,train,1,5150,self,1.0,0,99,,
2025-11-27T00:32:17.375476+00:00,train,1,5151,self,1.0,0,86,,
2025-11-27T00:32:17.375702+00:00,train,1,5152,self,1.0,0,96,,
2025-11-27T00:32:17.375881+00:00,train,1,5153,self,1.0,0,86,,
2025-11-27T00:32:17.376047+00:00,train,1,5154,self,1.0,0,99,,
2025-11-27T00:32:17.376211+00:00,train,1,5155,self,1.0,0,88,,
2025-11-27T00:32:17.376369+00:00,train,1,5156,self,1.0,0,100,,
2025-11-27T00:32:17.376529+00:00,train,1,5157,self,1.0,0,94,,
2025-11-27T00:32:17.376683+00:00,train,1,5158,self,1.0,0,99,,
2025-11-27T00:32:17.376838+00:00,train,1,5159,self,1.0,0,99,,
2025-11-27T00:32:17.376990+00:00,train,1,5160,self,1.0,0,99,,
2025-11-27T00:32:17.377142+00:00,train,1,5161,self,1.0,0,99,,
2025-11-27T00:32:17.377294+00:00,train,1,5162,self,1.0,0,100,,
2025-11-27T00:32:17.377447+00:00,train,1,5163,self,1.0,0,96,,
2025-11-27T00:32:17.377610+00:00,train,1,5164,self,1.0,0,96,,
2025-11-27T00:32:17.377756+00:00,train,1,5165,self,1.0,0,98,,
2025-11-27T00:32:17.377903+00:00,train,1,5166,self,1.0,0,100,,
2025-11-27T00:32:17.378050+00:00,train,1,5167,self,1.0,0,84,,
2025-11-27T00:32:17.378195+00:00,train,1,5168,self,1.0,0,98,,
2025-11-27T00:32:17.378340+00:00,train,1,5169,self,1.0,0,97,,
2025-11-27T00:32:17.378485+00:00,train,1,5170,self,1.0,0,98,,
2025-11-27T00:32:17.378629+00:00,train,1,5171,self,1.0,0,92,,
2025-11-27T00:32:17.378774+00:00,train,1,5172,self,1.0,0,98,,
2025-11-27T00:32:17.378919+00:00,train,1,5173,self,1.0,0,93,,
2025-11-27T00:32:17.379063+00:00,train,1,5174,self,1.0,0,100,,
2025-11-27T00:32:17.379208+00:00,train,1,5175,self,1.0,0,98,,
2025-11-27T00:32:17.379353+00:00,train,1,5176,self,1.0,0,100,,
2025-11-27T00:32:17.379497+00:00,train,1,5177,self,1.0,0,98,,
2025-11-27T00:32:17.379642+00:00,train,1,5178,self,1.0,0,99,,
2025-11-27T00:32:17.379786+00:00,train,1,5179,self,1.0,0,95,,
2025-11-27T00:32:17.379931+00:00,train,1,5180,self,1.0,0,100,,
2025-11-27T00:32:17.380075+00:00,train,1,5181,self,1.0,0,87,,
2025-11-27T00:32:17.380222+00:00,train,1,5182,self,1.0,0,94,,
2025-11-27T00:32:17.380369+00:00,train,1,5183,self,1.0,0,92,,
2025-11-27T00:32:17.380525+00:00,train,1,5184,self,1.0,0,100,,
2025-11-27T00:32:17.380666+00:00,train,1,5185,self,1.0,0,97,,
2025-11-27T00:32:17.380805+00:00,train,1,5186,self,1.0,0,100,,
2025-11-27T00:32:17.380945+00:00,train,1,5187,self,1.0,0,94,,
2025-11-27T00:32:17.381085+00:00,train,1,5188,self,1.0,0,99,,
2025-11-27T00:32:17.381226+00:00,train,1,5189,self,1.0,0,93,,
2025-11-27T00:32:17.381366+00:00,train,1,5190,self,1.0,0,97,,
2025-11-27T00:32:17.381507+00:00,train,1,5191,self,1.0,0,95,,
2025-11-27T00:32:17.381648+00:00,train,1,5192,self,1.0,0,100,,
2025-11-27T00:32:17.381789+00:00,train,1,5193,self,1.0,0,97,,
2025-11-27T00:32:17.381929+00:00,train,1,5194,self,1.0,0,99,,
2025-11-27T00:32:17.382070+00:00,train,1,5195,self,1.0,0,89,,
2025-11-27T00:32:17.382211+00:00,train,1,5196,self,1.0,0,93,,
2025-11-27T00:32:17.382358+00:00,train,1,5197,self,1.0,0,88,,
2025-11-27T00:32:17.382498+00:00,train,1,5198,self,1.0,0,93,,
2025-11-27T00:32:17.382639+00:00,train,1,5199,self,1.0,0,93,,
2025-11-27T00:32:17.382780+00:00,train,1,5200,self,1.0,0,100,,
2025-11-27T00:32:17.382921+00:00,train,1,5201,self,1.0,0,93,,
2025-11-27T00:32:17.383062+00:00,train,1,5202,self,1.0,0,99,,
2025-11-27T00:32:17.383202+00:00,train,1,5203,self,1.0,0,87,,
2025-11-27T00:32:17.383346+00:00,train,1,5204,self,1.0,0,95,,
2025-11-27T00:32:17.383490+00:00,train,1,5205,self,1.0,0,97,,
2025-11-27T00:32:17.383632+00:00,train,1,5206,self,1.0,0,100,,
2025-11-27T00:32:17.383773+00:00,train,1,5207,self,1.0,0,98,,
2025-11-27T00:32:17.383918+00:00,train,1,5208,self,1.0,0,98,,
2025-11-27T00:32:17.384059+00:00,train,1,5209,self,1.0,0,92,,
2025-11-27T00:32:17.384199+00:00,train,1,5210,self,1.0,0,100,,
2025-11-27T00:32:17.384338+00:00,train,1,5211,self,1.0,0,77,,
2025-11-27T00:32:17.384478+00:00,train,1,5212,self,1.0,0,99,,
2025-11-27T00:32:17.384618+00:00,train,1,5213,self,1.0,0,96,,
2025-11-27T00:32:17.384758+00:00,train,1,5214,self,1.0,0,98,,
2025-11-27T00:32:17.384899+00:00,train,1,5215,self,1.0,0,90,,
2025-11-27T00:32:17.385038+00:00,train,1,5216,self,1.0,0,99,,
2025-11-27T00:32:17.385178+00:00,train,1,5217,self,1.0,0,95,,
2025-11-27T00:32:17.385317+00:00,train,1,5218,self,1.0,0,96,,
2025-11-27T00:32:17.385456+00:00,train,1,5219,self,1.0,0,98,,
2025-11-27T00:32:17.385596+00:00,train,1,5220,self,1.0,0,100,,
2025-11-27T00:32:17.385736+00:00,train,1,5221,self,1.0,0,89,,
2025-11-27T00:32:17.385875+00:00,train,1,5222,self,1.0,0,98,,
2025-11-27T00:32:17.386014+00:00,train,1,5223,self,1.0,0,90,,
2025-11-27T00:32:17.386154+00:00,train,1,5224,self,1.0,0,99,,
2025-11-27T00:32:17.386293+00:00,train,1,5225,self,1.0,0,92,,
2025-11-27T00:32:17.386433+00:00,train,1,5226,self,1.0,0,94,,
2025-11-27T00:32:17.386585+00:00,train,1,5227,self,1.0,0,79,,
2025-11-27T00:32:17.386720+00:00,train,1,5228,self,1.0,0,87,,
2025-11-27T00:32:17.386855+00:00,train,1,5229,self,1.0,0,95,,
2025-11-27T00:32:17.386992+00:00,train,1,5230,self,1.0,0,95,,
2025-11-27T00:32:17.387127+00:00,train,1,5231,self,1.0,0,92,,
2025-11-27T00:32:17.387262+00:00,train,1,5232,self,1.0,0,98,,
2025-11-27T00:32:17.387399+00:00,train,1,5233,self,1.0,0,87,,
2025-11-27T00:32:17.387534+00:00,train,1,5234,self,1.0,0,90,,
2025-11-27T00:32:17.387670+00:00,train,1,5235,self,1.0,0,96,,
2025-11-27T00:32:17.387805+00:00,train,1,5236,self,1.0,0,98,,
2025-11-27T00:32:17.387941+00:00,train,1,5237,self,1.0,0,90,,
2025-11-27T00:32:17.388138+00:00,train,1,5238,self,1.0,0,100,,
2025-11-27T00:32:17.388301+00:00,train,1,5239,self,1.0,0,93,,
2025-11-27T00:32:17.388459+00:00,train,1,5240,self,1.0,0,100,,
2025-11-27T00:32:17.388611+00:00,train,1,5241,self,1.0,0,100,,
2025-11-27T00:32:17.388761+00:00,train,1,5242,self,1.0,0,100,,
2025-11-27T00:32:17.388911+00:00,train,1,5243,self,1.0,0,83,,
2025-11-27T00:32:17.389059+00:00,train,1,5244,self,1.0,0,97,,
2025-11-27T00:32:17.389205+00:00,train,1,5245,self,1.0,0,100,,
2025-11-27T00:32:17.389351+00:00,train,1,5246,self,1.0,0,100,,
2025-11-27T00:32:17.389496+00:00,train,1,5247,self,1.0,0,83,,
2025-11-27T00:32:17.389641+00:00,train,1,5248,self,1.0,0,90,,
2025-11-27T00:32:17.389786+00:00,train,1,5249,self,1.0,0,99,,
2025-11-27T00:32:17.389931+00:00,train,1,5250,self,1.0,0,100,,
2025-11-27T00:32:17.390075+00:00,train,1,5251,self,1.0,0,82,,
2025-11-27T00:32:17.390222+00:00,train,1,5252,self,1.0,0,100,,
2025-11-27T00:32:17.390367+00:00,train,1,5253,self,1.0,0,98,,
2025-11-27T00:32:17.390511+00:00,train,1,5254,self,1.0,0,98,,
2025-11-27T00:32:17.390655+00:00,train,1,5255,self,1.0,0,91,,
2025-11-27T00:32:17.390798+00:00,train,1,5256,self,1.0,0,95,,
2025-11-27T00:32:17.390943+00:00,train,1,5257,self,1.0,0,98,,
2025-11-27T00:32:17.391087+00:00,train,1,5258,self,1.0,0,100,,
2025-11-27T00:32:17.391234+00:00,train,1,5259,self,1.0,0,94,,
2025-11-27T00:32:17.391380+00:00,train,1,5260,self,1.0,0,99,,
2025-11-27T00:32:17.391524+00:00,train,1,5261,self,1.0,0,94,,
2025-11-27T00:32:17.391669+00:00,train,1,5262,self,1.0,0,98,,
2025-11-27T00:32:17.391825+00:00,train,1,5263,self,1.0,0,94,,
2025-11-27T00:32:17.391972+00:00,train,1,5264,self,1.0,0,100,,
2025-11-27T00:32:17.392116+00:00,train,1,5265,self,1.0,0,82,,
2025-11-27T00:32:17.392261+00:00,train,1,5266,self,1.0,0,96,,
2025-11-27T00:32:17.392437+00:00,train,1,5267,self,1.0,0,95,,
2025-11-27T00:32:17.392596+00:00,train,1,5268,self,1.0,0,99,,
2025-11-27T00:32:17.392826+00:00,train,1,5269,self,1.0,0,93,,
2025-11-27T00:32:17.392973+00:00,train,1,5270,self,1.0,0,100,,
2025-11-27T00:32:17.393119+00:00,train,1,5271,self,1.0,0,94,,
2025-11-27T00:32:17.393263+00:00,train,1,5272,self,1.0,0,100,,
2025-11-27T00:32:17.393407+00:00,train,1,5273,self,1.0,0,98,,
2025-11-27T00:32:17.393549+00:00,train,1,5274,self,1.0,0,98,,
2025-11-27T00:32:17.393694+00:00,train,1,5275,self,1.0,0,92,,
2025-11-27T00:32:17.393838+00:00,train,1,5276,self,1.0,0,100,,
2025-11-27T00:32:17.393981+00:00,train,1,5277,self,1.0,0,96,,
2025-11-27T00:32:17.394123+00:00,train,1,5278,self,1.0,0,99,,
2025-11-27T00:32:17.394264+00:00,train,1,5279,self,1.0,0,99,,
2025-11-27T00:32:17.394406+00:00,train,1,5280,self,1.0,0,100,,
2025-11-27T00:32:17.394547+00:00,train,1,5281,self,1.0,0,93,,
2025-11-27T00:32:17.394688+00:00,train,1,5282,self,1.0,0,100,,
2025-11-27T00:32:17.394830+00:00,train,1,5283,self,1.0,0,94,,
2025-11-27T00:32:17.394972+00:00,train,1,5284,self,1.0,0,97,,
2025-11-27T00:32:17.395113+00:00,train,1,5285,self,1.0,0,90,,
2025-11-27T00:32:17.395255+00:00,train,1,5286,self,1.0,0,96,,
2025-11-27T00:32:17.395396+00:00,train,1,5287,self,1.0,0,85,,
2025-11-27T00:32:17.395538+00:00,train,1,5288,self,1.0,0,94,,
2025-11-27T00:32:17.395680+00:00,train,1,5289,self,1.0,0,92,,
2025-11-27T00:32:17.395822+00:00,train,1,5290,self,1.0,0,98,,
2025-11-27T00:32:17.395964+00:00,train,1,5291,self,1.0,0,96,,
2025-11-27T00:32:17.396106+00:00,train,1,5292,self,1.0,0,99,,
2025-11-27T00:32:17.396247+00:00,train,1,5293,self,1.0,0,91,,
2025-11-27T00:32:17.396390+00:00,train,1,5294,self,1.0,0,95,,
2025-11-27T00:32:17.396532+00:00,train,1,5295,self,1.0,0,82,,
2025-11-27T00:32:17.396674+00:00,train,1,5296,self,1.0,0,99,,
2025-11-27T00:32:17.396816+00:00,train,1,5297,self,1.0,0,90,,
2025-11-27T00:32:17.396957+00:00,train,1,5298,self,1.0,0,95,,
2025-11-27T00:32:17.397099+00:00,train,1,5299,self,1.0,0,91,,
2025-11-27T00:32:17.397241+00:00,train,1,5300,self,1.0,0,98,,
2025-11-27T00:32:17.397382+00:00,train,1,5301,self,1.0,0,97,,
2025-11-27T00:32:17.397524+00:00,train,1,5302,self,1.0,0,99,,
2025-11-27T00:32:17.397665+00:00,train,1,5303,self,1.0,0,94,,
2025-11-27T00:32:17.397807+00:00,train,1,5304,self,1.0,0,97,,
2025-11-27T00:32:17.397951+00:00,train,1,5305,self,1.0,0,90,,
2025-11-27T00:32:17.398096+00:00,train,1,5306,self,1.0,0,96,,
2025-11-27T00:32:17.398238+00:00,train,1,5307,self,1.0,0,95,,
2025-11-27T00:32:17.398379+00:00,train,1,5308,self,1.0,0,97,,
2025-11-27T00:32:17.398521+00:00,train,1,5309,self,1.0,0,92,,
2025-11-27T00:32:17.398672+00:00,train,1,5310,self,1.0,0,100,,
2025-11-27T00:32:17.398809+00:00,train,1,5311,self,1.0,0,93,,
2025-11-27T00:32:17.398947+00:00,train,1,5312,self,1.0,0,95,,
2025-11-27T00:32:17.399084+00:00,train,1,5313,self,1.0,0,94,,
2025-11-27T00:32:17.399221+00:00,train,1,5314,self,1.0,0,99,,
2025-11-27T00:32:17.399358+00:00,train,1,5315,self,1.0,0,96,,
2025-11-27T00:32:17.399495+00:00,train,1,5316,self,1.0,0,97,,
2025-11-27T00:32:17.399633+00:00,train,1,5317,self,1.0,0,79,,
2025-11-27T00:32:17.399770+00:00,train,1,5318,self,1.0,0,100,,
2025-11-27T00:32:17.399922+00:00,train,1,5319,self,1.0,0,100,,
2025-11-27T00:32:17.400062+00:00,train,1,5320,self,1.0,0,100,,
2025-11-27T00:32:17.400202+00:00,train,1,5321,self,1.0,0,85,,
2025-11-27T00:32:17.400342+00:00,train,1,5322,self,1.0,0,96,,
2025-11-27T00:32:17.400480+00:00,train,1,5323,self,1.0,0,98,,
2025-11-27T00:32:17.400617+00:00,train,1,5324,self,1.0,0,99,,
2025-11-27T00:32:17.400754+00:00,train,1,5325,self,1.0,0,100,,
2025-11-27T00:32:17.400891+00:00,train,1,5326,self,1.0,0,100,,
2025-11-27T00:32:17.401031+00:00,train,1,5327,self,1.0,0,94,,
2025-11-27T00:32:17.401172+00:00,train,1,5328,self,1.0,0,98,,
2025-11-27T00:32:17.401311+00:00,train,1,5329,self,1.0,0,96,,
2025-11-27T00:32:17.401449+00:00,train,1,5330,self,1.0,0,100,,
2025-11-27T00:32:17.401586+00:00,train,1,5331,self,1.0,0,99,,
2025-11-27T00:32:17.401724+00:00,train,1,5332,self,1.0,0,100,,
2025-11-27T00:32:17.401861+00:00,train,1,5333,self,1.0,0,89,,
2025-11-27T00:32:17.402000+00:00,train,1,5334,self,1.0,0,91,,
2025-11-27T00:32:17.402139+00:00,train,1,5335,self,1.0,0,91,,
2025-11-27T00:32:17.402280+00:00,train,1,5336,self,1.0,0,99,,
2025-11-27T00:32:17.402420+00:00,train,1,5337,self,1.0,0,96,,
2025-11-27T00:32:17.402561+00:00,train,1,5338,self,1.0,0,98,,
2025-11-27T00:32:17.402705+00:00,train,1,5339,self,1.0,0,98,,
2025-11-27T00:32:17.402845+00:00,train,1,5340,self,1.0,0,100,,
2025-11-27T00:32:17.402985+00:00,train,1,5341,self,1.0,0,95,,
2025-11-27T00:32:17.403126+00:00,train,1,5342,self,1.0,0,99,,
2025-11-27T00:32:17.403266+00:00,train,1,5343,self,1.0,0,92,,
2025-11-27T00:32:17.403407+00:00,train,1,5344,self,1.0,0,100,,
2025-11-27T00:32:17.403549+00:00,train,1,5345,self,1.0,0,99,,
2025-11-27T00:32:17.403694+00:00,train,1,5346,self,1.0,0,99,,
2025-11-27T00:32:17.403836+00:00,train,1,5347,self,1.0,0,92,,
2025-11-27T00:32:17.403978+00:00,train,1,5348,self,1.0,0,99,,
2025-11-27T00:32:17.404118+00:00,train,1,5349,self,1.0,0,90,,
2025-11-27T00:32:17.404258+00:00,train,1,5350,self,1.0,0,98,,
2025-11-27T00:32:17.404398+00:00,train,1,5351,self,1.0,0,94,,
2025-11-27T00:32:17.404539+00:00,train,1,5352,self,1.0,0,95,,
2025-11-27T00:32:17.404680+00:00,train,1,5353,self,1.0,0,86,,
2025-11-27T00:32:17.404822+00:00,train,1,5354,self,1.0,0,97,,
2025-11-27T00:32:17.404963+00:00,train,1,5355,self,1.0,0,95,,
2025-11-27T00:32:17.405103+00:00,train,1,5356,self,1.0,0,98,,
2025-11-27T00:32:17.405244+00:00,train,1,5357,self,1.0,0,98,,
2025-11-27T00:32:17.405385+00:00,train,1,5358,self,1.0,0,99,,
2025-11-27T00:32:17.405524+00:00,train,1,5359,self,1.0,0,89,,
2025-11-27T00:32:17.405664+00:00,train,1,5360,self,1.0,0,98,,
2025-11-27T00:32:17.405804+00:00,train,1,5361,self,1.0,0,89,,
2025-11-27T00:32:17.405944+00:00,train,1,5362,self,1.0,0,96,,
2025-11-27T00:32:17.406087+00:00,train,1,5363,self,1.0,0,92,,
2025-11-27T00:32:17.406228+00:00,train,1,5364,self,1.0,0,96,,
2025-11-27T00:32:17.406368+00:00,train,1,5365,self,1.0,0,85,,
2025-11-27T00:32:17.406520+00:00,train,1,5366,self,1.0,0,99,,
2025-11-27T00:32:17.406657+00:00,train,1,5367,self,1.0,0,92,,
2025-11-27T00:32:17.406793+00:00,train,1,5368,self,1.0,0,100,,
2025-11-27T00:32:17.406932+00:00,train,1,5369,self,1.0,0,90,,
2025-11-27T00:32:17.407069+00:00,train,1,5370,self,1.0,0,98,,
2025-11-27T00:32:17.407205+00:00,train,1,5371,self,1.0,0,98,,
2025-11-27T00:32:17.407342+00:00,train,1,5372,self,1.0,0,100,,
2025-11-27T00:32:17.407479+00:00,train,1,5373,self,1.0,0,95,,
2025-11-27T00:32:17.407631+00:00,train,1,5374,self,1.0,0,98,,
2025-11-27T00:32:17.407763+00:00,train,1,5375,self,1.0,0,93,,
2025-11-27T00:32:17.407895+00:00,train,1,5376,self,1.0,0,96,,
2025-11-27T00:32:17.408030+00:00,train,1,5377,self,1.0,0,94,,
2025-11-27T00:32:17.408162+00:00,train,1,5378,self,1.0,0,94,,
2025-11-27T00:32:17.408295+00:00,train,1,5379,self,1.0,0,80,,
2025-11-27T00:32:17.408427+00:00,train,1,5380,self,1.0,0,93,,
2025-11-27T00:32:17.408575+00:00,train,1,5381,self,1.0,0,98,,
2025-11-27T00:32:17.408704+00:00,train,1,5382,self,1.0,0,98,,
2025-11-27T00:32:17.408833+00:00,train,1,5383,self,1.0,0,82,,
2025-11-27T00:32:17.408962+00:00,train,1,5384,self,1.0,0,98,,
2025-11-27T00:32:17.409092+00:00,train,1,5385,self,1.0,0,96,,
2025-11-27T00:32:17.409220+00:00,train,1,5386,self,1.0,0,99,,
2025-11-27T00:32:17.409348+00:00,train,1,5387,self,1.0,0,95,,
2025-11-27T00:32:17.409477+00:00,train,1,5388,self,1.0,0,100,,
2025-11-27T00:32:17.409618+00:00,train,1,5389,self,1.0,0,83,,
2025-11-27T00:32:17.409743+00:00,train,1,5390,self,1.0,0,98,,
2025-11-27T00:32:17.409868+00:00,train,1,5391,self,1.0,0,89,,
2025-11-27T00:32:17.409993+00:00,train,1,5392,self,1.0,0,96,,
2025-11-27T00:32:17.410118+00:00,train,1,5393,self,1.0,0,87,,
2025-11-27T00:32:17.410246+00:00,train,1,5394,self,1.0,0,98,,
2025-11-27T00:32:17.410371+00:00,train,1,5395,self,1.0,0,89,,
2025-11-27T00:32:17.410496+00:00,train,1,5396,self,1.0,0,95,,
2025-11-27T00:32:17.410632+00:00,train,1,5397,self,1.0,0,90,,
2025-11-27T00:32:17.410754+00:00,train,1,5398,self,1.0,0,99,,
2025-11-27T00:32:17.410879+00:00,train,1,5399,self,1.0,0,95,,
2025-11-27T00:32:17.411001+00:00,train,1,5400,self,1.0,0,98,,
2025-11-27T00:32:17.411123+00:00,train,1,5401,self,1.0,0,84,,
2025-11-27T00:32:17.411245+00:00,train,1,5402,self,1.0,0,98,,
2025-11-27T00:32:17.411368+00:00,train,1,5403,self,1.0,0,82,,
2025-11-27T00:32:17.411490+00:00,train,1,5404,self,1.0,0,89,,
2025-11-27T00:32:17.411624+00:00,train,1,5405,self,1.0,0,91,,
2025-11-27T00:32:17.411744+00:00,train,1,5406,self,1.0,0,95,,
2025-11-27T00:32:17.411863+00:00,train,1,5407,self,1.0,0,98,,
2025-11-27T00:32:17.411982+00:00,train,1,5408,self,1.0,0,100,,
2025-11-27T00:32:17.412101+00:00,train,1,5409,self,1.0,0,97,,
2025-11-27T00:32:17.412219+00:00,train,1,5410,self,1.0,0,100,,
2025-11-27T00:32:17.412338+00:00,train,1,5411,self,1.0,0,98,,
2025-11-27T00:32:17.412457+00:00,train,1,5412,self,1.0,0,100,,
2025-11-27T00:32:17.412588+00:00,train,1,5413,self,1.0,0,95,,
2025-11-27T00:32:17.412706+00:00,train,1,5414,self,1.0,0,100,,
2025-11-27T00:32:17.412915+00:00,train,1,5415,self,1.0,0,91,,
2025-11-27T00:32:17.413031+00:00,train,1,5416,self,1.0,0,97,,
2025-11-27T00:32:17.413148+00:00,train,1,5417,self,1.0,0,96,,
2025-11-27T00:32:17.413264+00:00,train,1,5418,self,1.0,0,96,,
2025-11-27T00:32:17.413380+00:00,train,1,5419,self,1.0,0,95,,
2025-11-27T00:32:17.413498+00:00,train,1,5420,self,1.0,0,99,,
2025-11-27T00:32:17.413615+00:00,train,1,5421,self,1.0,0,96,,
2025-11-27T00:32:17.413734+00:00,train,1,5422,self,1.0,0,100,,
2025-11-27T00:32:17.413852+00:00,train,1,5423,self,1.0,0,98,,
2025-11-27T00:32:17.413970+00:00,train,1,5424,self,1.0,0,99,,
2025-11-27T00:32:17.414164+00:00,train,1,5425,self,1.0,0,93,,
2025-11-27T00:32:17.414295+00:00,train,1,5426,self,1.0,0,98,,
2025-11-27T00:32:17.414461+00:00,train,1,5427,self,1.0,0,96,,
2025-11-27T00:32:17.414600+00:00,train,1,5428,self,1.0,0,100,,
2025-11-27T00:32:17.414777+00:00,train,1,5429,self,1.0,0,97,,
2025-11-27T00:32:17.414901+00:00,train,1,5430,self,1.0,0,99,,
2025-11-27T00:32:17.415022+00:00,train,1,5431,self,1.0,0,90,,
2025-11-27T00:32:17.415142+00:00,train,1,5432,self,1.0,0,99,,
2025-11-27T00:32:17.415261+00:00,train,1,5433,self,1.0,0,93,,
2025-11-27T00:32:17.415379+00:00,train,1,5434,self,1.0,0,94,,
2025-11-27T00:32:17.415495+00:00,train,1,5435,self,1.0,0,94,,
2025-11-27T00:32:17.415612+00:00,train,1,5436,self,1.0,0,100,,
2025-11-27T00:32:17.415729+00:00,train,1,5437,self,1.0,0,95,,
2025-11-27T00:32:17.415846+00:00,train,1,5438,self,1.0,0,100,,
2025-11-27T00:32:17.415963+00:00,train,1,5439,self,1.0,0,100,,
2025-11-27T00:32:17.416080+00:00,train,1,5440,self,1.0,0,100,,
2025-11-27T00:32:17.416196+00:00,train,1,5441,self,1.0,0,87,,
2025-11-27T00:32:17.416312+00:00,train,1,5442,self,1.0,0,100,,
2025-11-27T00:32:17.416429+00:00,train,1,5443,self,1.0,0,90,,
2025-11-27T00:32:17.416545+00:00,train,1,5444,self,1.0,0,96,,
2025-11-27T00:32:17.416661+00:00,train,1,5445,self,1.0,0,97,,
2025-11-27T00:32:17.416776+00:00,train,1,5446,self,1.0,0,99,,
2025-11-27T00:32:17.416892+00:00,train,1,5447,self,1.0,0,93,,
2025-11-27T00:32:17.417008+00:00,train,1,5448,self,1.0,0,98,,
2025-11-27T00:32:17.417124+00:00,train,1,5449,self,1.0,0,98,,
2025-11-27T00:32:17.417240+00:00,train,1,5450,self,1.0,0,99,,
2025-11-27T00:32:17.417357+00:00,train,1,5451,self,1.0,0,91,,
2025-11-27T00:32:17.417472+00:00,train,1,5452,self,1.0,0,98,,
2025-11-27T00:32:17.417588+00:00,train,1,5453,self,1.0,0,93,,
2025-11-27T00:32:17.417704+00:00,train,1,5454,self,1.0,0,100,,
2025-11-27T00:32:17.417820+00:00,train,1,5455,self,1.0,0,90,,
2025-11-27T00:32:17.417935+00:00,train,1,5456,self,1.0,0,99,,
2025-11-27T00:32:17.418052+00:00,train,1,5457,self,1.0,0,95,,
2025-11-27T00:32:17.418168+00:00,train,1,5458,self,1.0,0,97,,
2025-11-27T00:32:17.418284+00:00,train,1,5459,self,1.0,0,91,,
2025-11-27T00:32:17.418400+00:00,train,1,5460,self,1.0,0,99,,
2025-11-27T00:32:17.418516+00:00,train,1,5461,self,1.0,0,100,,
2025-11-27T00:32:17.418634+00:00,train,1,5462,self,1.0,0,100,,
2025-11-27T00:32:17.418753+00:00,train,1,5463,self,1.0,0,90,,
2025-11-27T00:32:17.418869+00:00,train,1,5464,self,1.0,0,100,,
2025-11-27T00:32:17.418985+00:00,train,1,5465,self,1.0,0,96,,
2025-11-27T00:32:17.419101+00:00,train,1,5466,self,1.0,0,96,,
2025-11-27T00:32:17.419217+00:00,train,1,5467,self,1.0,0,93,,
2025-11-27T00:32:17.419332+00:00,train,1,5468,self,1.0,0,95,,
2025-11-27T00:32:17.419450+00:00,train,1,5469,self,1.0,0,90,,
2025-11-27T00:32:17.419566+00:00,train,1,5470,self,1.0,0,99,,
2025-11-27T00:32:17.419682+00:00,train,1,5471,self,1.0,0,82,,
2025-11-27T00:32:17.419797+00:00,train,1,5472,self,1.0,0,98,,
2025-11-27T00:32:17.419914+00:00,train,1,5473,self,1.0,0,95,,
2025-11-27T00:32:17.420030+00:00,train,1,5474,self,1.0,0,100,,
2025-11-27T00:32:17.420146+00:00,train,1,5475,self,1.0,0,99,,
2025-11-27T00:32:17.420263+00:00,train,1,5476,self,1.0,0,100,,
2025-11-27T00:32:17.420379+00:00,train,1,5477,self,1.0,0,91,,
2025-11-27T00:32:17.420495+00:00,train,1,5478,self,1.0,0,97,,
2025-11-27T00:32:17.420611+00:00,train,1,5479,self,1.0,0,94,,
2025-11-27T00:32:17.420726+00:00,train,1,5480,self,1.0,0,98,,
2025-11-27T00:32:17.420842+00:00,train,1,5481,self,1.0,0,90,,
2025-11-27T00:32:17.420958+00:00,train,1,5482,self,1.0,0,94,,
2025-11-27T00:32:17.421074+00:00,train,1,5483,self,1.0,0,96,,
2025-11-27T00:32:17.421189+00:00,train,1,5484,self,1.0,0,97,,
2025-11-27T00:32:17.421305+00:00,train,1,5485,self,1.0,0,95,,
2025-11-27T00:32:17.421423+00:00,train,1,5486,self,1.0,0,96,,
2025-11-27T00:32:17.421539+00:00,train,1,5487,self,1.0,0,99,,
2025-11-27T00:32:17.421655+00:00,train,1,5488,self,1.0,0,100,,
2025-11-27T00:32:17.421771+00:00,train,1,5489,self,1.0,0,98,,
2025-11-27T00:32:17.421887+00:00,train,1,5490,self,1.0,0,99,,
2025-11-27T00:32:17.422003+00:00,train,1,5491,self,1.0,0,93,,
2025-11-27T00:32:17.422118+00:00,train,1,5492,self,1.0,0,95,,
2025-11-27T00:32:17.422234+00:00,train,1,5493,self,1.0,0,97,,
2025-11-27T00:32:17.422352+00:00,train,1,5494,self,1.0,0,98,,
2025-11-27T00:32:17.422468+00:00,train,1,5495,self,1.0,0,99,,
2025-11-27T00:32:17.422584+00:00,train,1,5496,self,1.0,0,100,,
2025-11-27T00:32:17.422699+00:00,train,1,5497,self,1.0,0,90,,
2025-11-27T00:32:17.422817+00:00,train,1,5498,self,1.0,0,99,,
2025-11-27T00:32:17.422984+00:00,train,1,5499,self,1.0,0,96,,
2025-11-27T00:32:17.423102+00:00,train,1,5500,self,1.0,0,99,,
2025-11-27T00:32:17.423219+00:00,train,1,5501,self,1.0,0,80,,
2025-11-27T00:32:17.423336+00:00,train,1,5502,self,1.0,0,96,,
2025-11-27T00:32:17.423452+00:00,train,1,5503,self,1.0,0,81,,
2025-11-27T00:32:17.423568+00:00,train,1,5504,self,1.0,0,97,,
2025-11-27T00:32:17.423683+00:00,train,1,5505,self,1.0,0,90,,
2025-11-27T00:32:17.423799+00:00,train,1,5506,self,1.0,0,99,,
2025-11-27T00:32:17.423917+00:00,train,1,5507,self,1.0,0,82,,
2025-11-27T00:32:17.424034+00:00,train,1,5508,self,1.0,0,100,,
2025-11-27T00:32:17.424226+00:00,train,1,5509,self,1.0,0,96,,
2025-11-27T00:32:17.424355+00:00,train,1,5510,self,1.0,0,99,,
2025-11-27T00:32:17.424477+00:00,train,1,5511,self,1.0,0,96,,
2025-11-27T00:32:17.424594+00:00,train,1,5512,self,1.0,0,99,,
2025-11-27T00:32:17.424762+00:00,train,1,5513,self,1.0,0,100,,
2025-11-27T00:32:17.424898+00:00,train,1,5514,self,1.0,0,100,,
2025-11-27T00:32:17.425024+00:00,train,1,5515,self,1.0,0,88,,
2025-11-27T00:32:17.425147+00:00,train,1,5516,self,1.0,0,95,,
2025-11-27T00:32:17.425307+00:00,train,1,5517,self,1.0,0,93,,
2025-11-27T00:32:17.425437+00:00,train,1,5518,self,1.0,0,100,,
2025-11-27T00:32:17.425599+00:00,train,1,5519,self,1.0,0,93,,
2025-11-27T00:32:17.425733+00:00,train,1,5520,self,1.0,0,100,,
2025-11-27T00:32:17.425889+00:00,train,1,5521,self,1.0,0,91,,
2025-11-27T00:32:17.426019+00:00,train,1,5522,self,1.0,0,100,,
2025-11-27T00:32:17.426141+00:00,train,1,5523,self,1.0,0,85,,
2025-11-27T00:32:17.426303+00:00,train,1,5524,self,1.0,0,92,,
2025-11-27T00:32:17.426447+00:00,train,1,5525,self,1.0,0,100,,
2025-11-27T00:32:17.426625+00:00,train,1,5526,self,1.0,0,100,,
2025-11-27T00:32:17.426772+00:00,train,1,5527,self,1.0,0,98,,
2025-11-27T00:32:17.427060+00:00,train,1,5528,self,1.0,0,98,,
2025-11-27T00:32:17.427226+00:00,train,1,5529,self,1.0,0,98,,
2025-11-27T00:32:17.427472+00:00,train,1,5530,self,1.0,0,99,,
2025-11-27T00:32:17.427595+00:00,train,1,5531,self,1.0,0,95,,
2025-11-27T00:32:17.427731+00:00,train,1,5532,self,1.0,0,97,,
2025-11-27T00:32:17.427845+00:00,train,1,5533,self,1.0,0,97,,
2025-11-27T00:32:17.427956+00:00,train,1,5534,self,1.0,0,98,,
2025-11-27T00:32:17.428068+00:00,train,1,5535,self,1.0,0,94,,
2025-11-27T00:32:17.428191+00:00,train,1,5536,self,1.0,0,100,,
2025-11-27T00:32:17.428302+00:00,train,1,5537,self,1.0,0,97,,
2025-11-27T00:32:17.428421+00:00,train,1,5538,self,1.0,0,100,,
2025-11-27T00:32:17.428531+00:00,train,1,5539,self,1.0,0,93,,
2025-11-27T00:32:17.428650+00:00,train,1,5540,self,1.0,0,100,,
2025-11-27T00:32:17.428761+00:00,train,1,5541,self,1.0,0,87,,
2025-11-27T00:32:17.428871+00:00,train,1,5542,self,1.0,0,93,,
2025-11-27T00:32:17.428980+00:00,train,1,5543,self,1.0,0,92,,
2025-11-27T00:32:17.429090+00:00,train,1,5544,self,1.0,0,95,,
2025-11-27T00:32:17.429199+00:00,train,1,5545,self,1.0,0,83,,
2025-11-27T00:32:17.429308+00:00,train,1,5546,self,1.0,0,100,,
2025-11-27T00:32:17.429418+00:00,train,1,5547,self,1.0,0,97,,
2025-11-27T00:32:17.429527+00:00,train,1,5548,self,1.0,0,98,,
2025-11-27T00:32:17.429636+00:00,train,1,5549,self,1.0,0,96,,
2025-11-27T00:32:17.429745+00:00,train,1,5550,self,1.0,0,100,,
2025-11-27T00:32:17.429853+00:00,train,1,5551,self,1.0,0,96,,
2025-11-27T00:32:17.429961+00:00,train,1,5552,self,1.0,0,100,,
2025-11-27T00:32:17.430070+00:00,train,1,5553,self,1.0,0,98,,
2025-11-27T00:32:17.430178+00:00,train,1,5554,self,1.0,0,100,,
2025-11-27T00:32:17.430287+00:00,train,1,5555,self,1.0,0,94,,
2025-11-27T00:32:17.430395+00:00,train,1,5556,self,1.0,0,100,,
2025-11-27T00:32:17.430504+00:00,train,1,5557,self,1.0,0,94,,
2025-11-27T00:32:17.430612+00:00,train,1,5558,self,1.0,0,100,,
2025-11-27T00:32:17.430721+00:00,train,1,5559,self,1.0,0,91,,
2025-11-27T00:32:17.430830+00:00,train,1,5560,self,1.0,0,99,,
2025-11-27T00:32:17.430938+00:00,train,1,5561,self,1.0,0,96,,
2025-11-27T00:32:17.431047+00:00,train,1,5562,self,1.0,0,97,,
2025-11-27T00:32:17.431156+00:00,train,1,5563,self,1.0,0,95,,
2025-11-27T00:32:17.431265+00:00,train,1,5564,self,1.0,0,99,,
2025-11-27T00:32:17.431373+00:00,train,1,5565,self,1.0,0,89,,
2025-11-27T00:32:17.431483+00:00,train,1,5566,self,1.0,0,100,,
2025-11-27T00:32:17.431592+00:00,train,1,5567,self,1.0,0,99,,
2025-11-27T00:32:17.431701+00:00,train,1,5568,self,1.0,0,100,,
2025-11-27T00:32:17.431810+00:00,train,1,5569,self,1.0,0,97,,
2025-11-27T00:32:17.431919+00:00,train,1,5570,self,1.0,0,99,,
2025-11-27T00:32:17.432028+00:00,train,1,5571,self,1.0,0,92,,
2025-11-27T00:32:17.432136+00:00,train,1,5572,self,1.0,0,100,,
2025-11-27T00:32:17.432245+00:00,train,1,5573,self,1.0,0,93,,
2025-11-27T00:32:17.432354+00:00,train,1,5574,self,1.0,0,98,,
2025-11-27T00:32:17.432463+00:00,train,1,5575,self,1.0,0,98,,
2025-11-27T00:32:17.432572+00:00,train,1,5576,self,1.0,0,99,,
2025-11-27T00:32:17.432681+00:00,train,1,5577,self,1.0,0,95,,
2025-11-27T00:32:17.432789+00:00,train,1,5578,self,1.0,0,95,,
2025-11-27T00:32:17.432897+00:00,train,1,5579,self,1.0,0,96,,
2025-11-27T00:32:17.433006+00:00,train,1,5580,self,1.0,0,97,,
2025-11-27T00:32:17.433166+00:00,train,1,5581,self,1.0,0,95,,
2025-11-27T00:32:17.433275+00:00,train,1,5582,self,1.0,0,96,,
2025-11-27T00:32:17.433384+00:00,train,1,5583,self,1.0,0,92,,
2025-11-27T00:32:17.433491+00:00,train,1,5584,self,1.0,0,95,,
2025-11-27T00:32:17.433601+00:00,train,1,5585,self,1.0,0,95,,
2025-11-27T00:32:17.433709+00:00,train,1,5586,self,1.0,0,97,,
2025-11-27T00:32:17.433817+00:00,train,1,5587,self,1.0,0,97,,
2025-11-27T00:32:17.433926+00:00,train,1,5588,self,1.0,0,100,,
2025-11-27T00:32:17.434034+00:00,train,1,5589,self,1.0,0,95,,
2025-11-27T00:32:17.434143+00:00,train,1,5590,self,1.0,0,97,,
2025-11-27T00:32:17.434254+00:00,train,1,5591,self,1.0,0,88,,
2025-11-27T00:32:17.434364+00:00,train,1,5592,self,1.0,0,92,,
2025-11-27T00:32:17.434476+00:00,train,1,5593,self,1.0,0,94,,
2025-11-27T00:32:17.434585+00:00,train,1,5594,self,1.0,0,95,,
2025-11-27T00:32:17.434694+00:00,train,1,5595,self,1.0,0,90,,
2025-11-27T00:32:17.434802+00:00,train,1,5596,self,1.0,0,92,,
2025-11-27T00:32:17.434911+00:00,train,1,5597,self,1.0,0,88,,
2025-11-27T00:32:17.435019+00:00,train,1,5598,self,1.0,0,96,,
2025-11-27T00:32:17.435128+00:00,train,1,5599,self,1.0,0,96,,
2025-11-27T00:32:17.435237+00:00,train,1,5600,self,1.0,0,100,,
2025-11-27T00:32:17.435346+00:00,train,1,5601,self,1.0,0,95,,
2025-11-27T00:32:17.435455+00:00,train,1,5602,self,1.0,0,97,,
2025-11-27T00:32:17.435564+00:00,train,1,5603,self,1.0,0,97,,
2025-11-27T00:32:17.435672+00:00,train,1,5604,self,1.0,0,97,,
2025-11-27T00:32:17.435780+00:00,train,1,5605,self,1.0,0,96,,
2025-11-27T00:32:17.435888+00:00,train,1,5606,self,1.0,0,100,,
2025-11-27T00:32:17.435997+00:00,train,1,5607,self,1.0,0,97,,
2025-11-27T00:32:17.436105+00:00,train,1,5608,self,1.0,0,99,,
2025-11-27T00:32:17.436214+00:00,train,1,5609,self,1.0,0,91,,
2025-11-27T00:32:17.436322+00:00,train,1,5610,self,1.0,0,99,,
2025-11-27T00:32:17.436431+00:00,train,1,5611,self,1.0,0,97,,
2025-11-27T00:32:17.436540+00:00,train,1,5612,self,1.0,0,100,,
2025-11-27T00:32:17.436649+00:00,train,1,5613,self,1.0,0,88,,
2025-11-27T00:32:17.436757+00:00,train,1,5614,self,1.0,0,94,,
2025-11-27T00:32:17.436866+00:00,train,1,5615,self,1.0,0,94,,
2025-11-27T00:32:17.436975+00:00,train,1,5616,self,1.0,0,100,,
2025-11-27T00:32:17.437083+00:00,train,1,5617,self,1.0,0,85,,
2025-11-27T00:32:17.437191+00:00,train,1,5618,self,1.0,0,100,,
2025-11-27T00:32:17.437300+00:00,train,1,5619,self,1.0,0,87,,
2025-11-27T00:32:17.437409+00:00,train,1,5620,self,1.0,0,95,,
2025-11-27T00:32:17.437518+00:00,train,1,5621,self,1.0,0,97,,
2025-11-27T00:32:17.437626+00:00,train,1,5622,self,1.0,0,99,,
2025-11-27T00:32:17.437735+00:00,train,1,5623,self,1.0,0,95,,
2025-11-27T00:32:17.437843+00:00,train,1,5624,self,1.0,0,100,,
2025-11-27T00:32:17.437951+00:00,train,1,5625,self,1.0,0,94,,
2025-11-27T00:32:17.438059+00:00,train,1,5626,self,1.0,0,96,,
2025-11-27T00:32:17.438168+00:00,train,1,5627,self,1.0,0,98,,
2025-11-27T00:32:17.438279+00:00,train,1,5628,self,1.0,0,100,,
2025-11-27T00:32:17.438388+00:00,train,1,5629,self,1.0,0,80,,
2025-11-27T00:32:17.438496+00:00,train,1,5630,self,1.0,0,98,,
2025-11-27T00:32:17.438608+00:00,train,1,5631,self,1.0,0,92,,
2025-11-27T00:32:17.438717+00:00,train,1,5632,self,1.0,0,96,,
2025-11-27T00:32:17.438826+00:00,train,1,5633,self,1.0,0,99,,
2025-11-27T00:32:17.438934+00:00,train,1,5634,self,1.0,0,100,,
2025-11-27T00:32:17.439043+00:00,train,1,5635,self,1.0,0,94,,
2025-11-27T00:32:17.439152+00:00,train,1,5636,self,1.0,0,100,,
2025-11-27T00:32:17.439303+00:00,train,1,5637,self,1.0,0,92,,
2025-11-27T00:32:17.439412+00:00,train,1,5638,self,1.0,0,99,,
2025-11-27T00:32:17.439520+00:00,train,1,5639,self,1.0,0,89,,
2025-11-27T00:32:17.439628+00:00,train,1,5640,self,1.0,0,95,,
2025-11-27T00:32:17.439736+00:00,train,1,5641,self,1.0,0,92,,
2025-11-27T00:32:17.439844+00:00,train,1,5642,self,1.0,0,100,,
2025-11-27T00:32:17.439953+00:00,train,1,5643,self,1.0,0,89,,
2025-11-27T00:32:17.440061+00:00,train,1,5644,self,1.0,0,96,,
2025-11-27T00:32:17.440169+00:00,train,1,5645,self,1.0,0,92,,
2025-11-27T00:32:17.440377+00:00,train,1,5646,self,1.0,0,97,,
2025-11-27T00:32:17.440515+00:00,train,1,5647,self,1.0,0,80,,
2025-11-27T00:32:17.440643+00:00,train,1,5648,self,1.0,0,91,,
2025-11-27T00:32:17.440824+00:00,train,1,5649,self,1.0,0,94,,
2025-11-27T00:32:17.440957+00:00,train,1,5650,self,1.0,0,100,,
2025-11-27T00:32:17.441077+00:00,train,1,5651,self,1.0,0,91,,
2025-11-27T00:32:17.441213+00:00,train,1,5652,self,1.0,0,97,,
2025-11-27T00:32:17.441332+00:00,train,1,5653,self,1.0,0,91,,
2025-11-27T00:32:17.441465+00:00,train,1,5654,self,1.0,0,96,,
2025-11-27T00:32:17.441583+00:00,train,1,5655,self,1.0,0,93,,
2025-11-27T00:32:17.441715+00:00,train,1,5656,self,1.0,0,99,,
2025-11-27T00:32:17.441835+00:00,train,1,5657,self,1.0,0,77,,
2025-11-27T00:32:17.441955+00:00,train,1,5658,self,1.0,0,96,,
2025-11-27T00:32:17.442072+00:00,train,1,5659,self,1.0,0,96,,
2025-11-27T00:32:17.442189+00:00,train,1,5660,self,1.0,0,100,,
2025-11-27T00:32:17.442306+00:00,train,1,5661,self,1.0,0,98,,
2025-11-27T00:32:17.442422+00:00,train,1,5662,self,1.0,0,99,,
2025-11-27T00:32:17.442541+00:00,train,1,5663,self,1.0,0,93,,
2025-11-27T00:32:17.442658+00:00,train,1,5664,self,1.0,0,96,,
2025-11-27T00:32:17.442775+00:00,train,1,5665,self,1.0,0,95,,
2025-11-27T00:32:17.442891+00:00,train,1,5666,self,1.0,0,100,,
2025-11-27T00:32:17.443009+00:00,train,1,5667,self,1.0,0,96,,
2025-11-27T00:32:17.443129+00:00,train,1,5668,self,1.0,0,98,,
2025-11-27T00:32:17.443426+00:00,train,1,5669,self,1.0,0,89,,
2025-11-27T00:32:17.443598+00:00,train,1,5670,self,1.0,0,96,,
2025-11-27T00:32:17.443720+00:00,train,1,5671,self,1.0,0,92,,
2025-11-27T00:32:17.443836+00:00,train,1,5672,self,1.0,0,97,,
2025-11-27T00:32:17.443951+00:00,train,1,5673,self,1.0,0,84,,
2025-11-27T00:32:17.444121+00:00,train,1,5674,self,1.0,0,91,,
2025-11-27T00:32:17.444256+00:00,train,1,5675,self,1.0,0,98,,
2025-11-27T00:32:17.444383+00:00,train,1,5676,self,1.0,0,99,,
2025-11-27T00:32:17.444506+00:00,train,1,5677,self,1.0,0,98,,
2025-11-27T00:32:17.444644+00:00,train,1,5678,self,1.0,0,100,,
2025-11-27T00:32:17.444769+00:00,train,1,5679,self,1.0,0,93,,
2025-11-27T00:32:17.444888+00:00,train,1,5680,self,1.0,0,97,,
2025-11-27T00:32:17.445007+00:00,train,1,5681,self,1.0,0,95,,
2025-11-27T00:32:17.445124+00:00,train,1,5682,self,1.0,0,97,,
2025-11-27T00:32:17.445242+00:00,train,1,5683,self,1.0,0,83,,
2025-11-27T00:32:17.445358+00:00,train,1,5684,self,1.0,0,100,,
2025-11-27T00:32:17.445474+00:00,train,1,5685,self,1.0,0,93,,
2025-11-27T00:32:17.445591+00:00,train,1,5686,self,1.0,0,99,,
2025-11-27T00:32:17.445709+00:00,train,1,5687,self,1.0,0,81,,
2025-11-27T00:32:17.445826+00:00,train,1,5688,self,1.0,0,97,,
2025-11-27T00:32:17.445943+00:00,train,1,5689,self,1.0,0,97,,
2025-11-27T00:32:17.446059+00:00,train,1,5690,self,1.0,0,99,,
2025-11-27T00:32:17.446176+00:00,train,1,5691,self,1.0,0,93,,
2025-11-27T00:32:17.446291+00:00,train,1,5692,self,1.0,0,96,,
2025-11-27T00:32:17.446408+00:00,train,1,5693,self,1.0,0,87,,
2025-11-27T00:32:17.446523+00:00,train,1,5694,self,1.0,0,95,,
2025-11-27T00:32:17.446639+00:00,train,1,5695,self,1.0,0,99,,
2025-11-27T00:32:17.446755+00:00,train,1,5696,self,1.0,0,99,,
2025-11-27T00:32:17.446874+00:00,train,1,5697,self,1.0,0,78,,
2025-11-27T00:32:17.446990+00:00,train,1,5698,self,1.0,0,98,,
2025-11-27T00:32:17.447107+00:00,train,1,5699,self,1.0,0,100,,
2025-11-27T00:32:17.447224+00:00,train,1,5700,self,1.0,0,100,,
2025-11-27T00:32:17.447340+00:00,train,1,5701,self,1.0,0,93,,
2025-11-27T00:32:17.447455+00:00,train,1,5702,self,1.0,0,100,,
2025-11-27T00:32:17.447571+00:00,train,1,5703,self,1.0,0,93,,
2025-11-27T00:32:17.447687+00:00,train,1,5704,self,1.0,0,97,,
2025-11-27T00:32:17.447803+00:00,train,1,5705,self,1.0,0,95,,
2025-11-27T00:32:17.447917+00:00,train,1,5706,self,1.0,0,97,,
2025-11-27T00:32:17.448034+00:00,train,1,5707,self,1.0,0,100,,
2025-11-27T00:32:17.448149+00:00,train,1,5708,self,1.0,0,100,,
2025-11-27T00:32:17.448265+00:00,train,1,5709,self,1.0,0,99,,
2025-11-27T00:32:17.448381+00:00,train,1,5710,self,1.0,0,100,,
2025-11-27T00:32:17.448496+00:00,train,1,5711,self,1.0,0,92,,
2025-11-27T00:32:17.448611+00:00,train,1,5712,self,1.0,0,93,,
2025-11-27T00:32:17.448726+00:00,train,1,5713,self,1.0,0,98,,
2025-11-27T00:32:17.448842+00:00,train,1,5714,self,1.0,0,100,,
2025-11-27T00:32:17.448958+00:00,train,1,5715,self,1.0,0,100,,
2025-11-27T00:32:17.449073+00:00,train,1,5716,self,1.0,0,100,,
2025-11-27T00:32:17.449188+00:00,train,1,5717,self,1.0,0,98,,
2025-11-27T00:32:17.449304+00:00,train,1,5718,self,1.0,0,100,,
2025-11-27T00:32:17.449420+00:00,train,1,5719,self,1.0,0,98,,
2025-11-27T00:32:17.449535+00:00,train,1,5720,self,1.0,0,99,,
2025-11-27T00:32:17.449651+00:00,train,1,5721,self,1.0,0,95,,
2025-11-27T00:32:17.449767+00:00,train,1,5722,self,1.0,0,99,,
2025-11-27T00:32:17.449884+00:00,train,1,5723,self,1.0,0,92,,
2025-11-27T00:32:17.450000+00:00,train,1,5724,self,1.0,0,99,,
2025-11-27T00:32:17.450116+00:00,train,1,5725,self,1.0,0,94,,
2025-11-27T00:32:17.450230+00:00,train,1,5726,self,1.0,0,95,,
2025-11-27T00:32:17.450345+00:00,train,1,5727,self,1.0,0,89,,
2025-11-27T00:32:17.450461+00:00,train,1,5728,self,1.0,0,99,,
2025-11-27T00:32:17.450576+00:00,train,1,5729,self,1.0,0,97,,
2025-11-27T00:32:17.450691+00:00,train,1,5730,self,1.0,0,97,,
2025-11-27T00:32:17.450807+00:00,train,1,5731,self,1.0,0,86,,
2025-11-27T00:32:17.450922+00:00,train,1,5732,self,1.0,0,98,,
2025-11-27T00:32:17.451037+00:00,train,1,5733,self,1.0,0,97,,
2025-11-27T00:32:17.451152+00:00,train,1,5734,self,1.0,0,100,,
2025-11-27T00:32:17.451268+00:00,train,1,5735,self,1.0,0,81,,
2025-11-27T00:32:17.451384+00:00,train,1,5736,self,1.0,0,91,,
2025-11-27T00:32:17.451499+00:00,train,1,5737,self,1.0,0,91,,
2025-11-27T00:32:17.451622+00:00,train,1,5738,self,1.0,0,91,,
2025-11-27T00:32:17.451738+00:00,train,1,5739,self,1.0,0,93,,
2025-11-27T00:32:17.451868+00:00,train,1,5740,self,1.0,0,95,,
2025-11-27T00:32:17.451984+00:00,train,1,5741,self,1.0,0,93,,
2025-11-27T00:32:17.452146+00:00,train,1,5742,self,1.0,0,96,,
2025-11-27T00:32:17.452278+00:00,train,1,5743,self,1.0,0,100,,
2025-11-27T00:32:17.452496+00:00,train,1,5744,self,1.0,0,100,,
2025-11-27T00:32:17.452633+00:00,train,1,5745,self,1.0,0,93,,
2025-11-27T00:32:17.452759+00:00,train,1,5746,self,1.0,0,99,,
2025-11-27T00:32:17.452882+00:00,train,1,5747,self,1.0,0,96,,
2025-11-27T00:32:17.453002+00:00,train,1,5748,self,1.0,0,100,,
2025-11-27T00:32:17.453122+00:00,train,1,5749,self,1.0,0,96,,
2025-11-27T00:32:17.453240+00:00,train,1,5750,self,1.0,0,97,,
2025-11-27T00:32:17.453359+00:00,train,1,5751,self,1.0,0,98,,
2025-11-27T00:32:17.453611+00:00,train,1,5752,self,1.0,0,99,,
2025-11-27T00:32:17.453732+00:00,train,1,5753,self,1.0,0,95,,
2025-11-27T00:32:17.453866+00:00,train,1,5754,self,1.0,0,96,,
2025-11-27T00:32:17.453982+00:00,train,1,5755,self,1.0,0,93,,
2025-11-27T00:32:17.454116+00:00,train,1,5756,self,1.0,0,98,,
2025-11-27T00:32:17.454229+00:00,train,1,5757,self,1.0,0,97,,
2025-11-27T00:32:17.454363+00:00,train,1,5758,self,1.0,0,100,,
2025-11-27T00:32:17.454476+00:00,train,1,5759,self,1.0,0,90,,
2025-11-27T00:32:17.454611+00:00,train,1,5760,self,1.0,0,95,,
2025-11-27T00:32:17.454725+00:00,train,1,5761,self,1.0,0,92,,
2025-11-27T00:32:17.454863+00:00,train,1,5762,self,1.0,0,100,,
2025-11-27T00:32:17.454975+00:00,train,1,5763,self,1.0,0,95,,
2025-11-27T00:32:17.455086+00:00,train,1,5764,self,1.0,0,99,,
2025-11-27T00:32:17.455206+00:00,train,1,5765,self,1.0,0,100,,
2025-11-27T00:32:17.455318+00:00,train,1,5766,self,1.0,0,100,,
2025-11-27T00:32:17.455429+00:00,train,1,5767,self,1.0,0,97,,
2025-11-27T00:32:17.455540+00:00,train,1,5768,self,1.0,0,99,,
2025-11-27T00:32:17.455651+00:00,train,1,5769,self,1.0,0,95,,
2025-11-27T00:32:17.455762+00:00,train,1,5770,self,1.0,0,100,,
2025-11-27T00:32:17.455873+00:00,train,1,5771,self,1.0,0,95,,
2025-11-27T00:32:17.455984+00:00,train,1,5772,self,1.0,0,100,,
2025-11-27T00:32:17.456094+00:00,train,1,5773,self,1.0,0,91,,
2025-11-27T00:32:17.456205+00:00,train,1,5774,self,1.0,0,97,,
2025-11-27T00:32:17.456316+00:00,train,1,5775,self,1.0,0,99,,
2025-11-27T00:32:17.456426+00:00,train,1,5776,self,1.0,0,100,,
2025-11-27T00:32:17.456536+00:00,train,1,5777,self,1.0,0,94,,
2025-11-27T00:32:17.456647+00:00,train,1,5778,self,1.0,0,98,,
2025-11-27T00:32:17.456757+00:00,train,1,5779,self,1.0,0,96,,
2025-11-27T00:32:17.456867+00:00,train,1,5780,self,1.0,0,99,,
2025-11-27T00:32:17.456978+00:00,train,1,5781,self,1.0,0,86,,
2025-11-27T00:32:17.457088+00:00,train,1,5782,self,1.0,0,91,,
2025-11-27T00:32:17.457198+00:00,train,1,5783,self,1.0,0,76,,
2025-11-27T00:32:17.457308+00:00,train,1,5784,self,1.0,0,93,,
2025-11-27T00:32:17.457419+00:00,train,1,5785,self,1.0,0,92,,
2025-11-27T00:32:17.457529+00:00,train,1,5786,self,1.0,0,100,,
2025-11-27T00:32:17.457639+00:00,train,1,5787,self,1.0,0,91,,
2025-11-27T00:32:17.457751+00:00,train,1,5788,self,1.0,0,99,,
2025-11-27T00:32:17.457905+00:00,train,1,5789,self,1.0,0,98,,
2025-11-27T00:32:17.458016+00:00,train,1,5790,self,1.0,0,100,,
2025-11-27T00:32:17.458126+00:00,train,1,5791,self,1.0,0,97,,
2025-11-27T00:32:17.458236+00:00,train,1,5792,self,1.0,0,100,,
2025-11-27T00:32:17.458347+00:00,train,1,5793,self,1.0,0,100,,
2025-11-27T00:32:17.458458+00:00,train,1,5794,self,1.0,0,100,,
2025-11-27T00:32:17.458569+00:00,train,1,5795,self,1.0,0,80,,
2025-11-27T00:32:17.458679+00:00,train,1,5796,self,1.0,0,99,,
2025-11-27T00:32:17.458789+00:00,train,1,5797,self,1.0,0,87,,
2025-11-27T00:32:17.458899+00:00,train,1,5798,self,1.0,0,98,,
2025-11-27T00:32:17.459009+00:00,train,1,5799,self,1.0,0,95,,
2025-11-27T00:32:17.459119+00:00,train,1,5800,self,1.0,0,99,,
2025-11-27T00:32:17.459229+00:00,train,1,5801,self,1.0,0,97,,
2025-11-27T00:32:17.459339+00:00,train,1,5802,self,1.0,0,99,,
2025-11-27T00:32:17.459449+00:00,train,1,5803,self,1.0,0,94,,
2025-11-27T00:32:17.459559+00:00,train,1,5804,self,1.0,0,98,,
2025-11-27T00:32:17.459668+00:00,train,1,5805,self,1.0,0,99,,
2025-11-27T00:32:17.459778+00:00,train,1,5806,self,1.0,0,100,,
2025-11-27T00:32:17.459888+00:00,train,1,5807,self,1.0,0,99,,
2025-11-27T00:32:17.459998+00:00,train,1,5808,self,1.0,0,99,,
2025-11-27T00:32:17.460107+00:00,train,1,5809,self,1.0,0,91,,
2025-11-27T00:32:17.460217+00:00,train,1,5810,self,1.0,0,95,,
2025-11-27T00:32:17.460328+00:00,train,1,5811,self,1.0,0,89,,
2025-11-27T00:32:17.460438+00:00,train,1,5812,self,1.0,0,90,,
2025-11-27T00:32:17.460549+00:00,train,1,5813,self,1.0,0,97,,
2025-11-27T00:32:17.460659+00:00,train,1,5814,self,1.0,0,98,,
2025-11-27T00:32:17.460769+00:00,train,1,5815,self,1.0,0,86,,
2025-11-27T00:32:17.460879+00:00,train,1,5816,self,1.0,0,99,,
2025-11-27T00:32:17.460989+00:00,train,1,5817,self,1.0,0,95,,
2025-11-27T00:32:17.461100+00:00,train,1,5818,self,1.0,0,95,,
2025-11-27T00:32:17.461211+00:00,train,1,5819,self,1.0,0,89,,
2025-11-27T00:32:17.461321+00:00,train,1,5820,self,1.0,0,99,,
2025-11-27T00:32:17.461432+00:00,train,1,5821,self,1.0,0,93,,
2025-11-27T00:32:17.461543+00:00,train,1,5822,self,1.0,0,98,,
2025-11-27T00:32:17.461653+00:00,train,1,5823,self,1.0,0,86,,
2025-11-27T00:32:17.461763+00:00,train,1,5824,self,1.0,0,98,,
2025-11-27T00:32:17.461873+00:00,train,1,5825,self,1.0,0,95,,
2025-11-27T00:32:17.461983+00:00,train,1,5826,self,1.0,0,97,,
2025-11-27T00:32:17.462094+00:00,train,1,5827,self,1.0,0,97,,
2025-11-27T00:32:17.462204+00:00,train,1,5828,self,1.0,0,98,,
2025-11-27T00:32:17.462315+00:00,train,1,5829,self,1.0,0,82,,
2025-11-27T00:32:17.462425+00:00,train,1,5830,self,1.0,0,99,,
2025-11-27T00:32:17.462535+00:00,train,1,5831,self,1.0,0,98,,
2025-11-27T00:32:17.462646+00:00,train,1,5832,self,1.0,0,100,,
2025-11-27T00:32:17.462757+00:00,train,1,5833,self,1.0,0,100,,
2025-11-27T00:32:17.462867+00:00,train,1,5834,self,1.0,0,100,,
2025-11-27T00:32:17.462978+00:00,train,1,5835,self,1.0,0,89,,
2025-11-27T00:32:17.463088+00:00,train,1,5836,self,1.0,0,91,,
2025-11-27T00:32:17.463199+00:00,train,1,5837,self,1.0,0,97,,
2025-11-27T00:32:17.463309+00:00,train,1,5838,self,1.0,0,100,,
2025-11-27T00:32:17.463424+00:00,train,1,5839,self,1.0,0,79,,
2025-11-27T00:32:17.463535+00:00,train,1,5840,self,1.0,0,96,,
2025-11-27T00:32:17.463645+00:00,train,1,5841,self,1.0,0,98,,
2025-11-27T00:32:17.463850+00:00,train,1,5842,self,1.0,0,98,,
2025-11-27T00:32:17.463962+00:00,train,1,5843,self,1.0,0,97,,
2025-11-27T00:32:17.464073+00:00,train,1,5844,self,1.0,0,100,,
2025-11-27T00:32:17.464184+00:00,train,1,5845,self,1.0,0,100,,
2025-11-27T00:32:17.464294+00:00,train,1,5846,self,1.0,0,100,,
2025-11-27T00:32:17.464405+00:00,train,1,5847,self,1.0,0,97,,
2025-11-27T00:32:17.464515+00:00,train,1,5848,self,1.0,0,97,,
2025-11-27T00:32:17.464626+00:00,train,1,5849,self,1.0,0,91,,
2025-11-27T00:32:17.464737+00:00,train,1,5850,self,1.0,0,100,,
2025-11-27T00:32:17.464849+00:00,train,1,5851,self,1.0,0,97,,
2025-11-27T00:32:17.464964+00:00,train,1,5852,self,1.0,0,99,,
2025-11-27T00:32:17.465076+00:00,train,1,5853,self,1.0,0,98,,
2025-11-27T00:32:17.465188+00:00,train,1,5854,self,1.0,0,100,,
2025-11-27T00:32:17.465299+00:00,train,1,5855,self,1.0,0,88,,
2025-11-27T00:32:17.465410+00:00,train,1,5856,self,1.0,0,100,,
2025-11-27T00:32:17.465521+00:00,train,1,5857,self,1.0,0,91,,
2025-11-27T00:32:17.465631+00:00,train,1,5858,self,1.0,0,100,,
2025-11-27T00:32:17.465742+00:00,train,1,5859,self,1.0,0,98,,
2025-11-27T00:32:17.465852+00:00,train,1,5860,self,1.0,0,100,,
2025-11-27T00:32:17.465963+00:00,train,1,5861,self,1.0,0,98,,
2025-11-27T00:32:17.466074+00:00,train,1,5862,self,1.0,0,99,,
2025-11-27T00:32:17.466184+00:00,train,1,5863,self,1.0,0,92,,
2025-11-27T00:32:17.466295+00:00,train,1,5864,self,1.0,0,94,,
2025-11-27T00:32:17.466405+00:00,train,1,5865,self,1.0,0,90,,
2025-11-27T00:32:17.466516+00:00,train,1,5866,self,1.0,0,97,,
2025-11-27T00:32:17.466626+00:00,train,1,5867,self,1.0,0,98,,
2025-11-27T00:32:17.466736+00:00,train,1,5868,self,1.0,0,100,,
2025-11-27T00:32:17.466846+00:00,train,1,5869,self,1.0,0,93,,
2025-11-27T00:32:17.466956+00:00,train,1,5870,self,1.0,0,100,,
2025-11-27T00:32:17.467066+00:00,train,1,5871,self,1.0,0,87,,
2025-11-27T00:32:17.467177+00:00,train,1,5872,self,1.0,0,98,,
2025-11-27T00:32:17.467286+00:00,train,1,5873,self,1.0,0,87,,
2025-11-27T00:32:17.467396+00:00,train,1,5874,self,1.0,0,100,,
2025-11-27T00:32:17.467506+00:00,train,1,5875,self,1.0,0,82,,
2025-11-27T00:32:17.467617+00:00,train,1,5876,self,1.0,0,90,,
2025-11-27T00:32:17.467727+00:00,train,1,5877,self,1.0,0,91,,
2025-11-27T00:32:17.467838+00:00,train,1,5878,self,1.0,0,94,,
2025-11-27T00:32:17.467948+00:00,train,1,5879,self,1.0,0,93,,
2025-11-27T00:32:17.468058+00:00,train,1,5880,self,1.0,0,99,,
2025-11-27T00:32:17.468168+00:00,train,1,5881,self,1.0,0,92,,
2025-11-27T00:32:17.468279+00:00,train,1,5882,self,1.0,0,99,,
2025-11-27T00:32:17.468389+00:00,train,1,5883,self,1.0,0,99,,
2025-11-27T00:32:17.468499+00:00,train,1,5884,self,1.0,0,100,,
2025-11-27T00:32:17.468609+00:00,train,1,5885,self,1.0,0,99,,
2025-11-27T00:32:17.468720+00:00,train,1,5886,self,1.0,0,100,,
2025-11-27T00:32:17.468831+00:00,train,1,5887,self,1.0,0,94,,
2025-11-27T00:32:17.468941+00:00,train,1,5888,self,1.0,0,100,,
2025-11-27T00:32:17.469051+00:00,train,1,5889,self,1.0,0,96,,
2025-11-27T00:32:17.469161+00:00,train,1,5890,self,1.0,0,96,,
2025-11-27T00:32:17.469271+00:00,train,1,5891,self,1.0,0,95,,
2025-11-27T00:32:17.469381+00:00,train,1,5892,self,1.0,0,98,,
2025-11-27T00:32:17.469492+00:00,train,1,5893,self,1.0,0,83,,
2025-11-27T00:32:17.469602+00:00,train,1,5894,self,1.0,0,88,,
2025-11-27T00:32:17.469713+00:00,train,1,5895,self,1.0,0,98,,
2025-11-27T00:32:17.469823+00:00,train,1,5896,self,1.0,0,100,,
2025-11-27T00:32:17.469934+00:00,train,1,5897,self,1.0,0,99,,
2025-11-27T00:32:17.470044+00:00,train,1,5898,self,1.0,0,100,,
2025-11-27T00:32:17.470154+00:00,train,1,5899,self,1.0,0,93,,
2025-11-27T00:32:17.470265+00:00,train,1,5900,self,1.0,0,98,,
2025-11-27T00:32:17.470376+00:00,train,1,5901,self,1.0,0,99,,
2025-11-27T00:32:17.470487+00:00,train,1,5902,self,1.0,0,99,,
2025-11-27T00:32:17.470597+00:00,train,1,5903,self,1.0,0,97,,
2025-11-27T00:32:17.470708+00:00,train,1,5904,self,1.0,0,98,,
2025-11-27T00:32:17.470818+00:00,train,1,5905,self,1.0,0,87,,
2025-11-27T00:32:17.470928+00:00,train,1,5906,self,1.0,0,100,,
2025-11-27T00:32:17.471038+00:00,train,1,5907,self,1.0,0,92,,
2025-11-27T00:32:17.471149+00:00,train,1,5908,self,1.0,0,99,,
2025-11-27T00:32:17.471259+00:00,train,1,5909,self,1.0,0,95,,
2025-11-27T00:32:17.471370+00:00,train,1,5910,self,1.0,0,100,,
2025-11-27T00:32:17.471481+00:00,train,1,5911,self,1.0,0,89,,
2025-11-27T00:32:17.471592+00:00,train,1,5912,self,1.0,0,93,,
2025-11-27T00:32:17.471703+00:00,train,1,5913,self,1.0,0,86,,
2025-11-27T00:32:17.471813+00:00,train,1,5914,self,1.0,0,100,,
2025-11-27T00:32:17.471924+00:00,train,1,5915,self,1.0,0,96,,
2025-11-27T00:32:17.472034+00:00,train,1,5916,self,1.0,0,100,,
2025-11-27T00:32:17.472146+00:00,train,1,5917,self,1.0,0,87,,
2025-11-27T00:32:17.472257+00:00,train,1,5918,self,1.0,0,95,,
2025-11-27T00:32:17.472368+00:00,train,1,5919,self,1.0,0,97,,
2025-11-27T00:32:17.472479+00:00,train,1,5920,self,1.0,0,99,,
2025-11-27T00:32:17.472589+00:00,train,1,5921,self,1.0,0,96,,
2025-11-27T00:32:17.472700+00:00,train,1,5922,self,1.0,0,100,,
2025-11-27T00:32:17.472810+00:00,train,1,5923,self,1.0,0,96,,
2025-11-27T00:32:17.472921+00:00,train,1,5924,self,1.0,0,100,,
2025-11-27T00:32:17.473032+00:00,train,1,5925,self,1.0,0,86,,
2025-11-27T00:32:17.473143+00:00,train,1,5926,self,1.0,0,91,,
2025-11-27T00:32:17.473253+00:00,train,1,5927,self,1.0,0,98,,
2025-11-27T00:32:17.473363+00:00,train,1,5928,self,1.0,0,100,,
2025-11-27T00:32:17.473473+00:00,train,1,5929,self,1.0,0,96,,
2025-11-27T00:32:17.473583+00:00,train,1,5930,self,1.0,0,98,,
2025-11-27T00:32:17.473693+00:00,train,1,5931,self,1.0,0,99,,
2025-11-27T00:32:17.473803+00:00,train,1,5932,self,1.0,0,100,,
2025-11-27T00:32:17.473915+00:00,train,1,5933,self,1.0,0,86,,
2025-11-27T00:32:17.474025+00:00,train,1,5934,self,1.0,0,92,,
2025-11-27T00:32:17.474180+00:00,train,1,5935,self,1.0,0,92,,
2025-11-27T00:32:17.474291+00:00,train,1,5936,self,1.0,0,99,,
2025-11-27T00:32:17.474401+00:00,train,1,5937,self,1.0,0,93,,
2025-11-27T00:32:17.474512+00:00,train,1,5938,self,1.0,0,100,,
2025-11-27T00:32:17.474622+00:00,train,1,5939,self,1.0,0,91,,
2025-11-27T00:32:17.474733+00:00,train,1,5940,self,1.0,0,98,,
2025-11-27T00:32:17.474903+00:00,train,1,5941,self,1.0,0,93,,
2025-11-27T00:32:17.475015+00:00,train,1,5942,self,1.0,0,93,,
2025-11-27T00:32:17.475128+00:00,train,1,5943,self,1.0,0,85,,
2025-11-27T00:32:17.475290+00:00,train,1,5944,self,1.0,0,97,,
2025-11-27T00:32:17.475400+00:00,train,1,5945,self,1.0,0,95,,
2025-11-27T00:32:17.475511+00:00,train,1,5946,self,1.0,0,99,,
2025-11-27T00:32:17.475622+00:00,train,1,5947,self,1.0,0,88,,
2025-11-27T00:32:17.475732+00:00,train,1,5948,self,1.0,0,99,,
2025-11-27T00:32:17.475843+00:00,train,1,5949,self,1.0,0,91,,
2025-11-27T00:32:17.475955+00:00,train,1,5950,self,1.0,0,99,,
2025-11-27T00:32:17.476066+00:00,train,1,5951,self,1.0,0,92,,
2025-11-27T00:32:17.476177+00:00,train,1,5952,self,1.0,0,100,,
2025-11-27T00:32:17.476288+00:00,train,1,5953,self,1.0,0,95,,
2025-11-27T00:32:17.476425+00:00,train,1,5954,self,1.0,0,96,,
2025-11-27T00:32:17.476550+00:00,train,1,5955,self,1.0,0,93,,
2025-11-27T00:32:17.476662+00:00,train,1,5956,self,1.0,0,99,,
2025-11-27T00:32:17.476773+00:00,train,1,5957,self,1.0,0,93,,
2025-11-27T00:32:17.476883+00:00,train,1,5958,self,1.0,0,98,,
2025-11-27T00:32:17.476994+00:00,train,1,5959,self,1.0,0,95,,
2025-11-27T00:32:17.477105+00:00,train,1,5960,self,1.0,0,98,,
2025-11-27T00:32:17.477216+00:00,train,1,5961,self,1.0,0,97,,
2025-11-27T00:32:17.477327+00:00,train,1,5962,self,1.0,0,100,,
2025-11-27T00:32:17.477437+00:00,train,1,5963,self,1.0,0,99,,
2025-11-27T00:32:17.477549+00:00,train,1,5964,self,1.0,0,99,,
2025-11-27T00:32:17.477659+00:00,train,1,5965,self,1.0,0,89,,
2025-11-27T00:32:17.477770+00:00,train,1,5966,self,1.0,0,94,,
2025-11-27T00:32:17.477880+00:00,train,1,5967,self,1.0,0,98,,
2025-11-27T00:32:17.477991+00:00,train,1,5968,self,1.0,0,100,,
2025-11-27T00:32:17.478101+00:00,train,1,5969,self,1.0,0,96,,
2025-11-27T00:32:17.478212+00:00,train,1,5970,self,1.0,0,99,,
2025-11-27T00:32:17.478323+00:00,train,1,5971,self,1.0,0,97,,
2025-11-27T00:32:17.478433+00:00,train,1,5972,self,1.0,0,100,,
2025-11-27T00:32:17.478544+00:00,train,1,5973,self,1.0,0,97,,
2025-11-27T00:32:17.478655+00:00,train,1,5974,self,1.0,0,97,,
2025-11-27T00:32:17.478765+00:00,train,1,5975,self,1.0,0,90,,
2025-11-27T00:32:17.478875+00:00,train,1,5976,self,1.0,0,94,,
2025-11-27T00:32:17.478985+00:00,train,1,5977,self,1.0,0,85,,
2025-11-27T00:32:17.479095+00:00,train,1,5978,self,1.0,0,100,,
2025-11-27T00:32:17.479206+00:00,train,1,5979,self,1.0,0,93,,
2025-11-27T00:32:17.479317+00:00,train,1,5980,self,1.0,0,95,,
2025-11-27T00:32:17.479427+00:00,train,1,5981,self,1.0,0,90,,
2025-11-27T00:32:17.479539+00:00,train,1,5982,self,1.0,0,96,,
2025-11-27T00:32:17.479651+00:00,train,1,5983,self,1.0,0,95,,
2025-11-27T00:32:17.479761+00:00,train,1,5984,self,1.0,0,97,,
2025-11-27T00:32:17.479871+00:00,train,1,5985,self,1.0,0,88,,
2025-11-27T00:32:17.479982+00:00,train,1,5986,self,1.0,0,96,,
2025-11-27T00:32:17.480092+00:00,train,1,5987,self,1.0,0,92,,
2025-11-27T00:32:17.480206+00:00,train,1,5988,self,1.0,0,96,,
2025-11-27T00:32:17.480365+00:00,train,1,5989,self,1.0,0,97,,
2025-11-27T00:32:17.480503+00:00,train,1,5990,self,1.0,0,97,,
2025-11-27T00:32:17.480634+00:00,train,1,5991,self,1.0,0,80,,
2025-11-27T00:32:17.480757+00:00,train,1,5992,self,1.0,0,99,,
2025-11-27T00:32:17.480891+00:00,train,1,5993,self,1.0,0,92,,
2025-11-27T00:32:17.481013+00:00,train,1,5994,self,1.0,0,99,,
2025-11-27T00:32:17.481149+00:00,train,1,5995,self,1.0,0,83,,
2025-11-27T00:32:17.481268+00:00,train,1,5996,self,1.0,0,93,,
2025-11-27T00:32:17.481401+00:00,train,1,5997,self,1.0,0,91,,
2025-11-27T00:32:17.481518+00:00,train,1,5998,self,1.0,0,98,,
2025-11-27T00:32:17.481652+00:00,train,1,5999,self,1.0,0,88,,
2025-11-27T00:32:17.481768+00:00,train,1,6000,self,1.0,0,92,,
2025-11-27T00:32:17.481886+00:00,train,1,6001,self,1.0,0,84,,
2025-11-27T00:32:17.482003+00:00,train,1,6002,self,1.0,0,100,,
2025-11-27T00:32:17.482120+00:00,train,1,6003,self,1.0,0,99,,
2025-11-27T00:32:17.482236+00:00,train,1,6004,self,1.0,0,100,,
2025-11-27T00:32:17.482353+00:00,train,1,6005,self,1.0,0,95,,
2025-11-27T00:32:17.482469+00:00,train,1,6006,self,1.0,0,97,,
2025-11-27T00:32:17.482586+00:00,train,1,6007,self,1.0,0,94,,
2025-11-27T00:32:17.482703+00:00,train,1,6008,self,1.0,0,100,,
2025-11-27T00:32:17.482819+00:00,train,1,6009,self,1.0,0,88,,
2025-11-27T00:32:17.482935+00:00,train,1,6010,self,1.0,0,96,,
2025-11-27T00:32:17.483051+00:00,train,1,6011,self,1.0,0,95,,
2025-11-27T00:32:17.483167+00:00,train,1,6012,self,1.0,0,96,,
2025-11-27T00:32:17.483284+00:00,train,1,6013,self,1.0,0,95,,
2025-11-27T00:32:17.483400+00:00,train,1,6014,self,1.0,0,99,,
2025-11-27T00:32:17.483517+00:00,train,1,6015,self,1.0,0,98,,
2025-11-27T00:32:17.483633+00:00,train,1,6016,self,1.0,0,100,,
2025-11-27T00:32:17.483749+00:00,train,1,6017,self,1.0,0,84,,
2025-11-27T00:32:17.483865+00:00,train,1,6018,self,1.0,0,97,,
2025-11-27T00:32:17.483981+00:00,train,1,6019,self,1.0,0,93,,
2025-11-27T00:32:17.484096+00:00,train,1,6020,self,1.0,0,98,,
2025-11-27T00:32:17.484214+00:00,train,1,6021,self,1.0,0,97,,
2025-11-27T00:32:17.484376+00:00,train,1,6022,self,1.0,0,100,,
2025-11-27T00:32:17.484492+00:00,train,1,6023,self,1.0,0,83,,
2025-11-27T00:32:17.484608+00:00,train,1,6024,self,1.0,0,96,,
2025-11-27T00:32:17.484724+00:00,train,1,6025,self,1.0,0,94,,
2025-11-27T00:32:17.484841+00:00,train,1,6026,self,1.0,0,98,,
2025-11-27T00:32:17.485007+00:00,train,1,6027,self,1.0,0,88,,
2025-11-27T00:32:17.485122+00:00,train,1,6028,self,1.0,0,97,,
2025-11-27T00:32:17.485238+00:00,train,1,6029,self,1.0,0,96,,
2025-11-27T00:32:17.485355+00:00,train,1,6030,self,1.0,0,98,,
2025-11-27T00:32:17.485470+00:00,train,1,6031,self,1.0,0,91,,
2025-11-27T00:32:17.485586+00:00,train,1,6032,self,1.0,0,100,,
2025-11-27T00:32:17.485702+00:00,train,1,6033,self,1.0,0,97,,
2025-11-27T00:32:17.485817+00:00,train,1,6034,self,1.0,0,100,,
2025-11-27T00:32:17.485932+00:00,train,1,6035,self,1.0,0,91,,
2025-11-27T00:32:17.486050+00:00,train,1,6036,self,1.0,0,95,,
2025-11-27T00:32:17.486166+00:00,train,1,6037,self,1.0,0,94,,
2025-11-27T00:32:17.486283+00:00,train,1,6038,self,1.0,0,97,,
2025-11-27T00:32:17.486398+00:00,train,1,6039,self,1.0,0,82,,
2025-11-27T00:32:17.486514+00:00,train,1,6040,self,1.0,0,98,,
2025-11-27T00:32:17.486629+00:00,train,1,6041,self,1.0,0,99,,
2025-11-27T00:32:17.486744+00:00,train,1,6042,self,1.0,0,100,,
2025-11-27T00:32:17.486860+00:00,train,1,6043,self,1.0,0,98,,
2025-11-27T00:32:17.486975+00:00,train,1,6044,self,1.0,0,100,,
2025-11-27T00:32:17.487091+00:00,train,1,6045,self,1.0,0,93,,
2025-11-27T00:32:17.487206+00:00,train,1,6046,self,1.0,0,98,,
2025-11-27T00:32:17.487324+00:00,train,1,6047,self,1.0,0,98,,
2025-11-27T00:32:17.487441+00:00,train,1,6048,self,1.0,0,99,,
2025-11-27T00:32:17.487556+00:00,train,1,6049,self,1.0,0,97,,
2025-11-27T00:32:17.487672+00:00,train,1,6050,self,1.0,0,100,,
2025-11-27T00:32:17.487788+00:00,train,1,6051,self,1.0,0,95,,
2025-11-27T00:32:17.487903+00:00,train,1,6052,self,1.0,0,99,,
2025-11-27T00:32:17.488019+00:00,train,1,6053,self,1.0,0,98,,
2025-11-27T00:32:17.488134+00:00,train,1,6054,self,1.0,0,98,,
2025-11-27T00:32:17.488249+00:00,train,1,6055,self,1.0,0,97,,
2025-11-27T00:32:17.488368+00:00,train,1,6056,self,1.0,0,98,,
2025-11-27T00:32:17.488484+00:00,train,1,6057,self,1.0,0,85,,
2025-11-27T00:32:17.488599+00:00,train,1,6058,self,1.0,0,100,,
2025-11-27T00:32:17.488714+00:00,train,1,6059,self,1.0,0,96,,
2025-11-27T00:32:17.488829+00:00,train,1,6060,self,1.0,0,97,,
2025-11-27T00:32:17.488944+00:00,train,1,6061,self,1.0,0,94,,
2025-11-27T00:32:17.489059+00:00,train,1,6062,self,1.0,0,98,,
2025-11-27T00:32:17.489174+00:00,train,1,6063,self,1.0,0,97,,
2025-11-27T00:32:17.489291+00:00,train,1,6064,self,1.0,0,99,,
2025-11-27T00:32:17.489407+00:00,train,1,6065,self,1.0,0,92,,
2025-11-27T00:32:17.489523+00:00,train,1,6066,self,1.0,0,92,,
2025-11-27T00:32:17.489639+00:00,train,1,6067,self,1.0,0,95,,
2025-11-27T00:32:17.489755+00:00,train,1,6068,self,1.0,0,98,,
2025-11-27T00:32:17.489870+00:00,train,1,6069,self,1.0,0,98,,
2025-11-27T00:32:17.489985+00:00,train,1,6070,self,1.0,0,100,,
2025-11-27T00:32:17.490102+00:00,train,1,6071,self,1.0,0,83,,
2025-11-27T00:32:17.490218+00:00,train,1,6072,self,1.0,0,100,,
2025-11-27T00:32:17.490333+00:00,train,1,6073,self,1.0,0,89,,
2025-11-27T00:32:17.490451+00:00,train,1,6074,self,1.0,0,100,,
2025-11-27T00:32:17.490566+00:00,train,1,6075,self,1.0,0,88,,
2025-11-27T00:32:17.490682+00:00,train,1,6076,self,1.0,0,96,,
2025-11-27T00:32:17.490798+00:00,train,1,6077,self,1.0,0,98,,
2025-11-27T00:32:17.490913+00:00,train,1,6078,self,1.0,0,100,,
2025-11-27T00:32:17.491029+00:00,train,1,6079,self,1.0,0,98,,
2025-11-27T00:32:17.491143+00:00,train,1,6080,self,1.0,0,100,,
2025-11-27T00:32:17.491259+00:00,train,1,6081,self,1.0,0,97,,
2025-11-27T00:32:17.491374+00:00,train,1,6082,self,1.0,0,97,,
2025-11-27T00:32:17.491490+00:00,train,1,6083,self,1.0,0,98,,
2025-11-27T00:32:17.491609+00:00,train,1,6084,self,1.0,0,98,,
2025-11-27T00:32:17.491729+00:00,train,1,6085,self,1.0,0,97,,
2025-11-27T00:32:17.491884+00:00,train,1,6086,self,1.0,0,97,,
2025-11-27T00:32:17.491999+00:00,train,1,6087,self,1.0,0,98,,
2025-11-27T00:32:17.492115+00:00,train,1,6088,self,1.0,0,99,,
2025-11-27T00:32:17.492231+00:00,train,1,6089,self,1.0,0,93,,
2025-11-27T00:32:17.492346+00:00,train,1,6090,self,1.0,0,99,,
2025-11-27T00:32:17.492464+00:00,train,1,6091,self,1.0,0,99,,
2025-11-27T00:32:17.492624+00:00,train,1,6092,self,1.0,0,100,,
2025-11-27T00:32:17.492739+00:00,train,1,6093,self,1.0,0,86,,
2025-11-27T00:32:17.492855+00:00,train,1,6094,self,1.0,0,95,,
2025-11-27T00:32:17.492970+00:00,train,1,6095,self,1.0,0,79,,
2025-11-27T00:32:17.493086+00:00,train,1,6096,self,1.0,0,100,,
2025-11-27T00:32:17.493200+00:00,train,1,6097,self,1.0,0,90,,
2025-11-27T00:32:17.493315+00:00,train,1,6098,self,1.0,0,100,,
2025-11-27T00:32:17.493428+00:00,train,1,6099,self,1.0,0,86,,
2025-11-27T00:32:17.493545+00:00,train,1,6100,self,1.0,0,95,,
2025-11-27T00:32:17.493660+00:00,train,1,6101,self,1.0,0,95,,
2025-11-27T00:32:17.493776+00:00,train,1,6102,self,1.0,0,99,,
2025-11-27T00:32:17.493891+00:00,train,1,6103,self,1.0,0,89,,
2025-11-27T00:32:17.494005+00:00,train,1,6104,self,1.0,0,98,,
2025-11-27T00:32:17.494121+00:00,train,1,6105,self,1.0,0,91,,
2025-11-27T00:32:17.494236+00:00,train,1,6106,self,1.0,0,99,,
2025-11-27T00:32:17.494351+00:00,train,1,6107,self,1.0,0,99,,
2025-11-27T00:32:17.494466+00:00,train,1,6108,self,1.0,0,100,,
2025-11-27T00:32:17.494582+00:00,train,1,6109,self,1.0,0,97,,
2025-11-27T00:32:17.494698+00:00,train,1,6110,self,1.0,0,100,,
2025-11-27T00:32:17.494814+00:00,train,1,6111,self,1.0,0,97,,
2025-11-27T00:32:17.494931+00:00,train,1,6112,self,1.0,0,98,,
2025-11-27T00:32:17.495050+00:00,train,1,6113,self,1.0,0,91,,
2025-11-27T00:32:17.495324+00:00,train,1,6114,self,1.0,0,94,,
2025-11-27T00:32:17.495452+00:00,train,1,6115,self,1.0,0,92,,
2025-11-27T00:32:17.495573+00:00,train,1,6116,self,1.0,0,93,,
2025-11-27T00:32:17.495751+00:00,train,1,6117,self,1.0,0,96,,
2025-11-27T00:32:17.495888+00:00,train,1,6118,self,1.0,0,100,,
2025-11-27T00:32:17.496014+00:00,train,1,6119,self,1.0,0,91,,
2025-11-27T00:32:17.496137+00:00,train,1,6120,self,1.0,0,99,,
2025-11-27T00:32:17.496261+00:00,train,1,6121,self,1.0,0,98,,
2025-11-27T00:32:17.496560+00:00,train,1,6122,self,1.0,0,100,,
2025-11-27T00:32:17.496937+00:00,train,1,6123,self,1.0,0,87,,
2025-11-27T00:32:17.497057+00:00,train,1,6124,self,1.0,0,90,,
2025-11-27T00:32:17.497227+00:00,train,1,6125,self,1.0,0,96,,
2025-11-27T00:32:17.497363+00:00,train,1,6126,self,1.0,0,99,,
2025-11-27T00:32:17.497490+00:00,train,1,6127,self,1.0,0,81,,
2025-11-27T00:32:17.497613+00:00,train,1,6128,self,1.0,0,100,,
2025-11-27T00:32:17.497734+00:00,train,1,6129,self,1.0,0,90,,
2025-11-27T00:32:17.497853+00:00,train,1,6130,self,1.0,0,99,,
2025-11-27T00:32:17.497972+00:00,train,1,6131,self,1.0,0,95,,
2025-11-27T00:32:17.498090+00:00,train,1,6132,self,1.0,0,95,,
2025-11-27T00:32:17.498207+00:00,train,1,6133,self,1.0,0,90,,
2025-11-27T00:32:17.498323+00:00,train,1,6134,self,1.0,0,93,,
2025-11-27T00:32:17.498440+00:00,train,1,6135,self,1.0,0,91,,
2025-11-27T00:32:17.498556+00:00,train,1,6136,self,1.0,0,98,,
2025-11-27T00:32:17.498673+00:00,train,1,6137,self,1.0,0,95,,
2025-11-27T00:32:17.498789+00:00,train,1,6138,self,1.0,0,96,,
2025-11-27T00:32:17.498905+00:00,train,1,6139,self,1.0,0,94,,
2025-11-27T00:32:17.499021+00:00,train,1,6140,self,1.0,0,98,,
2025-11-27T00:32:17.499138+00:00,train,1,6141,self,1.0,0,95,,
2025-11-27T00:32:17.499254+00:00,train,1,6142,self,1.0,0,100,,
2025-11-27T00:32:17.499369+00:00,train,1,6143,self,1.0,0,95,,
2025-11-27T00:32:17.499520+00:00,train,1,6144,self,1.0,0,100,,
2025-11-27T00:32:17.499655+00:00,train,1,6145,self,1.0,0,89,,
2025-11-27T00:32:17.499808+00:00,train,1,6146,self,1.0,0,94,,
2025-11-27T00:32:17.499936+00:00,train,1,6147,self,1.0,0,95,,
2025-11-27T00:32:17.500068+00:00,train,1,6148,self,1.0,0,100,,
2025-11-27T00:32:17.500186+00:00,train,1,6149,self,1.0,0,84,,
2025-11-27T00:32:17.500320+00:00,train,1,6150,self,1.0,0,91,,
2025-11-27T00:32:17.500436+00:00,train,1,6151,self,1.0,0,96,,
2025-11-27T00:32:17.500572+00:00,train,1,6152,self,1.0,0,99,,
2025-11-27T00:32:17.500684+00:00,train,1,6153,self,1.0,0,83,,
2025-11-27T00:32:17.500816+00:00,train,1,6154,self,1.0,0,92,,
2025-11-27T00:32:17.500928+00:00,train,1,6155,self,1.0,0,78,,
2025-11-27T00:32:17.501063+00:00,train,1,6156,self,1.0,0,97,,
2025-11-27T00:32:17.501175+00:00,train,1,6157,self,1.0,0,97,,
2025-11-27T00:32:17.501309+00:00,train,1,6158,self,1.0,0,97,,
2025-11-27T00:32:17.501420+00:00,train,1,6159,self,1.0,0,95,,
2025-11-27T00:32:17.501590+00:00,train,1,6160,self,1.0,0,99,,
2025-11-27T00:32:17.501725+00:00,train,1,6161,self,1.0,0,95,,
2025-11-27T00:32:17.501852+00:00,train,1,6162,self,1.0,0,97,,
2025-11-27T00:32:17.501974+00:00,train,1,6163,self,1.0,0,95,,
2025-11-27T00:32:17.502096+00:00,train,1,6164,self,1.0,0,97,,
2025-11-27T00:32:17.502216+00:00,train,1,6165,self,1.0,0,95,,
2025-11-27T00:32:17.502335+00:00,train,1,6166,self,1.0,0,99,,
2025-11-27T00:32:17.502453+00:00,train,1,6167,self,1.0,0,95,,
2025-11-27T00:32:17.502570+00:00,train,1,6168,self,1.0,0,98,,
2025-11-27T00:32:17.502686+00:00,train,1,6169,self,1.0,0,86,,
2025-11-27T00:32:17.502803+00:00,train,1,6170,self,1.0,0,99,,
2025-11-27T00:32:17.502919+00:00,train,1,6171,self,1.0,0,80,,
2025-11-27T00:32:17.503035+00:00,train,1,6172,self,1.0,0,92,,
2025-11-27T00:32:17.503151+00:00,train,1,6173,self,1.0,0,89,,
2025-11-27T00:32:17.503267+00:00,train,1,6174,self,1.0,0,96,,
2025-11-27T00:32:17.503382+00:00,train,1,6175,self,1.0,0,93,,
2025-11-27T00:32:17.503499+00:00,train,1,6176,self,1.0,0,98,,
2025-11-27T00:32:17.503617+00:00,train,1,6177,self,1.0,0,87,,
2025-11-27T00:32:17.503734+00:00,train,1,6178,self,1.0,0,98,,
2025-11-27T00:32:17.503849+00:00,train,1,6179,self,1.0,0,94,,
2025-11-27T00:32:17.503965+00:00,train,1,6180,self,1.0,0,95,,
2025-11-27T00:32:17.504081+00:00,train,1,6181,self,1.0,0,98,,
2025-11-27T00:32:17.504197+00:00,train,1,6182,self,1.0,0,100,,
2025-11-27T00:32:17.504313+00:00,train,1,6183,self,1.0,0,96,,
2025-11-27T00:32:17.504429+00:00,train,1,6184,self,1.0,0,100,,
2025-11-27T00:32:17.504544+00:00,train,1,6185,self,1.0,0,99,,
2025-11-27T00:32:17.504660+00:00,train,1,6186,self,1.0,0,100,,
2025-11-27T00:32:17.504776+00:00,train,1,6187,self,1.0,0,97,,
2025-11-27T00:32:17.504892+00:00,train,1,6188,self,1.0,0,100,,
2025-11-27T00:32:17.505008+00:00,train,1,6189,self,1.0,0,95,,
2025-11-27T00:32:17.505123+00:00,train,1,6190,self,1.0,0,97,,
2025-11-27T00:32:17.505239+00:00,train,1,6191,self,1.0,0,93,,
2025-11-27T00:32:17.505357+00:00,train,1,6192,self,1.0,0,100,,
2025-11-27T00:32:17.505562+00:00,train,1,6193,self,1.0,0,96,,
2025-11-27T00:32:17.505680+00:00,train,1,6194,self,1.0,0,98,,
2025-11-27T00:32:17.505796+00:00,train,1,6195,self,1.0,0,91,,
2025-11-27T00:32:17.505911+00:00,train,1,6196,self,1.0,0,96,,
2025-11-27T00:32:17.506027+00:00,train,1,6197,self,1.0,0,94,,
2025-11-27T00:32:17.506143+00:00,train,1,6198,self,1.0,0,98,,
2025-11-27T00:32:17.506259+00:00,train,1,6199,self,1.0,0,95,,
2025-11-27T00:32:17.506376+00:00,train,1,6200,self,1.0,0,96,,
2025-11-27T00:32:17.506493+00:00,train,1,6201,self,1.0,0,88,,
2025-11-27T00:32:17.506612+00:00,train,1,6202,self,1.0,0,94,,
2025-11-27T00:32:17.506766+00:00,train,1,6203,self,1.0,0,95,,
2025-11-27T00:32:17.506894+00:00,train,1,6204,self,1.0,0,98,,
2025-11-27T00:32:17.507030+00:00,train,1,6205,self,1.0,0,80,,
2025-11-27T00:32:17.507146+00:00,train,1,6206,self,1.0,0,100,,
2025-11-27T00:32:17.507315+00:00,train,1,6207,self,1.0,0,96,,
2025-11-27T00:32:17.507454+00:00,train,1,6208,self,1.0,0,98,,
2025-11-27T00:32:17.507625+00:00,train,1,6209,self,1.0,0,95,,
2025-11-27T00:32:17.507749+00:00,train,1,6210,self,1.0,0,100,,
2025-11-27T00:32:17.507872+00:00,train,1,6211,self,1.0,0,98,,
2025-11-27T00:32:17.507991+00:00,train,1,6212,self,1.0,0,99,,
2025-11-27T00:32:17.508110+00:00,train,1,6213,self,1.0,0,92,,
2025-11-27T00:32:17.508228+00:00,train,1,6214,self,1.0,0,100,,
2025-11-27T00:32:17.508344+00:00,train,1,6215,self,1.0,0,97,,
2025-11-27T00:32:17.508461+00:00,train,1,6216,self,1.0,0,97,,
2025-11-27T00:32:17.508577+00:00,train,1,6217,self,1.0,0,94,,
2025-11-27T00:32:17.508694+00:00,train,1,6218,self,1.0,0,99,,
2025-11-27T00:32:17.508810+00:00,train,1,6219,self,1.0,0,95,,
2025-11-27T00:32:17.508926+00:00,train,1,6220,self,1.0,0,96,,
2025-11-27T00:32:17.509042+00:00,train,1,6221,self,1.0,0,83,,
2025-11-27T00:32:17.509158+00:00,train,1,6222,self,1.0,0,96,,
2025-11-27T00:32:17.509274+00:00,train,1,6223,self,1.0,0,93,,
2025-11-27T00:32:17.509390+00:00,train,1,6224,self,1.0,0,98,,
2025-11-27T00:32:17.509505+00:00,train,1,6225,self,1.0,0,90,,
2025-11-27T00:32:17.509620+00:00,train,1,6226,self,1.0,0,97,,
2025-11-27T00:32:17.509736+00:00,train,1,6227,self,1.0,0,86,,
2025-11-27T00:32:17.509852+00:00,train,1,6228,self,1.0,0,97,,
2025-11-27T00:32:17.509968+00:00,train,1,6229,self,1.0,0,97,,
2025-11-27T00:32:17.510084+00:00,train,1,6230,self,1.0,0,100,,
2025-11-27T00:32:17.510200+00:00,train,1,6231,self,1.0,0,79,,
2025-11-27T00:32:17.510315+00:00,train,1,6232,self,1.0,0,100,,
2025-11-27T00:32:17.510428+00:00,train,1,6233,self,1.0,0,96,,
2025-11-27T00:32:17.510546+00:00,train,1,6234,self,1.0,0,98,,
2025-11-27T00:32:17.510661+00:00,train,1,6235,self,1.0,0,99,,
2025-11-27T00:32:17.510775+00:00,train,1,6236,self,1.0,0,100,,
2025-11-27T00:32:17.510891+00:00,train,1,6237,self,1.0,0,93,,
2025-11-27T00:32:17.511007+00:00,train,1,6238,self,1.0,0,98,,
2025-11-27T00:32:17.511122+00:00,train,1,6239,self,1.0,0,96,,
2025-11-27T00:32:17.511238+00:00,train,1,6240,self,1.0,0,98,,
2025-11-27T00:32:17.511356+00:00,train,1,6241,self,1.0,0,94,,
2025-11-27T00:32:17.511472+00:00,train,1,6242,self,1.0,0,97,,
2025-11-27T00:32:17.511586+00:00,train,1,6243,self,1.0,0,95,,
2025-11-27T00:32:17.511702+00:00,train,1,6244,self,1.0,0,98,,
2025-11-27T00:32:17.511818+00:00,train,1,6245,self,1.0,0,94,,
2025-11-27T00:32:17.511933+00:00,train,1,6246,self,1.0,0,94,,
2025-11-27T00:32:17.512048+00:00,train,1,6247,self,1.0,0,92,,
2025-11-27T00:32:17.512164+00:00,train,1,6248,self,1.0,0,95,,
2025-11-27T00:32:17.512279+00:00,train,1,6249,self,1.0,0,90,,
2025-11-27T00:32:17.512395+00:00,train,1,6250,self,1.0,0,100,,
2025-11-27T00:32:17.512512+00:00,train,1,6251,self,1.0,0,86,,
2025-11-27T00:32:17.512628+00:00,train,1,6252,self,1.0,0,99,,
2025-11-27T00:32:17.512744+00:00,train,1,6253,self,1.0,0,98,,
2025-11-27T00:32:17.512859+00:00,train,1,6254,self,1.0,0,99,,
2025-11-27T00:32:17.512975+00:00,train,1,6255,self,1.0,0,96,,
2025-11-27T00:32:17.513090+00:00,train,1,6256,self,1.0,0,100,,
2025-11-27T00:32:17.513206+00:00,train,1,6257,self,1.0,0,94,,
2025-11-27T00:32:17.513322+00:00,train,1,6258,self,1.0,0,96,,
2025-11-27T00:32:17.513437+00:00,train,1,6259,self,1.0,0,96,,
2025-11-27T00:32:17.513552+00:00,train,1,6260,self,1.0,0,97,,
2025-11-27T00:32:17.513668+00:00,train,1,6261,self,1.0,0,94,,
2025-11-27T00:32:17.513785+00:00,train,1,6262,self,1.0,0,98,,
2025-11-27T00:32:17.513902+00:00,train,1,6263,self,1.0,0,96,,
2025-11-27T00:32:17.514018+00:00,train,1,6264,self,1.0,0,100,,
2025-11-27T00:32:17.514134+00:00,train,1,6265,self,1.0,0,91,,
2025-11-27T00:32:17.514249+00:00,train,1,6266,self,1.0,0,93,,
2025-11-27T00:32:17.514365+00:00,train,1,6267,self,1.0,0,94,,
2025-11-27T00:32:17.514480+00:00,train,1,6268,self,1.0,0,100,,
2025-11-27T00:32:17.514596+00:00,train,1,6269,self,1.0,0,79,,
2025-11-27T00:32:17.514712+00:00,train,1,6270,self,1.0,0,100,,
2025-11-27T00:32:17.514828+00:00,train,1,6271,self,1.0,0,87,,
2025-11-27T00:32:17.514944+00:00,train,1,6272,self,1.0,0,97,,
2025-11-27T00:32:17.515060+00:00,train,1,6273,self,1.0,0,91,,
2025-11-27T00:32:17.515175+00:00,train,1,6274,self,1.0,0,99,,
2025-11-27T00:32:17.515291+00:00,train,1,6275,self,1.0,0,100,,
2025-11-27T00:32:17.515407+00:00,train,1,6276,self,1.0,0,100,,
2025-11-27T00:32:17.515525+00:00,train,1,6277,self,1.0,0,97,,
2025-11-27T00:32:17.515783+00:00,train,1,6278,self,1.0,0,100,,
2025-11-27T00:32:17.515909+00:00,train,1,6279,self,1.0,0,95,,
2025-11-27T00:32:17.516040+00:00,train,1,6280,self,1.0,0,99,,
2025-11-27T00:32:17.516157+00:00,train,1,6281,self,1.0,0,88,,
2025-11-27T00:32:17.516326+00:00,train,1,6282,self,1.0,0,99,,
2025-11-27T00:32:17.516440+00:00,train,1,6283,self,1.0,0,96,,
2025-11-27T00:32:17.516552+00:00,train,1,6284,self,1.0,0,99,,
2025-11-27T00:32:17.516691+00:00,train,1,6285,self,1.0,0,95,,
2025-11-27T00:32:17.516805+00:00,train,1,6286,self,1.0,0,99,,
2025-11-27T00:32:17.516926+00:00,train,1,6287,self,1.0,0,98,,
2025-11-27T00:32:17.517037+00:00,train,1,6288,self,1.0,0,100,,
2025-11-27T00:32:17.517171+00:00,train,1,6289,self,1.0,0,91,,
2025-11-27T00:32:17.517283+00:00,train,1,6290,self,1.0,0,96,,
2025-11-27T00:32:17.517393+00:00,train,1,6291,self,1.0,0,96,,
2025-11-27T00:32:17.517513+00:00,train,1,6292,self,1.0,0,97,,
2025-11-27T00:32:17.517624+00:00,train,1,6293,self,1.0,0,88,,
2025-11-27T00:32:17.517748+00:00,train,1,6294,self,1.0,0,100,,
2025-11-27T00:32:17.517859+00:00,train,1,6295,self,1.0,0,93,,
2025-11-27T00:32:17.517970+00:00,train,1,6296,self,1.0,0,100,,
2025-11-27T00:32:17.518081+00:00,train,1,6297,self,1.0,0,98,,
2025-11-27T00:32:17.518191+00:00,train,1,6298,self,1.0,0,98,,
2025-11-27T00:32:17.518302+00:00,train,1,6299,self,1.0,0,83,,
2025-11-27T00:32:17.518412+00:00,train,1,6300,self,1.0,0,93,,
2025-11-27T00:32:17.518523+00:00,train,1,6301,self,1.0,0,99,,
2025-11-27T00:32:17.518634+00:00,train,1,6302,self,1.0,0,100,,
2025-11-27T00:32:17.518744+00:00,train,1,6303,self,1.0,0,93,,
2025-11-27T00:32:17.518855+00:00,train,1,6304,self,1.0,0,99,,
2025-11-27T00:32:17.518966+00:00,train,1,6305,self,1.0,0,92,,
2025-11-27T00:32:17.519129+00:00,train,1,6306,self,1.0,0,92,,
2025-11-27T00:32:17.519242+00:00,train,1,6307,self,1.0,0,96,,
2025-11-27T00:32:17.519353+00:00,train,1,6308,self,1.0,0,96,,
2025-11-27T00:32:17.519464+00:00,train,1,6309,self,1.0,0,85,,
2025-11-27T00:32:17.519575+00:00,train,1,6310,self,1.0,0,98,,
2025-11-27T00:32:17.519686+00:00,train,1,6311,self,1.0,0,86,,
2025-11-27T00:32:17.519797+00:00,train,1,6312,self,1.0,0,99,,
2025-11-27T00:32:17.519908+00:00,train,1,6313,self,1.0,0,98,,
2025-11-27T00:32:17.520019+00:00,train,1,6314,self,1.0,0,100,,
2025-11-27T00:32:17.520129+00:00,train,1,6315,self,1.0,0,98,,
2025-11-27T00:32:17.520239+00:00,train,1,6316,self,1.0,0,100,,
2025-11-27T00:32:17.520350+00:00,train,1,6317,self,1.0,0,96,,
2025-11-27T00:32:17.520460+00:00,train,1,6318,self,1.0,0,98,,
2025-11-27T00:32:17.520571+00:00,train,1,6319,self,1.0,0,96,,
2025-11-27T00:32:17.520682+00:00,train,1,6320,self,1.0,0,100,,
2025-11-27T00:32:17.520792+00:00,train,1,6321,self,1.0,0,91,,
2025-11-27T00:32:17.520903+00:00,train,1,6322,self,1.0,0,94,,
2025-11-27T00:32:17.521014+00:00,train,1,6323,self,1.0,0,100,,
2025-11-27T00:32:17.521124+00:00,train,1,6324,self,1.0,0,100,,
2025-11-27T00:32:17.521235+00:00,train,1,6325,self,1.0,0,96,,
2025-11-27T00:32:17.521346+00:00,train,1,6326,self,1.0,0,100,,
2025-11-27T00:32:17.521457+00:00,train,1,6327,self,1.0,0,93,,
2025-11-27T00:32:17.521567+00:00,train,1,6328,self,1.0,0,98,,
2025-11-27T00:32:17.521678+00:00,train,1,6329,self,1.0,0,100,,
2025-11-27T00:32:17.521788+00:00,train,1,6330,self,1.0,0,100,,
2025-11-27T00:32:17.521899+00:00,train,1,6331,self,1.0,0,93,,
2025-11-27T00:32:17.522009+00:00,train,1,6332,self,1.0,0,98,,
2025-11-27T00:32:17.522120+00:00,train,1,6333,self,1.0,0,84,,
2025-11-27T00:32:17.522231+00:00,train,1,6334,self,1.0,0,100,,
2025-11-27T00:32:17.522342+00:00,train,1,6335,self,1.0,0,100,,
2025-11-27T00:32:17.522452+00:00,train,1,6336,self,1.0,0,100,,
2025-11-27T00:32:17.522562+00:00,train,1,6337,self,1.0,0,92,,
2025-11-27T00:32:17.522672+00:00,train,1,6338,self,1.0,0,96,,
2025-11-27T00:32:17.522783+00:00,train,1,6339,self,1.0,0,91,,
2025-11-27T00:32:17.522893+00:00,train,1,6340,self,1.0,0,100,,
2025-11-27T00:32:17.523004+00:00,train,1,6341,self,1.0,0,97,,
2025-11-27T00:32:17.523113+00:00,train,1,6342,self,1.0,0,100,,
2025-11-27T00:32:17.523224+00:00,train,1,6343,self,1.0,0,93,,
2025-11-27T00:32:17.523334+00:00,train,1,6344,self,1.0,0,99,,
2025-11-27T00:32:17.523444+00:00,train,1,6345,self,1.0,0,86,,
2025-11-27T00:32:17.523554+00:00,train,1,6346,self,1.0,0,100,,
2025-11-27T00:32:17.523665+00:00,train,1,6347,self,1.0,0,99,,
2025-11-27T00:32:17.523775+00:00,train,1,6348,self,1.0,0,99,,
2025-11-27T00:32:17.523885+00:00,train,1,6349,self,1.0,0,94,,
2025-11-27T00:32:17.523995+00:00,train,1,6350,self,1.0,0,100,,
2025-11-27T00:32:17.524106+00:00,train,1,6351,self,1.0,0,89,,
2025-11-27T00:32:17.524215+00:00,train,1,6352,self,1.0,0,94,,
2025-11-27T00:32:17.524326+00:00,train,1,6353,self,1.0,0,93,,
2025-11-27T00:32:17.524437+00:00,train,1,6354,self,1.0,0,99,,
2025-11-27T00:32:17.524547+00:00,train,1,6355,self,1.0,0,88,,
2025-11-27T00:32:17.524658+00:00,train,1,6356,self,1.0,0,96,,
2025-11-27T00:32:17.524767+00:00,train,1,6357,self,1.0,0,86,,
2025-11-27T00:32:17.524877+00:00,train,1,6358,self,1.0,0,97,,
2025-11-27T00:32:17.524987+00:00,train,1,6359,self,1.0,0,94,,
2025-11-27T00:32:17.525097+00:00,train,1,6360,self,1.0,0,97,,
2025-11-27T00:32:17.525207+00:00,train,1,6361,self,1.0,0,97,,
2025-11-27T00:32:17.525318+00:00,train,1,6362,self,1.0,0,100,,
2025-11-27T00:32:17.525428+00:00,train,1,6363,self,1.0,0,90,,
2025-11-27T00:32:17.525538+00:00,train,1,6364,self,1.0,0,98,,
2025-11-27T00:32:17.525649+00:00,train,1,6365,self,1.0,0,91,,
2025-11-27T00:32:17.525759+00:00,train,1,6366,self,1.0,0,100,,
2025-11-27T00:32:17.525869+00:00,train,1,6367,self,1.0,0,80,,
2025-11-27T00:32:17.525980+00:00,train,1,6368,self,1.0,0,94,,
2025-11-27T00:32:17.526090+00:00,train,1,6369,self,1.0,0,87,,
2025-11-27T00:32:17.526201+00:00,train,1,6370,self,1.0,0,100,,
2025-11-27T00:32:17.526313+00:00,train,1,6371,self,1.0,0,91,,
2025-11-27T00:32:17.526423+00:00,train,1,6372,self,1.0,0,99,,
2025-11-27T00:32:17.526533+00:00,train,1,6373,self,1.0,0,98,,
2025-11-27T00:32:17.526644+00:00,train,1,6374,self,1.0,0,100,,
2025-11-27T00:32:17.526810+00:00,train,1,6375,self,1.0,0,91,,
2025-11-27T00:32:17.526924+00:00,train,1,6376,self,1.0,0,100,,
2025-11-27T00:32:17.527036+00:00,train,1,6377,self,1.0,0,98,,
2025-11-27T00:32:17.527147+00:00,train,1,6378,self,1.0,0,99,,
2025-11-27T00:32:17.527258+00:00,train,1,6379,self,1.0,0,81,,
2025-11-27T00:32:17.527370+00:00,train,1,6380,self,1.0,0,100,,
2025-11-27T00:32:17.527482+00:00,train,1,6381,self,1.0,0,99,,
2025-11-27T00:32:17.527593+00:00,train,1,6382,self,1.0,0,100,,
2025-11-27T00:32:17.527711+00:00,train,1,6383,self,1.0,0,100,,
2025-11-27T00:32:17.527824+00:00,train,1,6384,self,1.0,0,100,,
2025-11-27T00:32:17.527937+00:00,train,1,6385,self,1.0,0,96,,
2025-11-27T00:32:17.528048+00:00,train,1,6386,self,1.0,0,100,,
2025-11-27T00:32:17.528159+00:00,train,1,6387,self,1.0,0,91,,
2025-11-27T00:32:17.528269+00:00,train,1,6388,self,1.0,0,91,,
2025-11-27T00:32:17.528380+00:00,train,1,6389,self,1.0,0,97,,
2025-11-27T00:32:17.528491+00:00,train,1,6390,self,1.0,0,99,,
2025-11-27T00:32:17.528606+00:00,train,1,6391,self,1.0,0,82,,
2025-11-27T00:32:17.528716+00:00,train,1,6392,self,1.0,0,92,,
2025-11-27T00:32:17.528826+00:00,train,1,6393,self,1.0,0,97,,
2025-11-27T00:32:17.528936+00:00,train,1,6394,self,1.0,0,99,,
2025-11-27T00:32:17.529046+00:00,train,1,6395,self,1.0,0,96,,
2025-11-27T00:32:17.529156+00:00,train,1,6396,self,1.0,0,100,,
2025-11-27T00:32:17.529266+00:00,train,1,6397,self,1.0,0,91,,
2025-11-27T00:32:17.529376+00:00,train,1,6398,self,1.0,0,100,,
2025-11-27T00:32:17.529492+00:00,train,1,6399,self,1.0,0,98,,
2025-11-27T00:32:17.529606+00:00,train,1,6400,self,1.0,0,98,,
2025-11-27T00:32:17.529717+00:00,train,1,6401,self,1.0,0,97,,
2025-11-27T00:32:17.529827+00:00,train,1,6402,self,1.0,0,100,,
2025-11-27T00:32:17.529938+00:00,train,1,6403,self,1.0,0,94,,
2025-11-27T00:32:17.530048+00:00,train,1,6404,self,1.0,0,100,,
2025-11-27T00:32:17.530158+00:00,train,1,6405,self,1.0,0,77,,
2025-11-27T00:32:17.530269+00:00,train,1,6406,self,1.0,0,100,,
2025-11-27T00:32:17.530384+00:00,train,1,6407,self,1.0,0,95,,
2025-11-27T00:32:17.530493+00:00,train,1,6408,self,1.0,0,99,,
2025-11-27T00:32:17.530603+00:00,train,1,6409,self,1.0,0,94,,
2025-11-27T00:32:17.530713+00:00,train,1,6410,self,1.0,0,100,,
2025-11-27T00:32:17.530823+00:00,train,1,6411,self,1.0,0,88,,
2025-11-27T00:32:17.530933+00:00,train,1,6412,self,1.0,0,95,,
2025-11-27T00:32:17.531043+00:00,train,1,6413,self,1.0,0,94,,
2025-11-27T00:32:17.531153+00:00,train,1,6414,self,1.0,0,95,,
2025-11-27T00:32:17.531269+00:00,train,1,6415,self,1.0,0,95,,
2025-11-27T00:32:17.531379+00:00,train,1,6416,self,1.0,0,100,,
2025-11-27T00:32:17.531489+00:00,train,1,6417,self,1.0,0,94,,
2025-11-27T00:32:17.531599+00:00,train,1,6418,self,1.0,0,98,,
2025-11-27T00:32:17.531709+00:00,train,1,6419,self,1.0,0,96,,
2025-11-27T00:32:17.531819+00:00,train,1,6420,self,1.0,0,97,,
2025-11-27T00:32:17.531928+00:00,train,1,6421,self,1.0,0,95,,
2025-11-27T00:32:17.532039+00:00,train,1,6422,self,1.0,0,98,,
2025-11-27T00:32:17.532154+00:00,train,1,6423,self,1.0,0,97,,
2025-11-27T00:32:17.532264+00:00,train,1,6424,self,1.0,0,97,,
2025-11-27T00:32:17.532375+00:00,train,1,6425,self,1.0,0,84,,
2025-11-27T00:32:17.532485+00:00,train,1,6426,self,1.0,0,97,,
2025-11-27T00:32:17.532594+00:00,train,1,6427,self,1.0,0,91,,
2025-11-27T00:32:17.532704+00:00,train,1,6428,self,1.0,0,97,,
2025-11-27T00:32:17.532815+00:00,train,1,6429,self,1.0,0,87,,
2025-11-27T00:32:17.532925+00:00,train,1,6430,self,1.0,0,99,,
2025-11-27T00:32:17.533040+00:00,train,1,6431,self,1.0,0,89,,
2025-11-27T00:32:17.533151+00:00,train,1,6432,self,1.0,0,100,,
2025-11-27T00:32:17.533261+00:00,train,1,6433,self,1.0,0,88,,
2025-11-27T00:32:17.533371+00:00,train,1,6434,self,1.0,0,98,,
2025-11-27T00:32:17.533482+00:00,train,1,6435,self,1.0,0,88,,
2025-11-27T00:32:17.533593+00:00,train,1,6436,self,1.0,0,91,,
2025-11-27T00:32:17.533704+00:00,train,1,6437,self,1.0,0,94,,
2025-11-27T00:32:17.533815+00:00,train,1,6438,self,1.0,0,99,,
2025-11-27T00:32:17.533930+00:00,train,1,6439,self,1.0,0,85,,
2025-11-27T00:32:17.534041+00:00,train,1,6440,self,1.0,0,100,,
2025-11-27T00:32:17.534151+00:00,train,1,6441,self,1.0,0,98,,
2025-11-27T00:32:17.534261+00:00,train,1,6442,self,1.0,0,99,,
2025-11-27T00:32:17.534371+00:00,train,1,6443,self,1.0,0,90,,
2025-11-27T00:32:17.534481+00:00,train,1,6444,self,1.0,0,92,,
2025-11-27T00:32:17.534591+00:00,train,1,6445,self,1.0,0,99,,
2025-11-27T00:32:17.534701+00:00,train,1,6446,self,1.0,0,99,,
2025-11-27T00:32:17.534816+00:00,train,1,6447,self,1.0,0,93,,
2025-11-27T00:32:17.534926+00:00,train,1,6448,self,1.0,0,99,,
2025-11-27T00:32:17.535036+00:00,train,1,6449,self,1.0,0,86,,
2025-11-27T00:32:17.535146+00:00,train,1,6450,self,1.0,0,97,,
2025-11-27T00:32:17.535256+00:00,train,1,6451,self,1.0,0,98,,
2025-11-27T00:32:17.535366+00:00,train,1,6452,self,1.0,0,98,,
2025-11-27T00:32:17.535476+00:00,train,1,6453,self,1.0,0,97,,
2025-11-27T00:32:17.535586+00:00,train,1,6454,self,1.0,0,100,,
2025-11-27T00:32:17.535701+00:00,train,1,6455,self,1.0,0,98,,
2025-11-27T00:32:17.535811+00:00,train,1,6456,self,1.0,0,99,,
2025-11-27T00:32:17.535921+00:00,train,1,6457,self,1.0,0,95,,
2025-11-27T00:32:17.536031+00:00,train,1,6458,self,1.0,0,98,,
2025-11-27T00:32:17.536141+00:00,train,1,6459,self,1.0,0,98,,
2025-11-27T00:32:17.536250+00:00,train,1,6460,self,1.0,0,99,,
2025-11-27T00:32:17.536360+00:00,train,1,6461,self,1.0,0,98,,
2025-11-27T00:32:17.536471+00:00,train,1,6462,self,1.0,0,100,,
2025-11-27T00:32:17.536587+00:00,train,1,6463,self,1.0,0,91,,
2025-11-27T00:32:17.536697+00:00,train,1,6464,self,1.0,0,95,,
2025-11-27T00:32:17.536807+00:00,train,1,6465,self,1.0,0,95,,
2025-11-27T00:32:17.536917+00:00,train,1,6466,self,1.0,0,100,,
2025-11-27T00:32:17.537027+00:00,train,1,6467,self,1.0,0,93,,
2025-11-27T00:32:17.537138+00:00,train,1,6468,self,1.0,0,95,,
2025-11-27T00:32:17.537247+00:00,train,1,6469,self,1.0,0,93,,
2025-11-27T00:32:17.537362+00:00,train,1,6470,self,1.0,0,99,,
2025-11-27T00:32:17.537480+00:00,train,1,6471,self,1.0,0,92,,
2025-11-27T00:32:17.537591+00:00,train,1,6472,self,1.0,0,98,,
2025-11-27T00:32:17.537704+00:00,train,1,6473,self,1.0,0,98,,
2025-11-27T00:32:17.537815+00:00,train,1,6474,self,1.0,0,99,,
2025-11-27T00:32:17.537926+00:00,train,1,6475,self,1.0,0,98,,
2025-11-27T00:32:17.538036+00:00,train,1,6476,self,1.0,0,99,,
2025-11-27T00:32:17.538146+00:00,train,1,6477,self,1.0,0,85,,
2025-11-27T00:32:17.538257+00:00,train,1,6478,self,1.0,0,99,,
2025-11-27T00:32:17.538372+00:00,train,1,6479,self,1.0,0,100,,
2025-11-27T00:32:17.538483+00:00,train,1,6480,self,1.0,0,100,,
2025-11-27T00:32:17.538595+00:00,train,1,6481,self,1.0,0,93,,
2025-11-27T00:32:17.538706+00:00,train,1,6482,self,1.0,0,100,,
2025-11-27T00:32:17.538817+00:00,train,1,6483,self,1.0,0,91,,
2025-11-27T00:32:17.538926+00:00,train,1,6484,self,1.0,0,97,,
2025-11-27T00:32:17.539037+00:00,train,1,6485,self,1.0,0,100,,
2025-11-27T00:32:17.539148+00:00,train,1,6486,self,1.0,0,100,,
2025-11-27T00:32:17.539264+00:00,train,1,6487,self,1.0,0,94,,
2025-11-27T00:32:17.539374+00:00,train,1,6488,self,1.0,0,100,,
2025-11-27T00:32:17.539484+00:00,train,1,6489,self,1.0,0,92,,
2025-11-27T00:32:17.539594+00:00,train,1,6490,self,1.0,0,98,,
2025-11-27T00:32:17.539704+00:00,train,1,6491,self,1.0,0,100,,
2025-11-27T00:32:17.539814+00:00,train,1,6492,self,1.0,0,100,,
2025-11-27T00:32:17.539925+00:00,train,1,6493,self,1.0,0,94,,
2025-11-27T00:32:17.540035+00:00,train,1,6494,self,1.0,0,96,,
2025-11-27T00:32:17.540150+00:00,train,1,6495,self,1.0,0,97,,
2025-11-27T00:32:17.540260+00:00,train,1,6496,self,1.0,0,99,,
2025-11-27T00:32:17.540370+00:00,train,1,6497,self,1.0,0,97,,
2025-11-27T00:32:17.540480+00:00,train,1,6498,self,1.0,0,100,,
2025-11-27T00:32:17.540590+00:00,train,1,6499,self,1.0,0,96,,
2025-11-27T00:32:17.540701+00:00,train,1,6500,self,1.0,0,99,,
2025-11-27T00:32:17.540813+00:00,train,1,6501,self,1.0,0,92,,
2025-11-27T00:32:17.540924+00:00,train,1,6502,self,1.0,0,94,,
2025-11-27T00:32:17.541041+00:00,train,1,6503,self,1.0,0,96,,
2025-11-27T00:32:17.541151+00:00,train,1,6504,self,1.0,0,100,,
2025-11-27T00:32:17.541261+00:00,train,1,6505,self,1.0,0,97,,
2025-11-27T00:32:17.541372+00:00,train,1,6506,self,1.0,0,99,,
2025-11-27T00:32:17.541483+00:00,train,1,6507,self,1.0,0,93,,
2025-11-27T00:32:17.541593+00:00,train,1,6508,self,1.0,0,95,,
2025-11-27T00:32:17.541704+00:00,train,1,6509,self,1.0,0,97,,
2025-11-27T00:32:17.541815+00:00,train,1,6510,self,1.0,0,100,,
2025-11-27T00:32:17.541931+00:00,train,1,6511,self,1.0,0,93,,
2025-11-27T00:32:17.542042+00:00,train,1,6512,self,1.0,0,96,,
2025-11-27T00:32:17.542153+00:00,train,1,6513,self,1.0,0,89,,
2025-11-27T00:32:17.542263+00:00,train,1,6514,self,1.0,0,91,,
2025-11-27T00:32:17.542374+00:00,train,1,6515,self,1.0,0,98,,
2025-11-27T00:32:17.542484+00:00,train,1,6516,self,1.0,0,100,,
2025-11-27T00:32:17.542594+00:00,train,1,6517,self,1.0,0,94,,
2025-11-27T00:32:17.542705+00:00,train,1,6518,self,1.0,0,100,,
2025-11-27T00:32:17.542821+00:00,train,1,6519,self,1.0,0,85,,
2025-11-27T00:32:17.542931+00:00,train,1,6520,self,1.0,0,98,,
2025-11-27T00:32:17.543042+00:00,train,1,6521,self,1.0,0,100,,
2025-11-27T00:32:17.543152+00:00,train,1,6522,self,1.0,0,100,,
2025-11-27T00:32:17.543262+00:00,train,1,6523,self,1.0,0,83,,
2025-11-27T00:32:17.543373+00:00,train,1,6524,self,1.0,0,99,,
2025-11-27T00:32:17.543483+00:00,train,1,6525,self,1.0,0,98,,
2025-11-27T00:32:17.543594+00:00,train,1,6526,self,1.0,0,100,,
2025-11-27T00:32:17.543710+00:00,train,1,6527,self,1.0,0,85,,
2025-11-27T00:32:17.543820+00:00,train,1,6528,self,1.0,0,96,,
2025-11-27T00:32:17.543930+00:00,train,1,6529,self,1.0,0,92,,
2025-11-27T00:32:17.544040+00:00,train,1,6530,self,1.0,0,96,,
2025-11-27T00:32:17.544150+00:00,train,1,6531,self,1.0,0,86,,
2025-11-27T00:32:17.544260+00:00,train,1,6532,self,1.0,0,98,,
2025-11-27T00:32:17.544370+00:00,train,1,6533,self,1.0,0,98,,
2025-11-27T00:32:17.544480+00:00,train,1,6534,self,1.0,0,98,,
2025-11-27T00:32:17.544594+00:00,train,1,6535,self,1.0,0,90,,
2025-11-27T00:32:17.544704+00:00,train,1,6536,self,1.0,0,100,,
2025-11-27T00:32:17.544813+00:00,train,1,6537,self,1.0,0,94,,
2025-11-27T00:32:17.544923+00:00,train,1,6538,self,1.0,0,98,,
2025-11-27T00:32:17.545033+00:00,train,1,6539,self,1.0,0,96,,
2025-11-27T00:32:17.545144+00:00,train,1,6540,self,1.0,0,98,,
2025-11-27T00:32:17.545254+00:00,train,1,6541,self,1.0,0,97,,
2025-11-27T00:32:17.545364+00:00,train,1,6542,self,1.0,0,97,,
2025-11-27T00:32:17.545479+00:00,train,1,6543,self,1.0,0,88,,
2025-11-27T00:32:17.545589+00:00,train,1,6544,self,1.0,0,99,,
2025-11-27T00:32:17.545700+00:00,train,1,6545,self,1.0,0,95,,
2025-11-27T00:32:17.545811+00:00,train,1,6546,self,1.0,0,98,,
2025-11-27T00:32:17.545921+00:00,train,1,6547,self,1.0,0,90,,
2025-11-27T00:32:17.546031+00:00,train,1,6548,self,1.0,0,100,,
2025-11-27T00:32:17.546141+00:00,train,1,6549,self,1.0,0,78,,
2025-11-27T00:32:17.546252+00:00,train,1,6550,self,1.0,0,95,,
2025-11-27T00:32:17.546367+00:00,train,1,6551,self,1.0,0,81,,
2025-11-27T00:32:17.546477+00:00,train,1,6552,self,1.0,0,93,,
2025-11-27T00:32:17.546587+00:00,train,1,6553,self,1.0,0,94,,
2025-11-27T00:32:17.546742+00:00,train,1,6554,self,1.0,0,95,,
2025-11-27T00:32:17.546852+00:00,train,1,6555,self,1.0,0,99,,
2025-11-27T00:32:17.546963+00:00,train,1,6556,self,1.0,0,99,,
2025-11-27T00:32:17.547073+00:00,train,1,6557,self,1.0,0,97,,
2025-11-27T00:32:17.547184+00:00,train,1,6558,self,1.0,0,99,,
2025-11-27T00:32:17.547299+00:00,train,1,6559,self,1.0,0,96,,
2025-11-27T00:32:17.547411+00:00,train,1,6560,self,1.0,0,100,,
2025-11-27T00:32:17.547521+00:00,train,1,6561,self,1.0,0,94,,
2025-11-27T00:32:17.547631+00:00,train,1,6562,self,1.0,0,98,,
2025-11-27T00:32:17.547751+00:00,train,1,6563,self,1.0,0,95,,
2025-11-27T00:32:17.547862+00:00,train,1,6564,self,1.0,0,97,,
2025-11-27T00:32:17.547974+00:00,train,1,6565,self,1.0,0,91,,
2025-11-27T00:32:17.548084+00:00,train,1,6566,self,1.0,0,96,,
2025-11-27T00:32:17.548200+00:00,train,1,6567,self,1.0,0,93,,
2025-11-27T00:32:17.548309+00:00,train,1,6568,self,1.0,0,95,,
2025-11-27T00:32:17.548420+00:00,train,1,6569,self,1.0,0,95,,
2025-11-27T00:32:17.548530+00:00,train,1,6570,self,1.0,0,98,,
2025-11-27T00:32:17.548641+00:00,train,1,6571,self,1.0,0,99,,
2025-11-27T00:32:17.548753+00:00,train,1,6572,self,1.0,0,100,,
2025-11-27T00:32:17.548865+00:00,train,1,6573,self,1.0,0,92,,
2025-11-27T00:32:17.548977+00:00,train,1,6574,self,1.0,0,98,,
2025-11-27T00:32:17.549093+00:00,train,1,6575,self,1.0,0,82,,
2025-11-27T00:32:17.549203+00:00,train,1,6576,self,1.0,0,97,,
2025-11-27T00:32:17.549313+00:00,train,1,6577,self,1.0,0,92,,
2025-11-27T00:32:17.549424+00:00,train,1,6578,self,1.0,0,99,,
2025-11-27T00:32:17.549535+00:00,train,1,6579,self,1.0,0,96,,
2025-11-27T00:32:17.549645+00:00,train,1,6580,self,1.0,0,97,,
2025-11-27T00:32:17.549756+00:00,train,1,6581,self,1.0,0,94,,
2025-11-27T00:32:17.549920+00:00,train,1,6582,self,1.0,0,96,,
2025-11-27T00:32:17.550048+00:00,train,1,6583,self,1.0,0,93,,
2025-11-27T00:32:17.550169+00:00,train,1,6584,self,1.0,0,96,,
2025-11-27T00:32:17.550285+00:00,train,1,6585,self,1.0,0,96,,
2025-11-27T00:32:17.550398+00:00,train,1,6586,self,1.0,0,100,,
2025-11-27T00:32:17.550511+00:00,train,1,6587,self,1.0,0,94,,
2025-11-27T00:32:17.550623+00:00,train,1,6588,self,1.0,0,98,,
2025-11-27T00:32:17.550733+00:00,train,1,6589,self,1.0,0,98,,
2025-11-27T00:32:17.550844+00:00,train,1,6590,self,1.0,0,99,,
2025-11-27T00:32:17.550953+00:00,train,1,6591,self,1.0,0,97,,
2025-11-27T00:32:17.551062+00:00,train,1,6592,self,1.0,0,98,,
2025-11-27T00:32:17.551172+00:00,train,1,6593,self,1.0,0,90,,
2025-11-27T00:32:17.551282+00:00,train,1,6594,self,1.0,0,96,,
2025-11-27T00:32:17.551391+00:00,train,1,6595,self,1.0,0,75,,
2025-11-27T00:32:17.551500+00:00,train,1,6596,self,1.0,0,100,,
2025-11-27T00:32:17.551609+00:00,train,1,6597,self,1.0,0,93,,
2025-11-27T00:32:17.551717+00:00,train,1,6598,self,1.0,0,98,,
2025-11-27T00:32:17.551826+00:00,train,1,6599,self,1.0,0,92,,
2025-11-27T00:32:17.551935+00:00,train,1,6600,self,1.0,0,100,,
2025-11-27T00:32:17.552045+00:00,train,1,6601,self,1.0,0,98,,
2025-11-27T00:32:17.552154+00:00,train,1,6602,self,1.0,0,100,,
2025-11-27T00:32:17.552263+00:00,train,1,6603,self,1.0,0,93,,
2025-11-27T00:32:17.552372+00:00,train,1,6604,self,1.0,0,99,,
2025-11-27T00:32:17.552480+00:00,train,1,6605,self,1.0,0,93,,
2025-11-27T00:32:17.552588+00:00,train,1,6606,self,1.0,0,93,,
2025-11-27T00:32:17.552696+00:00,train,1,6607,self,1.0,0,84,,
2025-11-27T00:32:17.552805+00:00,train,1,6608,self,1.0,0,100,,
2025-11-27T00:32:17.552914+00:00,train,1,6609,self,1.0,0,100,,
2025-11-27T00:32:17.553023+00:00,train,1,6610,self,1.0,0,100,,
2025-11-27T00:32:17.553132+00:00,train,1,6611,self,1.0,0,91,,
2025-11-27T00:32:17.553240+00:00,train,1,6612,self,1.0,0,98,,
2025-11-27T00:32:17.553348+00:00,train,1,6613,self,1.0,0,98,,
2025-11-27T00:32:17.553457+00:00,train,1,6614,self,1.0,0,99,,
2025-11-27T00:32:17.553566+00:00,train,1,6615,self,1.0,0,96,,
2025-11-27T00:32:17.553674+00:00,train,1,6616,self,1.0,0,99,,
2025-11-27T00:32:17.553783+00:00,train,1,6617,self,1.0,0,100,,
2025-11-27T00:32:17.553891+00:00,train,1,6618,self,1.0,0,100,,
2025-11-27T00:32:17.554000+00:00,train,1,6619,self,1.0,0,96,,
2025-11-27T00:32:17.554109+00:00,train,1,6620,self,1.0,0,97,,
2025-11-27T00:32:17.554218+00:00,train,1,6621,self,1.0,0,97,,
2025-11-27T00:32:17.554398+00:00,train,1,6622,self,1.0,0,100,,
2025-11-27T00:32:17.554525+00:00,train,1,6623,self,1.0,0,96,,
2025-11-27T00:32:17.554634+00:00,train,1,6624,self,1.0,0,98,,
2025-11-27T00:32:17.554742+00:00,train,1,6625,self,1.0,0,95,,
2025-11-27T00:32:17.554850+00:00,train,1,6626,self,1.0,0,100,,
2025-11-27T00:32:17.554958+00:00,train,1,6627,self,1.0,0,93,,
2025-11-27T00:32:17.555067+00:00,train,1,6628,self,1.0,0,100,,
2025-11-27T00:32:17.555175+00:00,train,1,6629,self,1.0,0,94,,
2025-11-27T00:32:17.555286+00:00,train,1,6630,self,1.0,0,95,,
2025-11-27T00:32:17.555395+00:00,train,1,6631,self,1.0,0,84,,
2025-11-27T00:32:17.555503+00:00,train,1,6632,self,1.0,0,98,,
2025-11-27T00:32:17.555612+00:00,train,1,6633,self,1.0,0,96,,
2025-11-27T00:32:17.555721+00:00,train,1,6634,self,1.0,0,99,,
2025-11-27T00:32:17.555829+00:00,train,1,6635,self,1.0,0,95,,
2025-11-27T00:32:17.555937+00:00,train,1,6636,self,1.0,0,99,,
2025-11-27T00:32:17.556045+00:00,train,1,6637,self,1.0,0,80,,
2025-11-27T00:32:17.556154+00:00,train,1,6638,self,1.0,0,98,,
2025-11-27T00:32:17.556263+00:00,train,1,6639,self,1.0,0,87,,
2025-11-27T00:32:17.556371+00:00,train,1,6640,self,1.0,0,89,,
2025-11-27T00:32:17.556480+00:00,train,1,6641,self,1.0,0,85,,
2025-11-27T00:32:17.556589+00:00,train,1,6642,self,1.0,0,99,,
2025-11-27T00:32:17.556697+00:00,train,1,6643,self,1.0,0,97,,
2025-11-27T00:32:17.556805+00:00,train,1,6644,self,1.0,0,99,,
2025-11-27T00:32:17.556914+00:00,train,1,6645,self,1.0,0,95,,
2025-11-27T00:32:17.557022+00:00,train,1,6646,self,1.0,0,95,,
2025-11-27T00:32:17.557131+00:00,train,1,6647,self,1.0,0,96,,
2025-11-27T00:32:17.557239+00:00,train,1,6648,self,1.0,0,97,,
2025-11-27T00:32:17.557430+00:00,train,1,6649,self,1.0,0,96,,
2025-11-27T00:32:17.557538+00:00,train,1,6650,self,1.0,0,98,,
2025-11-27T00:32:17.557647+00:00,train,1,6651,self,1.0,0,83,,
2025-11-27T00:32:17.557756+00:00,train,1,6652,self,1.0,0,98,,
2025-11-27T00:32:17.557865+00:00,train,1,6653,self,1.0,0,74,,
2025-11-27T00:32:17.557974+00:00,train,1,6654,self,1.0,0,99,,
2025-11-27T00:32:17.558083+00:00,train,1,6655,self,1.0,0,94,,
2025-11-27T00:32:17.558191+00:00,train,1,6656,self,1.0,0,97,,
2025-11-27T00:32:17.558300+00:00,train,1,6657,self,1.0,0,94,,
2025-11-27T00:32:17.558409+00:00,train,1,6658,self,1.0,0,99,,
2025-11-27T00:32:17.558587+00:00,train,1,6659,self,1.0,0,91,,
2025-11-27T00:32:17.558750+00:00,train,1,6660,self,1.0,0,98,,
2025-11-27T00:32:17.558860+00:00,train,1,6661,self,1.0,0,95,,
2025-11-27T00:32:17.558970+00:00,train,1,6662,self,1.0,0,100,,
2025-11-27T00:32:17.559079+00:00,train,1,6663,self,1.0,0,96,,
2025-11-27T00:32:17.559188+00:00,train,1,6664,self,1.0,0,100,,
2025-11-27T00:32:17.559297+00:00,train,1,6665,self,1.0,0,97,,
2025-11-27T00:32:17.559405+00:00,train,1,6666,self,1.0,0,99,,
2025-11-27T00:32:17.559516+00:00,train,1,6667,self,1.0,0,87,,
2025-11-27T00:32:17.559628+00:00,train,1,6668,self,1.0,0,89,,
2025-11-27T00:32:17.559738+00:00,train,1,6669,self,1.0,0,89,,
2025-11-27T00:32:17.559850+00:00,train,1,6670,self,1.0,0,93,,
2025-11-27T00:32:17.559960+00:00,train,1,6671,self,1.0,0,100,,
2025-11-27T00:32:17.560069+00:00,train,1,6672,self,1.0,0,100,,
2025-11-27T00:32:17.560178+00:00,train,1,6673,self,1.0,0,89,,
2025-11-27T00:32:17.560287+00:00,train,1,6674,self,1.0,0,99,,
2025-11-27T00:32:17.560396+00:00,train,1,6675,self,1.0,0,100,,
2025-11-27T00:32:17.560504+00:00,train,1,6676,self,1.0,0,100,,
2025-11-27T00:32:17.560613+00:00,train,1,6677,self,1.0,0,98,,
2025-11-27T00:32:17.560722+00:00,train,1,6678,self,1.0,0,100,,
2025-11-27T00:32:17.560831+00:00,train,1,6679,self,1.0,0,93,,
2025-11-27T00:32:17.560941+00:00,train,1,6680,self,1.0,0,96,,
2025-11-27T00:32:17.561049+00:00,train,1,6681,self,1.0,0,99,,
2025-11-27T00:32:17.561158+00:00,train,1,6682,self,1.0,0,100,,
2025-11-27T00:32:17.561268+00:00,train,1,6683,self,1.0,0,92,,
2025-11-27T00:32:17.561377+00:00,train,1,6684,self,1.0,0,100,,
2025-11-27T00:32:17.561486+00:00,train,1,6685,self,1.0,0,96,,
2025-11-27T00:32:17.561596+00:00,train,1,6686,self,1.0,0,98,,
2025-11-27T00:32:17.561707+00:00,train,1,6687,self,1.0,0,82,,
2025-11-27T00:32:17.561815+00:00,train,1,6688,self,1.0,0,91,,
2025-11-27T00:32:17.561925+00:00,train,1,6689,self,1.0,0,96,,
2025-11-27T00:32:17.562033+00:00,train,1,6690,self,1.0,0,100,,
2025-11-27T00:32:17.562143+00:00,train,1,6691,self,1.0,0,93,,
2025-11-27T00:32:17.562252+00:00,train,1,6692,self,1.0,0,93,,
2025-11-27T00:32:17.562362+00:00,train,1,6693,self,1.0,0,83,,
2025-11-27T00:32:17.562471+00:00,train,1,6694,self,1.0,0,93,,
2025-11-27T00:32:17.562582+00:00,train,1,6695,self,1.0,0,94,,
2025-11-27T00:32:17.562691+00:00,train,1,6696,self,1.0,0,95,,
2025-11-27T00:32:17.562800+00:00,train,1,6697,self,1.0,0,96,,
2025-11-27T00:32:17.562912+00:00,train,1,6698,self,1.0,0,99,,
2025-11-27T00:32:17.563021+00:00,train,1,6699,self,1.0,0,96,,
2025-11-27T00:32:17.563131+00:00,train,1,6700,self,1.0,0,97,,
2025-11-27T00:32:17.563240+00:00,train,1,6701,self,1.0,0,100,,
2025-11-27T00:32:17.563349+00:00,train,1,6702,self,1.0,0,100,,
2025-11-27T00:32:17.563459+00:00,train,1,6703,self,1.0,0,91,,
2025-11-27T00:32:17.563567+00:00,train,1,6704,self,1.0,0,97,,
2025-11-27T00:32:17.563677+00:00,train,1,6705,self,1.0,0,85,,
2025-11-27T00:32:17.563785+00:00,train,1,6706,self,1.0,0,88,,
2025-11-27T00:32:17.563895+00:00,train,1,6707,self,1.0,0,87,,
2025-11-27T00:32:17.564004+00:00,train,1,6708,self,1.0,0,96,,
2025-11-27T00:32:17.564113+00:00,train,1,6709,self,1.0,0,97,,
2025-11-27T00:32:17.564222+00:00,train,1,6710,self,1.0,0,98,,
2025-11-27T00:32:17.564331+00:00,train,1,6711,self,1.0,0,94,,
2025-11-27T00:32:17.564441+00:00,train,1,6712,self,1.0,0,94,,
2025-11-27T00:32:17.564550+00:00,train,1,6713,self,1.0,0,96,,
2025-11-27T00:32:17.564660+00:00,train,1,6714,self,1.0,0,99,,
2025-11-27T00:32:17.564769+00:00,train,1,6715,self,1.0,0,99,,
2025-11-27T00:32:17.564878+00:00,train,1,6716,self,1.0,0,100,,
2025-11-27T00:32:17.564988+00:00,train,1,6717,self,1.0,0,96,,
2025-11-27T00:32:17.565097+00:00,train,1,6718,self,1.0,0,98,,
2025-11-27T00:32:17.565207+00:00,train,1,6719,self,1.0,0,91,,
2025-11-27T00:32:17.565316+00:00,train,1,6720,self,1.0,0,96,,
2025-11-27T00:32:17.565426+00:00,train,1,6721,self,1.0,0,92,,
2025-11-27T00:32:17.565535+00:00,train,1,6722,self,1.0,0,100,,
2025-11-27T00:32:17.565644+00:00,train,1,6723,self,1.0,0,97,,
2025-11-27T00:32:17.565753+00:00,train,1,6724,self,1.0,0,100,,
2025-11-27T00:32:17.565862+00:00,train,1,6725,self,1.0,0,87,,
2025-11-27T00:32:17.565971+00:00,train,1,6726,self,1.0,0,95,,
2025-11-27T00:32:17.566080+00:00,train,1,6727,self,1.0,0,87,,
2025-11-27T00:32:17.566189+00:00,train,1,6728,self,1.0,0,99,,
2025-11-27T00:32:17.566298+00:00,train,1,6729,self,1.0,0,98,,
2025-11-27T00:32:17.566407+00:00,train,1,6730,self,1.0,0,100,,
2025-11-27T00:32:17.566516+00:00,train,1,6731,self,1.0,0,93,,
2025-11-27T00:32:17.566626+00:00,train,1,6732,self,1.0,0,94,,
2025-11-27T00:32:17.566735+00:00,train,1,6733,self,1.0,0,98,,
2025-11-27T00:32:17.566844+00:00,train,1,6734,self,1.0,0,100,,
2025-11-27T00:32:17.566953+00:00,train,1,6735,self,1.0,0,99,,
2025-11-27T00:32:17.567062+00:00,train,1,6736,self,1.0,0,100,,
2025-11-27T00:32:17.567172+00:00,train,1,6737,self,1.0,0,94,,
2025-11-27T00:32:17.567281+00:00,train,1,6738,self,1.0,0,94,,
2025-11-27T00:32:17.567392+00:00,train,1,6739,self,1.0,0,95,,
2025-11-27T00:32:17.567502+00:00,train,1,6740,self,1.0,0,99,,
2025-11-27T00:32:17.567611+00:00,train,1,6741,self,1.0,0,96,,
2025-11-27T00:32:17.567721+00:00,train,1,6742,self,1.0,0,99,,
2025-11-27T00:32:17.567874+00:00,train,1,6743,self,1.0,0,95,,
2025-11-27T00:32:17.567982+00:00,train,1,6744,self,1.0,0,96,,
2025-11-27T00:32:17.568092+00:00,train,1,6745,self,1.0,0,80,,
2025-11-27T00:32:17.568201+00:00,train,1,6746,self,1.0,0,91,,
2025-11-27T00:32:17.568311+00:00,train,1,6747,self,1.0,0,96,,
2025-11-27T00:32:17.568420+00:00,train,1,6748,self,1.0,0,96,,
2025-11-27T00:32:17.568529+00:00,train,1,6749,self,1.0,0,95,,
2025-11-27T00:32:17.568638+00:00,train,1,6750,self,1.0,0,98,,
2025-11-27T00:32:17.568813+00:00,train,1,6751,self,1.0,0,93,,
2025-11-27T00:32:17.568953+00:00,train,1,6752,self,1.0,0,98,,
2025-11-27T00:32:17.569063+00:00,train,1,6753,self,1.0,0,93,,
2025-11-27T00:32:17.569174+00:00,train,1,6754,self,1.0,0,98,,
2025-11-27T00:32:17.569283+00:00,train,1,6755,self,1.0,0,94,,
2025-11-27T00:32:17.569393+00:00,train,1,6756,self,1.0,0,99,,
2025-11-27T00:32:17.569503+00:00,train,1,6757,self,1.0,0,95,,
2025-11-27T00:32:17.569613+00:00,train,1,6758,self,1.0,0,99,,
2025-11-27T00:32:17.569722+00:00,train,1,6759,self,1.0,0,95,,
2025-11-27T00:32:17.569833+00:00,train,1,6760,self,1.0,0,99,,
2025-11-27T00:32:17.569944+00:00,train,1,6761,self,1.0,0,93,,
2025-11-27T00:32:17.570058+00:00,train,1,6762,self,1.0,0,100,,
2025-11-27T00:32:17.570169+00:00,train,1,6763,self,1.0,0,99,,
2025-11-27T00:32:17.570278+00:00,train,1,6764,self,1.0,0,99,,
2025-11-27T00:32:17.570387+00:00,train,1,6765,self,1.0,0,96,,
2025-11-27T00:32:17.570497+00:00,train,1,6766,self,1.0,0,98,,
2025-11-27T00:32:17.570607+00:00,train,1,6767,self,1.0,0,89,,
2025-11-27T00:32:17.570716+00:00,train,1,6768,self,1.0,0,98,,
2025-11-27T00:32:17.570825+00:00,train,1,6769,self,1.0,0,98,,
2025-11-27T00:32:17.570935+00:00,train,1,6770,self,1.0,0,100,,
2025-11-27T00:32:17.571045+00:00,train,1,6771,self,1.0,0,94,,
2025-11-27T00:32:17.571155+00:00,train,1,6772,self,1.0,0,97,,
2025-11-27T00:32:17.571264+00:00,train,1,6773,self,1.0,0,87,,
2025-11-27T00:32:17.571373+00:00,train,1,6774,self,1.0,0,96,,
2025-11-27T00:32:17.571482+00:00,train,1,6775,self,1.0,0,97,,
2025-11-27T00:32:17.571591+00:00,train,1,6776,self,1.0,0,98,,
2025-11-27T00:32:17.571701+00:00,train,1,6777,self,1.0,0,92,,
2025-11-27T00:32:17.571811+00:00,train,1,6778,self,1.0,0,95,,
2025-11-27T00:32:17.571920+00:00,train,1,6779,self,1.0,0,85,,
2025-11-27T00:32:17.572030+00:00,train,1,6780,self,1.0,0,97,,
2025-11-27T00:32:17.572139+00:00,train,1,6781,self,1.0,0,90,,
2025-11-27T00:32:17.572248+00:00,train,1,6782,self,1.0,0,98,,
2025-11-27T00:32:17.572357+00:00,train,1,6783,self,1.0,0,99,,
2025-11-27T00:32:17.572466+00:00,train,1,6784,self,1.0,0,99,,
2025-11-27T00:32:17.572575+00:00,train,1,6785,self,1.0,0,99,,
2025-11-27T00:32:17.572684+00:00,train,1,6786,self,1.0,0,100,,
2025-11-27T00:32:17.572793+00:00,train,1,6787,self,1.0,0,100,,
2025-11-27T00:32:17.572902+00:00,train,1,6788,self,1.0,0,100,,
2025-11-27T00:32:17.573011+00:00,train,1,6789,self,1.0,0,93,,
2025-11-27T00:32:17.573120+00:00,train,1,6790,self,1.0,0,100,,
2025-11-27T00:32:17.573230+00:00,train,1,6791,self,1.0,0,77,,
2025-11-27T00:32:17.573339+00:00,train,1,6792,self,1.0,0,98,,
2025-11-27T00:32:17.573448+00:00,train,1,6793,self,1.0,0,95,,
2025-11-27T00:32:17.573556+00:00,train,1,6794,self,1.0,0,100,,
2025-11-27T00:32:17.573665+00:00,train,1,6795,self,1.0,0,98,,
2025-11-27T00:32:17.573775+00:00,train,1,6796,self,1.0,0,98,,
2025-11-27T00:32:17.573883+00:00,train,1,6797,self,1.0,0,92,,
2025-11-27T00:32:17.573992+00:00,train,1,6798,self,1.0,0,95,,
2025-11-27T00:32:17.574100+00:00,train,1,6799,self,1.0,0,92,,
2025-11-27T00:32:17.574209+00:00,train,1,6800,self,1.0,0,99,,
2025-11-27T00:32:17.574318+00:00,train,1,6801,self,1.0,0,98,,
2025-11-27T00:32:17.574427+00:00,train,1,6802,self,1.0,0,99,,
2025-11-27T00:32:17.574536+00:00,train,1,6803,self,1.0,0,98,,
2025-11-27T00:32:17.574645+00:00,train,1,6804,self,1.0,0,99,,
2025-11-27T00:32:17.574754+00:00,train,1,6805,self,1.0,0,100,,
2025-11-27T00:32:17.574862+00:00,train,1,6806,self,1.0,0,100,,
2025-11-27T00:32:17.574971+00:00,train,1,6807,self,1.0,0,97,,
2025-11-27T00:32:17.575081+00:00,train,1,6808,self,1.0,0,99,,
2025-11-27T00:32:17.575190+00:00,train,1,6809,self,1.0,0,96,,
2025-11-27T00:32:17.575299+00:00,train,1,6810,self,1.0,0,97,,
2025-11-27T00:32:17.575408+00:00,train,1,6811,self,1.0,0,93,,
2025-11-27T00:32:17.575518+00:00,train,1,6812,self,1.0,0,96,,
2025-11-27T00:32:17.575626+00:00,train,1,6813,self,1.0,0,88,,
2025-11-27T00:32:17.575735+00:00,train,1,6814,self,1.0,0,98,,
2025-11-27T00:32:17.575844+00:00,train,1,6815,self,1.0,0,92,,
2025-11-27T00:32:17.575953+00:00,train,1,6816,self,1.0,0,99,,
2025-11-27T00:32:17.576062+00:00,train,1,6817,self,1.0,0,97,,
2025-11-27T00:32:17.576172+00:00,train,1,6818,self,1.0,0,100,,
2025-11-27T00:32:17.576280+00:00,train,1,6819,self,1.0,0,93,,
2025-11-27T00:32:17.576389+00:00,train,1,6820,self,1.0,0,100,,
2025-11-27T00:32:17.576498+00:00,train,1,6821,self,1.0,0,96,,
2025-11-27T00:32:17.576658+00:00,train,1,6822,self,1.0,0,97,,
2025-11-27T00:32:17.576768+00:00,train,1,6823,self,1.0,0,93,,
2025-11-27T00:32:17.576877+00:00,train,1,6824,self,1.0,0,100,,
2025-11-27T00:32:17.576988+00:00,train,1,6825,self,1.0,0,93,,
2025-11-27T00:32:17.577097+00:00,train,1,6826,self,1.0,0,100,,
2025-11-27T00:32:17.577206+00:00,train,1,6827,self,1.0,0,96,,
2025-11-27T00:32:17.577315+00:00,train,1,6828,self,1.0,0,97,,
2025-11-27T00:32:17.577427+00:00,train,1,6829,self,1.0,0,87,,
2025-11-27T00:32:17.577537+00:00,train,1,6830,self,1.0,0,90,,
2025-11-27T00:32:17.577646+00:00,train,1,6831,self,1.0,0,95,,
2025-11-27T00:32:17.577756+00:00,train,1,6832,self,1.0,0,99,,
2025-11-27T00:32:17.577865+00:00,train,1,6833,self,1.0,0,93,,
2025-11-27T00:32:17.577975+00:00,train,1,6834,self,1.0,0,98,,
2025-11-27T00:32:17.578084+00:00,train,1,6835,self,1.0,0,97,,
2025-11-27T00:32:17.578193+00:00,train,1,6836,self,1.0,0,99,,
2025-11-27T00:32:17.578301+00:00,train,1,6837,self,1.0,0,95,,
2025-11-27T00:32:17.578411+00:00,train,1,6838,self,1.0,0,100,,
2025-11-27T00:32:17.578520+00:00,train,1,6839,self,1.0,0,92,,
2025-11-27T00:32:17.578629+00:00,train,1,6840,self,1.0,0,97,,
2025-11-27T00:32:17.578738+00:00,train,1,6841,self,1.0,0,92,,
2025-11-27T00:32:17.578852+00:00,train,1,6842,self,1.0,0,100,,
2025-11-27T00:32:17.578962+00:00,train,1,6843,self,1.0,0,88,,
2025-11-27T00:32:17.579230+00:00,train,1,6844,self,1.0,0,93,,
2025-11-27T00:32:17.579360+00:00,train,1,6845,self,1.0,0,99,,
2025-11-27T00:32:17.579481+00:00,train,1,6846,self,1.0,0,100,,
2025-11-27T00:32:17.579598+00:00,train,1,6847,self,1.0,0,87,,
2025-11-27T00:32:17.579714+00:00,train,1,6848,self,1.0,0,89,,
2025-11-27T00:32:17.579828+00:00,train,1,6849,self,1.0,0,98,,
2025-11-27T00:32:17.579940+00:00,train,1,6850,self,1.0,0,98,,
2025-11-27T00:32:17.580052+00:00,train,1,6851,self,1.0,0,99,,
2025-11-27T00:32:17.580164+00:00,train,1,6852,self,1.0,0,100,,
2025-11-27T00:32:17.580277+00:00,train,1,6853,self,1.0,0,96,,
2025-11-27T00:32:17.580391+00:00,train,1,6854,self,1.0,0,99,,
2025-11-27T00:32:17.580503+00:00,train,1,6855,self,1.0,0,97,,
2025-11-27T00:32:17.580614+00:00,train,1,6856,self,1.0,0,98,,
2025-11-27T00:32:17.580726+00:00,train,1,6857,self,1.0,0,88,,
2025-11-27T00:32:17.580837+00:00,train,1,6858,self,1.0,0,97,,
2025-11-27T00:32:17.580948+00:00,train,1,6859,self,1.0,0,87,,
2025-11-27T00:32:17.581059+00:00,train,1,6860,self,1.0,0,94,,
2025-11-27T00:32:17.581169+00:00,train,1,6861,self,1.0,0,87,,
2025-11-27T00:32:17.581280+00:00,train,1,6862,self,1.0,0,95,,
2025-11-27T00:32:17.581391+00:00,train,1,6863,self,1.0,0,96,,
2025-11-27T00:32:17.581502+00:00,train,1,6864,self,1.0,0,100,,
2025-11-27T00:32:17.581613+00:00,train,1,6865,self,1.0,0,95,,
2025-11-27T00:32:17.581724+00:00,train,1,6866,self,1.0,0,96,,
2025-11-27T00:32:17.581835+00:00,train,1,6867,self,1.0,0,83,,
2025-11-27T00:32:17.581945+00:00,train,1,6868,self,1.0,0,94,,
2025-11-27T00:32:17.582055+00:00,train,1,6869,self,1.0,0,94,,
2025-11-27T00:32:17.582165+00:00,train,1,6870,self,1.0,0,99,,
2025-11-27T00:32:17.582276+00:00,train,1,6871,self,1.0,0,88,,
2025-11-27T00:32:17.582387+00:00,train,1,6872,self,1.0,0,99,,
2025-11-27T00:32:17.582498+00:00,train,1,6873,self,1.0,0,92,,
2025-11-27T00:32:17.582608+00:00,train,1,6874,self,1.0,0,99,,
2025-11-27T00:32:17.582719+00:00,train,1,6875,self,1.0,0,99,,
2025-11-27T00:32:17.582830+00:00,train,1,6876,self,1.0,0,100,,
2025-11-27T00:32:17.582941+00:00,train,1,6877,self,1.0,0,93,,
2025-11-27T00:32:17.583051+00:00,train,1,6878,self,1.0,0,98,,
2025-11-27T00:32:17.583163+00:00,train,1,6879,self,1.0,0,98,,
2025-11-27T00:32:17.583273+00:00,train,1,6880,self,1.0,0,98,,
2025-11-27T00:32:17.583383+00:00,train,1,6881,self,1.0,0,93,,
2025-11-27T00:32:17.583493+00:00,train,1,6882,self,1.0,0,95,,
2025-11-27T00:32:17.583604+00:00,train,1,6883,self,1.0,0,99,,
2025-11-27T00:32:17.583714+00:00,train,1,6884,self,1.0,0,100,,
2025-11-27T00:32:17.583825+00:00,train,1,6885,self,1.0,0,93,,
2025-11-27T00:32:17.583935+00:00,train,1,6886,self,1.0,0,94,,
2025-11-27T00:32:17.584046+00:00,train,1,6887,self,1.0,0,87,,
2025-11-27T00:32:17.584156+00:00,train,1,6888,self,1.0,0,92,,
2025-11-27T00:32:17.584267+00:00,train,1,6889,self,1.0,0,98,,
2025-11-27T00:32:17.584379+00:00,train,1,6890,self,1.0,0,99,,
2025-11-27T00:32:17.584490+00:00,train,1,6891,self,1.0,0,90,,
2025-11-27T00:32:17.584601+00:00,train,1,6892,self,1.0,0,96,,
2025-11-27T00:32:17.584712+00:00,train,1,6893,self,1.0,0,77,,
2025-11-27T00:32:17.584823+00:00,train,1,6894,self,1.0,0,86,,
2025-11-27T00:32:17.584933+00:00,train,1,6895,self,1.0,0,100,,
2025-11-27T00:32:17.585044+00:00,train,1,6896,self,1.0,0,100,,
2025-11-27T00:32:17.585154+00:00,train,1,6897,self,1.0,0,84,,
2025-11-27T00:32:17.585265+00:00,train,1,6898,self,1.0,0,98,,
2025-11-27T00:32:17.585376+00:00,train,1,6899,self,1.0,0,90,,
2025-11-27T00:32:17.585486+00:00,train,1,6900,self,1.0,0,95,,
2025-11-27T00:32:17.585596+00:00,train,1,6901,self,1.0,0,92,,
2025-11-27T00:32:17.585706+00:00,train,1,6902,self,1.0,0,94,,
2025-11-27T00:32:17.585816+00:00,train,1,6903,self,1.0,0,98,,
2025-11-27T00:32:17.585927+00:00,train,1,6904,self,1.0,0,99,,
2025-11-27T00:32:17.586038+00:00,train,1,6905,self,1.0,0,91,,
2025-11-27T00:32:17.586148+00:00,train,1,6906,self,1.0,0,97,,
2025-11-27T00:32:17.586258+00:00,train,1,6907,self,1.0,0,98,,
2025-11-27T00:32:17.586369+00:00,train,1,6908,self,1.0,0,98,,
2025-11-27T00:32:17.586479+00:00,train,1,6909,self,1.0,0,87,,
2025-11-27T00:32:17.586589+00:00,train,1,6910,self,1.0,0,90,,
2025-11-27T00:32:17.586699+00:00,train,1,6911,self,1.0,0,93,,
2025-11-27T00:32:17.586810+00:00,train,1,6912,self,1.0,0,97,,
2025-11-27T00:32:17.586920+00:00,train,1,6913,self,1.0,0,98,,
2025-11-27T00:32:17.587031+00:00,train,1,6914,self,1.0,0,98,,
2025-11-27T00:32:17.587142+00:00,train,1,6915,self,1.0,0,97,,
2025-11-27T00:32:17.587253+00:00,train,1,6916,self,1.0,0,97,,
2025-11-27T00:32:17.587363+00:00,train,1,6917,self,1.0,0,88,,
2025-11-27T00:32:17.587476+00:00,train,1,6918,self,1.0,0,92,,
2025-11-27T00:32:17.587586+00:00,train,1,6919,self,1.0,0,86,,
2025-11-27T00:32:17.587698+00:00,train,1,6920,self,1.0,0,94,,
2025-11-27T00:32:17.587808+00:00,train,1,6921,self,1.0,0,97,,
2025-11-27T00:32:17.587918+00:00,train,1,6922,self,1.0,0,99,,
2025-11-27T00:32:17.588028+00:00,train,1,6923,self,1.0,0,95,,
2025-11-27T00:32:17.588138+00:00,train,1,6924,self,1.0,0,98,,
2025-11-27T00:32:17.588248+00:00,train,1,6925,self,1.0,0,84,,
2025-11-27T00:32:17.588359+00:00,train,1,6926,self,1.0,0,93,,
2025-11-27T00:32:17.588469+00:00,train,1,6927,self,1.0,0,90,,
2025-11-27T00:32:17.588579+00:00,train,1,6928,self,1.0,0,94,,
2025-11-27T00:32:17.588690+00:00,train,1,6929,self,1.0,0,86,,
2025-11-27T00:32:17.588800+00:00,train,1,6930,self,1.0,0,100,,
2025-11-27T00:32:17.588911+00:00,train,1,6931,self,1.0,0,93,,
2025-11-27T00:32:17.589024+00:00,train,1,6932,self,1.0,0,100,,
2025-11-27T00:32:17.589135+00:00,train,1,6933,self,1.0,0,99,,
2025-11-27T00:32:17.589246+00:00,train,1,6934,self,1.0,0,100,,
2025-11-27T00:32:17.589356+00:00,train,1,6935,self,1.0,0,91,,
2025-11-27T00:32:17.589467+00:00,train,1,6936,self,1.0,0,97,,
2025-11-27T00:32:17.589577+00:00,train,1,6937,self,1.0,0,90,,
2025-11-27T00:32:17.589687+00:00,train,1,6938,self,1.0,0,96,,
2025-11-27T00:32:17.589798+00:00,train,1,6939,self,1.0,0,90,,
2025-11-27T00:32:17.589907+00:00,train,1,6940,self,1.0,0,92,,
2025-11-27T00:32:17.590018+00:00,train,1,6941,self,1.0,0,92,,
2025-11-27T00:32:17.590161+00:00,train,1,6942,self,1.0,0,94,,
2025-11-27T00:32:17.590328+00:00,train,1,6943,self,1.0,0,94,,
2025-11-27T00:32:17.590439+00:00,train,1,6944,self,1.0,0,99,,
2025-11-27T00:32:17.590550+00:00,train,1,6945,self,1.0,0,99,,
2025-11-27T00:32:17.590660+00:00,train,1,6946,self,1.0,0,100,,
2025-11-27T00:32:17.590771+00:00,train,1,6947,self,1.0,0,94,,
2025-11-27T00:32:17.590882+00:00,train,1,6948,self,1.0,0,95,,
2025-11-27T00:32:17.590992+00:00,train,1,6949,self,1.0,0,96,,
2025-11-27T00:32:17.591102+00:00,train,1,6950,self,1.0,0,99,,
2025-11-27T00:32:17.591212+00:00,train,1,6951,self,1.0,0,90,,
2025-11-27T00:32:17.591324+00:00,train,1,6952,self,1.0,0,99,,
2025-11-27T00:32:17.591436+00:00,train,1,6953,self,1.0,0,92,,
2025-11-27T00:32:17.591547+00:00,train,1,6954,self,1.0,0,97,,
2025-11-27T00:32:17.591659+00:00,train,1,6955,self,1.0,0,94,,
2025-11-27T00:32:17.591770+00:00,train,1,6956,self,1.0,0,99,,
2025-11-27T00:32:17.591880+00:00,train,1,6957,self,1.0,0,97,,
2025-11-27T00:32:17.591992+00:00,train,1,6958,self,1.0,0,99,,
2025-11-27T00:32:17.592102+00:00,train,1,6959,self,1.0,0,82,,
2025-11-27T00:32:17.592212+00:00,train,1,6960,self,1.0,0,99,,
2025-11-27T00:32:17.592323+00:00,train,1,6961,self,1.0,0,77,,
2025-11-27T00:32:17.592433+00:00,train,1,6962,self,1.0,0,91,,
2025-11-27T00:32:17.592544+00:00,train,1,6963,self,1.0,0,86,,
2025-11-27T00:32:17.592654+00:00,train,1,6964,self,1.0,0,95,,
2025-11-27T00:32:17.592763+00:00,train,1,6965,self,1.0,0,95,,
2025-11-27T00:32:17.592874+00:00,train,1,6966,self,1.0,0,100,,
2025-11-27T00:32:17.592985+00:00,train,1,6967,self,1.0,0,93,,
2025-11-27T00:32:17.593141+00:00,train,1,6968,self,1.0,0,100,,
2025-11-27T00:32:17.593252+00:00,train,1,6969,self,1.0,0,94,,
2025-11-27T00:32:17.593362+00:00,train,1,6970,self,1.0,0,97,,
2025-11-27T00:32:17.593473+00:00,train,1,6971,self,1.0,0,92,,
2025-11-27T00:32:17.593583+00:00,train,1,6972,self,1.0,0,97,,
2025-11-27T00:32:17.593694+00:00,train,1,6973,self,1.0,0,87,,
2025-11-27T00:32:17.593804+00:00,train,1,6974,self,1.0,0,97,,
2025-11-27T00:32:17.593914+00:00,train,1,6975,self,1.0,0,99,,
2025-11-27T00:32:17.594025+00:00,train,1,6976,self,1.0,0,99,,
2025-11-27T00:32:17.594135+00:00,train,1,6977,self,1.0,0,100,,
2025-11-27T00:32:17.594245+00:00,train,1,6978,self,1.0,0,100,,
2025-11-27T00:32:17.594355+00:00,train,1,6979,self,1.0,0,97,,
2025-11-27T00:32:17.594466+00:00,train,1,6980,self,1.0,0,97,,
2025-11-27T00:32:17.594575+00:00,train,1,6981,self,1.0,0,95,,
2025-11-27T00:32:17.594686+00:00,train,1,6982,self,1.0,0,100,,
2025-11-27T00:32:17.594796+00:00,train,1,6983,self,1.0,0,93,,
2025-11-27T00:32:17.594906+00:00,train,1,6984,self,1.0,0,95,,
2025-11-27T00:32:17.595017+00:00,train,1,6985,self,1.0,0,99,,
2025-11-27T00:32:17.595127+00:00,train,1,6986,self,1.0,0,100,,
2025-11-27T00:32:17.595237+00:00,train,1,6987,self,1.0,0,92,,
2025-11-27T00:32:17.595347+00:00,train,1,6988,self,1.0,0,94,,
2025-11-27T00:32:17.595458+00:00,train,1,6989,self,1.0,0,88,,
2025-11-27T00:32:17.595569+00:00,train,1,6990,self,1.0,0,95,,
2025-11-27T00:32:17.595679+00:00,train,1,6991,self,1.0,0,96,,
2025-11-27T00:32:17.595790+00:00,train,1,6992,self,1.0,0,99,,
2025-11-27T00:32:17.595900+00:00,train,1,6993,self,1.0,0,94,,
2025-11-27T00:32:17.596010+00:00,train,1,6994,self,1.0,0,96,,
2025-11-27T00:32:17.596125+00:00,train,1,6995,self,1.0,0,95,,
2025-11-27T00:32:17.596236+00:00,train,1,6996,self,1.0,0,98,,
2025-11-27T00:32:17.596346+00:00,train,1,6997,self,1.0,0,91,,
2025-11-27T00:32:17.596457+00:00,train,1,6998,self,1.0,0,99,,
2025-11-27T00:32:17.596567+00:00,train,1,6999,self,1.0,0,97,,
2025-11-27T00:32:17.596677+00:00,train,1,7000,self,1.0,0,98,,
2025-11-27T00:32:17.596788+00:00,train,1,7001,self,1.0,0,95,,
2025-11-27T00:32:17.596898+00:00,train,1,7002,self,1.0,0,100,,
2025-11-27T00:32:17.597008+00:00,train,1,7003,self,1.0,0,95,,
2025-11-27T00:32:17.597119+00:00,train,1,7004,self,1.0,0,99,,
2025-11-27T00:32:17.597229+00:00,train,1,7005,self,1.0,0,99,,
2025-11-27T00:32:17.597339+00:00,train,1,7006,self,1.0,0,100,,
2025-11-27T00:32:17.597452+00:00,train,1,7007,self,1.0,0,99,,
2025-11-27T00:32:17.597563+00:00,train,1,7008,self,1.0,0,99,,
2025-11-27T00:32:17.597673+00:00,train,1,7009,self,1.0,0,97,,
2025-11-27T00:32:17.597783+00:00,train,1,7010,self,1.0,0,99,,
2025-11-27T00:32:17.597893+00:00,train,1,7011,self,1.0,0,94,,
2025-11-27T00:32:17.598004+00:00,train,1,7012,self,1.0,0,95,,
2025-11-27T00:32:17.598114+00:00,train,1,7013,self,1.0,0,94,,
2025-11-27T00:32:17.598225+00:00,train,1,7014,self,1.0,0,99,,
2025-11-27T00:32:17.598336+00:00,train,1,7015,self,1.0,0,76,,
2025-11-27T00:32:17.598446+00:00,train,1,7016,self,1.0,0,98,,
2025-11-27T00:32:17.598557+00:00,train,1,7017,self,1.0,0,94,,
2025-11-27T00:32:17.598667+00:00,train,1,7018,self,1.0,0,96,,
2025-11-27T00:32:17.598779+00:00,train,1,7019,self,1.0,0,91,,
2025-11-27T00:32:17.598889+00:00,train,1,7020,self,1.0,0,91,,
2025-11-27T00:32:17.599003+00:00,train,1,7021,self,1.0,0,86,,
2025-11-27T00:32:17.599114+00:00,train,1,7022,self,1.0,0,98,,
2025-11-27T00:32:17.599224+00:00,train,1,7023,self,1.0,0,91,,
2025-11-27T00:32:17.599335+00:00,train,1,7024,self,1.0,0,94,,
2025-11-27T00:32:17.599446+00:00,train,1,7025,self,1.0,0,98,,
2025-11-27T00:32:17.599556+00:00,train,1,7026,self,1.0,0,100,,
2025-11-27T00:32:17.599666+00:00,train,1,7027,self,1.0,0,90,,
2025-11-27T00:32:17.599777+00:00,train,1,7028,self,1.0,0,96,,
2025-11-27T00:32:17.599887+00:00,train,1,7029,self,1.0,0,97,,
2025-11-27T00:32:17.599997+00:00,train,1,7030,self,1.0,0,100,,
2025-11-27T00:32:17.600108+00:00,train,1,7031,self,1.0,0,85,,
2025-11-27T00:32:17.600219+00:00,train,1,7032,self,1.0,0,97,,
2025-11-27T00:32:17.600330+00:00,train,1,7033,self,1.0,0,99,,
2025-11-27T00:32:17.600441+00:00,train,1,7034,self,1.0,0,100,,
2025-11-27T00:32:17.600552+00:00,train,1,7035,self,1.0,0,90,,
2025-11-27T00:32:17.600663+00:00,train,1,7036,self,1.0,0,91,,
2025-11-27T00:32:17.600774+00:00,train,1,7037,self,1.0,0,75,,
2025-11-27T00:32:17.600885+00:00,train,1,7038,self,1.0,0,95,,
2025-11-27T00:32:17.600995+00:00,train,1,7039,self,1.0,0,98,,
2025-11-27T00:32:17.601106+00:00,train,1,7040,self,1.0,0,99,,
2025-11-27T00:32:17.601215+00:00,train,1,7041,self,1.0,0,96,,
2025-11-27T00:32:17.601373+00:00,train,1,7042,self,1.0,0,99,,
2025-11-27T00:32:17.601532+00:00,train,1,7043,self,1.0,0,96,,
2025-11-27T00:32:17.601643+00:00,train,1,7044,self,1.0,0,98,,
2025-11-27T00:32:17.601754+00:00,train,1,7045,self,1.0,0,83,,
2025-11-27T00:32:17.601864+00:00,train,1,7046,self,1.0,0,100,,
2025-11-27T00:32:17.601975+00:00,train,1,7047,self,1.0,0,94,,
2025-11-27T00:32:17.602086+00:00,train,1,7048,self,1.0,0,95,,
2025-11-27T00:32:17.602197+00:00,train,1,7049,self,1.0,0,99,,
2025-11-27T00:32:17.602307+00:00,train,1,7050,self,1.0,0,100,,
2025-11-27T00:32:17.602420+00:00,train,1,7051,self,1.0,0,90,,
2025-11-27T00:32:17.602550+00:00,train,1,7052,self,1.0,0,100,,
2025-11-27T00:32:17.602662+00:00,train,1,7053,self,1.0,0,95,,
2025-11-27T00:32:17.602774+00:00,train,1,7054,self,1.0,0,99,,
2025-11-27T00:32:17.602885+00:00,train,1,7055,self,1.0,0,95,,
2025-11-27T00:32:17.602996+00:00,train,1,7056,self,1.0,0,99,,
2025-11-27T00:32:17.603107+00:00,train,1,7057,self,1.0,0,81,,
2025-11-27T00:32:17.603218+00:00,train,1,7058,self,1.0,0,100,,
2025-11-27T00:32:17.603329+00:00,train,1,7059,self,1.0,0,90,,
2025-11-27T00:32:17.603439+00:00,train,1,7060,self,1.0,0,100,,
2025-11-27T00:32:17.603550+00:00,train,1,7061,self,1.0,0,83,,
2025-11-27T00:32:17.603660+00:00,train,1,7062,self,1.0,0,99,,
2025-11-27T00:32:17.603772+00:00,train,1,7063,self,1.0,0,97,,
2025-11-27T00:32:17.603882+00:00,train,1,7064,self,1.0,0,100,,
2025-11-27T00:32:17.603993+00:00,train,1,7065,self,1.0,0,87,,
2025-11-27T00:32:17.604104+00:00,train,1,7066,self,1.0,0,100,,
2025-11-27T00:32:17.604214+00:00,train,1,7067,self,1.0,0,85,,
2025-11-27T00:32:17.604325+00:00,train,1,7068,self,1.0,0,89,,
2025-11-27T00:32:17.604435+00:00,train,1,7069,self,1.0,0,98,,
2025-11-27T00:32:17.604546+00:00,train,1,7070,self,1.0,0,100,,
2025-11-27T00:32:17.604656+00:00,train,1,7071,self,1.0,0,98,,
2025-11-27T00:32:17.604766+00:00,train,1,7072,self,1.0,0,99,,
2025-11-27T00:32:17.604876+00:00,train,1,7073,self,1.0,0,93,,
2025-11-27T00:32:17.604987+00:00,train,1,7074,self,1.0,0,96,,
2025-11-27T00:32:17.605097+00:00,train,1,7075,self,1.0,0,94,,
2025-11-27T00:32:17.605208+00:00,train,1,7076,self,1.0,0,96,,
2025-11-27T00:32:17.605318+00:00,train,1,7077,self,1.0,0,95,,
2025-11-27T00:32:17.605430+00:00,train,1,7078,self,1.0,0,96,,
2025-11-27T00:32:17.605540+00:00,train,1,7079,self,1.0,0,89,,
2025-11-27T00:32:17.605650+00:00,train,1,7080,self,1.0,0,100,,
2025-11-27T00:32:17.605761+00:00,train,1,7081,self,1.0,0,91,,
2025-11-27T00:32:17.605871+00:00,train,1,7082,self,1.0,0,99,,
2025-11-27T00:32:17.605982+00:00,train,1,7083,self,1.0,0,97,,
2025-11-27T00:32:17.606093+00:00,train,1,7084,self,1.0,0,100,,
2025-11-27T00:32:17.606204+00:00,train,1,7085,self,1.0,0,94,,
2025-11-27T00:32:17.606315+00:00,train,1,7086,self,1.0,0,97,,
2025-11-27T00:32:17.606425+00:00,train,1,7087,self,1.0,0,94,,
2025-11-27T00:32:17.606535+00:00,train,1,7088,self,1.0,0,100,,
2025-11-27T00:32:17.606646+00:00,train,1,7089,self,1.0,0,91,,
2025-11-27T00:32:17.606756+00:00,train,1,7090,self,1.0,0,97,,
2025-11-27T00:32:17.606866+00:00,train,1,7091,self,1.0,0,88,,
2025-11-27T00:32:17.606976+00:00,train,1,7092,self,1.0,0,99,,
2025-11-27T00:32:17.607087+00:00,train,1,7093,self,1.0,0,100,,
2025-11-27T00:32:17.607198+00:00,train,1,7094,self,1.0,0,100,,
2025-11-27T00:32:17.607308+00:00,train,1,7095,self,1.0,0,98,,
2025-11-27T00:32:17.607420+00:00,train,1,7096,self,1.0,0,99,,
2025-11-27T00:32:17.607531+00:00,train,1,7097,self,1.0,0,92,,
2025-11-27T00:32:17.607641+00:00,train,1,7098,self,1.0,0,98,,
2025-11-27T00:32:17.607752+00:00,train,1,7099,self,1.0,0,94,,
2025-11-27T00:32:17.607862+00:00,train,1,7100,self,1.0,0,100,,
2025-11-27T00:32:17.607972+00:00,train,1,7101,self,1.0,0,89,,
2025-11-27T00:32:17.608083+00:00,train,1,7102,self,1.0,0,97,,
2025-11-27T00:32:17.608193+00:00,train,1,7103,self,1.0,0,80,,
2025-11-27T00:32:17.608303+00:00,train,1,7104,self,1.0,0,95,,
2025-11-27T00:32:17.608413+00:00,train,1,7105,self,1.0,0,97,,
2025-11-27T00:32:17.608523+00:00,train,1,7106,self,1.0,0,99,,
2025-11-27T00:32:17.608634+00:00,train,1,7107,self,1.0,0,94,,
2025-11-27T00:32:17.608744+00:00,train,1,7108,self,1.0,0,100,,
2025-11-27T00:32:17.608855+00:00,train,1,7109,self,1.0,0,92,,
2025-11-27T00:32:17.608965+00:00,train,1,7110,self,1.0,0,96,,
2025-11-27T00:32:17.609075+00:00,train,1,7111,self,1.0,0,88,,
2025-11-27T00:32:17.609185+00:00,train,1,7112,self,1.0,0,99,,
2025-11-27T00:32:17.609296+00:00,train,1,7113,self,1.0,0,87,,
2025-11-27T00:32:17.609405+00:00,train,1,7114,self,1.0,0,98,,
2025-11-27T00:32:17.609515+00:00,train,1,7115,self,1.0,0,92,,
2025-11-27T00:32:17.609625+00:00,train,1,7116,self,1.0,0,100,,
2025-11-27T00:32:17.609735+00:00,train,1,7117,self,1.0,0,99,,
2025-11-27T00:32:17.609846+00:00,train,1,7118,self,1.0,0,100,,
2025-11-27T00:32:17.609956+00:00,train,1,7119,self,1.0,0,90,,
2025-11-27T00:32:17.610066+00:00,train,1,7120,self,1.0,0,100,,
2025-11-27T00:32:17.610176+00:00,train,1,7121,self,1.0,0,91,,
2025-11-27T00:32:17.610286+00:00,train,1,7122,self,1.0,0,100,,
2025-11-27T00:32:17.610396+00:00,train,1,7123,self,1.0,0,97,,
2025-11-27T00:32:17.610507+00:00,train,1,7124,self,1.0,0,98,,
2025-11-27T00:32:17.610617+00:00,train,1,7125,self,1.0,0,91,,
2025-11-27T00:32:17.610727+00:00,train,1,7126,self,1.0,0,98,,
2025-11-27T00:32:17.610838+00:00,train,1,7127,self,1.0,0,96,,
2025-11-27T00:32:17.610949+00:00,train,1,7128,self,1.0,0,98,,
2025-11-27T00:32:17.611059+00:00,train,1,7129,self,1.0,0,95,,
2025-11-27T00:32:17.611170+00:00,train,1,7130,self,1.0,0,100,,
2025-11-27T00:32:17.611280+00:00,train,1,7131,self,1.0,0,97,,
2025-11-27T00:32:17.611391+00:00,train,1,7132,self,1.0,0,99,,
2025-11-27T00:32:17.611501+00:00,train,1,7133,self,1.0,0,95,,
2025-11-27T00:32:17.611612+00:00,train,1,7134,self,1.0,0,95,,
2025-11-27T00:32:17.611722+00:00,train,1,7135,self,1.0,0,100,,
2025-11-27T00:32:17.611832+00:00,train,1,7136,self,1.0,0,100,,
2025-11-27T00:32:17.611942+00:00,train,1,7137,self,1.0,0,81,,
2025-11-27T00:32:17.612052+00:00,train,1,7138,self,1.0,0,100,,
2025-11-27T00:32:17.612162+00:00,train,1,7139,self,1.0,0,87,,
2025-11-27T00:32:17.612273+00:00,train,1,7140,self,1.0,0,100,,
2025-11-27T00:32:17.612383+00:00,train,1,7141,self,1.0,0,99,,
2025-11-27T00:32:17.612530+00:00,train,1,7142,self,1.0,0,100,,
2025-11-27T00:32:17.612706+00:00,train,1,7143,self,1.0,0,96,,
2025-11-27T00:32:17.612818+00:00,train,1,7144,self,1.0,0,97,,
2025-11-27T00:32:17.612929+00:00,train,1,7145,self,1.0,0,90,,
2025-11-27T00:32:17.613040+00:00,train,1,7146,self,1.0,0,97,,
2025-11-27T00:32:17.613150+00:00,train,1,7147,self,1.0,0,88,,
2025-11-27T00:32:17.613261+00:00,train,1,7148,self,1.0,0,96,,
2025-11-27T00:32:17.613373+00:00,train,1,7149,self,1.0,0,99,,
2025-11-27T00:32:17.613484+00:00,train,1,7150,self,1.0,0,100,,
2025-11-27T00:32:17.613595+00:00,train,1,7151,self,1.0,0,98,,
2025-11-27T00:32:17.613707+00:00,train,1,7152,self,1.0,0,100,,
2025-11-27T00:32:17.613819+00:00,train,1,7153,self,1.0,0,93,,
2025-11-27T00:32:17.613929+00:00,train,1,7154,self,1.0,0,97,,
2025-11-27T00:32:17.614040+00:00,train,1,7155,self,1.0,0,92,,
2025-11-27T00:32:17.614151+00:00,train,1,7156,self,1.0,0,98,,
2025-11-27T00:32:17.614262+00:00,train,1,7157,self,1.0,0,98,,
2025-11-27T00:32:17.614372+00:00,train,1,7158,self,1.0,0,100,,
2025-11-27T00:32:17.614482+00:00,train,1,7159,self,1.0,0,93,,
2025-11-27T00:32:17.614593+00:00,train,1,7160,self,1.0,0,100,,
2025-11-27T00:32:17.614703+00:00,train,1,7161,self,1.0,0,97,,
2025-11-27T00:32:17.614814+00:00,train,1,7162,self,1.0,0,99,,
2025-11-27T00:32:17.614925+00:00,train,1,7163,self,1.0,0,94,,
2025-11-27T00:32:17.615036+00:00,train,1,7164,self,1.0,0,99,,
2025-11-27T00:32:17.615147+00:00,train,1,7165,self,1.0,0,88,,
2025-11-27T00:32:17.615293+00:00,train,1,7166,self,1.0,0,100,,
2025-11-27T00:32:17.615432+00:00,train,1,7167,self,1.0,0,98,,
2025-11-27T00:32:17.615561+00:00,train,1,7168,self,1.0,0,100,,
2025-11-27T00:32:17.615672+00:00,train,1,7169,self,1.0,0,87,,
2025-11-27T00:32:17.615782+00:00,train,1,7170,self,1.0,0,97,,
2025-11-27T00:32:17.615892+00:00,train,1,7171,self,1.0,0,90,,
2025-11-27T00:32:17.616003+00:00,train,1,7172,self,1.0,0,99,,
2025-11-27T00:32:17.616114+00:00,train,1,7173,self,1.0,0,95,,
2025-11-27T00:32:17.616225+00:00,train,1,7174,self,1.0,0,99,,
2025-11-27T00:32:17.616335+00:00,train,1,7175,self,1.0,0,91,,
2025-11-27T00:32:17.616445+00:00,train,1,7176,self,1.0,0,97,,
2025-11-27T00:32:17.616555+00:00,train,1,7177,self,1.0,0,93,,
2025-11-27T00:32:17.616666+00:00,train,1,7178,self,1.0,0,99,,
2025-11-27T00:32:17.616776+00:00,train,1,7179,self,1.0,0,93,,
2025-11-27T00:32:17.616887+00:00,train,1,7180,self,1.0,0,99,,
2025-11-27T00:32:17.616997+00:00,train,1,7181,self,1.0,0,95,,
2025-11-27T00:32:17.617107+00:00,train,1,7182,self,1.0,0,100,,
2025-11-27T00:32:17.617217+00:00,train,1,7183,self,1.0,0,81,,
2025-11-27T00:32:17.617327+00:00,train,1,7184,self,1.0,0,100,,
2025-11-27T00:32:17.617439+00:00,train,1,7185,self,1.0,0,96,,
2025-11-27T00:32:17.617550+00:00,train,1,7186,self,1.0,0,99,,
2025-11-27T00:32:17.617660+00:00,train,1,7187,self,1.0,0,92,,
2025-11-27T00:32:17.617772+00:00,train,1,7188,self,1.0,0,96,,
2025-11-27T00:32:17.617882+00:00,train,1,7189,self,1.0,0,92,,
2025-11-27T00:32:17.617992+00:00,train,1,7190,self,1.0,0,100,,
2025-11-27T00:32:17.618102+00:00,train,1,7191,self,1.0,0,100,,
2025-11-27T00:32:17.618214+00:00,train,1,7192,self,1.0,0,100,,
2025-11-27T00:32:17.618325+00:00,train,1,7193,self,1.0,0,90,,
2025-11-27T00:32:17.618435+00:00,train,1,7194,self,1.0,0,94,,
2025-11-27T00:32:17.618546+00:00,train,1,7195,self,1.0,0,91,,
2025-11-27T00:32:17.618657+00:00,train,1,7196,self,1.0,0,96,,
2025-11-27T00:32:17.618767+00:00,train,1,7197,self,1.0,0,88,,
2025-11-27T00:32:17.618878+00:00,train,1,7198,self,1.0,0,97,,
2025-11-27T00:32:17.618988+00:00,train,1,7199,self,1.0,0,96,,
2025-11-27T00:32:17.619099+00:00,train,1,7200,self,1.0,0,100,,
2025-11-27T00:32:17.619208+00:00,train,1,7201,self,1.0,0,94,,
2025-11-27T00:32:17.619318+00:00,train,1,7202,self,1.0,0,95,,
2025-11-27T00:32:17.619429+00:00,train,1,7203,self,1.0,0,97,,
2025-11-27T00:32:17.619540+00:00,train,1,7204,self,1.0,0,98,,
2025-11-27T00:32:17.619650+00:00,train,1,7205,self,1.0,0,86,,
2025-11-27T00:32:17.619760+00:00,train,1,7206,self,1.0,0,99,,
2025-11-27T00:32:17.619870+00:00,train,1,7207,self,1.0,0,91,,
2025-11-27T00:32:17.619981+00:00,train,1,7208,self,1.0,0,97,,
2025-11-27T00:32:17.620139+00:00,train,1,7209,self,1.0,0,94,,
2025-11-27T00:32:17.620286+00:00,train,1,7210,self,1.0,0,100,,
2025-11-27T00:32:17.620396+00:00,train,1,7211,self,1.0,0,96,,
2025-11-27T00:32:17.620507+00:00,train,1,7212,self,1.0,0,96,,
2025-11-27T00:32:17.620617+00:00,train,1,7213,self,1.0,0,87,,
2025-11-27T00:32:17.620729+00:00,train,1,7214,self,1.0,0,98,,
2025-11-27T00:32:17.620839+00:00,train,1,7215,self,1.0,0,95,,
2025-11-27T00:32:17.620950+00:00,train,1,7216,self,1.0,0,99,,
2025-11-27T00:32:17.621060+00:00,train,1,7217,self,1.0,0,88,,
2025-11-27T00:32:17.621169+00:00,train,1,7218,self,1.0,0,92,,
2025-11-27T00:32:17.621280+00:00,train,1,7219,self,1.0,0,91,,
2025-11-27T00:32:17.621390+00:00,train,1,7220,self,1.0,0,95,,
2025-11-27T00:32:17.621501+00:00,train,1,7221,self,1.0,0,87,,
2025-11-27T00:32:17.621611+00:00,train,1,7222,self,1.0,0,93,,
2025-11-27T00:32:17.621721+00:00,train,1,7223,self,1.0,0,95,,
2025-11-27T00:32:17.621832+00:00,train,1,7224,self,1.0,0,100,,
2025-11-27T00:32:17.621942+00:00,train,1,7225,self,1.0,0,94,,
2025-11-27T00:32:17.622052+00:00,train,1,7226,self,1.0,0,96,,
2025-11-27T00:32:17.622162+00:00,train,1,7227,self,1.0,0,98,,
2025-11-27T00:32:17.622272+00:00,train,1,7228,self,1.0,0,99,,
2025-11-27T00:32:17.622383+00:00,train,1,7229,self,1.0,0,95,,
2025-11-27T00:32:17.622496+00:00,train,1,7230,self,1.0,0,96,,
2025-11-27T00:32:17.622607+00:00,train,1,7231,self,1.0,0,94,,
2025-11-27T00:32:17.622718+00:00,train,1,7232,self,1.0,0,99,,
2025-11-27T00:32:17.622828+00:00,train,1,7233,self,1.0,0,87,,
2025-11-27T00:32:17.622938+00:00,train,1,7234,self,1.0,0,91,,
2025-11-27T00:32:17.623048+00:00,train,1,7235,self,1.0,0,93,,
2025-11-27T00:32:17.623159+00:00,train,1,7236,self,1.0,0,100,,
2025-11-27T00:32:17.623270+00:00,train,1,7237,self,1.0,0,97,,
2025-11-27T00:32:17.623380+00:00,train,1,7238,self,1.0,0,100,,
2025-11-27T00:32:17.623491+00:00,train,1,7239,self,1.0,0,98,,
2025-11-27T00:32:17.623601+00:00,train,1,7240,self,1.0,0,100,,
2025-11-27T00:32:17.623765+00:00,train,1,7241,self,1.0,0,96,,
2025-11-27T00:32:17.623880+00:00,train,1,7242,self,1.0,0,100,,
2025-11-27T00:32:17.623991+00:00,train,1,7243,self,1.0,0,89,,
2025-11-27T00:32:17.624102+00:00,train,1,7244,self,1.0,0,98,,
2025-11-27T00:32:17.624213+00:00,train,1,7245,self,1.0,0,93,,
2025-11-27T00:32:17.624324+00:00,train,1,7246,self,1.0,0,97,,
2025-11-27T00:32:17.624436+00:00,train,1,7247,self,1.0,0,84,,
2025-11-27T00:32:17.624546+00:00,train,1,7248,self,1.0,0,86,,
2025-11-27T00:32:17.624661+00:00,train,1,7249,self,1.0,0,98,,
2025-11-27T00:32:17.624772+00:00,train,1,7250,self,1.0,0,100,,
2025-11-27T00:32:17.624884+00:00,train,1,7251,self,1.0,0,98,,
2025-11-27T00:32:17.624995+00:00,train,1,7252,self,1.0,0,99,,
2025-11-27T00:32:17.625106+00:00,train,1,7253,self,1.0,0,86,,
2025-11-27T00:32:17.625216+00:00,train,1,7254,self,1.0,0,96,,
2025-11-27T00:32:17.625331+00:00,train,1,7255,self,1.0,0,100,,
2025-11-27T00:32:17.625443+00:00,train,1,7256,self,1.0,0,100,,
2025-11-27T00:32:17.625558+00:00,train,1,7257,self,1.0,0,90,,
2025-11-27T00:32:17.625668+00:00,train,1,7258,self,1.0,0,97,,
2025-11-27T00:32:17.625779+00:00,train,1,7259,self,1.0,0,90,,
2025-11-27T00:32:17.625889+00:00,train,1,7260,self,1.0,0,99,,
2025-11-27T00:32:17.625999+00:00,train,1,7261,self,1.0,0,98,,
2025-11-27T00:32:17.626109+00:00,train,1,7262,self,1.0,0,99,,
2025-11-27T00:32:17.626220+00:00,train,1,7263,self,1.0,0,91,,
2025-11-27T00:32:17.626331+00:00,train,1,7264,self,1.0,0,91,,
2025-11-27T00:32:17.626447+00:00,train,1,7265,self,1.0,0,93,,
2025-11-27T00:32:17.626556+00:00,train,1,7266,self,1.0,0,98,,
2025-11-27T00:32:17.626667+00:00,train,1,7267,self,1.0,0,96,,
2025-11-27T00:32:17.626777+00:00,train,1,7268,self,1.0,0,99,,
2025-11-27T00:32:17.626887+00:00,train,1,7269,self,1.0,0,91,,
2025-11-27T00:32:17.626998+00:00,train,1,7270,self,1.0,0,100,,
2025-11-27T00:32:17.627109+00:00,train,1,7271,self,1.0,0,95,,
2025-11-27T00:32:17.627219+00:00,train,1,7272,self,1.0,0,97,,
2025-11-27T00:32:17.627336+00:00,train,1,7273,self,1.0,0,96,,
2025-11-27T00:32:17.627448+00:00,train,1,7274,self,1.0,0,99,,
2025-11-27T00:32:17.627558+00:00,train,1,7275,self,1.0,0,100,,
2025-11-27T00:32:17.627669+00:00,train,1,7276,self,1.0,0,100,,
2025-11-27T00:32:17.627781+00:00,train,1,7277,self,1.0,0,92,,
2025-11-27T00:32:17.627891+00:00,train,1,7278,self,1.0,0,96,,
2025-11-27T00:32:17.628004+00:00,train,1,7279,self,1.0,0,92,,
2025-11-27T00:32:17.628114+00:00,train,1,7280,self,1.0,0,95,,
2025-11-27T00:32:17.628230+00:00,train,1,7281,self,1.0,0,96,,
2025-11-27T00:32:17.628340+00:00,train,1,7282,self,1.0,0,96,,
2025-11-27T00:32:17.628450+00:00,train,1,7283,self,1.0,0,99,,
2025-11-27T00:32:17.628560+00:00,train,1,7284,self,1.0,0,100,,
2025-11-27T00:32:17.628671+00:00,train,1,7285,self,1.0,0,87,,
2025-11-27T00:32:17.628781+00:00,train,1,7286,self,1.0,0,91,,
2025-11-27T00:32:17.628891+00:00,train,1,7287,self,1.0,0,95,,
2025-11-27T00:32:17.629002+00:00,train,1,7288,self,1.0,0,96,,
2025-11-27T00:32:17.629117+00:00,train,1,7289,self,1.0,0,98,,
2025-11-27T00:32:17.629227+00:00,train,1,7290,self,1.0,0,100,,
2025-11-27T00:32:17.629338+00:00,train,1,7291,self,1.0,0,93,,
2025-11-27T00:32:17.629448+00:00,train,1,7292,self,1.0,0,97,,
2025-11-27T00:32:17.629559+00:00,train,1,7293,self,1.0,0,92,,
2025-11-27T00:32:17.629673+00:00,train,1,7294,self,1.0,0,97,,
2025-11-27T00:32:17.629784+00:00,train,1,7295,self,1.0,0,92,,
2025-11-27T00:32:17.629895+00:00,train,1,7296,self,1.0,0,94,,
2025-11-27T00:32:17.630010+00:00,train,1,7297,self,1.0,0,91,,
2025-11-27T00:32:17.630121+00:00,train,1,7298,self,1.0,0,100,,
2025-11-27T00:32:17.630231+00:00,train,1,7299,self,1.0,0,96,,
2025-11-27T00:32:17.630341+00:00,train,1,7300,self,1.0,0,97,,
2025-11-27T00:32:17.630452+00:00,train,1,7301,self,1.0,0,89,,
2025-11-27T00:32:17.630563+00:00,train,1,7302,self,1.0,0,94,,
2025-11-27T00:32:17.630673+00:00,train,1,7303,self,1.0,0,88,,
2025-11-27T00:32:17.630783+00:00,train,1,7304,self,1.0,0,92,,
2025-11-27T00:32:17.630898+00:00,train,1,7305,self,1.0,0,94,,
2025-11-27T00:32:17.631011+00:00,train,1,7306,self,1.0,0,98,,
2025-11-27T00:32:17.631121+00:00,train,1,7307,self,1.0,0,91,,
2025-11-27T00:32:17.631232+00:00,train,1,7308,self,1.0,0,99,,
2025-11-27T00:32:17.631343+00:00,train,1,7309,self,1.0,0,92,,
2025-11-27T00:32:17.631453+00:00,train,1,7310,self,1.0,0,100,,
2025-11-27T00:32:17.631563+00:00,train,1,7311,self,1.0,0,88,,
2025-11-27T00:32:17.631674+00:00,train,1,7312,self,1.0,0,96,,
2025-11-27T00:32:17.631788+00:00,train,1,7313,self,1.0,0,89,,
2025-11-27T00:32:17.631898+00:00,train,1,7314,self,1.0,0,96,,
2025-11-27T00:32:17.632008+00:00,train,1,7315,self,1.0,0,84,,
2025-11-27T00:32:17.632118+00:00,train,1,7316,self,1.0,0,96,,
2025-11-27T00:32:17.632228+00:00,train,1,7317,self,1.0,0,95,,
2025-11-27T00:32:17.632338+00:00,train,1,7318,self,1.0,0,97,,
2025-11-27T00:32:17.632449+00:00,train,1,7319,self,1.0,0,93,,
2025-11-27T00:32:17.632562+00:00,train,1,7320,self,1.0,0,99,,
2025-11-27T00:32:17.632678+00:00,train,1,7321,self,1.0,0,100,,
2025-11-27T00:32:17.632789+00:00,train,1,7322,self,1.0,0,100,,
2025-11-27T00:32:17.632899+00:00,train,1,7323,self,1.0,0,85,,
2025-11-27T00:32:17.633010+00:00,train,1,7324,self,1.0,0,90,,
2025-11-27T00:32:17.633120+00:00,train,1,7325,self,1.0,0,92,,
2025-11-27T00:32:17.633231+00:00,train,1,7326,self,1.0,0,99,,
2025-11-27T00:32:17.633342+00:00,train,1,7327,self,1.0,0,98,,
2025-11-27T00:32:17.633452+00:00,train,1,7328,self,1.0,0,100,,
2025-11-27T00:32:17.633567+00:00,train,1,7329,self,1.0,0,92,,
2025-11-27T00:32:17.633677+00:00,train,1,7330,self,1.0,0,98,,
2025-11-27T00:32:17.633788+00:00,train,1,7331,self,1.0,0,95,,
2025-11-27T00:32:17.633898+00:00,train,1,7332,self,1.0,0,99,,
2025-11-27T00:32:17.634008+00:00,train,1,7333,self,1.0,0,94,,
2025-11-27T00:32:17.634118+00:00,train,1,7334,self,1.0,0,95,,
2025-11-27T00:32:17.634228+00:00,train,1,7335,self,1.0,0,92,,
2025-11-27T00:32:17.634339+00:00,train,1,7336,self,1.0,0,98,,
2025-11-27T00:32:17.634454+00:00,train,1,7337,self,1.0,0,91,,
2025-11-27T00:32:17.634564+00:00,train,1,7338,self,1.0,0,93,,
2025-11-27T00:32:17.634678+00:00,train,1,7339,self,1.0,0,98,,
2025-11-27T00:32:17.634792+00:00,train,1,7340,self,1.0,0,98,,
2025-11-27T00:32:17.634903+00:00,train,1,7341,self,1.0,0,89,,
2025-11-27T00:32:17.635013+00:00,train,1,7342,self,1.0,0,100,,
2025-11-27T00:32:17.635123+00:00,train,1,7343,self,1.0,0,96,,
2025-11-27T00:32:17.635289+00:00,train,1,7344,self,1.0,0,100,,
2025-11-27T00:32:17.635401+00:00,train,1,7345,self,1.0,0,88,,
2025-11-27T00:32:17.635512+00:00,train,1,7346,self,1.0,0,91,,
2025-11-27T00:32:17.635623+00:00,train,1,7347,self,1.0,0,94,,
2025-11-27T00:32:17.635733+00:00,train,1,7348,self,1.0,0,100,,
2025-11-27T00:32:17.635845+00:00,train,1,7349,self,1.0,0,92,,
2025-11-27T00:32:17.635956+00:00,train,1,7350,self,1.0,0,93,,
2025-11-27T00:32:17.636067+00:00,train,1,7351,self,1.0,0,98,,
2025-11-27T00:32:17.636183+00:00,train,1,7352,self,1.0,0,100,,
2025-11-27T00:32:17.636294+00:00,train,1,7353,self,1.0,0,98,,
2025-11-27T00:32:17.636405+00:00,train,1,7354,self,1.0,0,99,,
2025-11-27T00:32:17.636515+00:00,train,1,7355,self,1.0,0,97,,
2025-11-27T00:32:17.636625+00:00,train,1,7356,self,1.0,0,100,,
2025-11-27T00:32:17.636735+00:00,train,1,7357,self,1.0,0,98,,
2025-11-27T00:32:17.636846+00:00,train,1,7358,self,1.0,0,100,,
2025-11-27T00:32:17.636956+00:00,train,1,7359,self,1.0,0,88,,
2025-11-27T00:32:17.637072+00:00,train,1,7360,self,1.0,0,91,,
2025-11-27T00:32:17.637182+00:00,train,1,7361,self,1.0,0,99,,
2025-11-27T00:32:17.637292+00:00,train,1,7362,self,1.0,0,100,,
2025-11-27T00:32:17.637408+00:00,train,1,7363,self,1.0,0,72,,
2025-11-27T00:32:17.637519+00:00,train,1,7364,self,1.0,0,99,,
2025-11-27T00:32:17.637629+00:00,train,1,7365,self,1.0,0,96,,
2025-11-27T00:32:17.637740+00:00,train,1,7366,self,1.0,0,99,,
2025-11-27T00:32:17.637850+00:00,train,1,7367,self,1.0,0,96,,
2025-11-27T00:32:17.637966+00:00,train,1,7368,self,1.0,0,99,,
2025-11-27T00:32:17.638076+00:00,train,1,7369,self,1.0,0,91,,
2025-11-27T00:32:17.638187+00:00,train,1,7370,self,1.0,0,100,,
2025-11-27T00:32:17.638297+00:00,train,1,7371,self,1.0,0,89,,
2025-11-27T00:32:17.638408+00:00,train,1,7372,self,1.0,0,98,,
2025-11-27T00:32:17.638518+00:00,train,1,7373,self,1.0,0,100,,
2025-11-27T00:32:17.638628+00:00,train,1,7374,self,1.0,0,100,,
2025-11-27T00:32:17.638738+00:00,train,1,7375,self,1.0,0,95,,
2025-11-27T00:32:17.638853+00:00,train,1,7376,self,1.0,0,99,,
2025-11-27T00:32:17.638963+00:00,train,1,7377,self,1.0,0,92,,
2025-11-27T00:32:17.639073+00:00,train,1,7378,self,1.0,0,95,,
2025-11-27T00:32:17.639183+00:00,train,1,7379,self,1.0,0,86,,
2025-11-27T00:32:17.639293+00:00,train,1,7380,self,1.0,0,100,,
2025-11-27T00:32:17.639402+00:00,train,1,7381,self,1.0,0,80,,
2025-11-27T00:32:17.639513+00:00,train,1,7382,self,1.0,0,97,,
2025-11-27T00:32:17.639622+00:00,train,1,7383,self,1.0,0,92,,
2025-11-27T00:32:17.639738+00:00,train,1,7384,self,1.0,0,95,,
2025-11-27T00:32:17.639847+00:00,train,1,7385,self,1.0,0,90,,
2025-11-27T00:32:17.639957+00:00,train,1,7386,self,1.0,0,96,,
2025-11-27T00:32:17.640067+00:00,train,1,7387,self,1.0,0,100,,
2025-11-27T00:32:17.640177+00:00,train,1,7388,self,1.0,0,100,,
2025-11-27T00:32:17.640286+00:00,train,1,7389,self,1.0,0,96,,
2025-11-27T00:32:17.640401+00:00,train,1,7390,self,1.0,0,96,,
2025-11-27T00:32:17.640554+00:00,train,1,7391,self,1.0,0,90,,
2025-11-27T00:32:17.640669+00:00,train,1,7392,self,1.0,0,91,,
2025-11-27T00:32:17.640780+00:00,train,1,7393,self,1.0,0,94,,
2025-11-27T00:32:17.640891+00:00,train,1,7394,self,1.0,0,95,,
2025-11-27T00:32:17.641001+00:00,train,1,7395,self,1.0,0,87,,
2025-11-27T00:32:17.641110+00:00,train,1,7396,self,1.0,0,95,,
2025-11-27T00:32:17.641221+00:00,train,1,7397,self,1.0,0,94,,
2025-11-27T00:32:17.641332+00:00,train,1,7398,self,1.0,0,96,,
2025-11-27T00:32:17.641442+00:00,train,1,7399,self,1.0,0,94,,
2025-11-27T00:32:17.641557+00:00,train,1,7400,self,1.0,0,100,,
2025-11-27T00:32:17.641668+00:00,train,1,7401,self,1.0,0,97,,
2025-11-27T00:32:17.641778+00:00,train,1,7402,self,1.0,0,98,,
2025-11-27T00:32:17.641889+00:00,train,1,7403,self,1.0,0,84,,
2025-11-27T00:32:17.641999+00:00,train,1,7404,self,1.0,0,96,,
2025-11-27T00:32:17.642109+00:00,train,1,7405,self,1.0,0,89,,
2025-11-27T00:32:17.642219+00:00,train,1,7406,self,1.0,0,94,,
2025-11-27T00:32:17.642330+00:00,train,1,7407,self,1.0,0,92,,
2025-11-27T00:32:17.642447+00:00,train,1,7408,self,1.0,0,98,,
2025-11-27T00:32:17.642561+00:00,train,1,7409,self,1.0,0,93,,
2025-11-27T00:32:17.642673+00:00,train,1,7410,self,1.0,0,99,,
2025-11-27T00:32:17.642783+00:00,train,1,7411,self,1.0,0,100,,
2025-11-27T00:32:17.642893+00:00,train,1,7412,self,1.0,0,100,,
2025-11-27T00:32:17.643004+00:00,train,1,7413,self,1.0,0,95,,
2025-11-27T00:32:17.643114+00:00,train,1,7414,self,1.0,0,98,,
2025-11-27T00:32:17.643225+00:00,train,1,7415,self,1.0,0,98,,
2025-11-27T00:32:17.643340+00:00,train,1,7416,self,1.0,0,100,,
2025-11-27T00:32:17.643452+00:00,train,1,7417,self,1.0,0,92,,
2025-11-27T00:32:17.643562+00:00,train,1,7418,self,1.0,0,100,,
2025-11-27T00:32:17.643672+00:00,train,1,7419,self,1.0,0,96,,
2025-11-27T00:32:17.643783+00:00,train,1,7420,self,1.0,0,97,,
2025-11-27T00:32:17.643893+00:00,train,1,7421,self,1.0,0,94,,
2025-11-27T00:32:17.644004+00:00,train,1,7422,self,1.0,0,98,,
2025-11-27T00:32:17.644114+00:00,train,1,7423,self,1.0,0,93,,
2025-11-27T00:32:17.644230+00:00,train,1,7424,self,1.0,0,96,,
2025-11-27T00:32:17.644340+00:00,train,1,7425,self,1.0,0,97,,
2025-11-27T00:32:17.644450+00:00,train,1,7426,self,1.0,0,100,,
2025-11-27T00:32:17.644561+00:00,train,1,7427,self,1.0,0,93,,
2025-11-27T00:32:17.644672+00:00,train,1,7428,self,1.0,0,95,,
2025-11-27T00:32:17.644782+00:00,train,1,7429,self,1.0,0,95,,
2025-11-27T00:32:17.644892+00:00,train,1,7430,self,1.0,0,99,,
2025-11-27T00:32:17.645077+00:00,train,1,7431,self,1.0,0,99,,
2025-11-27T00:32:17.645189+00:00,train,1,7432,self,1.0,0,100,,
2025-11-27T00:32:17.645301+00:00,train,1,7433,self,1.0,0,98,,
2025-11-27T00:32:17.645411+00:00,train,1,7434,self,1.0,0,100,,
2025-11-27T00:32:17.645522+00:00,train,1,7435,self,1.0,0,91,,
2025-11-27T00:32:17.645632+00:00,train,1,7436,self,1.0,0,100,,
2025-11-27T00:32:17.645742+00:00,train,1,7437,self,1.0,0,95,,
2025-11-27T00:32:17.645853+00:00,train,1,7438,self,1.0,0,98,,
2025-11-27T00:32:17.645963+00:00,train,1,7439,self,1.0,0,82,,
2025-11-27T00:32:17.646074+00:00,train,1,7440,self,1.0,0,94,,
2025-11-27T00:32:17.646186+00:00,train,1,7441,self,1.0,0,95,,
2025-11-27T00:32:17.646299+00:00,train,1,7442,self,1.0,0,98,,
2025-11-27T00:32:17.646410+00:00,train,1,7443,self,1.0,0,94,,
2025-11-27T00:32:17.646520+00:00,train,1,7444,self,1.0,0,97,,
2025-11-27T00:32:17.646631+00:00,train,1,7445,self,1.0,0,96,,
2025-11-27T00:32:17.646746+00:00,train,1,7446,self,1.0,0,100,,
2025-11-27T00:32:17.646856+00:00,train,1,7447,self,1.0,0,98,,
2025-11-27T00:32:17.646967+00:00,train,1,7448,self,1.0,0,98,,
2025-11-27T00:32:17.647077+00:00,train,1,7449,self,1.0,0,93,,
2025-11-27T00:32:17.647187+00:00,train,1,7450,self,1.0,0,94,,
2025-11-27T00:32:17.647298+00:00,train,1,7451,self,1.0,0,98,,
2025-11-27T00:32:17.647410+00:00,train,1,7452,self,1.0,0,100,,
2025-11-27T00:32:17.647521+00:00,train,1,7453,self,1.0,0,91,,
2025-11-27T00:32:17.647630+00:00,train,1,7454,self,1.0,0,97,,
2025-11-27T00:32:17.647741+00:00,train,1,7455,self,1.0,0,100,,
2025-11-27T00:32:17.647851+00:00,train,1,7456,self,1.0,0,100,,
2025-11-27T00:32:17.647961+00:00,train,1,7457,self,1.0,0,91,,
2025-11-27T00:32:17.648071+00:00,train,1,7458,self,1.0,0,100,,
2025-11-27T00:32:17.648182+00:00,train,1,7459,self,1.0,0,83,,
2025-11-27T00:32:17.648292+00:00,train,1,7460,self,1.0,0,100,,
2025-11-27T00:32:17.648402+00:00,train,1,7461,self,1.0,0,94,,
2025-11-27T00:32:17.648512+00:00,train,1,7462,self,1.0,0,98,,
2025-11-27T00:32:17.648622+00:00,train,1,7463,self,1.0,0,90,,
2025-11-27T00:32:17.648733+00:00,train,1,7464,self,1.0,0,95,,
2025-11-27T00:32:17.648842+00:00,train,1,7465,self,1.0,0,96,,
2025-11-27T00:32:17.648953+00:00,train,1,7466,self,1.0,0,100,,
2025-11-27T00:32:17.649063+00:00,train,1,7467,self,1.0,0,94,,
2025-11-27T00:32:17.649173+00:00,train,1,7468,self,1.0,0,99,,
2025-11-27T00:32:17.649283+00:00,train,1,7469,self,1.0,0,91,,
2025-11-27T00:32:17.649393+00:00,train,1,7470,self,1.0,0,91,,
2025-11-27T00:32:17.649503+00:00,train,1,7471,self,1.0,0,94,,
2025-11-27T00:32:17.649613+00:00,train,1,7472,self,1.0,0,98,,
2025-11-27T00:32:17.649725+00:00,train,1,7473,self,1.0,0,94,,
2025-11-27T00:32:17.649835+00:00,train,1,7474,self,1.0,0,95,,
2025-11-27T00:32:17.649945+00:00,train,1,7475,self,1.0,0,95,,
2025-11-27T00:32:17.650055+00:00,train,1,7476,self,1.0,0,100,,
2025-11-27T00:32:17.650166+00:00,train,1,7477,self,1.0,0,98,,
2025-11-27T00:32:17.650276+00:00,train,1,7478,self,1.0,0,100,,
2025-11-27T00:32:17.650387+00:00,train,1,7479,self,1.0,0,93,,
2025-11-27T00:32:17.650498+00:00,train,1,7480,self,1.0,0,96,,
2025-11-27T00:32:17.650608+00:00,train,1,7481,self,1.0,0,99,,
2025-11-27T00:32:17.650718+00:00,train,1,7482,self,1.0,0,99,,
2025-11-27T00:32:17.650828+00:00,train,1,7483,self,1.0,0,92,,
2025-11-27T00:32:17.650938+00:00,train,1,7484,self,1.0,0,99,,
2025-11-27T00:32:17.651048+00:00,train,1,7485,self,1.0,0,97,,
2025-11-27T00:32:17.651160+00:00,train,1,7486,self,1.0,0,98,,
2025-11-27T00:32:17.651270+00:00,train,1,7487,self,1.0,0,91,,
2025-11-27T00:32:17.651381+00:00,train,1,7488,self,1.0,0,98,,
2025-11-27T00:32:17.651491+00:00,train,1,7489,self,1.0,0,97,,
2025-11-27T00:32:17.651601+00:00,train,1,7490,self,1.0,0,98,,
2025-11-27T00:32:17.651756+00:00,train,1,7491,self,1.0,0,88,,
2025-11-27T00:32:17.651866+00:00,train,1,7492,self,1.0,0,99,,
2025-11-27T00:32:17.651976+00:00,train,1,7493,self,1.0,0,93,,
2025-11-27T00:32:17.652086+00:00,train,1,7494,self,1.0,0,98,,
2025-11-27T00:32:17.652196+00:00,train,1,7495,self,1.0,0,75,,
2025-11-27T00:32:17.652307+00:00,train,1,7496,self,1.0,0,100,,
2025-11-27T00:32:17.652417+00:00,train,1,7497,self,1.0,0,97,,
2025-11-27T00:32:17.652526+00:00,train,1,7498,self,1.0,0,98,,
2025-11-27T00:32:17.652636+00:00,train,1,7499,self,1.0,0,99,,
2025-11-27T00:32:17.652746+00:00,train,1,7500,self,1.0,0,99,,
2025-11-27T00:32:17.664083+00:00,train,1,7501,self,1.0,0,84,,
2025-11-27T00:32:17.664262+00:00,train,1,7502,self,1.0,0,95,,
2025-11-27T00:32:17.664399+00:00,train,1,7503,self,1.0,0,99,,
2025-11-27T00:32:17.664534+00:00,train,1,7504,self,1.0,0,100,,
2025-11-27T00:32:17.664752+00:00,train,1,7505,self,1.0,0,88,,
2025-11-27T00:32:17.665074+00:00,train,1,7506,self,1.0,0,88,,
2025-11-27T00:32:17.665351+00:00,train,1,7507,self,1.0,0,99,,
2025-11-27T00:32:17.665661+00:00,train,1,7508,self,1.0,0,100,,
2025-11-27T00:32:17.665955+00:00,train,1,7509,self,1.0,0,99,,
2025-11-27T00:32:17.666252+00:00,train,1,7510,self,1.0,0,100,,
2025-11-27T00:32:17.666563+00:00,train,1,7511,self,1.0,0,87,,
2025-11-27T00:32:17.666875+00:00,train,1,7512,self,1.0,0,100,,
2025-11-27T00:32:17.667184+00:00,train,1,7513,self,1.0,0,90,,
2025-11-27T00:32:17.667485+00:00,train,1,7514,self,1.0,0,97,,
2025-11-27T00:32:17.667840+00:00,train,1,7515,self,1.0,0,96,,
2025-11-27T00:32:17.668181+00:00,train,1,7516,self,1.0,0,98,,
2025-11-27T00:32:17.668520+00:00,train,1,7517,self,1.0,0,95,,
2025-11-27T00:32:17.668861+00:00,train,1,7518,self,1.0,0,95,,
2025-11-27T00:32:17.669196+00:00,train,1,7519,self,1.0,0,87,,
2025-11-27T00:32:17.669528+00:00,train,1,7520,self,1.0,0,95,,
2025-11-27T00:32:17.669851+00:00,train,1,7521,self,1.0,0,92,,
2025-11-27T00:32:17.670148+00:00,train,1,7522,self,1.0,0,97,,
2025-11-27T00:32:17.670479+00:00,train,1,7523,self,1.0,0,96,,
2025-11-27T00:32:17.670816+00:00,train,1,7524,self,1.0,0,97,,
2025-11-27T00:32:17.671152+00:00,train,1,7525,self,1.0,0,85,,
2025-11-27T00:32:17.671493+00:00,train,1,7526,self,1.0,0,100,,
2025-11-27T00:32:17.671806+00:00,train,1,7527,self,1.0,0,97,,
2025-11-27T00:32:17.671983+00:00,train,1,7528,self,1.0,0,99,,
2025-11-27T00:32:17.672137+00:00,train,1,7529,self,1.0,0,97,,
2025-11-27T00:32:17.672288+00:00,train,1,7530,self,1.0,0,99,,
2025-11-27T00:32:17.672441+00:00,train,1,7531,self,1.0,0,97,,
2025-11-27T00:32:17.672594+00:00,train,1,7532,self,1.0,0,100,,
2025-11-27T00:32:17.672747+00:00,train,1,7533,self,1.0,0,99,,
2025-11-27T00:32:17.672899+00:00,train,1,7534,self,1.0,0,100,,
2025-11-27T00:32:17.673050+00:00,train,1,7535,self,1.0,0,86,,
2025-11-27T00:32:17.673201+00:00,train,1,7536,self,1.0,0,99,,
2025-11-27T00:32:17.673352+00:00,train,1,7537,self,1.0,0,95,,
2025-11-27T00:32:17.673506+00:00,train,1,7538,self,1.0,0,96,,
2025-11-27T00:32:17.673658+00:00,train,1,7539,self,1.0,0,98,,
2025-11-27T00:32:17.673809+00:00,train,1,7540,self,1.0,0,100,,
2025-11-27T00:32:17.673960+00:00,train,1,7541,self,1.0,0,96,,
2025-11-27T00:32:17.674113+00:00,train,1,7542,self,1.0,0,98,,
2025-11-27T00:32:17.674265+00:00,train,1,7543,self,1.0,0,96,,
2025-11-27T00:32:17.674416+00:00,train,1,7544,self,1.0,0,97,,
2025-11-27T00:32:17.674569+00:00,train,1,7545,self,1.0,0,74,,
2025-11-27T00:32:17.674720+00:00,train,1,7546,self,1.0,0,86,,
2025-11-27T00:32:17.674873+00:00,train,1,7547,self,1.0,0,97,,
2025-11-27T00:32:17.675088+00:00,train,1,7548,self,1.0,0,100,,
2025-11-27T00:32:17.675294+00:00,train,1,7549,self,1.0,0,86,,
2025-11-27T00:32:17.675475+00:00,train,1,7550,self,1.0,0,98,,
2025-11-27T00:32:17.675647+00:00,train,1,7551,self,1.0,0,90,,
2025-11-27T00:32:17.675814+00:00,train,1,7552,self,1.0,0,100,,
2025-11-27T00:32:17.675979+00:00,train,1,7553,self,1.0,0,93,,
2025-11-27T00:32:17.676141+00:00,train,1,7554,self,1.0,0,100,,
2025-11-27T00:32:17.676306+00:00,train,1,7555,self,1.0,0,97,,
2025-11-27T00:32:17.676469+00:00,train,1,7556,self,1.0,0,100,,
2025-11-27T00:32:17.676635+00:00,train,1,7557,self,1.0,0,87,,
2025-11-27T00:32:17.676797+00:00,train,1,7558,self,1.0,0,100,,
2025-11-27T00:32:17.676957+00:00,train,1,7559,self,1.0,0,93,,
2025-11-27T00:32:17.677116+00:00,train,1,7560,self,1.0,0,100,,
2025-11-27T00:32:17.677275+00:00,train,1,7561,self,1.0,0,86,,
2025-11-27T00:32:17.677434+00:00,train,1,7562,self,1.0,0,96,,
2025-11-27T00:32:17.677593+00:00,train,1,7563,self,1.0,0,96,,
2025-11-27T00:32:17.677754+00:00,train,1,7564,self,1.0,0,99,,
2025-11-27T00:32:17.677913+00:00,train,1,7565,self,1.0,0,95,,
2025-11-27T00:32:17.678071+00:00,train,1,7566,self,1.0,0,100,,
2025-11-27T00:32:17.678229+00:00,train,1,7567,self,1.0,0,96,,
2025-11-27T00:32:17.678388+00:00,train,1,7568,self,1.0,0,97,,
2025-11-27T00:32:17.678548+00:00,train,1,7569,self,1.0,0,93,,
2025-11-27T00:32:17.678707+00:00,train,1,7570,self,1.0,0,98,,
2025-11-27T00:32:17.678865+00:00,train,1,7571,self,1.0,0,92,,
2025-11-27T00:32:17.679024+00:00,train,1,7572,self,1.0,0,96,,
2025-11-27T00:32:17.679182+00:00,train,1,7573,self,1.0,0,97,,
2025-11-27T00:32:17.679341+00:00,train,1,7574,self,1.0,0,98,,
2025-11-27T00:32:17.679499+00:00,train,1,7575,self,1.0,0,96,,
2025-11-27T00:32:17.679659+00:00,train,1,7576,self,1.0,0,99,,
2025-11-27T00:32:17.679818+00:00,train,1,7577,self,1.0,0,98,,
2025-11-27T00:32:17.679976+00:00,train,1,7578,self,1.0,0,99,,
2025-11-27T00:32:17.680135+00:00,train,1,7579,self,1.0,0,96,,
2025-11-27T00:32:17.680294+00:00,train,1,7580,self,1.0,0,100,,
2025-11-27T00:32:17.680452+00:00,train,1,7581,self,1.0,0,96,,
2025-11-27T00:32:17.680610+00:00,train,1,7582,self,1.0,0,100,,
2025-11-27T00:32:17.680769+00:00,train,1,7583,self,1.0,0,89,,
2025-11-27T00:32:17.680928+00:00,train,1,7584,self,1.0,0,97,,
2025-11-27T00:32:17.681087+00:00,train,1,7585,self,1.0,0,91,,
2025-11-27T00:32:17.681249+00:00,train,1,7586,self,1.0,0,94,,
2025-11-27T00:32:17.681407+00:00,train,1,7587,self,1.0,0,98,,
2025-11-27T00:32:17.681566+00:00,train,1,7588,self,1.0,0,100,,
2025-11-27T00:32:17.681725+00:00,train,1,7589,self,1.0,0,88,,
2025-11-27T00:32:17.681883+00:00,train,1,7590,self,1.0,0,91,,
2025-11-27T00:32:17.682044+00:00,train,1,7591,self,1.0,0,91,,
2025-11-27T00:32:17.682202+00:00,train,1,7592,self,1.0,0,100,,
2025-11-27T00:32:17.682360+00:00,train,1,7593,self,1.0,0,87,,
2025-11-27T00:32:17.682520+00:00,train,1,7594,self,1.0,0,100,,
2025-11-27T00:32:17.682680+00:00,train,1,7595,self,1.0,0,90,,
2025-11-27T00:32:17.682838+00:00,train,1,7596,self,1.0,0,99,,
2025-11-27T00:32:17.682996+00:00,train,1,7597,self,1.0,0,91,,
2025-11-27T00:32:17.683154+00:00,train,1,7598,self,1.0,0,100,,
2025-11-27T00:32:17.683313+00:00,train,1,7599,self,1.0,0,88,,
2025-11-27T00:32:17.683472+00:00,train,1,7600,self,1.0,0,99,,
2025-11-27T00:32:17.683631+00:00,train,1,7601,self,1.0,0,96,,
2025-11-27T00:32:17.683790+00:00,train,1,7602,self,1.0,0,99,,
2025-11-27T00:32:17.683952+00:00,train,1,7603,self,1.0,0,87,,
2025-11-27T00:32:17.684111+00:00,train,1,7604,self,1.0,0,97,,
2025-11-27T00:32:17.684269+00:00,train,1,7605,self,1.0,0,83,,
2025-11-27T00:32:17.684427+00:00,train,1,7606,self,1.0,0,84,,
2025-11-27T00:32:17.684598+00:00,train,1,7607,self,1.0,0,85,,
2025-11-27T00:32:17.684751+00:00,train,1,7608,self,1.0,0,97,,
2025-11-27T00:32:17.684902+00:00,train,1,7609,self,1.0,0,98,,
2025-11-27T00:32:17.685058+00:00,train,1,7610,self,1.0,0,99,,
2025-11-27T00:32:17.685211+00:00,train,1,7611,self,1.0,0,96,,
2025-11-27T00:32:17.685363+00:00,train,1,7612,self,1.0,0,99,,
2025-11-27T00:32:17.685516+00:00,train,1,7613,self,1.0,0,100,,
2025-11-27T00:32:17.685689+00:00,train,1,7614,self,1.0,0,100,,
2025-11-27T00:32:17.685847+00:00,train,1,7615,self,1.0,0,87,,
2025-11-27T00:32:17.686005+00:00,train,1,7616,self,1.0,0,94,,
2025-11-27T00:32:17.686162+00:00,train,1,7617,self,1.0,0,98,,
2025-11-27T00:32:17.686326+00:00,train,1,7618,self,1.0,0,99,,
2025-11-27T00:32:17.686485+00:00,train,1,7619,self,1.0,0,99,,
2025-11-27T00:32:17.686655+00:00,train,1,7620,self,1.0,0,100,,
2025-11-27T00:32:17.686809+00:00,train,1,7621,self,1.0,0,90,,
2025-11-27T00:32:17.686963+00:00,train,1,7622,self,1.0,0,98,,
2025-11-27T00:32:17.687116+00:00,train,1,7623,self,1.0,0,90,,
2025-11-27T00:32:17.687270+00:00,train,1,7624,self,1.0,0,99,,
2025-11-27T00:32:17.687424+00:00,train,1,7625,self,1.0,0,95,,
2025-11-27T00:32:17.687578+00:00,train,1,7626,self,1.0,0,100,,
2025-11-27T00:32:17.687732+00:00,train,1,7627,self,1.0,0,98,,
2025-11-27T00:32:17.687884+00:00,train,1,7628,self,1.0,0,100,,
2025-11-27T00:32:17.688037+00:00,train,1,7629,self,1.0,0,81,,
2025-11-27T00:32:17.688190+00:00,train,1,7630,self,1.0,0,90,,
2025-11-27T00:32:17.688343+00:00,train,1,7631,self,1.0,0,99,,
2025-11-27T00:32:17.688496+00:00,train,1,7632,self,1.0,0,100,,
2025-11-27T00:32:17.688658+00:00,train,1,7633,self,1.0,0,95,,
2025-11-27T00:32:17.688810+00:00,train,1,7634,self,1.0,0,99,,
2025-11-27T00:32:17.688960+00:00,train,1,7635,self,1.0,0,82,,
2025-11-27T00:32:17.689107+00:00,train,1,7636,self,1.0,0,98,,
2025-11-27T00:32:17.689255+00:00,train,1,7637,self,1.0,0,88,,
2025-11-27T00:32:17.689403+00:00,train,1,7638,self,1.0,0,100,,
2025-11-27T00:32:17.689551+00:00,train,1,7639,self,1.0,0,94,,
2025-11-27T00:32:17.689700+00:00,train,1,7640,self,1.0,0,94,,
2025-11-27T00:32:17.689847+00:00,train,1,7641,self,1.0,0,95,,
2025-11-27T00:32:17.689996+00:00,train,1,7642,self,1.0,0,96,,
2025-11-27T00:32:17.690145+00:00,train,1,7643,self,1.0,0,87,,
2025-11-27T00:32:17.690296+00:00,train,1,7644,self,1.0,0,99,,
2025-11-27T00:32:17.690445+00:00,train,1,7645,self,1.0,0,94,,
2025-11-27T00:32:17.690594+00:00,train,1,7646,self,1.0,0,98,,
2025-11-27T00:32:17.690743+00:00,train,1,7647,self,1.0,0,97,,
2025-11-27T00:32:17.690892+00:00,train,1,7648,self,1.0,0,97,,
2025-11-27T00:32:17.691041+00:00,train,1,7649,self,1.0,0,92,,
2025-11-27T00:32:17.691191+00:00,train,1,7650,self,1.0,0,100,,
2025-11-27T00:32:17.691340+00:00,train,1,7651,self,1.0,0,97,,
2025-11-27T00:32:17.691489+00:00,train,1,7652,self,1.0,0,100,,
2025-11-27T00:32:17.691639+00:00,train,1,7653,self,1.0,0,98,,
2025-11-27T00:32:17.691789+00:00,train,1,7654,self,1.0,0,98,,
2025-11-27T00:32:17.691937+00:00,train,1,7655,self,1.0,0,92,,
2025-11-27T00:32:17.692085+00:00,train,1,7656,self,1.0,0,100,,
2025-11-27T00:32:17.692233+00:00,train,1,7657,self,1.0,0,91,,
2025-11-27T00:32:17.692382+00:00,train,1,7658,self,1.0,0,100,,
2025-11-27T00:32:17.692530+00:00,train,1,7659,self,1.0,0,99,,
2025-11-27T00:32:17.692678+00:00,train,1,7660,self,1.0,0,100,,
2025-11-27T00:32:17.692826+00:00,train,1,7661,self,1.0,0,85,,
2025-11-27T00:32:17.692974+00:00,train,1,7662,self,1.0,0,97,,
2025-11-27T00:32:17.693123+00:00,train,1,7663,self,1.0,0,89,,
2025-11-27T00:32:17.693272+00:00,train,1,7664,self,1.0,0,100,,
2025-11-27T00:32:17.693420+00:00,train,1,7665,self,1.0,0,93,,
2025-11-27T00:32:17.693581+00:00,train,1,7666,self,1.0,0,99,,
2025-11-27T00:32:17.693725+00:00,train,1,7667,self,1.0,0,91,,
2025-11-27T00:32:17.693872+00:00,train,1,7668,self,1.0,0,95,,
2025-11-27T00:32:17.694017+00:00,train,1,7669,self,1.0,0,91,,
2025-11-27T00:32:17.694161+00:00,train,1,7670,self,1.0,0,97,,
2025-11-27T00:32:17.694306+00:00,train,1,7671,self,1.0,0,97,,
2025-11-27T00:32:17.694450+00:00,train,1,7672,self,1.0,0,100,,
2025-11-27T00:32:17.694595+00:00,train,1,7673,self,1.0,0,91,,
2025-11-27T00:32:17.694738+00:00,train,1,7674,self,1.0,0,100,,
2025-11-27T00:32:17.694882+00:00,train,1,7675,self,1.0,0,87,,
2025-11-27T00:32:17.695029+00:00,train,1,7676,self,1.0,0,96,,
2025-11-27T00:32:17.695174+00:00,train,1,7677,self,1.0,0,90,,
2025-11-27T00:32:17.695317+00:00,train,1,7678,self,1.0,0,99,,
2025-11-27T00:32:17.695460+00:00,train,1,7679,self,1.0,0,86,,
2025-11-27T00:32:17.695604+00:00,train,1,7680,self,1.0,0,95,,
2025-11-27T00:32:17.695747+00:00,train,1,7681,self,1.0,0,100,,
2025-11-27T00:32:17.695892+00:00,train,1,7682,self,1.0,0,100,,
2025-11-27T00:32:17.696036+00:00,train,1,7683,self,1.0,0,98,,
2025-11-27T00:32:17.696179+00:00,train,1,7684,self,1.0,0,99,,
2025-11-27T00:32:17.696325+00:00,train,1,7685,self,1.0,0,94,,
2025-11-27T00:32:17.696473+00:00,train,1,7686,self,1.0,0,100,,
2025-11-27T00:32:17.696617+00:00,train,1,7687,self,1.0,0,100,,
2025-11-27T00:32:17.696762+00:00,train,1,7688,self,1.0,0,100,,
2025-11-27T00:32:17.696905+00:00,train,1,7689,self,1.0,0,94,,
2025-11-27T00:32:17.697048+00:00,train,1,7690,self,1.0,0,95,,
2025-11-27T00:32:17.697196+00:00,train,1,7691,self,1.0,0,73,,
2025-11-27T00:32:17.697343+00:00,train,1,7692,self,1.0,0,86,,
2025-11-27T00:32:17.697491+00:00,train,1,7693,self,1.0,0,95,,
2025-11-27T00:32:17.697637+00:00,train,1,7694,self,1.0,0,99,,
2025-11-27T00:32:17.697790+00:00,train,1,7695,self,1.0,0,97,,
2025-11-27T00:32:17.697949+00:00,train,1,7696,self,1.0,0,100,,
2025-11-27T00:32:17.698096+00:00,train,1,7697,self,1.0,0,96,,
2025-11-27T00:32:17.698241+00:00,train,1,7698,self,1.0,0,96,,
2025-11-27T00:32:17.698390+00:00,train,1,7699,self,1.0,0,96,,
2025-11-27T00:32:17.698536+00:00,train,1,7700,self,1.0,0,98,,
2025-11-27T00:32:17.698682+00:00,train,1,7701,self,1.0,0,93,,
2025-11-27T00:32:17.698830+00:00,train,1,7702,self,1.0,0,97,,
2025-11-27T00:32:17.698976+00:00,train,1,7703,self,1.0,0,98,,
2025-11-27T00:32:17.699124+00:00,train,1,7704,self,1.0,0,98,,
2025-11-27T00:32:17.699268+00:00,train,1,7705,self,1.0,0,92,,
2025-11-27T00:32:17.699412+00:00,train,1,7706,self,1.0,0,97,,
2025-11-27T00:32:17.699556+00:00,train,1,7707,self,1.0,0,96,,
2025-11-27T00:32:17.699701+00:00,train,1,7708,self,1.0,0,99,,
2025-11-27T00:32:17.699845+00:00,train,1,7709,self,1.0,0,96,,
2025-11-27T00:32:17.699990+00:00,train,1,7710,self,1.0,0,98,,
2025-11-27T00:32:17.700135+00:00,train,1,7711,self,1.0,0,93,,
2025-11-27T00:32:17.700285+00:00,train,1,7712,self,1.0,0,100,,
2025-11-27T00:32:17.700430+00:00,train,1,7713,self,1.0,0,92,,
2025-11-27T00:32:17.700574+00:00,train,1,7714,self,1.0,0,100,,
2025-11-27T00:32:17.700719+00:00,train,1,7715,self,1.0,0,93,,
2025-11-27T00:32:17.700863+00:00,train,1,7716,self,1.0,0,94,,
2025-11-27T00:32:17.701007+00:00,train,1,7717,self,1.0,0,96,,
2025-11-27T00:32:17.701157+00:00,train,1,7718,self,1.0,0,99,,
2025-11-27T00:32:17.701305+00:00,train,1,7719,self,1.0,0,100,,
2025-11-27T00:32:17.701455+00:00,train,1,7720,self,1.0,0,100,,
2025-11-27T00:32:17.701599+00:00,train,1,7721,self,1.0,0,98,,
2025-11-27T00:32:17.701745+00:00,train,1,7722,self,1.0,0,100,,
2025-11-27T00:32:17.701890+00:00,train,1,7723,self,1.0,0,79,,
2025-11-27T00:32:17.702037+00:00,train,1,7724,self,1.0,0,95,,
2025-11-27T00:32:17.702181+00:00,train,1,7725,self,1.0,0,92,,
2025-11-27T00:32:17.702326+00:00,train,1,7726,self,1.0,0,98,,
2025-11-27T00:32:17.702470+00:00,train,1,7727,self,1.0,0,94,,
2025-11-27T00:32:17.702619+00:00,train,1,7728,self,1.0,0,99,,
2025-11-27T00:32:17.702763+00:00,train,1,7729,self,1.0,0,88,,
2025-11-27T00:32:17.702907+00:00,train,1,7730,self,1.0,0,100,,
2025-11-27T00:32:17.703051+00:00,train,1,7731,self,1.0,0,87,,
2025-11-27T00:32:17.703202+00:00,train,1,7732,self,1.0,0,99,,
2025-11-27T00:32:17.703347+00:00,train,1,7733,self,1.0,0,98,,
2025-11-27T00:32:17.703492+00:00,train,1,7734,self,1.0,0,99,,
2025-11-27T00:32:17.703636+00:00,train,1,7735,self,1.0,0,93,,
2025-11-27T00:32:17.703785+00:00,train,1,7736,self,1.0,0,95,,
2025-11-27T00:32:17.703929+00:00,train,1,7737,self,1.0,0,91,,
2025-11-27T00:32:17.704074+00:00,train,1,7738,self,1.0,0,99,,
2025-11-27T00:32:17.704218+00:00,train,1,7739,self,1.0,0,92,,
2025-11-27T00:32:17.704362+00:00,train,1,7740,self,1.0,0,98,,
2025-11-27T00:32:17.704507+00:00,train,1,7741,self,1.0,0,95,,
2025-11-27T00:32:17.704650+00:00,train,1,7742,self,1.0,0,96,,
2025-11-27T00:32:17.704794+00:00,train,1,7743,self,1.0,0,94,,
2025-11-27T00:32:17.704944+00:00,train,1,7744,self,1.0,0,99,,
2025-11-27T00:32:17.705092+00:00,train,1,7745,self,1.0,0,96,,
2025-11-27T00:32:17.705237+00:00,train,1,7746,self,1.0,0,98,,
2025-11-27T00:32:17.705382+00:00,train,1,7747,self,1.0,0,96,,
2025-11-27T00:32:17.705526+00:00,train,1,7748,self,1.0,0,100,,
2025-11-27T00:32:17.705671+00:00,train,1,7749,self,1.0,0,93,,
2025-11-27T00:32:17.705815+00:00,train,1,7750,self,1.0,0,100,,
2025-11-27T00:32:17.705960+00:00,train,1,7751,self,1.0,0,93,,
2025-11-27T00:32:17.706109+00:00,train,1,7752,self,1.0,0,97,,
2025-11-27T00:32:17.706254+00:00,train,1,7753,self,1.0,0,95,,
2025-11-27T00:32:17.706398+00:00,train,1,7754,self,1.0,0,97,,
2025-11-27T00:32:17.706602+00:00,train,1,7755,self,1.0,0,82,,
2025-11-27T00:32:17.706780+00:00,train,1,7756,self,1.0,0,84,,
2025-11-27T00:32:17.706936+00:00,train,1,7757,self,1.0,0,86,,
2025-11-27T00:32:17.707082+00:00,train,1,7758,self,1.0,0,100,,
2025-11-27T00:32:17.707226+00:00,train,1,7759,self,1.0,0,82,,
2025-11-27T00:32:17.707377+00:00,train,1,7760,self,1.0,0,97,,
2025-11-27T00:32:17.707519+00:00,train,1,7761,self,1.0,0,94,,
2025-11-27T00:32:17.707658+00:00,train,1,7762,self,1.0,0,100,,
2025-11-27T00:32:17.707797+00:00,train,1,7763,self,1.0,0,93,,
2025-11-27T00:32:17.707936+00:00,train,1,7764,self,1.0,0,100,,
2025-11-27T00:32:17.708073+00:00,train,1,7765,self,1.0,0,89,,
2025-11-27T00:32:17.708210+00:00,train,1,7766,self,1.0,0,94,,
2025-11-27T00:32:17.708345+00:00,train,1,7767,self,1.0,0,95,,
2025-11-27T00:32:17.708486+00:00,train,1,7768,self,1.0,0,95,,
2025-11-27T00:32:17.708622+00:00,train,1,7769,self,1.0,0,94,,
2025-11-27T00:32:17.708758+00:00,train,1,7770,self,1.0,0,100,,
2025-11-27T00:32:17.708894+00:00,train,1,7771,self,1.0,0,100,,
2025-11-27T00:32:17.709030+00:00,train,1,7772,self,1.0,0,100,,
2025-11-27T00:32:17.709167+00:00,train,1,7773,self,1.0,0,88,,
2025-11-27T00:32:17.709303+00:00,train,1,7774,self,1.0,0,94,,
2025-11-27T00:32:17.709439+00:00,train,1,7775,self,1.0,0,92,,
2025-11-27T00:32:17.709581+00:00,train,1,7776,self,1.0,0,97,,
2025-11-27T00:32:17.709718+00:00,train,1,7777,self,1.0,0,97,,
2025-11-27T00:32:17.709854+00:00,train,1,7778,self,1.0,0,100,,
2025-11-27T00:32:17.709990+00:00,train,1,7779,self,1.0,0,95,,
2025-11-27T00:32:17.710126+00:00,train,1,7780,self,1.0,0,96,,
2025-11-27T00:32:17.710262+00:00,train,1,7781,self,1.0,0,88,,
2025-11-27T00:32:17.710398+00:00,train,1,7782,self,1.0,0,92,,
2025-11-27T00:32:17.710536+00:00,train,1,7783,self,1.0,0,95,,
2025-11-27T00:32:17.710677+00:00,train,1,7784,self,1.0,0,100,,
2025-11-27T00:32:17.710814+00:00,train,1,7785,self,1.0,0,97,,
2025-11-27T00:32:17.710950+00:00,train,1,7786,self,1.0,0,98,,
2025-11-27T00:32:17.711087+00:00,train,1,7787,self,1.0,0,93,,
2025-11-27T00:32:17.711226+00:00,train,1,7788,self,1.0,0,100,,
2025-11-27T00:32:17.711362+00:00,train,1,7789,self,1.0,0,76,,
2025-11-27T00:32:17.711498+00:00,train,1,7790,self,1.0,0,97,,
2025-11-27T00:32:17.711635+00:00,train,1,7791,self,1.0,0,97,,
2025-11-27T00:32:17.711777+00:00,train,1,7792,self,1.0,0,99,,
2025-11-27T00:32:17.711914+00:00,train,1,7793,self,1.0,0,91,,
2025-11-27T00:32:17.712051+00:00,train,1,7794,self,1.0,0,100,,
2025-11-27T00:32:17.712187+00:00,train,1,7795,self,1.0,0,94,,
2025-11-27T00:32:17.712323+00:00,train,1,7796,self,1.0,0,94,,
2025-11-27T00:32:17.712462+00:00,train,1,7797,self,1.0,0,92,,
2025-11-27T00:32:17.712598+00:00,train,1,7798,self,1.0,0,96,,
2025-11-27T00:32:17.712734+00:00,train,1,7799,self,1.0,0,90,,
2025-11-27T00:32:17.712877+00:00,train,1,7800,self,1.0,0,93,,
2025-11-27T00:32:17.713013+00:00,train,1,7801,self,1.0,0,98,,
2025-11-27T00:32:17.713150+00:00,train,1,7802,self,1.0,0,98,,
2025-11-27T00:32:17.713286+00:00,train,1,7803,self,1.0,0,91,,
2025-11-27T00:32:17.713421+00:00,train,1,7804,self,1.0,0,96,,
2025-11-27T00:32:17.713557+00:00,train,1,7805,self,1.0,0,99,,
2025-11-27T00:32:17.713693+00:00,train,1,7806,self,1.0,0,100,,
2025-11-27T00:32:17.713829+00:00,train,1,7807,self,1.0,0,87,,
2025-11-27T00:32:17.713970+00:00,train,1,7808,self,1.0,0,100,,
2025-11-27T00:32:17.714166+00:00,train,1,7809,self,1.0,0,95,,
2025-11-27T00:32:17.714353+00:00,train,1,7810,self,1.0,0,96,,
2025-11-27T00:32:17.714514+00:00,train,1,7811,self,1.0,0,98,,
2025-11-27T00:32:17.714670+00:00,train,1,7812,self,1.0,0,99,,
2025-11-27T00:32:17.714821+00:00,train,1,7813,self,1.0,0,89,,
2025-11-27T00:32:17.714970+00:00,train,1,7814,self,1.0,0,100,,
2025-11-27T00:32:17.715119+00:00,train,1,7815,self,1.0,0,98,,
2025-11-27T00:32:17.715271+00:00,train,1,7816,self,1.0,0,100,,
2025-11-27T00:32:17.715418+00:00,train,1,7817,self,1.0,0,84,,
2025-11-27T00:32:17.715564+00:00,train,1,7818,self,1.0,0,100,,
2025-11-27T00:32:17.715710+00:00,train,1,7819,self,1.0,0,97,,
2025-11-27T00:32:17.715856+00:00,train,1,7820,self,1.0,0,99,,
2025-11-27T00:32:17.716002+00:00,train,1,7821,self,1.0,0,99,,
2025-11-27T00:32:17.716147+00:00,train,1,7822,self,1.0,0,100,,
2025-11-27T00:32:17.716291+00:00,train,1,7823,self,1.0,0,97,,
2025-11-27T00:32:17.716440+00:00,train,1,7824,self,1.0,0,99,,
2025-11-27T00:32:17.716626+00:00,train,1,7825,self,1.0,0,87,,
2025-11-27T00:32:17.716802+00:00,train,1,7826,self,1.0,0,96,,
2025-11-27T00:32:17.716963+00:00,train,1,7827,self,1.0,0,96,,
2025-11-27T00:32:17.717111+00:00,train,1,7828,self,1.0,0,98,,
2025-11-27T00:32:17.717254+00:00,train,1,7829,self,1.0,0,85,,
2025-11-27T00:32:17.717395+00:00,train,1,7830,self,1.0,0,100,,
2025-11-27T00:32:17.717534+00:00,train,1,7831,self,1.0,0,96,,
2025-11-27T00:32:17.717678+00:00,train,1,7832,self,1.0,0,98,,
2025-11-27T00:32:17.717816+00:00,train,1,7833,self,1.0,0,93,,
2025-11-27T00:32:17.717954+00:00,train,1,7834,self,1.0,0,98,,
2025-11-27T00:32:17.718092+00:00,train,1,7835,self,1.0,0,96,,
2025-11-27T00:32:17.718231+00:00,train,1,7836,self,1.0,0,96,,
2025-11-27T00:32:17.718369+00:00,train,1,7837,self,1.0,0,77,,
2025-11-27T00:32:17.718505+00:00,train,1,7838,self,1.0,0,99,,
2025-11-27T00:32:17.718642+00:00,train,1,7839,self,1.0,0,90,,
2025-11-27T00:32:17.718782+00:00,train,1,7840,self,1.0,0,92,,
2025-11-27T00:32:17.718918+00:00,train,1,7841,self,1.0,0,83,,
2025-11-27T00:32:17.719054+00:00,train,1,7842,self,1.0,0,90,,
2025-11-27T00:32:17.719190+00:00,train,1,7843,self,1.0,0,99,,
2025-11-27T00:32:17.719325+00:00,train,1,7844,self,1.0,0,100,,
2025-11-27T00:32:17.719462+00:00,train,1,7845,self,1.0,0,88,,
2025-11-27T00:32:17.719599+00:00,train,1,7846,self,1.0,0,93,,
2025-11-27T00:32:17.719735+00:00,train,1,7847,self,1.0,0,93,,
2025-11-27T00:32:17.719875+00:00,train,1,7848,self,1.0,0,100,,
2025-11-27T00:32:17.720011+00:00,train,1,7849,self,1.0,0,91,,
2025-11-27T00:32:17.720146+00:00,train,1,7850,self,1.0,0,98,,
2025-11-27T00:32:17.720281+00:00,train,1,7851,self,1.0,0,88,,
2025-11-27T00:32:17.720417+00:00,train,1,7852,self,1.0,0,94,,
2025-11-27T00:32:17.720552+00:00,train,1,7853,self,1.0,0,94,,
2025-11-27T00:32:17.720688+00:00,train,1,7854,self,1.0,0,96,,
2025-11-27T00:32:17.720824+00:00,train,1,7855,self,1.0,0,99,,
2025-11-27T00:32:17.720965+00:00,train,1,7856,self,1.0,0,100,,
2025-11-27T00:32:17.721101+00:00,train,1,7857,self,1.0,0,97,,
2025-11-27T00:32:17.721239+00:00,train,1,7858,self,1.0,0,100,,
2025-11-27T00:32:17.721376+00:00,train,1,7859,self,1.0,0,91,,
2025-11-27T00:32:17.721584+00:00,train,1,7860,self,1.0,0,95,,
2025-11-27T00:32:17.721775+00:00,train,1,7861,self,1.0,0,97,,
2025-11-27T00:32:17.721939+00:00,train,1,7862,self,1.0,0,98,,
2025-11-27T00:32:17.722091+00:00,train,1,7863,self,1.0,0,97,,
2025-11-27T00:32:17.722244+00:00,train,1,7864,self,1.0,0,100,,
2025-11-27T00:32:17.722389+00:00,train,1,7865,self,1.0,0,96,,
2025-11-27T00:32:17.722532+00:00,train,1,7866,self,1.0,0,98,,
2025-11-27T00:32:17.722674+00:00,train,1,7867,self,1.0,0,91,,
2025-11-27T00:32:17.722815+00:00,train,1,7868,self,1.0,0,100,,
2025-11-27T00:32:17.722955+00:00,train,1,7869,self,1.0,0,88,,
2025-11-27T00:32:17.723094+00:00,train,1,7870,self,1.0,0,97,,
2025-11-27T00:32:17.723234+00:00,train,1,7871,self,1.0,0,94,,
2025-11-27T00:32:17.723379+00:00,train,1,7872,self,1.0,0,95,,
2025-11-27T00:32:17.723517+00:00,train,1,7873,self,1.0,0,97,,
2025-11-27T00:32:17.723657+00:00,train,1,7874,self,1.0,0,99,,
2025-11-27T00:32:17.723797+00:00,train,1,7875,self,1.0,0,97,,
2025-11-27T00:32:17.723936+00:00,train,1,7876,self,1.0,0,99,,
2025-11-27T00:32:17.724076+00:00,train,1,7877,self,1.0,0,98,,
2025-11-27T00:32:17.724216+00:00,train,1,7878,self,1.0,0,98,,
2025-11-27T00:32:17.724355+00:00,train,1,7879,self,1.0,0,98,,
2025-11-27T00:32:17.724495+00:00,train,1,7880,self,1.0,0,100,,
2025-11-27T00:32:17.724634+00:00,train,1,7881,self,1.0,0,100,,
2025-11-27T00:32:17.724774+00:00,train,1,7882,self,1.0,0,100,,
2025-11-27T00:32:17.724915+00:00,train,1,7883,self,1.0,0,92,,
2025-11-27T00:32:17.725054+00:00,train,1,7884,self,1.0,0,98,,
2025-11-27T00:32:17.725192+00:00,train,1,7885,self,1.0,0,91,,
2025-11-27T00:32:17.725331+00:00,train,1,7886,self,1.0,0,97,,
2025-11-27T00:32:17.725476+00:00,train,1,7887,self,1.0,0,92,,
2025-11-27T00:32:17.725616+00:00,train,1,7888,self,1.0,0,98,,
2025-11-27T00:32:17.725755+00:00,train,1,7889,self,1.0,0,93,,
2025-11-27T00:32:17.725895+00:00,train,1,7890,self,1.0,0,99,,
2025-11-27T00:32:17.726034+00:00,train,1,7891,self,1.0,0,91,,
2025-11-27T00:32:17.726173+00:00,train,1,7892,self,1.0,0,92,,
2025-11-27T00:32:17.726311+00:00,train,1,7893,self,1.0,0,97,,
2025-11-27T00:32:17.726455+00:00,train,1,7894,self,1.0,0,100,,
2025-11-27T00:32:17.726599+00:00,train,1,7895,self,1.0,0,88,,
2025-11-27T00:32:17.726744+00:00,train,1,7896,self,1.0,0,96,,
2025-11-27T00:32:17.726893+00:00,train,1,7897,self,1.0,0,88,,
2025-11-27T00:32:17.727033+00:00,train,1,7898,self,1.0,0,100,,
2025-11-27T00:32:17.727172+00:00,train,1,7899,self,1.0,0,93,,
2025-11-27T00:32:17.727310+00:00,train,1,7900,self,1.0,0,95,,
2025-11-27T00:32:17.727454+00:00,train,1,7901,self,1.0,0,96,,
2025-11-27T00:32:17.727645+00:00,train,1,7902,self,1.0,0,100,,
2025-11-27T00:32:17.727819+00:00,train,1,7903,self,1.0,0,99,,
2025-11-27T00:32:17.727972+00:00,train,1,7904,self,1.0,0,100,,
2025-11-27T00:32:17.728124+00:00,train,1,7905,self,1.0,0,99,,
2025-11-27T00:32:17.728270+00:00,train,1,7906,self,1.0,0,99,,
2025-11-27T00:32:17.728410+00:00,train,1,7907,self,1.0,0,80,,
2025-11-27T00:32:17.728550+00:00,train,1,7908,self,1.0,0,87,,
2025-11-27T00:32:17.728694+00:00,train,1,7909,self,1.0,0,97,,
2025-11-27T00:32:17.728833+00:00,train,1,7910,self,1.0,0,99,,
2025-11-27T00:32:17.728973+00:00,train,1,7911,self,1.0,0,88,,
2025-11-27T00:32:17.729113+00:00,train,1,7912,self,1.0,0,100,,
2025-11-27T00:32:17.729253+00:00,train,1,7913,self,1.0,0,94,,
2025-11-27T00:32:17.729389+00:00,train,1,7914,self,1.0,0,98,,
2025-11-27T00:32:17.729526+00:00,train,1,7915,self,1.0,0,80,,
2025-11-27T00:32:17.729662+00:00,train,1,7916,self,1.0,0,89,,
2025-11-27T00:32:17.729798+00:00,train,1,7917,self,1.0,0,97,,
2025-11-27T00:32:17.729933+00:00,train,1,7918,self,1.0,0,100,,
2025-11-27T00:32:17.730070+00:00,train,1,7919,self,1.0,0,96,,
2025-11-27T00:32:17.730222+00:00,train,1,7920,self,1.0,0,97,,
2025-11-27T00:32:17.730364+00:00,train,1,7921,self,1.0,0,82,,
2025-11-27T00:32:17.730499+00:00,train,1,7922,self,1.0,0,100,,
2025-11-27T00:32:17.730635+00:00,train,1,7923,self,1.0,0,89,,
2025-11-27T00:32:17.730771+00:00,train,1,7924,self,1.0,0,91,,
2025-11-27T00:32:17.730908+00:00,train,1,7925,self,1.0,0,86,,
2025-11-27T00:32:17.731044+00:00,train,1,7926,self,1.0,0,100,,
2025-11-27T00:32:17.731183+00:00,train,1,7927,self,1.0,0,90,,
2025-11-27T00:32:17.731321+00:00,train,1,7928,self,1.0,0,100,,
2025-11-27T00:32:17.731458+00:00,train,1,7929,self,1.0,0,99,,
2025-11-27T00:32:17.731596+00:00,train,1,7930,self,1.0,0,99,,
2025-11-27T00:32:17.731736+00:00,train,1,7931,self,1.0,0,89,,
2025-11-27T00:32:17.731872+00:00,train,1,7932,self,1.0,0,93,,
2025-11-27T00:32:17.732008+00:00,train,1,7933,self,1.0,0,95,,
2025-11-27T00:32:17.732149+00:00,train,1,7934,self,1.0,0,99,,
2025-11-27T00:32:17.732284+00:00,train,1,7935,self,1.0,0,96,,
2025-11-27T00:32:17.732420+00:00,train,1,7936,self,1.0,0,97,,
2025-11-27T00:32:17.732556+00:00,train,1,7937,self,1.0,0,98,,
2025-11-27T00:32:17.732700+00:00,train,1,7938,self,1.0,0,100,,
2025-11-27T00:32:17.732850+00:00,train,1,7939,self,1.0,0,100,,
2025-11-27T00:32:17.732999+00:00,train,1,7940,self,1.0,0,100,,
2025-11-27T00:32:17.733136+00:00,train,1,7941,self,1.0,0,93,,
2025-11-27T00:32:17.733278+00:00,train,1,7942,self,1.0,0,100,,
2025-11-27T00:32:17.733413+00:00,train,1,7943,self,1.0,0,91,,
2025-11-27T00:32:17.733548+00:00,train,1,7944,self,1.0,0,92,,
2025-11-27T00:32:17.733683+00:00,train,1,7945,self,1.0,0,88,,
2025-11-27T00:32:17.733818+00:00,train,1,7946,self,1.0,0,92,,
2025-11-27T00:32:17.733953+00:00,train,1,7947,self,1.0,0,92,,
2025-11-27T00:32:17.734089+00:00,train,1,7948,self,1.0,0,100,,
2025-11-27T00:32:17.734224+00:00,train,1,7949,self,1.0,0,96,,
2025-11-27T00:32:17.734365+00:00,train,1,7950,self,1.0,0,99,,
2025-11-27T00:32:17.734499+00:00,train,1,7951,self,1.0,0,98,,
2025-11-27T00:32:17.734635+00:00,train,1,7952,self,1.0,0,98,,
2025-11-27T00:32:17.734770+00:00,train,1,7953,self,1.0,0,88,,
2025-11-27T00:32:17.734905+00:00,train,1,7954,self,1.0,0,100,,
2025-11-27T00:32:17.735040+00:00,train,1,7955,self,1.0,0,93,,
2025-11-27T00:32:17.735173+00:00,train,1,7956,self,1.0,0,96,,
2025-11-27T00:32:17.735309+00:00,train,1,7957,self,1.0,0,95,,
2025-11-27T00:32:17.735449+00:00,train,1,7958,self,1.0,0,99,,
2025-11-27T00:32:17.735597+00:00,train,1,7959,self,1.0,0,80,,
2025-11-27T00:32:17.735728+00:00,train,1,7960,self,1.0,0,96,,
2025-11-27T00:32:17.735860+00:00,train,1,7961,self,1.0,0,82,,
2025-11-27T00:32:17.735991+00:00,train,1,7962,self,1.0,0,96,,
2025-11-27T00:32:17.736121+00:00,train,1,7963,self,1.0,0,87,,
2025-11-27T00:32:17.736252+00:00,train,1,7964,self,1.0,0,98,,
2025-11-27T00:32:17.736383+00:00,train,1,7965,self,1.0,0,98,,
2025-11-27T00:32:17.736520+00:00,train,1,7966,self,1.0,0,99,,
2025-11-27T00:32:17.736652+00:00,train,1,7967,self,1.0,0,94,,
2025-11-27T00:32:17.736783+00:00,train,1,7968,self,1.0,0,98,,
2025-11-27T00:32:17.736914+00:00,train,1,7969,self,1.0,0,89,,
2025-11-27T00:32:17.737046+00:00,train,1,7970,self,1.0,0,96,,
2025-11-27T00:32:17.737177+00:00,train,1,7971,self,1.0,0,99,,
2025-11-27T00:32:17.737308+00:00,train,1,7972,self,1.0,0,100,,
2025-11-27T00:32:17.737440+00:00,train,1,7973,self,1.0,0,94,,
2025-11-27T00:32:17.737582+00:00,train,1,7974,self,1.0,0,100,,
2025-11-27T00:32:17.737720+00:00,train,1,7975,self,1.0,0,92,,
2025-11-27T00:32:17.737852+00:00,train,1,7976,self,1.0,0,100,,
2025-11-27T00:32:17.737984+00:00,train,1,7977,self,1.0,0,96,,
2025-11-27T00:32:17.738115+00:00,train,1,7978,self,1.0,0,97,,
2025-11-27T00:32:17.738248+00:00,train,1,7979,self,1.0,0,89,,
2025-11-27T00:32:17.738380+00:00,train,1,7980,self,1.0,0,97,,
2025-11-27T00:32:17.738512+00:00,train,1,7981,self,1.0,0,93,,
2025-11-27T00:32:17.738648+00:00,train,1,7982,self,1.0,0,100,,
2025-11-27T00:32:17.738780+00:00,train,1,7983,self,1.0,0,90,,
2025-11-27T00:32:17.738913+00:00,train,1,7984,self,1.0,0,94,,
2025-11-27T00:32:17.739047+00:00,train,1,7985,self,1.0,0,96,,
2025-11-27T00:32:17.739178+00:00,train,1,7986,self,1.0,0,99,,
2025-11-27T00:32:17.739310+00:00,train,1,7987,self,1.0,0,91,,
2025-11-27T00:32:17.739442+00:00,train,1,7988,self,1.0,0,95,,
2025-11-27T00:32:17.739574+00:00,train,1,7989,self,1.0,0,97,,
2025-11-27T00:32:17.739711+00:00,train,1,7990,self,1.0,0,100,,
2025-11-27T00:32:17.739843+00:00,train,1,7991,self,1.0,0,100,,
2025-11-27T00:32:17.739977+00:00,train,1,7992,self,1.0,0,100,,
2025-11-27T00:32:17.740108+00:00,train,1,7993,self,1.0,0,94,,
2025-11-27T00:32:17.740240+00:00,train,1,7994,self,1.0,0,100,,
2025-11-27T00:32:17.740372+00:00,train,1,7995,self,1.0,0,96,,
2025-11-27T00:32:17.740503+00:00,train,1,7996,self,1.0,0,100,,
2025-11-27T00:32:17.740645+00:00,train,1,7997,self,1.0,0,88,,
2025-11-27T00:32:17.740777+00:00,train,1,7998,self,1.0,0,95,,
2025-11-27T00:32:17.740905+00:00,train,1,7999,self,1.0,0,88,,
2025-11-27T00:32:17.741032+00:00,train,1,8000,self,1.0,0,94,,
2025-11-27T00:32:17.741159+00:00,train,1,8001,self,1.0,0,97,,
2025-11-27T00:32:17.741289+00:00,train,1,8002,self,1.0,0,100,,
2025-11-27T00:32:17.741417+00:00,train,1,8003,self,1.0,0,98,,
2025-11-27T00:32:17.741558+00:00,train,1,8004,self,1.0,0,99,,
2025-11-27T00:32:17.741682+00:00,train,1,8005,self,1.0,0,81,,
2025-11-27T00:32:17.741812+00:00,train,1,8006,self,1.0,0,92,,
2025-11-27T00:32:17.741936+00:00,train,1,8007,self,1.0,0,96,,
2025-11-27T00:32:17.742060+00:00,train,1,8008,self,1.0,0,100,,
2025-11-27T00:32:17.742184+00:00,train,1,8009,self,1.0,0,95,,
2025-11-27T00:32:17.742307+00:00,train,1,8010,self,1.0,0,97,,
2025-11-27T00:32:17.742431+00:00,train,1,8011,self,1.0,0,97,,
2025-11-27T00:32:17.742568+00:00,train,1,8012,self,1.0,0,99,,
2025-11-27T00:32:17.742688+00:00,train,1,8013,self,1.0,0,99,,
2025-11-27T00:32:17.742814+00:00,train,1,8014,self,1.0,0,99,,
2025-11-27T00:32:17.742934+00:00,train,1,8015,self,1.0,0,96,,
2025-11-27T00:32:17.743054+00:00,train,1,8016,self,1.0,0,99,,
2025-11-27T00:32:17.743175+00:00,train,1,8017,self,1.0,0,98,,
2025-11-27T00:32:17.743295+00:00,train,1,8018,self,1.0,0,100,,
2025-11-27T00:32:17.743416+00:00,train,1,8019,self,1.0,0,96,,
2025-11-27T00:32:17.743536+00:00,train,1,8020,self,1.0,0,100,,
2025-11-27T00:32:17.743667+00:00,train,1,8021,self,1.0,0,84,,
2025-11-27T00:32:17.743789+00:00,train,1,8022,self,1.0,0,85,,
2025-11-27T00:32:17.743906+00:00,train,1,8023,self,1.0,0,85,,
2025-11-27T00:32:17.744023+00:00,train,1,8024,self,1.0,0,97,,
2025-11-27T00:32:17.744140+00:00,train,1,8025,self,1.0,0,98,,
2025-11-27T00:32:17.744257+00:00,train,1,8026,self,1.0,0,99,,
2025-11-27T00:32:17.744375+00:00,train,1,8027,self,1.0,0,94,,
2025-11-27T00:32:17.744492+00:00,train,1,8028,self,1.0,0,100,,
2025-11-27T00:32:17.744622+00:00,train,1,8029,self,1.0,0,90,,
2025-11-27T00:32:17.744742+00:00,train,1,8030,self,1.0,0,100,,
2025-11-27T00:32:17.744856+00:00,train,1,8031,self,1.0,0,94,,
2025-11-27T00:32:17.744969+00:00,train,1,8032,self,1.0,0,99,,
2025-11-27T00:32:17.745084+00:00,train,1,8033,self,1.0,0,98,,
2025-11-27T00:32:17.745198+00:00,train,1,8034,self,1.0,0,99,,
2025-11-27T00:32:17.745313+00:00,train,1,8035,self,1.0,0,91,,
2025-11-27T00:32:17.745427+00:00,train,1,8036,self,1.0,0,98,,
2025-11-27T00:32:17.745555+00:00,train,1,8037,self,1.0,0,96,,
2025-11-27T00:32:17.745670+00:00,train,1,8038,self,1.0,0,99,,
2025-11-27T00:32:17.745781+00:00,train,1,8039,self,1.0,0,91,,
2025-11-27T00:32:17.745892+00:00,train,1,8040,self,1.0,0,94,,
2025-11-27T00:32:17.746004+00:00,train,1,8041,self,1.0,0,94,,
2025-11-27T00:32:17.746115+00:00,train,1,8042,self,1.0,0,99,,
2025-11-27T00:32:17.746227+00:00,train,1,8043,self,1.0,0,96,,
2025-11-27T00:32:17.746338+00:00,train,1,8044,self,1.0,0,99,,
2025-11-27T00:32:17.746449+00:00,train,1,8045,self,1.0,0,98,,
2025-11-27T00:32:17.746579+00:00,train,1,8046,self,1.0,0,99,,
2025-11-27T00:32:17.746688+00:00,train,1,8047,self,1.0,0,92,,
2025-11-27T00:32:17.746797+00:00,train,1,8048,self,1.0,0,98,,
2025-11-27T00:32:17.746906+00:00,train,1,8049,self,1.0,0,85,,
2025-11-27T00:32:17.747014+00:00,train,1,8050,self,1.0,0,93,,
2025-11-27T00:32:17.747122+00:00,train,1,8051,self,1.0,0,88,,
2025-11-27T00:32:17.747231+00:00,train,1,8052,self,1.0,0,95,,
2025-11-27T00:32:17.747339+00:00,train,1,8053,self,1.0,0,93,,
2025-11-27T00:32:17.747452+00:00,train,1,8054,self,1.0,0,100,,
2025-11-27T00:32:17.747564+00:00,train,1,8055,self,1.0,0,92,,
2025-11-27T00:32:17.747673+00:00,train,1,8056,self,1.0,0,100,,
2025-11-27T00:32:17.747784+00:00,train,1,8057,self,1.0,0,98,,
2025-11-27T00:32:17.747893+00:00,train,1,8058,self,1.0,0,99,,
2025-11-27T00:32:17.748002+00:00,train,1,8059,self,1.0,0,96,,
2025-11-27T00:32:17.748111+00:00,train,1,8060,self,1.0,0,100,,
2025-11-27T00:32:17.748372+00:00,train,1,8061,self,1.0,0,98,,
2025-11-27T00:32:17.748528+00:00,train,1,8062,self,1.0,0,100,,
2025-11-27T00:32:17.748660+00:00,train,1,8063,self,1.0,0,98,,
2025-11-27T00:32:17.748786+00:00,train,1,8064,self,1.0,0,100,,
2025-11-27T00:32:17.748909+00:00,train,1,8065,self,1.0,0,98,,
2025-11-27T00:32:17.749030+00:00,train,1,8066,self,1.0,0,99,,
2025-11-27T00:32:17.749150+00:00,train,1,8067,self,1.0,0,98,,
2025-11-27T00:32:17.749272+00:00,train,1,8068,self,1.0,0,99,,
2025-11-27T00:32:17.749392+00:00,train,1,8069,self,1.0,0,99,,
2025-11-27T00:32:17.749516+00:00,train,1,8070,self,1.0,0,99,,
2025-11-27T00:32:17.749633+00:00,train,1,8071,self,1.0,0,98,,
2025-11-27T00:32:17.749750+00:00,train,1,8072,self,1.0,0,99,,
2025-11-27T00:32:17.749868+00:00,train,1,8073,self,1.0,0,97,,
2025-11-27T00:32:17.749984+00:00,train,1,8074,self,1.0,0,98,,
2025-11-27T00:32:17.750101+00:00,train,1,8075,self,1.0,0,86,,
2025-11-27T00:32:17.750218+00:00,train,1,8076,self,1.0,0,98,,
2025-11-27T00:32:17.750334+00:00,train,1,8077,self,1.0,0,68,,
2025-11-27T00:32:17.750456+00:00,train,1,8078,self,1.0,0,96,,
2025-11-27T00:32:17.750572+00:00,train,1,8079,self,1.0,0,100,,
2025-11-27T00:32:17.750688+00:00,train,1,8080,self,1.0,0,100,,
2025-11-27T00:32:17.750804+00:00,train,1,8081,self,1.0,0,97,,
2025-11-27T00:32:17.750921+00:00,train,1,8082,self,1.0,0,100,,
2025-11-27T00:32:17.751037+00:00,train,1,8083,self,1.0,0,86,,
2025-11-27T00:32:17.751153+00:00,train,1,8084,self,1.0,0,98,,
2025-11-27T00:32:17.751273+00:00,train,1,8085,self,1.0,0,97,,
2025-11-27T00:32:17.751389+00:00,train,1,8086,self,1.0,0,98,,
2025-11-27T00:32:17.751525+00:00,train,1,8087,self,1.0,0,92,,
2025-11-27T00:32:17.751643+00:00,train,1,8088,self,1.0,0,100,,
2025-11-27T00:32:17.751807+00:00,train,1,8089,self,1.0,0,100,,
2025-11-27T00:32:17.751938+00:00,train,1,8090,self,1.0,0,100,,
2025-11-27T00:32:17.752100+00:00,train,1,8091,self,1.0,0,99,,
2025-11-27T00:32:17.752235+00:00,train,1,8092,self,1.0,0,99,,
2025-11-27T00:32:17.752360+00:00,train,1,8093,self,1.0,0,93,,
2025-11-27T00:32:17.752482+00:00,train,1,8094,self,1.0,0,96,,
2025-11-27T00:32:17.752601+00:00,train,1,8095,self,1.0,0,93,,
2025-11-27T00:32:17.752719+00:00,train,1,8096,self,1.0,0,98,,
2025-11-27T00:32:17.752837+00:00,train,1,8097,self,1.0,0,99,,
2025-11-27T00:32:17.752954+00:00,train,1,8098,self,1.0,0,99,,
2025-11-27T00:32:17.753082+00:00,train,1,8099,self,1.0,0,98,,
2025-11-27T00:32:17.753199+00:00,train,1,8100,self,1.0,0,100,,
2025-11-27T00:32:17.753326+00:00,train,1,8101,self,1.0,0,88,,
2025-11-27T00:32:17.753444+00:00,train,1,8102,self,1.0,0,97,,
2025-11-27T00:32:17.753561+00:00,train,1,8103,self,1.0,0,94,,
2025-11-27T00:32:17.753683+00:00,train,1,8104,self,1.0,0,97,,
2025-11-27T00:32:17.753800+00:00,train,1,8105,self,1.0,0,96,,
2025-11-27T00:32:17.753916+00:00,train,1,8106,self,1.0,0,98,,
2025-11-27T00:32:17.754034+00:00,train,1,8107,self,1.0,0,99,,
2025-11-27T00:32:17.754151+00:00,train,1,8108,self,1.0,0,100,,
2025-11-27T00:32:17.754267+00:00,train,1,8109,self,1.0,0,95,,
2025-11-27T00:32:17.754383+00:00,train,1,8110,self,1.0,0,100,,
2025-11-27T00:32:17.754499+00:00,train,1,8111,self,1.0,0,92,,
2025-11-27T00:32:17.754614+00:00,train,1,8112,self,1.0,0,98,,
2025-11-27T00:32:17.754729+00:00,train,1,8113,self,1.0,0,92,,
2025-11-27T00:32:17.754847+00:00,train,1,8114,self,1.0,0,98,,
2025-11-27T00:32:17.754962+00:00,train,1,8115,self,1.0,0,95,,
2025-11-27T00:32:17.755078+00:00,train,1,8116,self,1.0,0,100,,
2025-11-27T00:32:17.755194+00:00,train,1,8117,self,1.0,0,89,,
2025-11-27T00:32:17.755310+00:00,train,1,8118,self,1.0,0,99,,
2025-11-27T00:32:17.755426+00:00,train,1,8119,self,1.0,0,91,,
2025-11-27T00:32:17.755541+00:00,train,1,8120,self,1.0,0,94,,
2025-11-27T00:32:17.755659+00:00,train,1,8121,self,1.0,0,98,,
2025-11-27T00:32:17.755775+00:00,train,1,8122,self,1.0,0,100,,
2025-11-27T00:32:17.755891+00:00,train,1,8123,self,1.0,0,93,,
2025-11-27T00:32:17.756006+00:00,train,1,8124,self,1.0,0,97,,
2025-11-27T00:32:17.756122+00:00,train,1,8125,self,1.0,0,83,,
2025-11-27T00:32:17.756237+00:00,train,1,8126,self,1.0,0,95,,
2025-11-27T00:32:17.756353+00:00,train,1,8127,self,1.0,0,95,,
2025-11-27T00:32:17.756471+00:00,train,1,8128,self,1.0,0,100,,
2025-11-27T00:32:17.756586+00:00,train,1,8129,self,1.0,0,96,,
2025-11-27T00:32:17.756701+00:00,train,1,8130,self,1.0,0,97,,
2025-11-27T00:32:17.756816+00:00,train,1,8131,self,1.0,0,93,,
2025-11-27T00:32:17.756932+00:00,train,1,8132,self,1.0,0,97,,
2025-11-27T00:32:17.757047+00:00,train,1,8133,self,1.0,0,92,,
2025-11-27T00:32:17.757163+00:00,train,1,8134,self,1.0,0,98,,
2025-11-27T00:32:17.757278+00:00,train,1,8135,self,1.0,0,90,,
2025-11-27T00:32:17.757394+00:00,train,1,8136,self,1.0,0,97,,
2025-11-27T00:32:17.757511+00:00,train,1,8137,self,1.0,0,96,,
2025-11-27T00:32:17.757626+00:00,train,1,8138,self,1.0,0,99,,
2025-11-27T00:32:17.757743+00:00,train,1,8139,self,1.0,0,92,,
2025-11-27T00:32:17.757858+00:00,train,1,8140,self,1.0,0,99,,
2025-11-27T00:32:17.757973+00:00,train,1,8141,self,1.0,0,100,,
2025-11-27T00:32:17.758089+00:00,train,1,8142,self,1.0,0,100,,
2025-11-27T00:32:17.758206+00:00,train,1,8143,self,1.0,0,96,,
2025-11-27T00:32:17.758321+00:00,train,1,8144,self,1.0,0,98,,
2025-11-27T00:32:17.758436+00:00,train,1,8145,self,1.0,0,91,,
2025-11-27T00:32:17.758553+00:00,train,1,8146,self,1.0,0,98,,
2025-11-27T00:32:17.758721+00:00,train,1,8147,self,1.0,0,89,,
2025-11-27T00:32:17.758837+00:00,train,1,8148,self,1.0,0,95,,
2025-11-27T00:32:17.758953+00:00,train,1,8149,self,1.0,0,92,,
2025-11-27T00:32:17.759069+00:00,train,1,8150,self,1.0,0,100,,
2025-11-27T00:32:17.759186+00:00,train,1,8151,self,1.0,0,96,,
2025-11-27T00:32:17.759302+00:00,train,1,8152,self,1.0,0,100,,
2025-11-27T00:32:17.759418+00:00,train,1,8153,self,1.0,0,87,,
2025-11-27T00:32:17.759533+00:00,train,1,8154,self,1.0,0,91,,
2025-11-27T00:32:17.759650+00:00,train,1,8155,self,1.0,0,91,,
2025-11-27T00:32:17.759767+00:00,train,1,8156,self,1.0,0,94,,
2025-11-27T00:32:17.759929+00:00,train,1,8157,self,1.0,0,96,,
2025-11-27T00:32:17.760065+00:00,train,1,8158,self,1.0,0,98,,
2025-11-27T00:32:17.760233+00:00,train,1,8159,self,1.0,0,95,,
2025-11-27T00:32:17.760370+00:00,train,1,8160,self,1.0,0,98,,
2025-11-27T00:32:17.760497+00:00,train,1,8161,self,1.0,0,72,,
2025-11-27T00:32:17.760619+00:00,train,1,8162,self,1.0,0,100,,
2025-11-27T00:32:17.760740+00:00,train,1,8163,self,1.0,0,91,,
2025-11-27T00:32:17.760860+00:00,train,1,8164,self,1.0,0,100,,
2025-11-27T00:32:17.760978+00:00,train,1,8165,self,1.0,0,88,,
2025-11-27T00:32:17.761096+00:00,train,1,8166,self,1.0,0,94,,
2025-11-27T00:32:17.761213+00:00,train,1,8167,self,1.0,0,98,,
2025-11-27T00:32:17.761330+00:00,train,1,8168,self,1.0,0,100,,
2025-11-27T00:32:17.761446+00:00,train,1,8169,self,1.0,0,96,,
2025-11-27T00:32:17.761564+00:00,train,1,8170,self,1.0,0,97,,
2025-11-27T00:32:17.761681+00:00,train,1,8171,self,1.0,0,88,,
2025-11-27T00:32:17.761796+00:00,train,1,8172,self,1.0,0,90,,
2025-11-27T00:32:17.761912+00:00,train,1,8173,self,1.0,0,96,,
2025-11-27T00:32:17.762028+00:00,train,1,8174,self,1.0,0,100,,
2025-11-27T00:32:17.762145+00:00,train,1,8175,self,1.0,0,96,,
2025-11-27T00:32:17.762261+00:00,train,1,8176,self,1.0,0,99,,
2025-11-27T00:32:17.762379+00:00,train,1,8177,self,1.0,0,94,,
2025-11-27T00:32:17.762495+00:00,train,1,8178,self,1.0,0,94,,
2025-11-27T00:32:17.762612+00:00,train,1,8179,self,1.0,0,90,,
2025-11-27T00:32:17.762728+00:00,train,1,8180,self,1.0,0,98,,
2025-11-27T00:32:17.762845+00:00,train,1,8181,self,1.0,0,99,,
2025-11-27T00:32:17.762961+00:00,train,1,8182,self,1.0,0,100,,
2025-11-27T00:32:17.763077+00:00,train,1,8183,self,1.0,0,98,,
2025-11-27T00:32:17.763192+00:00,train,1,8184,self,1.0,0,99,,
2025-11-27T00:32:17.763308+00:00,train,1,8185,self,1.0,0,95,,
2025-11-27T00:32:17.763425+00:00,train,1,8186,self,1.0,0,100,,
2025-11-27T00:32:17.763542+00:00,train,1,8187,self,1.0,0,76,,
2025-11-27T00:32:17.763657+00:00,train,1,8188,self,1.0,0,92,,
2025-11-27T00:32:17.763773+00:00,train,1,8189,self,1.0,0,86,,
2025-11-27T00:32:17.763889+00:00,train,1,8190,self,1.0,0,89,,
2025-11-27T00:32:17.764004+00:00,train,1,8191,self,1.0,0,99,,
2025-11-27T00:32:17.764122+00:00,train,1,8192,self,1.0,0,99,,
2025-11-27T00:32:17.764238+00:00,train,1,8193,self,1.0,0,94,,
2025-11-27T00:32:17.764354+00:00,train,1,8194,self,1.0,0,98,,
2025-11-27T00:32:17.764468+00:00,train,1,8195,self,1.0,0,94,,
2025-11-27T00:32:17.764583+00:00,train,1,8196,self,1.0,0,95,,
2025-11-27T00:32:17.764699+00:00,train,1,8197,self,1.0,0,94,,
2025-11-27T00:32:17.764814+00:00,train,1,8198,self,1.0,0,99,,
2025-11-27T00:32:17.764930+00:00,train,1,8199,self,1.0,0,96,,
2025-11-27T00:32:17.765046+00:00,train,1,8200,self,1.0,0,100,,
2025-11-27T00:32:17.765162+00:00,train,1,8201,self,1.0,0,91,,
2025-11-27T00:32:17.765278+00:00,train,1,8202,self,1.0,0,99,,
2025-11-27T00:32:17.765393+00:00,train,1,8203,self,1.0,0,98,,
2025-11-27T00:32:17.765508+00:00,train,1,8204,self,1.0,0,98,,
2025-11-27T00:32:17.765624+00:00,train,1,8205,self,1.0,0,95,,
2025-11-27T00:32:17.765740+00:00,train,1,8206,self,1.0,0,96,,
2025-11-27T00:32:17.765856+00:00,train,1,8207,self,1.0,0,83,,
2025-11-27T00:32:17.765972+00:00,train,1,8208,self,1.0,0,95,,
2025-11-27T00:32:17.766087+00:00,train,1,8209,self,1.0,0,99,,
2025-11-27T00:32:17.766203+00:00,train,1,8210,self,1.0,0,100,,
2025-11-27T00:32:17.766319+00:00,train,1,8211,self,1.0,0,91,,
2025-11-27T00:32:17.766435+00:00,train,1,8212,self,1.0,0,98,,
2025-11-27T00:32:17.766550+00:00,train,1,8213,self,1.0,0,93,,
2025-11-27T00:32:17.766666+00:00,train,1,8214,self,1.0,0,95,,
2025-11-27T00:32:17.766782+00:00,train,1,8215,self,1.0,0,89,,
2025-11-27T00:32:17.766897+00:00,train,1,8216,self,1.0,0,99,,
2025-11-27T00:32:17.767013+00:00,train,1,8217,self,1.0,0,82,,
2025-11-27T00:32:17.767129+00:00,train,1,8218,self,1.0,0,96,,
2025-11-27T00:32:17.767244+00:00,train,1,8219,self,1.0,0,83,,
2025-11-27T00:32:17.767360+00:00,train,1,8220,self,1.0,0,92,,
2025-11-27T00:32:17.767476+00:00,train,1,8221,self,1.0,0,98,,
2025-11-27T00:32:17.767594+00:00,train,1,8222,self,1.0,0,99,,
2025-11-27T00:32:17.767754+00:00,train,1,8223,self,1.0,0,98,,
2025-11-27T00:32:17.767869+00:00,train,1,8224,self,1.0,0,100,,
2025-11-27T00:32:17.767985+00:00,train,1,8225,self,1.0,0,97,,
2025-11-27T00:32:17.768102+00:00,train,1,8226,self,1.0,0,98,,
2025-11-27T00:32:17.768217+00:00,train,1,8227,self,1.0,0,98,,
2025-11-27T00:32:17.768335+00:00,train,1,8228,self,1.0,0,99,,
2025-11-27T00:32:17.768451+00:00,train,1,8229,self,1.0,0,99,,
2025-11-27T00:32:17.768567+00:00,train,1,8230,self,1.0,0,99,,
2025-11-27T00:32:17.768684+00:00,train,1,8231,self,1.0,0,97,,
2025-11-27T00:32:17.768854+00:00,train,1,8232,self,1.0,0,99,,
2025-11-27T00:32:17.768969+00:00,train,1,8233,self,1.0,0,98,,
2025-11-27T00:32:17.769088+00:00,train,1,8234,self,1.0,0,99,,
2025-11-27T00:32:17.769204+00:00,train,1,8235,self,1.0,0,100,,
2025-11-27T00:32:17.769323+00:00,train,1,8236,self,1.0,0,100,,
2025-11-27T00:32:17.769442+00:00,train,1,8237,self,1.0,0,94,,
2025-11-27T00:32:17.769558+00:00,train,1,8238,self,1.0,0,99,,
2025-11-27T00:32:17.769673+00:00,train,1,8239,self,1.0,0,91,,
2025-11-27T00:32:17.769790+00:00,train,1,8240,self,1.0,0,100,,
2025-11-27T00:32:17.769912+00:00,train,1,8241,self,1.0,0,93,,
2025-11-27T00:32:17.770065+00:00,train,1,8242,self,1.0,0,99,,
2025-11-27T00:32:17.770184+00:00,train,1,8243,self,1.0,0,98,,
2025-11-27T00:32:17.770300+00:00,train,1,8244,self,1.0,0,100,,
2025-11-27T00:32:17.770415+00:00,train,1,8245,self,1.0,0,95,,
2025-11-27T00:32:17.770575+00:00,train,1,8246,self,1.0,0,100,,
2025-11-27T00:32:17.770709+00:00,train,1,8247,self,1.0,0,98,,
2025-11-27T00:32:17.770833+00:00,train,1,8248,self,1.0,0,100,,
2025-11-27T00:32:17.770952+00:00,train,1,8249,self,1.0,0,92,,
2025-11-27T00:32:17.771091+00:00,train,1,8250,self,1.0,0,99,,
2025-11-27T00:32:17.771210+00:00,train,1,8251,self,1.0,0,90,,
2025-11-27T00:32:17.771345+00:00,train,1,8252,self,1.0,0,94,,
2025-11-27T00:32:17.771458+00:00,train,1,8253,self,1.0,0,91,,
2025-11-27T00:32:17.771598+00:00,train,1,8254,self,1.0,0,94,,
2025-11-27T00:32:17.771710+00:00,train,1,8255,self,1.0,0,84,,
2025-11-27T00:32:17.771840+00:00,train,1,8256,self,1.0,0,85,,
2025-11-27T00:32:17.771952+00:00,train,1,8257,self,1.0,0,79,,
2025-11-27T00:32:17.772078+00:00,train,1,8258,self,1.0,0,98,,
2025-11-27T00:32:17.772191+00:00,train,1,8259,self,1.0,0,100,,
2025-11-27T00:32:17.772314+00:00,train,1,8260,self,1.0,0,100,,
2025-11-27T00:32:17.772426+00:00,train,1,8261,self,1.0,0,93,,
2025-11-27T00:32:17.772539+00:00,train,1,8262,self,1.0,0,97,,
2025-11-27T00:32:17.772651+00:00,train,1,8263,self,1.0,0,82,,
2025-11-27T00:32:17.772762+00:00,train,1,8264,self,1.0,0,94,,
2025-11-27T00:32:17.772873+00:00,train,1,8265,self,1.0,0,93,,
2025-11-27T00:32:17.772985+00:00,train,1,8266,self,1.0,0,99,,
2025-11-27T00:32:17.773097+00:00,train,1,8267,self,1.0,0,92,,
2025-11-27T00:32:17.773208+00:00,train,1,8268,self,1.0,0,99,,
2025-11-27T00:32:17.773319+00:00,train,1,8269,self,1.0,0,93,,
2025-11-27T00:32:17.773430+00:00,train,1,8270,self,1.0,0,97,,
2025-11-27T00:32:17.773541+00:00,train,1,8271,self,1.0,0,80,,
2025-11-27T00:32:17.773652+00:00,train,1,8272,self,1.0,0,99,,
2025-11-27T00:32:17.773762+00:00,train,1,8273,self,1.0,0,94,,
2025-11-27T00:32:17.773873+00:00,train,1,8274,self,1.0,0,95,,
2025-11-27T00:32:17.773983+00:00,train,1,8275,self,1.0,0,95,,
2025-11-27T00:32:17.774094+00:00,train,1,8276,self,1.0,0,95,,
2025-11-27T00:32:17.774205+00:00,train,1,8277,self,1.0,0,94,,
2025-11-27T00:32:17.774316+00:00,train,1,8278,self,1.0,0,100,,
2025-11-27T00:32:17.774427+00:00,train,1,8279,self,1.0,0,95,,
2025-11-27T00:32:17.774538+00:00,train,1,8280,self,1.0,0,96,,
2025-11-27T00:32:17.774648+00:00,train,1,8281,self,1.0,0,91,,
2025-11-27T00:32:17.774759+00:00,train,1,8282,self,1.0,0,97,,
2025-11-27T00:32:17.774870+00:00,train,1,8283,self,1.0,0,81,,
2025-11-27T00:32:17.774980+00:00,train,1,8284,self,1.0,0,97,,
2025-11-27T00:32:17.775091+00:00,train,1,8285,self,1.0,0,88,,
2025-11-27T00:32:17.775203+00:00,train,1,8286,self,1.0,0,90,,
2025-11-27T00:32:17.775313+00:00,train,1,8287,self,1.0,0,95,,
2025-11-27T00:32:17.775424+00:00,train,1,8288,self,1.0,0,99,,
2025-11-27T00:32:17.775535+00:00,train,1,8289,self,1.0,0,98,,
2025-11-27T00:32:17.775646+00:00,train,1,8290,self,1.0,0,98,,
2025-11-27T00:32:17.775757+00:00,train,1,8291,self,1.0,0,95,,
2025-11-27T00:32:17.775868+00:00,train,1,8292,self,1.0,0,97,,
2025-11-27T00:32:17.775979+00:00,train,1,8293,self,1.0,0,99,,
2025-11-27T00:32:17.776090+00:00,train,1,8294,self,1.0,0,100,,
2025-11-27T00:32:17.776201+00:00,train,1,8295,self,1.0,0,83,,
2025-11-27T00:32:17.776311+00:00,train,1,8296,self,1.0,0,97,,
2025-11-27T00:32:17.776421+00:00,train,1,8297,self,1.0,0,98,,
2025-11-27T00:32:17.776532+00:00,train,1,8298,self,1.0,0,99,,
2025-11-27T00:32:17.776643+00:00,train,1,8299,self,1.0,0,99,,
2025-11-27T00:32:17.776754+00:00,train,1,8300,self,1.0,0,99,,
2025-11-27T00:32:17.776865+00:00,train,1,8301,self,1.0,0,98,,
2025-11-27T00:32:17.776976+00:00,train,1,8302,self,1.0,0,98,,
2025-11-27T00:32:17.777087+00:00,train,1,8303,self,1.0,0,92,,
2025-11-27T00:32:17.777197+00:00,train,1,8304,self,1.0,0,99,,
2025-11-27T00:32:17.777308+00:00,train,1,8305,self,1.0,0,95,,
2025-11-27T00:32:17.777418+00:00,train,1,8306,self,1.0,0,100,,
2025-11-27T00:32:17.777533+00:00,train,1,8307,self,1.0,0,97,,
2025-11-27T00:32:17.777645+00:00,train,1,8308,self,1.0,0,98,,
2025-11-27T00:32:17.777755+00:00,train,1,8309,self,1.0,0,97,,
2025-11-27T00:32:17.777866+00:00,train,1,8310,self,1.0,0,100,,
2025-11-27T00:32:17.777976+00:00,train,1,8311,self,1.0,0,97,,
2025-11-27T00:32:17.778087+00:00,train,1,8312,self,1.0,0,100,,
2025-11-27T00:32:17.778198+00:00,train,1,8313,self,1.0,0,97,,
2025-11-27T00:32:17.778308+00:00,train,1,8314,self,1.0,0,100,,
2025-11-27T00:32:17.778419+00:00,train,1,8315,self,1.0,0,88,,
2025-11-27T00:32:17.778532+00:00,train,1,8316,self,1.0,0,99,,
2025-11-27T00:32:17.778649+00:00,train,1,8317,self,1.0,0,94,,
2025-11-27T00:32:17.778760+00:00,train,1,8318,self,1.0,0,99,,
2025-11-27T00:32:17.778871+00:00,train,1,8319,self,1.0,0,98,,
2025-11-27T00:32:17.779026+00:00,train,1,8320,self,1.0,0,99,,
2025-11-27T00:32:17.779137+00:00,train,1,8321,self,1.0,0,84,,
2025-11-27T00:32:17.779248+00:00,train,1,8322,self,1.0,0,100,,
2025-11-27T00:32:17.779358+00:00,train,1,8323,self,1.0,0,94,,
2025-11-27T00:32:17.779469+00:00,train,1,8324,self,1.0,0,99,,
2025-11-27T00:32:17.779580+00:00,train,1,8325,self,1.0,0,87,,
2025-11-27T00:32:17.779691+00:00,train,1,8326,self,1.0,0,99,,
2025-11-27T00:32:17.779801+00:00,train,1,8327,self,1.0,0,95,,
2025-11-27T00:32:17.779911+00:00,train,1,8328,self,1.0,0,97,,
2025-11-27T00:32:17.780022+00:00,train,1,8329,self,1.0,0,93,,
2025-11-27T00:32:17.780135+00:00,train,1,8330,self,1.0,0,99,,
2025-11-27T00:32:17.780247+00:00,train,1,8331,self,1.0,0,98,,
2025-11-27T00:32:17.780358+00:00,train,1,8332,self,1.0,0,99,,
2025-11-27T00:32:17.780469+00:00,train,1,8333,self,1.0,0,85,,
2025-11-27T00:32:17.780580+00:00,train,1,8334,self,1.0,0,97,,
2025-11-27T00:32:17.780691+00:00,train,1,8335,self,1.0,0,93,,
2025-11-27T00:32:17.780802+00:00,train,1,8336,self,1.0,0,99,,
2025-11-27T00:32:17.780912+00:00,train,1,8337,self,1.0,0,96,,
2025-11-27T00:32:17.781023+00:00,train,1,8338,self,1.0,0,96,,
2025-11-27T00:32:17.781133+00:00,train,1,8339,self,1.0,0,91,,
2025-11-27T00:32:17.781243+00:00,train,1,8340,self,1.0,0,98,,
2025-11-27T00:32:17.781354+00:00,train,1,8341,self,1.0,0,96,,
2025-11-27T00:32:17.781464+00:00,train,1,8342,self,1.0,0,97,,
2025-11-27T00:32:17.781574+00:00,train,1,8343,self,1.0,0,99,,
2025-11-27T00:32:17.781685+00:00,train,1,8344,self,1.0,0,100,,
2025-11-27T00:32:17.781797+00:00,train,1,8345,self,1.0,0,93,,
2025-11-27T00:32:17.781908+00:00,train,1,8346,self,1.0,0,96,,
2025-11-27T00:32:17.782021+00:00,train,1,8347,self,1.0,0,93,,
2025-11-27T00:32:17.782132+00:00,train,1,8348,self,1.0,0,99,,
2025-11-27T00:32:17.782243+00:00,train,1,8349,self,1.0,0,83,,
2025-11-27T00:32:17.782353+00:00,train,1,8350,self,1.0,0,89,,
2025-11-27T00:32:17.782464+00:00,train,1,8351,self,1.0,0,97,,
2025-11-27T00:32:17.782575+00:00,train,1,8352,self,1.0,0,97,,
2025-11-27T00:32:17.782686+00:00,train,1,8353,self,1.0,0,96,,
2025-11-27T00:32:17.782797+00:00,train,1,8354,self,1.0,0,98,,
2025-11-27T00:32:17.782907+00:00,train,1,8355,self,1.0,0,94,,
2025-11-27T00:32:17.783018+00:00,train,1,8356,self,1.0,0,99,,
2025-11-27T00:32:17.783129+00:00,train,1,8357,self,1.0,0,96,,
2025-11-27T00:32:17.783240+00:00,train,1,8358,self,1.0,0,98,,
2025-11-27T00:32:17.783350+00:00,train,1,8359,self,1.0,0,98,,
2025-11-27T00:32:17.783460+00:00,train,1,8360,self,1.0,0,99,,
2025-11-27T00:32:17.783570+00:00,train,1,8361,self,1.0,0,94,,
2025-11-27T00:32:17.783681+00:00,train,1,8362,self,1.0,0,100,,
2025-11-27T00:32:17.783792+00:00,train,1,8363,self,1.0,0,99,,
2025-11-27T00:32:17.783902+00:00,train,1,8364,self,1.0,0,99,,
2025-11-27T00:32:17.784012+00:00,train,1,8365,self,1.0,0,95,,
2025-11-27T00:32:17.784123+00:00,train,1,8366,self,1.0,0,100,,
2025-11-27T00:32:17.784233+00:00,train,1,8367,self,1.0,0,93,,
2025-11-27T00:32:17.784344+00:00,train,1,8368,self,1.0,0,94,,
2025-11-27T00:32:17.784455+00:00,train,1,8369,self,1.0,0,94,,
2025-11-27T00:32:17.784565+00:00,train,1,8370,self,1.0,0,99,,
2025-11-27T00:32:17.784676+00:00,train,1,8371,self,1.0,0,94,,
2025-11-27T00:32:17.784787+00:00,train,1,8372,self,1.0,0,98,,
2025-11-27T00:32:17.784897+00:00,train,1,8373,self,1.0,0,97,,
2025-11-27T00:32:17.785008+00:00,train,1,8374,self,1.0,0,100,,
2025-11-27T00:32:17.785118+00:00,train,1,8375,self,1.0,0,87,,
2025-11-27T00:32:17.785228+00:00,train,1,8376,self,1.0,0,95,,
2025-11-27T00:32:17.785339+00:00,train,1,8377,self,1.0,0,95,,
2025-11-27T00:32:17.785450+00:00,train,1,8378,self,1.0,0,95,,
2025-11-27T00:32:17.785561+00:00,train,1,8379,self,1.0,0,94,,
2025-11-27T00:32:17.785671+00:00,train,1,8380,self,1.0,0,97,,
2025-11-27T00:32:17.785833+00:00,train,1,8381,self,1.0,0,74,,
2025-11-27T00:32:17.785946+00:00,train,1,8382,self,1.0,0,97,,
2025-11-27T00:32:17.786057+00:00,train,1,8383,self,1.0,0,91,,
2025-11-27T00:32:17.786168+00:00,train,1,8384,self,1.0,0,100,,
2025-11-27T00:32:17.786279+00:00,train,1,8385,self,1.0,0,99,,
2025-11-27T00:32:17.786389+00:00,train,1,8386,self,1.0,0,100,,
2025-11-27T00:32:17.786500+00:00,train,1,8387,self,1.0,0,95,,
2025-11-27T00:32:17.786611+00:00,train,1,8388,self,1.0,0,98,,
2025-11-27T00:32:17.786721+00:00,train,1,8389,self,1.0,0,95,,
2025-11-27T00:32:17.786831+00:00,train,1,8390,self,1.0,0,98,,
2025-11-27T00:32:17.786942+00:00,train,1,8391,self,1.0,0,85,,
2025-11-27T00:32:17.787052+00:00,train,1,8392,self,1.0,0,100,,
2025-11-27T00:32:17.787163+00:00,train,1,8393,self,1.0,0,93,,
2025-11-27T00:32:17.787273+00:00,train,1,8394,self,1.0,0,98,,
2025-11-27T00:32:17.787383+00:00,train,1,8395,self,1.0,0,88,,
2025-11-27T00:32:17.787494+00:00,train,1,8396,self,1.0,0,98,,
2025-11-27T00:32:17.787605+00:00,train,1,8397,self,1.0,0,90,,
2025-11-27T00:32:17.787715+00:00,train,1,8398,self,1.0,0,100,,
2025-11-27T00:32:17.787826+00:00,train,1,8399,self,1.0,0,96,,
2025-11-27T00:32:17.787937+00:00,train,1,8400,self,1.0,0,99,,
2025-11-27T00:32:17.788047+00:00,train,1,8401,self,1.0,0,96,,
2025-11-27T00:32:17.788158+00:00,train,1,8402,self,1.0,0,98,,
2025-11-27T00:32:17.788269+00:00,train,1,8403,self,1.0,0,90,,
2025-11-27T00:32:17.788380+00:00,train,1,8404,self,1.0,0,97,,
2025-11-27T00:32:17.788490+00:00,train,1,8405,self,1.0,0,98,,
2025-11-27T00:32:17.788600+00:00,train,1,8406,self,1.0,0,99,,
2025-11-27T00:32:17.788711+00:00,train,1,8407,self,1.0,0,88,,
2025-11-27T00:32:17.788821+00:00,train,1,8408,self,1.0,0,98,,
2025-11-27T00:32:17.788931+00:00,train,1,8409,self,1.0,0,95,,
2025-11-27T00:32:17.789137+00:00,train,1,8410,self,1.0,0,96,,
2025-11-27T00:32:17.789276+00:00,train,1,8411,self,1.0,0,98,,
2025-11-27T00:32:17.789405+00:00,train,1,8412,self,1.0,0,100,,
2025-11-27T00:32:17.789529+00:00,train,1,8413,self,1.0,0,87,,
2025-11-27T00:32:17.789664+00:00,train,1,8414,self,1.0,0,97,,
2025-11-27T00:32:17.789784+00:00,train,1,8415,self,1.0,0,85,,
2025-11-27T00:32:17.789918+00:00,train,1,8416,self,1.0,0,88,,
2025-11-27T00:32:17.790040+00:00,train,1,8417,self,1.0,0,99,,
2025-11-27T00:32:17.790209+00:00,train,1,8418,self,1.0,0,99,,
2025-11-27T00:32:17.790328+00:00,train,1,8419,self,1.0,0,92,,
2025-11-27T00:32:17.790445+00:00,train,1,8420,self,1.0,0,100,,
2025-11-27T00:32:17.790579+00:00,train,1,8421,self,1.0,0,90,,
2025-11-27T00:32:17.790695+00:00,train,1,8422,self,1.0,0,96,,
2025-11-27T00:32:17.790827+00:00,train,1,8423,self,1.0,0,76,,
2025-11-27T00:32:17.790943+00:00,train,1,8424,self,1.0,0,100,,
2025-11-27T00:32:17.791073+00:00,train,1,8425,self,1.0,0,99,,
2025-11-27T00:32:17.791190+00:00,train,1,8426,self,1.0,0,99,,
2025-11-27T00:32:17.791320+00:00,train,1,8427,self,1.0,0,92,,
2025-11-27T00:32:17.791437+00:00,train,1,8428,self,1.0,0,99,,
2025-11-27T00:32:17.791554+00:00,train,1,8429,self,1.0,0,98,,
2025-11-27T00:32:17.791670+00:00,train,1,8430,self,1.0,0,98,,
2025-11-27T00:32:17.791786+00:00,train,1,8431,self,1.0,0,86,,
2025-11-27T00:32:17.791902+00:00,train,1,8432,self,1.0,0,97,,
2025-11-27T00:32:17.792019+00:00,train,1,8433,self,1.0,0,93,,
2025-11-27T00:32:17.792135+00:00,train,1,8434,self,1.0,0,95,,
2025-11-27T00:32:17.792251+00:00,train,1,8435,self,1.0,0,90,,
2025-11-27T00:32:17.792366+00:00,train,1,8436,self,1.0,0,92,,
2025-11-27T00:32:17.792483+00:00,train,1,8437,self,1.0,0,94,,
2025-11-27T00:32:17.792601+00:00,train,1,8438,self,1.0,0,100,,
2025-11-27T00:32:17.792717+00:00,train,1,8439,self,1.0,0,85,,
2025-11-27T00:32:17.792832+00:00,train,1,8440,self,1.0,0,96,,
2025-11-27T00:32:17.792948+00:00,train,1,8441,self,1.0,0,99,,
2025-11-27T00:32:17.793064+00:00,train,1,8442,self,1.0,0,100,,
2025-11-27T00:32:17.793179+00:00,train,1,8443,self,1.0,0,89,,
2025-11-27T00:32:17.793298+00:00,train,1,8444,self,1.0,0,100,,
2025-11-27T00:32:17.793414+00:00,train,1,8445,self,1.0,0,96,,
2025-11-27T00:32:17.793532+00:00,train,1,8446,self,1.0,0,98,,
2025-11-27T00:32:17.793648+00:00,train,1,8447,self,1.0,0,92,,
2025-11-27T00:32:17.793765+00:00,train,1,8448,self,1.0,0,97,,
2025-11-27T00:32:17.793880+00:00,train,1,8449,self,1.0,0,96,,
2025-11-27T00:32:17.793997+00:00,train,1,8450,self,1.0,0,98,,
2025-11-27T00:32:17.794112+00:00,train,1,8451,self,1.0,0,91,,
2025-11-27T00:32:17.794228+00:00,train,1,8452,self,1.0,0,95,,
2025-11-27T00:32:17.794343+00:00,train,1,8453,self,1.0,0,87,,
2025-11-27T00:32:17.794458+00:00,train,1,8454,self,1.0,0,98,,
2025-11-27T00:32:17.794574+00:00,train,1,8455,self,1.0,0,86,,
2025-11-27T00:32:17.794692+00:00,train,1,8456,self,1.0,0,100,,
2025-11-27T00:32:17.794809+00:00,train,1,8457,self,1.0,0,96,,
2025-11-27T00:32:17.794924+00:00,train,1,8458,self,1.0,0,100,,
2025-11-27T00:32:17.795040+00:00,train,1,8459,self,1.0,0,97,,
2025-11-27T00:32:17.795156+00:00,train,1,8460,self,1.0,0,100,,
2025-11-27T00:32:17.795272+00:00,train,1,8461,self,1.0,0,91,,
2025-11-27T00:32:17.795390+00:00,train,1,8462,self,1.0,0,100,,
2025-11-27T00:32:17.795506+00:00,train,1,8463,self,1.0,0,96,,
2025-11-27T00:32:17.795622+00:00,train,1,8464,self,1.0,0,99,,
2025-11-27T00:32:17.795737+00:00,train,1,8465,self,1.0,0,91,,
2025-11-27T00:32:17.795852+00:00,train,1,8466,self,1.0,0,94,,
2025-11-27T00:32:17.795967+00:00,train,1,8467,self,1.0,0,98,,
2025-11-27T00:32:17.796082+00:00,train,1,8468,self,1.0,0,98,,
2025-11-27T00:32:17.796198+00:00,train,1,8469,self,1.0,0,95,,
2025-11-27T00:32:17.796313+00:00,train,1,8470,self,1.0,0,100,,
2025-11-27T00:32:17.796428+00:00,train,1,8471,self,1.0,0,98,,
2025-11-27T00:32:17.796544+00:00,train,1,8472,self,1.0,0,99,,
2025-11-27T00:32:17.796659+00:00,train,1,8473,self,1.0,0,91,,
2025-11-27T00:32:17.796775+00:00,train,1,8474,self,1.0,0,100,,
2025-11-27T00:32:17.796891+00:00,train,1,8475,self,1.0,0,98,,
2025-11-27T00:32:17.797006+00:00,train,1,8476,self,1.0,0,98,,
2025-11-27T00:32:17.797122+00:00,train,1,8477,self,1.0,0,98,,
2025-11-27T00:32:17.797243+00:00,train,1,8478,self,1.0,0,99,,
2025-11-27T00:32:17.797359+00:00,train,1,8479,self,1.0,0,94,,
2025-11-27T00:32:17.797474+00:00,train,1,8480,self,1.0,0,98,,
2025-11-27T00:32:17.797591+00:00,train,1,8481,self,1.0,0,95,,
2025-11-27T00:32:17.797707+00:00,train,1,8482,self,1.0,0,99,,
2025-11-27T00:32:17.797825+00:00,train,1,8483,self,1.0,0,98,,
2025-11-27T00:32:17.797940+00:00,train,1,8484,self,1.0,0,99,,
2025-11-27T00:32:17.798060+00:00,train,1,8485,self,1.0,0,92,,
2025-11-27T00:32:17.798175+00:00,train,1,8486,self,1.0,0,93,,
2025-11-27T00:32:17.798290+00:00,train,1,8487,self,1.0,0,85,,
2025-11-27T00:32:17.798404+00:00,train,1,8488,self,1.0,0,96,,
2025-11-27T00:32:17.798520+00:00,train,1,8489,self,1.0,0,92,,
2025-11-27T00:32:17.798635+00:00,train,1,8490,self,1.0,0,99,,
2025-11-27T00:32:17.798751+00:00,train,1,8491,self,1.0,0,95,,
2025-11-27T00:32:17.798866+00:00,train,1,8492,self,1.0,0,99,,
2025-11-27T00:32:17.798987+00:00,train,1,8493,self,1.0,0,98,,
2025-11-27T00:32:17.799178+00:00,train,1,8494,self,1.0,0,99,,
2025-11-27T00:32:17.799301+00:00,train,1,8495,self,1.0,0,94,,
2025-11-27T00:32:17.799417+00:00,train,1,8496,self,1.0,0,95,,
2025-11-27T00:32:17.799533+00:00,train,1,8497,self,1.0,0,98,,
2025-11-27T00:32:17.799649+00:00,train,1,8498,self,1.0,0,100,,
2025-11-27T00:32:17.799764+00:00,train,1,8499,self,1.0,0,94,,
2025-11-27T00:32:17.799881+00:00,train,1,8500,self,1.0,0,96,,
2025-11-27T00:32:17.800001+00:00,train,1,8501,self,1.0,0,93,,
2025-11-27T00:32:17.800116+00:00,train,1,8502,self,1.0,0,97,,
2025-11-27T00:32:17.800233+00:00,train,1,8503,self,1.0,0,83,,
2025-11-27T00:32:17.800348+00:00,train,1,8504,self,1.0,0,95,,
2025-11-27T00:32:17.800463+00:00,train,1,8505,self,1.0,0,93,,
2025-11-27T00:32:17.800578+00:00,train,1,8506,self,1.0,0,99,,
2025-11-27T00:32:17.800692+00:00,train,1,8507,self,1.0,0,98,,
2025-11-27T00:32:17.800807+00:00,train,1,8508,self,1.0,0,98,,
2025-11-27T00:32:17.800927+00:00,train,1,8509,self,1.0,0,89,,
2025-11-27T00:32:17.801042+00:00,train,1,8510,self,1.0,0,91,,
2025-11-27T00:32:17.801158+00:00,train,1,8511,self,1.0,0,89,,
2025-11-27T00:32:17.801273+00:00,train,1,8512,self,1.0,0,98,,
2025-11-27T00:32:17.801388+00:00,train,1,8513,self,1.0,0,91,,
2025-11-27T00:32:17.801502+00:00,train,1,8514,self,1.0,0,97,,
2025-11-27T00:32:17.801616+00:00,train,1,8515,self,1.0,0,92,,
2025-11-27T00:32:17.801730+00:00,train,1,8516,self,1.0,0,95,,
2025-11-27T00:32:17.801849+00:00,train,1,8517,self,1.0,0,90,,
2025-11-27T00:32:17.801964+00:00,train,1,8518,self,1.0,0,97,,
2025-11-27T00:32:17.802079+00:00,train,1,8519,self,1.0,0,87,,
2025-11-27T00:32:17.802194+00:00,train,1,8520,self,1.0,0,91,,
2025-11-27T00:32:17.802308+00:00,train,1,8521,self,1.0,0,83,,
2025-11-27T00:32:17.802423+00:00,train,1,8522,self,1.0,0,97,,
2025-11-27T00:32:17.802538+00:00,train,1,8523,self,1.0,0,91,,
2025-11-27T00:32:17.802653+00:00,train,1,8524,self,1.0,0,99,,
2025-11-27T00:32:17.802773+00:00,train,1,8525,self,1.0,0,83,,
2025-11-27T00:32:17.802888+00:00,train,1,8526,self,1.0,0,97,,
2025-11-27T00:32:17.803003+00:00,train,1,8527,self,1.0,0,90,,
2025-11-27T00:32:17.803118+00:00,train,1,8528,self,1.0,0,96,,
2025-11-27T00:32:17.803232+00:00,train,1,8529,self,1.0,0,96,,
2025-11-27T00:32:17.803347+00:00,train,1,8530,self,1.0,0,97,,
2025-11-27T00:32:17.803461+00:00,train,1,8531,self,1.0,0,85,,
2025-11-27T00:32:17.803575+00:00,train,1,8532,self,1.0,0,100,,
2025-11-27T00:32:17.803696+00:00,train,1,8533,self,1.0,0,78,,
2025-11-27T00:32:17.803811+00:00,train,1,8534,self,1.0,0,98,,
2025-11-27T00:32:17.803926+00:00,train,1,8535,self,1.0,0,97,,
2025-11-27T00:32:17.804040+00:00,train,1,8536,self,1.0,0,100,,
2025-11-27T00:32:17.804155+00:00,train,1,8537,self,1.0,0,96,,
2025-11-27T00:32:17.804269+00:00,train,1,8538,self,1.0,0,99,,
2025-11-27T00:32:17.804384+00:00,train,1,8539,self,1.0,0,98,,
2025-11-27T00:32:17.804499+00:00,train,1,8540,self,1.0,0,100,,
2025-11-27T00:32:17.804619+00:00,train,1,8541,self,1.0,0,96,,
2025-11-27T00:32:17.804734+00:00,train,1,8542,self,1.0,0,100,,
2025-11-27T00:32:17.804848+00:00,train,1,8543,self,1.0,0,96,,
2025-11-27T00:32:17.804963+00:00,train,1,8544,self,1.0,0,98,,
2025-11-27T00:32:17.805079+00:00,train,1,8545,self,1.0,0,85,,
2025-11-27T00:32:17.805193+00:00,train,1,8546,self,1.0,0,98,,
2025-11-27T00:32:17.805308+00:00,train,1,8547,self,1.0,0,94,,
2025-11-27T00:32:17.805423+00:00,train,1,8548,self,1.0,0,96,,
2025-11-27T00:32:17.805543+00:00,train,1,8549,self,1.0,0,97,,
2025-11-27T00:32:17.805659+00:00,train,1,8550,self,1.0,0,99,,
2025-11-27T00:32:17.805773+00:00,train,1,8551,self,1.0,0,97,,
2025-11-27T00:32:17.805888+00:00,train,1,8552,self,1.0,0,98,,
2025-11-27T00:32:17.806003+00:00,train,1,8553,self,1.0,0,97,,
2025-11-27T00:32:17.806117+00:00,train,1,8554,self,1.0,0,99,,
2025-11-27T00:32:17.806232+00:00,train,1,8555,self,1.0,0,96,,
2025-11-27T00:32:17.806347+00:00,train,1,8556,self,1.0,0,99,,
2025-11-27T00:32:17.806467+00:00,train,1,8557,self,1.0,0,97,,
2025-11-27T00:32:17.806583+00:00,train,1,8558,self,1.0,0,100,,
2025-11-27T00:32:17.806697+00:00,train,1,8559,self,1.0,0,99,,
2025-11-27T00:32:17.806812+00:00,train,1,8560,self,1.0,0,100,,
2025-11-27T00:32:17.806927+00:00,train,1,8561,self,1.0,0,96,,
2025-11-27T00:32:17.807042+00:00,train,1,8562,self,1.0,0,99,,
2025-11-27T00:32:17.807157+00:00,train,1,8563,self,1.0,0,84,,
2025-11-27T00:32:17.807272+00:00,train,1,8564,self,1.0,0,100,,
2025-11-27T00:32:17.807393+00:00,train,1,8565,self,1.0,0,96,,
2025-11-27T00:32:17.807508+00:00,train,1,8566,self,1.0,0,97,,
2025-11-27T00:32:17.807623+00:00,train,1,8567,self,1.0,0,100,,
2025-11-27T00:32:17.807737+00:00,train,1,8568,self,1.0,0,100,,
2025-11-27T00:32:17.807855+00:00,train,1,8569,self,1.0,0,95,,
2025-11-27T00:32:17.807969+00:00,train,1,8570,self,1.0,0,97,,
2025-11-27T00:32:17.808084+00:00,train,1,8571,self,1.0,0,75,,
2025-11-27T00:32:17.808199+00:00,train,1,8572,self,1.0,0,94,,
2025-11-27T00:32:17.808319+00:00,train,1,8573,self,1.0,0,99,,
2025-11-27T00:32:17.808434+00:00,train,1,8574,self,1.0,0,99,,
2025-11-27T00:32:17.808548+00:00,train,1,8575,self,1.0,0,91,,
2025-11-27T00:32:17.808665+00:00,train,1,8576,self,1.0,0,96,,
2025-11-27T00:32:17.808780+00:00,train,1,8577,self,1.0,0,97,,
2025-11-27T00:32:17.808895+00:00,train,1,8578,self,1.0,0,100,,
2025-11-27T00:32:17.809010+00:00,train,1,8579,self,1.0,0,99,,
2025-11-27T00:32:17.809127+00:00,train,1,8580,self,1.0,0,100,,
2025-11-27T00:32:17.809247+00:00,train,1,8581,self,1.0,0,97,,
2025-11-27T00:32:17.809409+00:00,train,1,8582,self,1.0,0,99,,
2025-11-27T00:32:17.809532+00:00,train,1,8583,self,1.0,0,82,,
2025-11-27T00:32:17.809647+00:00,train,1,8584,self,1.0,0,99,,
2025-11-27T00:32:17.809762+00:00,train,1,8585,self,1.0,0,96,,
2025-11-27T00:32:17.809877+00:00,train,1,8586,self,1.0,0,98,,
2025-11-27T00:32:17.809993+00:00,train,1,8587,self,1.0,0,90,,
2025-11-27T00:32:17.810108+00:00,train,1,8588,self,1.0,0,95,,
2025-11-27T00:32:17.810228+00:00,train,1,8589,self,1.0,0,83,,
2025-11-27T00:32:17.810344+00:00,train,1,8590,self,1.0,0,97,,
2025-11-27T00:32:17.810462+00:00,train,1,8591,self,1.0,0,94,,
2025-11-27T00:32:17.810577+00:00,train,1,8592,self,1.0,0,99,,
2025-11-27T00:32:17.810693+00:00,train,1,8593,self,1.0,0,87,,
2025-11-27T00:32:17.810808+00:00,train,1,8594,self,1.0,0,97,,
2025-11-27T00:32:17.810923+00:00,train,1,8595,self,1.0,0,100,,
2025-11-27T00:32:17.811038+00:00,train,1,8596,self,1.0,0,100,,
2025-11-27T00:32:17.811158+00:00,train,1,8597,self,1.0,0,100,,
2025-11-27T00:32:17.811273+00:00,train,1,8598,self,1.0,0,100,,
2025-11-27T00:32:17.811435+00:00,train,1,8599,self,1.0,0,86,,
2025-11-27T00:32:17.811551+00:00,train,1,8600,self,1.0,0,95,,
2025-11-27T00:32:17.811666+00:00,train,1,8601,self,1.0,0,95,,
2025-11-27T00:32:17.811784+00:00,train,1,8602,self,1.0,0,95,,
2025-11-27T00:32:17.811900+00:00,train,1,8603,self,1.0,0,91,,
2025-11-27T00:32:17.812020+00:00,train,1,8604,self,1.0,0,94,,
2025-11-27T00:32:17.812135+00:00,train,1,8605,self,1.0,0,96,,
2025-11-27T00:32:17.812250+00:00,train,1,8606,self,1.0,0,99,,
2025-11-27T00:32:17.812366+00:00,train,1,8607,self,1.0,0,90,,
2025-11-27T00:32:17.812481+00:00,train,1,8608,self,1.0,0,93,,
2025-11-27T00:32:17.812596+00:00,train,1,8609,self,1.0,0,99,,
2025-11-27T00:32:17.812711+00:00,train,1,8610,self,1.0,0,99,,
2025-11-27T00:32:17.812826+00:00,train,1,8611,self,1.0,0,89,,
2025-11-27T00:32:17.812947+00:00,train,1,8612,self,1.0,0,95,,
2025-11-27T00:32:17.813061+00:00,train,1,8613,self,1.0,0,97,,
2025-11-27T00:32:17.813176+00:00,train,1,8614,self,1.0,0,99,,
2025-11-27T00:32:17.813291+00:00,train,1,8615,self,1.0,0,95,,
2025-11-27T00:32:17.813405+00:00,train,1,8616,self,1.0,0,97,,
2025-11-27T00:32:17.813519+00:00,train,1,8617,self,1.0,0,93,,
2025-11-27T00:32:17.813635+00:00,train,1,8618,self,1.0,0,97,,
2025-11-27T00:32:17.813750+00:00,train,1,8619,self,1.0,0,89,,
2025-11-27T00:32:17.813870+00:00,train,1,8620,self,1.0,0,98,,
2025-11-27T00:32:17.813986+00:00,train,1,8621,self,1.0,0,99,,
2025-11-27T00:32:17.814101+00:00,train,1,8622,self,1.0,0,99,,
2025-11-27T00:32:17.814218+00:00,train,1,8623,self,1.0,0,97,,
2025-11-27T00:32:17.814333+00:00,train,1,8624,self,1.0,0,98,,
2025-11-27T00:32:17.814447+00:00,train,1,8625,self,1.0,0,95,,
2025-11-27T00:32:17.814562+00:00,train,1,8626,self,1.0,0,99,,
2025-11-27T00:32:17.814678+00:00,train,1,8627,self,1.0,0,99,,
2025-11-27T00:32:17.814797+00:00,train,1,8628,self,1.0,0,100,,
2025-11-27T00:32:17.814912+00:00,train,1,8629,self,1.0,0,92,,
2025-11-27T00:32:17.815029+00:00,train,1,8630,self,1.0,0,100,,
2025-11-27T00:32:17.815144+00:00,train,1,8631,self,1.0,0,93,,
2025-11-27T00:32:17.815259+00:00,train,1,8632,self,1.0,0,99,,
2025-11-27T00:32:17.815375+00:00,train,1,8633,self,1.0,0,80,,
2025-11-27T00:32:17.815490+00:00,train,1,8634,self,1.0,0,89,,
2025-11-27T00:32:17.815605+00:00,train,1,8635,self,1.0,0,93,,
2025-11-27T00:32:17.815726+00:00,train,1,8636,self,1.0,0,99,,
2025-11-27T00:32:17.815842+00:00,train,1,8637,self,1.0,0,90,,
2025-11-27T00:32:17.815956+00:00,train,1,8638,self,1.0,0,93,,
2025-11-27T00:32:17.816071+00:00,train,1,8639,self,1.0,0,96,,
2025-11-27T00:32:17.816188+00:00,train,1,8640,self,1.0,0,98,,
2025-11-27T00:32:17.816304+00:00,train,1,8641,self,1.0,0,96,,
2025-11-27T00:32:17.816419+00:00,train,1,8642,self,1.0,0,100,,
2025-11-27T00:32:17.816534+00:00,train,1,8643,self,1.0,0,97,,
2025-11-27T00:32:17.816654+00:00,train,1,8644,self,1.0,0,99,,
2025-11-27T00:32:17.816768+00:00,train,1,8645,self,1.0,0,97,,
2025-11-27T00:32:17.816883+00:00,train,1,8646,self,1.0,0,99,,
2025-11-27T00:32:17.816998+00:00,train,1,8647,self,1.0,0,96,,
2025-11-27T00:32:17.817113+00:00,train,1,8648,self,1.0,0,98,,
2025-11-27T00:32:17.817229+00:00,train,1,8649,self,1.0,0,92,,
2025-11-27T00:32:17.817344+00:00,train,1,8650,self,1.0,0,99,,
2025-11-27T00:32:17.817458+00:00,train,1,8651,self,1.0,0,99,,
2025-11-27T00:32:17.817579+00:00,train,1,8652,self,1.0,0,99,,
2025-11-27T00:32:17.817694+00:00,train,1,8653,self,1.0,0,93,,
2025-11-27T00:32:17.817811+00:00,train,1,8654,self,1.0,0,96,,
2025-11-27T00:32:17.817926+00:00,train,1,8655,self,1.0,0,80,,
2025-11-27T00:32:17.818041+00:00,train,1,8656,self,1.0,0,98,,
2025-11-27T00:32:17.818155+00:00,train,1,8657,self,1.0,0,92,,
2025-11-27T00:32:17.818270+00:00,train,1,8658,self,1.0,0,97,,
2025-11-27T00:32:17.818385+00:00,train,1,8659,self,1.0,0,94,,
2025-11-27T00:32:17.818505+00:00,train,1,8660,self,1.0,0,98,,
2025-11-27T00:32:17.818619+00:00,train,1,8661,self,1.0,0,88,,
2025-11-27T00:32:17.818734+00:00,train,1,8662,self,1.0,0,97,,
2025-11-27T00:32:17.818849+00:00,train,1,8663,self,1.0,0,99,,
2025-11-27T00:32:17.818964+00:00,train,1,8664,self,1.0,0,100,,
2025-11-27T00:32:17.819081+00:00,train,1,8665,self,1.0,0,89,,
2025-11-27T00:32:17.819196+00:00,train,1,8666,self,1.0,0,94,,
2025-11-27T00:32:17.819312+00:00,train,1,8667,self,1.0,0,95,,
2025-11-27T00:32:17.819433+00:00,train,1,8668,self,1.0,0,100,,
2025-11-27T00:32:17.819548+00:00,train,1,8669,self,1.0,0,96,,
2025-11-27T00:32:17.819662+00:00,train,1,8670,self,1.0,0,99,,
2025-11-27T00:32:17.819777+00:00,train,1,8671,self,1.0,0,99,,
2025-11-27T00:32:17.819892+00:00,train,1,8672,self,1.0,0,99,,
2025-11-27T00:32:17.820007+00:00,train,1,8673,self,1.0,0,95,,
2025-11-27T00:32:17.820121+00:00,train,1,8674,self,1.0,0,96,,
2025-11-27T00:32:17.820385+00:00,train,1,8675,self,1.0,0,99,,
2025-11-27T00:32:17.820535+00:00,train,1,8676,self,1.0,0,99,,
2025-11-27T00:32:17.820659+00:00,train,1,8677,self,1.0,0,88,,
2025-11-27T00:32:17.820777+00:00,train,1,8678,self,1.0,0,95,,
2025-11-27T00:32:17.820893+00:00,train,1,8679,self,1.0,0,96,,
2025-11-27T00:32:17.821007+00:00,train,1,8680,self,1.0,0,97,,
2025-11-27T00:32:17.821119+00:00,train,1,8681,self,1.0,0,97,,
2025-11-27T00:32:17.821231+00:00,train,1,8682,self,1.0,0,98,,
2025-11-27T00:32:17.821346+00:00,train,1,8683,self,1.0,0,91,,
2025-11-27T00:32:17.821465+00:00,train,1,8684,self,1.0,0,100,,
2025-11-27T00:32:17.821576+00:00,train,1,8685,self,1.0,0,96,,
2025-11-27T00:32:17.821687+00:00,train,1,8686,self,1.0,0,99,,
2025-11-27T00:32:17.821796+00:00,train,1,8687,self,1.0,0,98,,
2025-11-27T00:32:17.821905+00:00,train,1,8688,self,1.0,0,100,,
2025-11-27T00:32:17.822015+00:00,train,1,8689,self,1.0,0,98,,
2025-11-27T00:32:17.822124+00:00,train,1,8690,self,1.0,0,100,,
2025-11-27T00:32:17.822234+00:00,train,1,8691,self,1.0,0,93,,
2025-11-27T00:32:17.822348+00:00,train,1,8692,self,1.0,0,100,,
2025-11-27T00:32:17.822458+00:00,train,1,8693,self,1.0,0,96,,
2025-11-27T00:32:17.822567+00:00,train,1,8694,self,1.0,0,98,,
2025-11-27T00:32:17.822676+00:00,train,1,8695,self,1.0,0,82,,
2025-11-27T00:32:17.822785+00:00,train,1,8696,self,1.0,0,83,,
2025-11-27T00:32:17.822894+00:00,train,1,8697,self,1.0,0,80,,
2025-11-27T00:32:17.823003+00:00,train,1,8698,self,1.0,0,94,,
2025-11-27T00:32:17.823112+00:00,train,1,8699,self,1.0,0,90,,
2025-11-27T00:32:17.823226+00:00,train,1,8700,self,1.0,0,91,,
2025-11-27T00:32:17.823335+00:00,train,1,8701,self,1.0,0,83,,
2025-11-27T00:32:17.823445+00:00,train,1,8702,self,1.0,0,98,,
2025-11-27T00:32:17.823553+00:00,train,1,8703,self,1.0,0,89,,
2025-11-27T00:32:17.823662+00:00,train,1,8704,self,1.0,0,97,,
2025-11-27T00:32:17.823774+00:00,train,1,8705,self,1.0,0,99,,
2025-11-27T00:32:17.823884+00:00,train,1,8706,self,1.0,0,100,,
2025-11-27T00:32:17.823993+00:00,train,1,8707,self,1.0,0,92,,
2025-11-27T00:32:17.824109+00:00,train,1,8708,self,1.0,0,95,,
2025-11-27T00:32:17.824231+00:00,train,1,8709,self,1.0,0,94,,
2025-11-27T00:32:17.824344+00:00,train,1,8710,self,1.0,0,95,,
2025-11-27T00:32:17.824453+00:00,train,1,8711,self,1.0,0,95,,
2025-11-27T00:32:17.824562+00:00,train,1,8712,self,1.0,0,97,,
2025-11-27T00:32:17.824671+00:00,train,1,8713,self,1.0,0,94,,
2025-11-27T00:32:17.824780+00:00,train,1,8714,self,1.0,0,98,,
2025-11-27T00:32:17.824889+00:00,train,1,8715,self,1.0,0,90,,
2025-11-27T00:32:17.825046+00:00,train,1,8716,self,1.0,0,100,,
2025-11-27T00:32:17.825155+00:00,train,1,8717,self,1.0,0,95,,
2025-11-27T00:32:17.825263+00:00,train,1,8718,self,1.0,0,100,,
2025-11-27T00:32:17.825372+00:00,train,1,8719,self,1.0,0,99,,
2025-11-27T00:32:17.825482+00:00,train,1,8720,self,1.0,0,99,,
2025-11-27T00:32:17.825593+00:00,train,1,8721,self,1.0,0,97,,
2025-11-27T00:32:17.825703+00:00,train,1,8722,self,1.0,0,99,,
2025-11-27T00:32:17.825811+00:00,train,1,8723,self,1.0,0,96,,
2025-11-27T00:32:17.825925+00:00,train,1,8724,self,1.0,0,100,,
2025-11-27T00:32:17.826047+00:00,train,1,8725,self,1.0,0,98,,
2025-11-27T00:32:17.826167+00:00,train,1,8726,self,1.0,0,100,,
2025-11-27T00:32:17.826280+00:00,train,1,8727,self,1.0,0,91,,
2025-11-27T00:32:17.826389+00:00,train,1,8728,self,1.0,0,100,,
2025-11-27T00:32:17.826497+00:00,train,1,8729,self,1.0,0,99,,
2025-11-27T00:32:17.826606+00:00,train,1,8730,self,1.0,0,100,,
2025-11-27T00:32:17.826715+00:00,train,1,8731,self,1.0,0,92,,
2025-11-27T00:32:17.826829+00:00,train,1,8732,self,1.0,0,97,,
2025-11-27T00:32:17.826938+00:00,train,1,8733,self,1.0,0,91,,
2025-11-27T00:32:17.827047+00:00,train,1,8734,self,1.0,0,96,,
2025-11-27T00:32:17.827156+00:00,train,1,8735,self,1.0,0,74,,
2025-11-27T00:32:17.827265+00:00,train,1,8736,self,1.0,0,92,,
2025-11-27T00:32:17.827374+00:00,train,1,8737,self,1.0,0,93,,
2025-11-27T00:32:17.827483+00:00,train,1,8738,self,1.0,0,98,,
2025-11-27T00:32:17.827591+00:00,train,1,8739,self,1.0,0,93,,
2025-11-27T00:32:17.827705+00:00,train,1,8740,self,1.0,0,100,,
2025-11-27T00:32:17.827860+00:00,train,1,8741,self,1.0,0,97,,
2025-11-27T00:32:17.827971+00:00,train,1,8742,self,1.0,0,98,,
2025-11-27T00:32:17.828080+00:00,train,1,8743,self,1.0,0,72,,
2025-11-27T00:32:17.828189+00:00,train,1,8744,self,1.0,0,99,,
2025-11-27T00:32:17.828299+00:00,train,1,8745,self,1.0,0,97,,
2025-11-27T00:32:17.828409+00:00,train,1,8746,self,1.0,0,100,,
2025-11-27T00:32:17.828518+00:00,train,1,8747,self,1.0,0,98,,
2025-11-27T00:32:17.828627+00:00,train,1,8748,self,1.0,0,100,,
2025-11-27T00:32:17.828736+00:00,train,1,8749,self,1.0,0,94,,
2025-11-27T00:32:17.828846+00:00,train,1,8750,self,1.0,0,96,,
2025-11-27T00:32:17.828955+00:00,train,1,8751,self,1.0,0,96,,
2025-11-27T00:32:17.829065+00:00,train,1,8752,self,1.0,0,98,,
2025-11-27T00:32:17.829193+00:00,train,1,8753,self,1.0,0,80,,
2025-11-27T00:32:17.829303+00:00,train,1,8754,self,1.0,0,89,,
2025-11-27T00:32:17.829412+00:00,train,1,8755,self,1.0,0,88,,
2025-11-27T00:32:17.829522+00:00,train,1,8756,self,1.0,0,99,,
2025-11-27T00:32:17.829687+00:00,train,1,8757,self,1.0,0,92,,
2025-11-27T00:32:17.829819+00:00,train,1,8758,self,1.0,0,99,,
2025-11-27T00:32:17.829941+00:00,train,1,8759,self,1.0,0,96,,
2025-11-27T00:32:17.830061+00:00,train,1,8760,self,1.0,0,98,,
2025-11-27T00:32:17.830177+00:00,train,1,8761,self,1.0,0,96,,
2025-11-27T00:32:17.830291+00:00,train,1,8762,self,1.0,0,100,,
2025-11-27T00:32:17.830405+00:00,train,1,8763,self,1.0,0,94,,
2025-11-27T00:32:17.830608+00:00,train,1,8764,self,1.0,0,95,,
2025-11-27T00:32:17.830781+00:00,train,1,8765,self,1.0,0,99,,
2025-11-27T00:32:17.830895+00:00,train,1,8766,self,1.0,0,100,,
2025-11-27T00:32:17.831008+00:00,train,1,8767,self,1.0,0,94,,
2025-11-27T00:32:17.831121+00:00,train,1,8768,self,1.0,0,96,,
2025-11-27T00:32:17.831233+00:00,train,1,8769,self,1.0,0,99,,
2025-11-27T00:32:17.831347+00:00,train,1,8770,self,1.0,0,99,,
2025-11-27T00:32:17.831459+00:00,train,1,8771,self,1.0,0,100,,
2025-11-27T00:32:17.831570+00:00,train,1,8772,self,1.0,0,100,,
2025-11-27T00:32:17.831709+00:00,train,1,8773,self,1.0,0,93,,
2025-11-27T00:32:17.831871+00:00,train,1,8774,self,1.0,0,95,,
2025-11-27T00:32:17.831984+00:00,train,1,8775,self,1.0,0,96,,
2025-11-27T00:32:17.832096+00:00,train,1,8776,self,1.0,0,97,,
2025-11-27T00:32:17.832208+00:00,train,1,8777,self,1.0,0,99,,
2025-11-27T00:32:17.832318+00:00,train,1,8778,self,1.0,0,100,,
2025-11-27T00:32:17.832430+00:00,train,1,8779,self,1.0,0,95,,
2025-11-27T00:32:17.832540+00:00,train,1,8780,self,1.0,0,96,,
2025-11-27T00:32:17.832651+00:00,train,1,8781,self,1.0,0,100,,
2025-11-27T00:32:17.832761+00:00,train,1,8782,self,1.0,0,100,,
2025-11-27T00:32:17.832872+00:00,train,1,8783,self,1.0,0,92,,
2025-11-27T00:32:17.832983+00:00,train,1,8784,self,1.0,0,98,,
2025-11-27T00:32:17.833093+00:00,train,1,8785,self,1.0,0,90,,
2025-11-27T00:32:17.833204+00:00,train,1,8786,self,1.0,0,100,,
2025-11-27T00:32:17.833316+00:00,train,1,8787,self,1.0,0,96,,
2025-11-27T00:32:17.833426+00:00,train,1,8788,self,1.0,0,100,,
2025-11-27T00:32:17.833537+00:00,train,1,8789,self,1.0,0,91,,
2025-11-27T00:32:17.833647+00:00,train,1,8790,self,1.0,0,99,,
2025-11-27T00:32:17.833757+00:00,train,1,8791,self,1.0,0,92,,
2025-11-27T00:32:17.833867+00:00,train,1,8792,self,1.0,0,95,,
2025-11-27T00:32:17.833978+00:00,train,1,8793,self,1.0,0,100,,
2025-11-27T00:32:17.834088+00:00,train,1,8794,self,1.0,0,100,,
2025-11-27T00:32:17.834199+00:00,train,1,8795,self,1.0,0,98,,
2025-11-27T00:32:17.834309+00:00,train,1,8796,self,1.0,0,99,,
2025-11-27T00:32:17.834419+00:00,train,1,8797,self,1.0,0,94,,
2025-11-27T00:32:17.834529+00:00,train,1,8798,self,1.0,0,100,,
2025-11-27T00:32:17.834640+00:00,train,1,8799,self,1.0,0,95,,
2025-11-27T00:32:17.834750+00:00,train,1,8800,self,1.0,0,98,,
2025-11-27T00:32:17.834860+00:00,train,1,8801,self,1.0,0,93,,
2025-11-27T00:32:17.834972+00:00,train,1,8802,self,1.0,0,99,,
2025-11-27T00:32:17.835084+00:00,train,1,8803,self,1.0,0,98,,
2025-11-27T00:32:17.835194+00:00,train,1,8804,self,1.0,0,99,,
2025-11-27T00:32:17.835304+00:00,train,1,8805,self,1.0,0,88,,
2025-11-27T00:32:17.835414+00:00,train,1,8806,self,1.0,0,98,,
2025-11-27T00:32:17.835524+00:00,train,1,8807,self,1.0,0,99,,
2025-11-27T00:32:17.835635+00:00,train,1,8808,self,1.0,0,100,,
2025-11-27T00:32:17.835745+00:00,train,1,8809,self,1.0,0,99,,
2025-11-27T00:32:17.835854+00:00,train,1,8810,self,1.0,0,99,,
2025-11-27T00:32:17.836001+00:00,train,1,8811,self,1.0,0,91,,
2025-11-27T00:32:17.836114+00:00,train,1,8812,self,1.0,0,98,,
2025-11-27T00:32:17.836229+00:00,train,1,8813,self,1.0,0,99,,
2025-11-27T00:32:17.836339+00:00,train,1,8814,self,1.0,0,100,,
2025-11-27T00:32:17.836451+00:00,train,1,8815,self,1.0,0,89,,
2025-11-27T00:32:17.836620+00:00,train,1,8816,self,1.0,0,97,,
2025-11-27T00:32:17.836774+00:00,train,1,8817,self,1.0,0,99,,
2025-11-27T00:32:17.836904+00:00,train,1,8818,self,1.0,0,100,,
2025-11-27T00:32:17.837016+00:00,train,1,8819,self,1.0,0,95,,
2025-11-27T00:32:17.837171+00:00,train,1,8820,self,1.0,0,99,,
2025-11-27T00:32:17.837302+00:00,train,1,8821,self,1.0,0,100,,
2025-11-27T00:32:17.837489+00:00,train,1,8822,self,1.0,0,100,,
2025-11-27T00:32:17.837648+00:00,train,1,8823,self,1.0,0,92,,
2025-11-27T00:32:17.837839+00:00,train,1,8824,self,1.0,0,96,,
2025-11-27T00:32:17.837970+00:00,train,1,8825,self,1.0,0,96,,
2025-11-27T00:32:17.838135+00:00,train,1,8826,self,1.0,0,98,,
2025-11-27T00:32:17.838257+00:00,train,1,8827,self,1.0,0,100,,
2025-11-27T00:32:17.838370+00:00,train,1,8828,self,1.0,0,100,,
2025-11-27T00:32:17.838520+00:00,train,1,8829,self,1.0,0,95,,
2025-11-27T00:32:17.838631+00:00,train,1,8830,self,1.0,0,99,,
2025-11-27T00:32:17.838757+00:00,train,1,8831,self,1.0,0,91,,
2025-11-27T00:32:17.838868+00:00,train,1,8832,self,1.0,0,98,,
2025-11-27T00:32:17.839031+00:00,train,1,8833,self,1.0,0,90,,
2025-11-27T00:32:17.839154+00:00,train,1,8834,self,1.0,0,99,,
2025-11-27T00:32:17.839266+00:00,train,1,8835,self,1.0,0,92,,
2025-11-27T00:32:17.839393+00:00,train,1,8836,self,1.0,0,97,,
2025-11-27T00:32:17.839504+00:00,train,1,8837,self,1.0,0,97,,
2025-11-27T00:32:17.839659+00:00,train,1,8838,self,1.0,0,98,,
2025-11-27T00:32:17.839789+00:00,train,1,8839,self,1.0,0,89,,
2025-11-27T00:32:17.839910+00:00,train,1,8840,self,1.0,0,94,,
2025-11-27T00:32:17.840028+00:00,train,1,8841,self,1.0,0,86,,
2025-11-27T00:32:17.840145+00:00,train,1,8842,self,1.0,0,99,,
2025-11-27T00:32:17.840259+00:00,train,1,8843,self,1.0,0,99,,
2025-11-27T00:32:17.840372+00:00,train,1,8844,self,1.0,0,100,,
2025-11-27T00:32:17.840486+00:00,train,1,8845,self,1.0,0,97,,
2025-11-27T00:32:17.840638+00:00,train,1,8846,self,1.0,0,99,,
2025-11-27T00:32:17.840765+00:00,train,1,8847,self,1.0,0,96,,
2025-11-27T00:32:17.841015+00:00,train,1,8848,self,1.0,0,97,,
2025-11-27T00:32:17.841148+00:00,train,1,8849,self,1.0,0,96,,
2025-11-27T00:32:17.841313+00:00,train,1,8850,self,1.0,0,100,,
2025-11-27T00:32:17.841450+00:00,train,1,8851,self,1.0,0,89,,
2025-11-27T00:32:17.841578+00:00,train,1,8852,self,1.0,0,97,,
2025-11-27T00:32:17.841701+00:00,train,1,8853,self,1.0,0,90,,
2025-11-27T00:32:17.841822+00:00,train,1,8854,self,1.0,0,97,,
2025-11-27T00:32:17.841944+00:00,train,1,8855,self,1.0,0,93,,
2025-11-27T00:32:17.842065+00:00,train,1,8856,self,1.0,0,94,,
2025-11-27T00:32:17.842269+00:00,train,1,8857,self,1.0,0,99,,
2025-11-27T00:32:17.842398+00:00,train,1,8858,self,1.0,0,99,,
2025-11-27T00:32:17.842518+00:00,train,1,8859,self,1.0,0,99,,
2025-11-27T00:32:17.842634+00:00,train,1,8860,self,1.0,0,99,,
2025-11-27T00:32:17.842780+00:00,train,1,8861,self,1.0,0,88,,
2025-11-27T00:32:17.842904+00:00,train,1,8862,self,1.0,0,93,,
2025-11-27T00:32:17.843034+00:00,train,1,8863,self,1.0,0,98,,
2025-11-27T00:32:17.843151+00:00,train,1,8864,self,1.0,0,100,,
2025-11-27T00:32:17.843321+00:00,train,1,8865,self,1.0,0,95,,
2025-11-27T00:32:17.843456+00:00,train,1,8866,self,1.0,0,98,,
2025-11-27T00:32:17.843583+00:00,train,1,8867,self,1.0,0,99,,
2025-11-27T00:32:17.843710+00:00,train,1,8868,self,1.0,0,99,,
2025-11-27T00:32:17.843871+00:00,train,1,8869,self,1.0,0,98,,
2025-11-27T00:32:17.843991+00:00,train,1,8870,self,1.0,0,100,,
2025-11-27T00:32:17.844109+00:00,train,1,8871,self,1.0,0,94,,
2025-11-27T00:32:17.844227+00:00,train,1,8872,self,1.0,0,100,,
2025-11-27T00:32:17.844345+00:00,train,1,8873,self,1.0,0,95,,
2025-11-27T00:32:17.844462+00:00,train,1,8874,self,1.0,0,100,,
2025-11-27T00:32:17.844578+00:00,train,1,8875,self,1.0,0,91,,
2025-11-27T00:32:17.844712+00:00,train,1,8876,self,1.0,0,100,,
2025-11-27T00:32:17.844829+00:00,train,1,8877,self,1.0,0,98,,
2025-11-27T00:32:17.844946+00:00,train,1,8878,self,1.0,0,100,,
2025-11-27T00:32:17.845062+00:00,train,1,8879,self,1.0,0,98,,
2025-11-27T00:32:17.845314+00:00,train,1,8880,self,1.0,0,99,,
2025-11-27T00:32:17.845432+00:00,train,1,8881,self,1.0,0,97,,
2025-11-27T00:32:17.845676+00:00,train,1,8882,self,1.0,0,100,,
2025-11-27T00:32:17.845847+00:00,train,1,8883,self,1.0,0,92,,
2025-11-27T00:32:17.846061+00:00,train,1,8884,self,1.0,0,99,,
2025-11-27T00:32:17.846190+00:00,train,1,8885,self,1.0,0,89,,
2025-11-27T00:32:17.846349+00:00,train,1,8886,self,1.0,0,100,,
2025-11-27T00:32:17.846465+00:00,train,1,8887,self,1.0,0,94,,
2025-11-27T00:32:17.846621+00:00,train,1,8888,self,1.0,0,100,,
2025-11-27T00:32:17.846750+00:00,train,1,8889,self,1.0,0,96,,
2025-11-27T00:32:17.846882+00:00,train,1,8890,self,1.0,0,100,,
2025-11-27T00:32:17.846999+00:00,train,1,8891,self,1.0,0,95,,
2025-11-27T00:32:17.847162+00:00,train,1,8892,self,1.0,0,97,,
2025-11-27T00:32:17.847290+00:00,train,1,8893,self,1.0,0,95,,
2025-11-27T00:32:17.847426+00:00,train,1,8894,self,1.0,0,100,,
2025-11-27T00:32:17.847543+00:00,train,1,8895,self,1.0,0,89,,
2025-11-27T00:32:17.847712+00:00,train,1,8896,self,1.0,0,98,,
2025-11-27T00:32:17.847847+00:00,train,1,8897,self,1.0,0,100,,
2025-11-27T00:32:17.847974+00:00,train,1,8898,self,1.0,0,100,,
2025-11-27T00:32:17.848097+00:00,train,1,8899,self,1.0,0,96,,
2025-11-27T00:32:17.848220+00:00,train,1,8900,self,1.0,0,97,,
2025-11-27T00:32:17.848339+00:00,train,1,8901,self,1.0,0,96,,
2025-11-27T00:32:17.848455+00:00,train,1,8902,self,1.0,0,98,,
2025-11-27T00:32:17.848575+00:00,train,1,8903,self,1.0,0,90,,
2025-11-27T00:32:17.848691+00:00,train,1,8904,self,1.0,0,93,,
2025-11-27T00:32:17.848808+00:00,train,1,8905,self,1.0,0,97,,
2025-11-27T00:32:17.848924+00:00,train,1,8906,self,1.0,0,99,,
2025-11-27T00:32:17.849041+00:00,train,1,8907,self,1.0,0,99,,
2025-11-27T00:32:17.849157+00:00,train,1,8908,self,1.0,0,100,,
2025-11-27T00:32:17.849274+00:00,train,1,8909,self,1.0,0,95,,
2025-11-27T00:32:17.849390+00:00,train,1,8910,self,1.0,0,100,,
2025-11-27T00:32:17.849507+00:00,train,1,8911,self,1.0,0,90,,
2025-11-27T00:32:17.849623+00:00,train,1,8912,self,1.0,0,92,,
2025-11-27T00:32:17.849741+00:00,train,1,8913,self,1.0,0,94,,
2025-11-27T00:32:17.849857+00:00,train,1,8914,self,1.0,0,95,,
2025-11-27T00:32:17.849973+00:00,train,1,8915,self,1.0,0,96,,
2025-11-27T00:32:17.850089+00:00,train,1,8916,self,1.0,0,96,,
2025-11-27T00:32:17.850206+00:00,train,1,8917,self,1.0,0,89,,
2025-11-27T00:32:17.850321+00:00,train,1,8918,self,1.0,0,99,,
2025-11-27T00:32:17.850437+00:00,train,1,8919,self,1.0,0,92,,
2025-11-27T00:32:17.850554+00:00,train,1,8920,self,1.0,0,99,,
2025-11-27T00:32:17.850670+00:00,train,1,8921,self,1.0,0,92,,
2025-11-27T00:32:17.850786+00:00,train,1,8922,self,1.0,0,99,,
2025-11-27T00:32:17.850902+00:00,train,1,8923,self,1.0,0,96,,
2025-11-27T00:32:17.851017+00:00,train,1,8924,self,1.0,0,99,,
2025-11-27T00:32:17.851134+00:00,train,1,8925,self,1.0,0,93,,
2025-11-27T00:32:17.851249+00:00,train,1,8926,self,1.0,0,97,,
2025-11-27T00:32:17.851392+00:00,train,1,8927,self,1.0,0,87,,
2025-11-27T00:32:17.851522+00:00,train,1,8928,self,1.0,0,96,,
2025-11-27T00:32:17.851636+00:00,train,1,8929,self,1.0,0,100,,
2025-11-27T00:32:17.851786+00:00,train,1,8930,self,1.0,0,100,,
2025-11-27T00:32:17.851909+00:00,train,1,8931,self,1.0,0,96,,
2025-11-27T00:32:17.852076+00:00,train,1,8932,self,1.0,0,100,,
2025-11-27T00:32:17.852203+00:00,train,1,8933,self,1.0,0,95,,
2025-11-27T00:32:17.852317+00:00,train,1,8934,self,1.0,0,97,,
2025-11-27T00:32:17.852447+00:00,train,1,8935,self,1.0,0,96,,
2025-11-27T00:32:17.852561+00:00,train,1,8936,self,1.0,0,98,,
2025-11-27T00:32:17.852689+00:00,train,1,8937,self,1.0,0,94,,
2025-11-27T00:32:17.852801+00:00,train,1,8938,self,1.0,0,100,,
2025-11-27T00:32:17.852927+00:00,train,1,8939,self,1.0,0,98,,
2025-11-27T00:32:17.853038+00:00,train,1,8940,self,1.0,0,100,,
2025-11-27T00:32:17.853163+00:00,train,1,8941,self,1.0,0,91,,
2025-11-27T00:32:17.853276+00:00,train,1,8942,self,1.0,0,99,,
2025-11-27T00:32:17.853388+00:00,train,1,8943,self,1.0,0,95,,
2025-11-27T00:32:17.853498+00:00,train,1,8944,self,1.0,0,100,,
2025-11-27T00:32:17.853608+00:00,train,1,8945,self,1.0,0,95,,
2025-11-27T00:32:17.853755+00:00,train,1,8946,self,1.0,0,100,,
2025-11-27T00:32:17.853871+00:00,train,1,8947,self,1.0,0,99,,
2025-11-27T00:32:17.854039+00:00,train,1,8948,self,1.0,0,100,,
2025-11-27T00:32:17.854174+00:00,train,1,8949,self,1.0,0,89,,
2025-11-27T00:32:17.854297+00:00,train,1,8950,self,1.0,0,100,,
2025-11-27T00:32:17.854419+00:00,train,1,8951,self,1.0,0,89,,
2025-11-27T00:32:17.854538+00:00,train,1,8952,self,1.0,0,97,,
2025-11-27T00:32:17.854654+00:00,train,1,8953,self,1.0,0,95,,
2025-11-27T00:32:17.854770+00:00,train,1,8954,self,1.0,0,99,,
2025-11-27T00:32:17.854883+00:00,train,1,8955,self,1.0,0,91,,
2025-11-27T00:32:17.855002+00:00,train,1,8956,self,1.0,0,96,,
2025-11-27T00:32:17.855117+00:00,train,1,8957,self,1.0,0,97,,
2025-11-27T00:32:17.855283+00:00,train,1,8958,self,1.0,0,100,,
2025-11-27T00:32:17.855396+00:00,train,1,8959,self,1.0,0,85,,
2025-11-27T00:32:17.855508+00:00,train,1,8960,self,1.0,0,97,,
2025-11-27T00:32:17.855676+00:00,train,1,8961,self,1.0,0,87,,
2025-11-27T00:32:17.855810+00:00,train,1,8962,self,1.0,0,98,,
2025-11-27T00:32:17.855938+00:00,train,1,8963,self,1.0,0,89,,
2025-11-27T00:32:17.856060+00:00,train,1,8964,self,1.0,0,93,,
2025-11-27T00:32:17.856181+00:00,train,1,8965,self,1.0,0,94,,
2025-11-27T00:32:17.856300+00:00,train,1,8966,self,1.0,0,99,,
2025-11-27T00:32:17.856418+00:00,train,1,8967,self,1.0,0,94,,
2025-11-27T00:32:17.856535+00:00,train,1,8968,self,1.0,0,98,,
2025-11-27T00:32:17.856695+00:00,train,1,8969,self,1.0,0,98,,
2025-11-27T00:32:17.856828+00:00,train,1,8970,self,1.0,0,100,,
2025-11-27T00:32:17.856965+00:00,train,1,8971,self,1.0,0,93,,
2025-11-27T00:32:17.857094+00:00,train,1,8972,self,1.0,0,97,,
2025-11-27T00:32:17.857227+00:00,train,1,8973,self,1.0,0,96,,
2025-11-27T00:32:17.857343+00:00,train,1,8974,self,1.0,0,98,,
2025-11-27T00:32:17.857510+00:00,train,1,8975,self,1.0,0,94,,
2025-11-27T00:32:17.857640+00:00,train,1,8976,self,1.0,0,94,,
2025-11-27T00:32:17.857871+00:00,train,1,8977,self,1.0,0,74,,
2025-11-27T00:32:17.858022+00:00,train,1,8978,self,1.0,0,98,,
2025-11-27T00:32:17.858145+00:00,train,1,8979,self,1.0,0,98,,
2025-11-27T00:32:17.858263+00:00,train,1,8980,self,1.0,0,99,,
2025-11-27T00:32:17.858433+00:00,train,1,8981,self,1.0,0,93,,
2025-11-27T00:32:17.858568+00:00,train,1,8982,self,1.0,0,95,,
2025-11-27T00:32:17.858694+00:00,train,1,8983,self,1.0,0,96,,
2025-11-27T00:32:17.858816+00:00,train,1,8984,self,1.0,0,98,,
2025-11-27T00:32:17.858978+00:00,train,1,8985,self,1.0,0,96,,
2025-11-27T00:32:17.859106+00:00,train,1,8986,self,1.0,0,100,,
2025-11-27T00:32:17.859274+00:00,train,1,8987,self,1.0,0,92,,
2025-11-27T00:32:17.859408+00:00,train,1,8988,self,1.0,0,99,,
2025-11-27T00:32:17.859543+00:00,train,1,8989,self,1.0,0,86,,
2025-11-27T00:32:17.859665+00:00,train,1,8990,self,1.0,0,99,,
2025-11-27T00:32:17.859826+00:00,train,1,8991,self,1.0,0,93,,
2025-11-27T00:32:17.859955+00:00,train,1,8992,self,1.0,0,98,,
2025-11-27T00:32:17.860083+00:00,train,1,8993,self,1.0,0,96,,
2025-11-27T00:32:17.860200+00:00,train,1,8994,self,1.0,0,99,,
2025-11-27T00:32:17.860315+00:00,train,1,8995,self,1.0,0,86,,
2025-11-27T00:32:17.860426+00:00,train,1,8996,self,1.0,0,95,,
2025-11-27T00:32:17.860546+00:00,train,1,8997,self,1.0,0,87,,
2025-11-27T00:32:17.860657+00:00,train,1,8998,self,1.0,0,99,,
2025-11-27T00:32:17.860781+00:00,train,1,8999,self,1.0,0,95,,
2025-11-27T00:32:17.860891+00:00,train,1,9000,self,1.0,0,100,,
2025-11-27T00:32:17.861017+00:00,train,1,9001,self,1.0,0,95,,
2025-11-27T00:32:17.861129+00:00,train,1,9002,self,1.0,0,100,,
2025-11-27T00:32:17.861286+00:00,train,1,9003,self,1.0,0,95,,
2025-11-27T00:32:17.861421+00:00,train,1,9004,self,1.0,0,96,,
2025-11-27T00:32:17.861547+00:00,train,1,9005,self,1.0,0,99,,
2025-11-27T00:32:17.861670+00:00,train,1,9006,self,1.0,0,100,,
2025-11-27T00:32:17.861863+00:00,train,1,9007,self,1.0,0,97,,
2025-11-27T00:32:17.861993+00:00,train,1,9008,self,1.0,0,100,,
2025-11-27T00:32:17.862115+00:00,train,1,9009,self,1.0,0,98,,
2025-11-27T00:32:17.862232+00:00,train,1,9010,self,1.0,0,100,,
2025-11-27T00:32:17.862388+00:00,train,1,9011,self,1.0,0,98,,
2025-11-27T00:32:17.862502+00:00,train,1,9012,self,1.0,0,100,,
2025-11-27T00:32:17.862615+00:00,train,1,9013,self,1.0,0,92,,
2025-11-27T00:32:17.862728+00:00,train,1,9014,self,1.0,0,96,,
2025-11-27T00:32:17.862840+00:00,train,1,9015,self,1.0,0,91,,
2025-11-27T00:32:17.862951+00:00,train,1,9016,self,1.0,0,99,,
2025-11-27T00:32:17.863116+00:00,train,1,9017,self,1.0,0,93,,
2025-11-27T00:32:17.863233+00:00,train,1,9018,self,1.0,0,100,,
2025-11-27T00:32:17.863346+00:00,train,1,9019,self,1.0,0,99,,
2025-11-27T00:32:17.863457+00:00,train,1,9020,self,1.0,0,99,,
2025-11-27T00:32:17.863609+00:00,train,1,9021,self,1.0,0,98,,
2025-11-27T00:32:17.863719+00:00,train,1,9022,self,1.0,0,98,,
2025-11-27T00:32:17.863830+00:00,train,1,9023,self,1.0,0,97,,
2025-11-27T00:32:17.863940+00:00,train,1,9024,self,1.0,0,98,,
2025-11-27T00:32:17.864051+00:00,train,1,9025,self,1.0,0,93,,
2025-11-27T00:32:17.864162+00:00,train,1,9026,self,1.0,0,99,,
2025-11-27T00:32:17.864319+00:00,train,1,9027,self,1.0,0,96,,
2025-11-27T00:32:17.864431+00:00,train,1,9028,self,1.0,0,99,,
2025-11-27T00:32:17.864545+00:00,train,1,9029,self,1.0,0,99,,
2025-11-27T00:32:17.864656+00:00,train,1,9030,self,1.0,0,100,,
2025-11-27T00:32:17.864767+00:00,train,1,9031,self,1.0,0,95,,
2025-11-27T00:32:17.864878+00:00,train,1,9032,self,1.0,0,98,,
2025-11-27T00:32:17.864988+00:00,train,1,9033,self,1.0,0,97,,
2025-11-27T00:32:17.865099+00:00,train,1,9034,self,1.0,0,98,,
2025-11-27T00:32:17.865209+00:00,train,1,9035,self,1.0,0,87,,
2025-11-27T00:32:17.865320+00:00,train,1,9036,self,1.0,0,92,,
2025-11-27T00:32:17.865431+00:00,train,1,9037,self,1.0,0,100,,
2025-11-27T00:32:17.865542+00:00,train,1,9038,self,1.0,0,100,,
2025-11-27T00:32:17.865653+00:00,train,1,9039,self,1.0,0,95,,
2025-11-27T00:32:17.865763+00:00,train,1,9040,self,1.0,0,99,,
2025-11-27T00:32:17.865891+00:00,train,1,9041,self,1.0,0,99,,
2025-11-27T00:32:17.866015+00:00,train,1,9042,self,1.0,0,100,,
2025-11-27T00:32:17.866125+00:00,train,1,9043,self,1.0,0,80,,
2025-11-27T00:32:17.866236+00:00,train,1,9044,self,1.0,0,100,,
2025-11-27T00:32:17.866346+00:00,train,1,9045,self,1.0,0,98,,
2025-11-27T00:32:17.866459+00:00,train,1,9046,self,1.0,0,99,,
2025-11-27T00:32:17.866571+00:00,train,1,9047,self,1.0,0,98,,
2025-11-27T00:32:17.866681+00:00,train,1,9048,self,1.0,0,100,,
2025-11-27T00:32:17.866792+00:00,train,1,9049,self,1.0,0,95,,
2025-11-27T00:32:17.866903+00:00,train,1,9050,self,1.0,0,98,,
2025-11-27T00:32:17.867015+00:00,train,1,9051,self,1.0,0,97,,
2025-11-27T00:32:17.867125+00:00,train,1,9052,self,1.0,0,98,,
2025-11-27T00:32:17.867235+00:00,train,1,9053,self,1.0,0,87,,
2025-11-27T00:32:17.867346+00:00,train,1,9054,self,1.0,0,97,,
2025-11-27T00:32:17.867456+00:00,train,1,9055,self,1.0,0,84,,
2025-11-27T00:32:17.867567+00:00,train,1,9056,self,1.0,0,99,,
2025-11-27T00:32:17.867678+00:00,train,1,9057,self,1.0,0,96,,
2025-11-27T00:32:17.867788+00:00,train,1,9058,self,1.0,0,97,,
2025-11-27T00:32:17.867899+00:00,train,1,9059,self,1.0,0,90,,
2025-11-27T00:32:17.868010+00:00,train,1,9060,self,1.0,0,96,,
2025-11-27T00:32:17.868120+00:00,train,1,9061,self,1.0,0,88,,
2025-11-27T00:32:17.868230+00:00,train,1,9062,self,1.0,0,100,,
2025-11-27T00:32:17.868341+00:00,train,1,9063,self,1.0,0,92,,
2025-11-27T00:32:17.868451+00:00,train,1,9064,self,1.0,0,96,,
2025-11-27T00:32:17.868562+00:00,train,1,9065,self,1.0,0,89,,
2025-11-27T00:32:17.868673+00:00,train,1,9066,self,1.0,0,100,,
2025-11-27T00:32:17.868783+00:00,train,1,9067,self,1.0,0,96,,
2025-11-27T00:32:17.868894+00:00,train,1,9068,self,1.0,0,99,,
2025-11-27T00:32:17.869004+00:00,train,1,9069,self,1.0,0,99,,
2025-11-27T00:32:17.869115+00:00,train,1,9070,self,1.0,0,100,,
2025-11-27T00:32:17.869225+00:00,train,1,9071,self,1.0,0,94,,
2025-11-27T00:32:17.869336+00:00,train,1,9072,self,1.0,0,98,,
2025-11-27T00:32:17.869454+00:00,train,1,9073,self,1.0,0,96,,
2025-11-27T00:32:17.869589+00:00,train,1,9074,self,1.0,0,100,,
2025-11-27T00:32:17.869716+00:00,train,1,9075,self,1.0,0,84,,
2025-11-27T00:32:17.869868+00:00,train,1,9076,self,1.0,0,95,,
2025-11-27T00:32:17.869978+00:00,train,1,9077,self,1.0,0,89,,
2025-11-27T00:32:17.870088+00:00,train,1,9078,self,1.0,0,95,,
2025-11-27T00:32:17.870199+00:00,train,1,9079,self,1.0,0,98,,
2025-11-27T00:32:17.870309+00:00,train,1,9080,self,1.0,0,100,,
2025-11-27T00:32:17.870419+00:00,train,1,9081,self,1.0,0,91,,
2025-11-27T00:32:17.870529+00:00,train,1,9082,self,1.0,0,92,,
2025-11-27T00:32:17.870640+00:00,train,1,9083,self,1.0,0,98,,
2025-11-27T00:32:17.870750+00:00,train,1,9084,self,1.0,0,100,,
2025-11-27T00:32:17.870862+00:00,train,1,9085,self,1.0,0,90,,
2025-11-27T00:32:17.870972+00:00,train,1,9086,self,1.0,0,98,,
2025-11-27T00:32:17.871082+00:00,train,1,9087,self,1.0,0,90,,
2025-11-27T00:32:17.871192+00:00,train,1,9088,self,1.0,0,96,,
2025-11-27T00:32:17.871302+00:00,train,1,9089,self,1.0,0,82,,
2025-11-27T00:32:17.871412+00:00,train,1,9090,self,1.0,0,96,,
2025-11-27T00:32:17.871522+00:00,train,1,9091,self,1.0,0,80,,
2025-11-27T00:32:17.871632+00:00,train,1,9092,self,1.0,0,100,,
2025-11-27T00:32:17.871748+00:00,train,1,9093,self,1.0,0,91,,
2025-11-27T00:32:17.871861+00:00,train,1,9094,self,1.0,0,99,,
2025-11-27T00:32:17.871971+00:00,train,1,9095,self,1.0,0,99,,
2025-11-27T00:32:17.872082+00:00,train,1,9096,self,1.0,0,99,,
2025-11-27T00:32:17.872192+00:00,train,1,9097,self,1.0,0,85,,
2025-11-27T00:32:17.872302+00:00,train,1,9098,self,1.0,0,93,,
2025-11-27T00:32:17.872413+00:00,train,1,9099,self,1.0,0,92,,
2025-11-27T00:32:17.872524+00:00,train,1,9100,self,1.0,0,97,,
2025-11-27T00:32:17.872635+00:00,train,1,9101,self,1.0,0,97,,
2025-11-27T00:32:17.872745+00:00,train,1,9102,self,1.0,0,98,,
2025-11-27T00:32:17.872856+00:00,train,1,9103,self,1.0,0,95,,
2025-11-27T00:32:17.872966+00:00,train,1,9104,self,1.0,0,96,,
2025-11-27T00:32:17.873077+00:00,train,1,9105,self,1.0,0,92,,
2025-11-27T00:32:17.873187+00:00,train,1,9106,self,1.0,0,98,,
2025-11-27T00:32:17.873298+00:00,train,1,9107,self,1.0,0,99,,
2025-11-27T00:32:17.873409+00:00,train,1,9108,self,1.0,0,99,,
2025-11-27T00:32:17.873519+00:00,train,1,9109,self,1.0,0,90,,
2025-11-27T00:32:17.873629+00:00,train,1,9110,self,1.0,0,99,,
2025-11-27T00:32:17.873739+00:00,train,1,9111,self,1.0,0,100,,
2025-11-27T00:32:17.873849+00:00,train,1,9112,self,1.0,0,100,,
2025-11-27T00:32:17.873960+00:00,train,1,9113,self,1.0,0,94,,
2025-11-27T00:32:17.874070+00:00,train,1,9114,self,1.0,0,99,,
2025-11-27T00:32:17.874184+00:00,train,1,9115,self,1.0,0,95,,
2025-11-27T00:32:17.874486+00:00,train,1,9116,self,1.0,0,100,,
2025-11-27T00:32:17.874603+00:00,train,1,9117,self,1.0,0,97,,
2025-11-27T00:32:17.874715+00:00,train,1,9118,self,1.0,0,100,,
2025-11-27T00:32:17.874826+00:00,train,1,9119,self,1.0,0,95,,
2025-11-27T00:32:17.874937+00:00,train,1,9120,self,1.0,0,99,,
2025-11-27T00:32:17.875047+00:00,train,1,9121,self,1.0,0,98,,
2025-11-27T00:32:17.875158+00:00,train,1,9122,self,1.0,0,99,,
2025-11-27T00:32:17.875269+00:00,train,1,9123,self,1.0,0,93,,
2025-11-27T00:32:17.875381+00:00,train,1,9124,self,1.0,0,97,,
2025-11-27T00:32:17.875493+00:00,train,1,9125,self,1.0,0,93,,
2025-11-27T00:32:17.875605+00:00,train,1,9126,self,1.0,0,100,,
2025-11-27T00:32:17.875715+00:00,train,1,9127,self,1.0,0,96,,
2025-11-27T00:32:17.875826+00:00,train,1,9128,self,1.0,0,97,,
2025-11-27T00:32:17.875937+00:00,train,1,9129,self,1.0,0,94,,
2025-11-27T00:32:17.876048+00:00,train,1,9130,self,1.0,0,100,,
2025-11-27T00:32:17.876158+00:00,train,1,9131,self,1.0,0,91,,
2025-11-27T00:32:17.876268+00:00,train,1,9132,self,1.0,0,98,,
2025-11-27T00:32:17.876378+00:00,train,1,9133,self,1.0,0,94,,
2025-11-27T00:32:17.876492+00:00,train,1,9134,self,1.0,0,96,,
2025-11-27T00:32:17.876603+00:00,train,1,9135,self,1.0,0,100,,
2025-11-27T00:32:17.876712+00:00,train,1,9136,self,1.0,0,100,,
2025-11-27T00:32:17.876823+00:00,train,1,9137,self,1.0,0,93,,
2025-11-27T00:32:17.876933+00:00,train,1,9138,self,1.0,0,96,,
2025-11-27T00:32:17.877043+00:00,train,1,9139,self,1.0,0,95,,
2025-11-27T00:32:17.877154+00:00,train,1,9140,self,1.0,0,97,,
2025-11-27T00:32:17.877264+00:00,train,1,9141,self,1.0,0,100,,
2025-11-27T00:32:17.877374+00:00,train,1,9142,self,1.0,0,100,,
2025-11-27T00:32:17.877484+00:00,train,1,9143,self,1.0,0,97,,
2025-11-27T00:32:17.877595+00:00,train,1,9144,self,1.0,0,99,,
2025-11-27T00:32:17.877705+00:00,train,1,9145,self,1.0,0,94,,
2025-11-27T00:32:17.877815+00:00,train,1,9146,self,1.0,0,97,,
2025-11-27T00:32:17.877925+00:00,train,1,9147,self,1.0,0,95,,
2025-11-27T00:32:17.878035+00:00,train,1,9148,self,1.0,0,100,,
2025-11-27T00:32:17.878149+00:00,train,1,9149,self,1.0,0,98,,
2025-11-27T00:32:17.878260+00:00,train,1,9150,self,1.0,0,100,,
2025-11-27T00:32:17.878370+00:00,train,1,9151,self,1.0,0,72,,
2025-11-27T00:32:17.878480+00:00,train,1,9152,self,1.0,0,95,,
2025-11-27T00:32:17.878590+00:00,train,1,9153,self,1.0,0,94,,
2025-11-27T00:32:17.878701+00:00,train,1,9154,self,1.0,0,97,,
2025-11-27T00:32:17.878812+00:00,train,1,9155,self,1.0,0,92,,
2025-11-27T00:32:17.878923+00:00,train,1,9156,self,1.0,0,99,,
2025-11-27T00:32:17.879033+00:00,train,1,9157,self,1.0,0,78,,
2025-11-27T00:32:17.879143+00:00,train,1,9158,self,1.0,0,98,,
2025-11-27T00:32:17.879256+00:00,train,1,9159,self,1.0,0,95,,
2025-11-27T00:32:17.879367+00:00,train,1,9160,self,1.0,0,100,,
2025-11-27T00:32:17.879478+00:00,train,1,9161,self,1.0,0,96,,
2025-11-27T00:32:17.879589+00:00,train,1,9162,self,1.0,0,100,,
2025-11-27T00:32:17.879699+00:00,train,1,9163,self,1.0,0,99,,
2025-11-27T00:32:17.879809+00:00,train,1,9164,self,1.0,0,99,,
2025-11-27T00:32:17.879919+00:00,train,1,9165,self,1.0,0,91,,
2025-11-27T00:32:17.880029+00:00,train,1,9166,self,1.0,0,98,,
2025-11-27T00:32:17.880139+00:00,train,1,9167,self,1.0,0,97,,
2025-11-27T00:32:17.880250+00:00,train,1,9168,self,1.0,0,99,,
2025-11-27T00:32:17.880361+00:00,train,1,9169,self,1.0,0,94,,
2025-11-27T00:32:17.880471+00:00,train,1,9170,self,1.0,0,100,,
2025-11-27T00:32:17.880582+00:00,train,1,9171,self,1.0,0,90,,
2025-11-27T00:32:17.880692+00:00,train,1,9172,self,1.0,0,95,,
2025-11-27T00:32:17.880802+00:00,train,1,9173,self,1.0,0,99,,
2025-11-27T00:32:17.880913+00:00,train,1,9174,self,1.0,0,99,,
2025-11-27T00:32:17.881023+00:00,train,1,9175,self,1.0,0,98,,
2025-11-27T00:32:17.881134+00:00,train,1,9176,self,1.0,0,100,,
2025-11-27T00:32:17.881244+00:00,train,1,9177,self,1.0,0,85,,
2025-11-27T00:32:17.881354+00:00,train,1,9178,self,1.0,0,87,,
2025-11-27T00:32:17.881465+00:00,train,1,9179,self,1.0,0,93,,
2025-11-27T00:32:17.881575+00:00,train,1,9180,self,1.0,0,98,,
2025-11-27T00:32:17.881685+00:00,train,1,9181,self,1.0,0,87,,
2025-11-27T00:32:17.881799+00:00,train,1,9182,self,1.0,0,97,,
2025-11-27T00:32:17.881909+00:00,train,1,9183,self,1.0,0,92,,
2025-11-27T00:32:17.882019+00:00,train,1,9184,self,1.0,0,100,,
2025-11-27T00:32:17.882130+00:00,train,1,9185,self,1.0,0,99,,
2025-11-27T00:32:17.882240+00:00,train,1,9186,self,1.0,0,99,,
2025-11-27T00:32:17.882350+00:00,train,1,9187,self,1.0,0,94,,
2025-11-27T00:32:17.882460+00:00,train,1,9188,self,1.0,0,100,,
2025-11-27T00:32:17.882570+00:00,train,1,9189,self,1.0,0,99,,
2025-11-27T00:32:17.882680+00:00,train,1,9190,self,1.0,0,100,,
2025-11-27T00:32:17.882791+00:00,train,1,9191,self,1.0,0,100,,
2025-11-27T00:32:17.882902+00:00,train,1,9192,self,1.0,0,100,,
2025-11-27T00:32:17.883012+00:00,train,1,9193,self,1.0,0,88,,
2025-11-27T00:32:17.883124+00:00,train,1,9194,self,1.0,0,99,,
2025-11-27T00:32:17.883234+00:00,train,1,9195,self,1.0,0,94,,
2025-11-27T00:32:17.883344+00:00,train,1,9196,self,1.0,0,99,,
2025-11-27T00:32:17.883454+00:00,train,1,9197,self,1.0,0,87,,
2025-11-27T00:32:17.883564+00:00,train,1,9198,self,1.0,0,97,,
2025-11-27T00:32:17.883674+00:00,train,1,9199,self,1.0,0,85,,
2025-11-27T00:32:17.883785+00:00,train,1,9200,self,1.0,0,89,,
2025-11-27T00:32:17.883895+00:00,train,1,9201,self,1.0,0,97,,
2025-11-27T00:32:17.884005+00:00,train,1,9202,self,1.0,0,99,,
2025-11-27T00:32:17.884115+00:00,train,1,9203,self,1.0,0,96,,
2025-11-27T00:32:17.884225+00:00,train,1,9204,self,1.0,0,98,,
2025-11-27T00:32:17.884335+00:00,train,1,9205,self,1.0,0,94,,
2025-11-27T00:32:17.884446+00:00,train,1,9206,self,1.0,0,97,,
2025-11-27T00:32:17.884602+00:00,train,1,9207,self,1.0,0,100,,
2025-11-27T00:32:17.884712+00:00,train,1,9208,self,1.0,0,100,,
2025-11-27T00:32:17.884822+00:00,train,1,9209,self,1.0,0,88,,
2025-11-27T00:32:17.884932+00:00,train,1,9210,self,1.0,0,100,,
2025-11-27T00:32:17.885042+00:00,train,1,9211,self,1.0,0,83,,
2025-11-27T00:32:17.885152+00:00,train,1,9212,self,1.0,0,99,,
2025-11-27T00:32:17.885263+00:00,train,1,9213,self,1.0,0,98,,
2025-11-27T00:32:17.885427+00:00,train,1,9214,self,1.0,0,100,,
2025-11-27T00:32:17.885541+00:00,train,1,9215,self,1.0,0,93,,
2025-11-27T00:32:17.885651+00:00,train,1,9216,self,1.0,0,99,,
2025-11-27T00:32:17.885761+00:00,train,1,9217,self,1.0,0,97,,
2025-11-27T00:32:17.885872+00:00,train,1,9218,self,1.0,0,97,,
2025-11-27T00:32:17.885982+00:00,train,1,9219,self,1.0,0,86,,
2025-11-27T00:32:17.886092+00:00,train,1,9220,self,1.0,0,87,,
2025-11-27T00:32:17.886203+00:00,train,1,9221,self,1.0,0,95,,
2025-11-27T00:32:17.886314+00:00,train,1,9222,self,1.0,0,99,,
2025-11-27T00:32:17.886427+00:00,train,1,9223,self,1.0,0,97,,
2025-11-27T00:32:17.886541+00:00,train,1,9224,self,1.0,0,100,,
2025-11-27T00:32:17.886740+00:00,train,1,9225,self,1.0,0,89,,
2025-11-27T00:32:17.886868+00:00,train,1,9226,self,1.0,0,95,,
2025-11-27T00:32:17.886988+00:00,train,1,9227,self,1.0,0,90,,
2025-11-27T00:32:17.887105+00:00,train,1,9228,self,1.0,0,95,,
2025-11-27T00:32:17.887218+00:00,train,1,9229,self,1.0,0,100,,
2025-11-27T00:32:17.887330+00:00,train,1,9230,self,1.0,0,100,,
2025-11-27T00:32:17.887442+00:00,train,1,9231,self,1.0,0,86,,
2025-11-27T00:32:17.887553+00:00,train,1,9232,self,1.0,0,99,,
2025-11-27T00:32:17.887663+00:00,train,1,9233,self,1.0,0,91,,
2025-11-27T00:32:17.887773+00:00,train,1,9234,self,1.0,0,98,,
2025-11-27T00:32:17.887883+00:00,train,1,9235,self,1.0,0,98,,
2025-11-27T00:32:17.887992+00:00,train,1,9236,self,1.0,0,99,,
2025-11-27T00:32:17.888101+00:00,train,1,9237,self,1.0,0,84,,
2025-11-27T00:32:17.888210+00:00,train,1,9238,self,1.0,0,99,,
2025-11-27T00:32:17.888319+00:00,train,1,9239,self,1.0,0,97,,
2025-11-27T00:32:17.888428+00:00,train,1,9240,self,1.0,0,99,,
2025-11-27T00:32:17.888537+00:00,train,1,9241,self,1.0,0,96,,
2025-11-27T00:32:17.888646+00:00,train,1,9242,self,1.0,0,97,,
2025-11-27T00:32:17.888755+00:00,train,1,9243,self,1.0,0,97,,
2025-11-27T00:32:17.888864+00:00,train,1,9244,self,1.0,0,99,,
2025-11-27T00:32:17.888973+00:00,train,1,9245,self,1.0,0,92,,
2025-11-27T00:32:17.889082+00:00,train,1,9246,self,1.0,0,94,,
2025-11-27T00:32:17.889191+00:00,train,1,9247,self,1.0,0,97,,
2025-11-27T00:32:17.889299+00:00,train,1,9248,self,1.0,0,100,,
2025-11-27T00:32:17.889408+00:00,train,1,9249,self,1.0,0,87,,
2025-11-27T00:32:17.889518+00:00,train,1,9250,self,1.0,0,99,,
2025-11-27T00:32:17.889628+00:00,train,1,9251,self,1.0,0,97,,
2025-11-27T00:32:17.889737+00:00,train,1,9252,self,1.0,0,100,,
2025-11-27T00:32:17.889866+00:00,train,1,9253,self,1.0,0,68,,
2025-11-27T00:32:17.889989+00:00,train,1,9254,self,1.0,0,94,,
2025-11-27T00:32:17.890098+00:00,train,1,9255,self,1.0,0,95,,
2025-11-27T00:32:17.890207+00:00,train,1,9256,self,1.0,0,99,,
2025-11-27T00:32:17.890316+00:00,train,1,9257,self,1.0,0,92,,
2025-11-27T00:32:17.890425+00:00,train,1,9258,self,1.0,0,98,,
2025-11-27T00:32:17.890535+00:00,train,1,9259,self,1.0,0,81,,
2025-11-27T00:32:17.890644+00:00,train,1,9260,self,1.0,0,100,,
2025-11-27T00:32:17.890753+00:00,train,1,9261,self,1.0,0,95,,
2025-11-27T00:32:17.890862+00:00,train,1,9262,self,1.0,0,95,,
2025-11-27T00:32:17.890971+00:00,train,1,9263,self,1.0,0,90,,
2025-11-27T00:32:17.891081+00:00,train,1,9264,self,1.0,0,100,,
2025-11-27T00:32:17.891190+00:00,train,1,9265,self,1.0,0,88,,
2025-11-27T00:32:17.891300+00:00,train,1,9266,self,1.0,0,97,,
2025-11-27T00:32:17.891409+00:00,train,1,9267,self,1.0,0,91,,
2025-11-27T00:32:17.891518+00:00,train,1,9268,self,1.0,0,93,,
2025-11-27T00:32:17.891628+00:00,train,1,9269,self,1.0,0,96,,
2025-11-27T00:32:17.891736+00:00,train,1,9270,self,1.0,0,98,,
2025-11-27T00:32:17.891845+00:00,train,1,9271,self,1.0,0,97,,
2025-11-27T00:32:17.891954+00:00,train,1,9272,self,1.0,0,98,,
2025-11-27T00:32:17.892064+00:00,train,1,9273,self,1.0,0,86,,
2025-11-27T00:32:17.892173+00:00,train,1,9274,self,1.0,0,92,,
2025-11-27T00:32:17.892282+00:00,train,1,9275,self,1.0,0,93,,
2025-11-27T00:32:17.892391+00:00,train,1,9276,self,1.0,0,100,,
2025-11-27T00:32:17.892500+00:00,train,1,9277,self,1.0,0,91,,
2025-11-27T00:32:17.892610+00:00,train,1,9278,self,1.0,0,98,,
2025-11-27T00:32:17.892719+00:00,train,1,9279,self,1.0,0,94,,
2025-11-27T00:32:17.892828+00:00,train,1,9280,self,1.0,0,100,,
2025-11-27T00:32:17.892937+00:00,train,1,9281,self,1.0,0,97,,
2025-11-27T00:32:17.893078+00:00,train,1,9282,self,1.0,0,98,,
2025-11-27T00:32:17.893192+00:00,train,1,9283,self,1.0,0,85,,
2025-11-27T00:32:17.893302+00:00,train,1,9284,self,1.0,0,100,,
2025-11-27T00:32:17.893412+00:00,train,1,9285,self,1.0,0,96,,
2025-11-27T00:32:17.893520+00:00,train,1,9286,self,1.0,0,98,,
2025-11-27T00:32:17.893630+00:00,train,1,9287,self,1.0,0,97,,
2025-11-27T00:32:17.893739+00:00,train,1,9288,self,1.0,0,98,,
2025-11-27T00:32:17.893850+00:00,train,1,9289,self,1.0,0,95,,
2025-11-27T00:32:17.893959+00:00,train,1,9290,self,1.0,0,100,,
2025-11-27T00:32:17.894069+00:00,train,1,9291,self,1.0,0,95,,
2025-11-27T00:32:17.894178+00:00,train,1,9292,self,1.0,0,99,,
2025-11-27T00:32:17.894287+00:00,train,1,9293,self,1.0,0,86,,
2025-11-27T00:32:17.894395+00:00,train,1,9294,self,1.0,0,91,,
2025-11-27T00:32:17.894504+00:00,train,1,9295,self,1.0,0,80,,
2025-11-27T00:32:17.894614+00:00,train,1,9296,self,1.0,0,96,,
2025-11-27T00:32:17.894723+00:00,train,1,9297,self,1.0,0,87,,
2025-11-27T00:32:17.894832+00:00,train,1,9298,self,1.0,0,91,,
2025-11-27T00:32:17.894942+00:00,train,1,9299,self,1.0,0,90,,
2025-11-27T00:32:17.895052+00:00,train,1,9300,self,1.0,0,93,,
2025-11-27T00:32:17.895161+00:00,train,1,9301,self,1.0,0,91,,
2025-11-27T00:32:17.895270+00:00,train,1,9302,self,1.0,0,98,,
2025-11-27T00:32:17.895380+00:00,train,1,9303,self,1.0,0,97,,
2025-11-27T00:32:17.895541+00:00,train,1,9304,self,1.0,0,98,,
2025-11-27T00:32:17.895651+00:00,train,1,9305,self,1.0,0,80,,
2025-11-27T00:32:17.895761+00:00,train,1,9306,self,1.0,0,96,,
2025-11-27T00:32:17.895869+00:00,train,1,9307,self,1.0,0,98,,
2025-11-27T00:32:17.895978+00:00,train,1,9308,self,1.0,0,99,,
2025-11-27T00:32:17.896088+00:00,train,1,9309,self,1.0,0,88,,
2025-11-27T00:32:17.896197+00:00,train,1,9310,self,1.0,0,96,,
2025-11-27T00:32:17.896306+00:00,train,1,9311,self,1.0,0,95,,
2025-11-27T00:32:17.896415+00:00,train,1,9312,self,1.0,0,99,,
2025-11-27T00:32:17.896525+00:00,train,1,9313,self,1.0,0,84,,
2025-11-27T00:32:17.896679+00:00,train,1,9314,self,1.0,0,98,,
2025-11-27T00:32:17.896820+00:00,train,1,9315,self,1.0,0,99,,
2025-11-27T00:32:17.896948+00:00,train,1,9316,self,1.0,0,99,,
2025-11-27T00:32:17.897071+00:00,train,1,9317,self,1.0,0,92,,
2025-11-27T00:32:17.897207+00:00,train,1,9318,self,1.0,0,100,,
2025-11-27T00:32:17.897328+00:00,train,1,9319,self,1.0,0,94,,
2025-11-27T00:32:17.897459+00:00,train,1,9320,self,1.0,0,99,,
2025-11-27T00:32:17.897579+00:00,train,1,9321,self,1.0,0,95,,
2025-11-27T00:32:17.897713+00:00,train,1,9322,self,1.0,0,100,,
2025-11-27T00:32:17.897830+00:00,train,1,9323,self,1.0,0,94,,
2025-11-27T00:32:17.897963+00:00,train,1,9324,self,1.0,0,97,,
2025-11-27T00:32:17.898080+00:00,train,1,9325,self,1.0,0,78,,
2025-11-27T00:32:17.898213+00:00,train,1,9326,self,1.0,0,97,,
2025-11-27T00:32:17.898331+00:00,train,1,9327,self,1.0,0,96,,
2025-11-27T00:32:17.898467+00:00,train,1,9328,self,1.0,0,98,,
2025-11-27T00:32:17.898590+00:00,train,1,9329,self,1.0,0,89,,
2025-11-27T00:32:17.898726+00:00,train,1,9330,self,1.0,0,93,,
2025-11-27T00:32:17.898844+00:00,train,1,9331,self,1.0,0,94,,
2025-11-27T00:32:17.898960+00:00,train,1,9332,self,1.0,0,99,,
2025-11-27T00:32:17.899076+00:00,train,1,9333,self,1.0,0,96,,
2025-11-27T00:32:17.899192+00:00,train,1,9334,self,1.0,0,98,,
2025-11-27T00:32:17.899307+00:00,train,1,9335,self,1.0,0,94,,
2025-11-27T00:32:17.899434+00:00,train,1,9336,self,1.0,0,97,,
2025-11-27T00:32:17.899554+00:00,train,1,9337,self,1.0,0,99,,
2025-11-27T00:32:17.899670+00:00,train,1,9338,self,1.0,0,100,,
2025-11-27T00:32:17.899786+00:00,train,1,9339,self,1.0,0,95,,
2025-11-27T00:32:17.899903+00:00,train,1,9340,self,1.0,0,97,,
2025-11-27T00:32:17.900019+00:00,train,1,9341,self,1.0,0,99,,
2025-11-27T00:32:17.900135+00:00,train,1,9342,self,1.0,0,100,,
2025-11-27T00:32:17.900251+00:00,train,1,9343,self,1.0,0,95,,
2025-11-27T00:32:17.900366+00:00,train,1,9344,self,1.0,0,98,,
2025-11-27T00:32:17.900482+00:00,train,1,9345,self,1.0,0,95,,
2025-11-27T00:32:17.900606+00:00,train,1,9346,self,1.0,0,97,,
2025-11-27T00:32:17.900726+00:00,train,1,9347,self,1.0,0,89,,
2025-11-27T00:32:17.900844+00:00,train,1,9348,self,1.0,0,95,,
2025-11-27T00:32:17.900961+00:00,train,1,9349,self,1.0,0,91,,
2025-11-27T00:32:17.901084+00:00,train,1,9350,self,1.0,0,93,,
2025-11-27T00:32:17.901206+00:00,train,1,9351,self,1.0,0,84,,
2025-11-27T00:32:17.901331+00:00,train,1,9352,self,1.0,0,88,,
2025-11-27T00:32:17.901449+00:00,train,1,9353,self,1.0,0,98,,
2025-11-27T00:32:17.901571+00:00,train,1,9354,self,1.0,0,100,,
2025-11-27T00:32:17.901694+00:00,train,1,9355,self,1.0,0,99,,
2025-11-27T00:32:17.901811+00:00,train,1,9356,self,1.0,0,99,,
2025-11-27T00:32:17.901928+00:00,train,1,9357,self,1.0,0,83,,
2025-11-27T00:32:17.902043+00:00,train,1,9358,self,1.0,0,99,,
2025-11-27T00:32:17.902165+00:00,train,1,9359,self,1.0,0,93,,
2025-11-27T00:32:17.902283+00:00,train,1,9360,self,1.0,0,100,,
2025-11-27T00:32:17.902399+00:00,train,1,9361,self,1.0,0,83,,
2025-11-27T00:32:17.902515+00:00,train,1,9362,self,1.0,0,100,,
2025-11-27T00:32:17.902631+00:00,train,1,9363,self,1.0,0,93,,
2025-11-27T00:32:17.902753+00:00,train,1,9364,self,1.0,0,94,,
2025-11-27T00:32:17.902870+00:00,train,1,9365,self,1.0,0,94,,
2025-11-27T00:32:17.902992+00:00,train,1,9366,self,1.0,0,99,,
2025-11-27T00:32:17.903115+00:00,train,1,9367,self,1.0,0,100,,
2025-11-27T00:32:17.903234+00:00,train,1,9368,self,1.0,0,100,,
2025-11-27T00:32:17.903353+00:00,train,1,9369,self,1.0,0,97,,
2025-11-27T00:32:17.903475+00:00,train,1,9370,self,1.0,0,100,,
2025-11-27T00:32:17.903595+00:00,train,1,9371,self,1.0,0,88,,
2025-11-27T00:32:17.903718+00:00,train,1,9372,self,1.0,0,100,,
2025-11-27T00:32:17.903837+00:00,train,1,9373,self,1.0,0,95,,
2025-11-27T00:32:17.903959+00:00,train,1,9374,self,1.0,0,99,,
2025-11-27T00:32:17.904076+00:00,train,1,9375,self,1.0,0,91,,
2025-11-27T00:32:17.904195+00:00,train,1,9376,self,1.0,0,94,,
2025-11-27T00:32:17.904313+00:00,train,1,9377,self,1.0,0,99,,
2025-11-27T00:32:17.904435+00:00,train,1,9378,self,1.0,0,99,,
2025-11-27T00:32:17.904560+00:00,train,1,9379,self,1.0,0,91,,
2025-11-27T00:32:17.904685+00:00,train,1,9380,self,1.0,0,100,,
2025-11-27T00:32:17.904813+00:00,train,1,9381,self,1.0,0,70,,
2025-11-27T00:32:17.904933+00:00,train,1,9382,self,1.0,0,96,,
2025-11-27T00:32:17.905053+00:00,train,1,9383,self,1.0,0,90,,
2025-11-27T00:32:17.905170+00:00,train,1,9384,self,1.0,0,100,,
2025-11-27T00:32:17.905291+00:00,train,1,9385,self,1.0,0,92,,
2025-11-27T00:32:17.905408+00:00,train,1,9386,self,1.0,0,97,,
2025-11-27T00:32:17.905582+00:00,train,1,9387,self,1.0,0,92,,
2025-11-27T00:32:17.905757+00:00,train,1,9388,self,1.0,0,100,,
2025-11-27T00:32:17.905882+00:00,train,1,9389,self,1.0,0,99,,
2025-11-27T00:32:17.906012+00:00,train,1,9390,self,1.0,0,99,,
2025-11-27T00:32:17.906133+00:00,train,1,9391,self,1.0,0,98,,
2025-11-27T00:32:17.906263+00:00,train,1,9392,self,1.0,0,98,,
2025-11-27T00:32:17.906381+00:00,train,1,9393,self,1.0,0,76,,
2025-11-27T00:32:17.906561+00:00,train,1,9394,self,1.0,0,97,,
2025-11-27T00:32:17.906702+00:00,train,1,9395,self,1.0,0,94,,
2025-11-27T00:32:17.906833+00:00,train,1,9396,self,1.0,0,96,,
2025-11-27T00:32:17.907035+00:00,train,1,9397,self,1.0,0,94,,
2025-11-27T00:32:17.907164+00:00,train,1,9398,self,1.0,0,95,,
2025-11-27T00:32:17.907284+00:00,train,1,9399,self,1.0,0,95,,
2025-11-27T00:32:17.907447+00:00,train,1,9400,self,1.0,0,99,,
2025-11-27T00:32:17.907571+00:00,train,1,9401,self,1.0,0,99,,
2025-11-27T00:32:17.907689+00:00,train,1,9402,self,1.0,0,100,,
2025-11-27T00:32:17.907865+00:00,train,1,9403,self,1.0,0,92,,
2025-11-27T00:32:17.907980+00:00,train,1,9404,self,1.0,0,99,,
2025-11-27T00:32:17.908116+00:00,train,1,9405,self,1.0,0,99,,
2025-11-27T00:32:17.908228+00:00,train,1,9406,self,1.0,0,100,,
2025-11-27T00:32:17.908355+00:00,train,1,9407,self,1.0,0,91,,
2025-11-27T00:32:17.908467+00:00,train,1,9408,self,1.0,0,99,,
2025-11-27T00:32:17.908579+00:00,train,1,9409,self,1.0,0,94,,
2025-11-27T00:32:17.908690+00:00,train,1,9410,self,1.0,0,99,,
2025-11-27T00:32:17.908852+00:00,train,1,9411,self,1.0,0,91,,
2025-11-27T00:32:17.908990+00:00,train,1,9412,self,1.0,0,96,,
2025-11-27T00:32:17.909118+00:00,train,1,9413,self,1.0,0,96,,
2025-11-27T00:32:17.909243+00:00,train,1,9414,self,1.0,0,97,,
2025-11-27T00:32:17.909365+00:00,train,1,9415,self,1.0,0,95,,
2025-11-27T00:32:17.909485+00:00,train,1,9416,self,1.0,0,100,,
2025-11-27T00:32:17.909604+00:00,train,1,9417,self,1.0,0,85,,
2025-11-27T00:32:17.909776+00:00,train,1,9418,self,1.0,0,99,,
2025-11-27T00:32:17.909896+00:00,train,1,9419,self,1.0,0,87,,
2025-11-27T00:32:17.910015+00:00,train,1,9420,self,1.0,0,99,,
2025-11-27T00:32:17.910132+00:00,train,1,9421,self,1.0,0,92,,
2025-11-27T00:32:17.910249+00:00,train,1,9422,self,1.0,0,99,,
2025-11-27T00:32:17.910369+00:00,train,1,9423,self,1.0,0,86,,
2025-11-27T00:32:17.910487+00:00,train,1,9424,self,1.0,0,99,,
2025-11-27T00:32:17.910604+00:00,train,1,9425,self,1.0,0,99,,
2025-11-27T00:32:17.910720+00:00,train,1,9426,self,1.0,0,100,,
2025-11-27T00:32:17.910837+00:00,train,1,9427,self,1.0,0,97,,
2025-11-27T00:32:17.910954+00:00,train,1,9428,self,1.0,0,100,,
2025-11-27T00:32:17.911071+00:00,train,1,9429,self,1.0,0,90,,
2025-11-27T00:32:17.911188+00:00,train,1,9430,self,1.0,0,100,,
2025-11-27T00:32:17.911304+00:00,train,1,9431,self,1.0,0,92,,
2025-11-27T00:32:17.911420+00:00,train,1,9432,self,1.0,0,100,,
2025-11-27T00:32:17.911536+00:00,train,1,9433,self,1.0,0,91,,
2025-11-27T00:32:17.911652+00:00,train,1,9434,self,1.0,0,91,,
2025-11-27T00:32:17.911768+00:00,train,1,9435,self,1.0,0,86,,
2025-11-27T00:32:17.911884+00:00,train,1,9436,self,1.0,0,96,,
2025-11-27T00:32:17.912001+00:00,train,1,9437,self,1.0,0,93,,
2025-11-27T00:32:17.912117+00:00,train,1,9438,self,1.0,0,100,,
2025-11-27T00:32:17.912233+00:00,train,1,9439,self,1.0,0,97,,
2025-11-27T00:32:17.912349+00:00,train,1,9440,self,1.0,0,100,,
2025-11-27T00:32:17.912465+00:00,train,1,9441,self,1.0,0,96,,
2025-11-27T00:32:17.912581+00:00,train,1,9442,self,1.0,0,99,,
2025-11-27T00:32:17.912707+00:00,train,1,9443,self,1.0,0,88,,
2025-11-27T00:32:17.912824+00:00,train,1,9444,self,1.0,0,95,,
2025-11-27T00:32:17.912940+00:00,train,1,9445,self,1.0,0,98,,
2025-11-27T00:32:17.913058+00:00,train,1,9446,self,1.0,0,99,,
2025-11-27T00:32:17.913212+00:00,train,1,9447,self,1.0,0,96,,
2025-11-27T00:32:17.913329+00:00,train,1,9448,self,1.0,0,99,,
2025-11-27T00:32:17.913445+00:00,train,1,9449,self,1.0,0,97,,
2025-11-27T00:32:17.913561+00:00,train,1,9450,self,1.0,0,99,,
2025-11-27T00:32:17.913676+00:00,train,1,9451,self,1.0,0,94,,
2025-11-27T00:32:17.913791+00:00,train,1,9452,self,1.0,0,96,,
2025-11-27T00:32:17.913907+00:00,train,1,9453,self,1.0,0,100,,
2025-11-27T00:32:17.914022+00:00,train,1,9454,self,1.0,0,100,,
2025-11-27T00:32:17.914138+00:00,train,1,9455,self,1.0,0,95,,
2025-11-27T00:32:17.914254+00:00,train,1,9456,self,1.0,0,96,,
2025-11-27T00:32:17.914371+00:00,train,1,9457,self,1.0,0,100,,
2025-11-27T00:32:17.914487+00:00,train,1,9458,self,1.0,0,100,,
2025-11-27T00:32:17.914604+00:00,train,1,9459,self,1.0,0,97,,
2025-11-27T00:32:17.914719+00:00,train,1,9460,self,1.0,0,99,,
2025-11-27T00:32:17.914835+00:00,train,1,9461,self,1.0,0,85,,
2025-11-27T00:32:17.914950+00:00,train,1,9462,self,1.0,0,99,,
2025-11-27T00:32:17.915066+00:00,train,1,9463,self,1.0,0,98,,
2025-11-27T00:32:17.915184+00:00,train,1,9464,self,1.0,0,100,,
2025-11-27T00:32:17.915334+00:00,train,1,9465,self,1.0,0,95,,
2025-11-27T00:32:17.915451+00:00,train,1,9466,self,1.0,0,99,,
2025-11-27T00:32:17.915567+00:00,train,1,9467,self,1.0,0,99,,
2025-11-27T00:32:17.915685+00:00,train,1,9468,self,1.0,0,100,,
2025-11-27T00:32:17.915850+00:00,train,1,9469,self,1.0,0,94,,
2025-11-27T00:32:17.915967+00:00,train,1,9470,self,1.0,0,99,,
2025-11-27T00:32:17.916083+00:00,train,1,9471,self,1.0,0,98,,
2025-11-27T00:32:17.916199+00:00,train,1,9472,self,1.0,0,100,,
2025-11-27T00:32:17.916316+00:00,train,1,9473,self,1.0,0,93,,
2025-11-27T00:32:17.916432+00:00,train,1,9474,self,1.0,0,98,,
2025-11-27T00:32:17.916548+00:00,train,1,9475,self,1.0,0,91,,
2025-11-27T00:32:17.916663+00:00,train,1,9476,self,1.0,0,96,,
2025-11-27T00:32:17.916780+00:00,train,1,9477,self,1.0,0,99,,
2025-11-27T00:32:17.916898+00:00,train,1,9478,self,1.0,0,99,,
2025-11-27T00:32:17.917016+00:00,train,1,9479,self,1.0,0,100,,
2025-11-27T00:32:17.917132+00:00,train,1,9480,self,1.0,0,100,,
2025-11-27T00:32:17.917248+00:00,train,1,9481,self,1.0,0,91,,
2025-11-27T00:32:17.917363+00:00,train,1,9482,self,1.0,0,98,,
2025-11-27T00:32:17.917483+00:00,train,1,9483,self,1.0,0,97,,
2025-11-27T00:32:17.917600+00:00,train,1,9484,self,1.0,0,99,,
2025-11-27T00:32:17.917716+00:00,train,1,9485,self,1.0,0,86,,
2025-11-27T00:32:17.917832+00:00,train,1,9486,self,1.0,0,87,,
2025-11-27T00:32:17.917948+00:00,train,1,9487,self,1.0,0,89,,
2025-11-27T00:32:17.918064+00:00,train,1,9488,self,1.0,0,99,,
2025-11-27T00:32:17.918180+00:00,train,1,9489,self,1.0,0,98,,
2025-11-27T00:32:17.918296+00:00,train,1,9490,self,1.0,0,100,,
2025-11-27T00:32:17.918412+00:00,train,1,9491,self,1.0,0,85,,
2025-11-27T00:32:17.918527+00:00,train,1,9492,self,1.0,0,93,,
2025-11-27T00:32:17.918642+00:00,train,1,9493,self,1.0,0,94,,
2025-11-27T00:32:17.918760+00:00,train,1,9494,self,1.0,0,98,,
2025-11-27T00:32:17.918876+00:00,train,1,9495,self,1.0,0,91,,
2025-11-27T00:32:17.919006+00:00,train,1,9496,self,1.0,0,99,,
2025-11-27T00:32:17.919169+00:00,train,1,9497,self,1.0,0,89,,
2025-11-27T00:32:17.919292+00:00,train,1,9498,self,1.0,0,99,,
2025-11-27T00:32:17.919416+00:00,train,1,9499,self,1.0,0,92,,
2025-11-27T00:32:17.919538+00:00,train,1,9500,self,1.0,0,99,,
2025-11-27T00:32:17.919651+00:00,train,1,9501,self,1.0,0,89,,
2025-11-27T00:32:17.919778+00:00,train,1,9502,self,1.0,0,100,,
2025-11-27T00:32:17.919899+00:00,train,1,9503,self,1.0,0,100,,
2025-11-27T00:32:17.920016+00:00,train,1,9504,self,1.0,0,100,,
2025-11-27T00:32:17.920132+00:00,train,1,9505,self,1.0,0,92,,
2025-11-27T00:32:17.920248+00:00,train,1,9506,self,1.0,0,100,,
2025-11-27T00:32:17.920363+00:00,train,1,9507,self,1.0,0,91,,
2025-11-27T00:32:17.920478+00:00,train,1,9508,self,1.0,0,99,,
2025-11-27T00:32:17.920592+00:00,train,1,9509,self,1.0,0,86,,
2025-11-27T00:32:17.920707+00:00,train,1,9510,self,1.0,0,89,,
2025-11-27T00:32:17.920823+00:00,train,1,9511,self,1.0,0,100,,
2025-11-27T00:32:17.920938+00:00,train,1,9512,self,1.0,0,100,,
2025-11-27T00:32:17.921053+00:00,train,1,9513,self,1.0,0,92,,
2025-11-27T00:32:17.921171+00:00,train,1,9514,self,1.0,0,98,,
2025-11-27T00:32:17.921290+00:00,train,1,9515,self,1.0,0,95,,
2025-11-27T00:32:17.921405+00:00,train,1,9516,self,1.0,0,100,,
2025-11-27T00:32:17.921522+00:00,train,1,9517,self,1.0,0,95,,
2025-11-27T00:32:17.921638+00:00,train,1,9518,self,1.0,0,98,,
2025-11-27T00:32:17.921759+00:00,train,1,9519,self,1.0,0,89,,
2025-11-27T00:32:17.921880+00:00,train,1,9520,self,1.0,0,100,,
2025-11-27T00:32:17.921996+00:00,train,1,9521,self,1.0,0,92,,
2025-11-27T00:32:17.922112+00:00,train,1,9522,self,1.0,0,99,,
2025-11-27T00:32:17.922233+00:00,train,1,9523,self,1.0,0,95,,
2025-11-27T00:32:17.922350+00:00,train,1,9524,self,1.0,0,99,,
2025-11-27T00:32:17.922465+00:00,train,1,9525,self,1.0,0,93,,
2025-11-27T00:32:17.922580+00:00,train,1,9526,self,1.0,0,100,,
2025-11-27T00:32:17.922702+00:00,train,1,9527,self,1.0,0,94,,
2025-11-27T00:32:17.922818+00:00,train,1,9528,self,1.0,0,97,,
2025-11-27T00:32:17.922937+00:00,train,1,9529,self,1.0,0,94,,
2025-11-27T00:32:17.923061+00:00,train,1,9530,self,1.0,0,100,,
2025-11-27T00:32:17.923183+00:00,train,1,9531,self,1.0,0,94,,
2025-11-27T00:32:17.923300+00:00,train,1,9532,self,1.0,0,100,,
2025-11-27T00:32:17.923434+00:00,train,1,9533,self,1.0,0,87,,
2025-11-27T00:32:17.923551+00:00,train,1,9534,self,1.0,0,88,,
2025-11-27T00:32:17.923713+00:00,train,1,9535,self,1.0,0,81,,
2025-11-27T00:32:17.923844+00:00,train,1,9536,self,1.0,0,91,,
2025-11-27T00:32:17.923975+00:00,train,1,9537,self,1.0,0,100,,
2025-11-27T00:32:17.924094+00:00,train,1,9538,self,1.0,0,100,,
2025-11-27T00:32:17.924264+00:00,train,1,9539,self,1.0,0,98,,
2025-11-27T00:32:17.924402+00:00,train,1,9540,self,1.0,0,100,,
2025-11-27T00:32:17.924529+00:00,train,1,9541,self,1.0,0,95,,
2025-11-27T00:32:17.924652+00:00,train,1,9542,self,1.0,0,99,,
2025-11-27T00:32:17.924815+00:00,train,1,9543,self,1.0,0,85,,
2025-11-27T00:32:17.924945+00:00,train,1,9544,self,1.0,0,98,,
2025-11-27T00:32:17.925089+00:00,train,1,9545,self,1.0,0,96,,
2025-11-27T00:32:17.925209+00:00,train,1,9546,self,1.0,0,100,,
2025-11-27T00:32:17.925324+00:00,train,1,9547,self,1.0,0,85,,
2025-11-27T00:32:17.925462+00:00,train,1,9548,self,1.0,0,93,,
2025-11-27T00:32:17.925577+00:00,train,1,9549,self,1.0,0,92,,
2025-11-27T00:32:17.925707+00:00,train,1,9550,self,1.0,0,99,,
2025-11-27T00:32:17.925820+00:00,train,1,9551,self,1.0,0,93,,
2025-11-27T00:32:17.926034+00:00,train,1,9552,self,1.0,0,98,,
2025-11-27T00:32:17.926164+00:00,train,1,9553,self,1.0,0,96,,
2025-11-27T00:32:17.926285+00:00,train,1,9554,self,1.0,0,100,,
2025-11-27T00:32:17.926402+00:00,train,1,9555,self,1.0,0,92,,
2025-11-27T00:32:17.926518+00:00,train,1,9556,self,1.0,0,95,,
2025-11-27T00:32:17.926631+00:00,train,1,9557,self,1.0,0,93,,
2025-11-27T00:32:17.926744+00:00,train,1,9558,self,1.0,0,99,,
2025-11-27T00:32:17.926861+00:00,train,1,9559,self,1.0,0,95,,
2025-11-27T00:32:17.926972+00:00,train,1,9560,self,1.0,0,100,,
2025-11-27T00:32:17.927111+00:00,train,1,9561,self,1.0,0,96,,
2025-11-27T00:32:17.927237+00:00,train,1,9562,self,1.0,0,100,,
2025-11-27T00:32:17.927347+00:00,train,1,9563,self,1.0,0,100,,
2025-11-27T00:32:17.927457+00:00,train,1,9564,self,1.0,0,100,,
2025-11-27T00:32:17.927567+00:00,train,1,9565,self,1.0,0,91,,
2025-11-27T00:32:17.927677+00:00,train,1,9566,self,1.0,0,100,,
2025-11-27T00:32:17.927792+00:00,train,1,9567,self,1.0,0,85,,
2025-11-27T00:32:17.927903+00:00,train,1,9568,self,1.0,0,95,,
2025-11-27T00:32:17.928013+00:00,train,1,9569,self,1.0,0,94,,
2025-11-27T00:32:17.928124+00:00,train,1,9570,self,1.0,0,99,,
2025-11-27T00:32:17.928234+00:00,train,1,9571,self,1.0,0,94,,
2025-11-27T00:32:17.928345+00:00,train,1,9572,self,1.0,0,98,,
2025-11-27T00:32:17.928457+00:00,train,1,9573,self,1.0,0,97,,
2025-11-27T00:32:17.928568+00:00,train,1,9574,self,1.0,0,100,,
2025-11-27T00:32:17.928684+00:00,train,1,9575,self,1.0,0,96,,
2025-11-27T00:32:17.928795+00:00,train,1,9576,self,1.0,0,97,,
2025-11-27T00:32:17.928906+00:00,train,1,9577,self,1.0,0,92,,
2025-11-27T00:32:17.929015+00:00,train,1,9578,self,1.0,0,100,,
2025-11-27T00:32:17.929125+00:00,train,1,9579,self,1.0,0,92,,
2025-11-27T00:32:17.929236+00:00,train,1,9580,self,1.0,0,95,,
2025-11-27T00:32:17.929347+00:00,train,1,9581,self,1.0,0,99,,
2025-11-27T00:32:17.929459+00:00,train,1,9582,self,1.0,0,100,,
2025-11-27T00:32:17.929575+00:00,train,1,9583,self,1.0,0,93,,
2025-11-27T00:32:17.929686+00:00,train,1,9584,self,1.0,0,100,,
2025-11-27T00:32:17.929797+00:00,train,1,9585,self,1.0,0,89,,
2025-11-27T00:32:17.929908+00:00,train,1,9586,self,1.0,0,99,,
2025-11-27T00:32:17.930018+00:00,train,1,9587,self,1.0,0,94,,
2025-11-27T00:32:17.930129+00:00,train,1,9588,self,1.0,0,100,,
2025-11-27T00:32:17.930241+00:00,train,1,9589,self,1.0,0,93,,
2025-11-27T00:32:17.930352+00:00,train,1,9590,self,1.0,0,97,,
2025-11-27T00:32:17.930467+00:00,train,1,9591,self,1.0,0,98,,
2025-11-27T00:32:17.930578+00:00,train,1,9592,self,1.0,0,100,,
2025-11-27T00:32:17.930687+00:00,train,1,9593,self,1.0,0,97,,
2025-11-27T00:32:17.930797+00:00,train,1,9594,self,1.0,0,100,,
2025-11-27T00:32:17.930908+00:00,train,1,9595,self,1.0,0,94,,
2025-11-27T00:32:17.931020+00:00,train,1,9596,self,1.0,0,100,,
2025-11-27T00:32:17.931130+00:00,train,1,9597,self,1.0,0,88,,
2025-11-27T00:32:17.931239+00:00,train,1,9598,self,1.0,0,99,,
2025-11-27T00:32:17.931355+00:00,train,1,9599,self,1.0,0,93,,
2025-11-27T00:32:17.931465+00:00,train,1,9600,self,1.0,0,100,,
2025-11-27T00:32:17.931575+00:00,train,1,9601,self,1.0,0,98,,
2025-11-27T00:32:17.931684+00:00,train,1,9602,self,1.0,0,99,,
2025-11-27T00:32:17.931795+00:00,train,1,9603,self,1.0,0,97,,
2025-11-27T00:32:17.931904+00:00,train,1,9604,self,1.0,0,100,,
2025-11-27T00:32:17.932014+00:00,train,1,9605,self,1.0,0,96,,
2025-11-27T00:32:17.932123+00:00,train,1,9606,self,1.0,0,100,,
2025-11-27T00:32:17.932236+00:00,train,1,9607,self,1.0,0,82,,
2025-11-27T00:32:17.932345+00:00,train,1,9608,self,1.0,0,94,,
2025-11-27T00:32:17.932455+00:00,train,1,9609,self,1.0,0,87,,
2025-11-27T00:32:17.932564+00:00,train,1,9610,self,1.0,0,98,,
2025-11-27T00:32:17.932674+00:00,train,1,9611,self,1.0,0,95,,
2025-11-27T00:32:17.932783+00:00,train,1,9612,self,1.0,0,100,,
2025-11-27T00:32:17.932894+00:00,train,1,9613,self,1.0,0,93,,
2025-11-27T00:32:17.933004+00:00,train,1,9614,self,1.0,0,99,,
2025-11-27T00:32:17.933118+00:00,train,1,9615,self,1.0,0,88,,
2025-11-27T00:32:17.933227+00:00,train,1,9616,self,1.0,0,98,,
2025-11-27T00:32:17.933336+00:00,train,1,9617,self,1.0,0,93,,
2025-11-27T00:32:17.933445+00:00,train,1,9618,self,1.0,0,100,,
2025-11-27T00:32:17.933556+00:00,train,1,9619,self,1.0,0,98,,
2025-11-27T00:32:17.933667+00:00,train,1,9620,self,1.0,0,100,,
2025-11-27T00:32:17.933777+00:00,train,1,9621,self,1.0,0,96,,
2025-11-27T00:32:17.933887+00:00,train,1,9622,self,1.0,0,97,,
2025-11-27T00:32:17.934001+00:00,train,1,9623,self,1.0,0,92,,
2025-11-27T00:32:17.934110+00:00,train,1,9624,self,1.0,0,97,,
2025-11-27T00:32:17.934219+00:00,train,1,9625,self,1.0,0,86,,
2025-11-27T00:32:17.934328+00:00,train,1,9626,self,1.0,0,100,,
2025-11-27T00:32:17.934437+00:00,train,1,9627,self,1.0,0,89,,
2025-11-27T00:32:17.934546+00:00,train,1,9628,self,1.0,0,100,,
2025-11-27T00:32:17.934655+00:00,train,1,9629,self,1.0,0,100,,
2025-11-27T00:32:17.934765+00:00,train,1,9630,self,1.0,0,100,,
2025-11-27T00:32:17.934879+00:00,train,1,9631,self,1.0,0,87,,
2025-11-27T00:32:17.934989+00:00,train,1,9632,self,1.0,0,100,,
2025-11-27T00:32:17.935099+00:00,train,1,9633,self,1.0,0,90,,
2025-11-27T00:32:17.935208+00:00,train,1,9634,self,1.0,0,92,,
2025-11-27T00:32:17.935318+00:00,train,1,9635,self,1.0,0,93,,
2025-11-27T00:32:17.935428+00:00,train,1,9636,self,1.0,0,94,,
2025-11-27T00:32:17.935538+00:00,train,1,9637,self,1.0,0,92,,
2025-11-27T00:32:17.935652+00:00,train,1,9638,self,1.0,0,97,,
2025-11-27T00:32:17.935767+00:00,train,1,9639,self,1.0,0,95,,
2025-11-27T00:32:17.935876+00:00,train,1,9640,self,1.0,0,95,,
2025-11-27T00:32:17.935985+00:00,train,1,9641,self,1.0,0,93,,
2025-11-27T00:32:17.936123+00:00,train,1,9642,self,1.0,0,99,,
2025-11-27T00:32:17.936249+00:00,train,1,9643,self,1.0,0,95,,
2025-11-27T00:32:17.936359+00:00,train,1,9644,self,1.0,0,96,,
2025-11-27T00:32:17.936468+00:00,train,1,9645,self,1.0,0,93,,
2025-11-27T00:32:17.936578+00:00,train,1,9646,self,1.0,0,94,,
2025-11-27T00:32:17.936692+00:00,train,1,9647,self,1.0,0,91,,
2025-11-27T00:32:17.936801+00:00,train,1,9648,self,1.0,0,99,,
2025-11-27T00:32:17.936910+00:00,train,1,9649,self,1.0,0,89,,
2025-11-27T00:32:17.937019+00:00,train,1,9650,self,1.0,0,94,,
2025-11-27T00:32:17.937128+00:00,train,1,9651,self,1.0,0,89,,
2025-11-27T00:32:17.937239+00:00,train,1,9652,self,1.0,0,97,,
2025-11-27T00:32:17.937349+00:00,train,1,9653,self,1.0,0,88,,
2025-11-27T00:32:17.937460+00:00,train,1,9654,self,1.0,0,100,,
2025-11-27T00:32:17.937575+00:00,train,1,9655,self,1.0,0,89,,
2025-11-27T00:32:17.937684+00:00,train,1,9656,self,1.0,0,90,,
2025-11-27T00:32:17.937793+00:00,train,1,9657,self,1.0,0,96,,
2025-11-27T00:32:17.937902+00:00,train,1,9658,self,1.0,0,98,,
2025-11-27T00:32:17.938011+00:00,train,1,9659,self,1.0,0,98,,
2025-11-27T00:32:17.938120+00:00,train,1,9660,self,1.0,0,98,,
2025-11-27T00:32:17.938229+00:00,train,1,9661,self,1.0,0,83,,
2025-11-27T00:32:17.938338+00:00,train,1,9662,self,1.0,0,98,,
2025-11-27T00:32:17.938451+00:00,train,1,9663,self,1.0,0,79,,
2025-11-27T00:32:17.938604+00:00,train,1,9664,self,1.0,0,88,,
2025-11-27T00:32:17.938712+00:00,train,1,9665,self,1.0,0,99,,
2025-11-27T00:32:17.938822+00:00,train,1,9666,self,1.0,0,100,,
2025-11-27T00:32:17.938931+00:00,train,1,9667,self,1.0,0,100,,
2025-11-27T00:32:17.939040+00:00,train,1,9668,self,1.0,0,100,,
2025-11-27T00:32:17.939148+00:00,train,1,9669,self,1.0,0,97,,
2025-11-27T00:32:17.939257+00:00,train,1,9670,self,1.0,0,99,,
2025-11-27T00:32:17.939370+00:00,train,1,9671,self,1.0,0,87,,
2025-11-27T00:32:17.939479+00:00,train,1,9672,self,1.0,0,94,,
2025-11-27T00:32:17.939587+00:00,train,1,9673,self,1.0,0,90,,
2025-11-27T00:32:17.939697+00:00,train,1,9674,self,1.0,0,100,,
2025-11-27T00:32:17.939806+00:00,train,1,9675,self,1.0,0,84,,
2025-11-27T00:32:17.939915+00:00,train,1,9676,self,1.0,0,98,,
2025-11-27T00:32:17.940023+00:00,train,1,9677,self,1.0,0,97,,
2025-11-27T00:32:17.940133+00:00,train,1,9678,self,1.0,0,100,,
2025-11-27T00:32:17.940247+00:00,train,1,9679,self,1.0,0,86,,
2025-11-27T00:32:17.940356+00:00,train,1,9680,self,1.0,0,100,,
2025-11-27T00:32:17.940465+00:00,train,1,9681,self,1.0,0,93,,
2025-11-27T00:32:17.940574+00:00,train,1,9682,self,1.0,0,100,,
2025-11-27T00:32:17.940684+00:00,train,1,9683,self,1.0,0,95,,
2025-11-27T00:32:17.940793+00:00,train,1,9684,self,1.0,0,100,,
2025-11-27T00:32:17.940902+00:00,train,1,9685,self,1.0,0,95,,
2025-11-27T00:32:17.941013+00:00,train,1,9686,self,1.0,0,100,,
2025-11-27T00:32:17.941127+00:00,train,1,9687,self,1.0,0,90,,
2025-11-27T00:32:17.941236+00:00,train,1,9688,self,1.0,0,97,,
2025-11-27T00:32:17.941345+00:00,train,1,9689,self,1.0,0,95,,
2025-11-27T00:32:17.941454+00:00,train,1,9690,self,1.0,0,99,,
2025-11-27T00:32:17.941563+00:00,train,1,9691,self,1.0,0,94,,
2025-11-27T00:32:17.941672+00:00,train,1,9692,self,1.0,0,99,,
2025-11-27T00:32:17.941780+00:00,train,1,9693,self,1.0,0,99,,
2025-11-27T00:32:17.941889+00:00,train,1,9694,self,1.0,0,100,,
2025-11-27T00:32:17.942002+00:00,train,1,9695,self,1.0,0,91,,
2025-11-27T00:32:17.942111+00:00,train,1,9696,self,1.0,0,96,,
2025-11-27T00:32:17.942220+00:00,train,1,9697,self,1.0,0,96,,
2025-11-27T00:32:17.942329+00:00,train,1,9698,self,1.0,0,97,,
2025-11-27T00:32:17.942438+00:00,train,1,9699,self,1.0,0,86,,
2025-11-27T00:32:17.942546+00:00,train,1,9700,self,1.0,0,98,,
2025-11-27T00:32:17.942655+00:00,train,1,9701,self,1.0,0,92,,
2025-11-27T00:32:17.942764+00:00,train,1,9702,self,1.0,0,97,,
2025-11-27T00:32:17.942877+00:00,train,1,9703,self,1.0,0,93,,
2025-11-27T00:32:17.942987+00:00,train,1,9704,self,1.0,0,98,,
2025-11-27T00:32:17.943095+00:00,train,1,9705,self,1.0,0,97,,
2025-11-27T00:32:17.943203+00:00,train,1,9706,self,1.0,0,99,,
2025-11-27T00:32:17.943312+00:00,train,1,9707,self,1.0,0,98,,
2025-11-27T00:32:17.943421+00:00,train,1,9708,self,1.0,0,99,,
2025-11-27T00:32:17.943530+00:00,train,1,9709,self,1.0,0,93,,
2025-11-27T00:32:17.943639+00:00,train,1,9710,self,1.0,0,99,,
2025-11-27T00:32:17.943753+00:00,train,1,9711,self,1.0,0,90,,
2025-11-27T00:32:17.943862+00:00,train,1,9712,self,1.0,0,94,,
2025-11-27T00:32:17.943970+00:00,train,1,9713,self,1.0,0,97,,
2025-11-27T00:32:17.944079+00:00,train,1,9714,self,1.0,0,99,,
2025-11-27T00:32:17.944188+00:00,train,1,9715,self,1.0,0,93,,
2025-11-27T00:32:17.944297+00:00,train,1,9716,self,1.0,0,98,,
2025-11-27T00:32:17.944405+00:00,train,1,9717,self,1.0,0,98,,
2025-11-27T00:32:17.944514+00:00,train,1,9718,self,1.0,0,100,,
2025-11-27T00:32:17.944628+00:00,train,1,9719,self,1.0,0,89,,
2025-11-27T00:32:17.944737+00:00,train,1,9720,self,1.0,0,100,,
2025-11-27T00:32:17.944846+00:00,train,1,9721,self,1.0,0,92,,
2025-11-27T00:32:17.944954+00:00,train,1,9722,self,1.0,0,95,,
2025-11-27T00:32:17.945063+00:00,train,1,9723,self,1.0,0,89,,
2025-11-27T00:32:17.945171+00:00,train,1,9724,self,1.0,0,97,,
2025-11-27T00:32:17.945280+00:00,train,1,9725,self,1.0,0,97,,
2025-11-27T00:32:17.945389+00:00,train,1,9726,self,1.0,0,97,,
2025-11-27T00:32:17.945503+00:00,train,1,9727,self,1.0,0,88,,
2025-11-27T00:32:17.945611+00:00,train,1,9728,self,1.0,0,99,,
2025-11-27T00:32:17.945723+00:00,train,1,9729,self,1.0,0,100,,
2025-11-27T00:32:17.945832+00:00,train,1,9730,self,1.0,0,100,,
2025-11-27T00:32:17.945940+00:00,train,1,9731,self,1.0,0,92,,
2025-11-27T00:32:17.946049+00:00,train,1,9732,self,1.0,0,99,,
2025-11-27T00:32:17.946157+00:00,train,1,9733,self,1.0,0,94,,
2025-11-27T00:32:17.946313+00:00,train,1,9734,self,1.0,0,99,,
2025-11-27T00:32:17.946434+00:00,train,1,9735,self,1.0,0,97,,
2025-11-27T00:32:17.946543+00:00,train,1,9736,self,1.0,0,99,,
2025-11-27T00:32:17.946651+00:00,train,1,9737,self,1.0,0,91,,
2025-11-27T00:32:17.946761+00:00,train,1,9738,self,1.0,0,94,,
2025-11-27T00:32:17.946870+00:00,train,1,9739,self,1.0,0,93,,
2025-11-27T00:32:17.946979+00:00,train,1,9740,self,1.0,0,98,,
2025-11-27T00:32:17.947087+00:00,train,1,9741,self,1.0,0,93,,
2025-11-27T00:32:17.947197+00:00,train,1,9742,self,1.0,0,100,,
2025-11-27T00:32:17.947311+00:00,train,1,9743,self,1.0,0,96,,
2025-11-27T00:32:17.947422+00:00,train,1,9744,self,1.0,0,99,,
2025-11-27T00:32:17.947531+00:00,train,1,9745,self,1.0,0,94,,
2025-11-27T00:32:17.947641+00:00,train,1,9746,self,1.0,0,96,,
2025-11-27T00:32:17.947749+00:00,train,1,9747,self,1.0,0,88,,
2025-11-27T00:32:17.947858+00:00,train,1,9748,self,1.0,0,100,,
2025-11-27T00:32:17.947967+00:00,train,1,9749,self,1.0,0,83,,
2025-11-27T00:32:17.948076+00:00,train,1,9750,self,1.0,0,99,,
2025-11-27T00:32:17.948189+00:00,train,1,9751,self,1.0,0,96,,
2025-11-27T00:32:17.948298+00:00,train,1,9752,self,1.0,0,100,,
2025-11-27T00:32:17.948407+00:00,train,1,9753,self,1.0,0,96,,
2025-11-27T00:32:17.948516+00:00,train,1,9754,self,1.0,0,99,,
2025-11-27T00:32:17.948625+00:00,train,1,9755,self,1.0,0,93,,
2025-11-27T00:32:17.948734+00:00,train,1,9756,self,1.0,0,94,,
2025-11-27T00:32:17.948843+00:00,train,1,9757,self,1.0,0,94,,
2025-11-27T00:32:17.949051+00:00,train,1,9758,self,1.0,0,97,,
2025-11-27T00:32:17.949185+00:00,train,1,9759,self,1.0,0,97,,
2025-11-27T00:32:17.949313+00:00,train,1,9760,self,1.0,0,100,,
2025-11-27T00:32:17.949438+00:00,train,1,9761,self,1.0,0,98,,
2025-11-27T00:32:17.949607+00:00,train,1,9762,self,1.0,0,99,,
2025-11-27T00:32:17.949738+00:00,train,1,9763,self,1.0,0,86,,
2025-11-27T00:32:17.949860+00:00,train,1,9764,self,1.0,0,100,,
2025-11-27T00:32:17.949977+00:00,train,1,9765,self,1.0,0,88,,
2025-11-27T00:32:17.950090+00:00,train,1,9766,self,1.0,0,91,,
2025-11-27T00:32:17.950202+00:00,train,1,9767,self,1.0,0,98,,
2025-11-27T00:32:17.950322+00:00,train,1,9768,self,1.0,0,100,,
2025-11-27T00:32:17.950434+00:00,train,1,9769,self,1.0,0,93,,
2025-11-27T00:32:17.950545+00:00,train,1,9770,self,1.0,0,98,,
2025-11-27T00:32:17.950655+00:00,train,1,9771,self,1.0,0,97,,
2025-11-27T00:32:17.950766+00:00,train,1,9772,self,1.0,0,99,,
2025-11-27T00:32:17.950882+00:00,train,1,9773,self,1.0,0,94,,
2025-11-27T00:32:17.950992+00:00,train,1,9774,self,1.0,0,98,,
2025-11-27T00:32:17.951103+00:00,train,1,9775,self,1.0,0,98,,
2025-11-27T00:32:17.951212+00:00,train,1,9776,self,1.0,0,99,,
2025-11-27T00:32:17.951321+00:00,train,1,9777,self,1.0,0,85,,
2025-11-27T00:32:17.951431+00:00,train,1,9778,self,1.0,0,96,,
2025-11-27T00:32:17.951539+00:00,train,1,9779,self,1.0,0,89,,
2025-11-27T00:32:17.951650+00:00,train,1,9780,self,1.0,0,96,,
2025-11-27T00:32:17.951809+00:00,train,1,9781,self,1.0,0,96,,
2025-11-27T00:32:17.951918+00:00,train,1,9782,self,1.0,0,100,,
2025-11-27T00:32:17.952027+00:00,train,1,9783,self,1.0,0,92,,
2025-11-27T00:32:17.952137+00:00,train,1,9784,self,1.0,0,100,,
2025-11-27T00:32:17.952246+00:00,train,1,9785,self,1.0,0,99,,
2025-11-27T00:32:17.952355+00:00,train,1,9786,self,1.0,0,100,,
2025-11-27T00:32:17.952463+00:00,train,1,9787,self,1.0,0,94,,
2025-11-27T00:32:17.952573+00:00,train,1,9788,self,1.0,0,98,,
2025-11-27T00:32:17.952687+00:00,train,1,9789,self,1.0,0,92,,
2025-11-27T00:32:17.952796+00:00,train,1,9790,self,1.0,0,98,,
2025-11-27T00:32:17.952906+00:00,train,1,9791,self,1.0,0,97,,
2025-11-27T00:32:17.953014+00:00,train,1,9792,self,1.0,0,100,,
2025-11-27T00:32:17.953123+00:00,train,1,9793,self,1.0,0,95,,
2025-11-27T00:32:17.953231+00:00,train,1,9794,self,1.0,0,100,,
2025-11-27T00:32:17.953340+00:00,train,1,9795,self,1.0,0,85,,
2025-11-27T00:32:17.953448+00:00,train,1,9796,self,1.0,0,100,,
2025-11-27T00:32:17.953562+00:00,train,1,9797,self,1.0,0,94,,
2025-11-27T00:32:17.953671+00:00,train,1,9798,self,1.0,0,100,,
2025-11-27T00:32:17.953780+00:00,train,1,9799,self,1.0,0,99,,
2025-11-27T00:32:17.953888+00:00,train,1,9800,self,1.0,0,100,,
2025-11-27T00:32:17.953996+00:00,train,1,9801,self,1.0,0,86,,
2025-11-27T00:32:17.954105+00:00,train,1,9802,self,1.0,0,100,,
2025-11-27T00:32:17.954213+00:00,train,1,9803,self,1.0,0,96,,
2025-11-27T00:32:17.954322+00:00,train,1,9804,self,1.0,0,98,,
2025-11-27T00:32:17.954436+00:00,train,1,9805,self,1.0,0,93,,
2025-11-27T00:32:17.954544+00:00,train,1,9806,self,1.0,0,98,,
2025-11-27T00:32:17.954655+00:00,train,1,9807,self,1.0,0,95,,
2025-11-27T00:32:17.954765+00:00,train,1,9808,self,1.0,0,100,,
2025-11-27T00:32:17.954873+00:00,train,1,9809,self,1.0,0,93,,
2025-11-27T00:32:17.954982+00:00,train,1,9810,self,1.0,0,95,,
2025-11-27T00:32:17.955091+00:00,train,1,9811,self,1.0,0,95,,
2025-11-27T00:32:17.955200+00:00,train,1,9812,self,1.0,0,97,,
2025-11-27T00:32:17.955314+00:00,train,1,9813,self,1.0,0,92,,
2025-11-27T00:32:17.955423+00:00,train,1,9814,self,1.0,0,99,,
2025-11-27T00:32:17.955531+00:00,train,1,9815,self,1.0,0,92,,
2025-11-27T00:32:17.955640+00:00,train,1,9816,self,1.0,0,94,,
2025-11-27T00:32:17.955748+00:00,train,1,9817,self,1.0,0,92,,
2025-11-27T00:32:17.955857+00:00,train,1,9818,self,1.0,0,100,,
2025-11-27T00:32:17.955965+00:00,train,1,9819,self,1.0,0,98,,
2025-11-27T00:32:17.956074+00:00,train,1,9820,self,1.0,0,99,,
2025-11-27T00:32:17.956188+00:00,train,1,9821,self,1.0,0,94,,
2025-11-27T00:32:17.956296+00:00,train,1,9822,self,1.0,0,100,,
2025-11-27T00:32:17.956405+00:00,train,1,9823,self,1.0,0,91,,
2025-11-27T00:32:17.956545+00:00,train,1,9824,self,1.0,0,100,,
2025-11-27T00:32:17.956673+00:00,train,1,9825,self,1.0,0,94,,
2025-11-27T00:32:17.956782+00:00,train,1,9826,self,1.0,0,99,,
2025-11-27T00:32:17.956891+00:00,train,1,9827,self,1.0,0,98,,
2025-11-27T00:32:17.957000+00:00,train,1,9828,self,1.0,0,99,,
2025-11-27T00:32:17.957114+00:00,train,1,9829,self,1.0,0,98,,
2025-11-27T00:32:17.957222+00:00,train,1,9830,self,1.0,0,99,,
2025-11-27T00:32:17.957330+00:00,train,1,9831,self,1.0,0,99,,
2025-11-27T00:32:17.957439+00:00,train,1,9832,self,1.0,0,99,,
2025-11-27T00:32:17.957547+00:00,train,1,9833,self,1.0,0,98,,
2025-11-27T00:32:17.957656+00:00,train,1,9834,self,1.0,0,99,,
2025-11-27T00:32:17.957766+00:00,train,1,9835,self,1.0,0,96,,
2025-11-27T00:32:17.957875+00:00,train,1,9836,self,1.0,0,100,,
2025-11-27T00:32:17.957990+00:00,train,1,9837,self,1.0,0,96,,
2025-11-27T00:32:17.958099+00:00,train,1,9838,self,1.0,0,98,,
2025-11-27T00:32:17.958208+00:00,train,1,9839,self,1.0,0,95,,
2025-11-27T00:32:17.958317+00:00,train,1,9840,self,1.0,0,100,,
2025-11-27T00:32:17.958425+00:00,train,1,9841,self,1.0,0,94,,
2025-11-27T00:32:17.958534+00:00,train,1,9842,self,1.0,0,98,,
2025-11-27T00:32:17.958643+00:00,train,1,9843,self,1.0,0,89,,
2025-11-27T00:32:17.958752+00:00,train,1,9844,self,1.0,0,97,,
2025-11-27T00:32:17.958865+00:00,train,1,9845,self,1.0,0,93,,
2025-11-27T00:32:17.958976+00:00,train,1,9846,self,1.0,0,99,,
2025-11-27T00:32:17.959086+00:00,train,1,9847,self,1.0,0,97,,
2025-11-27T00:32:17.959194+00:00,train,1,9848,self,1.0,0,100,,
2025-11-27T00:32:17.959303+00:00,train,1,9849,self,1.0,0,92,,
2025-11-27T00:32:17.959412+00:00,train,1,9850,self,1.0,0,99,,
2025-11-27T00:32:17.959524+00:00,train,1,9851,self,1.0,0,95,,
2025-11-27T00:32:17.959633+00:00,train,1,9852,self,1.0,0,99,,
2025-11-27T00:32:17.959747+00:00,train,1,9853,self,1.0,0,89,,
2025-11-27T00:32:17.959855+00:00,train,1,9854,self,1.0,0,93,,
2025-11-27T00:32:17.959964+00:00,train,1,9855,self,1.0,0,90,,
2025-11-27T00:32:17.960072+00:00,train,1,9856,self,1.0,0,97,,
2025-11-27T00:32:17.960181+00:00,train,1,9857,self,1.0,0,100,,
2025-11-27T00:32:17.960290+00:00,train,1,9858,self,1.0,0,100,,
2025-11-27T00:32:17.960398+00:00,train,1,9859,self,1.0,0,98,,
2025-11-27T00:32:17.960507+00:00,train,1,9860,self,1.0,0,99,,
2025-11-27T00:32:17.960621+00:00,train,1,9861,self,1.0,0,92,,
2025-11-27T00:32:17.960730+00:00,train,1,9862,self,1.0,0,96,,
2025-11-27T00:32:17.960839+00:00,train,1,9863,self,1.0,0,87,,
2025-11-27T00:32:17.960948+00:00,train,1,9864,self,1.0,0,88,,
2025-11-27T00:32:17.961056+00:00,train,1,9865,self,1.0,0,88,,
2025-11-27T00:32:17.961164+00:00,train,1,9866,self,1.0,0,99,,
2025-11-27T00:32:17.961273+00:00,train,1,9867,self,1.0,0,87,,
2025-11-27T00:32:17.961382+00:00,train,1,9868,self,1.0,0,98,,
2025-11-27T00:32:17.961496+00:00,train,1,9869,self,1.0,0,90,,
2025-11-27T00:32:17.961604+00:00,train,1,9870,self,1.0,0,96,,
2025-11-27T00:32:17.961713+00:00,train,1,9871,self,1.0,0,94,,
2025-11-27T00:32:17.961823+00:00,train,1,9872,self,1.0,0,95,,
2025-11-27T00:32:17.961932+00:00,train,1,9873,self,1.0,0,84,,
2025-11-27T00:32:17.962041+00:00,train,1,9874,self,1.0,0,99,,
2025-11-27T00:32:17.962149+00:00,train,1,9875,self,1.0,0,90,,
2025-11-27T00:32:17.962258+00:00,train,1,9876,self,1.0,0,95,,
2025-11-27T00:32:17.962372+00:00,train,1,9877,self,1.0,0,95,,
2025-11-27T00:32:17.962480+00:00,train,1,9878,self,1.0,0,98,,
2025-11-27T00:32:17.962588+00:00,train,1,9879,self,1.0,0,89,,
2025-11-27T00:32:17.962697+00:00,train,1,9880,self,1.0,0,99,,
2025-11-27T00:32:17.962806+00:00,train,1,9881,self,1.0,0,97,,
2025-11-27T00:32:17.962914+00:00,train,1,9882,self,1.0,0,100,,
2025-11-27T00:32:17.963023+00:00,train,1,9883,self,1.0,0,94,,
2025-11-27T00:32:17.963132+00:00,train,1,9884,self,1.0,0,97,,
2025-11-27T00:32:17.963246+00:00,train,1,9885,self,1.0,0,97,,
2025-11-27T00:32:17.963354+00:00,train,1,9886,self,1.0,0,100,,
2025-11-27T00:32:17.963463+00:00,train,1,9887,self,1.0,0,93,,
2025-11-27T00:32:17.963571+00:00,train,1,9888,self,1.0,0,99,,
2025-11-27T00:32:17.963680+00:00,train,1,9889,self,1.0,0,88,,
2025-11-27T00:32:17.963789+00:00,train,1,9890,self,1.0,0,93,,
2025-11-27T00:32:17.963898+00:00,train,1,9891,self,1.0,0,92,,
2025-11-27T00:32:17.964007+00:00,train,1,9892,self,1.0,0,93,,
2025-11-27T00:32:17.964122+00:00,train,1,9893,self,1.0,0,96,,
2025-11-27T00:32:17.964230+00:00,train,1,9894,self,1.0,0,97,,
2025-11-27T00:32:17.964338+00:00,train,1,9895,self,1.0,0,94,,
2025-11-27T00:32:17.964446+00:00,train,1,9896,self,1.0,0,97,,
2025-11-27T00:32:17.964555+00:00,train,1,9897,self,1.0,0,94,,
2025-11-27T00:32:17.964664+00:00,train,1,9898,self,1.0,0,100,,
2025-11-27T00:32:17.964773+00:00,train,1,9899,self,1.0,0,97,,
2025-11-27T00:32:17.964881+00:00,train,1,9900,self,1.0,0,99,,
2025-11-27T00:32:17.964995+00:00,train,1,9901,self,1.0,0,90,,
2025-11-27T00:32:17.965103+00:00,train,1,9902,self,1.0,0,96,,
2025-11-27T00:32:17.965212+00:00,train,1,9903,self,1.0,0,100,,
2025-11-27T00:32:17.965321+00:00,train,1,9904,self,1.0,0,100,,
2025-11-27T00:32:17.965433+00:00,train,1,9905,self,1.0,0,94,,
2025-11-27T00:32:17.965543+00:00,train,1,9906,self,1.0,0,96,,
2025-11-27T00:32:17.965651+00:00,train,1,9907,self,1.0,0,89,,
2025-11-27T00:32:17.965759+00:00,train,1,9908,self,1.0,0,95,,
2025-11-27T00:32:17.965873+00:00,train,1,9909,self,1.0,0,85,,
2025-11-27T00:32:17.965982+00:00,train,1,9910,self,1.0,0,94,,
2025-11-27T00:32:17.966090+00:00,train,1,9911,self,1.0,0,97,,
2025-11-27T00:32:17.966199+00:00,train,1,9912,self,1.0,0,100,,
2025-11-27T00:32:17.966307+00:00,train,1,9913,self,1.0,0,99,,
2025-11-27T00:32:17.966416+00:00,train,1,9914,self,1.0,0,100,,
2025-11-27T00:32:17.966524+00:00,train,1,9915,self,1.0,0,92,,
2025-11-27T00:32:17.966633+00:00,train,1,9916,self,1.0,0,99,,
2025-11-27T00:32:17.966747+00:00,train,1,9917,self,1.0,0,96,,
2025-11-27T00:32:17.966855+00:00,train,1,9918,self,1.0,0,99,,
2025-11-27T00:32:17.966964+00:00,train,1,9919,self,1.0,0,100,,
2025-11-27T00:32:17.967073+00:00,train,1,9920,self,1.0,0,100,,
2025-11-27T00:32:17.967181+00:00,train,1,9921,self,1.0,0,95,,
2025-11-27T00:32:17.967400+00:00,train,1,9922,self,1.0,0,97,,
2025-11-27T00:32:17.967542+00:00,train,1,9923,self,1.0,0,94,,
2025-11-27T00:32:17.967673+00:00,train,1,9924,self,1.0,0,98,,
2025-11-27T00:32:17.967838+00:00,train,1,9925,self,1.0,0,96,,
2025-11-27T00:32:17.967954+00:00,train,1,9926,self,1.0,0,98,,
2025-11-27T00:32:17.968069+00:00,train,1,9927,self,1.0,0,94,,
2025-11-27T00:32:17.968182+00:00,train,1,9928,self,1.0,0,100,,
2025-11-27T00:32:17.968295+00:00,train,1,9929,self,1.0,0,96,,
2025-11-27T00:32:17.968408+00:00,train,1,9930,self,1.0,0,100,,
2025-11-27T00:32:17.968522+00:00,train,1,9931,self,1.0,0,100,,
2025-11-27T00:32:17.968643+00:00,train,1,9932,self,1.0,0,100,,
2025-11-27T00:32:17.968754+00:00,train,1,9933,self,1.0,0,99,,
2025-11-27T00:32:17.968867+00:00,train,1,9934,self,1.0,0,100,,
2025-11-27T00:32:17.968978+00:00,train,1,9935,self,1.0,0,93,,
2025-11-27T00:32:17.969092+00:00,train,1,9936,self,1.0,0,99,,
2025-11-27T00:32:17.969206+00:00,train,1,9937,self,1.0,0,88,,
2025-11-27T00:32:17.969318+00:00,train,1,9938,self,1.0,0,95,,
2025-11-27T00:32:17.969428+00:00,train,1,9939,self,1.0,0,98,,
2025-11-27T00:32:17.969544+00:00,train,1,9940,self,1.0,0,100,,
2025-11-27T00:32:17.969655+00:00,train,1,9941,self,1.0,0,91,,
2025-11-27T00:32:17.969765+00:00,train,1,9942,self,1.0,0,97,,
2025-11-27T00:32:17.969876+00:00,train,1,9943,self,1.0,0,99,,
2025-11-27T00:32:17.969987+00:00,train,1,9944,self,1.0,0,100,,
2025-11-27T00:32:17.970098+00:00,train,1,9945,self,1.0,0,79,,
2025-11-27T00:32:17.970208+00:00,train,1,9946,self,1.0,0,91,,
2025-11-27T00:32:17.970318+00:00,train,1,9947,self,1.0,0,85,,
2025-11-27T00:32:17.970434+00:00,train,1,9948,self,1.0,0,97,,
2025-11-27T00:32:17.970544+00:00,train,1,9949,self,1.0,0,84,,
2025-11-27T00:32:17.970654+00:00,train,1,9950,self,1.0,0,99,,
2025-11-27T00:32:17.970764+00:00,train,1,9951,self,1.0,0,99,,
2025-11-27T00:32:17.970874+00:00,train,1,9952,self,1.0,0,99,,
2025-11-27T00:32:17.970985+00:00,train,1,9953,self,1.0,0,96,,
2025-11-27T00:32:17.971095+00:00,train,1,9954,self,1.0,0,98,,
2025-11-27T00:32:17.971206+00:00,train,1,9955,self,1.0,0,99,,
2025-11-27T00:32:17.971322+00:00,train,1,9956,self,1.0,0,99,,
2025-11-27T00:32:17.971432+00:00,train,1,9957,self,1.0,0,95,,
2025-11-27T00:32:17.971542+00:00,train,1,9958,self,1.0,0,100,,
2025-11-27T00:32:17.971653+00:00,train,1,9959,self,1.0,0,91,,
2025-11-27T00:32:17.971763+00:00,train,1,9960,self,1.0,0,95,,
2025-11-27T00:32:17.971873+00:00,train,1,9961,self,1.0,0,98,,
2025-11-27T00:32:17.971983+00:00,train,1,9962,self,1.0,0,100,,
2025-11-27T00:32:17.972094+00:00,train,1,9963,self,1.0,0,99,,
2025-11-27T00:32:17.972209+00:00,train,1,9964,self,1.0,0,100,,
2025-11-27T00:32:17.972320+00:00,train,1,9965,self,1.0,0,98,,
2025-11-27T00:32:17.972430+00:00,train,1,9966,self,1.0,0,100,,
2025-11-27T00:32:17.972540+00:00,train,1,9967,self,1.0,0,100,,
2025-11-27T00:32:17.972649+00:00,train,1,9968,self,1.0,0,100,,
2025-11-27T00:32:17.972760+00:00,train,1,9969,self,1.0,0,98,,
2025-11-27T00:32:17.972870+00:00,train,1,9970,self,1.0,0,99,,
2025-11-27T00:32:17.972981+00:00,train,1,9971,self,1.0,0,99,,
2025-11-27T00:32:17.973096+00:00,train,1,9972,self,1.0,0,100,,
2025-11-27T00:32:17.973206+00:00,train,1,9973,self,1.0,0,87,,
2025-11-27T00:32:17.973316+00:00,train,1,9974,self,1.0,0,96,,
2025-11-27T00:32:17.973426+00:00,train,1,9975,self,1.0,0,95,,
2025-11-27T00:32:17.973536+00:00,train,1,9976,self,1.0,0,98,,
2025-11-27T00:32:17.973647+00:00,train,1,9977,self,1.0,0,80,,
2025-11-27T00:32:17.973757+00:00,train,1,9978,self,1.0,0,97,,
2025-11-27T00:32:17.973867+00:00,train,1,9979,self,1.0,0,96,,
2025-11-27T00:32:17.973982+00:00,train,1,9980,self,1.0,0,100,,
2025-11-27T00:32:17.974093+00:00,train,1,9981,self,1.0,0,97,,
2025-11-27T00:32:17.974202+00:00,train,1,9982,self,1.0,0,99,,
2025-11-27T00:32:17.974312+00:00,train,1,9983,self,1.0,0,68,,
2025-11-27T00:32:17.974422+00:00,train,1,9984,self,1.0,0,100,,
2025-11-27T00:32:17.974531+00:00,train,1,9985,self,1.0,0,92,,
2025-11-27T00:32:17.974642+00:00,train,1,9986,self,1.0,0,100,,
2025-11-27T00:32:17.974751+00:00,train,1,9987,self,1.0,0,93,,
2025-11-27T00:32:17.974866+00:00,train,1,9988,self,1.0,0,98,,
2025-11-27T00:32:17.974976+00:00,train,1,9989,self,1.0,0,92,,
2025-11-27T00:32:17.975086+00:00,train,1,9990,self,1.0,0,97,,
2025-11-27T00:32:17.975196+00:00,train,1,9991,self,1.0,0,98,,
2025-11-27T00:32:17.975306+00:00,train,1,9992,self,1.0,0,99,,
2025-11-27T00:32:17.975416+00:00,train,1,9993,self,1.0,0,96,,
2025-11-27T00:32:17.975526+00:00,train,1,9994,self,1.0,0,97,,
2025-11-27T00:32:17.975637+00:00,train,1,9995,self,1.0,0,94,,
2025-11-27T00:32:17.975752+00:00,train,1,9996,self,1.0,0,100,,
2025-11-27T00:32:17.975862+00:00,train,1,9997,self,1.0,0,80,,
2025-11-27T00:32:17.975972+00:00,train,1,9998,self,1.0,0,100,,
2025-11-27T00:32:17.976082+00:00,train,1,9999,self,1.0,0,94,,
2025-11-27T00:32:17.976192+00:00,train,1,10000,self,1.0,0,100,,
2025-11-27T00:32:48.176267+00:00,train,1,10000,self,0.7625000000001094,,,,
