timestamp,phase,round,episode,opponent,epsilon,outcome,p1_moves,p2_moves
2025-11-27T08:56:53.569004+00:00,run_start,0,0,,1.0,,,
2025-11-27T08:57:04.772680+00:00,train,1,1,self,1.0,0,92,
2025-11-27T08:57:04.772939+00:00,train,1,2,self,1.0,0,100,
2025-11-27T08:57:04.773424+00:00,train,1,3,self,1.0,0,93,
2025-11-27T08:57:04.773600+00:00,train,1,4,self,1.0,0,100,
2025-11-27T08:57:04.773760+00:00,train,1,5,self,1.0,0,95,
2025-11-27T08:57:04.773914+00:00,train,1,6,self,1.0,0,99,
2025-11-27T08:57:04.774067+00:00,train,1,7,self,1.0,0,95,
2025-11-27T08:57:04.774214+00:00,train,1,8,self,1.0,0,100,
2025-11-27T08:57:04.774361+00:00,train,1,9,self,1.0,0,88,
2025-11-27T08:57:04.774508+00:00,train,1,10,self,1.0,0,93,
2025-11-27T08:57:04.774655+00:00,train,1,11,self,1.0,0,94,
2025-11-27T08:57:04.774801+00:00,train,1,12,self,1.0,0,100,
2025-11-27T08:57:04.774945+00:00,train,1,13,self,1.0,0,93,
2025-11-27T08:57:04.775090+00:00,train,1,14,self,1.0,0,95,
2025-11-27T08:57:04.775235+00:00,train,1,15,self,1.0,0,88,
2025-11-27T08:57:04.775381+00:00,train,1,16,self,1.0,0,95,
2025-11-27T08:57:04.775525+00:00,train,1,17,self,1.0,0,96,
2025-11-27T08:57:04.775670+00:00,train,1,18,self,1.0,0,98,
2025-11-27T08:57:04.775817+00:00,train,1,19,self,1.0,0,93,
2025-11-27T08:57:04.775963+00:00,train,1,20,self,1.0,0,99,
2025-11-27T08:57:04.776116+00:00,train,1,21,self,1.0,0,90,
2025-11-27T08:57:04.776268+00:00,train,1,22,self,1.0,0,99,
2025-11-27T08:57:04.776415+00:00,train,1,23,self,1.0,0,95,
2025-11-27T08:57:04.776561+00:00,train,1,24,self,1.0,0,98,
2025-11-27T08:57:04.776708+00:00,train,1,25,self,1.0,0,97,
2025-11-27T08:57:04.776855+00:00,train,1,26,self,1.0,0,100,
2025-11-27T08:57:04.777001+00:00,train,1,27,self,1.0,0,100,
2025-11-27T08:57:04.777160+00:00,train,1,28,self,1.0,0,100,
2025-11-27T08:57:04.777301+00:00,train,1,29,self,1.0,0,98,
2025-11-27T08:57:04.777442+00:00,train,1,30,self,1.0,0,99,
2025-11-27T08:57:04.777582+00:00,train,1,31,self,1.0,0,93,
2025-11-27T08:57:04.777723+00:00,train,1,32,self,1.0,0,99,
2025-11-27T08:57:04.777869+00:00,train,1,33,self,1.0,0,87,
2025-11-27T08:57:04.778011+00:00,train,1,34,self,1.0,0,92,
2025-11-27T08:57:04.778158+00:00,train,1,35,self,1.0,0,94,
2025-11-27T08:57:04.778299+00:00,train,1,36,self,1.0,0,100,
2025-11-27T08:57:04.778441+00:00,train,1,37,self,1.0,0,86,
2025-11-27T08:57:04.778582+00:00,train,1,38,self,1.0,0,90,
2025-11-27T08:57:04.778723+00:00,train,1,39,self,1.0,0,80,
2025-11-27T08:57:04.778863+00:00,train,1,40,self,1.0,0,90,
2025-11-27T08:57:04.779004+00:00,train,1,41,self,1.0,0,91,
2025-11-27T08:57:04.779144+00:00,train,1,42,self,1.0,0,98,
2025-11-27T08:57:04.779285+00:00,train,1,43,self,1.0,0,83,
2025-11-27T08:57:04.779425+00:00,train,1,44,self,1.0,0,93,
2025-11-27T08:57:04.779566+00:00,train,1,45,self,1.0,0,100,
2025-11-27T08:57:04.779707+00:00,train,1,46,self,1.0,0,100,
2025-11-27T08:57:04.779847+00:00,train,1,47,self,1.0,0,99,
2025-11-27T08:57:04.779988+00:00,train,1,48,self,1.0,0,99,
2025-11-27T08:57:04.780128+00:00,train,1,49,self,1.0,0,99,
2025-11-27T08:57:04.780269+00:00,train,1,50,self,1.0,0,100,
2025-11-27T08:57:04.780411+00:00,train,1,51,self,1.0,0,91,
2025-11-27T08:57:04.780554+00:00,train,1,52,self,1.0,0,98,
2025-11-27T08:57:04.780696+00:00,train,1,53,self,1.0,0,91,
2025-11-27T08:57:04.780838+00:00,train,1,54,self,1.0,0,100,
2025-11-27T08:57:04.780979+00:00,train,1,55,self,1.0,0,96,
2025-11-27T08:57:04.781120+00:00,train,1,56,self,1.0,0,99,
2025-11-27T08:57:04.781261+00:00,train,1,57,self,1.0,0,97,
2025-11-27T08:57:04.781403+00:00,train,1,58,self,1.0,0,98,
2025-11-27T08:57:04.781544+00:00,train,1,59,self,1.0,0,91,
2025-11-27T08:57:04.781687+00:00,train,1,60,self,1.0,0,95,
2025-11-27T08:57:04.781829+00:00,train,1,61,self,1.0,0,71,
2025-11-27T08:57:04.781969+00:00,train,1,62,self,1.0,0,94,
2025-11-27T08:57:04.782109+00:00,train,1,63,self,1.0,0,94,
2025-11-27T08:57:04.782249+00:00,train,1,64,self,1.0,0,98,
2025-11-27T08:57:04.782388+00:00,train,1,65,self,1.0,0,97,
2025-11-27T08:57:04.782532+00:00,train,1,66,self,1.0,0,99,
2025-11-27T08:57:04.782674+00:00,train,1,67,self,1.0,0,99,
2025-11-27T08:57:04.782948+00:00,train,1,68,self,1.0,0,99,
2025-11-27T08:57:04.783152+00:00,train,1,69,self,1.0,0,92,
2025-11-27T08:57:04.783334+00:00,train,1,70,self,1.0,0,100,
2025-11-27T08:57:04.783489+00:00,train,1,71,self,1.0,0,98,
2025-11-27T08:57:04.783636+00:00,train,1,72,self,1.0,0,100,
2025-11-27T08:57:04.783781+00:00,train,1,73,self,1.0,0,85,
2025-11-27T08:57:04.783921+00:00,train,1,74,self,1.0,0,100,
2025-11-27T08:57:04.784063+00:00,train,1,75,self,1.0,0,97,
2025-11-27T08:57:04.784201+00:00,train,1,76,self,1.0,0,98,
2025-11-27T08:57:04.784340+00:00,train,1,77,self,1.0,0,100,
2025-11-27T08:57:04.784478+00:00,train,1,78,self,1.0,0,100,
2025-11-27T08:57:04.784615+00:00,train,1,79,self,1.0,0,100,
2025-11-27T08:57:04.784752+00:00,train,1,80,self,1.0,0,100,
2025-11-27T08:57:04.784890+00:00,train,1,81,self,1.0,0,98,
2025-11-27T08:57:04.785027+00:00,train,1,82,self,1.0,0,99,
2025-11-27T08:57:04.785164+00:00,train,1,83,self,1.0,0,99,
2025-11-27T08:57:04.785300+00:00,train,1,84,self,1.0,0,100,
2025-11-27T08:57:04.785436+00:00,train,1,85,self,1.0,0,87,
2025-11-27T08:57:04.785573+00:00,train,1,86,self,1.0,0,99,
2025-11-27T08:57:04.785711+00:00,train,1,87,self,1.0,0,86,
2025-11-27T08:57:04.785849+00:00,train,1,88,self,1.0,0,97,
2025-11-27T08:57:04.785985+00:00,train,1,89,self,1.0,0,97,
2025-11-27T08:57:04.786121+00:00,train,1,90,self,1.0,0,100,
2025-11-27T08:57:04.786256+00:00,train,1,91,self,1.0,0,95,
2025-11-27T08:57:04.786393+00:00,train,1,92,self,1.0,0,100,
2025-11-27T08:57:04.786528+00:00,train,1,93,self,1.0,0,96,
2025-11-27T08:57:04.786662+00:00,train,1,94,self,1.0,0,99,
2025-11-27T08:57:04.786798+00:00,train,1,95,self,1.0,0,84,
2025-11-27T08:57:04.786932+00:00,train,1,96,self,1.0,0,85,
2025-11-27T08:57:04.787066+00:00,train,1,97,self,1.0,0,97,
2025-11-27T08:57:04.787202+00:00,train,1,98,self,1.0,0,100,
2025-11-27T08:57:04.787337+00:00,train,1,99,self,1.0,0,93,
2025-11-27T08:57:04.787473+00:00,train,1,100,self,1.0,0,99,
2025-11-27T08:57:04.787608+00:00,train,1,101,self,1.0,0,95,
2025-11-27T08:57:04.787742+00:00,train,1,102,self,1.0,0,99,
2025-11-27T08:57:04.787877+00:00,train,1,103,self,1.0,0,79,
2025-11-27T08:57:04.788012+00:00,train,1,104,self,1.0,0,95,
2025-11-27T08:57:04.788149+00:00,train,1,105,self,1.0,0,96,
2025-11-27T08:57:04.788286+00:00,train,1,106,self,1.0,0,98,
2025-11-27T08:57:04.788422+00:00,train,1,107,self,1.0,0,97,
2025-11-27T08:57:04.788558+00:00,train,1,108,self,1.0,0,100,
2025-11-27T08:57:04.788694+00:00,train,1,109,self,1.0,0,91,
2025-11-27T08:57:04.788828+00:00,train,1,110,self,1.0,0,100,
2025-11-27T08:57:04.788965+00:00,train,1,111,self,1.0,0,95,
2025-11-27T08:57:04.789101+00:00,train,1,112,self,1.0,0,100,
2025-11-27T08:57:04.789237+00:00,train,1,113,self,1.0,0,96,
2025-11-27T08:57:04.789374+00:00,train,1,114,self,1.0,0,100,
2025-11-27T08:57:04.789510+00:00,train,1,115,self,1.0,0,88,
2025-11-27T08:57:04.789647+00:00,train,1,116,self,1.0,0,96,
2025-11-27T08:57:04.789783+00:00,train,1,117,self,1.0,0,89,
2025-11-27T08:57:04.789920+00:00,train,1,118,self,1.0,0,96,
2025-11-27T08:57:04.790058+00:00,train,1,119,self,1.0,0,91,
2025-11-27T08:57:04.790194+00:00,train,1,120,self,1.0,0,94,
2025-11-27T08:57:04.790332+00:00,train,1,121,self,1.0,0,94,
2025-11-27T08:57:04.790469+00:00,train,1,122,self,1.0,0,99,
2025-11-27T08:57:04.790606+00:00,train,1,123,self,1.0,0,92,
2025-11-27T08:57:04.790742+00:00,train,1,124,self,1.0,0,100,
2025-11-27T08:57:04.790880+00:00,train,1,125,self,1.0,0,94,
2025-11-27T08:57:04.791018+00:00,train,1,126,self,1.0,0,99,
2025-11-27T08:57:04.791154+00:00,train,1,127,self,1.0,0,83,
2025-11-27T08:57:04.791291+00:00,train,1,128,self,1.0,0,95,
2025-11-27T08:57:04.791428+00:00,train,1,129,self,1.0,0,84,
2025-11-27T08:57:04.791565+00:00,train,1,130,self,1.0,0,100,
2025-11-27T08:57:04.791700+00:00,train,1,131,self,1.0,0,81,
2025-11-27T08:57:04.791837+00:00,train,1,132,self,1.0,0,97,
2025-11-27T08:57:04.791973+00:00,train,1,133,self,1.0,0,88,
2025-11-27T08:57:04.792110+00:00,train,1,134,self,1.0,0,95,
2025-11-27T08:57:04.792311+00:00,train,1,135,self,1.0,0,94,
2025-11-27T08:57:04.792453+00:00,train,1,136,self,1.0,0,98,
2025-11-27T08:57:04.792591+00:00,train,1,137,self,1.0,0,94,
2025-11-27T08:57:04.792729+00:00,train,1,138,self,1.0,0,100,
2025-11-27T08:57:04.792868+00:00,train,1,139,self,1.0,0,95,
2025-11-27T08:57:04.793006+00:00,train,1,140,self,1.0,0,100,
2025-11-27T08:57:04.793148+00:00,train,1,141,self,1.0,0,89,
2025-11-27T08:57:04.793288+00:00,train,1,142,self,1.0,0,96,
2025-11-27T08:57:04.793425+00:00,train,1,143,self,1.0,0,95,
2025-11-27T08:57:04.793631+00:00,train,1,144,self,1.0,0,97,
2025-11-27T08:57:04.793818+00:00,train,1,145,self,1.0,0,91,
2025-11-27T08:57:04.793969+00:00,train,1,146,self,1.0,0,98,
2025-11-27T08:57:04.794113+00:00,train,1,147,self,1.0,0,93,
2025-11-27T08:57:04.794262+00:00,train,1,148,self,1.0,0,99,
2025-11-27T08:57:04.794399+00:00,train,1,149,self,1.0,0,99,
2025-11-27T08:57:04.794540+00:00,train,1,150,self,1.0,0,100,
2025-11-27T08:57:04.794677+00:00,train,1,151,self,1.0,0,88,
2025-11-27T08:57:04.794811+00:00,train,1,152,self,1.0,0,100,
2025-11-27T08:57:04.794963+00:00,train,1,153,self,1.0,0,90,
2025-11-27T08:57:04.795099+00:00,train,1,154,self,1.0,0,94,
2025-11-27T08:57:04.795232+00:00,train,1,155,self,1.0,0,98,
2025-11-27T08:57:04.795363+00:00,train,1,156,self,1.0,0,100,
2025-11-27T08:57:04.795496+00:00,train,1,157,self,1.0,0,98,
2025-11-27T08:57:04.795628+00:00,train,1,158,self,1.0,0,100,
2025-11-27T08:57:04.795759+00:00,train,1,159,self,1.0,0,89,
2025-11-27T08:57:04.795891+00:00,train,1,160,self,1.0,0,93,
2025-11-27T08:57:04.796023+00:00,train,1,161,self,1.0,0,97,
2025-11-27T08:57:04.796153+00:00,train,1,162,self,1.0,0,100,
2025-11-27T08:57:04.796285+00:00,train,1,163,self,1.0,0,96,
2025-11-27T08:57:04.796417+00:00,train,1,164,self,1.0,0,99,
2025-11-27T08:57:04.796548+00:00,train,1,165,self,1.0,0,96,
2025-11-27T08:57:04.796680+00:00,train,1,166,self,1.0,0,100,
2025-11-27T08:57:04.796812+00:00,train,1,167,self,1.0,0,92,
2025-11-27T08:57:04.796943+00:00,train,1,168,self,1.0,0,99,
2025-11-27T08:57:04.797075+00:00,train,1,169,self,1.0,0,96,
2025-11-27T08:57:04.797206+00:00,train,1,170,self,1.0,0,97,
2025-11-27T08:57:04.797339+00:00,train,1,171,self,1.0,0,97,
2025-11-27T08:57:04.797472+00:00,train,1,172,self,1.0,0,97,
2025-11-27T08:57:04.797603+00:00,train,1,173,self,1.0,0,92,
2025-11-27T08:57:04.797735+00:00,train,1,174,self,1.0,0,99,
2025-11-27T08:57:04.797866+00:00,train,1,175,self,1.0,0,83,
2025-11-27T08:57:04.797998+00:00,train,1,176,self,1.0,0,98,
2025-11-27T08:57:04.798130+00:00,train,1,177,self,1.0,0,94,
2025-11-27T08:57:04.798263+00:00,train,1,178,self,1.0,0,94,
2025-11-27T08:57:04.798395+00:00,train,1,179,self,1.0,0,87,
2025-11-27T08:57:04.798527+00:00,train,1,180,self,1.0,0,92,
2025-11-27T08:57:04.798658+00:00,train,1,181,self,1.0,0,98,
2025-11-27T08:57:04.798789+00:00,train,1,182,self,1.0,0,100,
2025-11-27T08:57:04.798920+00:00,train,1,183,self,1.0,0,93,
2025-11-27T08:57:04.799051+00:00,train,1,184,self,1.0,0,98,
2025-11-27T08:57:04.799183+00:00,train,1,185,self,1.0,0,87,
2025-11-27T08:57:04.799314+00:00,train,1,186,self,1.0,0,98,
2025-11-27T08:57:04.799445+00:00,train,1,187,self,1.0,0,91,
2025-11-27T08:57:04.799577+00:00,train,1,188,self,1.0,0,98,
2025-11-27T08:57:04.799708+00:00,train,1,189,self,1.0,0,99,
2025-11-27T08:57:04.799840+00:00,train,1,190,self,1.0,0,99,
2025-11-27T08:57:04.799972+00:00,train,1,191,self,1.0,0,96,
2025-11-27T08:57:04.800103+00:00,train,1,192,self,1.0,0,98,
2025-11-27T08:57:04.800234+00:00,train,1,193,self,1.0,0,90,
2025-11-27T08:57:04.800366+00:00,train,1,194,self,1.0,0,98,
2025-11-27T08:57:04.800498+00:00,train,1,195,self,1.0,0,95,
2025-11-27T08:57:04.800630+00:00,train,1,196,self,1.0,0,99,
2025-11-27T08:57:04.800762+00:00,train,1,197,self,1.0,0,86,
2025-11-27T08:57:04.800895+00:00,train,1,198,self,1.0,0,99,
2025-11-27T08:57:04.801041+00:00,train,1,199,self,1.0,0,96,
2025-11-27T08:57:04.801169+00:00,train,1,200,self,1.0,0,97,
2025-11-27T08:57:04.801296+00:00,train,1,201,self,1.0,0,94,
2025-11-27T08:57:04.801499+00:00,train,1,202,self,1.0,0,99,
2025-11-27T08:57:04.801631+00:00,train,1,203,self,1.0,0,94,
2025-11-27T08:57:04.801760+00:00,train,1,204,self,1.0,0,95,
2025-11-27T08:57:04.801888+00:00,train,1,205,self,1.0,0,100,
2025-11-27T08:57:04.802016+00:00,train,1,206,self,1.0,0,100,
2025-11-27T08:57:04.802144+00:00,train,1,207,self,1.0,0,93,
2025-11-27T08:57:04.802272+00:00,train,1,208,self,1.0,0,99,
2025-11-27T08:57:04.802400+00:00,train,1,209,self,1.0,0,96,
2025-11-27T08:57:04.802529+00:00,train,1,210,self,1.0,0,99,
2025-11-27T08:57:04.802656+00:00,train,1,211,self,1.0,0,96,
2025-11-27T08:57:04.802784+00:00,train,1,212,self,1.0,0,98,
2025-11-27T08:57:04.802911+00:00,train,1,213,self,1.0,0,90,
2025-11-27T08:57:04.803039+00:00,train,1,214,self,1.0,0,96,
2025-11-27T08:57:04.803167+00:00,train,1,215,self,1.0,0,98,
2025-11-27T08:57:04.803299+00:00,train,1,216,self,1.0,0,99,
2025-11-27T08:57:04.803427+00:00,train,1,217,self,1.0,0,100,
2025-11-27T08:57:04.803555+00:00,train,1,218,self,1.0,0,100,
2025-11-27T08:57:04.803687+00:00,train,1,219,self,1.0,0,97,
2025-11-27T08:57:04.803815+00:00,train,1,220,self,1.0,0,100,
2025-11-27T08:57:04.803949+00:00,train,1,221,self,1.0,0,85,
2025-11-27T08:57:04.804078+00:00,train,1,222,self,1.0,0,90,
2025-11-27T08:57:04.804216+00:00,train,1,223,self,1.0,0,96,
2025-11-27T08:57:04.804339+00:00,train,1,224,self,1.0,0,99,
2025-11-27T08:57:04.804462+00:00,train,1,225,self,1.0,0,89,
2025-11-27T08:57:04.804585+00:00,train,1,226,self,1.0,0,100,
2025-11-27T08:57:04.804708+00:00,train,1,227,self,1.0,0,92,
2025-11-27T08:57:04.804831+00:00,train,1,228,self,1.0,0,98,
2025-11-27T08:57:04.804954+00:00,train,1,229,self,1.0,0,100,
2025-11-27T08:57:04.805080+00:00,train,1,230,self,1.0,0,100,
2025-11-27T08:57:04.805226+00:00,train,1,231,self,1.0,0,92,
2025-11-27T08:57:04.805350+00:00,train,1,232,self,1.0,0,95,
2025-11-27T08:57:04.805474+00:00,train,1,233,self,1.0,0,81,
2025-11-27T08:57:04.805596+00:00,train,1,234,self,1.0,0,96,
2025-11-27T08:57:04.805719+00:00,train,1,235,self,1.0,0,97,
2025-11-27T08:57:04.805843+00:00,train,1,236,self,1.0,0,100,
2025-11-27T08:57:04.805966+00:00,train,1,237,self,1.0,0,83,
2025-11-27T08:57:04.806090+00:00,train,1,238,self,1.0,0,99,
2025-11-27T08:57:04.806213+00:00,train,1,239,self,1.0,0,89,
2025-11-27T08:57:04.806336+00:00,train,1,240,self,1.0,0,96,
2025-11-27T08:57:04.806460+00:00,train,1,241,self,1.0,0,94,
2025-11-27T08:57:04.806583+00:00,train,1,242,self,1.0,0,100,
2025-11-27T08:57:04.806706+00:00,train,1,243,self,1.0,0,85,
2025-11-27T08:57:04.806829+00:00,train,1,244,self,1.0,0,97,
2025-11-27T08:57:04.806952+00:00,train,1,245,self,1.0,0,95,
2025-11-27T08:57:04.807087+00:00,train,1,246,self,1.0,0,96,
2025-11-27T08:57:04.807207+00:00,train,1,247,self,1.0,0,90,
2025-11-27T08:57:04.807328+00:00,train,1,248,self,1.0,0,98,
2025-11-27T08:57:04.807448+00:00,train,1,249,self,1.0,0,97,
2025-11-27T08:57:04.807567+00:00,train,1,250,self,1.0,0,100,
2025-11-27T08:57:04.807686+00:00,train,1,251,self,1.0,0,96,
2025-11-27T08:57:04.807806+00:00,train,1,252,self,1.0,0,96,
2025-11-27T08:57:04.807926+00:00,train,1,253,self,1.0,0,91,
2025-11-27T08:57:04.808044+00:00,train,1,254,self,1.0,0,99,
2025-11-27T08:57:04.808164+00:00,train,1,255,self,1.0,0,97,
2025-11-27T08:57:04.808283+00:00,train,1,256,self,1.0,0,97,
2025-11-27T08:57:04.808403+00:00,train,1,257,self,1.0,0,93,
2025-11-27T08:57:04.808523+00:00,train,1,258,self,1.0,0,99,
2025-11-27T08:57:04.808643+00:00,train,1,259,self,1.0,0,94,
2025-11-27T08:57:04.808763+00:00,train,1,260,self,1.0,0,96,
2025-11-27T08:57:04.808882+00:00,train,1,261,self,1.0,0,95,
2025-11-27T08:57:04.809003+00:00,train,1,262,self,1.0,0,100,
2025-11-27T08:57:04.809123+00:00,train,1,263,self,1.0,0,95,
2025-11-27T08:57:04.809243+00:00,train,1,264,self,1.0,0,99,
2025-11-27T08:57:04.809362+00:00,train,1,265,self,1.0,0,93,
2025-11-27T08:57:04.809482+00:00,train,1,266,self,1.0,0,94,
2025-11-27T08:57:04.809602+00:00,train,1,267,self,1.0,0,96,
2025-11-27T08:57:04.809721+00:00,train,1,268,self,1.0,0,99,
2025-11-27T08:57:04.809902+00:00,train,1,269,self,1.0,0,97,
2025-11-27T08:57:04.810025+00:00,train,1,270,self,1.0,0,100,
2025-11-27T08:57:04.810146+00:00,train,1,271,self,1.0,0,86,
2025-11-27T08:57:04.810267+00:00,train,1,272,self,1.0,0,92,
2025-11-27T08:57:04.810387+00:00,train,1,273,self,1.0,0,87,
2025-11-27T08:57:04.810508+00:00,train,1,274,self,1.0,0,96,
2025-11-27T08:57:04.810628+00:00,train,1,275,self,1.0,0,91,
2025-11-27T08:57:04.810748+00:00,train,1,276,self,1.0,0,96,
2025-11-27T08:57:04.810869+00:00,train,1,277,self,1.0,0,92,
2025-11-27T08:57:04.810989+00:00,train,1,278,self,1.0,0,97,
2025-11-27T08:57:04.811108+00:00,train,1,279,self,1.0,0,95,
2025-11-27T08:57:04.811229+00:00,train,1,280,self,1.0,0,100,
2025-11-27T08:57:04.811349+00:00,train,1,281,self,1.0,0,84,
2025-11-27T08:57:04.811469+00:00,train,1,282,self,1.0,0,95,
2025-11-27T08:57:04.811589+00:00,train,1,283,self,1.0,0,89,
2025-11-27T08:57:04.811709+00:00,train,1,284,self,1.0,0,98,
2025-11-27T08:57:04.811828+00:00,train,1,285,self,1.0,0,96,
2025-11-27T08:57:04.811949+00:00,train,1,286,self,1.0,0,96,
2025-11-27T08:57:04.812069+00:00,train,1,287,self,1.0,0,94,
2025-11-27T08:57:04.812189+00:00,train,1,288,self,1.0,0,100,
2025-11-27T08:57:04.812309+00:00,train,1,289,self,1.0,0,82,
2025-11-27T08:57:04.812429+00:00,train,1,290,self,1.0,0,97,
2025-11-27T08:57:04.812549+00:00,train,1,291,self,1.0,0,92,
2025-11-27T08:57:04.812670+00:00,train,1,292,self,1.0,0,94,
2025-11-27T08:57:04.812789+00:00,train,1,293,self,1.0,0,89,
2025-11-27T08:57:04.812909+00:00,train,1,294,self,1.0,0,99,
2025-11-27T08:57:04.813028+00:00,train,1,295,self,1.0,0,95,
2025-11-27T08:57:04.813149+00:00,train,1,296,self,1.0,0,97,
2025-11-27T08:57:04.813269+00:00,train,1,297,self,1.0,0,94,
2025-11-27T08:57:04.813390+00:00,train,1,298,self,1.0,0,95,
2025-11-27T08:57:04.813512+00:00,train,1,299,self,1.0,0,92,
2025-11-27T08:57:04.813632+00:00,train,1,300,self,1.0,0,99,
2025-11-27T08:57:04.813752+00:00,train,1,301,self,1.0,0,96,
2025-11-27T08:57:04.813872+00:00,train,1,302,self,1.0,0,100,
2025-11-27T08:57:04.813993+00:00,train,1,303,self,1.0,0,91,
2025-11-27T08:57:04.814112+00:00,train,1,304,self,1.0,0,95,
2025-11-27T08:57:04.814232+00:00,train,1,305,self,1.0,0,98,
2025-11-27T08:57:04.814352+00:00,train,1,306,self,1.0,0,99,
2025-11-27T08:57:04.814472+00:00,train,1,307,self,1.0,0,95,
2025-11-27T08:57:04.814592+00:00,train,1,308,self,1.0,0,100,
2025-11-27T08:57:04.814712+00:00,train,1,309,self,1.0,0,97,
2025-11-27T08:57:04.814832+00:00,train,1,310,self,1.0,0,99,
2025-11-27T08:57:04.814962+00:00,train,1,311,self,1.0,0,97,
2025-11-27T08:57:04.815087+00:00,train,1,312,self,1.0,0,97,
2025-11-27T08:57:04.815208+00:00,train,1,313,self,1.0,0,93,
2025-11-27T08:57:04.815329+00:00,train,1,314,self,1.0,0,99,
2025-11-27T08:57:04.815449+00:00,train,1,315,self,1.0,0,95,
2025-11-27T08:57:04.815569+00:00,train,1,316,self,1.0,0,97,
2025-11-27T08:57:04.815689+00:00,train,1,317,self,1.0,0,91,
2025-11-27T08:57:04.815809+00:00,train,1,318,self,1.0,0,98,
2025-11-27T08:57:04.815929+00:00,train,1,319,self,1.0,0,98,
2025-11-27T08:57:04.816049+00:00,train,1,320,self,1.0,0,99,
2025-11-27T08:57:04.816170+00:00,train,1,321,self,1.0,0,84,
2025-11-27T08:57:04.816351+00:00,train,1,322,self,1.0,0,94,
2025-11-27T08:57:04.816497+00:00,train,1,323,self,1.0,0,94,
2025-11-27T08:57:04.816632+00:00,train,1,324,self,1.0,0,95,
2025-11-27T08:57:04.816762+00:00,train,1,325,self,1.0,0,95,
2025-11-27T08:57:04.816889+00:00,train,1,326,self,1.0,0,98,
2025-11-27T08:57:04.817016+00:00,train,1,327,self,1.0,0,96,
2025-11-27T08:57:04.817141+00:00,train,1,328,self,1.0,0,98,
2025-11-27T08:57:04.817270+00:00,train,1,329,self,1.0,0,94,
2025-11-27T08:57:04.817393+00:00,train,1,330,self,1.0,0,98,
2025-11-27T08:57:04.817516+00:00,train,1,331,self,1.0,0,97,
2025-11-27T08:57:04.817638+00:00,train,1,332,self,1.0,0,99,
2025-11-27T08:57:04.817761+00:00,train,1,333,self,1.0,0,95,
2025-11-27T08:57:04.817883+00:00,train,1,334,self,1.0,0,95,
2025-11-27T08:57:04.818005+00:00,train,1,335,self,1.0,0,97,
2025-11-27T08:57:04.818183+00:00,train,1,336,self,1.0,0,98,
2025-11-27T08:57:04.818308+00:00,train,1,337,self,1.0,0,86,
2025-11-27T08:57:04.818431+00:00,train,1,338,self,1.0,0,97,
2025-11-27T08:57:04.818553+00:00,train,1,339,self,1.0,0,92,
2025-11-27T08:57:04.818675+00:00,train,1,340,self,1.0,0,94,
2025-11-27T08:57:04.818797+00:00,train,1,341,self,1.0,0,96,
2025-11-27T08:57:04.818918+00:00,train,1,342,self,1.0,0,98,
2025-11-27T08:57:04.819040+00:00,train,1,343,self,1.0,0,97,
2025-11-27T08:57:04.819162+00:00,train,1,344,self,1.0,0,100,
2025-11-27T08:57:04.819283+00:00,train,1,345,self,1.0,0,96,
2025-11-27T08:57:04.819550+00:00,train,1,346,self,1.0,0,100,
2025-11-27T08:57:04.819716+00:00,train,1,347,self,1.0,0,94,
2025-11-27T08:57:04.819856+00:00,train,1,348,self,1.0,0,97,
2025-11-27T08:57:04.819988+00:00,train,1,349,self,1.0,0,98,
2025-11-27T08:57:04.820116+00:00,train,1,350,self,1.0,0,100,
2025-11-27T08:57:04.820299+00:00,train,1,351,self,1.0,0,99,
2025-11-27T08:57:04.820445+00:00,train,1,352,self,1.0,0,100,
2025-11-27T08:57:04.820578+00:00,train,1,353,self,1.0,0,97,
2025-11-27T08:57:04.820706+00:00,train,1,354,self,1.0,0,99,
2025-11-27T08:57:04.820831+00:00,train,1,355,self,1.0,0,94,
2025-11-27T08:57:04.820955+00:00,train,1,356,self,1.0,0,98,
2025-11-27T08:57:04.821077+00:00,train,1,357,self,1.0,0,98,
2025-11-27T08:57:04.821200+00:00,train,1,358,self,1.0,0,100,
2025-11-27T08:57:04.821321+00:00,train,1,359,self,1.0,0,93,
2025-11-27T08:57:04.821443+00:00,train,1,360,self,1.0,0,99,
2025-11-27T08:57:04.821564+00:00,train,1,361,self,1.0,0,96,
2025-11-27T08:57:04.821683+00:00,train,1,362,self,1.0,0,97,
2025-11-27T08:57:04.821803+00:00,train,1,363,self,1.0,0,97,
2025-11-27T08:57:04.821922+00:00,train,1,364,self,1.0,0,100,
2025-11-27T08:57:04.822042+00:00,train,1,365,self,1.0,0,90,
2025-11-27T08:57:04.822162+00:00,train,1,366,self,1.0,0,93,
2025-11-27T08:57:04.822282+00:00,train,1,367,self,1.0,0,99,
2025-11-27T08:57:04.822401+00:00,train,1,368,self,1.0,0,99,
2025-11-27T08:57:04.822521+00:00,train,1,369,self,1.0,0,84,
2025-11-27T08:57:04.822640+00:00,train,1,370,self,1.0,0,100,
2025-11-27T08:57:04.822760+00:00,train,1,371,self,1.0,0,88,
2025-11-27T08:57:04.822879+00:00,train,1,372,self,1.0,0,100,
2025-11-27T08:57:04.823012+00:00,train,1,373,self,1.0,0,98,
2025-11-27T08:57:04.823128+00:00,train,1,374,self,1.0,0,100,
2025-11-27T08:57:04.823244+00:00,train,1,375,self,1.0,0,89,
2025-11-27T08:57:04.823360+00:00,train,1,376,self,1.0,0,99,
2025-11-27T08:57:04.823476+00:00,train,1,377,self,1.0,0,93,
2025-11-27T08:57:04.823591+00:00,train,1,378,self,1.0,0,100,
2025-11-27T08:57:04.823707+00:00,train,1,379,self,1.0,0,99,
2025-11-27T08:57:04.823823+00:00,train,1,380,self,1.0,0,99,
2025-11-27T08:57:04.823938+00:00,train,1,381,self,1.0,0,95,
2025-11-27T08:57:04.824054+00:00,train,1,382,self,1.0,0,98,
2025-11-27T08:57:04.824170+00:00,train,1,383,self,1.0,0,98,
2025-11-27T08:57:04.824286+00:00,train,1,384,self,1.0,0,100,
2025-11-27T08:57:04.824401+00:00,train,1,385,self,1.0,0,98,
2025-11-27T08:57:04.824517+00:00,train,1,386,self,1.0,0,98,
2025-11-27T08:57:04.824633+00:00,train,1,387,self,1.0,0,93,
2025-11-27T08:57:04.824749+00:00,train,1,388,self,1.0,0,99,
2025-11-27T08:57:04.824864+00:00,train,1,389,self,1.0,0,97,
2025-11-27T08:57:04.824979+00:00,train,1,390,self,1.0,0,100,
2025-11-27T08:57:04.825185+00:00,train,1,391,self,1.0,0,95,
2025-11-27T08:57:04.825329+00:00,train,1,392,self,1.0,0,100,
2025-11-27T08:57:04.825467+00:00,train,1,393,self,1.0,0,99,
2025-11-27T08:57:04.825596+00:00,train,1,394,self,1.0,0,99,
2025-11-27T08:57:04.825722+00:00,train,1,395,self,1.0,0,95,
2025-11-27T08:57:04.825846+00:00,train,1,396,self,1.0,0,96,
2025-11-27T08:57:04.825969+00:00,train,1,397,self,1.0,0,88,
2025-11-27T08:57:04.826092+00:00,train,1,398,self,1.0,0,99,
2025-11-27T08:57:04.826216+00:00,train,1,399,self,1.0,0,85,
2025-11-27T08:57:04.826404+00:00,train,1,400,self,1.0,0,94,
2025-11-27T08:57:04.826563+00:00,train,1,401,self,1.0,0,99,
2025-11-27T08:57:04.826708+00:00,train,1,402,self,1.0,0,99,
2025-11-27T08:57:04.826899+00:00,train,1,403,self,1.0,0,98,
2025-11-27T08:57:04.827052+00:00,train,1,404,self,1.0,0,100,
2025-11-27T08:57:04.827183+00:00,train,1,405,self,1.0,0,89,
2025-11-27T08:57:04.827311+00:00,train,1,406,self,1.0,0,100,
2025-11-27T08:57:04.827453+00:00,train,1,407,self,1.0,0,97,
2025-11-27T08:57:04.827581+00:00,train,1,408,self,1.0,0,100,
2025-11-27T08:57:04.827721+00:00,train,1,409,self,1.0,0,88,
2025-11-27T08:57:04.827849+00:00,train,1,410,self,1.0,0,96,
2025-11-27T08:57:04.827992+00:00,train,1,411,self,1.0,0,96,
2025-11-27T08:57:04.828133+00:00,train,1,412,self,1.0,0,100,
2025-11-27T08:57:04.828256+00:00,train,1,413,self,1.0,0,90,
2025-11-27T08:57:04.828379+00:00,train,1,414,self,1.0,0,97,
2025-11-27T08:57:04.828517+00:00,train,1,415,self,1.0,0,88,
2025-11-27T08:57:04.828639+00:00,train,1,416,self,1.0,0,99,
2025-11-27T08:57:04.828761+00:00,train,1,417,self,1.0,0,96,
2025-11-27T08:57:04.828902+00:00,train,1,418,self,1.0,0,98,
2025-11-27T08:57:04.829024+00:00,train,1,419,self,1.0,0,90,
2025-11-27T08:57:04.829156+00:00,train,1,420,self,1.0,0,100,
2025-11-27T08:57:04.829274+00:00,train,1,421,self,1.0,0,90,
2025-11-27T08:57:04.829392+00:00,train,1,422,self,1.0,0,98,
2025-11-27T08:57:04.829510+00:00,train,1,423,self,1.0,0,91,
2025-11-27T08:57:04.829627+00:00,train,1,424,self,1.0,0,98,
2025-11-27T08:57:04.829746+00:00,train,1,425,self,1.0,0,95,
2025-11-27T08:57:04.829866+00:00,train,1,426,self,1.0,0,99,
2025-11-27T08:57:04.829997+00:00,train,1,427,self,1.0,0,88,
2025-11-27T08:57:04.830110+00:00,train,1,428,self,1.0,0,94,
2025-11-27T08:57:04.830225+00:00,train,1,429,self,1.0,0,97,
2025-11-27T08:57:04.830339+00:00,train,1,430,self,1.0,0,100,
2025-11-27T08:57:04.830455+00:00,train,1,431,self,1.0,0,97,
2025-11-27T08:57:04.830572+00:00,train,1,432,self,1.0,0,99,
2025-11-27T08:57:04.830688+00:00,train,1,433,self,1.0,0,91,
2025-11-27T08:57:04.830804+00:00,train,1,434,self,1.0,0,100,
2025-11-27T08:57:04.830920+00:00,train,1,435,self,1.0,0,96,
2025-11-27T08:57:04.831048+00:00,train,1,436,self,1.0,0,99,
2025-11-27T08:57:04.831161+00:00,train,1,437,self,1.0,0,86,
2025-11-27T08:57:04.831273+00:00,train,1,438,self,1.0,0,100,
2025-11-27T08:57:04.831385+00:00,train,1,439,self,1.0,0,88,
2025-11-27T08:57:04.831496+00:00,train,1,440,self,1.0,0,94,
2025-11-27T08:57:04.831608+00:00,train,1,441,self,1.0,0,91,
2025-11-27T08:57:04.831719+00:00,train,1,442,self,1.0,0,96,
2025-11-27T08:57:04.831830+00:00,train,1,443,self,1.0,0,96,
2025-11-27T08:57:04.831941+00:00,train,1,444,self,1.0,0,97,
2025-11-27T08:57:04.832053+00:00,train,1,445,self,1.0,0,88,
2025-11-27T08:57:04.832175+00:00,train,1,446,self,1.0,0,98,
2025-11-27T08:57:04.832284+00:00,train,1,447,self,1.0,0,96,
2025-11-27T08:57:04.832392+00:00,train,1,448,self,1.0,0,99,
2025-11-27T08:57:04.832500+00:00,train,1,449,self,1.0,0,96,
2025-11-27T08:57:04.832608+00:00,train,1,450,self,1.0,0,100,
2025-11-27T08:57:04.832716+00:00,train,1,451,self,1.0,0,92,
2025-11-27T08:57:04.832825+00:00,train,1,452,self,1.0,0,95,
2025-11-27T08:57:04.832934+00:00,train,1,453,self,1.0,0,95,
2025-11-27T08:57:04.833055+00:00,train,1,454,self,1.0,0,96,
2025-11-27T08:57:04.833159+00:00,train,1,455,self,1.0,0,95,
2025-11-27T08:57:04.833267+00:00,train,1,456,self,1.0,0,96,
2025-11-27T08:57:04.833373+00:00,train,1,457,self,1.0,0,92,
2025-11-27T08:57:04.833477+00:00,train,1,458,self,1.0,0,99,
2025-11-27T08:57:04.833586+00:00,train,1,459,self,1.0,0,86,
2025-11-27T08:57:04.833689+00:00,train,1,460,self,1.0,0,91,
2025-11-27T08:57:04.833798+00:00,train,1,461,self,1.0,0,82,
2025-11-27T08:57:04.833900+00:00,train,1,462,self,1.0,0,100,
2025-11-27T08:57:04.834014+00:00,train,1,463,self,1.0,0,96,
2025-11-27T08:57:04.834118+00:00,train,1,464,self,1.0,0,100,
2025-11-27T08:57:04.834228+00:00,train,1,465,self,1.0,0,95,
2025-11-27T08:57:04.834332+00:00,train,1,466,self,1.0,0,96,
2025-11-27T08:57:04.834442+00:00,train,1,467,self,1.0,0,93,
2025-11-27T08:57:04.834549+00:00,train,1,468,self,1.0,0,99,
2025-11-27T08:57:04.834652+00:00,train,1,469,self,1.0,0,97,
2025-11-27T08:57:04.834802+00:00,train,1,470,self,1.0,0,98,
2025-11-27T08:57:04.834910+00:00,train,1,471,self,1.0,0,93,
2025-11-27T08:57:04.835017+00:00,train,1,472,self,1.0,0,99,
2025-11-27T08:57:04.835121+00:00,train,1,473,self,1.0,0,83,
2025-11-27T08:57:04.835230+00:00,train,1,474,self,1.0,0,95,
2025-11-27T08:57:04.835334+00:00,train,1,475,self,1.0,0,95,
2025-11-27T08:57:04.835443+00:00,train,1,476,self,1.0,0,99,
2025-11-27T08:57:04.835547+00:00,train,1,477,self,1.0,0,99,
2025-11-27T08:57:04.835655+00:00,train,1,478,self,1.0,0,99,
2025-11-27T08:57:04.835759+00:00,train,1,479,self,1.0,0,90,
2025-11-27T08:57:04.835910+00:00,train,1,480,self,1.0,0,95,
2025-11-27T08:57:04.836043+00:00,train,1,481,self,1.0,0,94,
2025-11-27T08:57:04.836166+00:00,train,1,482,self,1.0,0,99,
2025-11-27T08:57:04.836275+00:00,train,1,483,self,1.0,0,97,
2025-11-27T08:57:04.836428+00:00,train,1,484,self,1.0,0,97,
2025-11-27T08:57:04.836559+00:00,train,1,485,self,1.0,0,84,
2025-11-27T08:57:04.836677+00:00,train,1,486,self,1.0,0,99,
2025-11-27T08:57:04.836781+00:00,train,1,487,self,1.0,0,90,
2025-11-27T08:57:04.836914+00:00,train,1,488,self,1.0,0,97,
2025-11-27T08:57:04.837014+00:00,train,1,489,self,1.0,0,89,
2025-11-27T08:57:04.837145+00:00,train,1,490,self,1.0,0,93,
2025-11-27T08:57:04.837249+00:00,train,1,491,self,1.0,0,93,
2025-11-27T08:57:04.837416+00:00,train,1,492,self,1.0,0,95,
2025-11-27T08:57:04.837539+00:00,train,1,493,self,1.0,0,100,
2025-11-27T08:57:04.837652+00:00,train,1,494,self,1.0,0,100,
2025-11-27T08:57:04.837761+00:00,train,1,495,self,1.0,0,90,
2025-11-27T08:57:04.837867+00:00,train,1,496,self,1.0,0,98,
2025-11-27T08:57:04.837970+00:00,train,1,497,self,1.0,0,95,
2025-11-27T08:57:04.838077+00:00,train,1,498,self,1.0,0,98,
2025-11-27T08:57:04.838182+00:00,train,1,499,self,1.0,0,91,
2025-11-27T08:57:04.838283+00:00,train,1,500,self,1.0,0,100,
2025-11-27T08:57:04.840561+00:00,train,1,501,self,1.0,0,99,
2025-11-27T08:57:04.840691+00:00,train,1,502,self,1.0,0,100,
2025-11-27T08:57:04.840794+00:00,train,1,503,self,1.0,0,95,
2025-11-27T08:57:04.840919+00:00,train,1,504,self,1.0,0,98,
2025-11-27T08:57:04.841020+00:00,train,1,505,self,1.0,0,97,
2025-11-27T08:57:04.841142+00:00,train,1,506,self,1.0,0,98,
2025-11-27T08:57:04.841245+00:00,train,1,507,self,1.0,0,100,
2025-11-27T08:57:04.841367+00:00,train,1,508,self,1.0,0,100,
2025-11-27T08:57:04.841468+00:00,train,1,509,self,1.0,0,92,
2025-11-27T08:57:04.841589+00:00,train,1,510,self,1.0,0,94,
2025-11-27T08:57:04.841692+00:00,train,1,511,self,1.0,0,96,
2025-11-27T08:57:04.841840+00:00,train,1,512,self,1.0,0,99,
2025-11-27T08:57:04.841947+00:00,train,1,513,self,1.0,0,86,
2025-11-27T08:57:04.842064+00:00,train,1,514,self,1.0,0,100,
2025-11-27T08:57:04.842170+00:00,train,1,515,self,1.0,0,94,
2025-11-27T08:57:04.842273+00:00,train,1,516,self,1.0,0,100,
2025-11-27T08:57:04.842382+00:00,train,1,517,self,1.0,0,96,
2025-11-27T08:57:04.842485+00:00,train,1,518,self,1.0,0,100,
2025-11-27T08:57:04.842594+00:00,train,1,519,self,1.0,0,95,
2025-11-27T08:57:04.842697+00:00,train,1,520,self,1.0,0,96,
2025-11-27T08:57:04.842806+00:00,train,1,521,self,1.0,0,82,
2025-11-27T08:57:04.842909+00:00,train,1,522,self,1.0,0,98,
2025-11-27T08:57:04.843032+00:00,train,1,523,self,1.0,0,98,
2025-11-27T08:57:04.843140+00:00,train,1,524,self,1.0,0,99,
2025-11-27T08:57:04.843249+00:00,train,1,525,self,1.0,0,99,
2025-11-27T08:57:04.843357+00:00,train,1,526,self,1.0,0,100,
2025-11-27T08:57:04.843466+00:00,train,1,527,self,1.0,0,91,
2025-11-27T08:57:04.843574+00:00,train,1,528,self,1.0,0,97,
2025-11-27T08:57:04.843682+00:00,train,1,529,self,1.0,0,93,
2025-11-27T08:57:04.843791+00:00,train,1,530,self,1.0,0,93,
2025-11-27T08:57:04.843900+00:00,train,1,531,self,1.0,0,91,
2025-11-27T08:57:04.844023+00:00,train,1,532,self,1.0,0,97,
2025-11-27T08:57:04.844133+00:00,train,1,533,self,1.0,0,95,
2025-11-27T08:57:04.844244+00:00,train,1,534,self,1.0,0,100,
2025-11-27T08:57:04.844355+00:00,train,1,535,self,1.0,0,94,
2025-11-27T08:57:04.844467+00:00,train,1,536,self,1.0,0,99,
2025-11-27T08:57:04.844627+00:00,train,1,537,self,1.0,0,95,
2025-11-27T08:57:04.844741+00:00,train,1,538,self,1.0,0,100,
2025-11-27T08:57:04.844854+00:00,train,1,539,self,1.0,0,95,
2025-11-27T08:57:04.844965+00:00,train,1,540,self,1.0,0,100,
2025-11-27T08:57:04.845141+00:00,train,1,541,self,1.0,0,98,
2025-11-27T08:57:04.845268+00:00,train,1,542,self,1.0,0,100,
2025-11-27T08:57:04.845435+00:00,train,1,543,self,1.0,0,97,
2025-11-27T08:57:04.845571+00:00,train,1,544,self,1.0,0,100,
2025-11-27T08:57:04.845697+00:00,train,1,545,self,1.0,0,98,
2025-11-27T08:57:04.845818+00:00,train,1,546,self,1.0,0,99,
2025-11-27T08:57:04.845938+00:00,train,1,547,self,1.0,0,93,
2025-11-27T08:57:04.846073+00:00,train,1,548,self,1.0,0,97,
2025-11-27T08:57:04.846199+00:00,train,1,549,self,1.0,0,94,
2025-11-27T08:57:04.846318+00:00,train,1,550,self,1.0,0,100,
2025-11-27T08:57:04.846437+00:00,train,1,551,self,1.0,0,99,
2025-11-27T08:57:04.846556+00:00,train,1,552,self,1.0,0,100,
2025-11-27T08:57:04.846675+00:00,train,1,553,self,1.0,0,91,
2025-11-27T08:57:04.846794+00:00,train,1,554,self,1.0,0,99,
2025-11-27T08:57:04.846912+00:00,train,1,555,self,1.0,0,98,
2025-11-27T08:57:04.847048+00:00,train,1,556,self,1.0,0,99,
2025-11-27T08:57:04.847171+00:00,train,1,557,self,1.0,0,95,
2025-11-27T08:57:04.847293+00:00,train,1,558,self,1.0,0,100,
2025-11-27T08:57:04.847463+00:00,train,1,559,self,1.0,0,98,
2025-11-27T08:57:04.847599+00:00,train,1,560,self,1.0,0,100,
2025-11-27T08:57:04.847724+00:00,train,1,561,self,1.0,0,93,
2025-11-27T08:57:04.847845+00:00,train,1,562,self,1.0,0,97,
2025-11-27T08:57:04.848002+00:00,train,1,563,self,1.0,0,91,
2025-11-27T08:57:04.848151+00:00,train,1,564,self,1.0,0,99,
2025-11-27T08:57:04.848342+00:00,train,1,565,self,1.0,0,94,
2025-11-27T08:57:04.848492+00:00,train,1,566,self,1.0,0,98,
2025-11-27T08:57:04.848629+00:00,train,1,567,self,1.0,0,98,
2025-11-27T08:57:04.848760+00:00,train,1,568,self,1.0,0,100,
2025-11-27T08:57:04.848889+00:00,train,1,569,self,1.0,0,83,
2025-11-27T08:57:04.849017+00:00,train,1,570,self,1.0,0,96,
2025-11-27T08:57:04.849159+00:00,train,1,571,self,1.0,0,96,
2025-11-27T08:57:04.849291+00:00,train,1,572,self,1.0,0,97,
2025-11-27T08:57:04.849422+00:00,train,1,573,self,1.0,0,94,
2025-11-27T08:57:04.849551+00:00,train,1,574,self,1.0,0,98,
2025-11-27T08:57:04.849681+00:00,train,1,575,self,1.0,0,90,
2025-11-27T08:57:04.849810+00:00,train,1,576,self,1.0,0,100,
2025-11-27T08:57:04.849939+00:00,train,1,577,self,1.0,0,93,
2025-11-27T08:57:04.850068+00:00,train,1,578,self,1.0,0,100,
2025-11-27T08:57:04.850197+00:00,train,1,579,self,1.0,0,99,
2025-11-27T08:57:04.850327+00:00,train,1,580,self,1.0,0,100,
2025-11-27T08:57:04.850456+00:00,train,1,581,self,1.0,0,98,
2025-11-27T08:57:04.850584+00:00,train,1,582,self,1.0,0,99,
2025-11-27T08:57:04.850713+00:00,train,1,583,self,1.0,0,97,
2025-11-27T08:57:04.850841+00:00,train,1,584,self,1.0,0,98,
2025-11-27T08:57:04.850970+00:00,train,1,585,self,1.0,0,93,
2025-11-27T08:57:04.851109+00:00,train,1,586,self,1.0,0,96,
2025-11-27T08:57:04.851233+00:00,train,1,587,self,1.0,0,91,
2025-11-27T08:57:04.851358+00:00,train,1,588,self,1.0,0,99,
2025-11-27T08:57:04.851483+00:00,train,1,589,self,1.0,0,99,
2025-11-27T08:57:04.851607+00:00,train,1,590,self,1.0,0,100,
2025-11-27T08:57:04.851732+00:00,train,1,591,self,1.0,0,95,
2025-11-27T08:57:04.851858+00:00,train,1,592,self,1.0,0,97,
2025-11-27T08:57:04.851985+00:00,train,1,593,self,1.0,0,95,
2025-11-27T08:57:04.852110+00:00,train,1,594,self,1.0,0,99,
2025-11-27T08:57:04.852235+00:00,train,1,595,self,1.0,0,93,
2025-11-27T08:57:04.852359+00:00,train,1,596,self,1.0,0,100,
2025-11-27T08:57:04.852484+00:00,train,1,597,self,1.0,0,96,
2025-11-27T08:57:04.852608+00:00,train,1,598,self,1.0,0,98,
2025-11-27T08:57:04.852734+00:00,train,1,599,self,1.0,0,99,
2025-11-27T08:57:04.852859+00:00,train,1,600,self,1.0,0,99,
2025-11-27T08:57:04.852983+00:00,train,1,601,self,1.0,0,72,
2025-11-27T08:57:04.853109+00:00,train,1,602,self,1.0,0,100,
2025-11-27T08:57:04.853234+00:00,train,1,603,self,1.0,0,83,
2025-11-27T08:57:04.853408+00:00,train,1,604,self,1.0,0,97,
2025-11-27T08:57:04.853536+00:00,train,1,605,self,1.0,0,94,
2025-11-27T08:57:04.853662+00:00,train,1,606,self,1.0,0,100,
2025-11-27T08:57:04.853788+00:00,train,1,607,self,1.0,0,88,
2025-11-27T08:57:04.853913+00:00,train,1,608,self,1.0,0,97,
2025-11-27T08:57:04.854039+00:00,train,1,609,self,1.0,0,89,
2025-11-27T08:57:04.854167+00:00,train,1,610,self,1.0,0,95,
2025-11-27T08:57:04.854292+00:00,train,1,611,self,1.0,0,93,
2025-11-27T08:57:04.854417+00:00,train,1,612,self,1.0,0,95,
2025-11-27T08:57:04.854543+00:00,train,1,613,self,1.0,0,85,
2025-11-27T08:57:04.854667+00:00,train,1,614,self,1.0,0,100,
2025-11-27T08:57:04.854792+00:00,train,1,615,self,1.0,0,94,
2025-11-27T08:57:04.854917+00:00,train,1,616,self,1.0,0,99,
2025-11-27T08:57:04.855042+00:00,train,1,617,self,1.0,0,94,
2025-11-27T08:57:04.855166+00:00,train,1,618,self,1.0,0,96,
2025-11-27T08:57:04.855291+00:00,train,1,619,self,1.0,0,92,
2025-11-27T08:57:04.855417+00:00,train,1,620,self,1.0,0,100,
2025-11-27T08:57:04.855542+00:00,train,1,621,self,1.0,0,87,
2025-11-27T08:57:04.855667+00:00,train,1,622,self,1.0,0,99,
2025-11-27T08:57:04.855792+00:00,train,1,623,self,1.0,0,84,
2025-11-27T08:57:04.855917+00:00,train,1,624,self,1.0,0,100,
2025-11-27T08:57:04.856042+00:00,train,1,625,self,1.0,0,90,
2025-11-27T08:57:04.856169+00:00,train,1,626,self,1.0,0,96,
2025-11-27T08:57:04.856299+00:00,train,1,627,self,1.0,0,90,
2025-11-27T08:57:04.856426+00:00,train,1,628,self,1.0,0,99,
2025-11-27T08:57:04.856551+00:00,train,1,629,self,1.0,0,98,
2025-11-27T08:57:04.856676+00:00,train,1,630,self,1.0,0,98,
2025-11-27T08:57:04.856801+00:00,train,1,631,self,1.0,0,93,
2025-11-27T08:57:04.856925+00:00,train,1,632,self,1.0,0,99,
2025-11-27T08:57:04.857051+00:00,train,1,633,self,1.0,0,98,
2025-11-27T08:57:04.857176+00:00,train,1,634,self,1.0,0,99,
2025-11-27T08:57:04.857301+00:00,train,1,635,self,1.0,0,94,
2025-11-27T08:57:04.857427+00:00,train,1,636,self,1.0,0,99,
2025-11-27T08:57:04.857573+00:00,train,1,637,self,1.0,0,77,
2025-11-27T08:57:04.857701+00:00,train,1,638,self,1.0,0,98,
2025-11-27T08:57:04.857826+00:00,train,1,639,self,1.0,0,95,
2025-11-27T08:57:04.857953+00:00,train,1,640,self,1.0,0,100,
2025-11-27T08:57:04.858090+00:00,train,1,641,self,1.0,0,95,
2025-11-27T08:57:04.858212+00:00,train,1,642,self,1.0,0,98,
2025-11-27T08:57:04.858333+00:00,train,1,643,self,1.0,0,98,
2025-11-27T08:57:04.858455+00:00,train,1,644,self,1.0,0,99,
2025-11-27T08:57:04.858576+00:00,train,1,645,self,1.0,0,83,
2025-11-27T08:57:04.858696+00:00,train,1,646,self,1.0,0,98,
2025-11-27T08:57:04.858819+00:00,train,1,647,self,1.0,0,90,
2025-11-27T08:57:04.858940+00:00,train,1,648,self,1.0,0,94,
2025-11-27T08:57:04.859073+00:00,train,1,649,self,1.0,0,99,
2025-11-27T08:57:04.859191+00:00,train,1,650,self,1.0,0,100,
2025-11-27T08:57:04.859308+00:00,train,1,651,self,1.0,0,84,
2025-11-27T08:57:04.859426+00:00,train,1,652,self,1.0,0,99,
2025-11-27T08:57:04.859544+00:00,train,1,653,self,1.0,0,95,
2025-11-27T08:57:04.859668+00:00,train,1,654,self,1.0,0,100,
2025-11-27T08:57:04.859787+00:00,train,1,655,self,1.0,0,99,
2025-11-27T08:57:04.859908+00:00,train,1,656,self,1.0,0,100,
2025-11-27T08:57:04.860026+00:00,train,1,657,self,1.0,0,79,
2025-11-27T08:57:04.860156+00:00,train,1,658,self,1.0,0,96,
2025-11-27T08:57:04.860272+00:00,train,1,659,self,1.0,0,98,
2025-11-27T08:57:04.860387+00:00,train,1,660,self,1.0,0,100,
2025-11-27T08:57:04.860502+00:00,train,1,661,self,1.0,0,95,
2025-11-27T08:57:04.860617+00:00,train,1,662,self,1.0,0,100,
2025-11-27T08:57:04.860732+00:00,train,1,663,self,1.0,0,100,
2025-11-27T08:57:04.860847+00:00,train,1,664,self,1.0,0,100,
2025-11-27T08:57:04.860962+00:00,train,1,665,self,1.0,0,96,
2025-11-27T08:57:04.861089+00:00,train,1,666,self,1.0,0,98,
2025-11-27T08:57:04.861201+00:00,train,1,667,self,1.0,0,87,
2025-11-27T08:57:04.861312+00:00,train,1,668,self,1.0,0,97,
2025-11-27T08:57:04.861423+00:00,train,1,669,self,1.0,0,95,
2025-11-27T08:57:04.861535+00:00,train,1,670,self,1.0,0,99,
2025-11-27T08:57:04.861703+00:00,train,1,671,self,1.0,0,99,
2025-11-27T08:57:04.861817+00:00,train,1,672,self,1.0,0,100,
2025-11-27T08:57:04.861930+00:00,train,1,673,self,1.0,0,85,
2025-11-27T08:57:04.862053+00:00,train,1,674,self,1.0,0,93,
2025-11-27T08:57:04.862161+00:00,train,1,675,self,1.0,0,97,
2025-11-27T08:57:04.862269+00:00,train,1,676,self,1.0,0,100,
2025-11-27T08:57:04.862380+00:00,train,1,677,self,1.0,0,95,
2025-11-27T08:57:04.862488+00:00,train,1,678,self,1.0,0,96,
2025-11-27T08:57:04.862596+00:00,train,1,679,self,1.0,0,92,
2025-11-27T08:57:04.862705+00:00,train,1,680,self,1.0,0,98,
2025-11-27T08:57:04.862814+00:00,train,1,681,self,1.0,0,96,
2025-11-27T08:57:04.862925+00:00,train,1,682,self,1.0,0,100,
2025-11-27T08:57:04.863047+00:00,train,1,683,self,1.0,0,94,
2025-11-27T08:57:04.863150+00:00,train,1,684,self,1.0,0,96,
2025-11-27T08:57:04.863261+00:00,train,1,685,self,1.0,0,68,
2025-11-27T08:57:04.863364+00:00,train,1,686,self,1.0,0,96,
2025-11-27T08:57:04.863476+00:00,train,1,687,self,1.0,0,92,
2025-11-27T08:57:04.863579+00:00,train,1,688,self,1.0,0,100,
2025-11-27T08:57:04.863706+00:00,train,1,689,self,1.0,0,91,
2025-11-27T08:57:04.863811+00:00,train,1,690,self,1.0,0,98,
2025-11-27T08:57:04.863920+00:00,train,1,691,self,1.0,0,99,
2025-11-27T08:57:04.864023+00:00,train,1,692,self,1.0,0,100,
2025-11-27T08:57:04.864143+00:00,train,1,693,self,1.0,0,92,
2025-11-27T08:57:04.864244+00:00,train,1,694,self,1.0,0,96,
2025-11-27T08:57:04.864433+00:00,train,1,695,self,1.0,0,97,
2025-11-27T08:57:04.864548+00:00,train,1,696,self,1.0,0,98,
2025-11-27T08:57:04.864655+00:00,train,1,697,self,1.0,0,93,
2025-11-27T08:57:04.864757+00:00,train,1,698,self,1.0,0,98,
2025-11-27T08:57:04.864857+00:00,train,1,699,self,1.0,0,99,
2025-11-27T08:57:04.864956+00:00,train,1,700,self,1.0,0,100,
2025-11-27T08:57:04.865053+00:00,train,1,701,self,1.0,0,81,
2025-11-27T08:57:04.865221+00:00,train,1,702,self,1.0,0,100,
2025-11-27T08:57:04.865338+00:00,train,1,703,self,1.0,0,87,
2025-11-27T08:57:04.865507+00:00,train,1,704,self,1.0,0,99,
2025-11-27T08:57:04.865614+00:00,train,1,705,self,1.0,0,96,
2025-11-27T08:57:04.865716+00:00,train,1,706,self,1.0,0,100,
2025-11-27T08:57:04.865848+00:00,train,1,707,self,1.0,0,91,
2025-11-27T08:57:04.865949+00:00,train,1,708,self,1.0,0,98,
2025-11-27T08:57:04.866082+00:00,train,1,709,self,1.0,0,97,
2025-11-27T08:57:04.866181+00:00,train,1,710,self,1.0,0,99,
2025-11-27T08:57:04.866299+00:00,train,1,711,self,1.0,0,87,
2025-11-27T08:57:04.866472+00:00,train,1,712,self,1.0,0,90,
2025-11-27T08:57:04.866572+00:00,train,1,713,self,1.0,0,91,
2025-11-27T08:57:04.866674+00:00,train,1,714,self,1.0,0,93,
2025-11-27T08:57:04.866772+00:00,train,1,715,self,1.0,0,97,
2025-11-27T08:57:04.866871+00:00,train,1,716,self,1.0,0,100,
2025-11-27T08:57:04.866969+00:00,train,1,717,self,1.0,0,86,
2025-11-27T08:57:04.867068+00:00,train,1,718,self,1.0,0,95,
2025-11-27T08:57:04.867166+00:00,train,1,719,self,1.0,0,95,
2025-11-27T08:57:04.867264+00:00,train,1,720,self,1.0,0,100,
2025-11-27T08:57:04.867362+00:00,train,1,721,self,1.0,0,87,
2025-11-27T08:57:04.867459+00:00,train,1,722,self,1.0,0,100,
2025-11-27T08:57:04.867558+00:00,train,1,723,self,1.0,0,97,
2025-11-27T08:57:04.867676+00:00,train,1,724,self,1.0,0,97,
2025-11-27T08:57:04.867776+00:00,train,1,725,self,1.0,0,98,
2025-11-27T08:57:04.867875+00:00,train,1,726,self,1.0,0,99,
2025-11-27T08:57:04.867974+00:00,train,1,727,self,1.0,0,85,
2025-11-27T08:57:04.868072+00:00,train,1,728,self,1.0,0,98,
2025-11-27T08:57:04.868171+00:00,train,1,729,self,1.0,0,89,
2025-11-27T08:57:04.868270+00:00,train,1,730,self,1.0,0,94,
2025-11-27T08:57:04.868369+00:00,train,1,731,self,1.0,0,88,
2025-11-27T08:57:04.868468+00:00,train,1,732,self,1.0,0,96,
2025-11-27T08:57:04.868566+00:00,train,1,733,self,1.0,0,97,
2025-11-27T08:57:04.868665+00:00,train,1,734,self,1.0,0,98,
2025-11-27T08:57:04.868763+00:00,train,1,735,self,1.0,0,98,
2025-11-27T08:57:04.868862+00:00,train,1,736,self,1.0,0,100,
2025-11-27T08:57:04.868960+00:00,train,1,737,self,1.0,0,92,
2025-11-27T08:57:04.869114+00:00,train,1,738,self,1.0,0,100,
2025-11-27T08:57:04.869214+00:00,train,1,739,self,1.0,0,99,
2025-11-27T08:57:04.869314+00:00,train,1,740,self,1.0,0,99,
2025-11-27T08:57:04.869413+00:00,train,1,741,self,1.0,0,88,
2025-11-27T08:57:04.869511+00:00,train,1,742,self,1.0,0,96,
2025-11-27T08:57:04.869610+00:00,train,1,743,self,1.0,0,96,
2025-11-27T08:57:04.869709+00:00,train,1,744,self,1.0,0,97,
2025-11-27T08:57:04.869808+00:00,train,1,745,self,1.0,0,79,
2025-11-27T08:57:04.869906+00:00,train,1,746,self,1.0,0,98,
2025-11-27T08:57:04.870004+00:00,train,1,747,self,1.0,0,93,
2025-11-27T08:57:04.870103+00:00,train,1,748,self,1.0,0,96,
2025-11-27T08:57:04.870201+00:00,train,1,749,self,1.0,0,97,
2025-11-27T08:57:04.870299+00:00,train,1,750,self,1.0,0,97,
2025-11-27T08:57:04.870397+00:00,train,1,751,self,1.0,0,91,
2025-11-27T08:57:04.870495+00:00,train,1,752,self,1.0,0,98,
2025-11-27T08:57:04.870593+00:00,train,1,753,self,1.0,0,90,
2025-11-27T08:57:04.870690+00:00,train,1,754,self,1.0,0,97,
2025-11-27T08:57:04.870788+00:00,train,1,755,self,1.0,0,99,
2025-11-27T08:57:04.870886+00:00,train,1,756,self,1.0,0,99,
2025-11-27T08:57:04.870983+00:00,train,1,757,self,1.0,0,99,
2025-11-27T08:57:04.871081+00:00,train,1,758,self,1.0,0,100,
2025-11-27T08:57:04.871179+00:00,train,1,759,self,1.0,0,98,
2025-11-27T08:57:04.871276+00:00,train,1,760,self,1.0,0,100,
2025-11-27T08:57:04.871374+00:00,train,1,761,self,1.0,0,99,
2025-11-27T08:57:04.871472+00:00,train,1,762,self,1.0,0,100,
2025-11-27T08:57:04.871570+00:00,train,1,763,self,1.0,0,96,
2025-11-27T08:57:04.871668+00:00,train,1,764,self,1.0,0,100,
2025-11-27T08:57:04.871766+00:00,train,1,765,self,1.0,0,90,
2025-11-27T08:57:04.871864+00:00,train,1,766,self,1.0,0,100,
2025-11-27T08:57:04.871962+00:00,train,1,767,self,1.0,0,88,
2025-11-27T08:57:04.872060+00:00,train,1,768,self,1.0,0,100,
2025-11-27T08:57:04.872158+00:00,train,1,769,self,1.0,0,99,
2025-11-27T08:57:04.872256+00:00,train,1,770,self,1.0,0,100,
2025-11-27T08:57:04.872354+00:00,train,1,771,self,1.0,0,98,
2025-11-27T08:57:04.872452+00:00,train,1,772,self,1.0,0,99,
2025-11-27T08:57:04.872550+00:00,train,1,773,self,1.0,0,92,
2025-11-27T08:57:04.872648+00:00,train,1,774,self,1.0,0,97,
2025-11-27T08:57:04.872745+00:00,train,1,775,self,1.0,0,96,
2025-11-27T08:57:04.872843+00:00,train,1,776,self,1.0,0,98,
2025-11-27T08:57:04.872941+00:00,train,1,777,self,1.0,0,95,
2025-11-27T08:57:04.873038+00:00,train,1,778,self,1.0,0,97,
2025-11-27T08:57:04.873136+00:00,train,1,779,self,1.0,0,89,
2025-11-27T08:57:04.873234+00:00,train,1,780,self,1.0,0,96,
2025-11-27T08:57:04.873331+00:00,train,1,781,self,1.0,0,82,
2025-11-27T08:57:04.873429+00:00,train,1,782,self,1.0,0,100,
2025-11-27T08:57:04.873526+00:00,train,1,783,self,1.0,0,93,
2025-11-27T08:57:04.873624+00:00,train,1,784,self,1.0,0,97,
2025-11-27T08:57:04.873722+00:00,train,1,785,self,1.0,0,85,
2025-11-27T08:57:04.873820+00:00,train,1,786,self,1.0,0,97,
2025-11-27T08:57:04.873918+00:00,train,1,787,self,1.0,0,97,
2025-11-27T08:57:04.874015+00:00,train,1,788,self,1.0,0,100,
2025-11-27T08:57:04.874113+00:00,train,1,789,self,1.0,0,93,
2025-11-27T08:57:04.874212+00:00,train,1,790,self,1.0,0,100,
2025-11-27T08:57:04.874310+00:00,train,1,791,self,1.0,0,94,
2025-11-27T08:57:04.874408+00:00,train,1,792,self,1.0,0,94,
2025-11-27T08:57:04.874506+00:00,train,1,793,self,1.0,0,93,
2025-11-27T08:57:04.874603+00:00,train,1,794,self,1.0,0,99,
2025-11-27T08:57:04.874701+00:00,train,1,795,self,1.0,0,94,
2025-11-27T08:57:04.874798+00:00,train,1,796,self,1.0,0,94,
2025-11-27T08:57:04.874896+00:00,train,1,797,self,1.0,0,90,
2025-11-27T08:57:04.874993+00:00,train,1,798,self,1.0,0,96,
2025-11-27T08:57:04.875091+00:00,train,1,799,self,1.0,0,96,
2025-11-27T08:57:04.875189+00:00,train,1,800,self,1.0,0,100,
2025-11-27T08:57:04.875286+00:00,train,1,801,self,1.0,0,92,
2025-11-27T08:57:04.875383+00:00,train,1,802,self,1.0,0,96,
2025-11-27T08:57:04.875480+00:00,train,1,803,self,1.0,0,100,
2025-11-27T08:57:04.875579+00:00,train,1,804,self,1.0,0,100,
2025-11-27T08:57:04.875714+00:00,train,1,805,self,1.0,0,85,
2025-11-27T08:57:04.875814+00:00,train,1,806,self,1.0,0,96,
2025-11-27T08:57:04.875911+00:00,train,1,807,self,1.0,0,99,
2025-11-27T08:57:04.876012+00:00,train,1,808,self,1.0,0,100,
2025-11-27T08:57:04.876110+00:00,train,1,809,self,1.0,0,97,
2025-11-27T08:57:04.876207+00:00,train,1,810,self,1.0,0,98,
2025-11-27T08:57:04.876305+00:00,train,1,811,self,1.0,0,82,
2025-11-27T08:57:04.876403+00:00,train,1,812,self,1.0,0,97,
2025-11-27T08:57:04.876501+00:00,train,1,813,self,1.0,0,89,
2025-11-27T08:57:04.876647+00:00,train,1,814,self,1.0,0,96,
2025-11-27T08:57:04.876745+00:00,train,1,815,self,1.0,0,93,
2025-11-27T08:57:04.876843+00:00,train,1,816,self,1.0,0,99,
2025-11-27T08:57:04.876941+00:00,train,1,817,self,1.0,0,98,
2025-11-27T08:57:04.877039+00:00,train,1,818,self,1.0,0,100,
2025-11-27T08:57:04.877137+00:00,train,1,819,self,1.0,0,98,
2025-11-27T08:57:04.877235+00:00,train,1,820,self,1.0,0,99,
2025-11-27T08:57:04.877333+00:00,train,1,821,self,1.0,0,97,
2025-11-27T08:57:04.877431+00:00,train,1,822,self,1.0,0,100,
2025-11-27T08:57:04.877529+00:00,train,1,823,self,1.0,0,97,
2025-11-27T08:57:04.877658+00:00,train,1,824,self,1.0,0,97,
2025-11-27T08:57:04.877771+00:00,train,1,825,self,1.0,0,97,
2025-11-27T08:57:04.877870+00:00,train,1,826,self,1.0,0,100,
2025-11-27T08:57:04.877968+00:00,train,1,827,self,1.0,0,88,
2025-11-27T08:57:04.878066+00:00,train,1,828,self,1.0,0,96,
2025-11-27T08:57:04.878164+00:00,train,1,829,self,1.0,0,92,
2025-11-27T08:57:04.878262+00:00,train,1,830,self,1.0,0,97,
2025-11-27T08:57:04.878359+00:00,train,1,831,self,1.0,0,95,
2025-11-27T08:57:04.878458+00:00,train,1,832,self,1.0,0,96,
2025-11-27T08:57:04.878555+00:00,train,1,833,self,1.0,0,98,
2025-11-27T08:57:04.878653+00:00,train,1,834,self,1.0,0,100,
2025-11-27T08:57:04.878751+00:00,train,1,835,self,1.0,0,100,
2025-11-27T08:57:04.878848+00:00,train,1,836,self,1.0,0,100,
2025-11-27T08:57:04.878945+00:00,train,1,837,self,1.0,0,93,
2025-11-27T08:57:04.879043+00:00,train,1,838,self,1.0,0,99,
2025-11-27T08:57:04.879141+00:00,train,1,839,self,1.0,0,89,
2025-11-27T08:57:04.879238+00:00,train,1,840,self,1.0,0,95,
2025-11-27T08:57:04.879336+00:00,train,1,841,self,1.0,0,91,
2025-11-27T08:57:04.879434+00:00,train,1,842,self,1.0,0,93,
2025-11-27T08:57:04.879531+00:00,train,1,843,self,1.0,0,96,
2025-11-27T08:57:04.879628+00:00,train,1,844,self,1.0,0,97,
2025-11-27T08:57:04.879726+00:00,train,1,845,self,1.0,0,99,
2025-11-27T08:57:04.879825+00:00,train,1,846,self,1.0,0,100,
2025-11-27T08:57:04.879922+00:00,train,1,847,self,1.0,0,93,
2025-11-27T08:57:04.880020+00:00,train,1,848,self,1.0,0,97,
2025-11-27T08:57:04.880117+00:00,train,1,849,self,1.0,0,94,
2025-11-27T08:57:04.880215+00:00,train,1,850,self,1.0,0,97,
2025-11-27T08:57:04.880312+00:00,train,1,851,self,1.0,0,97,
2025-11-27T08:57:04.880409+00:00,train,1,852,self,1.0,0,100,
2025-11-27T08:57:04.880507+00:00,train,1,853,self,1.0,0,92,
2025-11-27T08:57:04.880608+00:00,train,1,854,self,1.0,0,98,
2025-11-27T08:57:04.880706+00:00,train,1,855,self,1.0,0,98,
2025-11-27T08:57:04.880804+00:00,train,1,856,self,1.0,0,99,
2025-11-27T08:57:04.880901+00:00,train,1,857,self,1.0,0,94,
2025-11-27T08:57:04.880999+00:00,train,1,858,self,1.0,0,97,
2025-11-27T08:57:04.881096+00:00,train,1,859,self,1.0,0,98,
2025-11-27T08:57:04.881194+00:00,train,1,860,self,1.0,0,100,
2025-11-27T08:57:04.881291+00:00,train,1,861,self,1.0,0,96,
2025-11-27T08:57:04.881389+00:00,train,1,862,self,1.0,0,98,
2025-11-27T08:57:04.881487+00:00,train,1,863,self,1.0,0,98,
2025-11-27T08:57:04.881618+00:00,train,1,864,self,1.0,0,98,
2025-11-27T08:57:04.881732+00:00,train,1,865,self,1.0,0,89,
2025-11-27T08:57:04.881847+00:00,train,1,866,self,1.0,0,98,
2025-11-27T08:57:04.881946+00:00,train,1,867,self,1.0,0,93,
2025-11-27T08:57:04.882045+00:00,train,1,868,self,1.0,0,100,
2025-11-27T08:57:04.882144+00:00,train,1,869,self,1.0,0,98,
2025-11-27T08:57:04.882241+00:00,train,1,870,self,1.0,0,99,
2025-11-27T08:57:04.882340+00:00,train,1,871,self,1.0,0,95,
2025-11-27T08:57:04.882479+00:00,train,1,872,self,1.0,0,100,
2025-11-27T08:57:04.882581+00:00,train,1,873,self,1.0,0,98,
2025-11-27T08:57:04.882681+00:00,train,1,874,self,1.0,0,100,
2025-11-27T08:57:04.882782+00:00,train,1,875,self,1.0,0,79,
2025-11-27T08:57:04.882882+00:00,train,1,876,self,1.0,0,99,
2025-11-27T08:57:04.882982+00:00,train,1,877,self,1.0,0,92,
2025-11-27T08:57:04.883082+00:00,train,1,878,self,1.0,0,98,
2025-11-27T08:57:04.883182+00:00,train,1,879,self,1.0,0,91,
2025-11-27T08:57:04.883283+00:00,train,1,880,self,1.0,0,100,
2025-11-27T08:57:04.883383+00:00,train,1,881,self,1.0,0,98,
2025-11-27T08:57:04.883483+00:00,train,1,882,self,1.0,0,99,
2025-11-27T08:57:04.883583+00:00,train,1,883,self,1.0,0,98,
2025-11-27T08:57:04.883683+00:00,train,1,884,self,1.0,0,99,
2025-11-27T08:57:04.883783+00:00,train,1,885,self,1.0,0,97,
2025-11-27T08:57:04.883884+00:00,train,1,886,self,1.0,0,99,
2025-11-27T08:57:04.883983+00:00,train,1,887,self,1.0,0,94,
2025-11-27T08:57:04.884083+00:00,train,1,888,self,1.0,0,100,
2025-11-27T08:57:04.884183+00:00,train,1,889,self,1.0,0,94,
2025-11-27T08:57:04.884284+00:00,train,1,890,self,1.0,0,100,
2025-11-27T08:57:04.884384+00:00,train,1,891,self,1.0,0,85,
2025-11-27T08:57:04.884483+00:00,train,1,892,self,1.0,0,88,
2025-11-27T08:57:04.884583+00:00,train,1,893,self,1.0,0,87,
2025-11-27T08:57:04.884683+00:00,train,1,894,self,1.0,0,93,
2025-11-27T08:57:04.884782+00:00,train,1,895,self,1.0,0,97,
2025-11-27T08:57:04.884882+00:00,train,1,896,self,1.0,0,98,
2025-11-27T08:57:04.884982+00:00,train,1,897,self,1.0,0,89,
2025-11-27T08:57:04.885082+00:00,train,1,898,self,1.0,0,100,
2025-11-27T08:57:04.885182+00:00,train,1,899,self,1.0,0,78,
2025-11-27T08:57:04.885282+00:00,train,1,900,self,1.0,0,94,
2025-11-27T08:57:04.885381+00:00,train,1,901,self,1.0,0,94,
2025-11-27T08:57:04.885480+00:00,train,1,902,self,1.0,0,99,
2025-11-27T08:57:04.885580+00:00,train,1,903,self,1.0,0,91,
2025-11-27T08:57:04.885679+00:00,train,1,904,self,1.0,0,95,
2025-11-27T08:57:04.885779+00:00,train,1,905,self,1.0,0,89,
2025-11-27T08:57:04.885880+00:00,train,1,906,self,1.0,0,98,
2025-11-27T08:57:04.885980+00:00,train,1,907,self,1.0,0,99,
2025-11-27T08:57:04.886082+00:00,train,1,908,self,1.0,0,100,
2025-11-27T08:57:04.886182+00:00,train,1,909,self,1.0,0,97,
2025-11-27T08:57:04.886282+00:00,train,1,910,self,1.0,0,98,
2025-11-27T08:57:04.886382+00:00,train,1,911,self,1.0,0,94,
2025-11-27T08:57:04.886481+00:00,train,1,912,self,1.0,0,97,
2025-11-27T08:57:04.886581+00:00,train,1,913,self,1.0,0,96,
2025-11-27T08:57:04.886681+00:00,train,1,914,self,1.0,0,99,
2025-11-27T08:57:04.886781+00:00,train,1,915,self,1.0,0,92,
2025-11-27T08:57:04.886880+00:00,train,1,916,self,1.0,0,99,
2025-11-27T08:57:04.886980+00:00,train,1,917,self,1.0,0,91,
2025-11-27T08:57:04.887080+00:00,train,1,918,self,1.0,0,99,
2025-11-27T08:57:04.887180+00:00,train,1,919,self,1.0,0,93,
2025-11-27T08:57:04.887385+00:00,train,1,920,self,1.0,0,93,
2025-11-27T08:57:04.887511+00:00,train,1,921,self,1.0,0,99,
2025-11-27T08:57:04.887639+00:00,train,1,922,self,1.0,0,100,
2025-11-27T08:57:04.887752+00:00,train,1,923,self,1.0,0,99,
2025-11-27T08:57:04.887876+00:00,train,1,924,self,1.0,0,99,
2025-11-27T08:57:04.887985+00:00,train,1,925,self,1.0,0,90,
2025-11-27T08:57:04.888110+00:00,train,1,926,self,1.0,0,99,
2025-11-27T08:57:04.888219+00:00,train,1,927,self,1.0,0,92,
2025-11-27T08:57:04.888327+00:00,train,1,928,self,1.0,0,100,
2025-11-27T08:57:04.888435+00:00,train,1,929,self,1.0,0,93,
2025-11-27T08:57:04.888539+00:00,train,1,930,self,1.0,0,100,
2025-11-27T08:57:04.888663+00:00,train,1,931,self,1.0,0,96,
2025-11-27T08:57:04.888770+00:00,train,1,932,self,1.0,0,96,
2025-11-27T08:57:04.888935+00:00,train,1,933,self,1.0,0,94,
2025-11-27T08:57:04.889054+00:00,train,1,934,self,1.0,0,94,
2025-11-27T08:57:04.889164+00:00,train,1,935,self,1.0,0,75,
2025-11-27T08:57:04.889270+00:00,train,1,936,self,1.0,0,93,
2025-11-27T08:57:04.889373+00:00,train,1,937,self,1.0,0,89,
2025-11-27T08:57:04.889475+00:00,train,1,938,self,1.0,0,99,
2025-11-27T08:57:04.889666+00:00,train,1,939,self,1.0,0,95,
2025-11-27T08:57:04.889770+00:00,train,1,940,self,1.0,0,95,
2025-11-27T08:57:04.889871+00:00,train,1,941,self,1.0,0,100,
2025-11-27T08:57:04.889972+00:00,train,1,942,self,1.0,0,100,
2025-11-27T08:57:04.890073+00:00,train,1,943,self,1.0,0,97,
2025-11-27T08:57:04.890173+00:00,train,1,944,self,1.0,0,100,
2025-11-27T08:57:04.890274+00:00,train,1,945,self,1.0,0,91,
2025-11-27T08:57:04.890374+00:00,train,1,946,self,1.0,0,100,
2025-11-27T08:57:04.890475+00:00,train,1,947,self,1.0,0,94,
2025-11-27T08:57:04.890575+00:00,train,1,948,self,1.0,0,95,
2025-11-27T08:57:04.890675+00:00,train,1,949,self,1.0,0,100,
2025-11-27T08:57:04.890775+00:00,train,1,950,self,1.0,0,100,
2025-11-27T08:57:04.890875+00:00,train,1,951,self,1.0,0,95,
2025-11-27T08:57:04.890975+00:00,train,1,952,self,1.0,0,96,
2025-11-27T08:57:04.891075+00:00,train,1,953,self,1.0,0,97,
2025-11-27T08:57:04.891175+00:00,train,1,954,self,1.0,0,100,
2025-11-27T08:57:04.891274+00:00,train,1,955,self,1.0,0,95,
2025-11-27T08:57:04.891374+00:00,train,1,956,self,1.0,0,100,
2025-11-27T08:57:04.891474+00:00,train,1,957,self,1.0,0,92,
2025-11-27T08:57:04.891573+00:00,train,1,958,self,1.0,0,92,
2025-11-27T08:57:04.891673+00:00,train,1,959,self,1.0,0,87,
2025-11-27T08:57:04.891773+00:00,train,1,960,self,1.0,0,96,
2025-11-27T08:57:04.891873+00:00,train,1,961,self,1.0,0,93,
2025-11-27T08:57:04.891972+00:00,train,1,962,self,1.0,0,99,
2025-11-27T08:57:04.892073+00:00,train,1,963,self,1.0,0,94,
2025-11-27T08:57:04.892172+00:00,train,1,964,self,1.0,0,99,
2025-11-27T08:57:04.892272+00:00,train,1,965,self,1.0,0,92,
2025-11-27T08:57:04.892372+00:00,train,1,966,self,1.0,0,97,
2025-11-27T08:57:04.892472+00:00,train,1,967,self,1.0,0,90,
2025-11-27T08:57:04.892572+00:00,train,1,968,self,1.0,0,100,
2025-11-27T08:57:04.892671+00:00,train,1,969,self,1.0,0,96,
2025-11-27T08:57:04.892770+00:00,train,1,970,self,1.0,0,97,
2025-11-27T08:57:04.892869+00:00,train,1,971,self,1.0,0,97,
2025-11-27T08:57:04.892969+00:00,train,1,972,self,1.0,0,99,
2025-11-27T08:57:04.893069+00:00,train,1,973,self,1.0,0,95,
2025-11-27T08:57:04.893168+00:00,train,1,974,self,1.0,0,97,
2025-11-27T08:57:04.893268+00:00,train,1,975,self,1.0,0,86,
2025-11-27T08:57:04.893368+00:00,train,1,976,self,1.0,0,90,
2025-11-27T08:57:04.893469+00:00,train,1,977,self,1.0,0,82,
2025-11-27T08:57:04.893568+00:00,train,1,978,self,1.0,0,93,
2025-11-27T08:57:04.893669+00:00,train,1,979,self,1.0,0,91,
2025-11-27T08:57:04.893768+00:00,train,1,980,self,1.0,0,99,
2025-11-27T08:57:04.893867+00:00,train,1,981,self,1.0,0,86,
2025-11-27T08:57:04.893967+00:00,train,1,982,self,1.0,0,99,
2025-11-27T08:57:04.894066+00:00,train,1,983,self,1.0,0,91,
2025-11-27T08:57:04.894166+00:00,train,1,984,self,1.0,0,98,
2025-11-27T08:57:04.894266+00:00,train,1,985,self,1.0,0,96,
2025-11-27T08:57:04.894365+00:00,train,1,986,self,1.0,0,97,
2025-11-27T08:57:04.894464+00:00,train,1,987,self,1.0,0,99,
2025-11-27T08:57:04.894564+00:00,train,1,988,self,1.0,0,100,
2025-11-27T08:57:04.894664+00:00,train,1,989,self,1.0,0,99,
2025-11-27T08:57:04.894764+00:00,train,1,990,self,1.0,0,100,
2025-11-27T08:57:04.894864+00:00,train,1,991,self,1.0,0,93,
2025-11-27T08:57:04.894963+00:00,train,1,992,self,1.0,0,98,
2025-11-27T08:57:04.895063+00:00,train,1,993,self,1.0,0,99,
2025-11-27T08:57:04.895163+00:00,train,1,994,self,1.0,0,100,
2025-11-27T08:57:04.895263+00:00,train,1,995,self,1.0,0,96,
2025-11-27T08:57:04.895363+00:00,train,1,996,self,1.0,0,100,
2025-11-27T08:57:04.895463+00:00,train,1,997,self,1.0,0,96,
2025-11-27T08:57:04.895562+00:00,train,1,998,self,1.0,0,99,
2025-11-27T08:57:04.895661+00:00,train,1,999,self,1.0,0,89,
2025-11-27T08:57:04.895761+00:00,train,1,1000,self,1.0,0,96,
2025-11-27T08:57:04.898436+00:00,train,1,1001,self,1.0,0,93,
2025-11-27T08:57:04.898567+00:00,train,1,1002,self,1.0,0,95,
2025-11-27T08:57:04.898784+00:00,train,1,1003,self,1.0,0,89,
2025-11-27T08:57:04.898907+00:00,train,1,1004,self,1.0,0,95,
2025-11-27T08:57:04.899065+00:00,train,1,1005,self,1.0,0,89,
2025-11-27T08:57:04.899177+00:00,train,1,1006,self,1.0,0,97,
2025-11-27T08:57:04.899286+00:00,train,1,1007,self,1.0,0,97,
2025-11-27T08:57:04.899392+00:00,train,1,1008,self,1.0,0,98,
2025-11-27T08:57:04.899515+00:00,train,1,1009,self,1.0,0,96,
2025-11-27T08:57:04.899619+00:00,train,1,1010,self,1.0,0,98,
2025-11-27T08:57:04.899729+00:00,train,1,1011,self,1.0,0,96,
2025-11-27T08:57:04.899830+00:00,train,1,1012,self,1.0,0,98,
2025-11-27T08:57:04.899953+00:00,train,1,1013,self,1.0,0,88,
2025-11-27T08:57:04.900071+00:00,train,1,1014,self,1.0,0,99,
2025-11-27T08:57:04.900222+00:00,train,1,1015,self,1.0,0,90,
2025-11-27T08:57:04.900340+00:00,train,1,1016,self,1.0,0,100,
2025-11-27T08:57:04.900508+00:00,train,1,1017,self,1.0,0,99,
2025-11-27T08:57:04.900631+00:00,train,1,1018,self,1.0,0,99,
2025-11-27T08:57:04.900785+00:00,train,1,1019,self,1.0,0,98,
2025-11-27T08:57:04.900902+00:00,train,1,1020,self,1.0,0,100,
2025-11-27T08:57:04.901079+00:00,train,1,1021,self,1.0,0,85,
2025-11-27T08:57:04.901206+00:00,train,1,1022,self,1.0,0,96,
2025-11-27T08:57:04.901362+00:00,train,1,1023,self,1.0,0,99,
2025-11-27T08:57:04.901483+00:00,train,1,1024,self,1.0,0,100,
2025-11-27T08:57:04.901627+00:00,train,1,1025,self,1.0,0,95,
2025-11-27T08:57:04.901737+00:00,train,1,1026,self,1.0,0,100,
2025-11-27T08:57:04.901958+00:00,train,1,1027,self,1.0,0,95,
2025-11-27T08:57:04.902101+00:00,train,1,1028,self,1.0,0,98,
2025-11-27T08:57:04.902223+00:00,train,1,1029,self,1.0,0,98,
2025-11-27T08:57:04.902340+00:00,train,1,1030,self,1.0,0,99,
2025-11-27T08:57:04.902456+00:00,train,1,1031,self,1.0,0,97,
2025-11-27T08:57:04.902571+00:00,train,1,1032,self,1.0,0,98,
2025-11-27T08:57:04.902684+00:00,train,1,1033,self,1.0,0,100,
2025-11-27T08:57:04.902797+00:00,train,1,1034,self,1.0,0,100,
2025-11-27T08:57:04.902909+00:00,train,1,1035,self,1.0,0,99,
2025-11-27T08:57:04.903020+00:00,train,1,1036,self,1.0,0,100,
2025-11-27T08:57:04.903147+00:00,train,1,1037,self,1.0,0,86,
2025-11-27T08:57:04.903261+00:00,train,1,1038,self,1.0,0,93,
2025-11-27T08:57:04.903374+00:00,train,1,1039,self,1.0,0,91,
2025-11-27T08:57:04.903489+00:00,train,1,1040,self,1.0,0,96,
2025-11-27T08:57:04.903602+00:00,train,1,1041,self,1.0,0,91,
2025-11-27T08:57:04.903716+00:00,train,1,1042,self,1.0,0,92,
2025-11-27T08:57:04.903829+00:00,train,1,1043,self,1.0,0,99,
2025-11-27T08:57:04.903943+00:00,train,1,1044,self,1.0,0,100,
2025-11-27T08:57:04.904072+00:00,train,1,1045,self,1.0,0,93,
2025-11-27T08:57:04.904189+00:00,train,1,1046,self,1.0,0,97,
2025-11-27T08:57:04.904310+00:00,train,1,1047,self,1.0,0,92,
2025-11-27T08:57:04.904427+00:00,train,1,1048,self,1.0,0,93,
2025-11-27T08:57:04.904544+00:00,train,1,1049,self,1.0,0,93,
2025-11-27T08:57:04.904661+00:00,train,1,1050,self,1.0,0,95,
2025-11-27T08:57:04.904778+00:00,train,1,1051,self,1.0,0,98,
2025-11-27T08:57:04.904895+00:00,train,1,1052,self,1.0,0,100,
2025-11-27T08:57:04.905026+00:00,train,1,1053,self,1.0,0,97,
2025-11-27T08:57:04.905146+00:00,train,1,1054,self,1.0,0,99,
2025-11-27T08:57:04.905267+00:00,train,1,1055,self,1.0,0,99,
2025-11-27T08:57:04.905387+00:00,train,1,1056,self,1.0,0,99,
2025-11-27T08:57:04.905507+00:00,train,1,1057,self,1.0,0,96,
2025-11-27T08:57:04.905627+00:00,train,1,1058,self,1.0,0,98,
2025-11-27T08:57:04.905747+00:00,train,1,1059,self,1.0,0,99,
2025-11-27T08:57:04.905867+00:00,train,1,1060,self,1.0,0,100,
2025-11-27T08:57:04.905987+00:00,train,1,1061,self,1.0,0,86,
2025-11-27T08:57:04.906119+00:00,train,1,1062,self,1.0,0,100,
2025-11-27T08:57:04.906236+00:00,train,1,1063,self,1.0,0,90,
2025-11-27T08:57:04.906352+00:00,train,1,1064,self,1.0,0,97,
2025-11-27T08:57:04.906469+00:00,train,1,1065,self,1.0,0,86,
2025-11-27T08:57:04.906586+00:00,train,1,1066,self,1.0,0,95,
2025-11-27T08:57:04.906703+00:00,train,1,1067,self,1.0,0,100,
2025-11-27T08:57:04.906819+00:00,train,1,1068,self,1.0,0,100,
2025-11-27T08:57:04.906936+00:00,train,1,1069,self,1.0,0,97,
2025-11-27T08:57:04.907066+00:00,train,1,1070,self,1.0,0,100,
2025-11-27T08:57:04.907238+00:00,train,1,1071,self,1.0,0,85,
2025-11-27T08:57:04.907357+00:00,train,1,1072,self,1.0,0,100,
2025-11-27T08:57:04.907474+00:00,train,1,1073,self,1.0,0,94,
2025-11-27T08:57:04.907590+00:00,train,1,1074,self,1.0,0,95,
2025-11-27T08:57:04.907706+00:00,train,1,1075,self,1.0,0,80,
2025-11-27T08:57:04.907822+00:00,train,1,1076,self,1.0,0,95,
2025-11-27T08:57:04.907939+00:00,train,1,1077,self,1.0,0,84,
2025-11-27T08:57:04.908069+00:00,train,1,1078,self,1.0,0,97,
2025-11-27T08:57:04.908182+00:00,train,1,1079,self,1.0,0,89,
2025-11-27T08:57:04.908295+00:00,train,1,1080,self,1.0,0,93,
2025-11-27T08:57:04.908408+00:00,train,1,1081,self,1.0,0,85,
2025-11-27T08:57:04.908521+00:00,train,1,1082,self,1.0,0,100,
2025-11-27T08:57:04.908636+00:00,train,1,1083,self,1.0,0,87,
2025-11-27T08:57:04.908757+00:00,train,1,1084,self,1.0,0,95,
2025-11-27T08:57:04.908871+00:00,train,1,1085,self,1.0,0,96,
2025-11-27T08:57:04.908985+00:00,train,1,1086,self,1.0,0,99,
2025-11-27T08:57:04.909110+00:00,train,1,1087,self,1.0,0,91,
2025-11-27T08:57:04.909221+00:00,train,1,1088,self,1.0,0,97,
2025-11-27T08:57:04.909331+00:00,train,1,1089,self,1.0,0,93,
2025-11-27T08:57:04.909441+00:00,train,1,1090,self,1.0,0,98,
2025-11-27T08:57:04.909551+00:00,train,1,1091,self,1.0,0,85,
2025-11-27T08:57:04.909668+00:00,train,1,1092,self,1.0,0,100,
2025-11-27T08:57:04.909779+00:00,train,1,1093,self,1.0,0,92,
2025-11-27T08:57:04.909939+00:00,train,1,1094,self,1.0,0,94,
2025-11-27T08:57:04.910074+00:00,train,1,1095,self,1.0,0,95,
2025-11-27T08:57:04.910184+00:00,train,1,1096,self,1.0,0,98,
2025-11-27T08:57:04.910291+00:00,train,1,1097,self,1.0,0,98,
2025-11-27T08:57:04.910461+00:00,train,1,1098,self,1.0,0,100,
2025-11-27T08:57:04.910587+00:00,train,1,1099,self,1.0,0,95,
2025-11-27T08:57:04.910705+00:00,train,1,1100,self,1.0,0,99,
2025-11-27T08:57:04.910819+00:00,train,1,1101,self,1.0,0,98,
2025-11-27T08:57:04.910931+00:00,train,1,1102,self,1.0,0,100,
2025-11-27T08:57:04.911039+00:00,train,1,1103,self,1.0,0,100,
2025-11-27T08:57:04.911162+00:00,train,1,1104,self,1.0,0,100,
2025-11-27T08:57:04.911268+00:00,train,1,1105,self,1.0,0,96,
2025-11-27T08:57:04.911374+00:00,train,1,1106,self,1.0,0,98,
2025-11-27T08:57:04.911477+00:00,train,1,1107,self,1.0,0,97,
2025-11-27T08:57:04.911586+00:00,train,1,1108,self,1.0,0,100,
2025-11-27T08:57:04.911688+00:00,train,1,1109,self,1.0,0,83,
2025-11-27T08:57:04.911797+00:00,train,1,1110,self,1.0,0,99,
2025-11-27T08:57:04.911900+00:00,train,1,1111,self,1.0,0,86,
2025-11-27T08:57:04.912008+00:00,train,1,1112,self,1.0,0,97,
2025-11-27T08:57:04.912111+00:00,train,1,1113,self,1.0,0,98,
2025-11-27T08:57:04.912219+00:00,train,1,1114,self,1.0,0,99,
2025-11-27T08:57:04.912322+00:00,train,1,1115,self,1.0,0,96,
2025-11-27T08:57:04.912430+00:00,train,1,1116,self,1.0,0,99,
2025-11-27T08:57:04.912534+00:00,train,1,1117,self,1.0,0,92,
2025-11-27T08:57:04.912637+00:00,train,1,1118,self,1.0,0,99,
2025-11-27T08:57:04.912745+00:00,train,1,1119,self,1.0,0,99,
2025-11-27T08:57:04.912847+00:00,train,1,1120,self,1.0,0,100,
2025-11-27T08:57:04.912955+00:00,train,1,1121,self,1.0,0,82,
2025-11-27T08:57:04.913057+00:00,train,1,1122,self,1.0,0,97,
2025-11-27T08:57:04.913165+00:00,train,1,1123,self,1.0,0,93,
2025-11-27T08:57:04.913267+00:00,train,1,1124,self,1.0,0,98,
2025-11-27T08:57:04.913375+00:00,train,1,1125,self,1.0,0,96,
2025-11-27T08:57:04.913478+00:00,train,1,1126,self,1.0,0,100,
2025-11-27T08:57:04.913585+00:00,train,1,1127,self,1.0,0,92,
2025-11-27T08:57:04.913691+00:00,train,1,1128,self,1.0,0,98,
2025-11-27T08:57:04.913793+00:00,train,1,1129,self,1.0,0,100,
2025-11-27T08:57:04.913901+00:00,train,1,1130,self,1.0,0,100,
2025-11-27T08:57:04.914003+00:00,train,1,1131,self,1.0,0,95,
2025-11-27T08:57:04.914111+00:00,train,1,1132,self,1.0,0,100,
2025-11-27T08:57:04.914213+00:00,train,1,1133,self,1.0,0,75,
2025-11-27T08:57:04.914321+00:00,train,1,1134,self,1.0,0,99,
2025-11-27T08:57:04.914423+00:00,train,1,1135,self,1.0,0,97,
2025-11-27T08:57:04.914592+00:00,train,1,1136,self,1.0,0,98,
2025-11-27T08:57:04.914771+00:00,train,1,1137,self,1.0,0,93,
2025-11-27T08:57:04.914873+00:00,train,1,1138,self,1.0,0,96,
2025-11-27T08:57:04.915022+00:00,train,1,1139,self,1.0,0,98,
2025-11-27T08:57:04.915135+00:00,train,1,1140,self,1.0,0,100,
2025-11-27T08:57:04.915295+00:00,train,1,1141,self,1.0,0,88,
2025-11-27T08:57:04.915416+00:00,train,1,1142,self,1.0,0,89,
2025-11-27T08:57:04.915529+00:00,train,1,1143,self,1.0,0,96,
2025-11-27T08:57:04.915639+00:00,train,1,1144,self,1.0,0,99,
2025-11-27T08:57:04.915746+00:00,train,1,1145,self,1.0,0,88,
2025-11-27T08:57:04.915849+00:00,train,1,1146,self,1.0,0,99,
2025-11-27T08:57:04.915957+00:00,train,1,1147,self,1.0,0,99,
2025-11-27T08:57:04.916058+00:00,train,1,1148,self,1.0,0,100,
2025-11-27T08:57:04.916164+00:00,train,1,1149,self,1.0,0,91,
2025-11-27T08:57:04.916265+00:00,train,1,1150,self,1.0,0,99,
2025-11-27T08:57:04.916372+00:00,train,1,1151,self,1.0,0,97,
2025-11-27T08:57:04.916473+00:00,train,1,1152,self,1.0,0,100,
2025-11-27T08:57:04.916579+00:00,train,1,1153,self,1.0,0,94,
2025-11-27T08:57:04.916680+00:00,train,1,1154,self,1.0,0,99,
2025-11-27T08:57:04.916786+00:00,train,1,1155,self,1.0,0,96,
2025-11-27T08:57:04.916889+00:00,train,1,1156,self,1.0,0,98,
2025-11-27T08:57:04.916989+00:00,train,1,1157,self,1.0,0,97,
2025-11-27T08:57:04.917094+00:00,train,1,1158,self,1.0,0,99,
2025-11-27T08:57:04.917194+00:00,train,1,1159,self,1.0,0,89,
2025-11-27T08:57:04.917300+00:00,train,1,1160,self,1.0,0,99,
2025-11-27T08:57:04.917401+00:00,train,1,1161,self,1.0,0,97,
2025-11-27T08:57:04.917507+00:00,train,1,1162,self,1.0,0,99,
2025-11-27T08:57:04.917606+00:00,train,1,1163,self,1.0,0,94,
2025-11-27T08:57:04.917712+00:00,train,1,1164,self,1.0,0,96,
2025-11-27T08:57:04.917815+00:00,train,1,1165,self,1.0,0,99,
2025-11-27T08:57:04.917918+00:00,train,1,1166,self,1.0,0,100,
2025-11-27T08:57:04.918020+00:00,train,1,1167,self,1.0,0,99,
2025-11-27T08:57:04.918120+00:00,train,1,1168,self,1.0,0,100,
2025-11-27T08:57:04.918228+00:00,train,1,1169,self,1.0,0,97,
2025-11-27T08:57:04.918327+00:00,train,1,1170,self,1.0,0,97,
2025-11-27T08:57:04.918475+00:00,train,1,1171,self,1.0,0,97,
2025-11-27T08:57:04.918594+00:00,train,1,1172,self,1.0,0,99,
2025-11-27T08:57:04.918763+00:00,train,1,1173,self,1.0,0,93,
2025-11-27T08:57:04.918951+00:00,train,1,1174,self,1.0,0,100,
2025-11-27T08:57:04.919058+00:00,train,1,1175,self,1.0,0,88,
2025-11-27T08:57:04.919192+00:00,train,1,1176,self,1.0,0,95,
2025-11-27T08:57:04.919294+00:00,train,1,1177,self,1.0,0,96,
2025-11-27T08:57:04.919394+00:00,train,1,1178,self,1.0,0,99,
2025-11-27T08:57:04.919528+00:00,train,1,1179,self,1.0,0,89,
2025-11-27T08:57:04.919627+00:00,train,1,1180,self,1.0,0,99,
2025-11-27T08:57:04.919761+00:00,train,1,1181,self,1.0,0,94,
2025-11-27T08:57:04.919861+00:00,train,1,1182,self,1.0,0,95,
2025-11-27T08:57:04.919983+00:00,train,1,1183,self,1.0,0,95,
2025-11-27T08:57:04.920084+00:00,train,1,1184,self,1.0,0,96,
2025-11-27T08:57:04.920184+00:00,train,1,1185,self,1.0,0,89,
2025-11-27T08:57:04.920283+00:00,train,1,1186,self,1.0,0,91,
2025-11-27T08:57:04.920382+00:00,train,1,1187,self,1.0,0,85,
2025-11-27T08:57:04.920481+00:00,train,1,1188,self,1.0,0,96,
2025-11-27T08:57:04.920580+00:00,train,1,1189,self,1.0,0,96,
2025-11-27T08:57:04.920680+00:00,train,1,1190,self,1.0,0,98,
2025-11-27T08:57:04.920779+00:00,train,1,1191,self,1.0,0,97,
2025-11-27T08:57:04.920877+00:00,train,1,1192,self,1.0,0,98,
2025-11-27T08:57:04.920976+00:00,train,1,1193,self,1.0,0,93,
2025-11-27T08:57:04.921075+00:00,train,1,1194,self,1.0,0,100,
2025-11-27T08:57:04.921173+00:00,train,1,1195,self,1.0,0,98,
2025-11-27T08:57:04.921272+00:00,train,1,1196,self,1.0,0,99,
2025-11-27T08:57:04.921370+00:00,train,1,1197,self,1.0,0,94,
2025-11-27T08:57:04.921469+00:00,train,1,1198,self,1.0,0,97,
2025-11-27T08:57:04.921568+00:00,train,1,1199,self,1.0,0,83,
2025-11-27T08:57:04.921666+00:00,train,1,1200,self,1.0,0,88,
2025-11-27T08:57:04.921765+00:00,train,1,1201,self,1.0,0,99,
2025-11-27T08:57:04.921863+00:00,train,1,1202,self,1.0,0,100,
2025-11-27T08:57:04.921964+00:00,train,1,1203,self,1.0,0,94,
2025-11-27T08:57:04.922065+00:00,train,1,1204,self,1.0,0,97,
2025-11-27T08:57:04.922165+00:00,train,1,1205,self,1.0,0,95,
2025-11-27T08:57:04.922266+00:00,train,1,1206,self,1.0,0,99,
2025-11-27T08:57:04.922367+00:00,train,1,1207,self,1.0,0,94,
2025-11-27T08:57:04.922468+00:00,train,1,1208,self,1.0,0,97,
2025-11-27T08:57:04.922568+00:00,train,1,1209,self,1.0,0,93,
2025-11-27T08:57:04.922669+00:00,train,1,1210,self,1.0,0,99,
2025-11-27T08:57:04.922770+00:00,train,1,1211,self,1.0,0,98,
2025-11-27T08:57:04.922870+00:00,train,1,1212,self,1.0,0,100,
2025-11-27T08:57:04.922970+00:00,train,1,1213,self,1.0,0,97,
2025-11-27T08:57:04.923072+00:00,train,1,1214,self,1.0,0,98,
2025-11-27T08:57:04.923172+00:00,train,1,1215,self,1.0,0,88,
2025-11-27T08:57:04.923273+00:00,train,1,1216,self,1.0,0,100,
2025-11-27T08:57:04.923373+00:00,train,1,1217,self,1.0,0,84,
2025-11-27T08:57:04.923473+00:00,train,1,1218,self,1.0,0,100,
2025-11-27T08:57:04.923574+00:00,train,1,1219,self,1.0,0,98,
2025-11-27T08:57:04.923675+00:00,train,1,1220,self,1.0,0,100,
2025-11-27T08:57:04.923776+00:00,train,1,1221,self,1.0,0,97,
2025-11-27T08:57:04.923876+00:00,train,1,1222,self,1.0,0,100,
2025-11-27T08:57:04.923977+00:00,train,1,1223,self,1.0,0,88,
2025-11-27T08:57:04.924078+00:00,train,1,1224,self,1.0,0,97,
2025-11-27T08:57:04.924178+00:00,train,1,1225,self,1.0,0,99,
2025-11-27T08:57:04.924279+00:00,train,1,1226,self,1.0,0,100,
2025-11-27T08:57:04.924380+00:00,train,1,1227,self,1.0,0,88,
2025-11-27T08:57:04.924480+00:00,train,1,1228,self,1.0,0,100,
2025-11-27T08:57:04.924581+00:00,train,1,1229,self,1.0,0,96,
2025-11-27T08:57:04.924681+00:00,train,1,1230,self,1.0,0,100,
2025-11-27T08:57:04.924782+00:00,train,1,1231,self,1.0,0,92,
2025-11-27T08:57:04.924882+00:00,train,1,1232,self,1.0,0,94,
2025-11-27T08:57:04.924982+00:00,train,1,1233,self,1.0,0,100,
2025-11-27T08:57:04.925084+00:00,train,1,1234,self,1.0,0,100,
2025-11-27T08:57:04.925184+00:00,train,1,1235,self,1.0,0,95,
2025-11-27T08:57:04.925285+00:00,train,1,1236,self,1.0,0,99,
2025-11-27T08:57:04.925385+00:00,train,1,1237,self,1.0,0,95,
2025-11-27T08:57:04.925486+00:00,train,1,1238,self,1.0,0,99,
2025-11-27T08:57:04.925587+00:00,train,1,1239,self,1.0,0,98,
2025-11-27T08:57:04.925687+00:00,train,1,1240,self,1.0,0,98,
2025-11-27T08:57:04.925787+00:00,train,1,1241,self,1.0,0,94,
2025-11-27T08:57:04.925889+00:00,train,1,1242,self,1.0,0,97,
2025-11-27T08:57:04.925989+00:00,train,1,1243,self,1.0,0,95,
2025-11-27T08:57:04.926090+00:00,train,1,1244,self,1.0,0,96,
2025-11-27T08:57:04.926191+00:00,train,1,1245,self,1.0,0,94,
2025-11-27T08:57:04.926292+00:00,train,1,1246,self,1.0,0,99,
2025-11-27T08:57:04.926393+00:00,train,1,1247,self,1.0,0,89,
2025-11-27T08:57:04.926493+00:00,train,1,1248,self,1.0,0,100,
2025-11-27T08:57:04.926594+00:00,train,1,1249,self,1.0,0,97,
2025-11-27T08:57:04.926694+00:00,train,1,1250,self,1.0,0,100,
2025-11-27T08:57:04.926795+00:00,train,1,1251,self,1.0,0,79,
2025-11-27T08:57:04.926896+00:00,train,1,1252,self,1.0,0,99,
2025-11-27T08:57:04.926996+00:00,train,1,1253,self,1.0,0,84,
2025-11-27T08:57:04.927096+00:00,train,1,1254,self,1.0,0,95,
2025-11-27T08:57:04.927196+00:00,train,1,1255,self,1.0,0,91,
2025-11-27T08:57:04.927296+00:00,train,1,1256,self,1.0,0,99,
2025-11-27T08:57:04.927398+00:00,train,1,1257,self,1.0,0,86,
2025-11-27T08:57:04.927498+00:00,train,1,1258,self,1.0,0,99,
2025-11-27T08:57:04.927598+00:00,train,1,1259,self,1.0,0,97,
2025-11-27T08:57:04.927699+00:00,train,1,1260,self,1.0,0,98,
2025-11-27T08:57:04.927799+00:00,train,1,1261,self,1.0,0,98,
2025-11-27T08:57:04.927900+00:00,train,1,1262,self,1.0,0,98,
2025-11-27T08:57:04.928000+00:00,train,1,1263,self,1.0,0,92,
2025-11-27T08:57:04.928101+00:00,train,1,1264,self,1.0,0,93,
2025-11-27T08:57:04.928202+00:00,train,1,1265,self,1.0,0,95,
2025-11-27T08:57:04.928303+00:00,train,1,1266,self,1.0,0,100,
2025-11-27T08:57:04.928404+00:00,train,1,1267,self,1.0,0,90,
2025-11-27T08:57:04.928505+00:00,train,1,1268,self,1.0,0,97,
2025-11-27T08:57:04.928607+00:00,train,1,1269,self,1.0,0,98,
2025-11-27T08:57:04.928708+00:00,train,1,1270,self,1.0,0,100,
2025-11-27T08:57:04.928809+00:00,train,1,1271,self,1.0,0,96,
2025-11-27T08:57:04.928910+00:00,train,1,1272,self,1.0,0,98,
2025-11-27T08:57:04.929010+00:00,train,1,1273,self,1.0,0,95,
2025-11-27T08:57:04.929111+00:00,train,1,1274,self,1.0,0,100,
2025-11-27T08:57:04.929212+00:00,train,1,1275,self,1.0,0,92,
2025-11-27T08:57:04.929313+00:00,train,1,1276,self,1.0,0,93,
2025-11-27T08:57:04.929414+00:00,train,1,1277,self,1.0,0,96,
2025-11-27T08:57:04.929514+00:00,train,1,1278,self,1.0,0,98,
2025-11-27T08:57:04.929618+00:00,train,1,1279,self,1.0,0,94,
2025-11-27T08:57:04.929876+00:00,train,1,1280,self,1.0,0,97,
2025-11-27T08:57:04.930002+00:00,train,1,1281,self,1.0,0,97,
2025-11-27T08:57:04.930192+00:00,train,1,1282,self,1.0,0,100,
2025-11-27T08:57:04.930322+00:00,train,1,1283,self,1.0,0,95,
2025-11-27T08:57:04.930433+00:00,train,1,1284,self,1.0,0,99,
2025-11-27T08:57:04.930560+00:00,train,1,1285,self,1.0,0,98,
2025-11-27T08:57:04.930669+00:00,train,1,1286,self,1.0,0,100,
2025-11-27T08:57:04.930835+00:00,train,1,1287,self,1.0,0,91,
2025-11-27T08:57:04.930956+00:00,train,1,1288,self,1.0,0,96,
2025-11-27T08:57:04.931065+00:00,train,1,1289,self,1.0,0,99,
2025-11-27T08:57:04.931171+00:00,train,1,1290,self,1.0,0,99,
2025-11-27T08:57:04.931275+00:00,train,1,1291,self,1.0,0,96,
2025-11-27T08:57:04.931377+00:00,train,1,1292,self,1.0,0,100,
2025-11-27T08:57:04.931479+00:00,train,1,1293,self,1.0,0,96,
2025-11-27T08:57:04.931580+00:00,train,1,1294,self,1.0,0,98,
2025-11-27T08:57:04.931680+00:00,train,1,1295,self,1.0,0,95,
2025-11-27T08:57:04.931780+00:00,train,1,1296,self,1.0,0,99,
2025-11-27T08:57:04.931928+00:00,train,1,1297,self,1.0,0,94,
2025-11-27T08:57:04.932029+00:00,train,1,1298,self,1.0,0,98,
2025-11-27T08:57:04.932129+00:00,train,1,1299,self,1.0,0,99,
2025-11-27T08:57:04.932229+00:00,train,1,1300,self,1.0,0,100,
2025-11-27T08:57:04.932329+00:00,train,1,1301,self,1.0,0,89,
2025-11-27T08:57:04.932428+00:00,train,1,1302,self,1.0,0,97,
2025-11-27T08:57:04.932528+00:00,train,1,1303,self,1.0,0,95,
2025-11-27T08:57:04.932629+00:00,train,1,1304,self,1.0,0,99,
2025-11-27T08:57:04.932729+00:00,train,1,1305,self,1.0,0,88,
2025-11-27T08:57:04.932828+00:00,train,1,1306,self,1.0,0,99,
2025-11-27T08:57:04.932928+00:00,train,1,1307,self,1.0,0,84,
2025-11-27T08:57:04.933028+00:00,train,1,1308,self,1.0,0,100,
2025-11-27T08:57:04.933128+00:00,train,1,1309,self,1.0,0,87,
2025-11-27T08:57:04.933228+00:00,train,1,1310,self,1.0,0,99,
2025-11-27T08:57:04.933327+00:00,train,1,1311,self,1.0,0,95,
2025-11-27T08:57:04.933426+00:00,train,1,1312,self,1.0,0,96,
2025-11-27T08:57:04.933526+00:00,train,1,1313,self,1.0,0,71,
2025-11-27T08:57:04.933625+00:00,train,1,1314,self,1.0,0,98,
2025-11-27T08:57:04.933725+00:00,train,1,1315,self,1.0,0,99,
2025-11-27T08:57:04.933824+00:00,train,1,1316,self,1.0,0,99,
2025-11-27T08:57:04.933923+00:00,train,1,1317,self,1.0,0,85,
2025-11-27T08:57:04.934023+00:00,train,1,1318,self,1.0,0,96,
2025-11-27T08:57:04.934123+00:00,train,1,1319,self,1.0,0,96,
2025-11-27T08:57:04.934222+00:00,train,1,1320,self,1.0,0,99,
2025-11-27T08:57:04.934322+00:00,train,1,1321,self,1.0,0,97,
2025-11-27T08:57:04.934422+00:00,train,1,1322,self,1.0,0,99,
2025-11-27T08:57:04.934521+00:00,train,1,1323,self,1.0,0,83,
2025-11-27T08:57:04.934621+00:00,train,1,1324,self,1.0,0,99,
2025-11-27T08:57:04.934720+00:00,train,1,1325,self,1.0,0,98,
2025-11-27T08:57:04.934820+00:00,train,1,1326,self,1.0,0,99,
2025-11-27T08:57:04.934919+00:00,train,1,1327,self,1.0,0,74,
2025-11-27T08:57:04.935019+00:00,train,1,1328,self,1.0,0,97,
2025-11-27T08:57:04.935117+00:00,train,1,1329,self,1.0,0,93,
2025-11-27T08:57:04.935217+00:00,train,1,1330,self,1.0,0,100,
2025-11-27T08:57:04.935316+00:00,train,1,1331,self,1.0,0,88,
2025-11-27T08:57:04.935416+00:00,train,1,1332,self,1.0,0,96,
2025-11-27T08:57:04.935514+00:00,train,1,1333,self,1.0,0,93,
2025-11-27T08:57:04.935614+00:00,train,1,1334,self,1.0,0,95,
2025-11-27T08:57:04.935715+00:00,train,1,1335,self,1.0,0,89,
2025-11-27T08:57:04.935815+00:00,train,1,1336,self,1.0,0,100,
2025-11-27T08:57:04.935914+00:00,train,1,1337,self,1.0,0,91,
2025-11-27T08:57:04.936014+00:00,train,1,1338,self,1.0,0,98,
2025-11-27T08:57:04.936114+00:00,train,1,1339,self,1.0,0,97,
2025-11-27T08:57:04.936213+00:00,train,1,1340,self,1.0,0,100,
2025-11-27T08:57:04.936312+00:00,train,1,1341,self,1.0,0,97,
2025-11-27T08:57:04.936412+00:00,train,1,1342,self,1.0,0,100,
2025-11-27T08:57:04.936512+00:00,train,1,1343,self,1.0,0,87,
2025-11-27T08:57:04.936611+00:00,train,1,1344,self,1.0,0,95,
2025-11-27T08:57:04.936711+00:00,train,1,1345,self,1.0,0,94,
2025-11-27T08:57:04.936810+00:00,train,1,1346,self,1.0,0,98,
2025-11-27T08:57:04.936909+00:00,train,1,1347,self,1.0,0,93,
2025-11-27T08:57:04.937009+00:00,train,1,1348,self,1.0,0,96,
2025-11-27T08:57:04.937109+00:00,train,1,1349,self,1.0,0,91,
2025-11-27T08:57:04.937208+00:00,train,1,1350,self,1.0,0,93,
2025-11-27T08:57:04.937308+00:00,train,1,1351,self,1.0,0,97,
2025-11-27T08:57:04.937408+00:00,train,1,1352,self,1.0,0,98,
2025-11-27T08:57:04.937507+00:00,train,1,1353,self,1.0,0,87,
2025-11-27T08:57:04.937607+00:00,train,1,1354,self,1.0,0,97,
2025-11-27T08:57:04.937707+00:00,train,1,1355,self,1.0,0,91,
2025-11-27T08:57:04.937807+00:00,train,1,1356,self,1.0,0,100,
2025-11-27T08:57:04.937907+00:00,train,1,1357,self,1.0,0,88,
2025-11-27T08:57:04.938007+00:00,train,1,1358,self,1.0,0,89,
2025-11-27T08:57:04.938106+00:00,train,1,1359,self,1.0,0,86,
2025-11-27T08:57:04.938206+00:00,train,1,1360,self,1.0,0,100,
2025-11-27T08:57:04.938306+00:00,train,1,1361,self,1.0,0,97,
2025-11-27T08:57:04.938406+00:00,train,1,1362,self,1.0,0,100,
2025-11-27T08:57:04.938506+00:00,train,1,1363,self,1.0,0,95,
2025-11-27T08:57:04.938605+00:00,train,1,1364,self,1.0,0,100,
2025-11-27T08:57:04.938704+00:00,train,1,1365,self,1.0,0,93,
2025-11-27T08:57:04.938804+00:00,train,1,1366,self,1.0,0,95,
2025-11-27T08:57:04.938903+00:00,train,1,1367,self,1.0,0,96,
2025-11-27T08:57:04.939002+00:00,train,1,1368,self,1.0,0,97,
2025-11-27T08:57:04.939102+00:00,train,1,1369,self,1.0,0,97,
2025-11-27T08:57:04.939201+00:00,train,1,1370,self,1.0,0,99,
2025-11-27T08:57:04.939301+00:00,train,1,1371,self,1.0,0,98,
2025-11-27T08:57:04.939400+00:00,train,1,1372,self,1.0,0,100,
2025-11-27T08:57:04.939499+00:00,train,1,1373,self,1.0,0,100,
2025-11-27T08:57:04.939599+00:00,train,1,1374,self,1.0,0,100,
2025-11-27T08:57:04.939698+00:00,train,1,1375,self,1.0,0,92,
2025-11-27T08:57:04.939798+00:00,train,1,1376,self,1.0,0,96,
2025-11-27T08:57:04.939897+00:00,train,1,1377,self,1.0,0,90,
2025-11-27T08:57:04.939996+00:00,train,1,1378,self,1.0,0,92,
2025-11-27T08:57:04.940095+00:00,train,1,1379,self,1.0,0,90,
2025-11-27T08:57:04.940194+00:00,train,1,1380,self,1.0,0,99,
2025-11-27T08:57:04.940294+00:00,train,1,1381,self,1.0,0,98,
2025-11-27T08:57:04.940486+00:00,train,1,1382,self,1.0,0,99,
2025-11-27T08:57:04.940605+00:00,train,1,1383,self,1.0,0,85,
2025-11-27T08:57:04.940721+00:00,train,1,1384,self,1.0,0,97,
2025-11-27T08:57:04.940848+00:00,train,1,1385,self,1.0,0,92,
2025-11-27T08:57:04.940958+00:00,train,1,1386,self,1.0,0,94,
2025-11-27T08:57:04.941081+00:00,train,1,1387,self,1.0,0,87,
2025-11-27T08:57:04.941186+00:00,train,1,1388,self,1.0,0,94,
2025-11-27T08:57:04.941310+00:00,train,1,1389,self,1.0,0,85,
2025-11-27T08:57:04.941416+00:00,train,1,1390,self,1.0,0,99,
2025-11-27T08:57:04.941542+00:00,train,1,1391,self,1.0,0,80,
2025-11-27T08:57:04.941646+00:00,train,1,1392,self,1.0,0,97,
2025-11-27T08:57:04.941770+00:00,train,1,1393,self,1.0,0,96,
2025-11-27T08:57:04.941873+00:00,train,1,1394,self,1.0,0,98,
2025-11-27T08:57:04.942087+00:00,train,1,1395,self,1.0,0,89,
2025-11-27T08:57:04.942207+00:00,train,1,1396,self,1.0,0,100,
2025-11-27T08:57:04.942316+00:00,train,1,1397,self,1.0,0,98,
2025-11-27T08:57:04.942422+00:00,train,1,1398,self,1.0,0,99,
2025-11-27T08:57:04.942526+00:00,train,1,1399,self,1.0,0,87,
2025-11-27T08:57:04.942629+00:00,train,1,1400,self,1.0,0,99,
2025-11-27T08:57:04.942732+00:00,train,1,1401,self,1.0,0,85,
2025-11-27T08:57:04.942837+00:00,train,1,1402,self,1.0,0,91,
2025-11-27T08:57:04.942939+00:00,train,1,1403,self,1.0,0,95,
2025-11-27T08:57:04.943040+00:00,train,1,1404,self,1.0,0,100,
2025-11-27T08:57:04.943141+00:00,train,1,1405,self,1.0,0,95,
2025-11-27T08:57:04.943241+00:00,train,1,1406,self,1.0,0,99,
2025-11-27T08:57:04.943341+00:00,train,1,1407,self,1.0,0,94,
2025-11-27T08:57:04.943442+00:00,train,1,1408,self,1.0,0,98,
2025-11-27T08:57:04.943542+00:00,train,1,1409,self,1.0,0,93,
2025-11-27T08:57:04.943642+00:00,train,1,1410,self,1.0,0,98,
2025-11-27T08:57:04.943742+00:00,train,1,1411,self,1.0,0,79,
2025-11-27T08:57:04.943842+00:00,train,1,1412,self,1.0,0,98,
2025-11-27T08:57:04.943942+00:00,train,1,1413,self,1.0,0,99,
2025-11-27T08:57:04.944042+00:00,train,1,1414,self,1.0,0,100,
2025-11-27T08:57:04.944142+00:00,train,1,1415,self,1.0,0,99,
2025-11-27T08:57:04.944242+00:00,train,1,1416,self,1.0,0,100,
2025-11-27T08:57:04.944342+00:00,train,1,1417,self,1.0,0,91,
2025-11-27T08:57:04.944442+00:00,train,1,1418,self,1.0,0,93,
2025-11-27T08:57:04.944542+00:00,train,1,1419,self,1.0,0,99,
2025-11-27T08:57:04.944642+00:00,train,1,1420,self,1.0,0,100,
2025-11-27T08:57:04.944742+00:00,train,1,1421,self,1.0,0,88,
2025-11-27T08:57:04.944842+00:00,train,1,1422,self,1.0,0,100,
2025-11-27T08:57:04.944943+00:00,train,1,1423,self,1.0,0,96,
2025-11-27T08:57:04.945042+00:00,train,1,1424,self,1.0,0,99,
2025-11-27T08:57:04.945142+00:00,train,1,1425,self,1.0,0,95,
2025-11-27T08:57:04.945242+00:00,train,1,1426,self,1.0,0,100,
2025-11-27T08:57:04.945342+00:00,train,1,1427,self,1.0,0,97,
2025-11-27T08:57:04.945442+00:00,train,1,1428,self,1.0,0,97,
2025-11-27T08:57:04.945542+00:00,train,1,1429,self,1.0,0,97,
2025-11-27T08:57:04.945642+00:00,train,1,1430,self,1.0,0,98,
2025-11-27T08:57:04.945742+00:00,train,1,1431,self,1.0,0,97,
2025-11-27T08:57:04.945842+00:00,train,1,1432,self,1.0,0,99,
2025-11-27T08:57:04.945942+00:00,train,1,1433,self,1.0,0,89,
2025-11-27T08:57:04.946042+00:00,train,1,1434,self,1.0,0,100,
2025-11-27T08:57:04.946141+00:00,train,1,1435,self,1.0,0,97,
2025-11-27T08:57:04.946241+00:00,train,1,1436,self,1.0,0,99,
2025-11-27T08:57:04.946340+00:00,train,1,1437,self,1.0,0,96,
2025-11-27T08:57:04.946440+00:00,train,1,1438,self,1.0,0,99,
2025-11-27T08:57:04.946540+00:00,train,1,1439,self,1.0,0,98,
2025-11-27T08:57:04.946639+00:00,train,1,1440,self,1.0,0,100,
2025-11-27T08:57:04.946739+00:00,train,1,1441,self,1.0,0,94,
2025-11-27T08:57:04.946838+00:00,train,1,1442,self,1.0,0,99,
2025-11-27T08:57:04.946938+00:00,train,1,1443,self,1.0,0,90,
2025-11-27T08:57:04.947039+00:00,train,1,1444,self,1.0,0,97,
2025-11-27T08:57:04.947139+00:00,train,1,1445,self,1.0,0,97,
2025-11-27T08:57:04.947239+00:00,train,1,1446,self,1.0,0,98,
2025-11-27T08:57:04.947339+00:00,train,1,1447,self,1.0,0,95,
2025-11-27T08:57:04.947440+00:00,train,1,1448,self,1.0,0,100,
2025-11-27T08:57:04.947540+00:00,train,1,1449,self,1.0,0,98,
2025-11-27T08:57:04.947640+00:00,train,1,1450,self,1.0,0,99,
2025-11-27T08:57:04.947740+00:00,train,1,1451,self,1.0,0,91,
2025-11-27T08:57:04.947840+00:00,train,1,1452,self,1.0,0,99,
2025-11-27T08:57:04.947940+00:00,train,1,1453,self,1.0,0,99,
2025-11-27T08:57:04.948040+00:00,train,1,1454,self,1.0,0,100,
2025-11-27T08:57:04.948140+00:00,train,1,1455,self,1.0,0,78,
2025-11-27T08:57:04.948240+00:00,train,1,1456,self,1.0,0,92,
2025-11-27T08:57:04.948340+00:00,train,1,1457,self,1.0,0,98,
2025-11-27T08:57:04.948441+00:00,train,1,1458,self,1.0,0,98,
2025-11-27T08:57:04.948541+00:00,train,1,1459,self,1.0,0,100,
2025-11-27T08:57:04.948641+00:00,train,1,1460,self,1.0,0,100,
2025-11-27T08:57:04.948741+00:00,train,1,1461,self,1.0,0,93,
2025-11-27T08:57:04.948841+00:00,train,1,1462,self,1.0,0,95,
2025-11-27T08:57:04.948942+00:00,train,1,1463,self,1.0,0,97,
2025-11-27T08:57:04.949042+00:00,train,1,1464,self,1.0,0,99,
2025-11-27T08:57:04.949143+00:00,train,1,1465,self,1.0,0,86,
2025-11-27T08:57:04.949243+00:00,train,1,1466,self,1.0,0,95,
2025-11-27T08:57:04.949345+00:00,train,1,1467,self,1.0,0,95,
2025-11-27T08:57:04.949445+00:00,train,1,1468,self,1.0,0,98,
2025-11-27T08:57:04.949546+00:00,train,1,1469,self,1.0,0,90,
2025-11-27T08:57:04.949646+00:00,train,1,1470,self,1.0,0,99,
2025-11-27T08:57:04.949746+00:00,train,1,1471,self,1.0,0,91,
2025-11-27T08:57:04.949847+00:00,train,1,1472,self,1.0,0,92,
2025-11-27T08:57:04.949948+00:00,train,1,1473,self,1.0,0,95,
2025-11-27T08:57:04.950048+00:00,train,1,1474,self,1.0,0,98,
2025-11-27T08:57:04.950148+00:00,train,1,1475,self,1.0,0,98,
2025-11-27T08:57:04.950248+00:00,train,1,1476,self,1.0,0,100,
2025-11-27T08:57:04.950348+00:00,train,1,1477,self,1.0,0,90,
2025-11-27T08:57:04.950449+00:00,train,1,1478,self,1.0,0,99,
2025-11-27T08:57:04.950598+00:00,train,1,1479,self,1.0,0,92,
2025-11-27T08:57:04.950704+00:00,train,1,1480,self,1.0,0,99,
2025-11-27T08:57:04.950804+00:00,train,1,1481,self,1.0,0,90,
2025-11-27T08:57:04.950905+00:00,train,1,1482,self,1.0,0,97,
2025-11-27T08:57:04.951005+00:00,train,1,1483,self,1.0,0,85,
2025-11-27T08:57:04.951106+00:00,train,1,1484,self,1.0,0,96,
2025-11-27T08:57:04.951206+00:00,train,1,1485,self,1.0,0,95,
2025-11-27T08:57:04.951307+00:00,train,1,1486,self,1.0,0,98,
2025-11-27T08:57:04.951408+00:00,train,1,1487,self,1.0,0,92,
2025-11-27T08:57:04.951508+00:00,train,1,1488,self,1.0,0,100,
2025-11-27T08:57:04.951609+00:00,train,1,1489,self,1.0,0,98,
2025-11-27T08:57:04.951710+00:00,train,1,1490,self,1.0,0,99,
2025-11-27T08:57:04.951830+00:00,train,1,1491,self,1.0,0,95,
2025-11-27T08:57:04.951934+00:00,train,1,1492,self,1.0,0,96,
2025-11-27T08:57:04.952037+00:00,train,1,1493,self,1.0,0,94,
2025-11-27T08:57:04.952138+00:00,train,1,1494,self,1.0,0,97,
2025-11-27T08:57:04.952239+00:00,train,1,1495,self,1.0,0,98,
2025-11-27T08:57:04.952340+00:00,train,1,1496,self,1.0,0,100,
2025-11-27T08:57:04.952441+00:00,train,1,1497,self,1.0,0,98,
2025-11-27T08:57:04.952542+00:00,train,1,1498,self,1.0,0,98,
2025-11-27T08:57:04.952643+00:00,train,1,1499,self,1.0,0,94,
2025-11-27T08:57:04.952789+00:00,train,1,1500,self,1.0,0,99,
2025-11-27T08:57:04.955003+00:00,train,1,1501,self,1.0,0,94,
2025-11-27T08:57:04.955121+00:00,train,1,1502,self,1.0,0,96,
2025-11-27T08:57:04.955223+00:00,train,1,1503,self,1.0,0,88,
2025-11-27T08:57:04.955325+00:00,train,1,1504,self,1.0,0,91,
2025-11-27T08:57:04.955540+00:00,train,1,1505,self,1.0,0,92,
2025-11-27T08:57:04.955683+00:00,train,1,1506,self,1.0,0,97,
2025-11-27T08:57:04.955815+00:00,train,1,1507,self,1.0,0,98,
2025-11-27T08:57:04.955928+00:00,train,1,1508,self,1.0,0,100,
2025-11-27T08:57:04.956053+00:00,train,1,1509,self,1.0,0,78,
2025-11-27T08:57:04.956158+00:00,train,1,1510,self,1.0,0,89,
2025-11-27T08:57:04.956313+00:00,train,1,1511,self,1.0,0,88,
2025-11-27T08:57:04.956442+00:00,train,1,1512,self,1.0,0,98,
2025-11-27T08:57:04.956619+00:00,train,1,1513,self,1.0,0,93,
2025-11-27T08:57:04.956761+00:00,train,1,1514,self,1.0,0,96,
2025-11-27T08:57:04.956949+00:00,train,1,1515,self,1.0,0,71,
2025-11-27T08:57:04.957095+00:00,train,1,1516,self,1.0,0,100,
2025-11-27T08:57:04.957255+00:00,train,1,1517,self,1.0,0,98,
2025-11-27T08:57:04.957379+00:00,train,1,1518,self,1.0,0,98,
2025-11-27T08:57:04.957494+00:00,train,1,1519,self,1.0,0,92,
2025-11-27T08:57:04.957710+00:00,train,1,1520,self,1.0,0,98,
2025-11-27T08:57:04.957858+00:00,train,1,1521,self,1.0,0,96,
2025-11-27T08:57:04.957979+00:00,train,1,1522,self,1.0,0,100,
2025-11-27T08:57:04.958094+00:00,train,1,1523,self,1.0,0,89,
2025-11-27T08:57:04.958246+00:00,train,1,1524,self,1.0,0,99,
2025-11-27T08:57:04.958376+00:00,train,1,1525,self,1.0,0,96,
2025-11-27T08:57:04.958489+00:00,train,1,1526,self,1.0,0,98,
2025-11-27T08:57:04.958600+00:00,train,1,1527,self,1.0,0,86,
2025-11-27T08:57:04.958754+00:00,train,1,1528,self,1.0,0,99,
2025-11-27T08:57:04.958878+00:00,train,1,1529,self,1.0,0,95,
2025-11-27T08:57:04.959008+00:00,train,1,1530,self,1.0,0,99,
2025-11-27T08:57:04.959135+00:00,train,1,1531,self,1.0,0,95,
2025-11-27T08:57:04.959258+00:00,train,1,1532,self,1.0,0,96,
2025-11-27T08:57:04.959372+00:00,train,1,1533,self,1.0,0,98,
2025-11-27T08:57:04.959511+00:00,train,1,1534,self,1.0,0,100,
2025-11-27T08:57:04.959622+00:00,train,1,1535,self,1.0,0,92,
2025-11-27T08:57:04.959801+00:00,train,1,1536,self,1.0,0,97,
2025-11-27T08:57:04.959936+00:00,train,1,1537,self,1.0,0,86,
2025-11-27T08:57:04.960075+00:00,train,1,1538,self,1.0,0,98,
2025-11-27T08:57:04.960199+00:00,train,1,1539,self,1.0,0,95,
2025-11-27T08:57:04.960321+00:00,train,1,1540,self,1.0,0,100,
2025-11-27T08:57:04.960440+00:00,train,1,1541,self,1.0,0,90,
2025-11-27T08:57:04.960559+00:00,train,1,1542,self,1.0,0,94,
2025-11-27T08:57:04.960678+00:00,train,1,1543,self,1.0,0,95,
2025-11-27T08:57:04.960802+00:00,train,1,1544,self,1.0,0,96,
2025-11-27T08:57:04.960920+00:00,train,1,1545,self,1.0,0,88,
2025-11-27T08:57:04.961037+00:00,train,1,1546,self,1.0,0,99,
2025-11-27T08:57:04.961171+00:00,train,1,1547,self,1.0,0,99,
2025-11-27T08:57:04.961291+00:00,train,1,1548,self,1.0,0,100,
2025-11-27T08:57:04.961410+00:00,train,1,1549,self,1.0,0,94,
2025-11-27T08:57:04.961530+00:00,train,1,1550,self,1.0,0,100,
2025-11-27T08:57:04.961650+00:00,train,1,1551,self,1.0,0,95,
2025-11-27T08:57:04.961770+00:00,train,1,1552,self,1.0,0,97,
2025-11-27T08:57:04.961890+00:00,train,1,1553,self,1.0,0,98,
2025-11-27T08:57:04.962043+00:00,train,1,1554,self,1.0,0,99,
2025-11-27T08:57:04.962167+00:00,train,1,1555,self,1.0,0,92,
2025-11-27T08:57:04.962328+00:00,train,1,1556,self,1.0,0,94,
2025-11-27T08:57:04.962460+00:00,train,1,1557,self,1.0,0,99,
2025-11-27T08:57:04.962586+00:00,train,1,1558,self,1.0,0,100,
2025-11-27T08:57:04.962709+00:00,train,1,1559,self,1.0,0,98,
2025-11-27T08:57:04.962843+00:00,train,1,1560,self,1.0,0,98,
2025-11-27T08:57:04.962963+00:00,train,1,1561,self,1.0,0,98,
2025-11-27T08:57:04.963131+00:00,train,1,1562,self,1.0,0,100,
2025-11-27T08:57:04.963254+00:00,train,1,1563,self,1.0,0,86,
2025-11-27T08:57:04.963425+00:00,train,1,1564,self,1.0,0,98,
2025-11-27T08:57:04.963592+00:00,train,1,1565,self,1.0,0,96,
2025-11-27T08:57:04.963727+00:00,train,1,1566,self,1.0,0,100,
2025-11-27T08:57:04.963854+00:00,train,1,1567,self,1.0,0,84,
2025-11-27T08:57:04.963980+00:00,train,1,1568,self,1.0,0,100,
2025-11-27T08:57:04.964101+00:00,train,1,1569,self,1.0,0,85,
2025-11-27T08:57:04.964222+00:00,train,1,1570,self,1.0,0,100,
2025-11-27T08:57:04.964343+00:00,train,1,1571,self,1.0,0,97,
2025-11-27T08:57:04.964463+00:00,train,1,1572,self,1.0,0,98,
2025-11-27T08:57:04.964582+00:00,train,1,1573,self,1.0,0,92,
2025-11-27T08:57:04.964706+00:00,train,1,1574,self,1.0,0,94,
2025-11-27T08:57:04.964826+00:00,train,1,1575,self,1.0,0,87,
2025-11-27T08:57:04.964946+00:00,train,1,1576,self,1.0,0,100,
2025-11-27T08:57:04.965065+00:00,train,1,1577,self,1.0,0,94,
2025-11-27T08:57:04.965183+00:00,train,1,1578,self,1.0,0,95,
2025-11-27T08:57:04.965302+00:00,train,1,1579,self,1.0,0,98,
2025-11-27T08:57:04.965420+00:00,train,1,1580,self,1.0,0,98,
2025-11-27T08:57:04.965539+00:00,train,1,1581,self,1.0,0,88,
2025-11-27T08:57:04.965658+00:00,train,1,1582,self,1.0,0,94,
2025-11-27T08:57:04.965777+00:00,train,1,1583,self,1.0,0,85,
2025-11-27T08:57:04.965896+00:00,train,1,1584,self,1.0,0,91,
2025-11-27T08:57:04.966015+00:00,train,1,1585,self,1.0,0,100,
2025-11-27T08:57:04.966133+00:00,train,1,1586,self,1.0,0,100,
2025-11-27T08:57:04.966256+00:00,train,1,1587,self,1.0,0,82,
2025-11-27T08:57:04.966375+00:00,train,1,1588,self,1.0,0,100,
2025-11-27T08:57:04.966493+00:00,train,1,1589,self,1.0,0,96,
2025-11-27T08:57:04.966613+00:00,train,1,1590,self,1.0,0,100,
2025-11-27T08:57:04.966731+00:00,train,1,1591,self,1.0,0,96,
2025-11-27T08:57:04.966850+00:00,train,1,1592,self,1.0,0,99,
2025-11-27T08:57:04.966969+00:00,train,1,1593,self,1.0,0,95,
2025-11-27T08:57:04.967100+00:00,train,1,1594,self,1.0,0,100,
2025-11-27T08:57:04.967215+00:00,train,1,1595,self,1.0,0,83,
2025-11-27T08:57:04.967330+00:00,train,1,1596,self,1.0,0,98,
2025-11-27T08:57:04.967446+00:00,train,1,1597,self,1.0,0,95,
2025-11-27T08:57:04.967563+00:00,train,1,1598,self,1.0,0,96,
2025-11-27T08:57:04.967679+00:00,train,1,1599,self,1.0,0,97,
2025-11-27T08:57:04.967794+00:00,train,1,1600,self,1.0,0,98,
2025-11-27T08:57:04.967910+00:00,train,1,1601,self,1.0,0,99,
2025-11-27T08:57:04.968039+00:00,train,1,1602,self,1.0,0,99,
2025-11-27T08:57:04.968151+00:00,train,1,1603,self,1.0,0,91,
2025-11-27T08:57:04.968264+00:00,train,1,1604,self,1.0,0,95,
2025-11-27T08:57:04.968376+00:00,train,1,1605,self,1.0,0,75,
2025-11-27T08:57:04.968487+00:00,train,1,1606,self,1.0,0,83,
2025-11-27T08:57:04.968600+00:00,train,1,1607,self,1.0,0,88,
2025-11-27T08:57:04.968712+00:00,train,1,1608,self,1.0,0,90,
2025-11-27T08:57:04.968824+00:00,train,1,1609,self,1.0,0,96,
2025-11-27T08:57:04.968936+00:00,train,1,1610,self,1.0,0,99,
2025-11-27T08:57:04.969062+00:00,train,1,1611,self,1.0,0,99,
2025-11-27T08:57:04.969171+00:00,train,1,1612,self,1.0,0,99,
2025-11-27T08:57:04.969280+00:00,train,1,1613,self,1.0,0,99,
2025-11-27T08:57:04.969389+00:00,train,1,1614,self,1.0,0,100,
2025-11-27T08:57:04.969498+00:00,train,1,1615,self,1.0,0,90,
2025-11-27T08:57:04.969607+00:00,train,1,1616,self,1.0,0,95,
2025-11-27T08:57:04.969716+00:00,train,1,1617,self,1.0,0,93,
2025-11-27T08:57:04.969824+00:00,train,1,1618,self,1.0,0,96,
2025-11-27T08:57:04.969933+00:00,train,1,1619,self,1.0,0,93,
2025-11-27T08:57:04.970042+00:00,train,1,1620,self,1.0,0,99,
2025-11-27T08:57:04.970162+00:00,train,1,1621,self,1.0,0,99,
2025-11-27T08:57:04.970267+00:00,train,1,1622,self,1.0,0,100,
2025-11-27T08:57:04.970373+00:00,train,1,1623,self,1.0,0,91,
2025-11-27T08:57:04.970479+00:00,train,1,1624,self,1.0,0,98,
2025-11-27T08:57:04.970585+00:00,train,1,1625,self,1.0,0,92,
2025-11-27T08:57:04.970691+00:00,train,1,1626,self,1.0,0,93,
2025-11-27T08:57:04.970797+00:00,train,1,1627,self,1.0,0,93,
2025-11-27T08:57:04.970913+00:00,train,1,1628,self,1.0,0,95,
2025-11-27T08:57:04.971020+00:00,train,1,1629,self,1.0,0,99,
2025-11-27T08:57:04.971138+00:00,train,1,1630,self,1.0,0,99,
2025-11-27T08:57:04.971241+00:00,train,1,1631,self,1.0,0,97,
2025-11-27T08:57:04.971345+00:00,train,1,1632,self,1.0,0,99,
2025-11-27T08:57:04.971448+00:00,train,1,1633,self,1.0,0,100,
2025-11-27T08:57:04.971551+00:00,train,1,1634,self,1.0,0,100,
2025-11-27T08:57:04.971655+00:00,train,1,1635,self,1.0,0,97,
2025-11-27T08:57:04.971759+00:00,train,1,1636,self,1.0,0,100,
2025-11-27T08:57:04.971862+00:00,train,1,1637,self,1.0,0,96,
2025-11-27T08:57:04.971968+00:00,train,1,1638,self,1.0,0,100,
2025-11-27T08:57:04.972104+00:00,train,1,1639,self,1.0,0,96,
2025-11-27T08:57:04.972207+00:00,train,1,1640,self,1.0,0,96,
2025-11-27T08:57:04.972308+00:00,train,1,1641,self,1.0,0,97,
2025-11-27T08:57:04.972408+00:00,train,1,1642,self,1.0,0,99,
2025-11-27T08:57:04.972509+00:00,train,1,1643,self,1.0,0,85,
2025-11-27T08:57:04.972611+00:00,train,1,1644,self,1.0,0,99,
2025-11-27T08:57:04.972712+00:00,train,1,1645,self,1.0,0,94,
2025-11-27T08:57:04.972812+00:00,train,1,1646,self,1.0,0,97,
2025-11-27T08:57:04.972913+00:00,train,1,1647,self,1.0,0,86,
2025-11-27T08:57:04.973015+00:00,train,1,1648,self,1.0,0,95,
2025-11-27T08:57:04.973127+00:00,train,1,1649,self,1.0,0,79,
2025-11-27T08:57:04.973225+00:00,train,1,1650,self,1.0,0,86,
2025-11-27T08:57:04.973323+00:00,train,1,1651,self,1.0,0,94,
2025-11-27T08:57:04.973421+00:00,train,1,1652,self,1.0,0,98,
2025-11-27T08:57:04.973519+00:00,train,1,1653,self,1.0,0,91,
2025-11-27T08:57:04.973617+00:00,train,1,1654,self,1.0,0,95,
2025-11-27T08:57:04.973714+00:00,train,1,1655,self,1.0,0,83,
2025-11-27T08:57:04.973813+00:00,train,1,1656,self,1.0,0,100,
2025-11-27T08:57:04.973911+00:00,train,1,1657,self,1.0,0,98,
2025-11-27T08:57:04.974010+00:00,train,1,1658,self,1.0,0,100,
2025-11-27T08:57:04.974108+00:00,train,1,1659,self,1.0,0,96,
2025-11-27T08:57:04.974206+00:00,train,1,1660,self,1.0,0,99,
2025-11-27T08:57:04.974304+00:00,train,1,1661,self,1.0,0,97,
2025-11-27T08:57:04.974403+00:00,train,1,1662,self,1.0,0,98,
2025-11-27T08:57:04.974501+00:00,train,1,1663,self,1.0,0,82,
2025-11-27T08:57:04.974601+00:00,train,1,1664,self,1.0,0,97,
2025-11-27T08:57:04.974700+00:00,train,1,1665,self,1.0,0,85,
2025-11-27T08:57:04.974799+00:00,train,1,1666,self,1.0,0,92,
2025-11-27T08:57:04.974898+00:00,train,1,1667,self,1.0,0,99,
2025-11-27T08:57:04.974995+00:00,train,1,1668,self,1.0,0,99,
2025-11-27T08:57:04.975093+00:00,train,1,1669,self,1.0,0,95,
2025-11-27T08:57:04.975192+00:00,train,1,1670,self,1.0,0,99,
2025-11-27T08:57:04.975289+00:00,train,1,1671,self,1.0,0,95,
2025-11-27T08:57:04.975387+00:00,train,1,1672,self,1.0,0,100,
2025-11-27T08:57:04.975485+00:00,train,1,1673,self,1.0,0,93,
2025-11-27T08:57:04.975583+00:00,train,1,1674,self,1.0,0,99,
2025-11-27T08:57:04.975681+00:00,train,1,1675,self,1.0,0,85,
2025-11-27T08:57:04.975780+00:00,train,1,1676,self,1.0,0,100,
2025-11-27T08:57:04.975878+00:00,train,1,1677,self,1.0,0,93,
2025-11-27T08:57:04.975976+00:00,train,1,1678,self,1.0,0,96,
2025-11-27T08:57:04.976075+00:00,train,1,1679,self,1.0,0,85,
2025-11-27T08:57:04.976175+00:00,train,1,1680,self,1.0,0,90,
2025-11-27T08:57:04.976274+00:00,train,1,1681,self,1.0,0,84,
2025-11-27T08:57:04.976372+00:00,train,1,1682,self,1.0,0,100,
2025-11-27T08:57:04.976470+00:00,train,1,1683,self,1.0,0,91,
2025-11-27T08:57:04.976568+00:00,train,1,1684,self,1.0,0,99,
2025-11-27T08:57:04.976667+00:00,train,1,1685,self,1.0,0,91,
2025-11-27T08:57:04.976765+00:00,train,1,1686,self,1.0,0,100,
2025-11-27T08:57:04.976862+00:00,train,1,1687,self,1.0,0,77,
2025-11-27T08:57:04.976960+00:00,train,1,1688,self,1.0,0,100,
2025-11-27T08:57:04.977059+00:00,train,1,1689,self,1.0,0,97,
2025-11-27T08:57:04.977219+00:00,train,1,1690,self,1.0,0,99,
2025-11-27T08:57:04.977318+00:00,train,1,1691,self,1.0,0,99,
2025-11-27T08:57:04.977417+00:00,train,1,1692,self,1.0,0,100,
2025-11-27T08:57:04.977516+00:00,train,1,1693,self,1.0,0,98,
2025-11-27T08:57:04.977614+00:00,train,1,1694,self,1.0,0,100,
2025-11-27T08:57:04.977712+00:00,train,1,1695,self,1.0,0,96,
2025-11-27T08:57:04.977811+00:00,train,1,1696,self,1.0,0,97,
2025-11-27T08:57:04.977909+00:00,train,1,1697,self,1.0,0,85,
2025-11-27T08:57:04.978008+00:00,train,1,1698,self,1.0,0,99,
2025-11-27T08:57:04.978106+00:00,train,1,1699,self,1.0,0,84,
2025-11-27T08:57:04.978204+00:00,train,1,1700,self,1.0,0,94,
2025-11-27T08:57:04.978302+00:00,train,1,1701,self,1.0,0,96,
2025-11-27T08:57:04.978401+00:00,train,1,1702,self,1.0,0,99,
2025-11-27T08:57:04.978499+00:00,train,1,1703,self,1.0,0,87,
2025-11-27T08:57:04.978598+00:00,train,1,1704,self,1.0,0,92,
2025-11-27T08:57:04.978696+00:00,train,1,1705,self,1.0,0,90,
2025-11-27T08:57:04.978794+00:00,train,1,1706,self,1.0,0,99,
2025-11-27T08:57:04.978893+00:00,train,1,1707,self,1.0,0,97,
2025-11-27T08:57:04.978991+00:00,train,1,1708,self,1.0,0,100,
2025-11-27T08:57:04.979089+00:00,train,1,1709,self,1.0,0,94,
2025-11-27T08:57:04.979188+00:00,train,1,1710,self,1.0,0,99,
2025-11-27T08:57:04.979286+00:00,train,1,1711,self,1.0,0,97,
2025-11-27T08:57:04.979385+00:00,train,1,1712,self,1.0,0,98,
2025-11-27T08:57:04.979483+00:00,train,1,1713,self,1.0,0,90,
2025-11-27T08:57:04.979582+00:00,train,1,1714,self,1.0,0,100,
2025-11-27T08:57:04.979680+00:00,train,1,1715,self,1.0,0,96,
2025-11-27T08:57:04.979778+00:00,train,1,1716,self,1.0,0,100,
2025-11-27T08:57:04.979876+00:00,train,1,1717,self,1.0,0,87,
2025-11-27T08:57:04.979975+00:00,train,1,1718,self,1.0,0,97,
2025-11-27T08:57:04.980073+00:00,train,1,1719,self,1.0,0,81,
2025-11-27T08:57:04.980171+00:00,train,1,1720,self,1.0,0,90,
2025-11-27T08:57:04.980268+00:00,train,1,1721,self,1.0,0,95,
2025-11-27T08:57:04.980366+00:00,train,1,1722,self,1.0,0,95,
2025-11-27T08:57:04.980464+00:00,train,1,1723,self,1.0,0,97,
2025-11-27T08:57:04.980606+00:00,train,1,1724,self,1.0,0,99,
2025-11-27T08:57:04.980705+00:00,train,1,1725,self,1.0,0,94,
2025-11-27T08:57:04.980804+00:00,train,1,1726,self,1.0,0,98,
2025-11-27T08:57:04.980903+00:00,train,1,1727,self,1.0,0,87,
2025-11-27T08:57:04.981001+00:00,train,1,1728,self,1.0,0,98,
2025-11-27T08:57:04.981100+00:00,train,1,1729,self,1.0,0,92,
2025-11-27T08:57:04.981200+00:00,train,1,1730,self,1.0,0,94,
2025-11-27T08:57:04.981299+00:00,train,1,1731,self,1.0,0,90,
2025-11-27T08:57:04.981398+00:00,train,1,1732,self,1.0,0,99,
2025-11-27T08:57:04.981496+00:00,train,1,1733,self,1.0,0,99,
2025-11-27T08:57:04.981594+00:00,train,1,1734,self,1.0,0,99,
2025-11-27T08:57:04.981693+00:00,train,1,1735,self,1.0,0,100,
2025-11-27T08:57:04.981791+00:00,train,1,1736,self,1.0,0,100,
2025-11-27T08:57:04.981928+00:00,train,1,1737,self,1.0,0,97,
2025-11-27T08:57:04.982045+00:00,train,1,1738,self,1.0,0,100,
2025-11-27T08:57:04.982144+00:00,train,1,1739,self,1.0,0,96,
2025-11-27T08:57:04.982244+00:00,train,1,1740,self,1.0,0,100,
2025-11-27T08:57:04.982342+00:00,train,1,1741,self,1.0,0,92,
2025-11-27T08:57:04.982441+00:00,train,1,1742,self,1.0,0,93,
2025-11-27T08:57:04.982539+00:00,train,1,1743,self,1.0,0,93,
2025-11-27T08:57:04.982638+00:00,train,1,1744,self,1.0,0,99,
2025-11-27T08:57:04.982736+00:00,train,1,1745,self,1.0,0,98,
2025-11-27T08:57:04.982835+00:00,train,1,1746,self,1.0,0,99,
2025-11-27T08:57:04.982933+00:00,train,1,1747,self,1.0,0,91,
2025-11-27T08:57:04.983032+00:00,train,1,1748,self,1.0,0,100,
2025-11-27T08:57:04.983132+00:00,train,1,1749,self,1.0,0,92,
2025-11-27T08:57:04.983231+00:00,train,1,1750,self,1.0,0,100,
2025-11-27T08:57:04.983330+00:00,train,1,1751,self,1.0,0,80,
2025-11-27T08:57:04.983429+00:00,train,1,1752,self,1.0,0,100,
2025-11-27T08:57:04.983528+00:00,train,1,1753,self,1.0,0,80,
2025-11-27T08:57:04.983631+00:00,train,1,1754,self,1.0,0,97,
2025-11-27T08:57:04.983730+00:00,train,1,1755,self,1.0,0,95,
2025-11-27T08:57:04.983829+00:00,train,1,1756,self,1.0,0,100,
2025-11-27T08:57:04.983928+00:00,train,1,1757,self,1.0,0,86,
2025-11-27T08:57:04.984030+00:00,train,1,1758,self,1.0,0,100,
2025-11-27T08:57:04.984129+00:00,train,1,1759,self,1.0,0,97,
2025-11-27T08:57:04.984228+00:00,train,1,1760,self,1.0,0,100,
2025-11-27T08:57:04.984326+00:00,train,1,1761,self,1.0,0,94,
2025-11-27T08:57:04.984425+00:00,train,1,1762,self,1.0,0,94,
2025-11-27T08:57:04.984523+00:00,train,1,1763,self,1.0,0,94,
2025-11-27T08:57:04.984621+00:00,train,1,1764,self,1.0,0,99,
2025-11-27T08:57:04.984719+00:00,train,1,1765,self,1.0,0,88,
2025-11-27T08:57:04.984900+00:00,train,1,1766,self,1.0,0,100,
2025-11-27T08:57:04.984999+00:00,train,1,1767,self,1.0,0,93,
2025-11-27T08:57:04.985098+00:00,train,1,1768,self,1.0,0,99,
2025-11-27T08:57:04.985196+00:00,train,1,1769,self,1.0,0,94,
2025-11-27T08:57:04.985294+00:00,train,1,1770,self,1.0,0,99,
2025-11-27T08:57:04.985392+00:00,train,1,1771,self,1.0,0,93,
2025-11-27T08:57:04.985490+00:00,train,1,1772,self,1.0,0,97,
2025-11-27T08:57:04.985588+00:00,train,1,1773,self,1.0,0,95,
2025-11-27T08:57:04.985686+00:00,train,1,1774,self,1.0,0,95,
2025-11-27T08:57:04.985784+00:00,train,1,1775,self,1.0,0,93,
2025-11-27T08:57:04.985927+00:00,train,1,1776,self,1.0,0,93,
2025-11-27T08:57:04.986026+00:00,train,1,1777,self,1.0,0,96,
2025-11-27T08:57:04.986124+00:00,train,1,1778,self,1.0,0,98,
2025-11-27T08:57:04.986224+00:00,train,1,1779,self,1.0,0,97,
2025-11-27T08:57:04.986323+00:00,train,1,1780,self,1.0,0,99,
2025-11-27T08:57:04.986421+00:00,train,1,1781,self,1.0,0,88,
2025-11-27T08:57:04.986519+00:00,train,1,1782,self,1.0,0,90,
2025-11-27T08:57:04.986617+00:00,train,1,1783,self,1.0,0,97,
2025-11-27T08:57:04.986716+00:00,train,1,1784,self,1.0,0,97,
2025-11-27T08:57:04.986815+00:00,train,1,1785,self,1.0,0,77,
2025-11-27T08:57:04.986913+00:00,train,1,1786,self,1.0,0,98,
2025-11-27T08:57:04.987012+00:00,train,1,1787,self,1.0,0,97,
2025-11-27T08:57:04.987113+00:00,train,1,1788,self,1.0,0,99,
2025-11-27T08:57:04.987212+00:00,train,1,1789,self,1.0,0,92,
2025-11-27T08:57:04.987310+00:00,train,1,1790,self,1.0,0,98,
2025-11-27T08:57:04.987409+00:00,train,1,1791,self,1.0,0,94,
2025-11-27T08:57:04.987507+00:00,train,1,1792,self,1.0,0,100,
2025-11-27T08:57:04.987606+00:00,train,1,1793,self,1.0,0,94,
2025-11-27T08:57:04.987704+00:00,train,1,1794,self,1.0,0,100,
2025-11-27T08:57:04.987803+00:00,train,1,1795,self,1.0,0,80,
2025-11-27T08:57:04.987903+00:00,train,1,1796,self,1.0,0,98,
2025-11-27T08:57:04.988002+00:00,train,1,1797,self,1.0,0,97,
2025-11-27T08:57:04.988101+00:00,train,1,1798,self,1.0,0,99,
2025-11-27T08:57:04.988200+00:00,train,1,1799,self,1.0,0,91,
2025-11-27T08:57:04.988299+00:00,train,1,1800,self,1.0,0,99,
2025-11-27T08:57:04.988397+00:00,train,1,1801,self,1.0,0,95,
2025-11-27T08:57:04.988495+00:00,train,1,1802,self,1.0,0,99,
2025-11-27T08:57:04.988594+00:00,train,1,1803,self,1.0,0,90,
2025-11-27T08:57:04.988693+00:00,train,1,1804,self,1.0,0,100,
2025-11-27T08:57:04.988791+00:00,train,1,1805,self,1.0,0,92,
2025-11-27T08:57:04.988890+00:00,train,1,1806,self,1.0,0,94,
2025-11-27T08:57:04.988988+00:00,train,1,1807,self,1.0,0,97,
2025-11-27T08:57:04.989087+00:00,train,1,1808,self,1.0,0,100,
2025-11-27T08:57:04.989186+00:00,train,1,1809,self,1.0,0,86,
2025-11-27T08:57:04.989284+00:00,train,1,1810,self,1.0,0,98,
2025-11-27T08:57:04.989383+00:00,train,1,1811,self,1.0,0,98,
2025-11-27T08:57:04.989482+00:00,train,1,1812,self,1.0,0,100,
2025-11-27T08:57:04.989580+00:00,train,1,1813,self,1.0,0,86,
2025-11-27T08:57:04.989679+00:00,train,1,1814,self,1.0,0,93,
2025-11-27T08:57:04.989777+00:00,train,1,1815,self,1.0,0,96,
2025-11-27T08:57:04.989876+00:00,train,1,1816,self,1.0,0,96,
2025-11-27T08:57:04.989975+00:00,train,1,1817,self,1.0,0,95,
2025-11-27T08:57:04.990073+00:00,train,1,1818,self,1.0,0,100,
2025-11-27T08:57:04.990172+00:00,train,1,1819,self,1.0,0,88,
2025-11-27T08:57:04.990270+00:00,train,1,1820,self,1.0,0,89,
2025-11-27T08:57:04.990368+00:00,train,1,1821,self,1.0,0,92,
2025-11-27T08:57:04.990467+00:00,train,1,1822,self,1.0,0,96,
2025-11-27T08:57:04.990566+00:00,train,1,1823,self,1.0,0,95,
2025-11-27T08:57:04.990664+00:00,train,1,1824,self,1.0,0,96,
2025-11-27T08:57:04.990762+00:00,train,1,1825,self,1.0,0,99,
2025-11-27T08:57:04.990861+00:00,train,1,1826,self,1.0,0,100,
2025-11-27T08:57:04.990959+00:00,train,1,1827,self,1.0,0,93,
2025-11-27T08:57:04.991058+00:00,train,1,1828,self,1.0,0,100,
2025-11-27T08:57:04.991156+00:00,train,1,1829,self,1.0,0,95,
2025-11-27T08:57:04.991255+00:00,train,1,1830,self,1.0,0,97,
2025-11-27T08:57:04.991353+00:00,train,1,1831,self,1.0,0,91,
2025-11-27T08:57:04.991452+00:00,train,1,1832,self,1.0,0,98,
2025-11-27T08:57:04.991550+00:00,train,1,1833,self,1.0,0,94,
2025-11-27T08:57:04.991649+00:00,train,1,1834,self,1.0,0,95,
2025-11-27T08:57:04.991747+00:00,train,1,1835,self,1.0,0,92,
2025-11-27T08:57:04.991845+00:00,train,1,1836,self,1.0,0,96,
2025-11-27T08:57:04.991944+00:00,train,1,1837,self,1.0,0,98,
2025-11-27T08:57:04.992043+00:00,train,1,1838,self,1.0,0,99,
2025-11-27T08:57:04.992141+00:00,train,1,1839,self,1.0,0,92,
2025-11-27T08:57:04.992240+00:00,train,1,1840,self,1.0,0,98,
2025-11-27T08:57:04.992338+00:00,train,1,1841,self,1.0,0,92,
2025-11-27T08:57:04.992437+00:00,train,1,1842,self,1.0,0,96,
2025-11-27T08:57:04.992535+00:00,train,1,1843,self,1.0,0,81,
2025-11-27T08:57:04.992633+00:00,train,1,1844,self,1.0,0,99,
2025-11-27T08:57:04.992731+00:00,train,1,1845,self,1.0,0,94,
2025-11-27T08:57:04.992830+00:00,train,1,1846,self,1.0,0,98,
2025-11-27T08:57:04.992928+00:00,train,1,1847,self,1.0,0,98,
2025-11-27T08:57:04.993061+00:00,train,1,1848,self,1.0,0,100,
2025-11-27T08:57:04.993228+00:00,train,1,1849,self,1.0,0,95,
2025-11-27T08:57:04.993327+00:00,train,1,1850,self,1.0,0,97,
2025-11-27T08:57:04.993426+00:00,train,1,1851,self,1.0,0,92,
2025-11-27T08:57:04.993524+00:00,train,1,1852,self,1.0,0,97,
2025-11-27T08:57:04.993622+00:00,train,1,1853,self,1.0,0,92,
2025-11-27T08:57:04.993720+00:00,train,1,1854,self,1.0,0,100,
2025-11-27T08:57:04.993819+00:00,train,1,1855,self,1.0,0,78,
2025-11-27T08:57:04.993917+00:00,train,1,1856,self,1.0,0,99,
2025-11-27T08:57:04.994016+00:00,train,1,1857,self,1.0,0,95,
2025-11-27T08:57:04.994114+00:00,train,1,1858,self,1.0,0,98,
2025-11-27T08:57:04.994259+00:00,train,1,1859,self,1.0,0,89,
2025-11-27T08:57:04.994393+00:00,train,1,1860,self,1.0,0,98,
2025-11-27T08:57:04.994492+00:00,train,1,1861,self,1.0,0,95,
2025-11-27T08:57:04.994592+00:00,train,1,1862,self,1.0,0,99,
2025-11-27T08:57:04.994691+00:00,train,1,1863,self,1.0,0,99,
2025-11-27T08:57:04.994789+00:00,train,1,1864,self,1.0,0,100,
2025-11-27T08:57:04.994887+00:00,train,1,1865,self,1.0,0,95,
2025-11-27T08:57:04.994986+00:00,train,1,1866,self,1.0,0,96,
2025-11-27T08:57:04.995084+00:00,train,1,1867,self,1.0,0,95,
2025-11-27T08:57:04.995229+00:00,train,1,1868,self,1.0,0,100,
2025-11-27T08:57:04.995328+00:00,train,1,1869,self,1.0,0,96,
2025-11-27T08:57:04.995427+00:00,train,1,1870,self,1.0,0,97,
2025-11-27T08:57:04.995524+00:00,train,1,1871,self,1.0,0,94,
2025-11-27T08:57:04.995624+00:00,train,1,1872,self,1.0,0,99,
2025-11-27T08:57:04.995722+00:00,train,1,1873,self,1.0,0,92,
2025-11-27T08:57:04.995820+00:00,train,1,1874,self,1.0,0,97,
2025-11-27T08:57:04.995918+00:00,train,1,1875,self,1.0,0,92,
2025-11-27T08:57:04.996017+00:00,train,1,1876,self,1.0,0,97,
2025-11-27T08:57:04.996115+00:00,train,1,1877,self,1.0,0,100,
2025-11-27T08:57:04.996216+00:00,train,1,1878,self,1.0,0,100,
2025-11-27T08:57:04.996314+00:00,train,1,1879,self,1.0,0,97,
2025-11-27T08:57:04.996413+00:00,train,1,1880,self,1.0,0,100,
2025-11-27T08:57:04.996511+00:00,train,1,1881,self,1.0,0,96,
2025-11-27T08:57:04.996640+00:00,train,1,1882,self,1.0,0,97,
2025-11-27T08:57:04.996755+00:00,train,1,1883,self,1.0,0,89,
2025-11-27T08:57:04.996853+00:00,train,1,1884,self,1.0,0,99,
2025-11-27T08:57:04.996952+00:00,train,1,1885,self,1.0,0,97,
2025-11-27T08:57:04.997050+00:00,train,1,1886,self,1.0,0,97,
2025-11-27T08:57:04.997151+00:00,train,1,1887,self,1.0,0,93,
2025-11-27T08:57:04.997250+00:00,train,1,1888,self,1.0,0,95,
2025-11-27T08:57:04.997348+00:00,train,1,1889,self,1.0,0,95,
2025-11-27T08:57:04.997446+00:00,train,1,1890,self,1.0,0,97,
2025-11-27T08:57:04.997545+00:00,train,1,1891,self,1.0,0,87,
2025-11-27T08:57:04.997642+00:00,train,1,1892,self,1.0,0,97,
2025-11-27T08:57:04.997741+00:00,train,1,1893,self,1.0,0,92,
2025-11-27T08:57:04.997839+00:00,train,1,1894,self,1.0,0,97,
2025-11-27T08:57:04.997938+00:00,train,1,1895,self,1.0,0,92,
2025-11-27T08:57:04.998036+00:00,train,1,1896,self,1.0,0,94,
2025-11-27T08:57:04.998134+00:00,train,1,1897,self,1.0,0,96,
2025-11-27T08:57:04.998233+00:00,train,1,1898,self,1.0,0,97,
2025-11-27T08:57:04.998331+00:00,train,1,1899,self,1.0,0,97,
2025-11-27T08:57:04.998429+00:00,train,1,1900,self,1.0,0,97,
2025-11-27T08:57:04.998527+00:00,train,1,1901,self,1.0,0,87,
2025-11-27T08:57:04.998625+00:00,train,1,1902,self,1.0,0,94,
2025-11-27T08:57:04.998723+00:00,train,1,1903,self,1.0,0,96,
2025-11-27T08:57:04.998821+00:00,train,1,1904,self,1.0,0,98,
2025-11-27T08:57:04.998919+00:00,train,1,1905,self,1.0,0,80,
2025-11-27T08:57:04.999018+00:00,train,1,1906,self,1.0,0,91,
2025-11-27T08:57:04.999115+00:00,train,1,1907,self,1.0,0,92,
2025-11-27T08:57:04.999214+00:00,train,1,1908,self,1.0,0,92,
2025-11-27T08:57:04.999312+00:00,train,1,1909,self,1.0,0,90,
2025-11-27T08:57:04.999410+00:00,train,1,1910,self,1.0,0,98,
2025-11-27T08:57:04.999508+00:00,train,1,1911,self,1.0,0,94,
2025-11-27T08:57:04.999607+00:00,train,1,1912,self,1.0,0,97,
2025-11-27T08:57:04.999705+00:00,train,1,1913,self,1.0,0,92,
2025-11-27T08:57:04.999803+00:00,train,1,1914,self,1.0,0,97,
2025-11-27T08:57:04.999901+00:00,train,1,1915,self,1.0,0,97,
2025-11-27T08:57:04.999999+00:00,train,1,1916,self,1.0,0,99,
2025-11-27T08:57:05.000097+00:00,train,1,1917,self,1.0,0,80,
2025-11-27T08:57:05.000195+00:00,train,1,1918,self,1.0,0,85,
2025-11-27T08:57:05.000294+00:00,train,1,1919,self,1.0,0,99,
2025-11-27T08:57:05.000392+00:00,train,1,1920,self,1.0,0,100,
2025-11-27T08:57:05.000491+00:00,train,1,1921,self,1.0,0,96,
2025-11-27T08:57:05.000589+00:00,train,1,1922,self,1.0,0,100,
2025-11-27T08:57:05.000691+00:00,train,1,1923,self,1.0,0,89,
2025-11-27T08:57:05.000790+00:00,train,1,1924,self,1.0,0,100,
2025-11-27T08:57:05.000888+00:00,train,1,1925,self,1.0,0,97,
2025-11-27T08:57:05.000986+00:00,train,1,1926,self,1.0,0,99,
2025-11-27T08:57:05.001084+00:00,train,1,1927,self,1.0,0,94,
2025-11-27T08:57:05.001183+00:00,train,1,1928,self,1.0,0,98,
2025-11-27T08:57:05.001281+00:00,train,1,1929,self,1.0,0,93,
2025-11-27T08:57:05.001379+00:00,train,1,1930,self,1.0,0,94,
2025-11-27T08:57:05.001476+00:00,train,1,1931,self,1.0,0,90,
2025-11-27T08:57:05.001574+00:00,train,1,1932,self,1.0,0,100,
2025-11-27T08:57:05.001672+00:00,train,1,1933,self,1.0,0,97,
2025-11-27T08:57:05.001770+00:00,train,1,1934,self,1.0,0,100,
2025-11-27T08:57:05.001868+00:00,train,1,1935,self,1.0,0,100,
2025-11-27T08:57:05.001966+00:00,train,1,1936,self,1.0,0,100,
2025-11-27T08:57:05.002065+00:00,train,1,1937,self,1.0,0,91,
2025-11-27T08:57:05.002163+00:00,train,1,1938,self,1.0,0,97,
2025-11-27T08:57:05.002261+00:00,train,1,1939,self,1.0,0,87,
2025-11-27T08:57:05.002358+00:00,train,1,1940,self,1.0,0,97,
2025-11-27T08:57:05.002456+00:00,train,1,1941,self,1.0,0,85,
2025-11-27T08:57:05.002554+00:00,train,1,1942,self,1.0,0,99,
2025-11-27T08:57:05.002652+00:00,train,1,1943,self,1.0,0,96,
2025-11-27T08:57:05.002751+00:00,train,1,1944,self,1.0,0,99,
2025-11-27T08:57:05.002848+00:00,train,1,1945,self,1.0,0,93,
2025-11-27T08:57:05.002946+00:00,train,1,1946,self,1.0,0,97,
2025-11-27T08:57:05.003044+00:00,train,1,1947,self,1.0,0,93,
2025-11-27T08:57:05.003143+00:00,train,1,1948,self,1.0,0,99,
2025-11-27T08:57:05.003240+00:00,train,1,1949,self,1.0,0,90,
2025-11-27T08:57:05.003339+00:00,train,1,1950,self,1.0,0,96,
2025-11-27T08:57:05.003437+00:00,train,1,1951,self,1.0,0,96,
2025-11-27T08:57:05.003535+00:00,train,1,1952,self,1.0,0,100,
2025-11-27T08:57:05.003633+00:00,train,1,1953,self,1.0,0,98,
2025-11-27T08:57:05.003732+00:00,train,1,1954,self,1.0,0,100,
2025-11-27T08:57:05.003830+00:00,train,1,1955,self,1.0,0,93,
2025-11-27T08:57:05.003928+00:00,train,1,1956,self,1.0,0,95,
2025-11-27T08:57:05.004025+00:00,train,1,1957,self,1.0,0,89,
2025-11-27T08:57:05.004123+00:00,train,1,1958,self,1.0,0,96,
2025-11-27T08:57:05.004275+00:00,train,1,1959,self,1.0,0,83,
2025-11-27T08:57:05.004378+00:00,train,1,1960,self,1.0,0,100,
2025-11-27T08:57:05.004476+00:00,train,1,1961,self,1.0,0,93,
2025-11-27T08:57:05.004575+00:00,train,1,1962,self,1.0,0,99,
2025-11-27T08:57:05.004673+00:00,train,1,1963,self,1.0,0,95,
2025-11-27T08:57:05.004771+00:00,train,1,1964,self,1.0,0,97,
2025-11-27T08:57:05.004869+00:00,train,1,1965,self,1.0,0,94,
2025-11-27T08:57:05.004967+00:00,train,1,1966,self,1.0,0,100,
2025-11-27T08:57:05.005066+00:00,train,1,1967,self,1.0,0,89,
2025-11-27T08:57:05.005164+00:00,train,1,1968,self,1.0,0,96,
2025-11-27T08:57:05.005262+00:00,train,1,1969,self,1.0,0,92,
2025-11-27T08:57:05.005360+00:00,train,1,1970,self,1.0,0,99,
2025-11-27T08:57:05.005503+00:00,train,1,1971,self,1.0,0,97,
2025-11-27T08:57:05.005602+00:00,train,1,1972,self,1.0,0,99,
2025-11-27T08:57:05.005700+00:00,train,1,1973,self,1.0,0,98,
2025-11-27T08:57:05.005799+00:00,train,1,1974,self,1.0,0,98,
2025-11-27T08:57:05.005897+00:00,train,1,1975,self,1.0,0,99,
2025-11-27T08:57:05.005995+00:00,train,1,1976,self,1.0,0,100,
2025-11-27T08:57:05.006093+00:00,train,1,1977,self,1.0,0,94,
2025-11-27T08:57:05.006193+00:00,train,1,1978,self,1.0,0,96,
2025-11-27T08:57:05.006292+00:00,train,1,1979,self,1.0,0,77,
2025-11-27T08:57:05.006390+00:00,train,1,1980,self,1.0,0,98,
2025-11-27T08:57:05.006489+00:00,train,1,1981,self,1.0,0,92,
2025-11-27T08:57:05.006587+00:00,train,1,1982,self,1.0,0,95,
2025-11-27T08:57:05.006685+00:00,train,1,1983,self,1.0,0,90,
2025-11-27T08:57:05.006783+00:00,train,1,1984,self,1.0,0,98,
2025-11-27T08:57:05.006882+00:00,train,1,1985,self,1.0,0,91,
2025-11-27T08:57:05.006980+00:00,train,1,1986,self,1.0,0,97,
2025-11-27T08:57:05.007078+00:00,train,1,1987,self,1.0,0,98,
2025-11-27T08:57:05.007179+00:00,train,1,1988,self,1.0,0,100,
2025-11-27T08:57:05.007277+00:00,train,1,1989,self,1.0,0,95,
2025-11-27T08:57:05.007375+00:00,train,1,1990,self,1.0,0,98,
2025-11-27T08:57:05.007473+00:00,train,1,1991,self,1.0,0,94,
2025-11-27T08:57:05.007571+00:00,train,1,1992,self,1.0,0,100,
2025-11-27T08:57:05.007668+00:00,train,1,1993,self,1.0,0,98,
2025-11-27T08:57:05.007768+00:00,train,1,1994,self,1.0,0,99,
2025-11-27T08:57:05.007866+00:00,train,1,1995,self,1.0,0,96,
2025-11-27T08:57:05.007964+00:00,train,1,1996,self,1.0,0,99,
2025-11-27T08:57:05.008062+00:00,train,1,1997,self,1.0,0,89,
2025-11-27T08:57:05.008159+00:00,train,1,1998,self,1.0,0,100,
2025-11-27T08:57:05.008258+00:00,train,1,1999,self,1.0,0,93,
2025-11-27T08:57:05.008357+00:00,train,1,2000,self,1.0,0,100,
2025-11-27T09:06:27.734642+00:00,baseline_eval,1,2001,baseline,0.0509499999999937,1,98,99
2025-11-27T09:06:27.734909+00:00,baseline_eval,1,2002,baseline,0.0509499999999937,1,94,95
2025-11-27T09:06:27.735453+00:00,baseline_eval,1,2003,baseline,0.0509499999999937,1,99,100
2025-11-27T09:06:27.735635+00:00,baseline_eval,1,2004,baseline,0.0509499999999937,1,96,97
2025-11-27T09:06:27.735796+00:00,baseline_eval,1,2005,baseline,0.0509499999999937,1,99,100
2025-11-27T09:06:27.735951+00:00,baseline_eval,1,2006,baseline,0.0509499999999937,1,99,100
2025-11-27T09:06:27.736102+00:00,baseline_eval,1,2007,baseline,0.0509499999999937,1,97,98
2025-11-27T09:06:27.736257+00:00,baseline_eval,1,2008,baseline,0.0509499999999937,1,99,100
2025-11-27T09:06:27.736407+00:00,baseline_eval,1,2009,baseline,0.0509499999999937,1,99,100
2025-11-27T09:06:27.736554+00:00,baseline_eval,1,2010,baseline,0.0509499999999937,1,99,100
2025-11-27T09:06:27.736701+00:00,baseline_eval,1,2011,baseline,0.0509499999999937,1,97,98
2025-11-27T09:06:27.736847+00:00,baseline_eval,1,2012,baseline,0.0509499999999937,1,99,100
2025-11-27T09:06:27.736993+00:00,baseline_eval,1,2013,baseline,0.0509499999999937,1,98,99
2025-11-27T09:06:27.737147+00:00,baseline_eval,1,2014,baseline,0.0509499999999937,1,78,79
2025-11-27T09:06:27.737294+00:00,baseline_eval,1,2015,baseline,0.0509499999999937,1,96,97
2025-11-27T09:06:27.737439+00:00,baseline_eval,1,2016,baseline,0.0509499999999937,1,99,100
2025-11-27T09:06:27.737584+00:00,baseline_eval,1,2017,baseline,0.0509499999999937,1,93,94
2025-11-27T09:06:27.737728+00:00,baseline_eval,1,2018,baseline,0.0509499999999937,1,95,96
2025-11-27T09:06:27.737873+00:00,baseline_eval,1,2019,baseline,0.0509499999999937,1,97,98
2025-11-27T09:06:27.738017+00:00,baseline_eval,1,2020,baseline,0.0509499999999937,1,97,98
2025-11-27T09:06:27.738162+00:00,baseline_eval,1,2021,baseline,0.0509499999999937,1,99,100
2025-11-27T09:06:27.738307+00:00,baseline_eval,1,2022,baseline,0.0509499999999937,1,88,89
2025-11-27T09:06:27.738453+00:00,baseline_eval,1,2023,baseline,0.0509499999999937,1,98,99
2025-11-27T09:06:27.738599+00:00,baseline_eval,1,2024,baseline,0.0509499999999937,1,98,99
2025-11-27T09:06:27.738744+00:00,baseline_eval,1,2025,baseline,0.0509499999999937,1,93,94
2025-11-27T09:06:27.738889+00:00,baseline_eval,1,2026,baseline,0.0509499999999937,1,99,100
2025-11-27T09:06:27.739033+00:00,baseline_eval,1,2027,baseline,0.0509499999999937,1,98,99
2025-11-27T09:06:27.739179+00:00,baseline_eval,1,2028,baseline,0.0509499999999937,1,98,99
2025-11-27T09:06:27.739323+00:00,baseline_eval,1,2029,baseline,0.0509499999999937,1,95,96
2025-11-27T09:06:27.739468+00:00,baseline_eval,1,2030,baseline,0.0509499999999937,1,96,97
2025-11-27T09:06:27.739614+00:00,baseline_eval,1,2031,baseline,0.0509499999999937,1,98,99
2025-11-27T09:06:27.739759+00:00,baseline_eval,1,2032,baseline,0.0509499999999937,1,96,97
2025-11-27T09:06:27.739904+00:00,baseline_eval,1,2033,baseline,0.0509499999999937,1,98,99
2025-11-27T09:06:27.740049+00:00,baseline_eval,1,2034,baseline,0.0509499999999937,1,99,100
2025-11-27T09:06:27.740207+00:00,baseline_eval,1,2035,baseline,0.0509499999999937,1,96,97
2025-11-27T09:06:27.740360+00:00,baseline_eval,1,2036,baseline,0.0509499999999937,1,99,100
2025-11-27T09:06:27.740513+00:00,baseline_eval,1,2037,baseline,0.0509499999999937,1,84,85
2025-11-27T09:06:27.740668+00:00,baseline_eval,1,2038,baseline,0.0509499999999937,1,97,98
2025-11-27T09:06:27.740818+00:00,baseline_eval,1,2039,baseline,0.0509499999999937,1,96,97
2025-11-27T09:06:27.740971+00:00,baseline_eval,1,2040,baseline,0.0509499999999937,1,98,99
2025-11-27T09:06:27.741125+00:00,baseline_eval,1,2041,baseline,0.0509499999999937,1,98,99
2025-11-27T09:06:27.741272+00:00,baseline_eval,1,2042,baseline,0.0509499999999937,1,98,99
2025-11-27T09:06:27.741430+00:00,baseline_eval,1,2043,baseline,0.0509499999999937,1,90,91
2025-11-27T09:06:27.741581+00:00,baseline_eval,1,2044,baseline,0.0509499999999937,1,98,99
2025-11-27T09:06:27.741727+00:00,baseline_eval,1,2045,baseline,0.0509499999999937,1,99,100
2025-11-27T09:06:27.741878+00:00,baseline_eval,1,2046,baseline,0.0509499999999937,1,98,99
2025-11-27T09:06:27.742153+00:00,baseline_eval,1,2047,baseline,0.0509499999999937,1,97,98
2025-11-27T09:06:27.742473+00:00,baseline_eval,1,2048,baseline,0.0509499999999937,1,87,88
2025-11-27T09:06:27.742782+00:00,baseline_eval,1,2049,baseline,0.0509499999999937,1,91,92
2025-11-27T09:06:27.742988+00:00,baseline_eval,1,2050,baseline,0.0509499999999937,1,99,100
2025-11-27T09:06:27.743154+00:00,baseline_eval,1,2051,baseline,0.0509499999999937,1,98,99
2025-11-27T09:06:27.743311+00:00,baseline_eval,1,2052,baseline,0.0509499999999937,1,98,99
2025-11-27T09:06:27.743483+00:00,baseline_eval,1,2053,baseline,0.0509499999999937,1,92,93
2025-11-27T09:06:27.743636+00:00,baseline_eval,1,2054,baseline,0.0509499999999937,1,99,100
2025-11-27T09:06:27.743796+00:00,baseline_eval,1,2055,baseline,0.0509499999999937,1,99,100
2025-11-27T09:06:27.743949+00:00,baseline_eval,1,2056,baseline,0.0509499999999937,1,99,100
2025-11-27T09:06:27.744096+00:00,baseline_eval,1,2057,baseline,0.0509499999999937,1,92,93
2025-11-27T09:06:27.744244+00:00,baseline_eval,1,2058,baseline,0.0509499999999937,1,92,93
2025-11-27T09:06:27.744388+00:00,baseline_eval,1,2059,baseline,0.0509499999999937,1,99,100
2025-11-27T09:06:27.744530+00:00,baseline_eval,1,2060,baseline,0.0509499999999937,1,99,100
2025-11-27T09:06:27.744671+00:00,baseline_eval,1,2061,baseline,0.0509499999999937,1,97,98
2025-11-27T09:06:27.744820+00:00,baseline_eval,1,2062,baseline,0.0509499999999937,1,85,86
2025-11-27T09:06:27.744963+00:00,baseline_eval,1,2063,baseline,0.0509499999999937,1,99,100
2025-11-27T09:06:27.745104+00:00,baseline_eval,1,2064,baseline,0.0509499999999937,1,96,97
2025-11-27T09:06:27.745244+00:00,baseline_eval,1,2065,baseline,0.0509499999999937,1,98,99
2025-11-27T09:06:27.745385+00:00,baseline_eval,1,2066,baseline,0.0509499999999937,1,83,84
2025-11-27T09:06:27.745525+00:00,baseline_eval,1,2067,baseline,0.0509499999999937,1,99,100
2025-11-27T09:06:27.745666+00:00,baseline_eval,1,2068,baseline,0.0509499999999937,1,97,98
2025-11-27T09:06:27.745814+00:00,baseline_eval,1,2069,baseline,0.0509499999999937,1,97,98
2025-11-27T09:06:27.745957+00:00,baseline_eval,1,2070,baseline,0.0509499999999937,1,99,100
2025-11-27T09:06:27.746097+00:00,baseline_eval,1,2071,baseline,0.0509499999999937,1,87,88
2025-11-27T09:06:27.746287+00:00,baseline_eval,1,2072,baseline,0.0509499999999937,1,97,98
2025-11-27T09:06:27.746484+00:00,baseline_eval,1,2073,baseline,0.0509499999999937,1,94,95
2025-11-27T09:06:27.746646+00:00,baseline_eval,1,2074,baseline,0.0509499999999937,1,97,98
2025-11-27T09:06:27.746808+00:00,baseline_eval,1,2075,baseline,0.0509499999999937,1,91,92
2025-11-27T09:06:27.746967+00:00,baseline_eval,1,2076,baseline,0.0509499999999937,1,98,99
2025-11-27T09:06:27.747116+00:00,baseline_eval,1,2077,baseline,0.0509499999999937,1,94,95
2025-11-27T09:06:27.747275+00:00,baseline_eval,1,2078,baseline,0.0509499999999937,1,75,76
2025-11-27T09:06:27.747497+00:00,baseline_eval,1,2079,baseline,0.0509499999999937,1,94,95
2025-11-27T09:06:27.747736+00:00,baseline_eval,1,2080,baseline,0.0509499999999937,1,98,99
2025-11-27T09:06:27.748032+00:00,baseline_eval,1,2081,baseline,0.0509499999999937,1,99,100
2025-11-27T09:06:27.748215+00:00,baseline_eval,1,2082,baseline,0.0509499999999937,1,99,100
2025-11-27T09:06:27.748380+00:00,baseline_eval,1,2083,baseline,0.0509499999999937,1,97,98
2025-11-27T09:06:27.748533+00:00,baseline_eval,1,2084,baseline,0.0509499999999937,1,90,91
2025-11-27T09:06:27.748682+00:00,baseline_eval,1,2085,baseline,0.0509499999999937,1,93,94
2025-11-27T09:06:27.748831+00:00,baseline_eval,1,2086,baseline,0.0509499999999937,1,98,99
2025-11-27T09:06:27.748977+00:00,baseline_eval,1,2087,baseline,0.0509499999999937,1,89,90
2025-11-27T09:06:27.749119+00:00,baseline_eval,1,2088,baseline,0.0509499999999937,1,99,100
2025-11-27T09:06:27.749261+00:00,baseline_eval,1,2089,baseline,0.0509499999999937,1,97,98
2025-11-27T09:06:27.749400+00:00,baseline_eval,1,2090,baseline,0.0509499999999937,1,99,100
2025-11-27T09:06:27.749546+00:00,baseline_eval,1,2091,baseline,0.0509499999999937,1,98,99
2025-11-27T09:06:27.749689+00:00,baseline_eval,1,2092,baseline,0.0509499999999937,1,98,99
2025-11-27T09:06:27.749839+00:00,baseline_eval,1,2093,baseline,0.0509499999999937,1,96,97
2025-11-27T09:06:27.749986+00:00,baseline_eval,1,2094,baseline,0.0509499999999937,1,99,100
2025-11-27T09:06:27.750128+00:00,baseline_eval,1,2095,baseline,0.0509499999999937,1,99,100
2025-11-27T09:06:27.750276+00:00,baseline_eval,1,2096,baseline,0.0509499999999937,1,81,82
2025-11-27T09:06:27.750420+00:00,baseline_eval,1,2097,baseline,0.0509499999999937,1,96,97
2025-11-27T09:06:27.750560+00:00,baseline_eval,1,2098,baseline,0.0509499999999937,1,96,97
2025-11-27T09:06:27.750699+00:00,baseline_eval,1,2099,baseline,0.0509499999999937,1,96,97
2025-11-27T09:06:27.750837+00:00,baseline_eval,1,2100,baseline,0.0509499999999937,1,84,85
2025-11-27T09:08:30.007410+00:00,selfplay_eval,1,2101,selfplay_eval,0.0509499999999937,0,95,95
2025-11-27T09:08:30.007655+00:00,selfplay_eval,1,2102,selfplay_eval,0.0509499999999937,1,95,96
2025-11-27T09:08:30.008230+00:00,selfplay_eval,1,2103,selfplay_eval,0.0509499999999937,1,94,95
2025-11-27T09:08:30.008422+00:00,selfplay_eval,1,2104,selfplay_eval,0.0509499999999937,1,89,90
2025-11-27T09:08:30.008592+00:00,selfplay_eval,1,2105,selfplay_eval,0.0509499999999937,1,97,98
2025-11-27T09:08:30.008756+00:00,selfplay_eval,1,2106,selfplay_eval,0.0509499999999937,0,97,97
2025-11-27T09:08:30.008915+00:00,selfplay_eval,1,2107,selfplay_eval,0.0509499999999937,1,97,98
2025-11-27T09:08:30.009080+00:00,selfplay_eval,1,2108,selfplay_eval,0.0509499999999937,1,97,98
2025-11-27T09:08:30.009229+00:00,selfplay_eval,1,2109,selfplay_eval,0.0509499999999937,0,97,97
2025-11-27T09:08:30.009375+00:00,selfplay_eval,1,2110,selfplay_eval,0.0509499999999937,1,98,99
2025-11-27T09:08:30.009522+00:00,selfplay_eval,1,2111,selfplay_eval,0.0509499999999937,1,93,94
2025-11-27T09:08:30.009668+00:00,selfplay_eval,1,2112,selfplay_eval,0.0509499999999937,1,95,96
2025-11-27T09:08:30.009815+00:00,selfplay_eval,1,2113,selfplay_eval,0.0509499999999937,1,96,97
2025-11-27T09:08:30.009966+00:00,selfplay_eval,1,2114,selfplay_eval,0.0509499999999937,1,97,98
2025-11-27T09:08:30.010112+00:00,selfplay_eval,1,2115,selfplay_eval,0.0509499999999937,1,86,87
2025-11-27T09:08:30.010257+00:00,selfplay_eval,1,2116,selfplay_eval,0.0509499999999937,0,93,93
2025-11-27T09:08:30.010401+00:00,selfplay_eval,1,2117,selfplay_eval,0.0509499999999937,1,93,94
2025-11-27T09:08:30.010545+00:00,selfplay_eval,1,2118,selfplay_eval,0.0509499999999937,0,97,97
2025-11-27T09:08:30.010690+00:00,selfplay_eval,1,2119,selfplay_eval,0.0509499999999937,0,89,89
2025-11-27T09:08:30.010834+00:00,selfplay_eval,1,2120,selfplay_eval,0.0509499999999937,0,94,94
2025-11-27T09:08:30.010985+00:00,selfplay_eval,1,2121,selfplay_eval,0.0509499999999937,0,81,81
2025-11-27T09:08:30.011131+00:00,selfplay_eval,1,2122,selfplay_eval,0.0509499999999937,0,93,93
2025-11-27T09:08:30.011279+00:00,selfplay_eval,1,2123,selfplay_eval,0.0509499999999937,0,96,96
2025-11-27T09:08:30.011424+00:00,selfplay_eval,1,2124,selfplay_eval,0.0509499999999937,1,92,93
2025-11-27T09:08:30.011569+00:00,selfplay_eval,1,2125,selfplay_eval,0.0509499999999937,0,95,95
2025-11-27T09:08:30.011719+00:00,selfplay_eval,1,2126,selfplay_eval,0.0509499999999937,0,90,90
2025-11-27T09:08:30.011865+00:00,selfplay_eval,1,2127,selfplay_eval,0.0509499999999937,1,94,95
2025-11-27T09:08:30.012014+00:00,selfplay_eval,1,2128,selfplay_eval,0.0509499999999937,1,94,95
2025-11-27T09:08:30.012228+00:00,selfplay_eval,1,2129,selfplay_eval,0.0509499999999937,1,92,93
2025-11-27T09:08:30.012373+00:00,selfplay_eval,1,2130,selfplay_eval,0.0509499999999937,1,97,98
2025-11-27T09:08:30.012524+00:00,selfplay_eval,1,2131,selfplay_eval,0.0509499999999937,1,82,83
2025-11-27T09:08:30.012670+00:00,selfplay_eval,1,2132,selfplay_eval,0.0509499999999937,1,99,100
2025-11-27T09:08:30.012817+00:00,selfplay_eval,1,2133,selfplay_eval,0.0509499999999937,1,99,100
2025-11-27T09:08:30.012964+00:00,selfplay_eval,1,2134,selfplay_eval,0.0509499999999937,1,95,96
2025-11-27T09:08:30.013108+00:00,selfplay_eval,1,2135,selfplay_eval,0.0509499999999937,0,87,87
2025-11-27T09:08:30.013251+00:00,selfplay_eval,1,2136,selfplay_eval,0.0509499999999937,1,96,97
2025-11-27T09:08:30.013395+00:00,selfplay_eval,1,2137,selfplay_eval,0.0509499999999937,1,91,92
2025-11-27T09:08:30.013538+00:00,selfplay_eval,1,2138,selfplay_eval,0.0509499999999937,0,92,92
2025-11-27T09:08:30.013680+00:00,selfplay_eval,1,2139,selfplay_eval,0.0509499999999937,1,85,86
2025-11-27T09:08:30.013823+00:00,selfplay_eval,1,2140,selfplay_eval,0.0509499999999937,1,99,100
2025-11-27T09:08:30.013964+00:00,selfplay_eval,1,2141,selfplay_eval,0.0509499999999937,0,84,84
2025-11-27T09:08:30.014115+00:00,selfplay_eval,1,2142,selfplay_eval,0.0509499999999937,0,95,95
2025-11-27T09:08:30.014260+00:00,selfplay_eval,1,2143,selfplay_eval,0.0509499999999937,1,84,85
2025-11-27T09:08:30.014419+00:00,selfplay_eval,1,2144,selfplay_eval,0.0509499999999937,0,99,99
2025-11-27T09:08:30.014642+00:00,selfplay_eval,1,2145,selfplay_eval,0.0509499999999937,0,94,94
2025-11-27T09:08:30.014930+00:00,selfplay_eval,1,2146,selfplay_eval,0.0509499999999937,0,94,94
2025-11-27T09:08:30.015107+00:00,selfplay_eval,1,2147,selfplay_eval,0.0509499999999937,1,72,73
2025-11-27T09:08:30.015261+00:00,selfplay_eval,1,2148,selfplay_eval,0.0509499999999937,0,98,98
2025-11-27T09:08:30.015407+00:00,selfplay_eval,1,2149,selfplay_eval,0.0509499999999937,1,97,98
2025-11-27T09:08:30.015550+00:00,selfplay_eval,1,2150,selfplay_eval,0.0509499999999937,1,97,98
2025-11-27T09:08:30.015696+00:00,selfplay_eval,1,2151,selfplay_eval,0.0509499999999937,0,93,93
2025-11-27T09:08:30.015835+00:00,selfplay_eval,1,2152,selfplay_eval,0.0509499999999937,1,83,84
2025-11-27T09:08:30.015973+00:00,selfplay_eval,1,2153,selfplay_eval,0.0509499999999937,0,89,89
2025-11-27T09:08:30.016111+00:00,selfplay_eval,1,2154,selfplay_eval,0.0509499999999937,1,91,92
2025-11-27T09:08:30.016248+00:00,selfplay_eval,1,2155,selfplay_eval,0.0509499999999937,1,91,92
2025-11-27T09:08:30.016393+00:00,selfplay_eval,1,2156,selfplay_eval,0.0509499999999937,1,97,98
2025-11-27T09:08:30.016529+00:00,selfplay_eval,1,2157,selfplay_eval,0.0509499999999937,1,96,97
2025-11-27T09:08:30.016670+00:00,selfplay_eval,1,2158,selfplay_eval,0.0509499999999937,1,87,88
2025-11-27T09:08:30.016812+00:00,selfplay_eval,1,2159,selfplay_eval,0.0509499999999937,0,98,98
2025-11-27T09:08:30.016955+00:00,selfplay_eval,1,2160,selfplay_eval,0.0509499999999937,0,90,90
2025-11-27T09:08:30.017100+00:00,selfplay_eval,1,2161,selfplay_eval,0.0509499999999937,1,93,94
2025-11-27T09:08:30.017241+00:00,selfplay_eval,1,2162,selfplay_eval,0.0509499999999937,1,98,99
2025-11-27T09:08:30.017390+00:00,selfplay_eval,1,2163,selfplay_eval,0.0509499999999937,0,90,90
2025-11-27T09:08:30.017546+00:00,selfplay_eval,1,2164,selfplay_eval,0.0509499999999937,0,77,77
2025-11-27T09:08:30.017687+00:00,selfplay_eval,1,2165,selfplay_eval,0.0509499999999937,0,88,88
2025-11-27T09:08:30.017951+00:00,selfplay_eval,1,2166,selfplay_eval,0.0509499999999937,0,92,92
2025-11-27T09:08:30.018144+00:00,selfplay_eval,1,2167,selfplay_eval,0.0509499999999937,0,95,95
2025-11-27T09:08:30.018303+00:00,selfplay_eval,1,2168,selfplay_eval,0.0509499999999937,0,92,92
2025-11-27T09:08:30.018453+00:00,selfplay_eval,1,2169,selfplay_eval,0.0509499999999937,1,99,100
2025-11-27T09:08:30.018598+00:00,selfplay_eval,1,2170,selfplay_eval,0.0509499999999937,1,96,97
2025-11-27T09:08:30.018739+00:00,selfplay_eval,1,2171,selfplay_eval,0.0509499999999937,0,96,96
2025-11-27T09:08:30.018884+00:00,selfplay_eval,1,2172,selfplay_eval,0.0509499999999937,0,80,80
2025-11-27T09:08:30.019026+00:00,selfplay_eval,1,2173,selfplay_eval,0.0509499999999937,1,91,92
2025-11-27T09:08:30.019168+00:00,selfplay_eval,1,2174,selfplay_eval,0.0509499999999937,1,91,92
2025-11-27T09:08:30.019309+00:00,selfplay_eval,1,2175,selfplay_eval,0.0509499999999937,1,92,93
2025-11-27T09:08:30.019448+00:00,selfplay_eval,1,2176,selfplay_eval,0.0509499999999937,1,89,90
2025-11-27T09:08:30.019586+00:00,selfplay_eval,1,2177,selfplay_eval,0.0509499999999937,1,97,98
2025-11-27T09:08:30.019724+00:00,selfplay_eval,1,2178,selfplay_eval,0.0509499999999937,0,86,86
2025-11-27T09:08:30.019864+00:00,selfplay_eval,1,2179,selfplay_eval,0.0509499999999937,0,98,98
2025-11-27T09:08:30.020002+00:00,selfplay_eval,1,2180,selfplay_eval,0.0509499999999937,1,99,100
2025-11-27T09:08:30.020142+00:00,selfplay_eval,1,2181,selfplay_eval,0.0509499999999937,1,94,95
2025-11-27T09:08:30.020280+00:00,selfplay_eval,1,2182,selfplay_eval,0.0509499999999937,1,89,90
2025-11-27T09:08:30.020419+00:00,selfplay_eval,1,2183,selfplay_eval,0.0509499999999937,1,81,82
2025-11-27T09:08:30.020560+00:00,selfplay_eval,1,2184,selfplay_eval,0.0509499999999937,1,87,88
2025-11-27T09:08:30.020702+00:00,selfplay_eval,1,2185,selfplay_eval,0.0509499999999937,0,97,97
2025-11-27T09:08:30.020856+00:00,selfplay_eval,1,2186,selfplay_eval,0.0509499999999937,0,96,96
2025-11-27T09:08:30.020998+00:00,selfplay_eval,1,2187,selfplay_eval,0.0509499999999937,1,95,96
2025-11-27T09:08:30.021140+00:00,selfplay_eval,1,2188,selfplay_eval,0.0509499999999937,1,83,84
2025-11-27T09:08:30.021284+00:00,selfplay_eval,1,2189,selfplay_eval,0.0509499999999937,0,97,97
2025-11-27T09:08:30.021435+00:00,selfplay_eval,1,2190,selfplay_eval,0.0509499999999937,1,93,94
2025-11-27T09:08:30.021724+00:00,selfplay_eval,1,2191,selfplay_eval,0.0509499999999937,1,96,97
2025-11-27T09:08:30.021936+00:00,selfplay_eval,1,2192,selfplay_eval,0.0509499999999937,1,98,99
2025-11-27T09:08:30.022110+00:00,selfplay_eval,1,2193,selfplay_eval,0.0509499999999937,0,98,98
2025-11-27T09:08:30.022321+00:00,selfplay_eval,1,2194,selfplay_eval,0.0509499999999937,0,92,92
2025-11-27T09:08:30.022539+00:00,selfplay_eval,1,2195,selfplay_eval,0.0509499999999937,0,93,93
2025-11-27T09:08:30.022716+00:00,selfplay_eval,1,2196,selfplay_eval,0.0509499999999937,1,97,98
2025-11-27T09:08:30.022874+00:00,selfplay_eval,1,2197,selfplay_eval,0.0509499999999937,0,96,96
2025-11-27T09:08:30.023033+00:00,selfplay_eval,1,2198,selfplay_eval,0.0509499999999937,1,90,91
2025-11-27T09:08:30.023180+00:00,selfplay_eval,1,2199,selfplay_eval,0.0509499999999937,1,92,93
2025-11-27T09:08:30.023356+00:00,selfplay_eval,1,2200,selfplay_eval,0.0509499999999937,1,93,94
2025-11-27T09:08:30.023542+00:00,selfplay_eval,1,2201,selfplay_eval,0.0509499999999937,0,98,98
2025-11-27T09:08:30.023703+00:00,selfplay_eval,1,2202,selfplay_eval,0.0509499999999937,0,93,93
2025-11-27T09:08:30.023857+00:00,selfplay_eval,1,2203,selfplay_eval,0.0509499999999937,1,90,91
2025-11-27T09:08:30.024005+00:00,selfplay_eval,1,2204,selfplay_eval,0.0509499999999937,0,97,97
2025-11-27T09:08:30.024151+00:00,selfplay_eval,1,2205,selfplay_eval,0.0509499999999937,1,90,91
2025-11-27T09:08:30.024295+00:00,selfplay_eval,1,2206,selfplay_eval,0.0509499999999937,1,71,72
2025-11-27T09:08:30.024438+00:00,selfplay_eval,1,2207,selfplay_eval,0.0509499999999937,1,94,95
2025-11-27T09:08:30.024581+00:00,selfplay_eval,1,2208,selfplay_eval,0.0509499999999937,1,86,87
2025-11-27T09:08:30.024724+00:00,selfplay_eval,1,2209,selfplay_eval,0.0509499999999937,1,99,100
2025-11-27T09:08:30.024865+00:00,selfplay_eval,1,2210,selfplay_eval,0.0509499999999937,1,99,100
2025-11-27T09:08:30.025007+00:00,selfplay_eval,1,2211,selfplay_eval,0.0509499999999937,1,95,96
2025-11-27T09:08:30.025146+00:00,selfplay_eval,1,2212,selfplay_eval,0.0509499999999937,1,95,96
2025-11-27T09:08:30.025295+00:00,selfplay_eval,1,2213,selfplay_eval,0.0509499999999937,0,91,91
2025-11-27T09:08:30.025442+00:00,selfplay_eval,1,2214,selfplay_eval,0.0509499999999937,1,78,79
2025-11-27T09:08:30.025598+00:00,selfplay_eval,1,2215,selfplay_eval,0.0509499999999937,1,99,100
2025-11-27T09:08:30.025744+00:00,selfplay_eval,1,2216,selfplay_eval,0.0509499999999937,1,98,99
2025-11-27T09:08:30.025887+00:00,selfplay_eval,1,2217,selfplay_eval,0.0509499999999937,0,98,98
2025-11-27T09:08:30.026029+00:00,selfplay_eval,1,2218,selfplay_eval,0.0509499999999937,0,93,93
2025-11-27T09:08:30.026170+00:00,selfplay_eval,1,2219,selfplay_eval,0.0509499999999937,1,93,94
2025-11-27T09:08:30.026309+00:00,selfplay_eval,1,2220,selfplay_eval,0.0509499999999937,1,90,91
2025-11-27T09:08:30.026451+00:00,selfplay_eval,1,2221,selfplay_eval,0.0509499999999937,0,97,97
2025-11-27T09:08:30.026592+00:00,selfplay_eval,1,2222,selfplay_eval,0.0509499999999937,0,83,83
2025-11-27T09:08:30.026733+00:00,selfplay_eval,1,2223,selfplay_eval,0.0509499999999937,1,89,90
2025-11-27T09:08:30.026874+00:00,selfplay_eval,1,2224,selfplay_eval,0.0509499999999937,0,87,87
2025-11-27T09:08:30.027014+00:00,selfplay_eval,1,2225,selfplay_eval,0.0509499999999937,1,85,86
2025-11-27T09:08:30.027161+00:00,selfplay_eval,1,2226,selfplay_eval,0.0509499999999937,1,90,91
2025-11-27T09:08:30.027304+00:00,selfplay_eval,1,2227,selfplay_eval,0.0509499999999937,0,90,90
2025-11-27T09:08:30.027443+00:00,selfplay_eval,1,2228,selfplay_eval,0.0509499999999937,0,98,98
2025-11-27T09:08:30.027585+00:00,selfplay_eval,1,2229,selfplay_eval,0.0509499999999937,1,90,91
2025-11-27T09:08:30.027725+00:00,selfplay_eval,1,2230,selfplay_eval,0.0509499999999937,1,96,97
2025-11-27T09:08:30.027866+00:00,selfplay_eval,1,2231,selfplay_eval,0.0509499999999937,1,95,96
2025-11-27T09:08:30.028008+00:00,selfplay_eval,1,2232,selfplay_eval,0.0509499999999937,1,99,100
2025-11-27T09:08:30.028148+00:00,selfplay_eval,1,2233,selfplay_eval,0.0509499999999937,0,97,97
2025-11-27T09:08:30.028291+00:00,selfplay_eval,1,2234,selfplay_eval,0.0509499999999937,0,71,71
2025-11-27T09:08:30.028432+00:00,selfplay_eval,1,2235,selfplay_eval,0.0509499999999937,1,91,92
2025-11-27T09:08:30.028573+00:00,selfplay_eval,1,2236,selfplay_eval,0.0509499999999937,1,95,96
2025-11-27T09:08:30.028713+00:00,selfplay_eval,1,2237,selfplay_eval,0.0509499999999937,1,91,92
2025-11-27T09:08:30.028854+00:00,selfplay_eval,1,2238,selfplay_eval,0.0509499999999937,1,96,97
2025-11-27T09:08:30.028996+00:00,selfplay_eval,1,2239,selfplay_eval,0.0509499999999937,1,75,76
2025-11-27T09:08:30.029136+00:00,selfplay_eval,1,2240,selfplay_eval,0.0509499999999937,1,92,93
2025-11-27T09:08:30.029278+00:00,selfplay_eval,1,2241,selfplay_eval,0.0509499999999937,1,96,97
2025-11-27T09:08:30.029419+00:00,selfplay_eval,1,2242,selfplay_eval,0.0509499999999937,1,84,85
2025-11-27T09:08:30.029559+00:00,selfplay_eval,1,2243,selfplay_eval,0.0509499999999937,0,95,95
2025-11-27T09:08:30.029699+00:00,selfplay_eval,1,2244,selfplay_eval,0.0509499999999937,1,94,95
2025-11-27T09:08:30.029843+00:00,selfplay_eval,1,2245,selfplay_eval,0.0509499999999937,1,96,97
2025-11-27T09:08:30.029999+00:00,selfplay_eval,1,2246,selfplay_eval,0.0509499999999937,0,98,98
2025-11-27T09:08:30.030148+00:00,selfplay_eval,1,2247,selfplay_eval,0.0509499999999937,1,93,94
2025-11-27T09:08:30.030300+00:00,selfplay_eval,1,2248,selfplay_eval,0.0509499999999937,1,90,91
2025-11-27T09:08:30.030448+00:00,selfplay_eval,1,2249,selfplay_eval,0.0509499999999937,1,85,86
2025-11-27T09:08:30.030595+00:00,selfplay_eval,1,2250,selfplay_eval,0.0509499999999937,1,98,99
2025-11-27T09:08:30.030741+00:00,selfplay_eval,1,2251,selfplay_eval,0.0509499999999937,0,98,98
2025-11-27T09:08:30.030888+00:00,selfplay_eval,1,2252,selfplay_eval,0.0509499999999937,0,71,71
2025-11-27T09:08:30.031059+00:00,selfplay_eval,1,2253,selfplay_eval,0.0509499999999937,0,97,97
2025-11-27T09:08:30.031217+00:00,selfplay_eval,1,2254,selfplay_eval,0.0509499999999937,1,95,96
2025-11-27T09:08:30.031371+00:00,selfplay_eval,1,2255,selfplay_eval,0.0509499999999937,1,93,94
2025-11-27T09:08:30.031533+00:00,selfplay_eval,1,2256,selfplay_eval,0.0509499999999937,0,87,87
2025-11-27T09:08:30.031703+00:00,selfplay_eval,1,2257,selfplay_eval,0.0509499999999937,1,97,98
2025-11-27T09:08:30.031855+00:00,selfplay_eval,1,2258,selfplay_eval,0.0509499999999937,1,99,100
2025-11-27T09:08:30.032002+00:00,selfplay_eval,1,2259,selfplay_eval,0.0509499999999937,0,98,98
2025-11-27T09:08:30.032152+00:00,selfplay_eval,1,2260,selfplay_eval,0.0509499999999937,1,98,99
2025-11-27T09:08:30.032298+00:00,selfplay_eval,1,2261,selfplay_eval,0.0509499999999937,0,90,90
2025-11-27T09:08:30.032443+00:00,selfplay_eval,1,2262,selfplay_eval,0.0509499999999937,1,98,99
2025-11-27T09:08:30.032587+00:00,selfplay_eval,1,2263,selfplay_eval,0.0509499999999937,0,95,95
2025-11-27T09:08:30.032736+00:00,selfplay_eval,1,2264,selfplay_eval,0.0509499999999937,0,90,90
2025-11-27T09:08:30.032883+00:00,selfplay_eval,1,2265,selfplay_eval,0.0509499999999937,1,92,93
2025-11-27T09:08:30.033034+00:00,selfplay_eval,1,2266,selfplay_eval,0.0509499999999937,0,95,95
2025-11-27T09:08:30.033186+00:00,selfplay_eval,1,2267,selfplay_eval,0.0509499999999937,1,99,100
2025-11-27T09:08:30.033333+00:00,selfplay_eval,1,2268,selfplay_eval,0.0509499999999937,0,87,87
2025-11-27T09:08:30.033485+00:00,selfplay_eval,1,2269,selfplay_eval,0.0509499999999937,0,94,94
2025-11-27T09:08:30.033641+00:00,selfplay_eval,1,2270,selfplay_eval,0.0509499999999937,0,81,81
2025-11-27T09:08:30.033793+00:00,selfplay_eval,1,2271,selfplay_eval,0.0509499999999937,1,98,99
2025-11-27T09:08:30.033943+00:00,selfplay_eval,1,2272,selfplay_eval,0.0509499999999937,1,93,94
2025-11-27T09:08:30.034092+00:00,selfplay_eval,1,2273,selfplay_eval,0.0509499999999937,1,97,98
2025-11-27T09:08:30.034240+00:00,selfplay_eval,1,2274,selfplay_eval,0.0509499999999937,1,95,96
2025-11-27T09:08:30.034386+00:00,selfplay_eval,1,2275,selfplay_eval,0.0509499999999937,1,98,99
2025-11-27T09:08:30.034529+00:00,selfplay_eval,1,2276,selfplay_eval,0.0509499999999937,0,96,96
2025-11-27T09:08:30.034672+00:00,selfplay_eval,1,2277,selfplay_eval,0.0509499999999937,1,82,83
2025-11-27T09:08:30.034821+00:00,selfplay_eval,1,2278,selfplay_eval,0.0509499999999937,1,93,94
2025-11-27T09:08:30.034975+00:00,selfplay_eval,1,2279,selfplay_eval,0.0509499999999937,1,96,97
2025-11-27T09:08:30.035119+00:00,selfplay_eval,1,2280,selfplay_eval,0.0509499999999937,1,94,95
2025-11-27T09:08:30.035260+00:00,selfplay_eval,1,2281,selfplay_eval,0.0509499999999937,1,88,89
2025-11-27T09:08:30.035404+00:00,selfplay_eval,1,2282,selfplay_eval,0.0509499999999937,0,86,86
2025-11-27T09:08:30.035549+00:00,selfplay_eval,1,2283,selfplay_eval,0.0509499999999937,1,98,99
2025-11-27T09:08:30.035690+00:00,selfplay_eval,1,2284,selfplay_eval,0.0509499999999937,0,96,96
2025-11-27T09:08:30.035830+00:00,selfplay_eval,1,2285,selfplay_eval,0.0509499999999937,0,94,94
2025-11-27T09:08:30.035970+00:00,selfplay_eval,1,2286,selfplay_eval,0.0509499999999937,0,89,89
2025-11-27T09:08:30.036109+00:00,selfplay_eval,1,2287,selfplay_eval,0.0509499999999937,1,91,92
2025-11-27T09:08:30.036250+00:00,selfplay_eval,1,2288,selfplay_eval,0.0509499999999937,0,86,86
2025-11-27T09:08:30.036389+00:00,selfplay_eval,1,2289,selfplay_eval,0.0509499999999937,1,84,85
2025-11-27T09:08:30.036529+00:00,selfplay_eval,1,2290,selfplay_eval,0.0509499999999937,1,98,99
2025-11-27T09:08:30.036668+00:00,selfplay_eval,1,2291,selfplay_eval,0.0509499999999937,1,96,97
2025-11-27T09:08:30.036808+00:00,selfplay_eval,1,2292,selfplay_eval,0.0509499999999937,1,95,96
2025-11-27T09:08:30.036947+00:00,selfplay_eval,1,2293,selfplay_eval,0.0509499999999937,1,92,93
2025-11-27T09:08:30.037085+00:00,selfplay_eval,1,2294,selfplay_eval,0.0509499999999937,0,99,99
2025-11-27T09:08:30.037224+00:00,selfplay_eval,1,2295,selfplay_eval,0.0509499999999937,1,88,89
2025-11-27T09:08:30.037364+00:00,selfplay_eval,1,2296,selfplay_eval,0.0509499999999937,1,98,99
2025-11-27T09:08:30.037503+00:00,selfplay_eval,1,2297,selfplay_eval,0.0509499999999937,0,90,90
2025-11-27T09:08:30.037643+00:00,selfplay_eval,1,2298,selfplay_eval,0.0509499999999937,0,82,82
2025-11-27T09:08:30.037782+00:00,selfplay_eval,1,2299,selfplay_eval,0.0509499999999937,1,98,99
2025-11-27T09:08:30.037927+00:00,selfplay_eval,1,2300,selfplay_eval,0.0509499999999937,0,98,98
2025-11-27T09:08:30.038067+00:00,selfplay_eval,1,2301,selfplay_eval,0.0509499999999937,1,87,88
2025-11-27T09:08:30.038207+00:00,selfplay_eval,1,2302,selfplay_eval,0.0509499999999937,1,82,83
2025-11-27T09:08:30.038346+00:00,selfplay_eval,1,2303,selfplay_eval,0.0509499999999937,1,79,80
2025-11-27T09:08:30.038486+00:00,selfplay_eval,1,2304,selfplay_eval,0.0509499999999937,1,98,99
2025-11-27T09:08:30.038624+00:00,selfplay_eval,1,2305,selfplay_eval,0.0509499999999937,1,89,90
2025-11-27T09:08:30.038763+00:00,selfplay_eval,1,2306,selfplay_eval,0.0509499999999937,0,97,97
2025-11-27T09:08:30.038903+00:00,selfplay_eval,1,2307,selfplay_eval,0.0509499999999937,0,91,91
2025-11-27T09:08:30.039042+00:00,selfplay_eval,1,2308,selfplay_eval,0.0509499999999937,0,89,89
2025-11-27T09:08:30.039181+00:00,selfplay_eval,1,2309,selfplay_eval,0.0509499999999937,0,99,99
2025-11-27T09:08:30.039320+00:00,selfplay_eval,1,2310,selfplay_eval,0.0509499999999937,1,99,100
2025-11-27T09:08:30.039461+00:00,selfplay_eval,1,2311,selfplay_eval,0.0509499999999937,0,91,91
2025-11-27T09:08:30.039600+00:00,selfplay_eval,1,2312,selfplay_eval,0.0509499999999937,1,88,89
2025-11-27T09:08:30.039739+00:00,selfplay_eval,1,2313,selfplay_eval,0.0509499999999937,1,96,97
2025-11-27T09:08:30.039877+00:00,selfplay_eval,1,2314,selfplay_eval,0.0509499999999937,1,94,95
2025-11-27T09:08:30.040016+00:00,selfplay_eval,1,2315,selfplay_eval,0.0509499999999937,0,98,98
2025-11-27T09:08:30.040231+00:00,selfplay_eval,1,2316,selfplay_eval,0.0509499999999937,1,98,99
2025-11-27T09:08:30.040403+00:00,selfplay_eval,1,2317,selfplay_eval,0.0509499999999937,1,97,98
2025-11-27T09:08:30.040552+00:00,selfplay_eval,1,2318,selfplay_eval,0.0509499999999937,0,96,96
2025-11-27T09:08:30.040698+00:00,selfplay_eval,1,2319,selfplay_eval,0.0509499999999937,1,98,99
2025-11-27T09:08:30.040840+00:00,selfplay_eval,1,2320,selfplay_eval,0.0509499999999937,0,96,96
2025-11-27T09:08:30.040980+00:00,selfplay_eval,1,2321,selfplay_eval,0.0509499999999937,1,92,93
2025-11-27T09:08:30.041123+00:00,selfplay_eval,1,2322,selfplay_eval,0.0509499999999937,1,93,94
2025-11-27T09:08:30.041263+00:00,selfplay_eval,1,2323,selfplay_eval,0.0509499999999937,1,97,98
2025-11-27T09:08:30.041416+00:00,selfplay_eval,1,2324,selfplay_eval,0.0509499999999937,0,99,99
2025-11-27T09:08:30.041558+00:00,selfplay_eval,1,2325,selfplay_eval,0.0509499999999937,1,90,91
2025-11-27T09:08:30.041696+00:00,selfplay_eval,1,2326,selfplay_eval,0.0509499999999937,0,94,94
2025-11-27T09:08:30.041834+00:00,selfplay_eval,1,2327,selfplay_eval,0.0509499999999937,1,83,84
2025-11-27T09:08:30.041981+00:00,selfplay_eval,1,2328,selfplay_eval,0.0509499999999937,0,92,92
2025-11-27T09:08:30.042119+00:00,selfplay_eval,1,2329,selfplay_eval,0.0509499999999937,0,95,95
2025-11-27T09:08:30.042258+00:00,selfplay_eval,1,2330,selfplay_eval,0.0509499999999937,1,94,95
2025-11-27T09:08:30.042394+00:00,selfplay_eval,1,2331,selfplay_eval,0.0509499999999937,1,95,96
2025-11-27T09:08:30.042531+00:00,selfplay_eval,1,2332,selfplay_eval,0.0509499999999937,1,96,97
2025-11-27T09:08:30.042668+00:00,selfplay_eval,1,2333,selfplay_eval,0.0509499999999937,0,95,95
2025-11-27T09:08:30.042807+00:00,selfplay_eval,1,2334,selfplay_eval,0.0509499999999937,0,99,99
2025-11-27T09:08:30.043004+00:00,selfplay_eval,1,2335,selfplay_eval,0.0509499999999937,1,84,85
2025-11-27T09:08:30.043197+00:00,selfplay_eval,1,2336,selfplay_eval,0.0509499999999937,1,97,98
2025-11-27T09:08:30.043358+00:00,selfplay_eval,1,2337,selfplay_eval,0.0509499999999937,1,95,96
2025-11-27T09:08:30.043511+00:00,selfplay_eval,1,2338,selfplay_eval,0.0509499999999937,0,90,90
2025-11-27T09:08:30.043661+00:00,selfplay_eval,1,2339,selfplay_eval,0.0509499999999937,1,95,96
2025-11-27T09:08:30.043808+00:00,selfplay_eval,1,2340,selfplay_eval,0.0509499999999937,1,95,96
2025-11-27T09:08:30.043954+00:00,selfplay_eval,1,2341,selfplay_eval,0.0509499999999937,1,98,99
2025-11-27T09:08:30.044100+00:00,selfplay_eval,1,2342,selfplay_eval,0.0509499999999937,1,99,100
2025-11-27T09:08:30.044254+00:00,selfplay_eval,1,2343,selfplay_eval,0.0509499999999937,0,95,95
2025-11-27T09:08:30.044399+00:00,selfplay_eval,1,2344,selfplay_eval,0.0509499999999937,0,98,98
2025-11-27T09:08:30.044545+00:00,selfplay_eval,1,2345,selfplay_eval,0.0509499999999937,0,93,93
2025-11-27T09:08:30.044690+00:00,selfplay_eval,1,2346,selfplay_eval,0.0509499999999937,1,80,81
2025-11-27T09:08:30.044834+00:00,selfplay_eval,1,2347,selfplay_eval,0.0509499999999937,1,84,85
2025-11-27T09:08:30.044984+00:00,selfplay_eval,1,2348,selfplay_eval,0.0509499999999937,1,93,94
2025-11-27T09:08:30.045132+00:00,selfplay_eval,1,2349,selfplay_eval,0.0509499999999937,0,98,98
2025-11-27T09:08:30.045277+00:00,selfplay_eval,1,2350,selfplay_eval,0.0509499999999937,1,97,98
2025-11-27T09:08:30.045420+00:00,selfplay_eval,1,2351,selfplay_eval,0.0509499999999937,0,95,95
2025-11-27T09:08:30.045564+00:00,selfplay_eval,1,2352,selfplay_eval,0.0509499999999937,1,98,99
2025-11-27T09:08:30.045709+00:00,selfplay_eval,1,2353,selfplay_eval,0.0509499999999937,0,91,91
2025-11-27T09:08:30.045852+00:00,selfplay_eval,1,2354,selfplay_eval,0.0509499999999937,1,97,98
2025-11-27T09:08:30.045996+00:00,selfplay_eval,1,2355,selfplay_eval,0.0509499999999937,0,99,99
2025-11-27T09:08:30.046139+00:00,selfplay_eval,1,2356,selfplay_eval,0.0509499999999937,0,93,93
2025-11-27T09:08:30.046282+00:00,selfplay_eval,1,2357,selfplay_eval,0.0509499999999937,1,99,100
2025-11-27T09:08:30.046424+00:00,selfplay_eval,1,2358,selfplay_eval,0.0509499999999937,1,95,96
2025-11-27T09:08:30.046582+00:00,selfplay_eval,1,2359,selfplay_eval,0.0509499999999937,1,97,98
2025-11-27T09:08:30.046721+00:00,selfplay_eval,1,2360,selfplay_eval,0.0509499999999937,0,78,78
2025-11-27T09:08:30.046858+00:00,selfplay_eval,1,2361,selfplay_eval,0.0509499999999937,0,78,78
2025-11-27T09:08:30.047057+00:00,selfplay_eval,1,2362,selfplay_eval,0.0509499999999937,1,96,97
2025-11-27T09:08:30.047224+00:00,selfplay_eval,1,2363,selfplay_eval,0.0509499999999937,1,98,99
2025-11-27T09:08:30.047376+00:00,selfplay_eval,1,2364,selfplay_eval,0.0509499999999937,1,93,94
2025-11-27T09:08:30.047521+00:00,selfplay_eval,1,2365,selfplay_eval,0.0509499999999937,1,91,92
2025-11-27T09:08:30.047662+00:00,selfplay_eval,1,2366,selfplay_eval,0.0509499999999937,0,97,97
2025-11-27T09:08:30.047805+00:00,selfplay_eval,1,2367,selfplay_eval,0.0509499999999937,0,95,95
2025-11-27T09:08:30.047943+00:00,selfplay_eval,1,2368,selfplay_eval,0.0509499999999937,0,99,99
2025-11-27T09:08:30.048079+00:00,selfplay_eval,1,2369,selfplay_eval,0.0509499999999937,1,99,100
2025-11-27T09:08:30.048216+00:00,selfplay_eval,1,2370,selfplay_eval,0.0509499999999937,1,97,98
2025-11-27T09:08:30.048352+00:00,selfplay_eval,1,2371,selfplay_eval,0.0509499999999937,0,96,96
2025-11-27T09:08:30.048488+00:00,selfplay_eval,1,2372,selfplay_eval,0.0509499999999937,0,96,96
2025-11-27T09:08:30.048624+00:00,selfplay_eval,1,2373,selfplay_eval,0.0509499999999937,0,93,93
2025-11-27T09:08:30.048759+00:00,selfplay_eval,1,2374,selfplay_eval,0.0509499999999937,0,99,99
2025-11-27T09:08:30.048894+00:00,selfplay_eval,1,2375,selfplay_eval,0.0509499999999937,1,77,78
2025-11-27T09:08:30.049028+00:00,selfplay_eval,1,2376,selfplay_eval,0.0509499999999937,1,97,98
2025-11-27T09:08:30.049163+00:00,selfplay_eval,1,2377,selfplay_eval,0.0509499999999937,1,96,97
2025-11-27T09:08:30.049298+00:00,selfplay_eval,1,2378,selfplay_eval,0.0509499999999937,1,93,94
2025-11-27T09:08:30.049432+00:00,selfplay_eval,1,2379,selfplay_eval,0.0509499999999937,1,87,88
2025-11-27T09:08:30.049567+00:00,selfplay_eval,1,2380,selfplay_eval,0.0509499999999937,1,94,95
2025-11-27T09:08:30.049701+00:00,selfplay_eval,1,2381,selfplay_eval,0.0509499999999937,0,98,98
2025-11-27T09:08:30.049836+00:00,selfplay_eval,1,2382,selfplay_eval,0.0509499999999937,0,98,98
2025-11-27T09:08:30.049973+00:00,selfplay_eval,1,2383,selfplay_eval,0.0509499999999937,0,97,97
2025-11-27T09:08:30.050134+00:00,selfplay_eval,1,2384,selfplay_eval,0.0509499999999937,1,98,99
2025-11-27T09:08:30.050329+00:00,selfplay_eval,1,2385,selfplay_eval,0.0509499999999937,0,98,98
2025-11-27T09:08:30.050490+00:00,selfplay_eval,1,2386,selfplay_eval,0.0509499999999937,1,97,98
2025-11-27T09:08:30.050643+00:00,selfplay_eval,1,2387,selfplay_eval,0.0509499999999937,1,92,93
2025-11-27T09:08:30.050792+00:00,selfplay_eval,1,2388,selfplay_eval,0.0509499999999937,0,95,95
2025-11-27T09:08:30.050938+00:00,selfplay_eval,1,2389,selfplay_eval,0.0509499999999937,0,92,92
2025-11-27T09:08:30.051083+00:00,selfplay_eval,1,2390,selfplay_eval,0.0509499999999937,1,98,99
2025-11-27T09:08:30.051228+00:00,selfplay_eval,1,2391,selfplay_eval,0.0509499999999937,1,91,92
2025-11-27T09:08:30.051371+00:00,selfplay_eval,1,2392,selfplay_eval,0.0509499999999937,0,88,88
2025-11-27T09:08:30.051570+00:00,selfplay_eval,1,2393,selfplay_eval,0.0509499999999937,1,96,97
2025-11-27T09:08:30.051742+00:00,selfplay_eval,1,2394,selfplay_eval,0.0509499999999937,0,92,92
2025-11-27T09:08:30.051891+00:00,selfplay_eval,1,2395,selfplay_eval,0.0509499999999937,1,92,93
2025-11-27T09:08:30.052033+00:00,selfplay_eval,1,2396,selfplay_eval,0.0509499999999937,0,86,86
2025-11-27T09:08:30.052171+00:00,selfplay_eval,1,2397,selfplay_eval,0.0509499999999937,1,98,99
2025-11-27T09:08:30.052307+00:00,selfplay_eval,1,2398,selfplay_eval,0.0509499999999937,0,97,97
2025-11-27T09:08:30.052442+00:00,selfplay_eval,1,2399,selfplay_eval,0.0509499999999937,1,97,98
2025-11-27T09:08:30.052576+00:00,selfplay_eval,1,2400,selfplay_eval,0.0509499999999937,0,81,81
2025-11-27T09:08:30.052710+00:00,selfplay_eval,1,2401,selfplay_eval,0.0509499999999937,1,95,96
2025-11-27T09:08:30.052846+00:00,selfplay_eval,1,2402,selfplay_eval,0.0509499999999937,1,91,92
2025-11-27T09:08:30.052979+00:00,selfplay_eval,1,2403,selfplay_eval,0.0509499999999937,0,98,98
2025-11-27T09:08:30.053112+00:00,selfplay_eval,1,2404,selfplay_eval,0.0509499999999937,1,90,91
2025-11-27T09:08:30.053245+00:00,selfplay_eval,1,2405,selfplay_eval,0.0509499999999937,1,96,97
2025-11-27T09:08:30.053377+00:00,selfplay_eval,1,2406,selfplay_eval,0.0509499999999937,1,99,100
2025-11-27T09:08:30.053510+00:00,selfplay_eval,1,2407,selfplay_eval,0.0509499999999937,1,94,95
2025-11-27T09:08:30.053642+00:00,selfplay_eval,1,2408,selfplay_eval,0.0509499999999937,1,95,96
2025-11-27T09:08:30.053775+00:00,selfplay_eval,1,2409,selfplay_eval,0.0509499999999937,1,89,90
2025-11-27T09:08:30.053906+00:00,selfplay_eval,1,2410,selfplay_eval,0.0509499999999937,1,96,97
2025-11-27T09:08:30.054039+00:00,selfplay_eval,1,2411,selfplay_eval,0.0509499999999937,0,99,99
2025-11-27T09:08:30.054171+00:00,selfplay_eval,1,2412,selfplay_eval,0.0509499999999937,1,97,98
2025-11-27T09:08:30.054303+00:00,selfplay_eval,1,2413,selfplay_eval,0.0509499999999937,1,95,96
2025-11-27T09:08:30.054434+00:00,selfplay_eval,1,2414,selfplay_eval,0.0509499999999937,0,97,97
2025-11-27T09:08:30.054566+00:00,selfplay_eval,1,2415,selfplay_eval,0.0509499999999937,0,99,99
2025-11-27T09:08:30.054698+00:00,selfplay_eval,1,2416,selfplay_eval,0.0509499999999937,0,98,98
2025-11-27T09:08:30.054830+00:00,selfplay_eval,1,2417,selfplay_eval,0.0509499999999937,1,94,95
2025-11-27T09:08:30.054963+00:00,selfplay_eval,1,2418,selfplay_eval,0.0509499999999937,1,94,95
2025-11-27T09:08:30.055097+00:00,selfplay_eval,1,2419,selfplay_eval,0.0509499999999937,1,98,99
2025-11-27T09:08:30.055229+00:00,selfplay_eval,1,2420,selfplay_eval,0.0509499999999937,1,93,94
2025-11-27T09:08:30.055362+00:00,selfplay_eval,1,2421,selfplay_eval,0.0509499999999937,1,96,97
2025-11-27T09:08:30.055507+00:00,selfplay_eval,1,2422,selfplay_eval,0.0509499999999937,1,92,93
2025-11-27T09:08:30.055636+00:00,selfplay_eval,1,2423,selfplay_eval,0.0509499999999937,1,96,97
2025-11-27T09:08:30.055765+00:00,selfplay_eval,1,2424,selfplay_eval,0.0509499999999937,0,93,93
2025-11-27T09:08:30.055892+00:00,selfplay_eval,1,2425,selfplay_eval,0.0509499999999937,0,96,96
2025-11-27T09:08:30.056019+00:00,selfplay_eval,1,2426,selfplay_eval,0.0509499999999937,0,95,95
2025-11-27T09:08:30.056146+00:00,selfplay_eval,1,2427,selfplay_eval,0.0509499999999937,1,87,88
2025-11-27T09:08:30.056277+00:00,selfplay_eval,1,2428,selfplay_eval,0.0509499999999937,1,95,96
2025-11-27T09:08:30.056405+00:00,selfplay_eval,1,2429,selfplay_eval,0.0509499999999937,0,86,86
2025-11-27T09:08:30.056533+00:00,selfplay_eval,1,2430,selfplay_eval,0.0509499999999937,0,93,93
2025-11-27T09:08:30.056660+00:00,selfplay_eval,1,2431,selfplay_eval,0.0509499999999937,1,98,99
2025-11-27T09:08:30.056788+00:00,selfplay_eval,1,2432,selfplay_eval,0.0509499999999937,1,97,98
2025-11-27T09:08:30.056915+00:00,selfplay_eval,1,2433,selfplay_eval,0.0509499999999937,0,97,97
2025-11-27T09:08:30.057042+00:00,selfplay_eval,1,2434,selfplay_eval,0.0509499999999937,1,90,91
2025-11-27T09:08:30.057170+00:00,selfplay_eval,1,2435,selfplay_eval,0.0509499999999937,0,98,98
2025-11-27T09:08:30.057298+00:00,selfplay_eval,1,2436,selfplay_eval,0.0509499999999937,0,90,90
2025-11-27T09:08:30.057426+00:00,selfplay_eval,1,2437,selfplay_eval,0.0509499999999937,0,94,94
2025-11-27T09:08:30.057554+00:00,selfplay_eval,1,2438,selfplay_eval,0.0509499999999937,0,96,96
2025-11-27T09:08:30.057681+00:00,selfplay_eval,1,2439,selfplay_eval,0.0509499999999937,1,88,89
2025-11-27T09:08:30.057809+00:00,selfplay_eval,1,2440,selfplay_eval,0.0509499999999937,1,92,93
2025-11-27T09:08:30.057936+00:00,selfplay_eval,1,2441,selfplay_eval,0.0509499999999937,1,98,99
2025-11-27T09:08:30.058064+00:00,selfplay_eval,1,2442,selfplay_eval,0.0509499999999937,1,93,94
2025-11-27T09:08:30.058190+00:00,selfplay_eval,1,2443,selfplay_eval,0.0509499999999937,1,98,99
2025-11-27T09:08:30.058318+00:00,selfplay_eval,1,2444,selfplay_eval,0.0509499999999937,1,89,90
2025-11-27T09:08:30.058459+00:00,selfplay_eval,1,2445,selfplay_eval,0.0509499999999937,0,91,91
2025-11-27T09:08:30.058582+00:00,selfplay_eval,1,2446,selfplay_eval,0.0509499999999937,0,91,91
2025-11-27T09:08:30.058706+00:00,selfplay_eval,1,2447,selfplay_eval,0.0509499999999937,0,97,97
2025-11-27T09:08:30.058829+00:00,selfplay_eval,1,2448,selfplay_eval,0.0509499999999937,0,96,96
2025-11-27T09:08:30.058953+00:00,selfplay_eval,1,2449,selfplay_eval,0.0509499999999937,1,82,83
2025-11-27T09:08:30.059077+00:00,selfplay_eval,1,2450,selfplay_eval,0.0509499999999937,1,95,96
2025-11-27T09:08:30.059201+00:00,selfplay_eval,1,2451,selfplay_eval,0.0509499999999937,1,95,96
2025-11-27T09:08:30.059324+00:00,selfplay_eval,1,2452,selfplay_eval,0.0509499999999937,1,97,98
2025-11-27T09:08:30.059448+00:00,selfplay_eval,1,2453,selfplay_eval,0.0509499999999937,0,93,93
2025-11-27T09:08:30.059572+00:00,selfplay_eval,1,2454,selfplay_eval,0.0509499999999937,0,96,96
2025-11-27T09:08:30.059696+00:00,selfplay_eval,1,2455,selfplay_eval,0.0509499999999937,1,92,93
2025-11-27T09:08:30.059820+00:00,selfplay_eval,1,2456,selfplay_eval,0.0509499999999937,0,98,98
2025-11-27T09:08:30.059943+00:00,selfplay_eval,1,2457,selfplay_eval,0.0509499999999937,0,96,96
2025-11-27T09:08:30.060066+00:00,selfplay_eval,1,2458,selfplay_eval,0.0509499999999937,1,97,98
2025-11-27T09:08:30.060197+00:00,selfplay_eval,1,2459,selfplay_eval,0.0509499999999937,0,91,91
2025-11-27T09:08:30.060381+00:00,selfplay_eval,1,2460,selfplay_eval,0.0509499999999937,0,97,97
2025-11-27T09:08:30.060530+00:00,selfplay_eval,1,2461,selfplay_eval,0.0509499999999937,0,96,96
2025-11-27T09:08:30.060668+00:00,selfplay_eval,1,2462,selfplay_eval,0.0509499999999937,0,99,99
2025-11-27T09:08:30.060800+00:00,selfplay_eval,1,2463,selfplay_eval,0.0509499999999937,0,89,89
2025-11-27T09:08:30.060932+00:00,selfplay_eval,1,2464,selfplay_eval,0.0509499999999937,0,85,85
2025-11-27T09:08:30.061061+00:00,selfplay_eval,1,2465,selfplay_eval,0.0509499999999937,1,96,97
2025-11-27T09:08:30.061190+00:00,selfplay_eval,1,2466,selfplay_eval,0.0509499999999937,1,93,94
2025-11-27T09:08:30.061317+00:00,selfplay_eval,1,2467,selfplay_eval,0.0509499999999937,1,77,78
2025-11-27T09:08:30.061444+00:00,selfplay_eval,1,2468,selfplay_eval,0.0509499999999937,0,92,92
2025-11-27T09:08:30.061626+00:00,selfplay_eval,1,2469,selfplay_eval,0.0509499999999937,0,95,95
2025-11-27T09:08:30.061772+00:00,selfplay_eval,1,2470,selfplay_eval,0.0509499999999937,1,99,100
2025-11-27T09:08:30.061912+00:00,selfplay_eval,1,2471,selfplay_eval,0.0509499999999937,1,91,92
2025-11-27T09:08:30.062044+00:00,selfplay_eval,1,2472,selfplay_eval,0.0509499999999937,1,96,97
2025-11-27T09:08:30.062242+00:00,selfplay_eval,1,2473,selfplay_eval,0.0509499999999937,1,95,96
2025-11-27T09:08:30.062424+00:00,selfplay_eval,1,2474,selfplay_eval,0.0509499999999937,1,94,95
2025-11-27T09:08:30.062568+00:00,selfplay_eval,1,2475,selfplay_eval,0.0509499999999937,1,98,99
2025-11-27T09:08:30.062706+00:00,selfplay_eval,1,2476,selfplay_eval,0.0509499999999937,0,95,95
2025-11-27T09:08:30.062839+00:00,selfplay_eval,1,2477,selfplay_eval,0.0509499999999937,1,99,100
2025-11-27T09:08:30.062970+00:00,selfplay_eval,1,2478,selfplay_eval,0.0509499999999937,1,90,91
2025-11-27T09:08:30.063100+00:00,selfplay_eval,1,2479,selfplay_eval,0.0509499999999937,0,94,94
2025-11-27T09:08:30.063228+00:00,selfplay_eval,1,2480,selfplay_eval,0.0509499999999937,0,88,88
2025-11-27T09:08:30.063356+00:00,selfplay_eval,1,2481,selfplay_eval,0.0509499999999937,0,82,82
2025-11-27T09:08:30.063485+00:00,selfplay_eval,1,2482,selfplay_eval,0.0509499999999937,0,94,94
2025-11-27T09:08:30.063615+00:00,selfplay_eval,1,2483,selfplay_eval,0.0509499999999937,1,93,94
2025-11-27T09:08:30.063743+00:00,selfplay_eval,1,2484,selfplay_eval,0.0509499999999937,1,99,100
2025-11-27T09:08:30.063929+00:00,selfplay_eval,1,2485,selfplay_eval,0.0509499999999937,0,90,90
2025-11-27T09:08:30.064075+00:00,selfplay_eval,1,2486,selfplay_eval,0.0509499999999937,0,78,78
2025-11-27T09:08:30.064212+00:00,selfplay_eval,1,2487,selfplay_eval,0.0509499999999937,0,96,96
2025-11-27T09:08:30.064344+00:00,selfplay_eval,1,2488,selfplay_eval,0.0509499999999937,1,97,98
2025-11-27T09:08:30.064473+00:00,selfplay_eval,1,2489,selfplay_eval,0.0509499999999937,0,97,97
2025-11-27T09:08:30.064600+00:00,selfplay_eval,1,2490,selfplay_eval,0.0509499999999937,1,98,99
2025-11-27T09:08:30.064726+00:00,selfplay_eval,1,2491,selfplay_eval,0.0509499999999937,0,98,98
2025-11-27T09:08:30.064852+00:00,selfplay_eval,1,2492,selfplay_eval,0.0509499999999937,0,97,97
2025-11-27T09:08:30.064977+00:00,selfplay_eval,1,2493,selfplay_eval,0.0509499999999937,0,95,95
2025-11-27T09:08:30.065102+00:00,selfplay_eval,1,2494,selfplay_eval,0.0509499999999937,1,78,79
2025-11-27T09:08:30.065227+00:00,selfplay_eval,1,2495,selfplay_eval,0.0509499999999937,1,94,95
2025-11-27T09:08:30.065351+00:00,selfplay_eval,1,2496,selfplay_eval,0.0509499999999937,1,96,97
2025-11-27T09:08:30.065476+00:00,selfplay_eval,1,2497,selfplay_eval,0.0509499999999937,1,99,100
2025-11-27T09:08:30.065601+00:00,selfplay_eval,1,2498,selfplay_eval,0.0509499999999937,1,98,99
2025-11-27T09:08:30.065726+00:00,selfplay_eval,1,2499,selfplay_eval,0.0509499999999937,0,92,92
2025-11-27T09:08:30.065851+00:00,selfplay_eval,1,2500,selfplay_eval,0.0509499999999937,1,99,100
2025-11-27T09:08:30.065975+00:00,selfplay_eval,1,2501,selfplay_eval,0.0509499999999937,0,98,98
2025-11-27T09:08:30.066099+00:00,selfplay_eval,1,2502,selfplay_eval,0.0509499999999937,0,99,99
2025-11-27T09:08:30.066223+00:00,selfplay_eval,1,2503,selfplay_eval,0.0509499999999937,0,78,78
2025-11-27T09:08:30.066354+00:00,selfplay_eval,1,2504,selfplay_eval,0.0509499999999937,0,89,89
2025-11-27T09:08:30.066479+00:00,selfplay_eval,1,2505,selfplay_eval,0.0509499999999937,1,95,96
2025-11-27T09:08:30.066661+00:00,selfplay_eval,1,2506,selfplay_eval,0.0509499999999937,1,91,92
2025-11-27T09:08:30.066811+00:00,selfplay_eval,1,2507,selfplay_eval,0.0509499999999937,0,98,98
2025-11-27T09:08:30.066949+00:00,selfplay_eval,1,2508,selfplay_eval,0.0509499999999937,1,99,100
2025-11-27T09:08:30.067082+00:00,selfplay_eval,1,2509,selfplay_eval,0.0509499999999937,1,94,95
2025-11-27T09:08:30.067212+00:00,selfplay_eval,1,2510,selfplay_eval,0.0509499999999937,1,94,95
2025-11-27T09:08:30.067342+00:00,selfplay_eval,1,2511,selfplay_eval,0.0509499999999937,1,94,95
2025-11-27T09:08:30.067470+00:00,selfplay_eval,1,2512,selfplay_eval,0.0509499999999937,1,87,88
2025-11-27T09:08:30.067653+00:00,selfplay_eval,1,2513,selfplay_eval,0.0509499999999937,1,92,93
2025-11-27T09:08:30.067799+00:00,selfplay_eval,1,2514,selfplay_eval,0.0509499999999937,1,97,98
2025-11-27T09:08:30.067936+00:00,selfplay_eval,1,2515,selfplay_eval,0.0509499999999937,1,77,78
2025-11-27T09:08:30.068068+00:00,selfplay_eval,1,2516,selfplay_eval,0.0509499999999937,1,90,91
2025-11-27T09:08:30.068197+00:00,selfplay_eval,1,2517,selfplay_eval,0.0509499999999937,1,89,90
2025-11-27T09:08:30.068324+00:00,selfplay_eval,1,2518,selfplay_eval,0.0509499999999937,1,93,94
2025-11-27T09:08:30.068452+00:00,selfplay_eval,1,2519,selfplay_eval,0.0509499999999937,1,95,96
2025-11-27T09:08:30.068577+00:00,selfplay_eval,1,2520,selfplay_eval,0.0509499999999937,1,97,98
2025-11-27T09:08:30.068702+00:00,selfplay_eval,1,2521,selfplay_eval,0.0509499999999937,1,98,99
2025-11-27T09:08:30.068826+00:00,selfplay_eval,1,2522,selfplay_eval,0.0509499999999937,0,86,86
2025-11-27T09:08:30.068952+00:00,selfplay_eval,1,2523,selfplay_eval,0.0509499999999937,1,96,97
2025-11-27T09:08:30.069077+00:00,selfplay_eval,1,2524,selfplay_eval,0.0509499999999937,0,87,87
2025-11-27T09:08:30.069201+00:00,selfplay_eval,1,2525,selfplay_eval,0.0509499999999937,1,97,98
2025-11-27T09:08:30.069325+00:00,selfplay_eval,1,2526,selfplay_eval,0.0509499999999937,1,91,92
2025-11-27T09:08:30.069448+00:00,selfplay_eval,1,2527,selfplay_eval,0.0509499999999937,1,94,95
2025-11-27T09:08:30.069572+00:00,selfplay_eval,1,2528,selfplay_eval,0.0509499999999937,0,96,96
2025-11-27T09:08:30.069696+00:00,selfplay_eval,1,2529,selfplay_eval,0.0509499999999937,1,98,99
2025-11-27T09:08:30.069820+00:00,selfplay_eval,1,2530,selfplay_eval,0.0509499999999937,1,97,98
2025-11-27T09:08:30.069944+00:00,selfplay_eval,1,2531,selfplay_eval,0.0509499999999937,0,94,94
2025-11-27T09:08:30.070069+00:00,selfplay_eval,1,2532,selfplay_eval,0.0509499999999937,1,87,88
2025-11-27T09:08:30.070192+00:00,selfplay_eval,1,2533,selfplay_eval,0.0509499999999937,0,95,95
2025-11-27T09:08:30.070316+00:00,selfplay_eval,1,2534,selfplay_eval,0.0509499999999937,1,91,92
2025-11-27T09:08:30.070440+00:00,selfplay_eval,1,2535,selfplay_eval,0.0509499999999937,0,97,97
2025-11-27T09:08:30.070563+00:00,selfplay_eval,1,2536,selfplay_eval,0.0509499999999937,1,97,98
2025-11-27T09:08:30.070688+00:00,selfplay_eval,1,2537,selfplay_eval,0.0509499999999937,1,89,90
2025-11-27T09:08:30.070813+00:00,selfplay_eval,1,2538,selfplay_eval,0.0509499999999937,1,90,91
2025-11-27T09:08:30.070936+00:00,selfplay_eval,1,2539,selfplay_eval,0.0509499999999937,1,98,99
2025-11-27T09:08:30.071060+00:00,selfplay_eval,1,2540,selfplay_eval,0.0509499999999937,0,86,86
2025-11-27T09:08:30.071185+00:00,selfplay_eval,1,2541,selfplay_eval,0.0509499999999937,1,98,99
2025-11-27T09:08:30.071308+00:00,selfplay_eval,1,2542,selfplay_eval,0.0509499999999937,0,87,87
2025-11-27T09:08:30.071432+00:00,selfplay_eval,1,2543,selfplay_eval,0.0509499999999937,1,97,98
2025-11-27T09:08:30.071568+00:00,selfplay_eval,1,2544,selfplay_eval,0.0509499999999937,0,91,91
2025-11-27T09:08:30.071688+00:00,selfplay_eval,1,2545,selfplay_eval,0.0509499999999937,1,98,99
2025-11-27T09:08:30.071807+00:00,selfplay_eval,1,2546,selfplay_eval,0.0509499999999937,0,98,98
2025-11-27T09:08:30.071928+00:00,selfplay_eval,1,2547,selfplay_eval,0.0509499999999937,0,99,99
2025-11-27T09:08:30.072048+00:00,selfplay_eval,1,2548,selfplay_eval,0.0509499999999937,0,82,82
2025-11-27T09:08:30.072168+00:00,selfplay_eval,1,2549,selfplay_eval,0.0509499999999937,1,91,92
2025-11-27T09:08:30.072288+00:00,selfplay_eval,1,2550,selfplay_eval,0.0509499999999937,0,96,96
2025-11-27T09:08:30.072409+00:00,selfplay_eval,1,2551,selfplay_eval,0.0509499999999937,1,92,93
2025-11-27T09:08:30.072536+00:00,selfplay_eval,1,2552,selfplay_eval,0.0509499999999937,1,97,98
2025-11-27T09:08:30.072657+00:00,selfplay_eval,1,2553,selfplay_eval,0.0509499999999937,1,84,85
2025-11-27T09:08:30.072779+00:00,selfplay_eval,1,2554,selfplay_eval,0.0509499999999937,1,82,83
2025-11-27T09:08:30.072899+00:00,selfplay_eval,1,2555,selfplay_eval,0.0509499999999937,0,94,94
2025-11-27T09:08:30.073022+00:00,selfplay_eval,1,2556,selfplay_eval,0.0509499999999937,1,94,95
2025-11-27T09:08:30.073143+00:00,selfplay_eval,1,2557,selfplay_eval,0.0509499999999937,0,91,91
2025-11-27T09:08:30.073264+00:00,selfplay_eval,1,2558,selfplay_eval,0.0509499999999937,0,94,94
2025-11-27T09:08:30.073384+00:00,selfplay_eval,1,2559,selfplay_eval,0.0509499999999937,1,93,94
2025-11-27T09:08:30.073504+00:00,selfplay_eval,1,2560,selfplay_eval,0.0509499999999937,0,95,95
2025-11-27T09:08:30.073623+00:00,selfplay_eval,1,2561,selfplay_eval,0.0509499999999937,1,97,98
2025-11-27T09:08:30.073744+00:00,selfplay_eval,1,2562,selfplay_eval,0.0509499999999937,0,92,92
2025-11-27T09:08:30.073866+00:00,selfplay_eval,1,2563,selfplay_eval,0.0509499999999937,1,84,85
2025-11-27T09:08:30.074002+00:00,selfplay_eval,1,2564,selfplay_eval,0.0509499999999937,1,95,96
2025-11-27T09:08:30.074124+00:00,selfplay_eval,1,2565,selfplay_eval,0.0509499999999937,1,92,93
2025-11-27T09:08:30.074244+00:00,selfplay_eval,1,2566,selfplay_eval,0.0509499999999937,0,94,94
2025-11-27T09:08:30.074365+00:00,selfplay_eval,1,2567,selfplay_eval,0.0509499999999937,1,95,96
2025-11-27T09:08:30.074486+00:00,selfplay_eval,1,2568,selfplay_eval,0.0509499999999937,1,84,85
2025-11-27T09:08:30.074606+00:00,selfplay_eval,1,2569,selfplay_eval,0.0509499999999937,0,92,92
2025-11-27T09:08:30.074727+00:00,selfplay_eval,1,2570,selfplay_eval,0.0509499999999937,1,96,97
2025-11-27T09:08:30.074847+00:00,selfplay_eval,1,2571,selfplay_eval,0.0509499999999937,1,97,98
2025-11-27T09:08:30.074967+00:00,selfplay_eval,1,2572,selfplay_eval,0.0509499999999937,0,94,94
2025-11-27T09:08:30.075088+00:00,selfplay_eval,1,2573,selfplay_eval,0.0509499999999937,0,88,88
2025-11-27T09:08:30.075209+00:00,selfplay_eval,1,2574,selfplay_eval,0.0509499999999937,1,86,87
2025-11-27T09:08:30.075328+00:00,selfplay_eval,1,2575,selfplay_eval,0.0509499999999937,1,98,99
2025-11-27T09:08:30.075448+00:00,selfplay_eval,1,2576,selfplay_eval,0.0509499999999937,0,96,96
2025-11-27T09:08:30.075567+00:00,selfplay_eval,1,2577,selfplay_eval,0.0509499999999937,1,89,90
2025-11-27T09:08:30.075686+00:00,selfplay_eval,1,2578,selfplay_eval,0.0509499999999937,0,91,91
2025-11-27T09:08:30.075806+00:00,selfplay_eval,1,2579,selfplay_eval,0.0509499999999937,0,96,96
2025-11-27T09:08:30.075925+00:00,selfplay_eval,1,2580,selfplay_eval,0.0509499999999937,1,97,98
2025-11-27T09:08:30.076045+00:00,selfplay_eval,1,2581,selfplay_eval,0.0509499999999937,1,98,99
2025-11-27T09:08:30.076164+00:00,selfplay_eval,1,2582,selfplay_eval,0.0509499999999937,1,94,95
2025-11-27T09:08:30.076284+00:00,selfplay_eval,1,2583,selfplay_eval,0.0509499999999937,1,90,91
2025-11-27T09:08:30.076404+00:00,selfplay_eval,1,2584,selfplay_eval,0.0509499999999937,0,96,96
2025-11-27T09:08:30.076523+00:00,selfplay_eval,1,2585,selfplay_eval,0.0509499999999937,0,96,96
2025-11-27T09:08:30.076643+00:00,selfplay_eval,1,2586,selfplay_eval,0.0509499999999937,1,92,93
2025-11-27T09:08:30.076764+00:00,selfplay_eval,1,2587,selfplay_eval,0.0509499999999937,0,95,95
2025-11-27T09:08:30.076883+00:00,selfplay_eval,1,2588,selfplay_eval,0.0509499999999937,1,99,100
2025-11-27T09:08:30.077019+00:00,selfplay_eval,1,2589,selfplay_eval,0.0509499999999937,1,93,94
2025-11-27T09:08:30.077147+00:00,selfplay_eval,1,2590,selfplay_eval,0.0509499999999937,1,97,98
2025-11-27T09:08:30.077268+00:00,selfplay_eval,1,2591,selfplay_eval,0.0509499999999937,1,95,96
2025-11-27T09:08:30.077388+00:00,selfplay_eval,1,2592,selfplay_eval,0.0509499999999937,1,96,97
2025-11-27T09:08:30.077507+00:00,selfplay_eval,1,2593,selfplay_eval,0.0509499999999937,0,90,90
2025-11-27T09:08:30.077687+00:00,selfplay_eval,1,2594,selfplay_eval,0.0509499999999937,1,99,100
2025-11-27T09:08:30.077842+00:00,selfplay_eval,1,2595,selfplay_eval,0.0509499999999937,1,88,89
2025-11-27T09:08:30.077978+00:00,selfplay_eval,1,2596,selfplay_eval,0.0509499999999937,1,99,100
2025-11-27T09:08:30.078110+00:00,selfplay_eval,1,2597,selfplay_eval,0.0509499999999937,1,78,79
2025-11-27T09:08:30.078290+00:00,selfplay_eval,1,2598,selfplay_eval,0.0509499999999937,0,99,99
2025-11-27T09:08:30.078433+00:00,selfplay_eval,1,2599,selfplay_eval,0.0509499999999937,1,99,100
2025-11-27T09:08:30.078625+00:00,selfplay_eval,1,2600,selfplay_eval,0.0509499999999937,0,97,97
2025-11-27T09:08:30.078794+00:00,selfplay_eval,1,2601,selfplay_eval,0.0509499999999937,1,96,97
2025-11-27T09:08:30.078967+00:00,selfplay_eval,1,2602,selfplay_eval,0.0509499999999937,1,95,96
2025-11-27T09:08:30.079106+00:00,selfplay_eval,1,2603,selfplay_eval,0.0509499999999937,0,96,96
2025-11-27T09:08:30.079240+00:00,selfplay_eval,1,2604,selfplay_eval,0.0509499999999937,0,96,96
2025-11-27T09:08:30.079370+00:00,selfplay_eval,1,2605,selfplay_eval,0.0509499999999937,0,95,95
2025-11-27T09:08:30.079498+00:00,selfplay_eval,1,2606,selfplay_eval,0.0509499999999937,1,96,97
2025-11-27T09:08:30.079625+00:00,selfplay_eval,1,2607,selfplay_eval,0.0509499999999937,1,99,100
2025-11-27T09:08:30.079751+00:00,selfplay_eval,1,2608,selfplay_eval,0.0509499999999937,0,98,98
2025-11-27T09:08:30.079877+00:00,selfplay_eval,1,2609,selfplay_eval,0.0509499999999937,1,95,96
2025-11-27T09:08:30.080003+00:00,selfplay_eval,1,2610,selfplay_eval,0.0509499999999937,1,98,99
2025-11-27T09:08:30.080129+00:00,selfplay_eval,1,2611,selfplay_eval,0.0509499999999937,1,97,98
2025-11-27T09:08:30.080254+00:00,selfplay_eval,1,2612,selfplay_eval,0.0509499999999937,1,95,96
2025-11-27T09:08:30.080380+00:00,selfplay_eval,1,2613,selfplay_eval,0.0509499999999937,1,97,98
2025-11-27T09:08:30.080505+00:00,selfplay_eval,1,2614,selfplay_eval,0.0509499999999937,0,99,99
2025-11-27T09:08:30.080631+00:00,selfplay_eval,1,2615,selfplay_eval,0.0509499999999937,1,97,98
2025-11-27T09:08:30.080757+00:00,selfplay_eval,1,2616,selfplay_eval,0.0509499999999937,1,97,98
2025-11-27T09:08:30.080954+00:00,selfplay_eval,1,2617,selfplay_eval,0.0509499999999937,0,96,96
2025-11-27T09:08:30.081102+00:00,selfplay_eval,1,2618,selfplay_eval,0.0509499999999937,0,85,85
2025-11-27T09:08:30.081238+00:00,selfplay_eval,1,2619,selfplay_eval,0.0509499999999937,1,97,98
2025-11-27T09:08:30.081371+00:00,selfplay_eval,1,2620,selfplay_eval,0.0509499999999937,1,87,88
2025-11-27T09:08:30.081519+00:00,selfplay_eval,1,2621,selfplay_eval,0.0509499999999937,1,95,96
2025-11-27T09:08:30.081654+00:00,selfplay_eval,1,2622,selfplay_eval,0.0509499999999937,1,71,72
2025-11-27T09:08:30.081786+00:00,selfplay_eval,1,2623,selfplay_eval,0.0509499999999937,1,85,86
2025-11-27T09:08:30.081916+00:00,selfplay_eval,1,2624,selfplay_eval,0.0509499999999937,0,88,88
2025-11-27T09:08:30.082070+00:00,selfplay_eval,1,2625,selfplay_eval,0.0509499999999937,0,75,75
2025-11-27T09:08:30.082201+00:00,selfplay_eval,1,2626,selfplay_eval,0.0509499999999937,0,99,99
2025-11-27T09:08:30.082336+00:00,selfplay_eval,1,2627,selfplay_eval,0.0509499999999937,0,88,88
2025-11-27T09:08:30.082464+00:00,selfplay_eval,1,2628,selfplay_eval,0.0509499999999937,0,91,91
2025-11-27T09:08:30.082655+00:00,selfplay_eval,1,2629,selfplay_eval,0.0509499999999937,1,98,99
2025-11-27T09:08:30.082856+00:00,selfplay_eval,1,2630,selfplay_eval,0.0509499999999937,1,99,100
2025-11-27T09:08:30.083025+00:00,selfplay_eval,1,2631,selfplay_eval,0.0509499999999937,0,71,71
2025-11-27T09:08:30.083167+00:00,selfplay_eval,1,2632,selfplay_eval,0.0509499999999937,1,98,99
2025-11-27T09:08:30.083303+00:00,selfplay_eval,1,2633,selfplay_eval,0.0509499999999937,1,93,94
2025-11-27T09:08:30.083439+00:00,selfplay_eval,1,2634,selfplay_eval,0.0509499999999937,1,94,95
2025-11-27T09:08:30.083571+00:00,selfplay_eval,1,2635,selfplay_eval,0.0509499999999937,1,86,87
2025-11-27T09:08:30.083701+00:00,selfplay_eval,1,2636,selfplay_eval,0.0509499999999937,1,98,99
2025-11-27T09:08:30.083830+00:00,selfplay_eval,1,2637,selfplay_eval,0.0509499999999937,0,89,89
2025-11-27T09:08:30.083960+00:00,selfplay_eval,1,2638,selfplay_eval,0.0509499999999937,0,95,95
2025-11-27T09:08:30.084089+00:00,selfplay_eval,1,2639,selfplay_eval,0.0509499999999937,1,95,96
2025-11-27T09:08:30.084216+00:00,selfplay_eval,1,2640,selfplay_eval,0.0509499999999937,1,91,92
2025-11-27T09:08:30.084345+00:00,selfplay_eval,1,2641,selfplay_eval,0.0509499999999937,0,93,93
2025-11-27T09:08:30.084471+00:00,selfplay_eval,1,2642,selfplay_eval,0.0509499999999937,0,95,95
2025-11-27T09:08:30.084596+00:00,selfplay_eval,1,2643,selfplay_eval,0.0509499999999937,1,91,92
2025-11-27T09:08:30.084722+00:00,selfplay_eval,1,2644,selfplay_eval,0.0509499999999937,1,96,97
2025-11-27T09:08:30.084848+00:00,selfplay_eval,1,2645,selfplay_eval,0.0509499999999937,1,92,93
2025-11-27T09:08:30.084972+00:00,selfplay_eval,1,2646,selfplay_eval,0.0509499999999937,1,92,93
2025-11-27T09:08:30.085096+00:00,selfplay_eval,1,2647,selfplay_eval,0.0509499999999937,1,98,99
2025-11-27T09:08:30.085220+00:00,selfplay_eval,1,2648,selfplay_eval,0.0509499999999937,1,89,90
2025-11-27T09:08:30.085345+00:00,selfplay_eval,1,2649,selfplay_eval,0.0509499999999937,0,96,96
2025-11-27T09:08:30.085540+00:00,selfplay_eval,1,2650,selfplay_eval,0.0509499999999937,1,97,98
2025-11-27T09:08:30.085699+00:00,selfplay_eval,1,2651,selfplay_eval,0.0509499999999937,1,94,95
2025-11-27T09:08:30.085847+00:00,selfplay_eval,1,2652,selfplay_eval,0.0509499999999937,1,90,91
2025-11-27T09:08:30.085989+00:00,selfplay_eval,1,2653,selfplay_eval,0.0509499999999937,0,99,99
2025-11-27T09:08:30.086134+00:00,selfplay_eval,1,2654,selfplay_eval,0.0509499999999937,1,98,99
2025-11-27T09:08:30.086272+00:00,selfplay_eval,1,2655,selfplay_eval,0.0509499999999937,1,94,95
2025-11-27T09:08:30.086408+00:00,selfplay_eval,1,2656,selfplay_eval,0.0509499999999937,1,99,100
2025-11-27T09:08:30.086543+00:00,selfplay_eval,1,2657,selfplay_eval,0.0509499999999937,0,97,97
2025-11-27T09:08:30.086676+00:00,selfplay_eval,1,2658,selfplay_eval,0.0509499999999937,0,93,93
2025-11-27T09:08:30.086810+00:00,selfplay_eval,1,2659,selfplay_eval,0.0509499999999937,1,92,93
2025-11-27T09:08:30.086943+00:00,selfplay_eval,1,2660,selfplay_eval,0.0509499999999937,1,91,92
2025-11-27T09:08:30.087078+00:00,selfplay_eval,1,2661,selfplay_eval,0.0509499999999937,0,91,91
2025-11-27T09:08:30.087211+00:00,selfplay_eval,1,2662,selfplay_eval,0.0509499999999937,1,89,90
2025-11-27T09:08:30.087342+00:00,selfplay_eval,1,2663,selfplay_eval,0.0509499999999937,1,98,99
2025-11-27T09:08:30.087475+00:00,selfplay_eval,1,2664,selfplay_eval,0.0509499999999937,1,82,83
2025-11-27T09:08:30.087607+00:00,selfplay_eval,1,2665,selfplay_eval,0.0509499999999937,0,96,96
2025-11-27T09:08:30.087740+00:00,selfplay_eval,1,2666,selfplay_eval,0.0509499999999937,1,96,97
2025-11-27T09:08:30.087872+00:00,selfplay_eval,1,2667,selfplay_eval,0.0509499999999937,1,89,90
2025-11-27T09:08:30.088004+00:00,selfplay_eval,1,2668,selfplay_eval,0.0509499999999937,0,89,89
2025-11-27T09:08:30.088137+00:00,selfplay_eval,1,2669,selfplay_eval,0.0509499999999937,0,92,92
2025-11-27T09:08:30.088269+00:00,selfplay_eval,1,2670,selfplay_eval,0.0509499999999937,1,97,98
2025-11-27T09:08:30.088401+00:00,selfplay_eval,1,2671,selfplay_eval,0.0509499999999937,1,89,90
2025-11-27T09:08:30.088546+00:00,selfplay_eval,1,2672,selfplay_eval,0.0509499999999937,0,97,97
2025-11-27T09:08:30.088674+00:00,selfplay_eval,1,2673,selfplay_eval,0.0509499999999937,0,89,89
2025-11-27T09:08:30.088801+00:00,selfplay_eval,1,2674,selfplay_eval,0.0509499999999937,1,95,96
2025-11-27T09:08:30.088928+00:00,selfplay_eval,1,2675,selfplay_eval,0.0509499999999937,1,97,98
2025-11-27T09:08:30.089056+00:00,selfplay_eval,1,2676,selfplay_eval,0.0509499999999937,1,90,91
2025-11-27T09:08:30.089184+00:00,selfplay_eval,1,2677,selfplay_eval,0.0509499999999937,1,95,96
2025-11-27T09:08:30.089313+00:00,selfplay_eval,1,2678,selfplay_eval,0.0509499999999937,1,97,98
2025-11-27T09:08:30.089440+00:00,selfplay_eval,1,2679,selfplay_eval,0.0509499999999937,1,92,93
2025-11-27T09:08:30.089581+00:00,selfplay_eval,1,2680,selfplay_eval,0.0509499999999937,1,96,97
2025-11-27T09:08:30.089704+00:00,selfplay_eval,1,2681,selfplay_eval,0.0509499999999937,1,91,92
2025-11-27T09:08:30.089829+00:00,selfplay_eval,1,2682,selfplay_eval,0.0509499999999937,0,98,98
2025-11-27T09:08:30.089954+00:00,selfplay_eval,1,2683,selfplay_eval,0.0509499999999937,0,98,98
2025-11-27T09:08:30.090081+00:00,selfplay_eval,1,2684,selfplay_eval,0.0509499999999937,0,80,80
2025-11-27T09:08:30.090206+00:00,selfplay_eval,1,2685,selfplay_eval,0.0509499999999937,0,95,95
2025-11-27T09:08:30.090331+00:00,selfplay_eval,1,2686,selfplay_eval,0.0509499999999937,0,89,89
2025-11-27T09:08:30.090464+00:00,selfplay_eval,1,2687,selfplay_eval,0.0509499999999937,1,96,97
2025-11-27T09:08:30.090600+00:00,selfplay_eval,1,2688,selfplay_eval,0.0509499999999937,1,95,96
2025-11-27T09:08:30.090722+00:00,selfplay_eval,1,2689,selfplay_eval,0.0509499999999937,0,95,95
2025-11-27T09:08:30.090843+00:00,selfplay_eval,1,2690,selfplay_eval,0.0509499999999937,1,96,97
2025-11-27T09:08:30.090963+00:00,selfplay_eval,1,2691,selfplay_eval,0.0509499999999937,0,99,99
2025-11-27T09:08:30.091084+00:00,selfplay_eval,1,2692,selfplay_eval,0.0509499999999937,1,98,99
2025-11-27T09:08:30.091205+00:00,selfplay_eval,1,2693,selfplay_eval,0.0509499999999937,0,85,85
2025-11-27T09:08:30.091326+00:00,selfplay_eval,1,2694,selfplay_eval,0.0509499999999937,1,81,82
2025-11-27T09:08:30.091461+00:00,selfplay_eval,1,2695,selfplay_eval,0.0509499999999937,0,97,97
2025-11-27T09:08:30.091578+00:00,selfplay_eval,1,2696,selfplay_eval,0.0509499999999937,0,98,98
2025-11-27T09:08:30.091696+00:00,selfplay_eval,1,2697,selfplay_eval,0.0509499999999937,0,86,86
2025-11-27T09:08:30.091813+00:00,selfplay_eval,1,2698,selfplay_eval,0.0509499999999937,0,92,92
2025-11-27T09:08:30.091931+00:00,selfplay_eval,1,2699,selfplay_eval,0.0509499999999937,1,84,85
2025-11-27T09:08:30.092049+00:00,selfplay_eval,1,2700,selfplay_eval,0.0509499999999937,1,95,96
2025-11-27T09:11:46.329586+00:00,train,2,2701,self,0.0509499999999937,0,92,
2025-11-27T09:11:46.330816+00:00,train,2,2702,self,0.0509499999999937,0,96,
2025-11-27T09:11:46.331029+00:00,train,2,2703,self,0.0509499999999937,0,98,
2025-11-27T09:11:46.331212+00:00,train,2,2704,self,0.0509499999999937,0,100,
2025-11-27T09:11:46.331392+00:00,train,2,2705,self,0.0509499999999937,0,86,
2025-11-27T09:11:46.331567+00:00,train,2,2706,self,0.0509499999999937,0,91,
2025-11-27T09:11:46.331726+00:00,train,2,2707,self,0.0509499999999937,0,91,
2025-11-27T09:11:46.331874+00:00,train,2,2708,self,0.0509499999999937,0,97,
2025-11-27T09:11:46.332022+00:00,train,2,2709,self,0.0509499999999937,0,93,
2025-11-27T09:11:46.332169+00:00,train,2,2710,self,0.0509499999999937,0,95,
2025-11-27T09:11:46.332315+00:00,train,2,2711,self,0.0509499999999937,0,87,
2025-11-27T09:11:46.332462+00:00,train,2,2712,self,0.0509499999999937,0,100,
2025-11-27T09:11:46.332609+00:00,train,2,2713,self,0.0509499999999937,0,88,
2025-11-27T09:11:46.332764+00:00,train,2,2714,self,0.0509499999999937,0,100,
2025-11-27T09:11:46.332909+00:00,train,2,2715,self,0.0509499999999937,0,90,
2025-11-27T09:11:46.333057+00:00,train,2,2716,self,0.0509499999999937,0,98,
2025-11-27T09:11:46.333203+00:00,train,2,2717,self,0.0509499999999937,0,89,
2025-11-27T09:11:46.333347+00:00,train,2,2718,self,0.0509499999999937,0,99,
2025-11-27T09:11:46.333492+00:00,train,2,2719,self,0.0509499999999937,0,90,
2025-11-27T09:11:46.333637+00:00,train,2,2720,self,0.0509499999999937,0,95,
2025-11-27T09:11:46.333781+00:00,train,2,2721,self,0.0509499999999937,0,83,
2025-11-27T09:11:46.333926+00:00,train,2,2722,self,0.0509499999999937,0,98,
2025-11-27T09:11:46.334071+00:00,train,2,2723,self,0.0509499999999937,0,86,
2025-11-27T09:11:46.334217+00:00,train,2,2724,self,0.0509499999999937,0,99,
2025-11-27T09:11:46.334362+00:00,train,2,2725,self,0.0509499999999937,0,95,
2025-11-27T09:11:46.334507+00:00,train,2,2726,self,0.0509499999999937,0,99,
2025-11-27T09:11:46.334654+00:00,train,2,2727,self,0.0509499999999937,0,96,
2025-11-27T09:11:46.334799+00:00,train,2,2728,self,0.0509499999999937,0,100,
2025-11-27T09:11:46.334944+00:00,train,2,2729,self,0.0509499999999937,0,95,
2025-11-27T09:11:46.335089+00:00,train,2,2730,self,0.0509499999999937,0,100,
2025-11-27T09:11:46.335235+00:00,train,2,2731,self,0.0509499999999937,0,99,
2025-11-27T09:11:46.335383+00:00,train,2,2732,self,0.0509499999999937,0,100,
2025-11-27T09:11:46.335532+00:00,train,2,2733,self,0.0509499999999937,0,99,
2025-11-27T09:11:46.335677+00:00,train,2,2734,self,0.0509499999999937,0,99,
2025-11-27T09:11:46.335820+00:00,train,2,2735,self,0.0509499999999937,0,100,
2025-11-27T09:11:46.335964+00:00,train,2,2736,self,0.0509499999999937,0,100,
2025-11-27T09:11:46.336108+00:00,train,2,2737,self,0.0509499999999937,0,94,
2025-11-27T09:11:46.336253+00:00,train,2,2738,self,0.0509499999999937,0,98,
2025-11-27T09:11:46.336397+00:00,train,2,2739,self,0.0509499999999937,0,92,
2025-11-27T09:11:46.336540+00:00,train,2,2740,self,0.0509499999999937,0,99,
2025-11-27T09:11:46.336685+00:00,train,2,2741,self,0.0509499999999937,0,98,
2025-11-27T09:11:46.336829+00:00,train,2,2742,self,0.0509499999999937,0,99,
2025-11-27T09:11:46.336973+00:00,train,2,2743,self,0.0509499999999937,0,90,
2025-11-27T09:11:46.337118+00:00,train,2,2744,self,0.0509499999999937,0,94,
2025-11-27T09:11:46.337262+00:00,train,2,2745,self,0.0509499999999937,0,94,
2025-11-27T09:11:46.337406+00:00,train,2,2746,self,0.0509499999999937,0,98,
2025-11-27T09:11:46.337549+00:00,train,2,2747,self,0.0509499999999937,0,95,
2025-11-27T09:11:46.337692+00:00,train,2,2748,self,0.0509499999999937,0,99,
2025-11-27T09:11:46.337837+00:00,train,2,2749,self,0.0509499999999937,0,86,
2025-11-27T09:11:46.337983+00:00,train,2,2750,self,0.0509499999999937,0,96,
2025-11-27T09:11:46.338128+00:00,train,2,2751,self,0.0509499999999937,0,91,
2025-11-27T09:11:46.338286+00:00,train,2,2752,self,0.0509499999999937,0,99,
2025-11-27T09:11:46.338426+00:00,train,2,2753,self,0.0509499999999937,0,89,
2025-11-27T09:11:46.338566+00:00,train,2,2754,self,0.0509499999999937,0,96,
2025-11-27T09:11:46.338709+00:00,train,2,2755,self,0.0509499999999937,0,92,
2025-11-27T09:11:46.338849+00:00,train,2,2756,self,0.0509499999999937,0,100,
2025-11-27T09:11:46.338989+00:00,train,2,2757,self,0.0509499999999937,0,98,
2025-11-27T09:11:46.339130+00:00,train,2,2758,self,0.0509499999999937,0,98,
2025-11-27T09:11:46.339270+00:00,train,2,2759,self,0.0509499999999937,0,97,
2025-11-27T09:11:46.339411+00:00,train,2,2760,self,0.0509499999999937,0,100,
2025-11-27T09:11:46.339551+00:00,train,2,2761,self,0.0509499999999937,0,93,
2025-11-27T09:11:46.339691+00:00,train,2,2762,self,0.0509499999999937,0,100,
2025-11-27T09:11:46.339831+00:00,train,2,2763,self,0.0509499999999937,0,92,
2025-11-27T09:11:46.339971+00:00,train,2,2764,self,0.0509499999999937,0,100,
2025-11-27T09:11:46.340110+00:00,train,2,2765,self,0.0509499999999937,0,96,
2025-11-27T09:11:46.340249+00:00,train,2,2766,self,0.0509499999999937,0,97,
2025-11-27T09:11:46.340388+00:00,train,2,2767,self,0.0509499999999937,0,94,
2025-11-27T09:11:46.340531+00:00,train,2,2768,self,0.0509499999999937,0,97,
2025-11-27T09:11:46.340674+00:00,train,2,2769,self,0.0509499999999937,0,94,
2025-11-27T09:11:46.340824+00:00,train,2,2770,self,0.0509499999999937,0,100,
2025-11-27T09:11:46.341043+00:00,train,2,2771,self,0.0509499999999937,0,90,
2025-11-27T09:11:46.341204+00:00,train,2,2772,self,0.0509499999999937,0,97,
2025-11-27T09:11:46.341352+00:00,train,2,2773,self,0.0509499999999937,0,96,
2025-11-27T09:11:46.341496+00:00,train,2,2774,self,0.0509499999999937,0,100,
2025-11-27T09:11:46.341636+00:00,train,2,2775,self,0.0509499999999937,0,95,
2025-11-27T09:11:46.341779+00:00,train,2,2776,self,0.0509499999999937,0,96,
2025-11-27T09:11:46.341917+00:00,train,2,2777,self,0.0509499999999937,0,95,
2025-11-27T09:11:46.342053+00:00,train,2,2778,self,0.0509499999999937,0,99,
2025-11-27T09:11:46.342189+00:00,train,2,2779,self,0.0509499999999937,0,93,
2025-11-27T09:11:46.342327+00:00,train,2,2780,self,0.0509499999999937,0,100,
2025-11-27T09:11:46.342462+00:00,train,2,2781,self,0.0509499999999937,0,91,
2025-11-27T09:11:46.342598+00:00,train,2,2782,self,0.0509499999999937,0,100,
2025-11-27T09:11:46.342733+00:00,train,2,2783,self,0.0509499999999937,0,89,
2025-11-27T09:11:46.342869+00:00,train,2,2784,self,0.0509499999999937,0,97,
2025-11-27T09:11:46.343002+00:00,train,2,2785,self,0.0509499999999937,0,94,
2025-11-27T09:11:46.343139+00:00,train,2,2786,self,0.0509499999999937,0,100,
2025-11-27T09:11:46.343275+00:00,train,2,2787,self,0.0509499999999937,0,98,
2025-11-27T09:11:46.343410+00:00,train,2,2788,self,0.0509499999999937,0,100,
2025-11-27T09:11:46.343544+00:00,train,2,2789,self,0.0509499999999937,0,87,
2025-11-27T09:11:46.343680+00:00,train,2,2790,self,0.0509499999999937,0,100,
2025-11-27T09:11:46.343813+00:00,train,2,2791,self,0.0509499999999937,0,91,
2025-11-27T09:11:46.343948+00:00,train,2,2792,self,0.0509499999999937,0,97,
2025-11-27T09:11:46.344083+00:00,train,2,2793,self,0.0509499999999937,0,95,
2025-11-27T09:11:46.344218+00:00,train,2,2794,self,0.0509499999999937,0,98,
2025-11-27T09:11:46.344352+00:00,train,2,2795,self,0.0509499999999937,0,99,
2025-11-27T09:11:46.344485+00:00,train,2,2796,self,0.0509499999999937,0,100,
2025-11-27T09:11:46.344619+00:00,train,2,2797,self,0.0509499999999937,0,95,
2025-11-27T09:11:46.344752+00:00,train,2,2798,self,0.0509499999999937,0,96,
2025-11-27T09:11:46.344887+00:00,train,2,2799,self,0.0509499999999937,0,88,
2025-11-27T09:11:46.345020+00:00,train,2,2800,self,0.0509499999999937,0,92,
2025-11-27T09:11:46.345154+00:00,train,2,2801,self,0.0509499999999937,0,93,
2025-11-27T09:11:46.345300+00:00,train,2,2802,self,0.0509499999999937,0,94,
2025-11-27T09:11:46.345432+00:00,train,2,2803,self,0.0509499999999937,0,99,
2025-11-27T09:11:46.345662+00:00,train,2,2804,self,0.0509499999999937,0,100,
2025-11-27T09:11:46.345818+00:00,train,2,2805,self,0.0509499999999937,0,94,
2025-11-27T09:11:46.345967+00:00,train,2,2806,self,0.0509499999999937,0,94,
2025-11-27T09:11:46.346107+00:00,train,2,2807,self,0.0509499999999937,0,92,
2025-11-27T09:11:46.346244+00:00,train,2,2808,self,0.0509499999999937,0,96,
2025-11-27T09:11:46.346384+00:00,train,2,2809,self,0.0509499999999937,0,97,
2025-11-27T09:11:46.346519+00:00,train,2,2810,self,0.0509499999999937,0,100,
2025-11-27T09:11:46.346707+00:00,train,2,2811,self,0.0509499999999937,0,96,
2025-11-27T09:11:46.346861+00:00,train,2,2812,self,0.0509499999999937,0,100,
2025-11-27T09:11:46.347004+00:00,train,2,2813,self,0.0509499999999937,0,97,
2025-11-27T09:11:46.347140+00:00,train,2,2814,self,0.0509499999999937,0,99,
2025-11-27T09:11:46.347309+00:00,train,2,2815,self,0.0509499999999937,0,100,
2025-11-27T09:11:46.347445+00:00,train,2,2816,self,0.0509499999999937,0,100,
2025-11-27T09:11:46.347580+00:00,train,2,2817,self,0.0509499999999937,0,99,
2025-11-27T09:11:46.347716+00:00,train,2,2818,self,0.0509499999999937,0,100,
2025-11-27T09:11:46.347850+00:00,train,2,2819,self,0.0509499999999937,0,92,
2025-11-27T09:11:46.347985+00:00,train,2,2820,self,0.0509499999999937,0,94,
2025-11-27T09:11:46.348117+00:00,train,2,2821,self,0.0509499999999937,0,92,
2025-11-27T09:11:46.348251+00:00,train,2,2822,self,0.0509499999999937,0,100,
2025-11-27T09:11:46.348385+00:00,train,2,2823,self,0.0509499999999937,0,95,
2025-11-27T09:11:46.348517+00:00,train,2,2824,self,0.0509499999999937,0,100,
2025-11-27T09:11:46.348650+00:00,train,2,2825,self,0.0509499999999937,0,92,
2025-11-27T09:11:46.348783+00:00,train,2,2826,self,0.0509499999999937,0,96,
2025-11-27T09:11:46.348916+00:00,train,2,2827,self,0.0509499999999937,0,99,
2025-11-27T09:11:46.349050+00:00,train,2,2828,self,0.0509499999999937,0,100,
2025-11-27T09:11:46.349195+00:00,train,2,2829,self,0.0509499999999937,0,90,
2025-11-27T09:11:46.349324+00:00,train,2,2830,self,0.0509499999999937,0,100,
2025-11-27T09:11:46.349451+00:00,train,2,2831,self,0.0509499999999937,0,97,
2025-11-27T09:11:46.349580+00:00,train,2,2832,self,0.0509499999999937,0,99,
2025-11-27T09:11:46.349709+00:00,train,2,2833,self,0.0509499999999937,0,72,
2025-11-27T09:11:46.349838+00:00,train,2,2834,self,0.0509499999999937,0,100,
2025-11-27T09:11:46.349967+00:00,train,2,2835,self,0.0509499999999937,0,95,
2025-11-27T09:11:46.350097+00:00,train,2,2836,self,0.0509499999999937,0,98,
2025-11-27T09:11:46.350225+00:00,train,2,2837,self,0.0509499999999937,0,100,
2025-11-27T09:11:46.350354+00:00,train,2,2838,self,0.0509499999999937,0,100,
2025-11-27T09:11:46.350588+00:00,train,2,2839,self,0.0509499999999937,0,100,
2025-11-27T09:11:46.350720+00:00,train,2,2840,self,0.0509499999999937,0,100,
2025-11-27T09:11:46.350847+00:00,train,2,2841,self,0.0509499999999937,0,93,
2025-11-27T09:11:46.351013+00:00,train,2,2842,self,0.0509499999999937,0,94,
2025-11-27T09:11:46.351143+00:00,train,2,2843,self,0.0509499999999937,0,90,
2025-11-27T09:11:46.351271+00:00,train,2,2844,self,0.0509499999999937,0,98,
2025-11-27T09:11:46.351400+00:00,train,2,2845,self,0.0509499999999937,0,96,
2025-11-27T09:11:46.351527+00:00,train,2,2846,self,0.0509499999999937,0,100,
2025-11-27T09:11:46.351657+00:00,train,2,2847,self,0.0509499999999937,0,96,
2025-11-27T09:11:46.351784+00:00,train,2,2848,self,0.0509499999999937,0,100,
2025-11-27T09:11:46.351911+00:00,train,2,2849,self,0.0509499999999937,0,99,
2025-11-27T09:11:46.352041+00:00,train,2,2850,self,0.0509499999999937,0,99,
2025-11-27T09:11:46.352169+00:00,train,2,2851,self,0.0509499999999937,0,98,
2025-11-27T09:11:46.352297+00:00,train,2,2852,self,0.0509499999999937,0,100,
2025-11-27T09:11:46.352434+00:00,train,2,2853,self,0.0509499999999937,0,95,
2025-11-27T09:11:46.352564+00:00,train,2,2854,self,0.0509499999999937,0,97,
2025-11-27T09:11:46.352691+00:00,train,2,2855,self,0.0509499999999937,0,95,
2025-11-27T09:11:46.352826+00:00,train,2,2856,self,0.0509499999999937,0,100,
2025-11-27T09:11:46.352952+00:00,train,2,2857,self,0.0509499999999937,0,83,
2025-11-27T09:11:46.353079+00:00,train,2,2858,self,0.0509499999999937,0,100,
2025-11-27T09:11:46.353207+00:00,train,2,2859,self,0.0509499999999937,0,98,
2025-11-27T09:11:46.353332+00:00,train,2,2860,self,0.0509499999999937,0,100,
2025-11-27T09:11:46.353458+00:00,train,2,2861,self,0.0509499999999937,0,97,
2025-11-27T09:11:46.353584+00:00,train,2,2862,self,0.0509499999999937,0,100,
2025-11-27T09:11:46.353710+00:00,train,2,2863,self,0.0509499999999937,0,90,
2025-11-27T09:11:46.353836+00:00,train,2,2864,self,0.0509499999999937,0,99,
2025-11-27T09:11:46.353962+00:00,train,2,2865,self,0.0509499999999937,0,96,
2025-11-27T09:11:46.354087+00:00,train,2,2866,self,0.0509499999999937,0,100,
2025-11-27T09:11:46.354224+00:00,train,2,2867,self,0.0509499999999937,0,93,
2025-11-27T09:11:46.354346+00:00,train,2,2868,self,0.0509499999999937,0,99,
2025-11-27T09:11:46.354468+00:00,train,2,2869,self,0.0509499999999937,0,94,
2025-11-27T09:11:46.354589+00:00,train,2,2870,self,0.0509499999999937,0,97,
2025-11-27T09:11:46.354711+00:00,train,2,2871,self,0.0509499999999937,0,97,
2025-11-27T09:11:46.354833+00:00,train,2,2872,self,0.0509499999999937,0,99,
2025-11-27T09:11:46.354955+00:00,train,2,2873,self,0.0509499999999937,0,96,
2025-11-27T09:11:46.355077+00:00,train,2,2874,self,0.0509499999999937,0,100,
2025-11-27T09:11:46.355198+00:00,train,2,2875,self,0.0509499999999937,0,95,
2025-11-27T09:11:46.355320+00:00,train,2,2876,self,0.0509499999999937,0,98,
2025-11-27T09:11:46.355444+00:00,train,2,2877,self,0.0509499999999937,0,92,
2025-11-27T09:11:46.355566+00:00,train,2,2878,self,0.0509499999999937,0,98,
2025-11-27T09:11:46.355688+00:00,train,2,2879,self,0.0509499999999937,0,98,
2025-11-27T09:11:46.355810+00:00,train,2,2880,self,0.0509499999999937,0,100,
2025-11-27T09:11:46.355932+00:00,train,2,2881,self,0.0509499999999937,0,95,
2025-11-27T09:11:46.356054+00:00,train,2,2882,self,0.0509499999999937,0,97,
2025-11-27T09:11:46.356176+00:00,train,2,2883,self,0.0509499999999937,0,91,
2025-11-27T09:11:46.356299+00:00,train,2,2884,self,0.0509499999999937,0,99,
2025-11-27T09:11:46.356420+00:00,train,2,2885,self,0.0509499999999937,0,91,
2025-11-27T09:11:46.356541+00:00,train,2,2886,self,0.0509499999999937,0,99,
2025-11-27T09:11:46.356663+00:00,train,2,2887,self,0.0509499999999937,0,97,
2025-11-27T09:11:46.356785+00:00,train,2,2888,self,0.0509499999999937,0,99,
2025-11-27T09:11:46.356907+00:00,train,2,2889,self,0.0509499999999937,0,95,
2025-11-27T09:11:46.357028+00:00,train,2,2890,self,0.0509499999999937,0,98,
2025-11-27T09:11:46.357149+00:00,train,2,2891,self,0.0509499999999937,0,89,
2025-11-27T09:11:46.357280+00:00,train,2,2892,self,0.0509499999999937,0,92,
2025-11-27T09:11:46.357408+00:00,train,2,2893,self,0.0509499999999937,0,94,
2025-11-27T09:11:46.357537+00:00,train,2,2894,self,0.0509499999999937,0,100,
2025-11-27T09:11:46.357665+00:00,train,2,2895,self,0.0509499999999937,0,99,
2025-11-27T09:11:46.357796+00:00,train,2,2896,self,0.0509499999999937,0,100,
2025-11-27T09:11:46.357923+00:00,train,2,2897,self,0.0509499999999937,0,99,
2025-11-27T09:11:46.358047+00:00,train,2,2898,self,0.0509499999999937,0,100,
2025-11-27T09:11:46.358174+00:00,train,2,2899,self,0.0509499999999937,0,93,
2025-11-27T09:11:46.358303+00:00,train,2,2900,self,0.0509499999999937,0,100,
2025-11-27T09:11:46.358434+00:00,train,2,2901,self,0.0509499999999937,0,97,
2025-11-27T09:11:46.358562+00:00,train,2,2902,self,0.0509499999999937,0,100,
2025-11-27T09:11:46.358687+00:00,train,2,2903,self,0.0509499999999937,0,94,
2025-11-27T09:11:46.358811+00:00,train,2,2904,self,0.0509499999999937,0,99,
2025-11-27T09:11:46.358942+00:00,train,2,2905,self,0.0509499999999937,0,92,
2025-11-27T09:11:46.359069+00:00,train,2,2906,self,0.0509499999999937,0,100,
2025-11-27T09:11:46.359195+00:00,train,2,2907,self,0.0509499999999937,0,93,
2025-11-27T09:11:46.359328+00:00,train,2,2908,self,0.0509499999999937,0,98,
2025-11-27T09:11:46.359456+00:00,train,2,2909,self,0.0509499999999937,0,90,
2025-11-27T09:11:46.359586+00:00,train,2,2910,self,0.0509499999999937,0,94,
2025-11-27T09:11:46.359720+00:00,train,2,2911,self,0.0509499999999937,0,99,
2025-11-27T09:11:46.359846+00:00,train,2,2912,self,0.0509499999999937,0,100,
2025-11-27T09:11:46.359978+00:00,train,2,2913,self,0.0509499999999937,0,96,
2025-11-27T09:11:46.360105+00:00,train,2,2914,self,0.0509499999999937,0,98,
2025-11-27T09:11:46.360240+00:00,train,2,2915,self,0.0509499999999937,0,81,
2025-11-27T09:11:46.360365+00:00,train,2,2916,self,0.0509499999999937,0,98,
2025-11-27T09:11:46.360496+00:00,train,2,2917,self,0.0509499999999937,0,99,
2025-11-27T09:11:46.360628+00:00,train,2,2918,self,0.0509499999999937,0,100,
2025-11-27T09:11:46.360757+00:00,train,2,2919,self,0.0509499999999937,0,97,
2025-11-27T09:11:46.360892+00:00,train,2,2920,self,0.0509499999999937,0,100,
2025-11-27T09:11:46.361020+00:00,train,2,2921,self,0.0509499999999937,0,92,
2025-11-27T09:11:46.361154+00:00,train,2,2922,self,0.0509499999999937,0,95,
2025-11-27T09:11:46.361281+00:00,train,2,2923,self,0.0509499999999937,0,90,
2025-11-27T09:11:46.361412+00:00,train,2,2924,self,0.0509499999999937,0,98,
2025-11-27T09:11:46.361686+00:00,train,2,2925,self,0.0509499999999937,0,96,
2025-11-27T09:11:46.361851+00:00,train,2,2926,self,0.0509499999999937,0,97,
2025-11-27T09:11:46.361999+00:00,train,2,2927,self,0.0509499999999937,0,93,
2025-11-27T09:11:46.362149+00:00,train,2,2928,self,0.0509499999999937,0,100,
2025-11-27T09:11:46.362288+00:00,train,2,2929,self,0.0509499999999937,0,87,
2025-11-27T09:11:46.362433+00:00,train,2,2930,self,0.0509499999999937,0,100,
2025-11-27T09:11:46.362573+00:00,train,2,2931,self,0.0509499999999937,0,98,
2025-11-27T09:11:46.362712+00:00,train,2,2932,self,0.0509499999999937,0,99,
2025-11-27T09:11:46.362845+00:00,train,2,2933,self,0.0509499999999937,0,98,
2025-11-27T09:11:46.363030+00:00,train,2,2934,self,0.0509499999999937,0,100,
2025-11-27T09:11:46.363180+00:00,train,2,2935,self,0.0509499999999937,0,88,
2025-11-27T09:11:46.363320+00:00,train,2,2936,self,0.0509499999999937,0,100,
2025-11-27T09:11:46.363455+00:00,train,2,2937,self,0.0509499999999937,0,92,
2025-11-27T09:11:46.363587+00:00,train,2,2938,self,0.0509499999999937,0,100,
2025-11-27T09:11:46.363716+00:00,train,2,2939,self,0.0509499999999937,0,97,
2025-11-27T09:11:46.363844+00:00,train,2,2940,self,0.0509499999999937,0,99,
2025-11-27T09:11:46.363971+00:00,train,2,2941,self,0.0509499999999937,0,96,
2025-11-27T09:11:46.364099+00:00,train,2,2942,self,0.0509499999999937,0,100,
2025-11-27T09:11:46.364226+00:00,train,2,2943,self,0.0509499999999937,0,82,
2025-11-27T09:11:46.364352+00:00,train,2,2944,self,0.0509499999999937,0,97,
2025-11-27T09:11:46.364480+00:00,train,2,2945,self,0.0509499999999937,0,98,
2025-11-27T09:11:46.364608+00:00,train,2,2946,self,0.0509499999999937,0,100,
2025-11-27T09:11:46.364734+00:00,train,2,2947,self,0.0509499999999937,0,99,
2025-11-27T09:11:46.364860+00:00,train,2,2948,self,0.0509499999999937,0,100,
2025-11-27T09:11:46.364996+00:00,train,2,2949,self,0.0509499999999937,0,91,
2025-11-27T09:11:46.365123+00:00,train,2,2950,self,0.0509499999999937,0,93,
2025-11-27T09:11:46.365258+00:00,train,2,2951,self,0.0509499999999937,0,96,
2025-11-27T09:11:46.365390+00:00,train,2,2952,self,0.0509499999999937,0,100,
2025-11-27T09:11:46.365524+00:00,train,2,2953,self,0.0509499999999937,0,91,
2025-11-27T09:11:46.365656+00:00,train,2,2954,self,0.0509499999999937,0,100,
2025-11-27T09:11:46.365785+00:00,train,2,2955,self,0.0509499999999937,0,93,
2025-11-27T09:11:46.365916+00:00,train,2,2956,self,0.0509499999999937,0,99,
2025-11-27T09:11:46.366046+00:00,train,2,2957,self,0.0509499999999937,0,90,
2025-11-27T09:11:46.366177+00:00,train,2,2958,self,0.0509499999999937,0,95,
2025-11-27T09:11:46.366306+00:00,train,2,2959,self,0.0509499999999937,0,87,
2025-11-27T09:11:46.366470+00:00,train,2,2960,self,0.0509499999999937,0,96,
2025-11-27T09:11:46.366600+00:00,train,2,2961,self,0.0509499999999937,0,99,
2025-11-27T09:11:46.366732+00:00,train,2,2962,self,0.0509499999999937,0,100,
2025-11-27T09:11:46.366861+00:00,train,2,2963,self,0.0509499999999937,0,96,
2025-11-27T09:11:46.366988+00:00,train,2,2964,self,0.0509499999999937,0,98,
2025-11-27T09:11:46.367120+00:00,train,2,2965,self,0.0509499999999937,0,90,
2025-11-27T09:11:46.367249+00:00,train,2,2966,self,0.0509499999999937,0,100,
2025-11-27T09:11:46.367377+00:00,train,2,2967,self,0.0509499999999937,0,94,
2025-11-27T09:11:46.367511+00:00,train,2,2968,self,0.0509499999999937,0,99,
2025-11-27T09:11:46.367638+00:00,train,2,2969,self,0.0509499999999937,0,98,
2025-11-27T09:11:46.367771+00:00,train,2,2970,self,0.0509499999999937,0,100,
2025-11-27T09:11:46.367900+00:00,train,2,2971,self,0.0509499999999937,0,97,
2025-11-27T09:11:46.368032+00:00,train,2,2972,self,0.0509499999999937,0,100,
2025-11-27T09:11:46.368162+00:00,train,2,2973,self,0.0509499999999937,0,87,
2025-11-27T09:11:46.368292+00:00,train,2,2974,self,0.0509499999999937,0,98,
2025-11-27T09:11:46.368422+00:00,train,2,2975,self,0.0509499999999937,0,96,
2025-11-27T09:11:46.368553+00:00,train,2,2976,self,0.0509499999999937,0,98,
2025-11-27T09:11:46.368684+00:00,train,2,2977,self,0.0509499999999937,0,89,
2025-11-27T09:11:46.368814+00:00,train,2,2978,self,0.0509499999999937,0,100,
2025-11-27T09:11:46.368947+00:00,train,2,2979,self,0.0509499999999937,0,95,
2025-11-27T09:11:46.369074+00:00,train,2,2980,self,0.0509499999999937,0,100,
2025-11-27T09:11:46.369209+00:00,train,2,2981,self,0.0509499999999937,0,93,
2025-11-27T09:11:46.369336+00:00,train,2,2982,self,0.0509499999999937,0,99,
2025-11-27T09:11:46.369467+00:00,train,2,2983,self,0.0509499999999937,0,92,
2025-11-27T09:11:46.369595+00:00,train,2,2984,self,0.0509499999999937,0,97,
2025-11-27T09:11:46.369726+00:00,train,2,2985,self,0.0509499999999937,0,92,
2025-11-27T09:11:46.369855+00:00,train,2,2986,self,0.0509499999999937,0,97,
2025-11-27T09:11:46.369981+00:00,train,2,2987,self,0.0509499999999937,0,96,
2025-11-27T09:11:46.370107+00:00,train,2,2988,self,0.0509499999999937,0,100,
2025-11-27T09:11:46.370240+00:00,train,2,2989,self,0.0509499999999937,0,99,
2025-11-27T09:11:46.370367+00:00,train,2,2990,self,0.0509499999999937,0,100,
2025-11-27T09:11:46.370501+00:00,train,2,2991,self,0.0509499999999937,0,84,
2025-11-27T09:11:46.370629+00:00,train,2,2992,self,0.0509499999999937,0,96,
2025-11-27T09:11:46.370760+00:00,train,2,2993,self,0.0509499999999937,0,96,
2025-11-27T09:11:46.370888+00:00,train,2,2994,self,0.0509499999999937,0,100,
2025-11-27T09:11:46.371021+00:00,train,2,2995,self,0.0509499999999937,0,83,
2025-11-27T09:11:46.371150+00:00,train,2,2996,self,0.0509499999999937,0,97,
2025-11-27T09:11:46.371279+00:00,train,2,2997,self,0.0509499999999937,0,98,
2025-11-27T09:11:46.371412+00:00,train,2,2998,self,0.0509499999999937,0,99,
2025-11-27T09:11:46.371540+00:00,train,2,2999,self,0.0509499999999937,0,95,
2025-11-27T09:11:46.371673+00:00,train,2,3000,self,0.0509499999999937,0,96,
2025-11-27T09:11:46.371862+00:00,train,2,3001,self,0.0509499999999937,0,94,
2025-11-27T09:11:46.372017+00:00,train,2,3002,self,0.0509499999999937,0,100,
2025-11-27T09:11:46.372157+00:00,train,2,3003,self,0.0509499999999937,0,93,
2025-11-27T09:11:46.372291+00:00,train,2,3004,self,0.0509499999999937,0,99,
2025-11-27T09:11:46.372422+00:00,train,2,3005,self,0.0509499999999937,0,95,
2025-11-27T09:11:46.372552+00:00,train,2,3006,self,0.0509499999999937,0,99,
2025-11-27T09:11:46.372681+00:00,train,2,3007,self,0.0509499999999937,0,82,
2025-11-27T09:11:46.372808+00:00,train,2,3008,self,0.0509499999999937,0,93,
2025-11-27T09:11:46.372935+00:00,train,2,3009,self,0.0509499999999937,0,99,
2025-11-27T09:11:46.373062+00:00,train,2,3010,self,0.0509499999999937,0,100,
2025-11-27T09:11:46.373190+00:00,train,2,3011,self,0.0509499999999937,0,96,
2025-11-27T09:11:46.373375+00:00,train,2,3012,self,0.0509499999999937,0,100,
2025-11-27T09:11:46.373524+00:00,train,2,3013,self,0.0509499999999937,0,92,
2025-11-27T09:11:46.373662+00:00,train,2,3014,self,0.0509499999999937,0,92,
2025-11-27T09:11:46.373797+00:00,train,2,3015,self,0.0509499999999937,0,93,
2025-11-27T09:11:46.373928+00:00,train,2,3016,self,0.0509499999999937,0,97,
2025-11-27T09:11:46.374057+00:00,train,2,3017,self,0.0509499999999937,0,79,
2025-11-27T09:11:46.374185+00:00,train,2,3018,self,0.0509499999999937,0,98,
2025-11-27T09:11:46.374312+00:00,train,2,3019,self,0.0509499999999937,0,100,
2025-11-27T09:11:46.374439+00:00,train,2,3020,self,0.0509499999999937,0,100,
2025-11-27T09:11:46.374566+00:00,train,2,3021,self,0.0509499999999937,0,74,
2025-11-27T09:11:46.374692+00:00,train,2,3022,self,0.0509499999999937,0,92,
2025-11-27T09:11:46.374818+00:00,train,2,3023,self,0.0509499999999937,0,100,
2025-11-27T09:11:46.374944+00:00,train,2,3024,self,0.0509499999999937,0,100,
2025-11-27T09:11:46.375070+00:00,train,2,3025,self,0.0509499999999937,0,99,
2025-11-27T09:11:46.375208+00:00,train,2,3026,self,0.0509499999999937,0,100,
2025-11-27T09:11:46.375330+00:00,train,2,3027,self,0.0509499999999937,0,94,
2025-11-27T09:11:46.375453+00:00,train,2,3028,self,0.0509499999999937,0,94,
2025-11-27T09:11:46.375574+00:00,train,2,3029,self,0.0509499999999937,0,92,
2025-11-27T09:11:46.375695+00:00,train,2,3030,self,0.0509499999999937,0,94,
2025-11-27T09:11:46.375817+00:00,train,2,3031,self,0.0509499999999937,0,98,
2025-11-27T09:11:46.375940+00:00,train,2,3032,self,0.0509499999999937,0,99,
2025-11-27T09:11:46.376061+00:00,train,2,3033,self,0.0509499999999937,0,94,
2025-11-27T09:11:46.376195+00:00,train,2,3034,self,0.0509499999999937,0,100,
2025-11-27T09:11:46.376314+00:00,train,2,3035,self,0.0509499999999937,0,84,
2025-11-27T09:11:46.376432+00:00,train,2,3036,self,0.0509499999999937,0,100,
2025-11-27T09:11:46.376550+00:00,train,2,3037,self,0.0509499999999937,0,89,
2025-11-27T09:11:46.376669+00:00,train,2,3038,self,0.0509499999999937,0,92,
2025-11-27T09:11:46.376787+00:00,train,2,3039,self,0.0509499999999937,0,88,
2025-11-27T09:11:46.376905+00:00,train,2,3040,self,0.0509499999999937,0,96,
2025-11-27T09:11:46.377024+00:00,train,2,3041,self,0.0509499999999937,0,92,
2025-11-27T09:11:46.377142+00:00,train,2,3042,self,0.0509499999999937,0,92,
2025-11-27T09:11:46.377271+00:00,train,2,3043,self,0.0509499999999937,0,97,
2025-11-27T09:11:46.377386+00:00,train,2,3044,self,0.0509499999999937,0,100,
2025-11-27T09:11:46.377500+00:00,train,2,3045,self,0.0509499999999937,0,93,
2025-11-27T09:11:46.377616+00:00,train,2,3046,self,0.0509499999999937,0,95,
2025-11-27T09:11:46.377731+00:00,train,2,3047,self,0.0509499999999937,0,73,
2025-11-27T09:11:46.377846+00:00,train,2,3048,self,0.0509499999999937,0,96,
2025-11-27T09:11:46.377960+00:00,train,2,3049,self,0.0509499999999937,0,96,
2025-11-27T09:11:46.378075+00:00,train,2,3050,self,0.0509499999999937,0,99,
2025-11-27T09:11:46.378205+00:00,train,2,3051,self,0.0509499999999937,0,100,
2025-11-27T09:11:46.378316+00:00,train,2,3052,self,0.0509499999999937,0,100,
2025-11-27T09:11:46.378428+00:00,train,2,3053,self,0.0509499999999937,0,96,
2025-11-27T09:11:46.378540+00:00,train,2,3054,self,0.0509499999999937,0,99,
2025-11-27T09:11:46.378651+00:00,train,2,3055,self,0.0509499999999937,0,96,
2025-11-27T09:11:46.378763+00:00,train,2,3056,self,0.0509499999999937,0,98,
2025-11-27T09:11:46.378875+00:00,train,2,3057,self,0.0509499999999937,0,98,
2025-11-27T09:11:46.378986+00:00,train,2,3058,self,0.0509499999999937,0,100,
2025-11-27T09:11:46.379097+00:00,train,2,3059,self,0.0509499999999937,0,96,
2025-11-27T09:11:46.379221+00:00,train,2,3060,self,0.0509499999999937,0,97,
2025-11-27T09:11:46.379329+00:00,train,2,3061,self,0.0509499999999937,0,92,
2025-11-27T09:11:46.379437+00:00,train,2,3062,self,0.0509499999999937,0,99,
2025-11-27T09:11:46.379546+00:00,train,2,3063,self,0.0509499999999937,0,93,
2025-11-27T09:11:46.379655+00:00,train,2,3064,self,0.0509499999999937,0,100,
2025-11-27T09:11:46.379764+00:00,train,2,3065,self,0.0509499999999937,0,96,
2025-11-27T09:11:46.379872+00:00,train,2,3066,self,0.0509499999999937,0,98,
2025-11-27T09:11:46.379981+00:00,train,2,3067,self,0.0509499999999937,0,77,
2025-11-27T09:11:46.380090+00:00,train,2,3068,self,0.0509499999999937,0,100,
2025-11-27T09:11:46.380209+00:00,train,2,3069,self,0.0509499999999937,0,96,
2025-11-27T09:11:46.380315+00:00,train,2,3070,self,0.0509499999999937,0,98,
2025-11-27T09:11:46.380420+00:00,train,2,3071,self,0.0509499999999937,0,83,
2025-11-27T09:11:46.380527+00:00,train,2,3072,self,0.0509499999999937,0,100,
2025-11-27T09:11:46.380632+00:00,train,2,3073,self,0.0509499999999937,0,90,
2025-11-27T09:11:46.380739+00:00,train,2,3074,self,0.0509499999999937,0,100,
2025-11-27T09:11:46.380845+00:00,train,2,3075,self,0.0509499999999937,0,96,
2025-11-27T09:11:46.380952+00:00,train,2,3076,self,0.0509499999999937,0,98,
2025-11-27T09:11:46.381058+00:00,train,2,3077,self,0.0509499999999937,0,90,
2025-11-27T09:11:46.381177+00:00,train,2,3078,self,0.0509499999999937,0,99,
2025-11-27T09:11:46.381280+00:00,train,2,3079,self,0.0509499999999937,0,86,
2025-11-27T09:11:46.381383+00:00,train,2,3080,self,0.0509499999999937,0,91,
2025-11-27T09:11:46.381487+00:00,train,2,3081,self,0.0509499999999937,0,96,
2025-11-27T09:11:46.381590+00:00,train,2,3082,self,0.0509499999999937,0,99,
2025-11-27T09:11:46.381694+00:00,train,2,3083,self,0.0509499999999937,0,97,
2025-11-27T09:11:46.381797+00:00,train,2,3084,self,0.0509499999999937,0,98,
2025-11-27T09:11:46.381954+00:00,train,2,3085,self,0.0509499999999937,0,78,
2025-11-27T09:11:46.382080+00:00,train,2,3086,self,0.0509499999999937,0,100,
2025-11-27T09:11:46.382253+00:00,train,2,3087,self,0.0509499999999937,0,91,
2025-11-27T09:11:46.382373+00:00,train,2,3088,self,0.0509499999999937,0,100,
2025-11-27T09:11:46.382484+00:00,train,2,3089,self,0.0509499999999937,0,89,
2025-11-27T09:11:46.382592+00:00,train,2,3090,self,0.0509499999999937,0,94,
2025-11-27T09:11:46.382696+00:00,train,2,3091,self,0.0509499999999937,0,95,
2025-11-27T09:11:46.382799+00:00,train,2,3092,self,0.0509499999999937,0,100,
2025-11-27T09:11:46.382902+00:00,train,2,3093,self,0.0509499999999937,0,98,
2025-11-27T09:11:46.383004+00:00,train,2,3094,self,0.0509499999999937,0,98,
2025-11-27T09:11:46.383110+00:00,train,2,3095,self,0.0509499999999937,0,96,
2025-11-27T09:11:46.383259+00:00,train,2,3096,self,0.0509499999999937,0,100,
2025-11-27T09:11:46.383378+00:00,train,2,3097,self,0.0509499999999937,0,95,
2025-11-27T09:11:46.383489+00:00,train,2,3098,self,0.0509499999999937,0,98,
2025-11-27T09:11:46.383595+00:00,train,2,3099,self,0.0509499999999937,0,90,
2025-11-27T09:11:46.383699+00:00,train,2,3100,self,0.0509499999999937,0,95,
2025-11-27T09:11:46.383802+00:00,train,2,3101,self,0.0509499999999937,0,98,
2025-11-27T09:11:46.383904+00:00,train,2,3102,self,0.0509499999999937,0,100,
2025-11-27T09:11:46.384009+00:00,train,2,3103,self,0.0509499999999937,0,99,
2025-11-27T09:11:46.384112+00:00,train,2,3104,self,0.0509499999999937,0,100,
2025-11-27T09:11:46.384212+00:00,train,2,3105,self,0.0509499999999937,0,98,
2025-11-27T09:11:46.384312+00:00,train,2,3106,self,0.0509499999999937,0,98,
2025-11-27T09:11:46.384413+00:00,train,2,3107,self,0.0509499999999937,0,92,
2025-11-27T09:11:46.384513+00:00,train,2,3108,self,0.0509499999999937,0,96,
2025-11-27T09:11:46.384612+00:00,train,2,3109,self,0.0509499999999937,0,100,
2025-11-27T09:11:46.384712+00:00,train,2,3110,self,0.0509499999999937,0,100,
2025-11-27T09:11:46.384812+00:00,train,2,3111,self,0.0509499999999937,0,80,
2025-11-27T09:11:46.384911+00:00,train,2,3112,self,0.0509499999999937,0,100,
2025-11-27T09:11:46.385011+00:00,train,2,3113,self,0.0509499999999937,0,99,
2025-11-27T09:11:46.385110+00:00,train,2,3114,self,0.0509499999999937,0,100,
2025-11-27T09:11:46.385210+00:00,train,2,3115,self,0.0509499999999937,0,94,
2025-11-27T09:11:46.385309+00:00,train,2,3116,self,0.0509499999999937,0,100,
2025-11-27T09:11:46.385408+00:00,train,2,3117,self,0.0509499999999937,0,97,
2025-11-27T09:11:46.385508+00:00,train,2,3118,self,0.0509499999999937,0,100,
2025-11-27T09:11:46.385608+00:00,train,2,3119,self,0.0509499999999937,0,99,
2025-11-27T09:11:46.385708+00:00,train,2,3120,self,0.0509499999999937,0,100,
2025-11-27T09:11:46.385808+00:00,train,2,3121,self,0.0509499999999937,0,97,
2025-11-27T09:11:46.385907+00:00,train,2,3122,self,0.0509499999999937,0,100,
2025-11-27T09:11:46.386007+00:00,train,2,3123,self,0.0509499999999937,0,94,
2025-11-27T09:11:46.386106+00:00,train,2,3124,self,0.0509499999999937,0,99,
2025-11-27T09:11:46.386205+00:00,train,2,3125,self,0.0509499999999937,0,98,
2025-11-27T09:11:46.386304+00:00,train,2,3126,self,0.0509499999999937,0,100,
2025-11-27T09:11:46.386404+00:00,train,2,3127,self,0.0509499999999937,0,99,
2025-11-27T09:11:46.386504+00:00,train,2,3128,self,0.0509499999999937,0,99,
2025-11-27T09:11:46.386604+00:00,train,2,3129,self,0.0509499999999937,0,99,
2025-11-27T09:11:46.386703+00:00,train,2,3130,self,0.0509499999999937,0,99,
2025-11-27T09:11:46.386803+00:00,train,2,3131,self,0.0509499999999937,0,99,
2025-11-27T09:11:46.386902+00:00,train,2,3132,self,0.0509499999999937,0,100,
2025-11-27T09:11:46.387002+00:00,train,2,3133,self,0.0509499999999937,0,81,
2025-11-27T09:11:46.387101+00:00,train,2,3134,self,0.0509499999999937,0,100,
2025-11-27T09:11:46.387200+00:00,train,2,3135,self,0.0509499999999937,0,84,
2025-11-27T09:11:46.387299+00:00,train,2,3136,self,0.0509499999999937,0,96,
2025-11-27T09:11:46.387398+00:00,train,2,3137,self,0.0509499999999937,0,100,
2025-11-27T09:11:46.387498+00:00,train,2,3138,self,0.0509499999999937,0,100,
2025-11-27T09:11:46.387597+00:00,train,2,3139,self,0.0509499999999937,0,97,
2025-11-27T09:11:46.387696+00:00,train,2,3140,self,0.0509499999999937,0,98,
2025-11-27T09:11:46.387796+00:00,train,2,3141,self,0.0509499999999937,0,95,
2025-11-27T09:11:46.387896+00:00,train,2,3142,self,0.0509499999999937,0,100,
2025-11-27T09:11:46.387996+00:00,train,2,3143,self,0.0509499999999937,0,93,
2025-11-27T09:11:46.388095+00:00,train,2,3144,self,0.0509499999999937,0,97,
2025-11-27T09:11:46.388194+00:00,train,2,3145,self,0.0509499999999937,0,98,
2025-11-27T09:11:46.388294+00:00,train,2,3146,self,0.0509499999999937,0,98,
2025-11-27T09:11:46.388393+00:00,train,2,3147,self,0.0509499999999937,0,90,
2025-11-27T09:11:46.388492+00:00,train,2,3148,self,0.0509499999999937,0,96,
2025-11-27T09:11:46.388591+00:00,train,2,3149,self,0.0509499999999937,0,81,
2025-11-27T09:11:46.388691+00:00,train,2,3150,self,0.0509499999999937,0,100,
2025-11-27T09:11:46.388789+00:00,train,2,3151,self,0.0509499999999937,0,99,
2025-11-27T09:11:46.388930+00:00,train,2,3152,self,0.0509499999999937,0,99,
2025-11-27T09:11:46.389029+00:00,train,2,3153,self,0.0509499999999937,0,95,
2025-11-27T09:11:46.389128+00:00,train,2,3154,self,0.0509499999999937,0,96,
2025-11-27T09:11:46.389228+00:00,train,2,3155,self,0.0509499999999937,0,92,
2025-11-27T09:11:46.389327+00:00,train,2,3156,self,0.0509499999999937,0,94,
2025-11-27T09:11:46.389429+00:00,train,2,3157,self,0.0509499999999937,0,91,
2025-11-27T09:11:46.389528+00:00,train,2,3158,self,0.0509499999999937,0,100,
2025-11-27T09:11:46.389628+00:00,train,2,3159,self,0.0509499999999937,0,97,
2025-11-27T09:11:46.389727+00:00,train,2,3160,self,0.0509499999999937,0,100,
2025-11-27T09:11:46.389827+00:00,train,2,3161,self,0.0509499999999937,0,97,
2025-11-27T09:11:46.389927+00:00,train,2,3162,self,0.0509499999999937,0,100,
2025-11-27T09:11:46.390027+00:00,train,2,3163,self,0.0509499999999937,0,93,
2025-11-27T09:11:46.390127+00:00,train,2,3164,self,0.0509499999999937,0,100,
2025-11-27T09:11:46.390227+00:00,train,2,3165,self,0.0509499999999937,0,96,
2025-11-27T09:11:46.390327+00:00,train,2,3166,self,0.0509499999999937,0,98,
2025-11-27T09:11:46.390558+00:00,train,2,3167,self,0.0509499999999937,0,100,
2025-11-27T09:11:46.390678+00:00,train,2,3168,self,0.0509499999999937,0,100,
2025-11-27T09:11:46.390882+00:00,train,2,3169,self,0.0509499999999937,0,96,
2025-11-27T09:11:46.391086+00:00,train,2,3170,self,0.0509499999999937,0,97,
2025-11-27T09:11:46.391247+00:00,train,2,3171,self,0.0509499999999937,0,96,
2025-11-27T09:11:46.391354+00:00,train,2,3172,self,0.0509499999999937,0,96,
2025-11-27T09:11:46.391456+00:00,train,2,3173,self,0.0509499999999937,0,99,
2025-11-27T09:11:46.391559+00:00,train,2,3174,self,0.0509499999999937,0,100,
2025-11-27T09:11:46.391661+00:00,train,2,3175,self,0.0509499999999937,0,100,
2025-11-27T09:11:46.391763+00:00,train,2,3176,self,0.0509499999999937,0,100,
2025-11-27T09:11:46.391864+00:00,train,2,3177,self,0.0509499999999937,0,100,
2025-11-27T09:11:46.391965+00:00,train,2,3178,self,0.0509499999999937,0,100,
2025-11-27T09:11:46.392066+00:00,train,2,3179,self,0.0509499999999937,0,88,
2025-11-27T09:11:46.392166+00:00,train,2,3180,self,0.0509499999999937,0,89,
2025-11-27T09:11:46.392267+00:00,train,2,3181,self,0.0509499999999937,0,90,
2025-11-27T09:11:46.392368+00:00,train,2,3182,self,0.0509499999999937,0,94,
2025-11-27T09:11:46.392469+00:00,train,2,3183,self,0.0509499999999937,0,91,
2025-11-27T09:11:46.392679+00:00,train,2,3184,self,0.0509499999999937,0,97,
2025-11-27T09:11:46.392795+00:00,train,2,3185,self,0.0509499999999937,0,98,
2025-11-27T09:11:46.392903+00:00,train,2,3186,self,0.0509499999999937,0,99,
2025-11-27T09:11:46.393009+00:00,train,2,3187,self,0.0509499999999937,0,99,
2025-11-27T09:11:46.393112+00:00,train,2,3188,self,0.0509499999999937,0,100,
2025-11-27T09:11:46.393213+00:00,train,2,3189,self,0.0509499999999937,0,99,
2025-11-27T09:11:46.393315+00:00,train,2,3190,self,0.0509499999999937,0,100,
2025-11-27T09:11:46.393415+00:00,train,2,3191,self,0.0509499999999937,0,94,
2025-11-27T09:11:46.393516+00:00,train,2,3192,self,0.0509499999999937,0,95,
2025-11-27T09:11:46.393616+00:00,train,2,3193,self,0.0509499999999937,0,95,
2025-11-27T09:11:46.393761+00:00,train,2,3194,self,0.0509499999999937,0,100,
2025-11-27T09:11:46.393861+00:00,train,2,3195,self,0.0509499999999937,0,97,
2025-11-27T09:11:46.393961+00:00,train,2,3196,self,0.0509499999999937,0,99,
2025-11-27T09:11:46.394061+00:00,train,2,3197,self,0.0509499999999937,0,95,
2025-11-27T09:11:46.394161+00:00,train,2,3198,self,0.0509499999999937,0,100,
2025-11-27T09:11:46.394261+00:00,train,2,3199,self,0.0509499999999937,0,97,
2025-11-27T09:11:46.394361+00:00,train,2,3200,self,0.0509499999999937,0,98,
2025-11-27T09:11:46.396639+00:00,train,2,3201,self,0.0509499999999937,0,97,
2025-11-27T09:11:46.396765+00:00,train,2,3202,self,0.0509499999999937,0,100,
2025-11-27T09:11:46.396866+00:00,train,2,3203,self,0.0509499999999937,0,97,
2025-11-27T09:11:46.396967+00:00,train,2,3204,self,0.0509499999999937,0,99,
2025-11-27T09:11:46.397068+00:00,train,2,3205,self,0.0509499999999937,0,77,
2025-11-27T09:11:46.397167+00:00,train,2,3206,self,0.0509499999999937,0,99,
2025-11-27T09:11:46.397330+00:00,train,2,3207,self,0.0509499999999937,0,87,
2025-11-27T09:11:46.397455+00:00,train,2,3208,self,0.0509499999999937,0,98,
2025-11-27T09:11:46.397609+00:00,train,2,3209,self,0.0509499999999937,0,97,
2025-11-27T09:11:46.397732+00:00,train,2,3210,self,0.0509499999999937,0,99,
2025-11-27T09:11:46.397896+00:00,train,2,3211,self,0.0509499999999937,0,94,
2025-11-27T09:11:46.398019+00:00,train,2,3212,self,0.0509499999999937,0,100,
2025-11-27T09:11:46.398201+00:00,train,2,3213,self,0.0509499999999937,0,90,
2025-11-27T09:11:46.398323+00:00,train,2,3214,self,0.0509499999999937,0,95,
2025-11-27T09:11:46.398488+00:00,train,2,3215,self,0.0509499999999937,0,87,
2025-11-27T09:11:46.398614+00:00,train,2,3216,self,0.0509499999999937,0,100,
2025-11-27T09:11:46.398774+00:00,train,2,3217,self,0.0509499999999937,0,93,
2025-11-27T09:11:46.398896+00:00,train,2,3218,self,0.0509499999999937,0,96,
2025-11-27T09:11:46.399062+00:00,train,2,3219,self,0.0509499999999937,0,90,
2025-11-27T09:11:46.399202+00:00,train,2,3220,self,0.0509499999999937,0,99,
2025-11-27T09:11:46.399327+00:00,train,2,3221,self,0.0509499999999937,0,92,
2025-11-27T09:11:46.399446+00:00,train,2,3222,self,0.0509499999999937,0,99,
2025-11-27T09:11:46.399579+00:00,train,2,3223,self,0.0509499999999937,0,98,
2025-11-27T09:11:46.399695+00:00,train,2,3224,self,0.0509499999999937,0,100,
2025-11-27T09:11:46.399827+00:00,train,2,3225,self,0.0509499999999937,0,93,
2025-11-27T09:11:46.399941+00:00,train,2,3226,self,0.0509499999999937,0,98,
2025-11-27T09:11:46.400071+00:00,train,2,3227,self,0.0509499999999937,0,93,
2025-11-27T09:11:46.400200+00:00,train,2,3228,self,0.0509499999999937,0,99,
2025-11-27T09:11:46.400316+00:00,train,2,3229,self,0.0509499999999937,0,98,
2025-11-27T09:11:46.400431+00:00,train,2,3230,self,0.0509499999999937,0,98,
2025-11-27T09:11:46.400546+00:00,train,2,3231,self,0.0509499999999937,0,93,
2025-11-27T09:11:46.400678+00:00,train,2,3232,self,0.0509499999999937,0,99,
2025-11-27T09:11:46.400794+00:00,train,2,3233,self,0.0509499999999937,0,98,
2025-11-27T09:11:46.400910+00:00,train,2,3234,self,0.0509499999999937,0,99,
2025-11-27T09:11:46.401027+00:00,train,2,3235,self,0.0509499999999937,0,100,
2025-11-27T09:11:46.401142+00:00,train,2,3236,self,0.0509499999999937,0,100,
2025-11-27T09:11:46.401275+00:00,train,2,3237,self,0.0509499999999937,0,95,
2025-11-27T09:11:46.401394+00:00,train,2,3238,self,0.0509499999999937,0,99,
2025-11-27T09:11:46.401512+00:00,train,2,3239,self,0.0509499999999937,0,93,
2025-11-27T09:11:46.401631+00:00,train,2,3240,self,0.0509499999999937,0,96,
2025-11-27T09:11:46.401750+00:00,train,2,3241,self,0.0509499999999937,0,99,
2025-11-27T09:11:46.401868+00:00,train,2,3242,self,0.0509499999999937,0,99,
2025-11-27T09:11:46.401986+00:00,train,2,3243,self,0.0509499999999937,0,95,
2025-11-27T09:11:46.402118+00:00,train,2,3244,self,0.0509499999999937,0,98,
2025-11-27T09:11:46.402240+00:00,train,2,3245,self,0.0509499999999937,0,95,
2025-11-27T09:11:46.402362+00:00,train,2,3246,self,0.0509499999999937,0,97,
2025-11-27T09:11:46.402484+00:00,train,2,3247,self,0.0509499999999937,0,95,
2025-11-27T09:11:46.402608+00:00,train,2,3248,self,0.0509499999999937,0,99,
2025-11-27T09:11:46.402736+00:00,train,2,3249,self,0.0509499999999937,0,92,
2025-11-27T09:11:46.402858+00:00,train,2,3250,self,0.0509499999999937,0,96,
2025-11-27T09:11:46.402980+00:00,train,2,3251,self,0.0509499999999937,0,99,
2025-11-27T09:11:46.403101+00:00,train,2,3252,self,0.0509499999999937,0,100,
2025-11-27T09:11:46.403238+00:00,train,2,3253,self,0.0509499999999937,0,98,
2025-11-27T09:11:46.403363+00:00,train,2,3254,self,0.0509499999999937,0,100,
2025-11-27T09:11:46.403489+00:00,train,2,3255,self,0.0509499999999937,0,91,
2025-11-27T09:11:46.403615+00:00,train,2,3256,self,0.0509499999999937,0,92,
2025-11-27T09:11:46.403740+00:00,train,2,3257,self,0.0509499999999937,0,85,
2025-11-27T09:11:46.403866+00:00,train,2,3258,self,0.0509499999999937,0,96,
2025-11-27T09:11:46.404136+00:00,train,2,3259,self,0.0509499999999937,0,94,
2025-11-27T09:11:46.404279+00:00,train,2,3260,self,0.0509499999999937,0,96,
2025-11-27T09:11:46.404411+00:00,train,2,3261,self,0.0509499999999937,0,97,
2025-11-27T09:11:46.404540+00:00,train,2,3262,self,0.0509499999999937,0,99,
2025-11-27T09:11:46.404730+00:00,train,2,3263,self,0.0509499999999937,0,97,
2025-11-27T09:11:46.404880+00:00,train,2,3264,self,0.0509499999999937,0,98,
2025-11-27T09:11:46.405020+00:00,train,2,3265,self,0.0509499999999937,0,96,
2025-11-27T09:11:46.405156+00:00,train,2,3266,self,0.0509499999999937,0,98,
2025-11-27T09:11:46.405296+00:00,train,2,3267,self,0.0509499999999937,0,98,
2025-11-27T09:11:46.405437+00:00,train,2,3268,self,0.0509499999999937,0,99,
2025-11-27T09:11:46.405571+00:00,train,2,3269,self,0.0509499999999937,0,85,
2025-11-27T09:11:46.405713+00:00,train,2,3270,self,0.0509499999999937,0,96,
2025-11-27T09:11:46.405849+00:00,train,2,3271,self,0.0509499999999937,0,93,
2025-11-27T09:11:46.405984+00:00,train,2,3272,self,0.0509499999999937,0,95,
2025-11-27T09:11:46.406115+00:00,train,2,3273,self,0.0509499999999937,0,94,
2025-11-27T09:11:46.406262+00:00,train,2,3274,self,0.0509499999999937,0,100,
2025-11-27T09:11:46.406391+00:00,train,2,3275,self,0.0509499999999937,0,84,
2025-11-27T09:11:46.406568+00:00,train,2,3276,self,0.0509499999999937,0,92,
2025-11-27T09:11:46.406710+00:00,train,2,3277,self,0.0509499999999937,0,95,
2025-11-27T09:11:46.406843+00:00,train,2,3278,self,0.0509499999999937,0,97,
2025-11-27T09:11:46.406970+00:00,train,2,3279,self,0.0509499999999937,0,97,
2025-11-27T09:11:46.407156+00:00,train,2,3280,self,0.0509499999999937,0,98,
2025-11-27T09:11:46.407305+00:00,train,2,3281,self,0.0509499999999937,0,86,
2025-11-27T09:11:46.407451+00:00,train,2,3282,self,0.0509499999999937,0,100,
2025-11-27T09:11:46.407588+00:00,train,2,3283,self,0.0509499999999937,0,88,
2025-11-27T09:11:46.407721+00:00,train,2,3284,self,0.0509499999999937,0,88,
2025-11-27T09:11:46.407851+00:00,train,2,3285,self,0.0509499999999937,0,93,
2025-11-27T09:11:46.407986+00:00,train,2,3286,self,0.0509499999999937,0,99,
2025-11-27T09:11:46.408121+00:00,train,2,3287,self,0.0509499999999937,0,93,
2025-11-27T09:11:46.408256+00:00,train,2,3288,self,0.0509499999999937,0,100,
2025-11-27T09:11:46.408394+00:00,train,2,3289,self,0.0509499999999937,0,90,
2025-11-27T09:11:46.408523+00:00,train,2,3290,self,0.0509499999999937,0,97,
2025-11-27T09:11:46.408658+00:00,train,2,3291,self,0.0509499999999937,0,93,
2025-11-27T09:11:46.408787+00:00,train,2,3292,self,0.0509499999999937,0,95,
2025-11-27T09:11:46.408915+00:00,train,2,3293,self,0.0509499999999937,0,86,
2025-11-27T09:11:46.409043+00:00,train,2,3294,self,0.0509499999999937,0,97,
2025-11-27T09:11:46.409172+00:00,train,2,3295,self,0.0509499999999937,0,99,
2025-11-27T09:11:46.409299+00:00,train,2,3296,self,0.0509499999999937,0,99,
2025-11-27T09:11:46.409428+00:00,train,2,3297,self,0.0509499999999937,0,98,
2025-11-27T09:11:46.409563+00:00,train,2,3298,self,0.0509499999999937,0,100,
2025-11-27T09:11:46.409692+00:00,train,2,3299,self,0.0509499999999937,0,94,
2025-11-27T09:11:46.409826+00:00,train,2,3300,self,0.0509499999999937,0,98,
2025-11-27T09:11:46.409957+00:00,train,2,3301,self,0.0509499999999937,0,91,
2025-11-27T09:11:46.410085+00:00,train,2,3302,self,0.0509499999999937,0,92,
2025-11-27T09:11:46.410214+00:00,train,2,3303,self,0.0509499999999937,0,96,
2025-11-27T09:11:46.410345+00:00,train,2,3304,self,0.0509499999999937,0,99,
2025-11-27T09:11:46.410473+00:00,train,2,3305,self,0.0509499999999937,0,92,
2025-11-27T09:11:46.410607+00:00,train,2,3306,self,0.0509499999999937,0,97,
2025-11-27T09:11:46.410736+00:00,train,2,3307,self,0.0509499999999937,0,91,
2025-11-27T09:11:46.410863+00:00,train,2,3308,self,0.0509499999999937,0,100,
2025-11-27T09:11:46.410996+00:00,train,2,3309,self,0.0509499999999937,0,97,
2025-11-27T09:11:46.411126+00:00,train,2,3310,self,0.0509499999999937,0,98,
2025-11-27T09:11:46.411253+00:00,train,2,3311,self,0.0509499999999937,0,97,
2025-11-27T09:11:46.411381+00:00,train,2,3312,self,0.0509499999999937,0,98,
2025-11-27T09:11:46.411510+00:00,train,2,3313,self,0.0509499999999937,0,82,
2025-11-27T09:11:46.411637+00:00,train,2,3314,self,0.0509499999999937,0,100,
2025-11-27T09:11:46.411774+00:00,train,2,3315,self,0.0509499999999937,0,99,
2025-11-27T09:11:46.411906+00:00,train,2,3316,self,0.0509499999999937,0,100,
2025-11-27T09:11:46.412036+00:00,train,2,3317,self,0.0509499999999937,0,100,
2025-11-27T09:11:46.412182+00:00,train,2,3318,self,0.0509499999999937,0,100,
2025-11-27T09:11:46.412306+00:00,train,2,3319,self,0.0509499999999937,0,97,
2025-11-27T09:11:46.412437+00:00,train,2,3320,self,0.0509499999999937,0,97,
2025-11-27T09:11:46.412562+00:00,train,2,3321,self,0.0509499999999937,0,96,
2025-11-27T09:11:46.412696+00:00,train,2,3322,self,0.0509499999999937,0,99,
2025-11-27T09:11:46.412826+00:00,train,2,3323,self,0.0509499999999937,0,94,
2025-11-27T09:11:46.412951+00:00,train,2,3324,self,0.0509499999999937,0,100,
2025-11-27T09:11:46.413081+00:00,train,2,3325,self,0.0509499999999937,0,93,
2025-11-27T09:11:46.413218+00:00,train,2,3326,self,0.0509499999999937,0,93,
2025-11-27T09:11:46.413339+00:00,train,2,3327,self,0.0509499999999937,0,98,
2025-11-27T09:11:46.413467+00:00,train,2,3328,self,0.0509499999999937,0,100,
2025-11-27T09:11:46.413588+00:00,train,2,3329,self,0.0509499999999937,0,96,
2025-11-27T09:11:46.413709+00:00,train,2,3330,self,0.0509499999999937,0,100,
2025-11-27T09:11:46.413830+00:00,train,2,3331,self,0.0509499999999937,0,92,
2025-11-27T09:11:46.413952+00:00,train,2,3332,self,0.0509499999999937,0,99,
2025-11-27T09:11:46.414255+00:00,train,2,3333,self,0.0509499999999937,0,74,
2025-11-27T09:11:46.414540+00:00,train,2,3334,self,0.0509499999999937,0,96,
2025-11-27T09:11:46.414667+00:00,train,2,3335,self,0.0509499999999937,0,97,
2025-11-27T09:11:46.414844+00:00,train,2,3336,self,0.0509499999999937,0,100,
2025-11-27T09:11:46.414997+00:00,train,2,3337,self,0.0509499999999937,0,96,
2025-11-27T09:11:46.415133+00:00,train,2,3338,self,0.0509499999999937,0,100,
2025-11-27T09:11:46.415276+00:00,train,2,3339,self,0.0509499999999937,0,95,
2025-11-27T09:11:46.415402+00:00,train,2,3340,self,0.0509499999999937,0,100,
2025-11-27T09:11:46.415526+00:00,train,2,3341,self,0.0509499999999937,0,94,
2025-11-27T09:11:46.415651+00:00,train,2,3342,self,0.0509499999999937,0,99,
2025-11-27T09:11:46.415777+00:00,train,2,3343,self,0.0509499999999937,0,94,
2025-11-27T09:11:46.415900+00:00,train,2,3344,self,0.0509499999999937,0,100,
2025-11-27T09:11:46.416027+00:00,train,2,3345,self,0.0509499999999937,0,83,
2025-11-27T09:11:46.416150+00:00,train,2,3346,self,0.0509499999999937,0,100,
2025-11-27T09:11:46.416282+00:00,train,2,3347,self,0.0509499999999937,0,94,
2025-11-27T09:11:46.416400+00:00,train,2,3348,self,0.0509499999999937,0,96,
2025-11-27T09:11:46.416524+00:00,train,2,3349,self,0.0509499999999937,0,93,
2025-11-27T09:11:46.416643+00:00,train,2,3350,self,0.0509499999999937,0,100,
2025-11-27T09:11:46.416763+00:00,train,2,3351,self,0.0509499999999937,0,95,
2025-11-27T09:11:46.416882+00:00,train,2,3352,self,0.0509499999999937,0,99,
2025-11-27T09:11:46.416999+00:00,train,2,3353,self,0.0509499999999937,0,98,
2025-11-27T09:11:46.417117+00:00,train,2,3354,self,0.0509499999999937,0,100,
2025-11-27T09:11:46.417246+00:00,train,2,3355,self,0.0509499999999937,0,81,
2025-11-27T09:11:46.417361+00:00,train,2,3356,self,0.0509499999999937,0,95,
2025-11-27T09:11:46.417475+00:00,train,2,3357,self,0.0509499999999937,0,84,
2025-11-27T09:11:46.417590+00:00,train,2,3358,self,0.0509499999999937,0,100,
2025-11-27T09:11:46.417704+00:00,train,2,3359,self,0.0509499999999937,0,96,
2025-11-27T09:11:46.417819+00:00,train,2,3360,self,0.0509499999999937,0,96,
2025-11-27T09:11:46.417933+00:00,train,2,3361,self,0.0509499999999937,0,100,
2025-11-27T09:11:46.418048+00:00,train,2,3362,self,0.0509499999999937,0,100,
2025-11-27T09:11:46.418176+00:00,train,2,3363,self,0.0509499999999937,0,91,
2025-11-27T09:11:46.418287+00:00,train,2,3364,self,0.0509499999999937,0,97,
2025-11-27T09:11:46.418397+00:00,train,2,3365,self,0.0509499999999937,0,96,
2025-11-27T09:11:46.418511+00:00,train,2,3366,self,0.0509499999999937,0,100,
2025-11-27T09:11:46.418620+00:00,train,2,3367,self,0.0509499999999937,0,99,
2025-11-27T09:11:46.418740+00:00,train,2,3368,self,0.0509499999999937,0,100,
2025-11-27T09:11:46.418856+00:00,train,2,3369,self,0.0509499999999937,0,95,
2025-11-27T09:11:46.418972+00:00,train,2,3370,self,0.0509499999999937,0,95,
2025-11-27T09:11:46.419084+00:00,train,2,3371,self,0.0509499999999937,0,100,
2025-11-27T09:11:46.419214+00:00,train,2,3372,self,0.0509499999999937,0,100,
2025-11-27T09:11:46.419320+00:00,train,2,3373,self,0.0509499999999937,0,99,
2025-11-27T09:11:46.419436+00:00,train,2,3374,self,0.0509499999999937,0,100,
2025-11-27T09:11:46.419544+00:00,train,2,3375,self,0.0509499999999937,0,95,
2025-11-27T09:11:46.419661+00:00,train,2,3376,self,0.0509499999999937,0,98,
2025-11-27T09:11:46.419768+00:00,train,2,3377,self,0.0509499999999937,0,98,
2025-11-27T09:11:46.419881+00:00,train,2,3378,self,0.0509499999999937,0,99,
2025-11-27T09:11:46.419996+00:00,train,2,3379,self,0.0509499999999937,0,95,
2025-11-27T09:11:46.420103+00:00,train,2,3380,self,0.0509499999999937,0,97,
2025-11-27T09:11:46.420224+00:00,train,2,3381,self,0.0509499999999937,0,95,
2025-11-27T09:11:46.420333+00:00,train,2,3382,self,0.0509499999999937,0,100,
2025-11-27T09:11:46.420437+00:00,train,2,3383,self,0.0509499999999937,0,94,
2025-11-27T09:11:46.420547+00:00,train,2,3384,self,0.0509499999999937,0,99,
2025-11-27T09:11:46.420652+00:00,train,2,3385,self,0.0509499999999937,0,97,
2025-11-27T09:11:46.420758+00:00,train,2,3386,self,0.0509499999999937,0,100,
2025-11-27T09:11:46.420870+00:00,train,2,3387,self,0.0509499999999937,0,99,
2025-11-27T09:11:46.420973+00:00,train,2,3388,self,0.0509499999999937,0,100,
2025-11-27T09:11:46.421082+00:00,train,2,3389,self,0.0509499999999937,0,91,
2025-11-27T09:11:46.421184+00:00,train,2,3390,self,0.0509499999999937,0,95,
2025-11-27T09:11:46.421295+00:00,train,2,3391,self,0.0509499999999937,0,94,
2025-11-27T09:11:46.421401+00:00,train,2,3392,self,0.0509499999999937,0,100,
2025-11-27T09:11:46.421513+00:00,train,2,3393,self,0.0509499999999937,0,91,
2025-11-27T09:11:46.421619+00:00,train,2,3394,self,0.0509499999999937,0,100,
2025-11-27T09:11:46.421737+00:00,train,2,3395,self,0.0509499999999937,0,81,
2025-11-27T09:11:46.421841+00:00,train,2,3396,self,0.0509499999999937,0,99,
2025-11-27T09:11:46.421950+00:00,train,2,3397,self,0.0509499999999937,0,99,
2025-11-27T09:11:46.422055+00:00,train,2,3398,self,0.0509499999999937,0,100,
2025-11-27T09:11:46.422159+00:00,train,2,3399,self,0.0509499999999937,0,98,
2025-11-27T09:11:46.422268+00:00,train,2,3400,self,0.0509499999999937,0,100,
2025-11-27T09:11:46.422370+00:00,train,2,3401,self,0.0509499999999937,0,97,
2025-11-27T09:11:46.422479+00:00,train,2,3402,self,0.0509499999999937,0,98,
2025-11-27T09:11:46.422582+00:00,train,2,3403,self,0.0509499999999937,0,82,
2025-11-27T09:11:46.422691+00:00,train,2,3404,self,0.0509499999999937,0,100,
2025-11-27T09:11:46.422794+00:00,train,2,3405,self,0.0509499999999937,0,93,
2025-11-27T09:11:46.422997+00:00,train,2,3406,self,0.0509499999999937,0,100,
2025-11-27T09:11:46.423100+00:00,train,2,3407,self,0.0509499999999937,0,99,
2025-11-27T09:11:46.423209+00:00,train,2,3408,self,0.0509499999999937,0,100,
2025-11-27T09:11:46.423313+00:00,train,2,3409,self,0.0509499999999937,0,95,
2025-11-27T09:11:46.423421+00:00,train,2,3410,self,0.0509499999999937,0,98,
2025-11-27T09:11:46.423524+00:00,train,2,3411,self,0.0509499999999937,0,96,
2025-11-27T09:11:46.423633+00:00,train,2,3412,self,0.0509499999999937,0,100,
2025-11-27T09:11:46.423737+00:00,train,2,3413,self,0.0509499999999937,0,97,
2025-11-27T09:11:46.423845+00:00,train,2,3414,self,0.0509499999999937,0,98,
2025-11-27T09:11:46.423952+00:00,train,2,3415,self,0.0509499999999937,0,96,
2025-11-27T09:11:46.424056+00:00,train,2,3416,self,0.0509499999999937,0,98,
2025-11-27T09:11:46.424182+00:00,train,2,3417,self,0.0509499999999937,0,97,
2025-11-27T09:11:46.424288+00:00,train,2,3418,self,0.0509499999999937,0,98,
2025-11-27T09:11:46.424397+00:00,train,2,3419,self,0.0509499999999937,0,99,
2025-11-27T09:11:46.424501+00:00,train,2,3420,self,0.0509499999999937,0,100,
2025-11-27T09:11:46.424609+00:00,train,2,3421,self,0.0509499999999937,0,86,
2025-11-27T09:11:46.424714+00:00,train,2,3422,self,0.0509499999999937,0,100,
2025-11-27T09:11:46.424823+00:00,train,2,3423,self,0.0509499999999937,0,86,
2025-11-27T09:11:46.424926+00:00,train,2,3424,self,0.0509499999999937,0,87,
2025-11-27T09:11:46.425035+00:00,train,2,3425,self,0.0509499999999937,0,97,
2025-11-27T09:11:46.425138+00:00,train,2,3426,self,0.0509499999999937,0,100,
2025-11-27T09:11:46.425247+00:00,train,2,3427,self,0.0509499999999937,0,94,
2025-11-27T09:11:46.425350+00:00,train,2,3428,self,0.0509499999999937,0,94,
2025-11-27T09:11:46.425459+00:00,train,2,3429,self,0.0509499999999937,0,99,
2025-11-27T09:11:46.425565+00:00,train,2,3430,self,0.0509499999999937,0,100,
2025-11-27T09:11:46.425668+00:00,train,2,3431,self,0.0509499999999937,0,98,
2025-11-27T09:11:46.425777+00:00,train,2,3432,self,0.0509499999999937,0,99,
2025-11-27T09:11:46.425879+00:00,train,2,3433,self,0.0509499999999937,0,94,
2025-11-27T09:11:46.425987+00:00,train,2,3434,self,0.0509499999999937,0,97,
2025-11-27T09:11:46.426090+00:00,train,2,3435,self,0.0509499999999937,0,99,
2025-11-27T09:11:46.426198+00:00,train,2,3436,self,0.0509499999999937,0,100,
2025-11-27T09:11:46.426301+00:00,train,2,3437,self,0.0509499999999937,0,95,
2025-11-27T09:11:46.426409+00:00,train,2,3438,self,0.0509499999999937,0,96,
2025-11-27T09:11:46.426512+00:00,train,2,3439,self,0.0509499999999937,0,89,
2025-11-27T09:11:46.426621+00:00,train,2,3440,self,0.0509499999999937,0,97,
2025-11-27T09:11:46.426727+00:00,train,2,3441,self,0.0509499999999937,0,95,
2025-11-27T09:11:46.426830+00:00,train,2,3442,self,0.0509499999999937,0,99,
2025-11-27T09:11:46.426942+00:00,train,2,3443,self,0.0509499999999937,0,98,
2025-11-27T09:11:46.427044+00:00,train,2,3444,self,0.0509499999999937,0,99,
2025-11-27T09:11:46.427225+00:00,train,2,3445,self,0.0509499999999937,0,92,
2025-11-27T09:11:46.427361+00:00,train,2,3446,self,0.0509499999999937,0,93,
2025-11-27T09:11:46.427494+00:00,train,2,3447,self,0.0509499999999937,0,97,
2025-11-27T09:11:46.427601+00:00,train,2,3448,self,0.0509499999999937,0,100,
2025-11-27T09:11:46.427737+00:00,train,2,3449,self,0.0509499999999937,0,89,
2025-11-27T09:11:46.427841+00:00,train,2,3450,self,0.0509499999999937,0,95,
2025-11-27T09:11:46.427964+00:00,train,2,3451,self,0.0509499999999937,0,74,
2025-11-27T09:11:46.428065+00:00,train,2,3452,self,0.0509499999999937,0,96,
2025-11-27T09:11:46.428200+00:00,train,2,3453,self,0.0509499999999937,0,91,
2025-11-27T09:11:46.428301+00:00,train,2,3454,self,0.0509499999999937,0,99,
2025-11-27T09:11:46.428401+00:00,train,2,3455,self,0.0509499999999937,0,93,
2025-11-27T09:11:46.428536+00:00,train,2,3456,self,0.0509499999999937,0,98,
2025-11-27T09:11:46.428636+00:00,train,2,3457,self,0.0509499999999937,0,72,
2025-11-27T09:11:46.428750+00:00,train,2,3458,self,0.0509499999999937,0,99,
2025-11-27T09:11:46.428849+00:00,train,2,3459,self,0.0509499999999937,0,83,
2025-11-27T09:11:46.428972+00:00,train,2,3460,self,0.0509499999999937,0,93,
2025-11-27T09:11:46.429072+00:00,train,2,3461,self,0.0509499999999937,0,96,
2025-11-27T09:11:46.429173+00:00,train,2,3462,self,0.0509499999999937,0,100,
2025-11-27T09:11:46.429273+00:00,train,2,3463,self,0.0509499999999937,0,95,
2025-11-27T09:11:46.429373+00:00,train,2,3464,self,0.0509499999999937,0,98,
2025-11-27T09:11:46.429473+00:00,train,2,3465,self,0.0509499999999937,0,91,
2025-11-27T09:11:46.429573+00:00,train,2,3466,self,0.0509499999999937,0,98,
2025-11-27T09:11:46.429673+00:00,train,2,3467,self,0.0509499999999937,0,98,
2025-11-27T09:11:46.429811+00:00,train,2,3468,self,0.0509499999999937,0,99,
2025-11-27T09:11:46.429910+00:00,train,2,3469,self,0.0509499999999937,0,96,
2025-11-27T09:11:46.430009+00:00,train,2,3470,self,0.0509499999999937,0,100,
2025-11-27T09:11:46.430108+00:00,train,2,3471,self,0.0509499999999937,0,98,
2025-11-27T09:11:46.430208+00:00,train,2,3472,self,0.0509499999999937,0,100,
2025-11-27T09:11:46.430308+00:00,train,2,3473,self,0.0509499999999937,0,95,
2025-11-27T09:11:46.430408+00:00,train,2,3474,self,0.0509499999999937,0,100,
2025-11-27T09:11:46.430509+00:00,train,2,3475,self,0.0509499999999937,0,96,
2025-11-27T09:11:46.430609+00:00,train,2,3476,self,0.0509499999999937,0,97,
2025-11-27T09:11:46.430708+00:00,train,2,3477,self,0.0509499999999937,0,93,
2025-11-27T09:11:46.430808+00:00,train,2,3478,self,0.0509499999999937,0,99,
2025-11-27T09:11:46.430907+00:00,train,2,3479,self,0.0509499999999937,0,99,
2025-11-27T09:11:46.431006+00:00,train,2,3480,self,0.0509499999999937,0,100,
2025-11-27T09:11:46.431106+00:00,train,2,3481,self,0.0509499999999937,0,95,
2025-11-27T09:11:46.431205+00:00,train,2,3482,self,0.0509499999999937,0,100,
2025-11-27T09:11:46.431305+00:00,train,2,3483,self,0.0509499999999937,0,97,
2025-11-27T09:11:46.431404+00:00,train,2,3484,self,0.0509499999999937,0,98,
2025-11-27T09:11:46.431503+00:00,train,2,3485,self,0.0509499999999937,0,100,
2025-11-27T09:11:46.431603+00:00,train,2,3486,self,0.0509499999999937,0,100,
2025-11-27T09:11:46.431703+00:00,train,2,3487,self,0.0509499999999937,0,100,
2025-11-27T09:11:46.431802+00:00,train,2,3488,self,0.0509499999999937,0,100,
2025-11-27T09:11:46.431901+00:00,train,2,3489,self,0.0509499999999937,0,95,
2025-11-27T09:11:46.432000+00:00,train,2,3490,self,0.0509499999999937,0,98,
2025-11-27T09:11:46.432100+00:00,train,2,3491,self,0.0509499999999937,0,83,
2025-11-27T09:11:46.432199+00:00,train,2,3492,self,0.0509499999999937,0,88,
2025-11-27T09:11:46.432298+00:00,train,2,3493,self,0.0509499999999937,0,87,
2025-11-27T09:11:46.432397+00:00,train,2,3494,self,0.0509499999999937,0,97,
2025-11-27T09:11:46.432496+00:00,train,2,3495,self,0.0509499999999937,0,92,
2025-11-27T09:11:46.432596+00:00,train,2,3496,self,0.0509499999999937,0,97,
2025-11-27T09:11:46.432696+00:00,train,2,3497,self,0.0509499999999937,0,87,
2025-11-27T09:11:46.432796+00:00,train,2,3498,self,0.0509499999999937,0,93,
2025-11-27T09:11:46.432896+00:00,train,2,3499,self,0.0509499999999937,0,97,
2025-11-27T09:11:46.433153+00:00,train,2,3500,self,0.0509499999999937,0,99,
2025-11-27T09:11:46.433279+00:00,train,2,3501,self,0.0509499999999937,0,92,
2025-11-27T09:11:46.433396+00:00,train,2,3502,self,0.0509499999999937,0,94,
2025-11-27T09:11:46.433525+00:00,train,2,3503,self,0.0509499999999937,0,95,
2025-11-27T09:11:46.433634+00:00,train,2,3504,self,0.0509499999999937,0,98,
2025-11-27T09:11:46.433747+00:00,train,2,3505,self,0.0509499999999937,0,98,
2025-11-27T09:11:46.433852+00:00,train,2,3506,self,0.0509499999999937,0,100,
2025-11-27T09:11:46.434005+00:00,train,2,3507,self,0.0509499999999937,0,88,
2025-11-27T09:11:46.434126+00:00,train,2,3508,self,0.0509499999999937,0,99,
2025-11-27T09:11:46.434236+00:00,train,2,3509,self,0.0509499999999937,0,94,
2025-11-27T09:11:46.434344+00:00,train,2,3510,self,0.0509499999999937,0,100,
2025-11-27T09:11:46.434465+00:00,train,2,3511,self,0.0509499999999937,0,89,
2025-11-27T09:11:46.434569+00:00,train,2,3512,self,0.0509499999999937,0,94,
2025-11-27T09:11:46.434671+00:00,train,2,3513,self,0.0509499999999937,0,95,
2025-11-27T09:11:46.434772+00:00,train,2,3514,self,0.0509499999999937,0,100,
2025-11-27T09:11:46.434873+00:00,train,2,3515,self,0.0509499999999937,0,81,
2025-11-27T09:11:46.434974+00:00,train,2,3516,self,0.0509499999999937,0,98,
2025-11-27T09:11:46.435075+00:00,train,2,3517,self,0.0509499999999937,0,95,
2025-11-27T09:11:46.435175+00:00,train,2,3518,self,0.0509499999999937,0,100,
2025-11-27T09:11:46.435275+00:00,train,2,3519,self,0.0509499999999937,0,95,
2025-11-27T09:11:46.435375+00:00,train,2,3520,self,0.0509499999999937,0,100,
2025-11-27T09:11:46.435475+00:00,train,2,3521,self,0.0509499999999937,0,91,
2025-11-27T09:11:46.435575+00:00,train,2,3522,self,0.0509499999999937,0,99,
2025-11-27T09:11:46.435675+00:00,train,2,3523,self,0.0509499999999937,0,99,
2025-11-27T09:11:46.435774+00:00,train,2,3524,self,0.0509499999999937,0,100,
2025-11-27T09:11:46.435873+00:00,train,2,3525,self,0.0509499999999937,0,93,
2025-11-27T09:11:46.435973+00:00,train,2,3526,self,0.0509499999999937,0,96,
2025-11-27T09:11:46.436072+00:00,train,2,3527,self,0.0509499999999937,0,90,
2025-11-27T09:11:46.436174+00:00,train,2,3528,self,0.0509499999999937,0,94,
2025-11-27T09:11:46.436273+00:00,train,2,3529,self,0.0509499999999937,0,86,
2025-11-27T09:11:46.436372+00:00,train,2,3530,self,0.0509499999999937,0,99,
2025-11-27T09:11:46.436471+00:00,train,2,3531,self,0.0509499999999937,0,90,
2025-11-27T09:11:46.436571+00:00,train,2,3532,self,0.0509499999999937,0,96,
2025-11-27T09:11:46.436670+00:00,train,2,3533,self,0.0509499999999937,0,92,
2025-11-27T09:11:46.436769+00:00,train,2,3534,self,0.0509499999999937,0,92,
2025-11-27T09:11:46.436868+00:00,train,2,3535,self,0.0509499999999937,0,87,
2025-11-27T09:11:46.436967+00:00,train,2,3536,self,0.0509499999999937,0,96,
2025-11-27T09:11:46.437067+00:00,train,2,3537,self,0.0509499999999937,0,94,
2025-11-27T09:11:46.437166+00:00,train,2,3538,self,0.0509499999999937,0,97,
2025-11-27T09:11:46.437265+00:00,train,2,3539,self,0.0509499999999937,0,93,
2025-11-27T09:11:46.437364+00:00,train,2,3540,self,0.0509499999999937,0,97,
2025-11-27T09:11:46.437464+00:00,train,2,3541,self,0.0509499999999937,0,97,
2025-11-27T09:11:46.437562+00:00,train,2,3542,self,0.0509499999999937,0,100,
2025-11-27T09:11:46.437662+00:00,train,2,3543,self,0.0509499999999937,0,93,
2025-11-27T09:11:46.437762+00:00,train,2,3544,self,0.0509499999999937,0,98,
2025-11-27T09:11:46.437861+00:00,train,2,3545,self,0.0509499999999937,0,92,
2025-11-27T09:11:46.437960+00:00,train,2,3546,self,0.0509499999999937,0,94,
2025-11-27T09:11:46.438059+00:00,train,2,3547,self,0.0509499999999937,0,78,
2025-11-27T09:11:46.438159+00:00,train,2,3548,self,0.0509499999999937,0,96,
2025-11-27T09:11:46.438258+00:00,train,2,3549,self,0.0509499999999937,0,97,
2025-11-27T09:11:46.438357+00:00,train,2,3550,self,0.0509499999999937,0,99,
2025-11-27T09:11:46.438457+00:00,train,2,3551,self,0.0509499999999937,0,82,
2025-11-27T09:11:46.438556+00:00,train,2,3552,self,0.0509499999999937,0,98,
2025-11-27T09:11:46.438655+00:00,train,2,3553,self,0.0509499999999937,0,99,
2025-11-27T09:11:46.438754+00:00,train,2,3554,self,0.0509499999999937,0,99,
2025-11-27T09:11:46.438853+00:00,train,2,3555,self,0.0509499999999937,0,94,
2025-11-27T09:11:46.438953+00:00,train,2,3556,self,0.0509499999999937,0,95,
2025-11-27T09:11:46.439051+00:00,train,2,3557,self,0.0509499999999937,0,98,
2025-11-27T09:11:46.439150+00:00,train,2,3558,self,0.0509499999999937,0,100,
2025-11-27T09:11:46.439249+00:00,train,2,3559,self,0.0509499999999937,0,91,
2025-11-27T09:11:46.439348+00:00,train,2,3560,self,0.0509499999999937,0,94,
2025-11-27T09:11:46.439447+00:00,train,2,3561,self,0.0509499999999937,0,80,
2025-11-27T09:11:46.439546+00:00,train,2,3562,self,0.0509499999999937,0,100,
2025-11-27T09:11:46.439646+00:00,train,2,3563,self,0.0509499999999937,0,98,
2025-11-27T09:11:46.439745+00:00,train,2,3564,self,0.0509499999999937,0,100,
2025-11-27T09:11:46.439843+00:00,train,2,3565,self,0.0509499999999937,0,92,
2025-11-27T09:11:46.439942+00:00,train,2,3566,self,0.0509499999999937,0,96,
2025-11-27T09:11:46.440040+00:00,train,2,3567,self,0.0509499999999937,0,93,
2025-11-27T09:11:46.440139+00:00,train,2,3568,self,0.0509499999999937,0,94,
2025-11-27T09:11:46.440238+00:00,train,2,3569,self,0.0509499999999937,0,96,
2025-11-27T09:11:46.440337+00:00,train,2,3570,self,0.0509499999999937,0,98,
2025-11-27T09:11:46.440436+00:00,train,2,3571,self,0.0509499999999937,0,92,
2025-11-27T09:11:46.440535+00:00,train,2,3572,self,0.0509499999999937,0,94,
2025-11-27T09:11:46.440634+00:00,train,2,3573,self,0.0509499999999937,0,84,
2025-11-27T09:11:46.440733+00:00,train,2,3574,self,0.0509499999999937,0,98,
2025-11-27T09:11:46.440832+00:00,train,2,3575,self,0.0509499999999937,0,91,
2025-11-27T09:11:46.440932+00:00,train,2,3576,self,0.0509499999999937,0,96,
2025-11-27T09:11:46.441031+00:00,train,2,3577,self,0.0509499999999937,0,95,
2025-11-27T09:11:46.441130+00:00,train,2,3578,self,0.0509499999999937,0,100,
2025-11-27T09:11:46.441230+00:00,train,2,3579,self,0.0509499999999937,0,85,
2025-11-27T09:11:46.441333+00:00,train,2,3580,self,0.0509499999999937,0,99,
2025-11-27T09:11:46.441434+00:00,train,2,3581,self,0.0509499999999937,0,97,
2025-11-27T09:11:46.441534+00:00,train,2,3582,self,0.0509499999999937,0,98,
2025-11-27T09:11:46.441633+00:00,train,2,3583,self,0.0509499999999937,0,97,
2025-11-27T09:11:46.441732+00:00,train,2,3584,self,0.0509499999999937,0,100,
2025-11-27T09:11:46.441831+00:00,train,2,3585,self,0.0509499999999937,0,99,
2025-11-27T09:11:46.441930+00:00,train,2,3586,self,0.0509499999999937,0,100,
2025-11-27T09:11:46.442029+00:00,train,2,3587,self,0.0509499999999937,0,100,
2025-11-27T09:11:46.442129+00:00,train,2,3588,self,0.0509499999999937,0,100,
2025-11-27T09:11:46.442228+00:00,train,2,3589,self,0.0509499999999937,0,93,
2025-11-27T09:11:46.442328+00:00,train,2,3590,self,0.0509499999999937,0,99,
2025-11-27T09:11:46.442433+00:00,train,2,3591,self,0.0509499999999937,0,94,
2025-11-27T09:11:46.442533+00:00,train,2,3592,self,0.0509499999999937,0,96,
2025-11-27T09:11:46.442632+00:00,train,2,3593,self,0.0509499999999937,0,86,
2025-11-27T09:11:46.442732+00:00,train,2,3594,self,0.0509499999999937,0,99,
2025-11-27T09:11:46.442831+00:00,train,2,3595,self,0.0509499999999937,0,98,
2025-11-27T09:11:46.442930+00:00,train,2,3596,self,0.0509499999999937,0,100,
2025-11-27T09:11:46.443029+00:00,train,2,3597,self,0.0509499999999937,0,99,
2025-11-27T09:11:46.443229+00:00,train,2,3598,self,0.0509499999999937,0,100,
2025-11-27T09:11:46.443349+00:00,train,2,3599,self,0.0509499999999937,0,89,
2025-11-27T09:11:46.443480+00:00,train,2,3600,self,0.0509499999999937,0,98,
2025-11-27T09:11:46.443594+00:00,train,2,3601,self,0.0509499999999937,0,83,
2025-11-27T09:11:46.443722+00:00,train,2,3602,self,0.0509499999999937,0,98,
2025-11-27T09:11:46.443828+00:00,train,2,3603,self,0.0509499999999937,0,96,
2025-11-27T09:11:46.443955+00:00,train,2,3604,self,0.0509499999999937,0,99,
2025-11-27T09:11:46.444063+00:00,train,2,3605,self,0.0509499999999937,0,99,
2025-11-27T09:11:46.444303+00:00,train,2,3606,self,0.0509499999999937,0,99,
2025-11-27T09:11:46.444437+00:00,train,2,3607,self,0.0509499999999937,0,82,
2025-11-27T09:11:46.444599+00:00,train,2,3608,self,0.0509499999999937,0,93,
2025-11-27T09:11:46.444751+00:00,train,2,3609,self,0.0509499999999937,0,98,
2025-11-27T09:11:46.444873+00:00,train,2,3610,self,0.0509499999999937,0,100,
2025-11-27T09:11:46.444976+00:00,train,2,3611,self,0.0509499999999937,0,89,
2025-11-27T09:11:46.445078+00:00,train,2,3612,self,0.0509499999999937,0,100,
2025-11-27T09:11:46.445180+00:00,train,2,3613,self,0.0509499999999937,0,98,
2025-11-27T09:11:46.445310+00:00,train,2,3614,self,0.0509499999999937,0,100,
2025-11-27T09:11:46.445411+00:00,train,2,3615,self,0.0509499999999937,0,91,
2025-11-27T09:11:46.445510+00:00,train,2,3616,self,0.0509499999999937,0,100,
2025-11-27T09:11:46.445609+00:00,train,2,3617,self,0.0509499999999937,0,99,
2025-11-27T09:11:46.445710+00:00,train,2,3618,self,0.0509499999999937,0,100,
2025-11-27T09:11:46.445809+00:00,train,2,3619,self,0.0509499999999937,0,98,
2025-11-27T09:11:46.445908+00:00,train,2,3620,self,0.0509499999999937,0,99,
2025-11-27T09:11:46.446007+00:00,train,2,3621,self,0.0509499999999937,0,93,
2025-11-27T09:11:46.446107+00:00,train,2,3622,self,0.0509499999999937,0,94,
2025-11-27T09:11:46.446206+00:00,train,2,3623,self,0.0509499999999937,0,84,
2025-11-27T09:11:46.446305+00:00,train,2,3624,self,0.0509499999999937,0,94,
2025-11-27T09:11:46.446404+00:00,train,2,3625,self,0.0509499999999937,0,98,
2025-11-27T09:11:46.446503+00:00,train,2,3626,self,0.0509499999999937,0,99,
2025-11-27T09:11:46.446602+00:00,train,2,3627,self,0.0509499999999937,0,99,
2025-11-27T09:11:46.446733+00:00,train,2,3628,self,0.0509499999999937,0,100,
2025-11-27T09:11:46.446885+00:00,train,2,3629,self,0.0509499999999937,0,99,
2025-11-27T09:11:46.447000+00:00,train,2,3630,self,0.0509499999999937,0,100,
2025-11-27T09:11:46.447100+00:00,train,2,3631,self,0.0509499999999937,0,99,
2025-11-27T09:11:46.447199+00:00,train,2,3632,self,0.0509499999999937,0,100,
2025-11-27T09:11:46.447299+00:00,train,2,3633,self,0.0509499999999937,0,83,
2025-11-27T09:11:46.447401+00:00,train,2,3634,self,0.0509499999999937,0,87,
2025-11-27T09:11:46.447500+00:00,train,2,3635,self,0.0509499999999937,0,89,
2025-11-27T09:11:46.447599+00:00,train,2,3636,self,0.0509499999999937,0,100,
2025-11-27T09:11:46.447699+00:00,train,2,3637,self,0.0509499999999937,0,96,
2025-11-27T09:11:46.447798+00:00,train,2,3638,self,0.0509499999999937,0,100,
2025-11-27T09:11:46.447897+00:00,train,2,3639,self,0.0509499999999937,0,93,
2025-11-27T09:11:46.447996+00:00,train,2,3640,self,0.0509499999999937,0,99,
2025-11-27T09:11:46.448094+00:00,train,2,3641,self,0.0509499999999937,0,95,
2025-11-27T09:11:46.448193+00:00,train,2,3642,self,0.0509499999999937,0,98,
2025-11-27T09:11:46.448317+00:00,train,2,3643,self,0.0509499999999937,0,98,
2025-11-27T09:11:46.448430+00:00,train,2,3644,self,0.0509499999999937,0,98,
2025-11-27T09:11:46.448528+00:00,train,2,3645,self,0.0509499999999937,0,96,
2025-11-27T09:11:46.448628+00:00,train,2,3646,self,0.0509499999999937,0,98,
2025-11-27T09:11:46.448727+00:00,train,2,3647,self,0.0509499999999937,0,99,
2025-11-27T09:11:46.448826+00:00,train,2,3648,self,0.0509499999999937,0,99,
2025-11-27T09:11:46.448925+00:00,train,2,3649,self,0.0509499999999937,0,97,
2025-11-27T09:11:46.449024+00:00,train,2,3650,self,0.0509499999999937,0,100,
2025-11-27T09:11:46.449124+00:00,train,2,3651,self,0.0509499999999937,0,81,
2025-11-27T09:11:46.449223+00:00,train,2,3652,self,0.0509499999999937,0,90,
2025-11-27T09:11:46.449322+00:00,train,2,3653,self,0.0509499999999937,0,94,
2025-11-27T09:11:46.449421+00:00,train,2,3654,self,0.0509499999999937,0,96,
2025-11-27T09:11:46.449520+00:00,train,2,3655,self,0.0509499999999937,0,93,
2025-11-27T09:11:46.449619+00:00,train,2,3656,self,0.0509499999999937,0,100,
2025-11-27T09:11:46.449718+00:00,train,2,3657,self,0.0509499999999937,0,100,
2025-11-27T09:11:46.449864+00:00,train,2,3658,self,0.0509499999999937,0,100,
2025-11-27T09:11:46.449963+00:00,train,2,3659,self,0.0509499999999937,0,96,
2025-11-27T09:11:46.450062+00:00,train,2,3660,self,0.0509499999999937,0,99,
2025-11-27T09:11:46.450161+00:00,train,2,3661,self,0.0509499999999937,0,95,
2025-11-27T09:11:46.450260+00:00,train,2,3662,self,0.0509499999999937,0,96,
2025-11-27T09:11:46.450359+00:00,train,2,3663,self,0.0509499999999937,0,97,
2025-11-27T09:11:46.450458+00:00,train,2,3664,self,0.0509499999999937,0,100,
2025-11-27T09:11:46.450557+00:00,train,2,3665,self,0.0509499999999937,0,95,
2025-11-27T09:11:46.450656+00:00,train,2,3666,self,0.0509499999999937,0,99,
2025-11-27T09:11:46.450755+00:00,train,2,3667,self,0.0509499999999937,0,98,
2025-11-27T09:11:46.450854+00:00,train,2,3668,self,0.0509499999999937,0,100,
2025-11-27T09:11:46.450953+00:00,train,2,3669,self,0.0509499999999937,0,97,
2025-11-27T09:11:46.451051+00:00,train,2,3670,self,0.0509499999999937,0,100,
2025-11-27T09:11:46.451150+00:00,train,2,3671,self,0.0509499999999937,0,85,
2025-11-27T09:11:46.451249+00:00,train,2,3672,self,0.0509499999999937,0,96,
2025-11-27T09:11:46.451380+00:00,train,2,3673,self,0.0509499999999937,0,98,
2025-11-27T09:11:46.451496+00:00,train,2,3674,self,0.0509499999999937,0,100,
2025-11-27T09:11:46.451595+00:00,train,2,3675,self,0.0509499999999937,0,92,
2025-11-27T09:11:46.451694+00:00,train,2,3676,self,0.0509499999999937,0,100,
2025-11-27T09:11:46.451793+00:00,train,2,3677,self,0.0509499999999937,0,97,
2025-11-27T09:11:46.451892+00:00,train,2,3678,self,0.0509499999999937,0,100,
2025-11-27T09:11:46.451992+00:00,train,2,3679,self,0.0509499999999937,0,99,
2025-11-27T09:11:46.452091+00:00,train,2,3680,self,0.0509499999999937,0,100,
2025-11-27T09:11:46.452228+00:00,train,2,3681,self,0.0509499999999937,0,95,
2025-11-27T09:11:46.452328+00:00,train,2,3682,self,0.0509499999999937,0,100,
2025-11-27T09:11:46.452427+00:00,train,2,3683,self,0.0509499999999937,0,91,
2025-11-27T09:11:46.452526+00:00,train,2,3684,self,0.0509499999999937,0,98,
2025-11-27T09:11:46.452625+00:00,train,2,3685,self,0.0509499999999937,0,98,
2025-11-27T09:11:46.452725+00:00,train,2,3686,self,0.0509499999999937,0,100,
2025-11-27T09:11:46.452910+00:00,train,2,3687,self,0.0509499999999937,0,93,
2025-11-27T09:11:46.453012+00:00,train,2,3688,self,0.0509499999999937,0,100,
2025-11-27T09:11:46.453112+00:00,train,2,3689,self,0.0509499999999937,0,96,
2025-11-27T09:11:46.453212+00:00,train,2,3690,self,0.0509499999999937,0,100,
2025-11-27T09:11:46.453407+00:00,train,2,3691,self,0.0509499999999937,0,95,
2025-11-27T09:11:46.453507+00:00,train,2,3692,self,0.0509499999999937,0,98,
2025-11-27T09:11:46.453606+00:00,train,2,3693,self,0.0509499999999937,0,100,
2025-11-27T09:11:46.453706+00:00,train,2,3694,self,0.0509499999999937,0,100,
2025-11-27T09:11:46.453805+00:00,train,2,3695,self,0.0509499999999937,0,94,
2025-11-27T09:11:46.453904+00:00,train,2,3696,self,0.0509499999999937,0,98,
2025-11-27T09:11:46.454003+00:00,train,2,3697,self,0.0509499999999937,0,98,
2025-11-27T09:11:46.454103+00:00,train,2,3698,self,0.0509499999999937,0,100,
2025-11-27T09:11:46.454201+00:00,train,2,3699,self,0.0509499999999937,0,96,
2025-11-27T09:11:46.454301+00:00,train,2,3700,self,0.0509499999999937,0,99,
2025-11-27T09:11:46.457277+00:00,train,2,3701,self,0.0509499999999937,0,96,
2025-11-27T09:11:46.457410+00:00,train,2,3702,self,0.0509499999999937,0,100,
2025-11-27T09:11:46.457542+00:00,train,2,3703,self,0.0509499999999937,0,92,
2025-11-27T09:11:46.457651+00:00,train,2,3704,self,0.0509499999999937,0,97,
2025-11-27T09:11:46.457811+00:00,train,2,3705,self,0.0509499999999937,0,99,
2025-11-27T09:11:46.457938+00:00,train,2,3706,self,0.0509499999999937,0,100,
2025-11-27T09:11:46.458098+00:00,train,2,3707,self,0.0509499999999937,0,98,
2025-11-27T09:11:46.458222+00:00,train,2,3708,self,0.0509499999999937,0,99,
2025-11-27T09:11:46.458379+00:00,train,2,3709,self,0.0509499999999937,0,98,
2025-11-27T09:11:46.458504+00:00,train,2,3710,self,0.0509499999999937,0,98,
2025-11-27T09:11:46.458622+00:00,train,2,3711,self,0.0509499999999937,0,91,
2025-11-27T09:11:46.458740+00:00,train,2,3712,self,0.0509499999999937,0,98,
2025-11-27T09:11:46.458874+00:00,train,2,3713,self,0.0509499999999937,0,96,
2025-11-27T09:11:46.458991+00:00,train,2,3714,self,0.0509499999999937,0,99,
2025-11-27T09:11:46.459117+00:00,train,2,3715,self,0.0509499999999937,0,91,
2025-11-27T09:11:46.459226+00:00,train,2,3716,self,0.0509499999999937,0,100,
2025-11-27T09:11:46.459355+00:00,train,2,3717,self,0.0509499999999937,0,99,
2025-11-27T09:11:46.459463+00:00,train,2,3718,self,0.0509499999999937,0,100,
2025-11-27T09:11:46.459576+00:00,train,2,3719,self,0.0509499999999937,0,99,
2025-11-27T09:11:46.459701+00:00,train,2,3720,self,0.0509499999999937,0,100,
2025-11-27T09:11:46.459814+00:00,train,2,3721,self,0.0509499999999937,0,97,
2025-11-27T09:11:46.459938+00:00,train,2,3722,self,0.0509499999999937,0,100,
2025-11-27T09:11:46.460046+00:00,train,2,3723,self,0.0509499999999937,0,98,
2025-11-27T09:11:46.460225+00:00,train,2,3724,self,0.0509499999999937,0,100,
2025-11-27T09:11:46.460355+00:00,train,2,3725,self,0.0509499999999937,0,98,
2025-11-27T09:11:46.460517+00:00,train,2,3726,self,0.0509499999999937,0,99,
2025-11-27T09:11:46.460651+00:00,train,2,3727,self,0.0509499999999937,0,93,
2025-11-27T09:11:46.460814+00:00,train,2,3728,self,0.0509499999999937,0,96,
2025-11-27T09:11:46.460942+00:00,train,2,3729,self,0.0509499999999937,0,94,
2025-11-27T09:11:46.461105+00:00,train,2,3730,self,0.0509499999999937,0,98,
2025-11-27T09:11:46.461253+00:00,train,2,3731,self,0.0509499999999937,0,97,
2025-11-27T09:11:46.461378+00:00,train,2,3732,self,0.0509499999999937,0,99,
2025-11-27T09:11:46.461502+00:00,train,2,3733,self,0.0509499999999937,0,99,
2025-11-27T09:11:46.461620+00:00,train,2,3734,self,0.0509499999999937,0,99,
2025-11-27T09:11:46.461734+00:00,train,2,3735,self,0.0509499999999937,0,88,
2025-11-27T09:11:46.461847+00:00,train,2,3736,self,0.0509499999999937,0,94,
2025-11-27T09:11:46.462007+00:00,train,2,3737,self,0.0509499999999937,0,94,
2025-11-27T09:11:46.462138+00:00,train,2,3738,self,0.0509499999999937,0,100,
2025-11-27T09:11:46.462279+00:00,train,2,3739,self,0.0509499999999937,0,96,
2025-11-27T09:11:46.462402+00:00,train,2,3740,self,0.0509499999999937,0,99,
2025-11-27T09:11:46.462541+00:00,train,2,3741,self,0.0509499999999937,0,99,
2025-11-27T09:11:46.462658+00:00,train,2,3742,self,0.0509499999999937,0,100,
2025-11-27T09:11:46.462793+00:00,train,2,3743,self,0.0509499999999937,0,95,
2025-11-27T09:11:46.462908+00:00,train,2,3744,self,0.0509499999999937,0,99,
2025-11-27T09:11:46.463040+00:00,train,2,3745,self,0.0509499999999937,0,93,
2025-11-27T09:11:46.463175+00:00,train,2,3746,self,0.0509499999999937,0,98,
2025-11-27T09:11:46.463295+00:00,train,2,3747,self,0.0509499999999937,0,96,
2025-11-27T09:11:46.463416+00:00,train,2,3748,self,0.0509499999999937,0,99,
2025-11-27T09:11:46.463609+00:00,train,2,3749,self,0.0509499999999937,0,98,
2025-11-27T09:11:46.463748+00:00,train,2,3750,self,0.0509499999999937,0,98,
2025-11-27T09:11:46.463876+00:00,train,2,3751,self,0.0509499999999937,0,92,
2025-11-27T09:11:46.464007+00:00,train,2,3752,self,0.0509499999999937,0,99,
2025-11-27T09:11:46.464150+00:00,train,2,3753,self,0.0509499999999937,0,98,
2025-11-27T09:11:46.464293+00:00,train,2,3754,self,0.0509499999999937,0,100,
2025-11-27T09:11:46.464477+00:00,train,2,3755,self,0.0509499999999937,0,96,
2025-11-27T09:11:46.464634+00:00,train,2,3756,self,0.0509499999999937,0,100,
2025-11-27T09:11:46.464775+00:00,train,2,3757,self,0.0509499999999937,0,91,
2025-11-27T09:11:46.464918+00:00,train,2,3758,self,0.0509499999999937,0,99,
2025-11-27T09:11:46.465054+00:00,train,2,3759,self,0.0509499999999937,0,92,
2025-11-27T09:11:46.465186+00:00,train,2,3760,self,0.0509499999999937,0,95,
2025-11-27T09:11:46.465319+00:00,train,2,3761,self,0.0509499999999937,0,96,
2025-11-27T09:11:46.465452+00:00,train,2,3762,self,0.0509499999999937,0,100,
2025-11-27T09:11:46.465582+00:00,train,2,3763,self,0.0509499999999937,0,92,
2025-11-27T09:11:46.465714+00:00,train,2,3764,self,0.0509499999999937,0,99,
2025-11-27T09:11:46.465847+00:00,train,2,3765,self,0.0509499999999937,0,98,
2025-11-27T09:11:46.465976+00:00,train,2,3766,self,0.0509499999999937,0,99,
2025-11-27T09:11:46.466104+00:00,train,2,3767,self,0.0509499999999937,0,93,
2025-11-27T09:11:46.466233+00:00,train,2,3768,self,0.0509499999999937,0,100,
2025-11-27T09:11:46.466361+00:00,train,2,3769,self,0.0509499999999937,0,86,
2025-11-27T09:11:46.466490+00:00,train,2,3770,self,0.0509499999999937,0,97,
2025-11-27T09:11:46.466618+00:00,train,2,3771,self,0.0509499999999937,0,96,
2025-11-27T09:11:46.466754+00:00,train,2,3772,self,0.0509499999999937,0,100,
2025-11-27T09:11:46.466884+00:00,train,2,3773,self,0.0509499999999937,0,99,
2025-11-27T09:11:46.467013+00:00,train,2,3774,self,0.0509499999999937,0,99,
2025-11-27T09:11:46.467142+00:00,train,2,3775,self,0.0509499999999937,0,95,
2025-11-27T09:11:46.467271+00:00,train,2,3776,self,0.0509499999999937,0,99,
2025-11-27T09:11:46.467408+00:00,train,2,3777,self,0.0509499999999937,0,96,
2025-11-27T09:11:46.467537+00:00,train,2,3778,self,0.0509499999999937,0,98,
2025-11-27T09:11:46.467673+00:00,train,2,3779,self,0.0509499999999937,0,96,
2025-11-27T09:11:46.467802+00:00,train,2,3780,self,0.0509499999999937,0,98,
2025-11-27T09:11:46.467930+00:00,train,2,3781,self,0.0509499999999937,0,88,
2025-11-27T09:11:46.468057+00:00,train,2,3782,self,0.0509499999999937,0,100,
2025-11-27T09:11:46.468191+00:00,train,2,3783,self,0.0509499999999937,0,91,
2025-11-27T09:11:46.468319+00:00,train,2,3784,self,0.0509499999999937,0,98,
2025-11-27T09:11:46.468452+00:00,train,2,3785,self,0.0509499999999937,0,95,
2025-11-27T09:11:46.468582+00:00,train,2,3786,self,0.0509499999999937,0,100,
2025-11-27T09:11:46.468709+00:00,train,2,3787,self,0.0509499999999937,0,98,
2025-11-27T09:11:46.468846+00:00,train,2,3788,self,0.0509499999999937,0,100,
2025-11-27T09:11:46.468983+00:00,train,2,3789,self,0.0509499999999937,0,85,
2025-11-27T09:11:46.469111+00:00,train,2,3790,self,0.0509499999999937,0,96,
2025-11-27T09:11:46.469238+00:00,train,2,3791,self,0.0509499999999937,0,93,
2025-11-27T09:11:46.469369+00:00,train,2,3792,self,0.0509499999999937,0,98,
2025-11-27T09:11:46.469507+00:00,train,2,3793,self,0.0509499999999937,0,93,
2025-11-27T09:11:46.469678+00:00,train,2,3794,self,0.0509499999999937,0,99,
2025-11-27T09:11:46.469817+00:00,train,2,3795,self,0.0509499999999937,0,92,
2025-11-27T09:11:46.469948+00:00,train,2,3796,self,0.0509499999999937,0,99,
2025-11-27T09:11:46.470077+00:00,train,2,3797,self,0.0509499999999937,0,97,
2025-11-27T09:11:46.470210+00:00,train,2,3798,self,0.0509499999999937,0,100,
2025-11-27T09:11:46.470336+00:00,train,2,3799,self,0.0509499999999937,0,96,
2025-11-27T09:11:46.470460+00:00,train,2,3800,self,0.0509499999999937,0,99,
2025-11-27T09:11:46.470583+00:00,train,2,3801,self,0.0509499999999937,0,92,
2025-11-27T09:11:46.470704+00:00,train,2,3802,self,0.0509499999999937,0,98,
2025-11-27T09:11:46.470855+00:00,train,2,3803,self,0.0509499999999937,0,96,
2025-11-27T09:11:46.470980+00:00,train,2,3804,self,0.0509499999999937,0,99,
2025-11-27T09:11:46.471162+00:00,train,2,3805,self,0.0509499999999937,0,98,
2025-11-27T09:11:46.471312+00:00,train,2,3806,self,0.0509499999999937,0,100,
2025-11-27T09:11:46.471452+00:00,train,2,3807,self,0.0509499999999937,0,88,
2025-11-27T09:11:46.471597+00:00,train,2,3808,self,0.0509499999999937,0,100,
2025-11-27T09:11:46.471738+00:00,train,2,3809,self,0.0509499999999937,0,98,
2025-11-27T09:11:46.471873+00:00,train,2,3810,self,0.0509499999999937,0,100,
2025-11-27T09:11:46.472003+00:00,train,2,3811,self,0.0509499999999937,0,94,
2025-11-27T09:11:46.472133+00:00,train,2,3812,self,0.0509499999999937,0,96,
2025-11-27T09:11:46.472262+00:00,train,2,3813,self,0.0509499999999937,0,92,
2025-11-27T09:11:46.472391+00:00,train,2,3814,self,0.0509499999999937,0,94,
2025-11-27T09:11:46.472521+00:00,train,2,3815,self,0.0509499999999937,0,99,
2025-11-27T09:11:46.472649+00:00,train,2,3816,self,0.0509499999999937,0,99,
2025-11-27T09:11:46.472777+00:00,train,2,3817,self,0.0509499999999937,0,91,
2025-11-27T09:11:46.472905+00:00,train,2,3818,self,0.0509499999999937,0,98,
2025-11-27T09:11:46.473033+00:00,train,2,3819,self,0.0509499999999937,0,83,
2025-11-27T09:11:46.473163+00:00,train,2,3820,self,0.0509499999999937,0,90,
2025-11-27T09:11:46.473291+00:00,train,2,3821,self,0.0509499999999937,0,97,
2025-11-27T09:11:46.473419+00:00,train,2,3822,self,0.0509499999999937,0,99,
2025-11-27T09:11:46.473550+00:00,train,2,3823,self,0.0509499999999937,0,100,
2025-11-27T09:11:46.473749+00:00,train,2,3824,self,0.0509499999999937,0,100,
2025-11-27T09:11:46.473891+00:00,train,2,3825,self,0.0509499999999937,0,92,
2025-11-27T09:11:46.474024+00:00,train,2,3826,self,0.0509499999999937,0,98,
2025-11-27T09:11:46.474154+00:00,train,2,3827,self,0.0509499999999937,0,98,
2025-11-27T09:11:46.474282+00:00,train,2,3828,self,0.0509499999999937,0,100,
2025-11-27T09:11:46.474408+00:00,train,2,3829,self,0.0509499999999937,0,100,
2025-11-27T09:11:46.474550+00:00,train,2,3830,self,0.0509499999999937,0,100,
2025-11-27T09:11:46.474675+00:00,train,2,3831,self,0.0509499999999937,0,99,
2025-11-27T09:11:46.474850+00:00,train,2,3832,self,0.0509499999999937,0,100,
2025-11-27T09:11:46.474999+00:00,train,2,3833,self,0.0509499999999937,0,97,
2025-11-27T09:11:46.475136+00:00,train,2,3834,self,0.0509499999999937,0,100,
2025-11-27T09:11:46.475277+00:00,train,2,3835,self,0.0509499999999937,0,90,
2025-11-27T09:11:46.475401+00:00,train,2,3836,self,0.0509499999999937,0,100,
2025-11-27T09:11:46.475529+00:00,train,2,3837,self,0.0509499999999937,0,95,
2025-11-27T09:11:46.475713+00:00,train,2,3838,self,0.0509499999999937,0,99,
2025-11-27T09:11:46.475862+00:00,train,2,3839,self,0.0509499999999937,0,95,
2025-11-27T09:11:46.475999+00:00,train,2,3840,self,0.0509499999999937,0,96,
2025-11-27T09:11:46.476131+00:00,train,2,3841,self,0.0509499999999937,0,92,
2025-11-27T09:11:46.476272+00:00,train,2,3842,self,0.0509499999999937,0,97,
2025-11-27T09:11:46.476397+00:00,train,2,3843,self,0.0509499999999937,0,95,
2025-11-27T09:11:46.476520+00:00,train,2,3844,self,0.0509499999999937,0,100,
2025-11-27T09:11:46.476643+00:00,train,2,3845,self,0.0509499999999937,0,88,
2025-11-27T09:11:46.476770+00:00,train,2,3846,self,0.0509499999999937,0,92,
2025-11-27T09:11:46.476893+00:00,train,2,3847,self,0.0509499999999937,0,92,
2025-11-27T09:11:46.477015+00:00,train,2,3848,self,0.0509499999999937,0,95,
2025-11-27T09:11:46.477138+00:00,train,2,3849,self,0.0509499999999937,0,95,
2025-11-27T09:11:46.477270+00:00,train,2,3850,self,0.0509499999999937,0,98,
2025-11-27T09:11:46.477388+00:00,train,2,3851,self,0.0509499999999937,0,99,
2025-11-27T09:11:46.477505+00:00,train,2,3852,self,0.0509499999999937,0,100,
2025-11-27T09:11:46.477623+00:00,train,2,3853,self,0.0509499999999937,0,96,
2025-11-27T09:11:46.477740+00:00,train,2,3854,self,0.0509499999999937,0,100,
2025-11-27T09:11:46.477858+00:00,train,2,3855,self,0.0509499999999937,0,88,
2025-11-27T09:11:46.477975+00:00,train,2,3856,self,0.0509499999999937,0,100,
2025-11-27T09:11:46.478093+00:00,train,2,3857,self,0.0509499999999937,0,90,
2025-11-27T09:11:46.478222+00:00,train,2,3858,self,0.0509499999999937,0,98,
2025-11-27T09:11:46.478338+00:00,train,2,3859,self,0.0509499999999937,0,100,
2025-11-27T09:11:46.478452+00:00,train,2,3860,self,0.0509499999999937,0,100,
2025-11-27T09:11:46.478567+00:00,train,2,3861,self,0.0509499999999937,0,91,
2025-11-27T09:11:46.478682+00:00,train,2,3862,self,0.0509499999999937,0,100,
2025-11-27T09:11:46.478797+00:00,train,2,3863,self,0.0509499999999937,0,98,
2025-11-27T09:11:46.478911+00:00,train,2,3864,self,0.0509499999999937,0,100,
2025-11-27T09:11:46.479025+00:00,train,2,3865,self,0.0509499999999937,0,81,
2025-11-27T09:11:46.479152+00:00,train,2,3866,self,0.0509499999999937,0,100,
2025-11-27T09:11:46.479263+00:00,train,2,3867,self,0.0509499999999937,0,95,
2025-11-27T09:11:46.479372+00:00,train,2,3868,self,0.0509499999999937,0,96,
2025-11-27T09:11:46.479486+00:00,train,2,3869,self,0.0509499999999937,0,90,
2025-11-27T09:11:46.479598+00:00,train,2,3870,self,0.0509499999999937,0,96,
2025-11-27T09:11:46.479709+00:00,train,2,3871,self,0.0509499999999937,0,96,
2025-11-27T09:11:46.479817+00:00,train,2,3872,self,0.0509499999999937,0,100,
2025-11-27T09:11:46.479932+00:00,train,2,3873,self,0.0509499999999937,0,99,
2025-11-27T09:11:46.480041+00:00,train,2,3874,self,0.0509499999999937,0,100,
2025-11-27T09:11:46.480160+00:00,train,2,3875,self,0.0509499999999937,0,98,
2025-11-27T09:11:46.480278+00:00,train,2,3876,self,0.0509499999999937,0,98,
2025-11-27T09:11:46.480435+00:00,train,2,3877,self,0.0509499999999937,0,98,
2025-11-27T09:11:46.480556+00:00,train,2,3878,self,0.0509499999999937,0,100,
2025-11-27T09:11:46.480667+00:00,train,2,3879,self,0.0509499999999937,0,92,
2025-11-27T09:11:46.480834+00:00,train,2,3880,self,0.0509499999999937,0,94,
2025-11-27T09:11:46.480963+00:00,train,2,3881,self,0.0509499999999937,0,96,
2025-11-27T09:11:46.481082+00:00,train,2,3882,self,0.0509499999999937,0,100,
2025-11-27T09:11:46.481210+00:00,train,2,3883,self,0.0509499999999937,0,95,
2025-11-27T09:11:46.481318+00:00,train,2,3884,self,0.0509499999999937,0,96,
2025-11-27T09:11:46.481433+00:00,train,2,3885,self,0.0509499999999937,0,97,
2025-11-27T09:11:46.481538+00:00,train,2,3886,self,0.0509499999999937,0,99,
2025-11-27T09:11:46.481648+00:00,train,2,3887,self,0.0509499999999937,0,83,
2025-11-27T09:11:46.481753+00:00,train,2,3888,self,0.0509499999999937,0,100,
2025-11-27T09:11:46.481863+00:00,train,2,3889,self,0.0509499999999937,0,89,
2025-11-27T09:11:46.481966+00:00,train,2,3890,self,0.0509499999999937,0,92,
2025-11-27T09:11:46.482076+00:00,train,2,3891,self,0.0509499999999937,0,98,
2025-11-27T09:11:46.482180+00:00,train,2,3892,self,0.0509499999999937,0,100,
2025-11-27T09:11:46.482290+00:00,train,2,3893,self,0.0509499999999937,0,93,
2025-11-27T09:11:46.482393+00:00,train,2,3894,self,0.0509499999999937,0,94,
2025-11-27T09:11:46.482503+00:00,train,2,3895,self,0.0509499999999937,0,89,
2025-11-27T09:11:46.482609+00:00,train,2,3896,self,0.0509499999999937,0,98,
2025-11-27T09:11:46.482712+00:00,train,2,3897,self,0.0509499999999937,0,82,
2025-11-27T09:11:46.482822+00:00,train,2,3898,self,0.0509499999999937,0,100,
2025-11-27T09:11:46.482927+00:00,train,2,3899,self,0.0509499999999937,0,96,
2025-11-27T09:11:46.483036+00:00,train,2,3900,self,0.0509499999999937,0,100,
2025-11-27T09:11:46.483139+00:00,train,2,3901,self,0.0509499999999937,0,91,
2025-11-27T09:11:46.483248+00:00,train,2,3902,self,0.0509499999999937,0,98,
2025-11-27T09:11:46.483353+00:00,train,2,3903,self,0.0509499999999937,0,91,
2025-11-27T09:11:46.483462+00:00,train,2,3904,self,0.0509499999999937,0,94,
2025-11-27T09:11:46.483565+00:00,train,2,3905,self,0.0509499999999937,0,93,
2025-11-27T09:11:46.483676+00:00,train,2,3906,self,0.0509499999999937,0,100,
2025-11-27T09:11:46.483830+00:00,train,2,3907,self,0.0509499999999937,0,92,
2025-11-27T09:11:46.483935+00:00,train,2,3908,self,0.0509499999999937,0,100,
2025-11-27T09:11:46.484044+00:00,train,2,3909,self,0.0509499999999937,0,94,
2025-11-27T09:11:46.484148+00:00,train,2,3910,self,0.0509499999999937,0,100,
2025-11-27T09:11:46.484256+00:00,train,2,3911,self,0.0509499999999937,0,97,
2025-11-27T09:11:46.484360+00:00,train,2,3912,self,0.0509499999999937,0,100,
2025-11-27T09:11:46.484468+00:00,train,2,3913,self,0.0509499999999937,0,91,
2025-11-27T09:11:46.484571+00:00,train,2,3914,self,0.0509499999999937,0,97,
2025-11-27T09:11:46.484680+00:00,train,2,3915,self,0.0509499999999937,0,90,
2025-11-27T09:11:46.484784+00:00,train,2,3916,self,0.0509499999999937,0,96,
2025-11-27T09:11:46.484894+00:00,train,2,3917,self,0.0509499999999937,0,97,
2025-11-27T09:11:46.485000+00:00,train,2,3918,self,0.0509499999999937,0,100,
2025-11-27T09:11:46.485109+00:00,train,2,3919,self,0.0509499999999937,0,93,
2025-11-27T09:11:46.485215+00:00,train,2,3920,self,0.0509499999999937,0,99,
2025-11-27T09:11:46.485318+00:00,train,2,3921,self,0.0509499999999937,0,88,
2025-11-27T09:11:46.485427+00:00,train,2,3922,self,0.0509499999999937,0,99,
2025-11-27T09:11:46.485530+00:00,train,2,3923,self,0.0509499999999937,0,89,
2025-11-27T09:11:46.485639+00:00,train,2,3924,self,0.0509499999999937,0,92,
2025-11-27T09:11:46.485742+00:00,train,2,3925,self,0.0509499999999937,0,90,
2025-11-27T09:11:46.485851+00:00,train,2,3926,self,0.0509499999999937,0,100,
2025-11-27T09:11:46.485955+00:00,train,2,3927,self,0.0509499999999937,0,93,
2025-11-27T09:11:46.486066+00:00,train,2,3928,self,0.0509499999999937,0,100,
2025-11-27T09:11:46.486169+00:00,train,2,3929,self,0.0509499999999937,0,87,
2025-11-27T09:11:46.486281+00:00,train,2,3930,self,0.0509499999999937,0,100,
2025-11-27T09:11:46.486387+00:00,train,2,3931,self,0.0509499999999937,0,90,
2025-11-27T09:11:46.486491+00:00,train,2,3932,self,0.0509499999999937,0,99,
2025-11-27T09:11:46.486600+00:00,train,2,3933,self,0.0509499999999937,0,97,
2025-11-27T09:11:46.486703+00:00,train,2,3934,self,0.0509499999999937,0,98,
2025-11-27T09:11:46.486816+00:00,train,2,3935,self,0.0509499999999937,0,97,
2025-11-27T09:11:46.486919+00:00,train,2,3936,self,0.0509499999999937,0,98,
2025-11-27T09:11:46.487028+00:00,train,2,3937,self,0.0509499999999937,0,88,
2025-11-27T09:11:46.487131+00:00,train,2,3938,self,0.0509499999999937,0,94,
2025-11-27T09:11:46.487241+00:00,train,2,3939,self,0.0509499999999937,0,90,
2025-11-27T09:11:46.487344+00:00,train,2,3940,self,0.0509499999999937,0,95,
2025-11-27T09:11:46.487503+00:00,train,2,3941,self,0.0509499999999937,0,99,
2025-11-27T09:11:46.487610+00:00,train,2,3942,self,0.0509499999999937,0,100,
2025-11-27T09:11:46.487718+00:00,train,2,3943,self,0.0509499999999937,0,97,
2025-11-27T09:11:46.487821+00:00,train,2,3944,self,0.0509499999999937,0,98,
2025-11-27T09:11:46.487930+00:00,train,2,3945,self,0.0509499999999937,0,90,
2025-11-27T09:11:46.488081+00:00,train,2,3946,self,0.0509499999999937,0,99,
2025-11-27T09:11:46.488227+00:00,train,2,3947,self,0.0509499999999937,0,92,
2025-11-27T09:11:46.488337+00:00,train,2,3948,self,0.0509499999999937,0,94,
2025-11-27T09:11:46.488485+00:00,train,2,3949,self,0.0509499999999937,0,88,
2025-11-27T09:11:46.488591+00:00,train,2,3950,self,0.0509499999999937,0,98,
2025-11-27T09:11:46.488699+00:00,train,2,3951,self,0.0509499999999937,0,88,
2025-11-27T09:11:46.488811+00:00,train,2,3952,self,0.0509499999999937,0,98,
2025-11-27T09:11:46.488921+00:00,train,2,3953,self,0.0509499999999937,0,79,
2025-11-27T09:11:46.489068+00:00,train,2,3954,self,0.0509499999999937,0,91,
2025-11-27T09:11:46.489171+00:00,train,2,3955,self,0.0509499999999937,0,82,
2025-11-27T09:11:46.489281+00:00,train,2,3956,self,0.0509499999999937,0,99,
2025-11-27T09:11:46.489390+00:00,train,2,3957,self,0.0509499999999937,0,97,
2025-11-27T09:11:46.489493+00:00,train,2,3958,self,0.0509499999999937,0,100,
2025-11-27T09:11:46.489603+00:00,train,2,3959,self,0.0509499999999937,0,98,
2025-11-27T09:11:46.489711+00:00,train,2,3960,self,0.0509499999999937,0,100,
2025-11-27T09:11:46.489814+00:00,train,2,3961,self,0.0509499999999937,0,95,
2025-11-27T09:11:46.489924+00:00,train,2,3962,self,0.0509499999999937,0,99,
2025-11-27T09:11:46.490029+00:00,train,2,3963,self,0.0509499999999937,0,96,
2025-11-27T09:11:46.490140+00:00,train,2,3964,self,0.0509499999999937,0,97,
2025-11-27T09:11:46.490245+00:00,train,2,3965,self,0.0509499999999937,0,94,
2025-11-27T09:11:46.490354+00:00,train,2,3966,self,0.0509499999999937,0,97,
2025-11-27T09:11:46.490458+00:00,train,2,3967,self,0.0509499999999937,0,98,
2025-11-27T09:11:46.490566+00:00,train,2,3968,self,0.0509499999999937,0,100,
2025-11-27T09:11:46.490669+00:00,train,2,3969,self,0.0509499999999937,0,98,
2025-11-27T09:11:46.490781+00:00,train,2,3970,self,0.0509499999999937,0,100,
2025-11-27T09:11:46.490884+00:00,train,2,3971,self,0.0509499999999937,0,97,
2025-11-27T09:11:46.490993+00:00,train,2,3972,self,0.0509499999999937,0,99,
2025-11-27T09:11:46.491096+00:00,train,2,3973,self,0.0509499999999937,0,97,
2025-11-27T09:11:46.491205+00:00,train,2,3974,self,0.0509499999999937,0,99,
2025-11-27T09:11:46.491308+00:00,train,2,3975,self,0.0509499999999937,0,95,
2025-11-27T09:11:46.491416+00:00,train,2,3976,self,0.0509499999999937,0,100,
2025-11-27T09:11:46.491520+00:00,train,2,3977,self,0.0509499999999937,0,97,
2025-11-27T09:11:46.491631+00:00,train,2,3978,self,0.0509499999999937,0,100,
2025-11-27T09:11:46.491738+00:00,train,2,3979,self,0.0509499999999937,0,97,
2025-11-27T09:11:46.491841+00:00,train,2,3980,self,0.0509499999999937,0,99,
2025-11-27T09:11:46.491950+00:00,train,2,3981,self,0.0509499999999937,0,95,
2025-11-27T09:11:46.492054+00:00,train,2,3982,self,0.0509499999999937,0,99,
2025-11-27T09:11:46.492162+00:00,train,2,3983,self,0.0509499999999937,0,84,
2025-11-27T09:11:46.492266+00:00,train,2,3984,self,0.0509499999999937,0,98,
2025-11-27T09:11:46.492375+00:00,train,2,3985,self,0.0509499999999937,0,99,
2025-11-27T09:11:46.492478+00:00,train,2,3986,self,0.0509499999999937,0,100,
2025-11-27T09:11:46.492587+00:00,train,2,3987,self,0.0509499999999937,0,99,
2025-11-27T09:11:46.492691+00:00,train,2,3988,self,0.0509499999999937,0,100,
2025-11-27T09:11:46.492802+00:00,train,2,3989,self,0.0509499999999937,0,87,
2025-11-27T09:11:46.492908+00:00,train,2,3990,self,0.0509499999999937,0,97,
2025-11-27T09:11:46.493012+00:00,train,2,3991,self,0.0509499999999937,0,94,
2025-11-27T09:11:46.493120+00:00,train,2,3992,self,0.0509499999999937,0,100,
2025-11-27T09:11:46.493223+00:00,train,2,3993,self,0.0509499999999937,0,96,
2025-11-27T09:11:46.493332+00:00,train,2,3994,self,0.0509499999999937,0,98,
2025-11-27T09:11:46.493435+00:00,train,2,3995,self,0.0509499999999937,0,91,
2025-11-27T09:11:46.493544+00:00,train,2,3996,self,0.0509499999999937,0,97,
2025-11-27T09:11:46.493647+00:00,train,2,3997,self,0.0509499999999937,0,97,
2025-11-27T09:11:46.493756+00:00,train,2,3998,self,0.0509499999999937,0,98,
2025-11-27T09:11:46.493859+00:00,train,2,3999,self,0.0509499999999937,0,91,
2025-11-27T09:11:46.493974+00:00,train,2,4000,self,0.0509499999999937,0,100,
2025-11-27T09:11:46.494081+00:00,train,2,4001,self,0.0509499999999937,0,87,
2025-11-27T09:11:46.494185+00:00,train,2,4002,self,0.0509499999999937,0,100,
2025-11-27T09:11:46.494293+00:00,train,2,4003,self,0.0509499999999937,0,93,
2025-11-27T09:11:46.494395+00:00,train,2,4004,self,0.0509499999999937,0,98,
2025-11-27T09:11:46.494506+00:00,train,2,4005,self,0.0509499999999937,0,91,
2025-11-27T09:11:46.494610+00:00,train,2,4006,self,0.0509499999999937,0,100,
2025-11-27T09:11:46.494718+00:00,train,2,4007,self,0.0509499999999937,0,93,
2025-11-27T09:11:46.494821+00:00,train,2,4008,self,0.0509499999999937,0,97,
2025-11-27T09:11:46.494930+00:00,train,2,4009,self,0.0509499999999937,0,93,
2025-11-27T09:11:46.495033+00:00,train,2,4010,self,0.0509499999999937,0,100,
2025-11-27T09:11:46.495161+00:00,train,2,4011,self,0.0509499999999937,0,88,
2025-11-27T09:11:46.495265+00:00,train,2,4012,self,0.0509499999999937,0,100,
2025-11-27T09:11:46.495376+00:00,train,2,4013,self,0.0509499999999937,0,92,
2025-11-27T09:11:46.495480+00:00,train,2,4014,self,0.0509499999999937,0,100,
2025-11-27T09:11:46.495590+00:00,train,2,4015,self,0.0509499999999937,0,84,
2025-11-27T09:11:46.495696+00:00,train,2,4016,self,0.0509499999999937,0,97,
2025-11-27T09:11:46.495800+00:00,train,2,4017,self,0.0509499999999937,0,98,
2025-11-27T09:11:46.495909+00:00,train,2,4018,self,0.0509499999999937,0,99,
2025-11-27T09:11:46.496011+00:00,train,2,4019,self,0.0509499999999937,0,99,
2025-11-27T09:11:46.496120+00:00,train,2,4020,self,0.0509499999999937,0,100,
2025-11-27T09:11:46.496222+00:00,train,2,4021,self,0.0509499999999937,0,94,
2025-11-27T09:11:46.496332+00:00,train,2,4022,self,0.0509499999999937,0,99,
2025-11-27T09:11:46.496436+00:00,train,2,4023,self,0.0509499999999937,0,96,
2025-11-27T09:11:46.496589+00:00,train,2,4024,self,0.0509499999999937,0,99,
2025-11-27T09:11:46.496698+00:00,train,2,4025,self,0.0509499999999937,0,80,
2025-11-27T09:11:46.496802+00:00,train,2,4026,self,0.0509499999999937,0,97,
2025-11-27T09:11:46.496910+00:00,train,2,4027,self,0.0509499999999937,0,91,
2025-11-27T09:11:46.497013+00:00,train,2,4028,self,0.0509499999999937,0,96,
2025-11-27T09:11:46.497122+00:00,train,2,4029,self,0.0509499999999937,0,97,
2025-11-27T09:11:46.497226+00:00,train,2,4030,self,0.0509499999999937,0,100,
2025-11-27T09:11:46.497334+00:00,train,2,4031,self,0.0509499999999937,0,88,
2025-11-27T09:11:46.497438+00:00,train,2,4032,self,0.0509499999999937,0,94,
2025-11-27T09:11:46.497546+00:00,train,2,4033,self,0.0509499999999937,0,91,
2025-11-27T09:11:46.497649+00:00,train,2,4034,self,0.0509499999999937,0,99,
2025-11-27T09:11:46.497757+00:00,train,2,4035,self,0.0509499999999937,0,87,
2025-11-27T09:11:46.497860+00:00,train,2,4036,self,0.0509499999999937,0,100,
2025-11-27T09:11:46.497968+00:00,train,2,4037,self,0.0509499999999937,0,94,
2025-11-27T09:11:46.498074+00:00,train,2,4038,self,0.0509499999999937,0,94,
2025-11-27T09:11:46.498176+00:00,train,2,4039,self,0.0509499999999937,0,98,
2025-11-27T09:11:46.498284+00:00,train,2,4040,self,0.0509499999999937,0,99,
2025-11-27T09:11:46.498387+00:00,train,2,4041,self,0.0509499999999937,0,91,
2025-11-27T09:11:46.498496+00:00,train,2,4042,self,0.0509499999999937,0,97,
2025-11-27T09:11:46.498599+00:00,train,2,4043,self,0.0509499999999937,0,92,
2025-11-27T09:11:46.498708+00:00,train,2,4044,self,0.0509499999999937,0,99,
2025-11-27T09:11:46.498811+00:00,train,2,4045,self,0.0509499999999937,0,95,
2025-11-27T09:11:46.498920+00:00,train,2,4046,self,0.0509499999999937,0,98,
2025-11-27T09:11:46.499023+00:00,train,2,4047,self,0.0509499999999937,0,96,
2025-11-27T09:11:46.499132+00:00,train,2,4048,self,0.0509499999999937,0,98,
2025-11-27T09:11:46.499239+00:00,train,2,4049,self,0.0509499999999937,0,92,
2025-11-27T09:11:46.499342+00:00,train,2,4050,self,0.0509499999999937,0,98,
2025-11-27T09:11:46.499451+00:00,train,2,4051,self,0.0509499999999937,0,93,
2025-11-27T09:11:46.499554+00:00,train,2,4052,self,0.0509499999999937,0,98,
2025-11-27T09:11:46.499663+00:00,train,2,4053,self,0.0509499999999937,0,96,
2025-11-27T09:11:46.499766+00:00,train,2,4054,self,0.0509499999999937,0,99,
2025-11-27T09:11:46.499875+00:00,train,2,4055,self,0.0509499999999937,0,94,
2025-11-27T09:11:46.499979+00:00,train,2,4056,self,0.0509499999999937,0,96,
2025-11-27T09:11:46.500089+00:00,train,2,4057,self,0.0509499999999937,0,94,
2025-11-27T09:11:46.500195+00:00,train,2,4058,self,0.0509499999999937,0,100,
2025-11-27T09:11:46.500304+00:00,train,2,4059,self,0.0509499999999937,0,83,
2025-11-27T09:11:46.500410+00:00,train,2,4060,self,0.0509499999999937,0,97,
2025-11-27T09:11:46.500513+00:00,train,2,4061,self,0.0509499999999937,0,88,
2025-11-27T09:11:46.500622+00:00,train,2,4062,self,0.0509499999999937,0,96,
2025-11-27T09:11:46.500725+00:00,train,2,4063,self,0.0509499999999937,0,84,
2025-11-27T09:11:46.500834+00:00,train,2,4064,self,0.0509499999999937,0,95,
2025-11-27T09:11:46.500937+00:00,train,2,4065,self,0.0509499999999937,0,94,
2025-11-27T09:11:46.501046+00:00,train,2,4066,self,0.0509499999999937,0,95,
2025-11-27T09:11:46.501150+00:00,train,2,4067,self,0.0509499999999937,0,88,
2025-11-27T09:11:46.501266+00:00,train,2,4068,self,0.0509499999999937,0,93,
2025-11-27T09:11:46.501370+00:00,train,2,4069,self,0.0509499999999937,0,95,
2025-11-27T09:11:46.501479+00:00,train,2,4070,self,0.0509499999999937,0,96,
2025-11-27T09:11:46.501585+00:00,train,2,4071,self,0.0509499999999937,0,96,
2025-11-27T09:11:46.501689+00:00,train,2,4072,self,0.0509499999999937,0,97,
2025-11-27T09:11:46.501797+00:00,train,2,4073,self,0.0509499999999937,0,90,
2025-11-27T09:11:46.501901+00:00,train,2,4074,self,0.0509499999999937,0,93,
2025-11-27T09:11:46.502009+00:00,train,2,4075,self,0.0509499999999937,0,94,
2025-11-27T09:11:46.502112+00:00,train,2,4076,self,0.0509499999999937,0,99,
2025-11-27T09:11:46.502221+00:00,train,2,4077,self,0.0509499999999937,0,96,
2025-11-27T09:11:46.502324+00:00,train,2,4078,self,0.0509499999999937,0,100,
2025-11-27T09:11:46.502433+00:00,train,2,4079,self,0.0509499999999937,0,98,
2025-11-27T09:11:46.502537+00:00,train,2,4080,self,0.0509499999999937,0,100,
2025-11-27T09:11:46.502646+00:00,train,2,4081,self,0.0509499999999937,0,81,
2025-11-27T09:11:46.502752+00:00,train,2,4082,self,0.0509499999999937,0,97,
2025-11-27T09:11:46.502857+00:00,train,2,4083,self,0.0509499999999937,0,90,
2025-11-27T09:11:46.502966+00:00,train,2,4084,self,0.0509499999999937,0,99,
2025-11-27T09:11:46.503069+00:00,train,2,4085,self,0.0509499999999937,0,100,
2025-11-27T09:11:46.503178+00:00,train,2,4086,self,0.0509499999999937,0,100,
2025-11-27T09:11:46.503281+00:00,train,2,4087,self,0.0509499999999937,0,93,
2025-11-27T09:11:46.503391+00:00,train,2,4088,self,0.0509499999999937,0,99,
2025-11-27T09:11:46.503494+00:00,train,2,4089,self,0.0509499999999937,0,99,
2025-11-27T09:11:46.503602+00:00,train,2,4090,self,0.0509499999999937,0,99,
2025-11-27T09:11:46.503706+00:00,train,2,4091,self,0.0509499999999937,0,85,
2025-11-27T09:11:46.503816+00:00,train,2,4092,self,0.0509499999999937,0,93,
2025-11-27T09:11:46.503922+00:00,train,2,4093,self,0.0509499999999937,0,99,
2025-11-27T09:11:46.504025+00:00,train,2,4094,self,0.0509499999999937,0,100,
2025-11-27T09:11:46.504134+00:00,train,2,4095,self,0.0509499999999937,0,96,
2025-11-27T09:11:46.504237+00:00,train,2,4096,self,0.0509499999999937,0,98,
2025-11-27T09:11:46.504345+00:00,train,2,4097,self,0.0509499999999937,0,92,
2025-11-27T09:11:46.504448+00:00,train,2,4098,self,0.0509499999999937,0,99,
2025-11-27T09:11:46.504557+00:00,train,2,4099,self,0.0509499999999937,0,97,
2025-11-27T09:11:46.504660+00:00,train,2,4100,self,0.0509499999999937,0,99,
2025-11-27T09:11:46.504769+00:00,train,2,4101,self,0.0509499999999937,0,98,
2025-11-27T09:11:46.504873+00:00,train,2,4102,self,0.0509499999999937,0,99,
2025-11-27T09:11:46.504981+00:00,train,2,4103,self,0.0509499999999937,0,93,
2025-11-27T09:11:46.505090+00:00,train,2,4104,self,0.0509499999999937,0,93,
2025-11-27T09:11:46.505193+00:00,train,2,4105,self,0.0509499999999937,0,97,
2025-11-27T09:11:46.505374+00:00,train,2,4106,self,0.0509499999999937,0,98,
2025-11-27T09:11:46.505506+00:00,train,2,4107,self,0.0509499999999937,0,94,
2025-11-27T09:11:46.505677+00:00,train,2,4108,self,0.0509499999999937,0,99,
2025-11-27T09:11:46.505824+00:00,train,2,4109,self,0.0509499999999937,0,89,
2025-11-27T09:11:46.505951+00:00,train,2,4110,self,0.0509499999999937,0,94,
2025-11-27T09:11:46.506057+00:00,train,2,4111,self,0.0509499999999937,0,81,
2025-11-27T09:11:46.506178+00:00,train,2,4112,self,0.0509499999999937,0,97,
2025-11-27T09:11:46.506280+00:00,train,2,4113,self,0.0509499999999937,0,100,
2025-11-27T09:11:46.506483+00:00,train,2,4114,self,0.0509499999999937,0,100,
2025-11-27T09:11:46.506604+00:00,train,2,4115,self,0.0509499999999937,0,95,
2025-11-27T09:11:46.506721+00:00,train,2,4116,self,0.0509499999999937,0,100,
2025-11-27T09:11:46.506855+00:00,train,2,4117,self,0.0509499999999937,0,99,
2025-11-27T09:11:46.506963+00:00,train,2,4118,self,0.0509499999999937,0,99,
2025-11-27T09:11:46.507120+00:00,train,2,4119,self,0.0509499999999937,0,98,
2025-11-27T09:11:46.507242+00:00,train,2,4120,self,0.0509499999999937,0,100,
2025-11-27T09:11:46.507353+00:00,train,2,4121,self,0.0509499999999937,0,95,
2025-11-27T09:11:46.507467+00:00,train,2,4122,self,0.0509499999999937,0,98,
2025-11-27T09:11:46.507573+00:00,train,2,4123,self,0.0509499999999937,0,88,
2025-11-27T09:11:46.507684+00:00,train,2,4124,self,0.0509499999999937,0,99,
2025-11-27T09:11:46.507787+00:00,train,2,4125,self,0.0509499999999937,0,89,
2025-11-27T09:11:46.507892+00:00,train,2,4126,self,0.0509499999999937,0,91,
2025-11-27T09:11:46.507998+00:00,train,2,4127,self,0.0509499999999937,0,100,
2025-11-27T09:11:46.508101+00:00,train,2,4128,self,0.0509499999999937,0,100,
2025-11-27T09:11:46.508202+00:00,train,2,4129,self,0.0509499999999937,0,99,
2025-11-27T09:11:46.508303+00:00,train,2,4130,self,0.0509499999999937,0,100,
2025-11-27T09:11:46.508411+00:00,train,2,4131,self,0.0509499999999937,0,96,
2025-11-27T09:11:46.508514+00:00,train,2,4132,self,0.0509499999999937,0,100,
2025-11-27T09:11:46.508615+00:00,train,2,4133,self,0.0509499999999937,0,96,
2025-11-27T09:11:46.508716+00:00,train,2,4134,self,0.0509499999999937,0,100,
2025-11-27T09:11:46.508821+00:00,train,2,4135,self,0.0509499999999937,0,94,
2025-11-27T09:11:46.508925+00:00,train,2,4136,self,0.0509499999999937,0,100,
2025-11-27T09:11:46.509027+00:00,train,2,4137,self,0.0509499999999937,0,97,
2025-11-27T09:11:46.509127+00:00,train,2,4138,self,0.0509499999999937,0,100,
2025-11-27T09:11:46.509228+00:00,train,2,4139,self,0.0509499999999937,0,87,
2025-11-27T09:11:46.509336+00:00,train,2,4140,self,0.0509499999999937,0,100,
2025-11-27T09:11:46.509438+00:00,train,2,4141,self,0.0509499999999937,0,97,
2025-11-27T09:11:46.509541+00:00,train,2,4142,self,0.0509499999999937,0,98,
2025-11-27T09:11:46.509646+00:00,train,2,4143,self,0.0509499999999937,0,96,
2025-11-27T09:11:46.509750+00:00,train,2,4144,self,0.0509499999999937,0,100,
2025-11-27T09:11:46.509855+00:00,train,2,4145,self,0.0509499999999937,0,92,
2025-11-27T09:11:46.509959+00:00,train,2,4146,self,0.0509499999999937,0,100,
2025-11-27T09:11:46.510062+00:00,train,2,4147,self,0.0509499999999937,0,97,
2025-11-27T09:11:46.510164+00:00,train,2,4148,self,0.0509499999999937,0,100,
2025-11-27T09:11:46.510265+00:00,train,2,4149,self,0.0509499999999937,0,94,
2025-11-27T09:11:46.510373+00:00,train,2,4150,self,0.0509499999999937,0,100,
2025-11-27T09:11:46.510477+00:00,train,2,4151,self,0.0509499999999937,0,94,
2025-11-27T09:11:46.510578+00:00,train,2,4152,self,0.0509499999999937,0,94,
2025-11-27T09:11:46.510682+00:00,train,2,4153,self,0.0509499999999937,0,98,
2025-11-27T09:11:46.510834+00:00,train,2,4154,self,0.0509499999999937,0,99,
2025-11-27T09:11:46.510956+00:00,train,2,4155,self,0.0509499999999937,0,100,
2025-11-27T09:11:46.511082+00:00,train,2,4156,self,0.0509499999999937,0,100,
2025-11-27T09:11:46.511193+00:00,train,2,4157,self,0.0509499999999937,0,94,
2025-11-27T09:11:46.511347+00:00,train,2,4158,self,0.0509499999999937,0,100,
2025-11-27T09:11:46.511470+00:00,train,2,4159,self,0.0509499999999937,0,93,
2025-11-27T09:11:46.511601+00:00,train,2,4160,self,0.0509499999999937,0,98,
2025-11-27T09:11:46.511711+00:00,train,2,4161,self,0.0509499999999937,0,94,
2025-11-27T09:11:46.511860+00:00,train,2,4162,self,0.0509499999999937,0,96,
2025-11-27T09:11:46.511977+00:00,train,2,4163,self,0.0509499999999937,0,85,
2025-11-27T09:11:46.512108+00:00,train,2,4164,self,0.0509499999999937,0,91,
2025-11-27T09:11:46.512218+00:00,train,2,4165,self,0.0509499999999937,0,95,
2025-11-27T09:11:46.512322+00:00,train,2,4166,self,0.0509499999999937,0,99,
2025-11-27T09:11:46.512424+00:00,train,2,4167,self,0.0509499999999937,0,99,
2025-11-27T09:11:46.512524+00:00,train,2,4168,self,0.0509499999999937,0,100,
2025-11-27T09:11:46.512628+00:00,train,2,4169,self,0.0509499999999937,0,92,
2025-11-27T09:11:46.512732+00:00,train,2,4170,self,0.0509499999999937,0,98,
2025-11-27T09:11:46.512833+00:00,train,2,4171,self,0.0509499999999937,0,91,
2025-11-27T09:11:46.512932+00:00,train,2,4172,self,0.0509499999999937,0,100,
2025-11-27T09:11:46.513038+00:00,train,2,4173,self,0.0509499999999937,0,98,
2025-11-27T09:11:46.513138+00:00,train,2,4174,self,0.0509499999999937,0,100,
2025-11-27T09:11:46.513237+00:00,train,2,4175,self,0.0509499999999937,0,83,
2025-11-27T09:11:46.513336+00:00,train,2,4176,self,0.0509499999999937,0,96,
2025-11-27T09:11:46.513442+00:00,train,2,4177,self,0.0509499999999937,0,97,
2025-11-27T09:11:46.513542+00:00,train,2,4178,self,0.0509499999999937,0,97,
2025-11-27T09:11:46.513642+00:00,train,2,4179,self,0.0509499999999937,0,90,
2025-11-27T09:11:46.513741+00:00,train,2,4180,self,0.0509499999999937,0,100,
2025-11-27T09:11:46.513846+00:00,train,2,4181,self,0.0509499999999937,0,96,
2025-11-27T09:11:46.513947+00:00,train,2,4182,self,0.0509499999999937,0,100,
2025-11-27T09:11:46.514046+00:00,train,2,4183,self,0.0509499999999937,0,99,
2025-11-27T09:11:46.514145+00:00,train,2,4184,self,0.0509499999999937,0,100,
2025-11-27T09:11:46.514244+00:00,train,2,4185,self,0.0509499999999937,0,91,
2025-11-27T09:11:46.514343+00:00,train,2,4186,self,0.0509499999999937,0,98,
2025-11-27T09:11:46.514442+00:00,train,2,4187,self,0.0509499999999937,0,97,
2025-11-27T09:11:46.514541+00:00,train,2,4188,self,0.0509499999999937,0,99,
2025-11-27T09:11:46.514640+00:00,train,2,4189,self,0.0509499999999937,0,99,
2025-11-27T09:11:46.514739+00:00,train,2,4190,self,0.0509499999999937,0,100,
2025-11-27T09:11:46.514838+00:00,train,2,4191,self,0.0509499999999937,0,97,
2025-11-27T09:11:46.514936+00:00,train,2,4192,self,0.0509499999999937,0,98,
2025-11-27T09:11:46.515034+00:00,train,2,4193,self,0.0509499999999937,0,94,
2025-11-27T09:11:46.515135+00:00,train,2,4194,self,0.0509499999999937,0,100,
2025-11-27T09:11:46.515239+00:00,train,2,4195,self,0.0509499999999937,0,94,
2025-11-27T09:11:46.515338+00:00,train,2,4196,self,0.0509499999999937,0,94,
2025-11-27T09:11:46.515438+00:00,train,2,4197,self,0.0509499999999937,0,100,
2025-11-27T09:11:46.515536+00:00,train,2,4198,self,0.0509499999999937,0,100,
2025-11-27T09:11:46.515732+00:00,train,2,4199,self,0.0509499999999937,0,92,
2025-11-27T09:11:46.515832+00:00,train,2,4200,self,0.0509499999999937,0,98,
2025-11-27T09:11:46.518247+00:00,train,2,4201,self,0.0509499999999937,0,94,
2025-11-27T09:11:46.518366+00:00,train,2,4202,self,0.0509499999999937,0,100,
2025-11-27T09:11:46.518671+00:00,train,2,4203,self,0.0509499999999937,0,90,
2025-11-27T09:11:46.518796+00:00,train,2,4204,self,0.0509499999999937,0,99,
2025-11-27T09:11:46.518913+00:00,train,2,4205,self,0.0509499999999937,0,99,
2025-11-27T09:11:46.519025+00:00,train,2,4206,self,0.0509499999999937,0,99,
2025-11-27T09:11:46.519136+00:00,train,2,4207,self,0.0509499999999937,0,86,
2025-11-27T09:11:46.519245+00:00,train,2,4208,self,0.0509499999999937,0,97,
2025-11-27T09:11:46.519416+00:00,train,2,4209,self,0.0509499999999937,0,97,
2025-11-27T09:11:46.519520+00:00,train,2,4210,self,0.0509499999999937,0,99,
2025-11-27T09:11:46.519647+00:00,train,2,4211,self,0.0509499999999937,0,94,
2025-11-27T09:11:46.519759+00:00,train,2,4212,self,0.0509499999999937,0,97,
2025-11-27T09:11:46.519911+00:00,train,2,4213,self,0.0509499999999937,0,86,
2025-11-27T09:11:46.520031+00:00,train,2,4214,self,0.0509499999999937,0,98,
2025-11-27T09:11:46.520145+00:00,train,2,4215,self,0.0509499999999937,0,90,
2025-11-27T09:11:46.520463+00:00,train,2,4216,self,0.0509499999999937,0,98,
2025-11-27T09:11:46.520619+00:00,train,2,4217,self,0.0509499999999937,0,95,
2025-11-27T09:11:46.520763+00:00,train,2,4218,self,0.0509499999999937,0,99,
2025-11-27T09:11:46.520900+00:00,train,2,4219,self,0.0509499999999937,0,98,
2025-11-27T09:11:46.521040+00:00,train,2,4220,self,0.0509499999999937,0,100,
2025-11-27T09:11:46.521193+00:00,train,2,4221,self,0.0509499999999937,0,93,
2025-11-27T09:11:46.521328+00:00,train,2,4222,self,0.0509499999999937,0,99,
2025-11-27T09:11:46.521505+00:00,train,2,4223,self,0.0509499999999937,0,89,
2025-11-27T09:11:46.521640+00:00,train,2,4224,self,0.0509499999999937,0,98,
2025-11-27T09:11:46.521778+00:00,train,2,4225,self,0.0509499999999937,0,89,
2025-11-27T09:11:46.521908+00:00,train,2,4226,self,0.0509499999999937,0,99,
2025-11-27T09:11:46.522036+00:00,train,2,4227,self,0.0509499999999937,0,93,
2025-11-27T09:11:46.522167+00:00,train,2,4228,self,0.0509499999999937,0,96,
2025-11-27T09:11:46.522296+00:00,train,2,4229,self,0.0509499999999937,0,86,
2025-11-27T09:11:46.522424+00:00,train,2,4230,self,0.0509499999999937,0,99,
2025-11-27T09:11:46.522552+00:00,train,2,4231,self,0.0509499999999937,0,99,
2025-11-27T09:11:46.522680+00:00,train,2,4232,self,0.0509499999999937,0,100,
2025-11-27T09:11:46.522810+00:00,train,2,4233,self,0.0509499999999937,0,98,
2025-11-27T09:11:46.522939+00:00,train,2,4234,self,0.0509499999999937,0,100,
2025-11-27T09:11:46.523067+00:00,train,2,4235,self,0.0509499999999937,0,95,
2025-11-27T09:11:46.523197+00:00,train,2,4236,self,0.0509499999999937,0,97,
2025-11-27T09:11:46.523326+00:00,train,2,4237,self,0.0509499999999937,0,100,
2025-11-27T09:11:46.523453+00:00,train,2,4238,self,0.0509499999999937,0,100,
2025-11-27T09:11:46.523581+00:00,train,2,4239,self,0.0509499999999937,0,98,
2025-11-27T09:11:46.523709+00:00,train,2,4240,self,0.0509499999999937,0,100,
2025-11-27T09:11:46.523840+00:00,train,2,4241,self,0.0509499999999937,0,98,
2025-11-27T09:11:46.524018+00:00,train,2,4242,self,0.0509499999999937,0,100,
2025-11-27T09:11:46.524147+00:00,train,2,4243,self,0.0509499999999937,0,99,
2025-11-27T09:11:46.524275+00:00,train,2,4244,self,0.0509499999999937,0,100,
2025-11-27T09:11:46.524403+00:00,train,2,4245,self,0.0509499999999937,0,98,
2025-11-27T09:11:46.524531+00:00,train,2,4246,self,0.0509499999999937,0,99,
2025-11-27T09:11:46.524660+00:00,train,2,4247,self,0.0509499999999937,0,98,
2025-11-27T09:11:46.524788+00:00,train,2,4248,self,0.0509499999999937,0,99,
2025-11-27T09:11:46.524917+00:00,train,2,4249,self,0.0509499999999937,0,94,
2025-11-27T09:11:46.525045+00:00,train,2,4250,self,0.0509499999999937,0,97,
2025-11-27T09:11:46.525172+00:00,train,2,4251,self,0.0509499999999937,0,94,
2025-11-27T09:11:46.525300+00:00,train,2,4252,self,0.0509499999999937,0,96,
2025-11-27T09:11:46.525428+00:00,train,2,4253,self,0.0509499999999937,0,97,
2025-11-27T09:11:46.525556+00:00,train,2,4254,self,0.0509499999999937,0,98,
2025-11-27T09:11:46.525735+00:00,train,2,4255,self,0.0509499999999937,0,99,
2025-11-27T09:11:46.525905+00:00,train,2,4256,self,0.0509499999999937,0,100,
2025-11-27T09:11:46.526044+00:00,train,2,4257,self,0.0509499999999937,0,87,
2025-11-27T09:11:46.526235+00:00,train,2,4258,self,0.0509499999999937,0,97,
2025-11-27T09:11:46.526385+00:00,train,2,4259,self,0.0509499999999937,0,91,
2025-11-27T09:11:46.526526+00:00,train,2,4260,self,0.0509499999999937,0,98,
2025-11-27T09:11:46.526661+00:00,train,2,4261,self,0.0509499999999937,0,96,
2025-11-27T09:11:46.526795+00:00,train,2,4262,self,0.0509499999999937,0,99,
2025-11-27T09:11:46.526929+00:00,train,2,4263,self,0.0509499999999937,0,91,
2025-11-27T09:11:46.527120+00:00,train,2,4264,self,0.0509499999999937,0,93,
2025-11-27T09:11:46.527265+00:00,train,2,4265,self,0.0509499999999937,0,93,
2025-11-27T09:11:46.527399+00:00,train,2,4266,self,0.0509499999999937,0,98,
2025-11-27T09:11:46.527526+00:00,train,2,4267,self,0.0509499999999937,0,95,
2025-11-27T09:11:46.527663+00:00,train,2,4268,self,0.0509499999999937,0,99,
2025-11-27T09:11:46.527788+00:00,train,2,4269,self,0.0509499999999937,0,88,
2025-11-27T09:11:46.527924+00:00,train,2,4270,self,0.0509499999999937,0,99,
2025-11-27T09:11:46.528050+00:00,train,2,4271,self,0.0509499999999937,0,96,
2025-11-27T09:11:46.528204+00:00,train,2,4272,self,0.0509499999999937,0,100,
2025-11-27T09:11:46.528337+00:00,train,2,4273,self,0.0509499999999937,0,98,
2025-11-27T09:11:46.528480+00:00,train,2,4274,self,0.0509499999999937,0,99,
2025-11-27T09:11:46.528607+00:00,train,2,4275,self,0.0509499999999937,0,96,
2025-11-27T09:11:46.528730+00:00,train,2,4276,self,0.0509499999999937,0,98,
2025-11-27T09:11:46.528852+00:00,train,2,4277,self,0.0509499999999937,0,87,
2025-11-27T09:11:46.528974+00:00,train,2,4278,self,0.0509499999999937,0,95,
2025-11-27T09:11:46.529095+00:00,train,2,4279,self,0.0509499999999937,0,87,
2025-11-27T09:11:46.529217+00:00,train,2,4280,self,0.0509499999999937,0,94,
2025-11-27T09:11:46.529337+00:00,train,2,4281,self,0.0509499999999937,0,100,
2025-11-27T09:11:46.529459+00:00,train,2,4282,self,0.0509499999999937,0,100,
2025-11-27T09:11:46.529580+00:00,train,2,4283,self,0.0509499999999937,0,94,
2025-11-27T09:11:46.529701+00:00,train,2,4284,self,0.0509499999999937,0,97,
2025-11-27T09:11:46.529822+00:00,train,2,4285,self,0.0509499999999937,0,98,
2025-11-27T09:11:46.529942+00:00,train,2,4286,self,0.0509499999999937,0,100,
2025-11-27T09:11:46.530063+00:00,train,2,4287,self,0.0509499999999937,0,100,
2025-11-27T09:11:46.530183+00:00,train,2,4288,self,0.0509499999999937,0,100,
2025-11-27T09:11:46.530303+00:00,train,2,4289,self,0.0509499999999937,0,96,
2025-11-27T09:11:46.530423+00:00,train,2,4290,self,0.0509499999999937,0,100,
2025-11-27T09:11:46.530543+00:00,train,2,4291,self,0.0509499999999937,0,88,
2025-11-27T09:11:46.530663+00:00,train,2,4292,self,0.0509499999999937,0,97,
2025-11-27T09:11:46.530784+00:00,train,2,4293,self,0.0509499999999937,0,90,
2025-11-27T09:11:46.530904+00:00,train,2,4294,self,0.0509499999999937,0,99,
2025-11-27T09:11:46.531024+00:00,train,2,4295,self,0.0509499999999937,0,95,
2025-11-27T09:11:46.531145+00:00,train,2,4296,self,0.0509499999999937,0,100,
2025-11-27T09:11:46.531265+00:00,train,2,4297,self,0.0509499999999937,0,99,
2025-11-27T09:11:46.531386+00:00,train,2,4298,self,0.0509499999999937,0,99,
2025-11-27T09:11:46.531506+00:00,train,2,4299,self,0.0509499999999937,0,94,
2025-11-27T09:11:46.531626+00:00,train,2,4300,self,0.0509499999999937,0,99,
2025-11-27T09:11:46.531746+00:00,train,2,4301,self,0.0509499999999937,0,80,
2025-11-27T09:11:46.531866+00:00,train,2,4302,self,0.0509499999999937,0,96,
2025-11-27T09:11:46.531986+00:00,train,2,4303,self,0.0509499999999937,0,88,
2025-11-27T09:11:46.532109+00:00,train,2,4304,self,0.0509499999999937,0,100,
2025-11-27T09:11:46.532228+00:00,train,2,4305,self,0.0509499999999937,0,93,
2025-11-27T09:11:46.532348+00:00,train,2,4306,self,0.0509499999999937,0,98,
2025-11-27T09:11:46.532468+00:00,train,2,4307,self,0.0509499999999937,0,91,
2025-11-27T09:11:46.532589+00:00,train,2,4308,self,0.0509499999999937,0,98,
2025-11-27T09:11:46.532708+00:00,train,2,4309,self,0.0509499999999937,0,96,
2025-11-27T09:11:46.532828+00:00,train,2,4310,self,0.0509499999999937,0,100,
2025-11-27T09:11:46.532964+00:00,train,2,4311,self,0.0509499999999937,0,95,
2025-11-27T09:11:46.533082+00:00,train,2,4312,self,0.0509499999999937,0,97,
2025-11-27T09:11:46.533198+00:00,train,2,4313,self,0.0509499999999937,0,88,
2025-11-27T09:11:46.533315+00:00,train,2,4314,self,0.0509499999999937,0,99,
2025-11-27T09:11:46.533432+00:00,train,2,4315,self,0.0509499999999937,0,94,
2025-11-27T09:11:46.533548+00:00,train,2,4316,self,0.0509499999999937,0,100,
2025-11-27T09:11:46.533664+00:00,train,2,4317,self,0.0509499999999937,0,89,
2025-11-27T09:11:46.533781+00:00,train,2,4318,self,0.0509499999999937,0,98,
2025-11-27T09:11:46.533898+00:00,train,2,4319,self,0.0509499999999937,0,90,
2025-11-27T09:11:46.534014+00:00,train,2,4320,self,0.0509499999999937,0,96,
2025-11-27T09:11:46.534131+00:00,train,2,4321,self,0.0509499999999937,0,91,
2025-11-27T09:11:46.534247+00:00,train,2,4322,self,0.0509499999999937,0,99,
2025-11-27T09:11:46.534364+00:00,train,2,4323,self,0.0509499999999937,0,97,
2025-11-27T09:11:46.534484+00:00,train,2,4324,self,0.0509499999999937,0,100,
2025-11-27T09:11:46.534601+00:00,train,2,4325,self,0.0509499999999937,0,95,
2025-11-27T09:11:46.534718+00:00,train,2,4326,self,0.0509499999999937,0,100,
2025-11-27T09:11:46.534835+00:00,train,2,4327,self,0.0509499999999937,0,89,
2025-11-27T09:11:46.534951+00:00,train,2,4328,self,0.0509499999999937,0,100,
2025-11-27T09:11:46.535068+00:00,train,2,4329,self,0.0509499999999937,0,91,
2025-11-27T09:11:46.535185+00:00,train,2,4330,self,0.0509499999999937,0,100,
2025-11-27T09:11:46.535302+00:00,train,2,4331,self,0.0509499999999937,0,99,
2025-11-27T09:11:46.535419+00:00,train,2,4332,self,0.0509499999999937,0,100,
2025-11-27T09:11:46.535537+00:00,train,2,4333,self,0.0509499999999937,0,99,
2025-11-27T09:11:46.535654+00:00,train,2,4334,self,0.0509499999999937,0,100,
2025-11-27T09:11:46.535772+00:00,train,2,4335,self,0.0509499999999937,0,95,
2025-11-27T09:11:46.535890+00:00,train,2,4336,self,0.0509499999999937,0,100,
2025-11-27T09:11:46.536012+00:00,train,2,4337,self,0.0509499999999937,0,95,
2025-11-27T09:11:46.536129+00:00,train,2,4338,self,0.0509499999999937,0,100,
2025-11-27T09:11:46.536247+00:00,train,2,4339,self,0.0509499999999937,0,98,
2025-11-27T09:11:46.536363+00:00,train,2,4340,self,0.0509499999999937,0,98,
2025-11-27T09:11:46.536480+00:00,train,2,4341,self,0.0509499999999937,0,100,
2025-11-27T09:11:46.536597+00:00,train,2,4342,self,0.0509499999999937,0,100,
2025-11-27T09:11:46.536714+00:00,train,2,4343,self,0.0509499999999937,0,89,
2025-11-27T09:11:46.536831+00:00,train,2,4344,self,0.0509499999999937,0,95,
2025-11-27T09:11:46.536948+00:00,train,2,4345,self,0.0509499999999937,0,92,
2025-11-27T09:11:46.537065+00:00,train,2,4346,self,0.0509499999999937,0,100,
2025-11-27T09:11:46.537224+00:00,train,2,4347,self,0.0509499999999937,0,91,
2025-11-27T09:11:46.537339+00:00,train,2,4348,self,0.0509499999999937,0,98,
2025-11-27T09:11:46.537454+00:00,train,2,4349,self,0.0509499999999937,0,98,
2025-11-27T09:11:46.537569+00:00,train,2,4350,self,0.0509499999999937,0,99,
2025-11-27T09:11:46.537683+00:00,train,2,4351,self,0.0509499999999937,0,100,
2025-11-27T09:11:46.537797+00:00,train,2,4352,self,0.0509499999999937,0,100,
2025-11-27T09:11:46.537911+00:00,train,2,4353,self,0.0509499999999937,0,100,
2025-11-27T09:11:46.538025+00:00,train,2,4354,self,0.0509499999999937,0,100,
2025-11-27T09:11:46.538138+00:00,train,2,4355,self,0.0509499999999937,0,98,
2025-11-27T09:11:46.538252+00:00,train,2,4356,self,0.0509499999999937,0,100,
2025-11-27T09:11:46.538367+00:00,train,2,4357,self,0.0509499999999937,0,97,
2025-11-27T09:11:46.538480+00:00,train,2,4358,self,0.0509499999999937,0,100,
2025-11-27T09:11:46.538594+00:00,train,2,4359,self,0.0509499999999937,0,100,
2025-11-27T09:11:46.538708+00:00,train,2,4360,self,0.0509499999999937,0,100,
2025-11-27T09:11:46.538822+00:00,train,2,4361,self,0.0509499999999937,0,98,
2025-11-27T09:11:46.538935+00:00,train,2,4362,self,0.0509499999999937,0,99,
2025-11-27T09:11:46.539049+00:00,train,2,4363,self,0.0509499999999937,0,96,
2025-11-27T09:11:46.539179+00:00,train,2,4364,self,0.0509499999999937,0,100,
2025-11-27T09:11:46.539296+00:00,train,2,4365,self,0.0509499999999937,0,83,
2025-11-27T09:11:46.539416+00:00,train,2,4366,self,0.0509499999999937,0,99,
2025-11-27T09:11:46.539534+00:00,train,2,4367,self,0.0509499999999937,0,96,
2025-11-27T09:11:46.539651+00:00,train,2,4368,self,0.0509499999999937,0,96,
2025-11-27T09:11:46.539768+00:00,train,2,4369,self,0.0509499999999937,0,97,
2025-11-27T09:11:46.539886+00:00,train,2,4370,self,0.0509499999999937,0,100,
2025-11-27T09:11:46.540003+00:00,train,2,4371,self,0.0509499999999937,0,96,
2025-11-27T09:11:46.540120+00:00,train,2,4372,self,0.0509499999999937,0,100,
2025-11-27T09:11:46.540248+00:00,train,2,4373,self,0.0509499999999937,0,93,
2025-11-27T09:11:46.540362+00:00,train,2,4374,self,0.0509499999999937,0,100,
2025-11-27T09:11:46.540477+00:00,train,2,4375,self,0.0509499999999937,0,97,
2025-11-27T09:11:46.540591+00:00,train,2,4376,self,0.0509499999999937,0,99,
2025-11-27T09:11:46.540707+00:00,train,2,4377,self,0.0509499999999937,0,97,
2025-11-27T09:11:46.540822+00:00,train,2,4378,self,0.0509499999999937,0,99,
2025-11-27T09:11:46.540936+00:00,train,2,4379,self,0.0509499999999937,0,88,
2025-11-27T09:11:46.541050+00:00,train,2,4380,self,0.0509499999999937,0,99,
2025-11-27T09:11:46.541176+00:00,train,2,4381,self,0.0509499999999937,0,87,
2025-11-27T09:11:46.541287+00:00,train,2,4382,self,0.0509499999999937,0,95,
2025-11-27T09:11:46.541397+00:00,train,2,4383,self,0.0509499999999937,0,93,
2025-11-27T09:11:46.541507+00:00,train,2,4384,self,0.0509499999999937,0,95,
2025-11-27T09:11:46.541618+00:00,train,2,4385,self,0.0509499999999937,0,91,
2025-11-27T09:11:46.541729+00:00,train,2,4386,self,0.0509499999999937,0,100,
2025-11-27T09:11:46.541840+00:00,train,2,4387,self,0.0509499999999937,0,96,
2025-11-27T09:11:46.541951+00:00,train,2,4388,self,0.0509499999999937,0,99,
2025-11-27T09:11:46.542062+00:00,train,2,4389,self,0.0509499999999937,0,88,
2025-11-27T09:11:46.542186+00:00,train,2,4390,self,0.0509499999999937,0,94,
2025-11-27T09:11:46.542293+00:00,train,2,4391,self,0.0509499999999937,0,98,
2025-11-27T09:11:46.542401+00:00,train,2,4392,self,0.0509499999999937,0,100,
2025-11-27T09:11:46.542509+00:00,train,2,4393,self,0.0509499999999937,0,89,
2025-11-27T09:11:46.542617+00:00,train,2,4394,self,0.0509499999999937,0,100,
2025-11-27T09:11:46.542724+00:00,train,2,4395,self,0.0509499999999937,0,99,
2025-11-27T09:11:46.542832+00:00,train,2,4396,self,0.0509499999999937,0,99,
2025-11-27T09:11:46.542939+00:00,train,2,4397,self,0.0509499999999937,0,89,
2025-11-27T09:11:46.543046+00:00,train,2,4398,self,0.0509499999999937,0,96,
2025-11-27T09:11:46.543166+00:00,train,2,4399,self,0.0509499999999937,0,96,
2025-11-27T09:11:46.543271+00:00,train,2,4400,self,0.0509499999999937,0,100,
2025-11-27T09:11:46.543376+00:00,train,2,4401,self,0.0509499999999937,0,88,
2025-11-27T09:11:46.543480+00:00,train,2,4402,self,0.0509499999999937,0,93,
2025-11-27T09:11:46.543584+00:00,train,2,4403,self,0.0509499999999937,0,84,
2025-11-27T09:11:46.543689+00:00,train,2,4404,self,0.0509499999999937,0,98,
2025-11-27T09:11:46.543794+00:00,train,2,4405,self,0.0509499999999937,0,88,
2025-11-27T09:11:46.543898+00:00,train,2,4406,self,0.0509499999999937,0,100,
2025-11-27T09:11:46.544003+00:00,train,2,4407,self,0.0509499999999937,0,100,
2025-11-27T09:11:46.544109+00:00,train,2,4408,self,0.0509499999999937,0,100,
2025-11-27T09:11:46.544225+00:00,train,2,4409,self,0.0509499999999937,0,95,
2025-11-27T09:11:46.544328+00:00,train,2,4410,self,0.0509499999999937,0,100,
2025-11-27T09:11:46.544430+00:00,train,2,4411,self,0.0509499999999937,0,99,
2025-11-27T09:11:46.544532+00:00,train,2,4412,self,0.0509499999999937,0,99,
2025-11-27T09:11:46.544634+00:00,train,2,4413,self,0.0509499999999937,0,86,
2025-11-27T09:11:46.544737+00:00,train,2,4414,self,0.0509499999999937,0,97,
2025-11-27T09:11:46.544839+00:00,train,2,4415,self,0.0509499999999937,0,95,
2025-11-27T09:11:46.544942+00:00,train,2,4416,self,0.0509499999999937,0,95,
2025-11-27T09:11:46.545044+00:00,train,2,4417,self,0.0509499999999937,0,89,
2025-11-27T09:11:46.545147+00:00,train,2,4418,self,0.0509499999999937,0,100,
2025-11-27T09:11:46.545261+00:00,train,2,4419,self,0.0509499999999937,0,94,
2025-11-27T09:11:46.545361+00:00,train,2,4420,self,0.0509499999999937,0,97,
2025-11-27T09:11:46.545461+00:00,train,2,4421,self,0.0509499999999937,0,99,
2025-11-27T09:11:46.545560+00:00,train,2,4422,self,0.0509499999999937,0,99,
2025-11-27T09:11:46.545660+00:00,train,2,4423,self,0.0509499999999937,0,97,
2025-11-27T09:11:46.545760+00:00,train,2,4424,self,0.0509499999999937,0,100,
2025-11-27T09:11:46.545860+00:00,train,2,4425,self,0.0509499999999937,0,99,
2025-11-27T09:11:46.545960+00:00,train,2,4426,self,0.0509499999999937,0,100,
2025-11-27T09:11:46.546110+00:00,train,2,4427,self,0.0509499999999937,0,99,
2025-11-27T09:11:46.546211+00:00,train,2,4428,self,0.0509499999999937,0,100,
2025-11-27T09:11:46.546312+00:00,train,2,4429,self,0.0509499999999937,0,96,
2025-11-27T09:11:46.546414+00:00,train,2,4430,self,0.0509499999999937,0,98,
2025-11-27T09:11:46.546513+00:00,train,2,4431,self,0.0509499999999937,0,99,
2025-11-27T09:11:46.546613+00:00,train,2,4432,self,0.0509499999999937,0,100,
2025-11-27T09:11:46.546713+00:00,train,2,4433,self,0.0509499999999937,0,91,
2025-11-27T09:11:46.546813+00:00,train,2,4434,self,0.0509499999999937,0,100,
2025-11-27T09:11:46.546913+00:00,train,2,4435,self,0.0509499999999937,0,95,
2025-11-27T09:11:46.547013+00:00,train,2,4436,self,0.0509499999999937,0,97,
2025-11-27T09:11:46.547203+00:00,train,2,4437,self,0.0509499999999937,0,89,
2025-11-27T09:11:46.547463+00:00,train,2,4438,self,0.0509499999999937,0,92,
2025-11-27T09:11:46.547576+00:00,train,2,4439,self,0.0509499999999937,0,99,
2025-11-27T09:11:46.547684+00:00,train,2,4440,self,0.0509499999999937,0,99,
2025-11-27T09:11:46.547790+00:00,train,2,4441,self,0.0509499999999937,0,97,
2025-11-27T09:11:46.547894+00:00,train,2,4442,self,0.0509499999999937,0,100,
2025-11-27T09:11:46.547996+00:00,train,2,4443,self,0.0509499999999937,0,94,
2025-11-27T09:11:46.548098+00:00,train,2,4444,self,0.0509499999999937,0,95,
2025-11-27T09:11:46.548199+00:00,train,2,4445,self,0.0509499999999937,0,93,
2025-11-27T09:11:46.548300+00:00,train,2,4446,self,0.0509499999999937,0,98,
2025-11-27T09:11:46.548400+00:00,train,2,4447,self,0.0509499999999937,0,86,
2025-11-27T09:11:46.548500+00:00,train,2,4448,self,0.0509499999999937,0,94,
2025-11-27T09:11:46.548600+00:00,train,2,4449,self,0.0509499999999937,0,70,
2025-11-27T09:11:46.548700+00:00,train,2,4450,self,0.0509499999999937,0,100,
2025-11-27T09:11:46.548799+00:00,train,2,4451,self,0.0509499999999937,0,100,
2025-11-27T09:11:46.548899+00:00,train,2,4452,self,0.0509499999999937,0,100,
2025-11-27T09:11:46.548999+00:00,train,2,4453,self,0.0509499999999937,0,82,
2025-11-27T09:11:46.549099+00:00,train,2,4454,self,0.0509499999999937,0,93,
2025-11-27T09:11:46.549198+00:00,train,2,4455,self,0.0509499999999937,0,80,
2025-11-27T09:11:46.549297+00:00,train,2,4456,self,0.0509499999999937,0,90,
2025-11-27T09:11:46.549397+00:00,train,2,4457,self,0.0509499999999937,0,83,
2025-11-27T09:11:46.549499+00:00,train,2,4458,self,0.0509499999999937,0,96,
2025-11-27T09:11:46.549599+00:00,train,2,4459,self,0.0509499999999937,0,91,
2025-11-27T09:11:46.549699+00:00,train,2,4460,self,0.0509499999999937,0,98,
2025-11-27T09:11:46.549799+00:00,train,2,4461,self,0.0509499999999937,0,97,
2025-11-27T09:11:46.549899+00:00,train,2,4462,self,0.0509499999999937,0,100,
2025-11-27T09:11:46.549998+00:00,train,2,4463,self,0.0509499999999937,0,98,
2025-11-27T09:11:46.550097+00:00,train,2,4464,self,0.0509499999999937,0,100,
2025-11-27T09:11:46.550196+00:00,train,2,4465,self,0.0509499999999937,0,77,
2025-11-27T09:11:46.550296+00:00,train,2,4466,self,0.0509499999999937,0,98,
2025-11-27T09:11:46.550395+00:00,train,2,4467,self,0.0509499999999937,0,96,
2025-11-27T09:11:46.550495+00:00,train,2,4468,self,0.0509499999999937,0,97,
2025-11-27T09:11:46.550594+00:00,train,2,4469,self,0.0509499999999937,0,96,
2025-11-27T09:11:46.550693+00:00,train,2,4470,self,0.0509499999999937,0,99,
2025-11-27T09:11:46.550793+00:00,train,2,4471,self,0.0509499999999937,0,96,
2025-11-27T09:11:46.550892+00:00,train,2,4472,self,0.0509499999999937,0,97,
2025-11-27T09:11:46.550991+00:00,train,2,4473,self,0.0509499999999937,0,90,
2025-11-27T09:11:46.551090+00:00,train,2,4474,self,0.0509499999999937,0,97,
2025-11-27T09:11:46.551190+00:00,train,2,4475,self,0.0509499999999937,0,95,
2025-11-27T09:11:46.551289+00:00,train,2,4476,self,0.0509499999999937,0,99,
2025-11-27T09:11:46.551389+00:00,train,2,4477,self,0.0509499999999937,0,99,
2025-11-27T09:11:46.551488+00:00,train,2,4478,self,0.0509499999999937,0,100,
2025-11-27T09:11:46.551587+00:00,train,2,4479,self,0.0509499999999937,0,97,
2025-11-27T09:11:46.551687+00:00,train,2,4480,self,0.0509499999999937,0,98,
2025-11-27T09:11:46.551786+00:00,train,2,4481,self,0.0509499999999937,0,99,
2025-11-27T09:11:46.551885+00:00,train,2,4482,self,0.0509499999999937,0,100,
2025-11-27T09:11:46.551986+00:00,train,2,4483,self,0.0509499999999937,0,75,
2025-11-27T09:11:46.552085+00:00,train,2,4484,self,0.0509499999999937,0,92,
2025-11-27T09:11:46.552185+00:00,train,2,4485,self,0.0509499999999937,0,91,
2025-11-27T09:11:46.552284+00:00,train,2,4486,self,0.0509499999999937,0,98,
2025-11-27T09:11:46.552383+00:00,train,2,4487,self,0.0509499999999937,0,94,
2025-11-27T09:11:46.552482+00:00,train,2,4488,self,0.0509499999999937,0,99,
2025-11-27T09:11:46.552582+00:00,train,2,4489,self,0.0509499999999937,0,96,
2025-11-27T09:11:46.552681+00:00,train,2,4490,self,0.0509499999999937,0,96,
2025-11-27T09:11:46.552781+00:00,train,2,4491,self,0.0509499999999937,0,96,
2025-11-27T09:11:46.552880+00:00,train,2,4492,self,0.0509499999999937,0,98,
2025-11-27T09:11:46.552980+00:00,train,2,4493,self,0.0509499999999937,0,98,
2025-11-27T09:11:46.553079+00:00,train,2,4494,self,0.0509499999999937,0,99,
2025-11-27T09:11:46.553178+00:00,train,2,4495,self,0.0509499999999937,0,88,
2025-11-27T09:11:46.553277+00:00,train,2,4496,self,0.0509499999999937,0,98,
2025-11-27T09:11:46.553376+00:00,train,2,4497,self,0.0509499999999937,0,94,
2025-11-27T09:11:46.553475+00:00,train,2,4498,self,0.0509499999999937,0,100,
2025-11-27T09:11:46.553575+00:00,train,2,4499,self,0.0509499999999937,0,100,
2025-11-27T09:11:46.553674+00:00,train,2,4500,self,0.0509499999999937,0,100,
2025-11-27T09:11:46.553773+00:00,train,2,4501,self,0.0509499999999937,0,92,
2025-11-27T09:11:46.553873+00:00,train,2,4502,self,0.0509499999999937,0,95,
2025-11-27T09:11:46.553972+00:00,train,2,4503,self,0.0509499999999937,0,98,
2025-11-27T09:11:46.554071+00:00,train,2,4504,self,0.0509499999999937,0,98,
2025-11-27T09:11:46.554169+00:00,train,2,4505,self,0.0509499999999937,0,86,
2025-11-27T09:11:46.554269+00:00,train,2,4506,self,0.0509499999999937,0,100,
2025-11-27T09:11:46.554368+00:00,train,2,4507,self,0.0509499999999937,0,95,
2025-11-27T09:11:46.554466+00:00,train,2,4508,self,0.0509499999999937,0,95,
2025-11-27T09:11:46.554566+00:00,train,2,4509,self,0.0509499999999937,0,97,
2025-11-27T09:11:46.554665+00:00,train,2,4510,self,0.0509499999999937,0,100,
2025-11-27T09:11:46.554764+00:00,train,2,4511,self,0.0509499999999937,0,94,
2025-11-27T09:11:46.554863+00:00,train,2,4512,self,0.0509499999999937,0,99,
2025-11-27T09:11:46.554962+00:00,train,2,4513,self,0.0509499999999937,0,98,
2025-11-27T09:11:46.555061+00:00,train,2,4514,self,0.0509499999999937,0,100,
2025-11-27T09:11:46.555160+00:00,train,2,4515,self,0.0509499999999937,0,97,
2025-11-27T09:11:46.555293+00:00,train,2,4516,self,0.0509499999999937,0,100,
2025-11-27T09:11:46.555407+00:00,train,2,4517,self,0.0509499999999937,0,68,
2025-11-27T09:11:46.555525+00:00,train,2,4518,self,0.0509499999999937,0,98,
2025-11-27T09:11:46.555625+00:00,train,2,4519,self,0.0509499999999937,0,96,
2025-11-27T09:11:46.555744+00:00,train,2,4520,self,0.0509499999999937,0,99,
2025-11-27T09:11:46.555847+00:00,train,2,4521,self,0.0509499999999937,0,93,
2025-11-27T09:11:46.555967+00:00,train,2,4522,self,0.0509499999999937,0,95,
2025-11-27T09:11:46.556069+00:00,train,2,4523,self,0.0509499999999937,0,95,
2025-11-27T09:11:46.556249+00:00,train,2,4524,self,0.0509499999999937,0,100,
2025-11-27T09:11:46.556351+00:00,train,2,4525,self,0.0509499999999937,0,95,
2025-11-27T09:11:46.556452+00:00,train,2,4526,self,0.0509499999999937,0,97,
2025-11-27T09:11:46.556552+00:00,train,2,4527,self,0.0509499999999937,0,94,
2025-11-27T09:11:46.556651+00:00,train,2,4528,self,0.0509499999999937,0,99,
2025-11-27T09:11:46.556751+00:00,train,2,4529,self,0.0509499999999937,0,90,
2025-11-27T09:11:46.556851+00:00,train,2,4530,self,0.0509499999999937,0,100,
2025-11-27T09:11:46.556957+00:00,train,2,4531,self,0.0509499999999937,0,93,
2025-11-27T09:11:46.557057+00:00,train,2,4532,self,0.0509499999999937,0,98,
2025-11-27T09:11:46.557162+00:00,train,2,4533,self,0.0509499999999937,0,91,
2025-11-27T09:11:46.557300+00:00,train,2,4534,self,0.0509499999999937,0,100,
2025-11-27T09:11:46.557405+00:00,train,2,4535,self,0.0509499999999937,0,97,
2025-11-27T09:11:46.557561+00:00,train,2,4536,self,0.0509499999999937,0,100,
2025-11-27T09:11:46.557663+00:00,train,2,4537,self,0.0509499999999937,0,92,
2025-11-27T09:11:46.557764+00:00,train,2,4538,self,0.0509499999999937,0,95,
2025-11-27T09:11:46.557869+00:00,train,2,4539,self,0.0509499999999937,0,97,
2025-11-27T09:11:46.557971+00:00,train,2,4540,self,0.0509499999999937,0,99,
2025-11-27T09:11:46.558071+00:00,train,2,4541,self,0.0509499999999937,0,89,
2025-11-27T09:11:46.558171+00:00,train,2,4542,self,0.0509499999999937,0,94,
2025-11-27T09:11:46.558322+00:00,train,2,4543,self,0.0509499999999937,0,81,
2025-11-27T09:11:46.558424+00:00,train,2,4544,self,0.0509499999999937,0,99,
2025-11-27T09:11:46.558524+00:00,train,2,4545,self,0.0509499999999937,0,95,
2025-11-27T09:11:46.558641+00:00,train,2,4546,self,0.0509499999999937,0,97,
2025-11-27T09:11:46.558741+00:00,train,2,4547,self,0.0509499999999937,0,91,
2025-11-27T09:11:46.558857+00:00,train,2,4548,self,0.0509499999999937,0,98,
2025-11-27T09:11:46.558962+00:00,train,2,4549,self,0.0509499999999937,0,95,
2025-11-27T09:11:46.559078+00:00,train,2,4550,self,0.0509499999999937,0,98,
2025-11-27T09:11:46.559182+00:00,train,2,4551,self,0.0509499999999937,0,92,
2025-11-27T09:11:46.559300+00:00,train,2,4552,self,0.0509499999999937,0,100,
2025-11-27T09:11:46.559400+00:00,train,2,4553,self,0.0509499999999937,0,98,
2025-11-27T09:11:46.559517+00:00,train,2,4554,self,0.0509499999999937,0,99,
2025-11-27T09:11:46.559618+00:00,train,2,4555,self,0.0509499999999937,0,92,
2025-11-27T09:11:46.559766+00:00,train,2,4556,self,0.0509499999999937,0,100,
2025-11-27T09:11:46.559885+00:00,train,2,4557,self,0.0509499999999937,0,75,
2025-11-27T09:11:46.560017+00:00,train,2,4558,self,0.0509499999999937,0,94,
2025-11-27T09:11:46.560127+00:00,train,2,4559,self,0.0509499999999937,0,82,
2025-11-27T09:11:46.560280+00:00,train,2,4560,self,0.0509499999999937,0,97,
2025-11-27T09:11:46.560398+00:00,train,2,4561,self,0.0509499999999937,0,94,
2025-11-27T09:11:46.560561+00:00,train,2,4562,self,0.0509499999999937,0,96,
2025-11-27T09:11:46.560671+00:00,train,2,4563,self,0.0509499999999937,0,85,
2025-11-27T09:11:46.560775+00:00,train,2,4564,self,0.0509499999999937,0,100,
2025-11-27T09:11:46.560927+00:00,train,2,4565,self,0.0509499999999937,0,91,
2025-11-27T09:11:46.561044+00:00,train,2,4566,self,0.0509499999999937,0,100,
2025-11-27T09:11:46.561172+00:00,train,2,4567,self,0.0509499999999937,0,91,
2025-11-27T09:11:46.561279+00:00,train,2,4568,self,0.0509499999999937,0,100,
2025-11-27T09:11:46.561386+00:00,train,2,4569,self,0.0509499999999937,0,91,
2025-11-27T09:11:46.561492+00:00,train,2,4570,self,0.0509499999999937,0,100,
2025-11-27T09:11:46.561594+00:00,train,2,4571,self,0.0509499999999937,0,92,
2025-11-27T09:11:46.561700+00:00,train,2,4572,self,0.0509499999999937,0,97,
2025-11-27T09:11:46.561801+00:00,train,2,4573,self,0.0509499999999937,0,94,
2025-11-27T09:11:46.561902+00:00,train,2,4574,self,0.0509499999999937,0,95,
2025-11-27T09:11:46.562001+00:00,train,2,4575,self,0.0509499999999937,0,97,
2025-11-27T09:11:46.562101+00:00,train,2,4576,self,0.0509499999999937,0,99,
2025-11-27T09:11:46.562200+00:00,train,2,4577,self,0.0509499999999937,0,95,
2025-11-27T09:11:46.562300+00:00,train,2,4578,self,0.0509499999999937,0,95,
2025-11-27T09:11:46.562403+00:00,train,2,4579,self,0.0509499999999937,0,97,
2025-11-27T09:11:46.562503+00:00,train,2,4580,self,0.0509499999999937,0,98,
2025-11-27T09:11:46.562603+00:00,train,2,4581,self,0.0509499999999937,0,92,
2025-11-27T09:11:46.562710+00:00,train,2,4582,self,0.0509499999999937,0,93,
2025-11-27T09:11:46.562810+00:00,train,2,4583,self,0.0509499999999937,0,99,
2025-11-27T09:11:46.562909+00:00,train,2,4584,self,0.0509499999999937,0,99,
2025-11-27T09:11:46.563008+00:00,train,2,4585,self,0.0509499999999937,0,91,
2025-11-27T09:11:46.563112+00:00,train,2,4586,self,0.0509499999999937,0,95,
2025-11-27T09:11:46.563214+00:00,train,2,4587,self,0.0509499999999937,0,96,
2025-11-27T09:11:46.563317+00:00,train,2,4588,self,0.0509499999999937,0,100,
2025-11-27T09:11:46.563421+00:00,train,2,4589,self,0.0509499999999937,0,97,
2025-11-27T09:11:46.563523+00:00,train,2,4590,self,0.0509499999999937,0,99,
2025-11-27T09:11:46.563626+00:00,train,2,4591,self,0.0509499999999937,0,85,
2025-11-27T09:11:46.563729+00:00,train,2,4592,self,0.0509499999999937,0,94,
2025-11-27T09:11:46.563832+00:00,train,2,4593,self,0.0509499999999937,0,99,
2025-11-27T09:11:46.563931+00:00,train,2,4594,self,0.0509499999999937,0,100,
2025-11-27T09:11:46.564031+00:00,train,2,4595,self,0.0509499999999937,0,94,
2025-11-27T09:11:46.564135+00:00,train,2,4596,self,0.0509499999999937,0,95,
2025-11-27T09:11:46.564236+00:00,train,2,4597,self,0.0509499999999937,0,86,
2025-11-27T09:11:46.564341+00:00,train,2,4598,self,0.0509499999999937,0,99,
2025-11-27T09:11:46.564442+00:00,train,2,4599,self,0.0509499999999937,0,85,
2025-11-27T09:11:46.564541+00:00,train,2,4600,self,0.0509499999999937,0,94,
2025-11-27T09:11:46.564646+00:00,train,2,4601,self,0.0509499999999937,0,96,
2025-11-27T09:11:46.564746+00:00,train,2,4602,self,0.0509499999999937,0,99,
2025-11-27T09:11:46.564846+00:00,train,2,4603,self,0.0509499999999937,0,96,
2025-11-27T09:11:46.564948+00:00,train,2,4604,self,0.0509499999999937,0,100,
2025-11-27T09:11:46.565049+00:00,train,2,4605,self,0.0509499999999937,0,98,
2025-11-27T09:11:46.565148+00:00,train,2,4606,self,0.0509499999999937,0,98,
2025-11-27T09:11:46.565247+00:00,train,2,4607,self,0.0509499999999937,0,95,
2025-11-27T09:11:46.565347+00:00,train,2,4608,self,0.0509499999999937,0,99,
2025-11-27T09:11:46.565446+00:00,train,2,4609,self,0.0509499999999937,0,93,
2025-11-27T09:11:46.565574+00:00,train,2,4610,self,0.0509499999999937,0,99,
2025-11-27T09:11:46.565687+00:00,train,2,4611,self,0.0509499999999937,0,85,
2025-11-27T09:11:46.566171+00:00,train,2,4612,self,0.0509499999999937,0,99,
2025-11-27T09:11:46.566571+00:00,train,2,4613,self,0.0509499999999937,0,91,
2025-11-27T09:11:46.566692+00:00,train,2,4614,self,0.0509499999999937,0,95,
2025-11-27T09:11:46.566910+00:00,train,2,4615,self,0.0509499999999937,0,87,
2025-11-27T09:11:46.567024+00:00,train,2,4616,self,0.0509499999999937,0,100,
2025-11-27T09:11:46.567136+00:00,train,2,4617,self,0.0509499999999937,0,100,
2025-11-27T09:11:46.567244+00:00,train,2,4618,self,0.0509499999999937,0,100,
2025-11-27T09:11:46.567357+00:00,train,2,4619,self,0.0509499999999937,0,80,
2025-11-27T09:11:46.567465+00:00,train,2,4620,self,0.0509499999999937,0,100,
2025-11-27T09:11:46.567579+00:00,train,2,4621,self,0.0509499999999937,0,91,
2025-11-27T09:11:46.567686+00:00,train,2,4622,self,0.0509499999999937,0,93,
2025-11-27T09:11:46.567795+00:00,train,2,4623,self,0.0509499999999937,0,98,
2025-11-27T09:11:46.567958+00:00,train,2,4624,self,0.0509499999999937,0,100,
2025-11-27T09:11:46.568111+00:00,train,2,4625,self,0.0509499999999937,0,98,
2025-11-27T09:11:46.568234+00:00,train,2,4626,self,0.0509499999999937,0,99,
2025-11-27T09:11:46.568342+00:00,train,2,4627,self,0.0509499999999937,0,87,
2025-11-27T09:11:46.568507+00:00,train,2,4628,self,0.0509499999999937,0,100,
2025-11-27T09:11:46.568637+00:00,train,2,4629,self,0.0509499999999937,0,97,
2025-11-27T09:11:46.568753+00:00,train,2,4630,self,0.0509499999999937,0,98,
2025-11-27T09:11:46.568865+00:00,train,2,4631,self,0.0509499999999937,0,91,
2025-11-27T09:11:46.568971+00:00,train,2,4632,self,0.0509499999999937,0,95,
2025-11-27T09:11:46.569085+00:00,train,2,4633,self,0.0509499999999937,0,92,
2025-11-27T09:11:46.569193+00:00,train,2,4634,self,0.0509499999999937,0,100,
2025-11-27T09:11:46.569303+00:00,train,2,4635,self,0.0509499999999937,0,96,
2025-11-27T09:11:46.569407+00:00,train,2,4636,self,0.0509499999999937,0,97,
2025-11-27T09:11:46.569517+00:00,train,2,4637,self,0.0509499999999937,0,87,
2025-11-27T09:11:46.569620+00:00,train,2,4638,self,0.0509499999999937,0,100,
2025-11-27T09:11:46.569729+00:00,train,2,4639,self,0.0509499999999937,0,100,
2025-11-27T09:11:46.569832+00:00,train,2,4640,self,0.0509499999999937,0,100,
2025-11-27T09:11:46.569940+00:00,train,2,4641,self,0.0509499999999937,0,98,
2025-11-27T09:11:46.570046+00:00,train,2,4642,self,0.0509499999999937,0,99,
2025-11-27T09:11:46.570155+00:00,train,2,4643,self,0.0509499999999937,0,76,
2025-11-27T09:11:46.570261+00:00,train,2,4644,self,0.0509499999999937,0,100,
2025-11-27T09:11:46.570364+00:00,train,2,4645,self,0.0509499999999937,0,100,
2025-11-27T09:11:46.570490+00:00,train,2,4646,self,0.0509499999999937,0,100,
2025-11-27T09:11:46.570594+00:00,train,2,4647,self,0.0509499999999937,0,90,
2025-11-27T09:11:46.570702+00:00,train,2,4648,self,0.0509499999999937,0,99,
2025-11-27T09:11:46.570814+00:00,train,2,4649,self,0.0509499999999937,0,99,
2025-11-27T09:11:46.570919+00:00,train,2,4650,self,0.0509499999999937,0,100,
2025-11-27T09:11:46.571073+00:00,train,2,4651,self,0.0509499999999937,0,98,
2025-11-27T09:11:46.571182+00:00,train,2,4652,self,0.0509499999999937,0,100,
2025-11-27T09:11:46.571285+00:00,train,2,4653,self,0.0509499999999937,0,97,
2025-11-27T09:11:46.571399+00:00,train,2,4654,self,0.0509499999999937,0,100,
2025-11-27T09:11:46.571503+00:00,train,2,4655,self,0.0509499999999937,0,100,
2025-11-27T09:11:46.571616+00:00,train,2,4656,self,0.0509499999999937,0,100,
2025-11-27T09:11:46.571727+00:00,train,2,4657,self,0.0509499999999937,0,88,
2025-11-27T09:11:46.571831+00:00,train,2,4658,self,0.0509499999999937,0,96,
2025-11-27T09:11:46.571940+00:00,train,2,4659,self,0.0509499999999937,0,88,
2025-11-27T09:11:46.572043+00:00,train,2,4660,self,0.0509499999999937,0,91,
2025-11-27T09:11:46.572153+00:00,train,2,4661,self,0.0509499999999937,0,97,
2025-11-27T09:11:46.572256+00:00,train,2,4662,self,0.0509499999999937,0,99,
2025-11-27T09:11:46.572365+00:00,train,2,4663,self,0.0509499999999937,0,98,
2025-11-27T09:11:46.572467+00:00,train,2,4664,self,0.0509499999999937,0,99,
2025-11-27T09:11:46.572576+00:00,train,2,4665,self,0.0509499999999937,0,94,
2025-11-27T09:11:46.572679+00:00,train,2,4666,self,0.0509499999999937,0,99,
2025-11-27T09:11:46.572788+00:00,train,2,4667,self,0.0509499999999937,0,96,
2025-11-27T09:11:46.572891+00:00,train,2,4668,self,0.0509499999999937,0,96,
2025-11-27T09:11:46.572999+00:00,train,2,4669,self,0.0509499999999937,0,92,
2025-11-27T09:11:46.573105+00:00,train,2,4670,self,0.0509499999999937,0,100,
2025-11-27T09:11:46.573208+00:00,train,2,4671,self,0.0509499999999937,0,98,
2025-11-27T09:11:46.573317+00:00,train,2,4672,self,0.0509499999999937,0,100,
2025-11-27T09:11:46.573419+00:00,train,2,4673,self,0.0509499999999937,0,100,
2025-11-27T09:11:46.573528+00:00,train,2,4674,self,0.0509499999999937,0,100,
2025-11-27T09:11:46.573631+00:00,train,2,4675,self,0.0509499999999937,0,95,
2025-11-27T09:11:46.573740+00:00,train,2,4676,self,0.0509499999999937,0,98,
2025-11-27T09:11:46.573842+00:00,train,2,4677,self,0.0509499999999937,0,99,
2025-11-27T09:11:46.573951+00:00,train,2,4678,self,0.0509499999999937,0,100,
2025-11-27T09:11:46.574054+00:00,train,2,4679,self,0.0509499999999937,0,94,
2025-11-27T09:11:46.574162+00:00,train,2,4680,self,0.0509499999999937,0,97,
2025-11-27T09:11:46.574269+00:00,train,2,4681,self,0.0509499999999937,0,94,
2025-11-27T09:11:46.574371+00:00,train,2,4682,self,0.0509499999999937,0,100,
2025-11-27T09:11:46.574482+00:00,train,2,4683,self,0.0509499999999937,0,95,
2025-11-27T09:11:46.574585+00:00,train,2,4684,self,0.0509499999999937,0,100,
2025-11-27T09:11:46.574732+00:00,train,2,4685,self,0.0509499999999937,0,93,
2025-11-27T09:11:46.574850+00:00,train,2,4686,self,0.0509499999999937,0,99,
2025-11-27T09:11:46.575018+00:00,train,2,4687,self,0.0509499999999937,0,96,
2025-11-27T09:11:46.575126+00:00,train,2,4688,self,0.0509499999999937,0,96,
2025-11-27T09:11:46.575231+00:00,train,2,4689,self,0.0509499999999937,0,85,
2025-11-27T09:11:46.575368+00:00,train,2,4690,self,0.0509499999999937,0,100,
2025-11-27T09:11:46.575472+00:00,train,2,4691,self,0.0509499999999937,0,91,
2025-11-27T09:11:46.575607+00:00,train,2,4692,self,0.0509499999999937,0,98,
2025-11-27T09:11:46.575709+00:00,train,2,4693,self,0.0509499999999937,0,77,
2025-11-27T09:11:46.575843+00:00,train,2,4694,self,0.0509499999999937,0,100,
2025-11-27T09:11:46.575948+00:00,train,2,4695,self,0.0509499999999937,0,92,
2025-11-27T09:11:46.576082+00:00,train,2,4696,self,0.0509499999999937,0,94,
2025-11-27T09:11:46.576184+00:00,train,2,4697,self,0.0509499999999937,0,93,
2025-11-27T09:11:46.576302+00:00,train,2,4698,self,0.0509499999999937,0,94,
2025-11-27T09:11:46.576404+00:00,train,2,4699,self,0.0509499999999937,0,96,
2025-11-27T09:11:46.576505+00:00,train,2,4700,self,0.0509499999999937,0,99,
2025-11-27T09:21:45.592945+00:00,baseline_eval,2,4701,baseline,0.05,1,97,98
2025-11-27T09:21:45.593233+00:00,baseline_eval,2,4702,baseline,0.05,1,96,97
2025-11-27T09:21:45.593646+00:00,baseline_eval,2,4703,baseline,0.05,1,98,99
2025-11-27T09:21:45.593824+00:00,baseline_eval,2,4704,baseline,0.05,1,99,100
2025-11-27T09:21:45.593991+00:00,baseline_eval,2,4705,baseline,0.05,1,98,99
2025-11-27T09:21:45.594147+00:00,baseline_eval,2,4706,baseline,0.05,1,97,98
2025-11-27T09:21:45.594297+00:00,baseline_eval,2,4707,baseline,0.05,1,98,99
2025-11-27T09:21:45.594445+00:00,baseline_eval,2,4708,baseline,0.05,1,98,99
2025-11-27T09:21:45.594603+00:00,baseline_eval,2,4709,baseline,0.05,1,97,98
2025-11-27T09:21:45.594769+00:00,baseline_eval,2,4710,baseline,0.05,1,99,100
2025-11-27T09:21:45.594914+00:00,baseline_eval,2,4711,baseline,0.05,1,90,91
2025-11-27T09:21:45.595065+00:00,baseline_eval,2,4712,baseline,0.05,1,96,97
2025-11-27T09:21:45.595207+00:00,baseline_eval,2,4713,baseline,0.05,1,98,99
2025-11-27T09:21:45.595346+00:00,baseline_eval,2,4714,baseline,0.05,1,99,100
2025-11-27T09:21:45.595512+00:00,baseline_eval,2,4715,baseline,0.05,1,95,96
2025-11-27T09:21:45.595668+00:00,baseline_eval,2,4716,baseline,0.05,1,93,94
2025-11-27T09:21:45.595804+00:00,baseline_eval,2,4717,baseline,0.05,1,99,100
2025-11-27T09:21:45.595940+00:00,baseline_eval,2,4718,baseline,0.05,1,97,98
2025-11-27T09:21:45.596075+00:00,baseline_eval,2,4719,baseline,0.05,1,93,94
2025-11-27T09:21:45.596222+00:00,baseline_eval,2,4720,baseline,0.05,1,97,98
2025-11-27T09:21:45.596358+00:00,baseline_eval,2,4721,baseline,0.05,1,88,89
2025-11-27T09:21:45.596492+00:00,baseline_eval,2,4722,baseline,0.05,1,93,94
2025-11-27T09:21:45.596640+00:00,baseline_eval,2,4723,baseline,0.05,1,96,97
2025-11-27T09:21:45.596774+00:00,baseline_eval,2,4724,baseline,0.05,1,95,96
2025-11-27T09:21:45.596904+00:00,baseline_eval,2,4725,baseline,0.05,1,94,95
2025-11-27T09:21:45.597044+00:00,baseline_eval,2,4726,baseline,0.05,1,85,86
2025-11-27T09:21:45.597175+00:00,baseline_eval,2,4727,baseline,0.05,1,92,93
2025-11-27T09:21:45.597306+00:00,baseline_eval,2,4728,baseline,0.05,1,96,97
2025-11-27T09:21:45.597437+00:00,baseline_eval,2,4729,baseline,0.05,1,97,98
2025-11-27T09:21:45.597569+00:00,baseline_eval,2,4730,baseline,0.05,1,90,91
2025-11-27T09:21:45.597711+00:00,baseline_eval,2,4731,baseline,0.05,1,96,97
2025-11-27T09:21:45.597838+00:00,baseline_eval,2,4732,baseline,0.05,1,99,100
2025-11-27T09:21:45.597965+00:00,baseline_eval,2,4733,baseline,0.05,1,99,100
2025-11-27T09:21:45.598093+00:00,baseline_eval,2,4734,baseline,0.05,1,99,100
2025-11-27T09:21:45.598227+00:00,baseline_eval,2,4735,baseline,0.05,1,83,84
2025-11-27T09:21:45.598354+00:00,baseline_eval,2,4736,baseline,0.05,1,99,100
2025-11-27T09:21:45.598481+00:00,baseline_eval,2,4737,baseline,0.05,1,99,100
2025-11-27T09:21:45.598621+00:00,baseline_eval,2,4738,baseline,0.05,1,92,93
2025-11-27T09:21:45.598749+00:00,baseline_eval,2,4739,baseline,0.05,1,91,92
2025-11-27T09:21:45.598872+00:00,baseline_eval,2,4740,baseline,0.05,1,98,99
2025-11-27T09:21:45.598996+00:00,baseline_eval,2,4741,baseline,0.05,1,81,82
2025-11-27T09:21:45.599119+00:00,baseline_eval,2,4742,baseline,0.05,1,96,97
2025-11-27T09:21:45.599246+00:00,baseline_eval,2,4743,baseline,0.05,1,97,98
2025-11-27T09:21:45.599374+00:00,baseline_eval,2,4744,baseline,0.05,1,97,98
2025-11-27T09:21:45.599504+00:00,baseline_eval,2,4745,baseline,0.05,1,91,92
2025-11-27T09:21:45.599737+00:00,baseline_eval,2,4746,baseline,0.05,1,87,88
2025-11-27T09:21:45.599952+00:00,baseline_eval,2,4747,baseline,0.05,1,92,93
2025-11-27T09:21:45.600219+00:00,baseline_eval,2,4748,baseline,0.05,1,92,93
2025-11-27T09:21:45.600390+00:00,baseline_eval,2,4749,baseline,0.05,1,98,99
2025-11-27T09:21:45.600540+00:00,baseline_eval,2,4750,baseline,0.05,1,93,94
2025-11-27T09:21:45.600681+00:00,baseline_eval,2,4751,baseline,0.05,1,95,96
2025-11-27T09:21:45.600800+00:00,baseline_eval,2,4752,baseline,0.05,1,92,93
2025-11-27T09:21:45.600919+00:00,baseline_eval,2,4753,baseline,0.05,1,93,94
2025-11-27T09:21:45.601036+00:00,baseline_eval,2,4754,baseline,0.05,1,92,93
2025-11-27T09:21:45.601150+00:00,baseline_eval,2,4755,baseline,0.05,1,99,100
2025-11-27T09:21:45.601291+00:00,baseline_eval,2,4756,baseline,0.05,1,97,98
2025-11-27T09:21:45.601411+00:00,baseline_eval,2,4757,baseline,0.05,1,99,100
2025-11-27T09:21:45.601559+00:00,baseline_eval,2,4758,baseline,0.05,1,99,100
2025-11-27T09:21:45.601693+00:00,baseline_eval,2,4759,baseline,0.05,1,97,98
2025-11-27T09:21:45.601816+00:00,baseline_eval,2,4760,baseline,0.05,1,88,89
2025-11-27T09:21:45.601926+00:00,baseline_eval,2,4761,baseline,0.05,1,99,100
2025-11-27T09:21:45.602041+00:00,baseline_eval,2,4762,baseline,0.05,1,98,99
2025-11-27T09:21:45.602153+00:00,baseline_eval,2,4763,baseline,0.05,1,98,99
2025-11-27T09:21:45.602334+00:00,baseline_eval,2,4764,baseline,0.05,1,84,85
2025-11-27T09:21:45.602475+00:00,baseline_eval,2,4765,baseline,0.05,1,96,97
2025-11-27T09:21:45.602611+00:00,baseline_eval,2,4766,baseline,0.05,1,94,95
2025-11-27T09:21:45.602745+00:00,baseline_eval,2,4767,baseline,0.05,1,94,95
2025-11-27T09:21:45.602878+00:00,baseline_eval,2,4768,baseline,0.05,1,87,88
2025-11-27T09:21:45.602993+00:00,baseline_eval,2,4769,baseline,0.05,1,99,100
2025-11-27T09:21:45.603121+00:00,baseline_eval,2,4770,baseline,0.05,1,92,93
2025-11-27T09:21:45.603239+00:00,baseline_eval,2,4771,baseline,0.05,1,97,98
2025-11-27T09:21:45.603366+00:00,baseline_eval,2,4772,baseline,0.05,1,91,92
2025-11-27T09:21:45.603483+00:00,baseline_eval,2,4773,baseline,0.05,1,98,99
2025-11-27T09:21:45.603596+00:00,baseline_eval,2,4774,baseline,0.05,1,93,94
2025-11-27T09:21:45.603745+00:00,baseline_eval,2,4775,baseline,0.05,1,98,99
2025-11-27T09:21:45.603866+00:00,baseline_eval,2,4776,baseline,0.05,1,98,99
2025-11-27T09:21:45.603989+00:00,baseline_eval,2,4777,baseline,0.05,1,97,98
2025-11-27T09:21:45.604121+00:00,baseline_eval,2,4778,baseline,0.05,1,98,99
2025-11-27T09:21:45.604234+00:00,baseline_eval,2,4779,baseline,0.05,1,96,97
2025-11-27T09:21:45.604367+00:00,baseline_eval,2,4780,baseline,0.05,1,99,100
2025-11-27T09:21:45.604485+00:00,baseline_eval,2,4781,baseline,0.05,1,97,98
2025-11-27T09:21:45.604604+00:00,baseline_eval,2,4782,baseline,0.05,1,99,100
2025-11-27T09:21:45.604723+00:00,baseline_eval,2,4783,baseline,0.05,1,98,99
2025-11-27T09:21:45.604886+00:00,baseline_eval,2,4784,baseline,0.05,1,97,98
2025-11-27T09:21:45.605044+00:00,baseline_eval,2,4785,baseline,0.05,1,95,96
2025-11-27T09:21:45.605198+00:00,baseline_eval,2,4786,baseline,0.05,1,95,96
2025-11-27T09:21:45.605321+00:00,baseline_eval,2,4787,baseline,0.05,1,96,97
2025-11-27T09:21:45.605427+00:00,baseline_eval,2,4788,baseline,0.05,1,85,86
2025-11-27T09:21:45.605591+00:00,baseline_eval,2,4789,baseline,0.05,1,94,95
2025-11-27T09:21:45.605714+00:00,baseline_eval,2,4790,baseline,0.05,1,98,99
2025-11-27T09:21:45.605826+00:00,baseline_eval,2,4791,baseline,0.05,1,98,99
2025-11-27T09:21:45.606055+00:00,baseline_eval,2,4792,baseline,0.05,1,97,98
2025-11-27T09:21:45.606246+00:00,baseline_eval,2,4793,baseline,0.05,1,97,98
2025-11-27T09:21:45.606459+00:00,baseline_eval,2,4794,baseline,0.05,1,91,92
2025-11-27T09:21:45.606651+00:00,baseline_eval,2,4795,baseline,0.05,1,86,87
2025-11-27T09:21:45.606837+00:00,baseline_eval,2,4796,baseline,0.05,1,99,100
2025-11-27T09:21:45.607001+00:00,baseline_eval,2,4797,baseline,0.05,1,94,95
2025-11-27T09:21:45.607135+00:00,baseline_eval,2,4798,baseline,0.05,1,99,100
2025-11-27T09:21:45.607259+00:00,baseline_eval,2,4799,baseline,0.05,1,93,94
2025-11-27T09:21:45.607393+00:00,baseline_eval,2,4800,baseline,0.05,1,94,95
2025-11-27T09:24:04.707134+00:00,selfplay_eval,2,4801,selfplay_eval,0.05,0,99,99
2025-11-27T09:24:04.707362+00:00,selfplay_eval,2,4802,selfplay_eval,0.05,0,99,99
2025-11-27T09:24:04.707761+00:00,selfplay_eval,2,4803,selfplay_eval,0.05,0,94,94
2025-11-27T09:24:04.707900+00:00,selfplay_eval,2,4804,selfplay_eval,0.05,1,98,99
2025-11-27T09:24:04.708040+00:00,selfplay_eval,2,4805,selfplay_eval,0.05,1,96,97
2025-11-27T09:24:04.708165+00:00,selfplay_eval,2,4806,selfplay_eval,0.05,0,91,91
2025-11-27T09:24:04.708338+00:00,selfplay_eval,2,4807,selfplay_eval,0.05,0,99,99
2025-11-27T09:24:04.708472+00:00,selfplay_eval,2,4808,selfplay_eval,0.05,1,98,99
2025-11-27T09:24:04.708593+00:00,selfplay_eval,2,4809,selfplay_eval,0.05,1,92,93
2025-11-27T09:24:04.708711+00:00,selfplay_eval,2,4810,selfplay_eval,0.05,1,98,99
2025-11-27T09:24:04.708831+00:00,selfplay_eval,2,4811,selfplay_eval,0.05,1,96,97
2025-11-27T09:24:04.708944+00:00,selfplay_eval,2,4812,selfplay_eval,0.05,0,87,87
2025-11-27T09:24:04.709123+00:00,selfplay_eval,2,4813,selfplay_eval,0.05,1,98,99
2025-11-27T09:24:04.709260+00:00,selfplay_eval,2,4814,selfplay_eval,0.05,1,92,93
2025-11-27T09:24:04.709421+00:00,selfplay_eval,2,4815,selfplay_eval,0.05,1,88,89
2025-11-27T09:24:04.709553+00:00,selfplay_eval,2,4816,selfplay_eval,0.05,1,76,77
2025-11-27T09:24:04.709678+00:00,selfplay_eval,2,4817,selfplay_eval,0.05,0,83,83
2025-11-27T09:24:04.709805+00:00,selfplay_eval,2,4818,selfplay_eval,0.05,1,78,79
2025-11-27T09:24:04.709927+00:00,selfplay_eval,2,4819,selfplay_eval,0.05,1,95,96
2025-11-27T09:24:04.710051+00:00,selfplay_eval,2,4820,selfplay_eval,0.05,0,92,92
2025-11-27T09:24:04.710171+00:00,selfplay_eval,2,4821,selfplay_eval,0.05,1,91,92
2025-11-27T09:24:04.710290+00:00,selfplay_eval,2,4822,selfplay_eval,0.05,1,95,96
2025-11-27T09:24:04.710406+00:00,selfplay_eval,2,4823,selfplay_eval,0.05,0,94,94
2025-11-27T09:24:04.710546+00:00,selfplay_eval,2,4824,selfplay_eval,0.05,1,85,86
2025-11-27T09:24:04.710665+00:00,selfplay_eval,2,4825,selfplay_eval,0.05,0,88,88
2025-11-27T09:24:04.710840+00:00,selfplay_eval,2,4826,selfplay_eval,0.05,1,93,94
2025-11-27T09:24:04.710977+00:00,selfplay_eval,2,4827,selfplay_eval,0.05,1,93,94
2025-11-27T09:24:04.711138+00:00,selfplay_eval,2,4828,selfplay_eval,0.05,0,97,97
2025-11-27T09:24:04.711268+00:00,selfplay_eval,2,4829,selfplay_eval,0.05,1,90,91
2025-11-27T09:24:04.711433+00:00,selfplay_eval,2,4830,selfplay_eval,0.05,0,92,92
2025-11-27T09:24:04.711571+00:00,selfplay_eval,2,4831,selfplay_eval,0.05,1,94,95
2025-11-27T09:24:04.711699+00:00,selfplay_eval,2,4832,selfplay_eval,0.05,1,99,100
2025-11-27T09:24:04.711834+00:00,selfplay_eval,2,4833,selfplay_eval,0.05,0,79,79
2025-11-27T09:24:04.712009+00:00,selfplay_eval,2,4834,selfplay_eval,0.05,1,96,97
2025-11-27T09:24:04.712150+00:00,selfplay_eval,2,4835,selfplay_eval,0.05,0,97,97
2025-11-27T09:24:04.712274+00:00,selfplay_eval,2,4836,selfplay_eval,0.05,1,90,91
2025-11-27T09:24:04.712393+00:00,selfplay_eval,2,4837,selfplay_eval,0.05,1,93,94
2025-11-27T09:24:04.712510+00:00,selfplay_eval,2,4838,selfplay_eval,0.05,0,90,90
2025-11-27T09:24:04.712625+00:00,selfplay_eval,2,4839,selfplay_eval,0.05,1,96,97
2025-11-27T09:24:04.712835+00:00,selfplay_eval,2,4840,selfplay_eval,0.05,1,99,100
2025-11-27T09:24:04.713074+00:00,selfplay_eval,2,4841,selfplay_eval,0.05,1,99,100
2025-11-27T09:24:04.713249+00:00,selfplay_eval,2,4842,selfplay_eval,0.05,1,93,94
2025-11-27T09:24:04.713383+00:00,selfplay_eval,2,4843,selfplay_eval,0.05,1,90,91
2025-11-27T09:24:04.713505+00:00,selfplay_eval,2,4844,selfplay_eval,0.05,1,87,88
2025-11-27T09:24:04.713677+00:00,selfplay_eval,2,4845,selfplay_eval,0.05,0,89,89
2025-11-27T09:24:04.713815+00:00,selfplay_eval,2,4846,selfplay_eval,0.05,0,96,96
2025-11-27T09:24:04.713944+00:00,selfplay_eval,2,4847,selfplay_eval,0.05,1,88,89
2025-11-27T09:24:04.714067+00:00,selfplay_eval,2,4848,selfplay_eval,0.05,0,96,96
2025-11-27T09:24:04.714235+00:00,selfplay_eval,2,4849,selfplay_eval,0.05,0,95,95
2025-11-27T09:24:04.714368+00:00,selfplay_eval,2,4850,selfplay_eval,0.05,1,83,84
2025-11-27T09:24:04.714545+00:00,selfplay_eval,2,4851,selfplay_eval,0.05,0,90,90
2025-11-27T09:24:04.714684+00:00,selfplay_eval,2,4852,selfplay_eval,0.05,0,89,89
2025-11-27T09:24:04.714814+00:00,selfplay_eval,2,4853,selfplay_eval,0.05,0,92,92
2025-11-27T09:24:04.714938+00:00,selfplay_eval,2,4854,selfplay_eval,0.05,1,99,100
2025-11-27T09:24:04.715107+00:00,selfplay_eval,2,4855,selfplay_eval,0.05,1,95,96
2025-11-27T09:24:04.715239+00:00,selfplay_eval,2,4856,selfplay_eval,0.05,1,95,96
2025-11-27T09:24:04.715424+00:00,selfplay_eval,2,4857,selfplay_eval,0.05,1,98,99
2025-11-27T09:24:04.715567+00:00,selfplay_eval,2,4858,selfplay_eval,0.05,0,85,85
2025-11-27T09:24:04.715697+00:00,selfplay_eval,2,4859,selfplay_eval,0.05,0,97,97
2025-11-27T09:24:04.715866+00:00,selfplay_eval,2,4860,selfplay_eval,0.05,0,98,98
2025-11-27T09:24:04.715998+00:00,selfplay_eval,2,4861,selfplay_eval,0.05,1,97,98
2025-11-27T09:24:04.716174+00:00,selfplay_eval,2,4862,selfplay_eval,0.05,0,97,97
2025-11-27T09:24:04.716312+00:00,selfplay_eval,2,4863,selfplay_eval,0.05,0,85,85
2025-11-27T09:24:04.716474+00:00,selfplay_eval,2,4864,selfplay_eval,0.05,1,89,90
2025-11-27T09:24:04.716608+00:00,selfplay_eval,2,4865,selfplay_eval,0.05,0,90,90
2025-11-27T09:24:04.716730+00:00,selfplay_eval,2,4866,selfplay_eval,0.05,0,86,86
2025-11-27T09:24:04.716910+00:00,selfplay_eval,2,4867,selfplay_eval,0.05,0,93,93
2025-11-27T09:24:04.717049+00:00,selfplay_eval,2,4868,selfplay_eval,0.05,0,95,95
2025-11-27T09:24:04.717178+00:00,selfplay_eval,2,4869,selfplay_eval,0.05,1,99,100
2025-11-27T09:24:04.717302+00:00,selfplay_eval,2,4870,selfplay_eval,0.05,0,95,95
2025-11-27T09:24:04.717424+00:00,selfplay_eval,2,4871,selfplay_eval,0.05,0,94,94
2025-11-27T09:24:04.717545+00:00,selfplay_eval,2,4872,selfplay_eval,0.05,1,81,82
2025-11-27T09:24:04.717663+00:00,selfplay_eval,2,4873,selfplay_eval,0.05,0,97,97
2025-11-27T09:24:04.717782+00:00,selfplay_eval,2,4874,selfplay_eval,0.05,1,95,96
2025-11-27T09:24:04.717945+00:00,selfplay_eval,2,4875,selfplay_eval,0.05,1,92,93
2025-11-27T09:24:04.718078+00:00,selfplay_eval,2,4876,selfplay_eval,0.05,1,99,100
2025-11-27T09:24:04.718201+00:00,selfplay_eval,2,4877,selfplay_eval,0.05,0,94,94
2025-11-27T09:24:04.718430+00:00,selfplay_eval,2,4878,selfplay_eval,0.05,0,87,87
2025-11-27T09:24:04.718579+00:00,selfplay_eval,2,4879,selfplay_eval,0.05,1,88,89
2025-11-27T09:24:04.718704+00:00,selfplay_eval,2,4880,selfplay_eval,0.05,1,95,96
2025-11-27T09:24:04.718825+00:00,selfplay_eval,2,4881,selfplay_eval,0.05,1,96,97
2025-11-27T09:24:04.719007+00:00,selfplay_eval,2,4882,selfplay_eval,0.05,1,91,92
2025-11-27T09:24:04.719156+00:00,selfplay_eval,2,4883,selfplay_eval,0.05,1,87,88
2025-11-27T09:24:04.719300+00:00,selfplay_eval,2,4884,selfplay_eval,0.05,0,96,96
2025-11-27T09:24:04.719432+00:00,selfplay_eval,2,4885,selfplay_eval,0.05,0,96,96
2025-11-27T09:24:04.719565+00:00,selfplay_eval,2,4886,selfplay_eval,0.05,0,96,96
2025-11-27T09:24:04.719710+00:00,selfplay_eval,2,4887,selfplay_eval,0.05,1,93,94
2025-11-27T09:24:04.719839+00:00,selfplay_eval,2,4888,selfplay_eval,0.05,0,96,96
2025-11-27T09:24:04.720009+00:00,selfplay_eval,2,4889,selfplay_eval,0.05,0,92,92
2025-11-27T09:24:04.720146+00:00,selfplay_eval,2,4890,selfplay_eval,0.05,1,90,91
2025-11-27T09:24:04.720314+00:00,selfplay_eval,2,4891,selfplay_eval,0.05,0,93,93
2025-11-27T09:24:04.720455+00:00,selfplay_eval,2,4892,selfplay_eval,0.05,1,96,97
2025-11-27T09:24:04.720586+00:00,selfplay_eval,2,4893,selfplay_eval,0.05,1,93,94
2025-11-27T09:24:04.720713+00:00,selfplay_eval,2,4894,selfplay_eval,0.05,0,84,84
2025-11-27T09:24:04.720843+00:00,selfplay_eval,2,4895,selfplay_eval,0.05,1,94,95
2025-11-27T09:24:04.720967+00:00,selfplay_eval,2,4896,selfplay_eval,0.05,1,94,95
2025-11-27T09:24:04.721088+00:00,selfplay_eval,2,4897,selfplay_eval,0.05,0,97,97
2025-11-27T09:24:04.721209+00:00,selfplay_eval,2,4898,selfplay_eval,0.05,0,92,92
2025-11-27T09:24:04.721380+00:00,selfplay_eval,2,4899,selfplay_eval,0.05,1,99,100
2025-11-27T09:24:04.721500+00:00,selfplay_eval,2,4900,selfplay_eval,0.05,1,88,89
2025-11-27T09:24:04.721627+00:00,selfplay_eval,2,4901,selfplay_eval,0.05,0,95,95
2025-11-27T09:24:04.721747+00:00,selfplay_eval,2,4902,selfplay_eval,0.05,1,93,94
2025-11-27T09:24:04.721865+00:00,selfplay_eval,2,4903,selfplay_eval,0.05,1,99,100
2025-11-27T09:24:04.721985+00:00,selfplay_eval,2,4904,selfplay_eval,0.05,1,98,99
2025-11-27T09:24:04.722103+00:00,selfplay_eval,2,4905,selfplay_eval,0.05,1,94,95
2025-11-27T09:24:04.722223+00:00,selfplay_eval,2,4906,selfplay_eval,0.05,0,97,97
2025-11-27T09:24:04.722345+00:00,selfplay_eval,2,4907,selfplay_eval,0.05,0,98,98
2025-11-27T09:24:04.722476+00:00,selfplay_eval,2,4908,selfplay_eval,0.05,0,99,99
2025-11-27T09:24:04.722612+00:00,selfplay_eval,2,4909,selfplay_eval,0.05,0,98,98
2025-11-27T09:24:04.722761+00:00,selfplay_eval,2,4910,selfplay_eval,0.05,1,96,97
2025-11-27T09:24:04.722909+00:00,selfplay_eval,2,4911,selfplay_eval,0.05,1,95,96
2025-11-27T09:24:04.723051+00:00,selfplay_eval,2,4912,selfplay_eval,0.05,0,98,98
2025-11-27T09:24:04.723199+00:00,selfplay_eval,2,4913,selfplay_eval,0.05,0,77,77
2025-11-27T09:24:04.723350+00:00,selfplay_eval,2,4914,selfplay_eval,0.05,0,91,91
2025-11-27T09:24:04.723497+00:00,selfplay_eval,2,4915,selfplay_eval,0.05,1,84,85
2025-11-27T09:24:04.723645+00:00,selfplay_eval,2,4916,selfplay_eval,0.05,0,93,93
2025-11-27T09:24:04.723795+00:00,selfplay_eval,2,4917,selfplay_eval,0.05,1,94,95
2025-11-27T09:24:04.723942+00:00,selfplay_eval,2,4918,selfplay_eval,0.05,1,97,98
2025-11-27T09:24:04.724096+00:00,selfplay_eval,2,4919,selfplay_eval,0.05,0,95,95
2025-11-27T09:24:04.724249+00:00,selfplay_eval,2,4920,selfplay_eval,0.05,0,91,91
2025-11-27T09:24:04.724401+00:00,selfplay_eval,2,4921,selfplay_eval,0.05,1,98,99
2025-11-27T09:24:04.724528+00:00,selfplay_eval,2,4922,selfplay_eval,0.05,0,93,93
2025-11-27T09:24:04.724648+00:00,selfplay_eval,2,4923,selfplay_eval,0.05,1,97,98
2025-11-27T09:24:04.724769+00:00,selfplay_eval,2,4924,selfplay_eval,0.05,1,87,88
2025-11-27T09:24:04.724887+00:00,selfplay_eval,2,4925,selfplay_eval,0.05,1,94,95
2025-11-27T09:24:04.725011+00:00,selfplay_eval,2,4926,selfplay_eval,0.05,1,94,95
2025-11-27T09:24:04.725130+00:00,selfplay_eval,2,4927,selfplay_eval,0.05,1,93,94
2025-11-27T09:24:04.725250+00:00,selfplay_eval,2,4928,selfplay_eval,0.05,1,94,95
2025-11-27T09:24:04.725369+00:00,selfplay_eval,2,4929,selfplay_eval,0.05,0,92,92
2025-11-27T09:24:04.725488+00:00,selfplay_eval,2,4930,selfplay_eval,0.05,1,91,92
2025-11-27T09:24:04.725608+00:00,selfplay_eval,2,4931,selfplay_eval,0.05,0,95,95
2025-11-27T09:24:04.725727+00:00,selfplay_eval,2,4932,selfplay_eval,0.05,0,91,91
2025-11-27T09:24:04.725848+00:00,selfplay_eval,2,4933,selfplay_eval,0.05,0,92,92
2025-11-27T09:24:04.725966+00:00,selfplay_eval,2,4934,selfplay_eval,0.05,1,96,97
2025-11-27T09:24:04.726085+00:00,selfplay_eval,2,4935,selfplay_eval,0.05,1,94,95
2025-11-27T09:24:04.726205+00:00,selfplay_eval,2,4936,selfplay_eval,0.05,0,94,94
2025-11-27T09:24:04.726324+00:00,selfplay_eval,2,4937,selfplay_eval,0.05,1,96,97
2025-11-27T09:24:04.726443+00:00,selfplay_eval,2,4938,selfplay_eval,0.05,1,91,92
2025-11-27T09:24:04.726561+00:00,selfplay_eval,2,4939,selfplay_eval,0.05,0,92,92
2025-11-27T09:24:04.726680+00:00,selfplay_eval,2,4940,selfplay_eval,0.05,1,98,99
2025-11-27T09:24:04.726798+00:00,selfplay_eval,2,4941,selfplay_eval,0.05,0,93,93
2025-11-27T09:24:04.726917+00:00,selfplay_eval,2,4942,selfplay_eval,0.05,1,95,96
2025-11-27T09:24:04.727037+00:00,selfplay_eval,2,4943,selfplay_eval,0.05,0,93,93
2025-11-27T09:24:04.727155+00:00,selfplay_eval,2,4944,selfplay_eval,0.05,0,96,96
2025-11-27T09:24:04.727275+00:00,selfplay_eval,2,4945,selfplay_eval,0.05,1,91,92
2025-11-27T09:24:04.727394+00:00,selfplay_eval,2,4946,selfplay_eval,0.05,0,98,98
2025-11-27T09:24:04.727514+00:00,selfplay_eval,2,4947,selfplay_eval,0.05,1,88,89
2025-11-27T09:24:04.727632+00:00,selfplay_eval,2,4948,selfplay_eval,0.05,1,93,94
2025-11-27T09:24:04.727751+00:00,selfplay_eval,2,4949,selfplay_eval,0.05,0,90,90
2025-11-27T09:24:04.727870+00:00,selfplay_eval,2,4950,selfplay_eval,0.05,1,93,94
2025-11-27T09:24:04.727994+00:00,selfplay_eval,2,4951,selfplay_eval,0.05,0,98,98
2025-11-27T09:24:04.728114+00:00,selfplay_eval,2,4952,selfplay_eval,0.05,1,92,93
2025-11-27T09:24:04.728233+00:00,selfplay_eval,2,4953,selfplay_eval,0.05,1,91,92
2025-11-27T09:24:04.728352+00:00,selfplay_eval,2,4954,selfplay_eval,0.05,1,99,100
2025-11-27T09:24:04.728474+00:00,selfplay_eval,2,4955,selfplay_eval,0.05,1,90,91
2025-11-27T09:24:04.728592+00:00,selfplay_eval,2,4956,selfplay_eval,0.05,1,89,90
2025-11-27T09:24:04.728710+00:00,selfplay_eval,2,4957,selfplay_eval,0.05,0,99,99
2025-11-27T09:24:04.728828+00:00,selfplay_eval,2,4958,selfplay_eval,0.05,1,98,99
2025-11-27T09:24:04.729021+00:00,selfplay_eval,2,4959,selfplay_eval,0.05,0,92,92
2025-11-27T09:24:04.729165+00:00,selfplay_eval,2,4960,selfplay_eval,0.05,0,98,98
2025-11-27T09:24:04.729300+00:00,selfplay_eval,2,4961,selfplay_eval,0.05,0,90,90
2025-11-27T09:24:04.729430+00:00,selfplay_eval,2,4962,selfplay_eval,0.05,0,89,89
2025-11-27T09:24:04.729609+00:00,selfplay_eval,2,4963,selfplay_eval,0.05,1,84,85
2025-11-27T09:24:04.729733+00:00,selfplay_eval,2,4964,selfplay_eval,0.05,0,99,99
2025-11-27T09:24:04.729855+00:00,selfplay_eval,2,4965,selfplay_eval,0.05,0,88,88
2025-11-27T09:24:04.730068+00:00,selfplay_eval,2,4966,selfplay_eval,0.05,1,86,87
2025-11-27T09:24:04.730205+00:00,selfplay_eval,2,4967,selfplay_eval,0.05,1,88,89
2025-11-27T09:24:04.730386+00:00,selfplay_eval,2,4968,selfplay_eval,0.05,1,89,90
2025-11-27T09:24:04.730523+00:00,selfplay_eval,2,4969,selfplay_eval,0.05,1,92,93
2025-11-27T09:24:04.730651+00:00,selfplay_eval,2,4970,selfplay_eval,0.05,1,89,90
2025-11-27T09:24:04.730775+00:00,selfplay_eval,2,4971,selfplay_eval,0.05,0,95,95
2025-11-27T09:24:04.730896+00:00,selfplay_eval,2,4972,selfplay_eval,0.05,1,99,100
2025-11-27T09:24:04.731016+00:00,selfplay_eval,2,4973,selfplay_eval,0.05,1,93,94
2025-11-27T09:24:04.731135+00:00,selfplay_eval,2,4974,selfplay_eval,0.05,1,86,87
2025-11-27T09:24:04.731253+00:00,selfplay_eval,2,4975,selfplay_eval,0.05,1,92,93
2025-11-27T09:24:04.731372+00:00,selfplay_eval,2,4976,selfplay_eval,0.05,0,98,98
2025-11-27T09:24:04.731495+00:00,selfplay_eval,2,4977,selfplay_eval,0.05,0,95,95
2025-11-27T09:24:04.731613+00:00,selfplay_eval,2,4978,selfplay_eval,0.05,0,87,87
2025-11-27T09:24:04.731730+00:00,selfplay_eval,2,4979,selfplay_eval,0.05,1,97,98
2025-11-27T09:24:04.731847+00:00,selfplay_eval,2,4980,selfplay_eval,0.05,1,89,90
2025-11-27T09:24:04.731965+00:00,selfplay_eval,2,4981,selfplay_eval,0.05,0,82,82
2025-11-27T09:24:04.732082+00:00,selfplay_eval,2,4982,selfplay_eval,0.05,0,95,95
2025-11-27T09:24:04.732199+00:00,selfplay_eval,2,4983,selfplay_eval,0.05,1,90,91
2025-11-27T09:24:04.732315+00:00,selfplay_eval,2,4984,selfplay_eval,0.05,0,98,98
2025-11-27T09:24:04.732432+00:00,selfplay_eval,2,4985,selfplay_eval,0.05,1,72,73
2025-11-27T09:24:04.732548+00:00,selfplay_eval,2,4986,selfplay_eval,0.05,1,94,95
2025-11-27T09:24:04.732666+00:00,selfplay_eval,2,4987,selfplay_eval,0.05,1,98,99
2025-11-27T09:24:04.732783+00:00,selfplay_eval,2,4988,selfplay_eval,0.05,0,96,96
2025-11-27T09:24:04.732899+00:00,selfplay_eval,2,4989,selfplay_eval,0.05,0,92,92
2025-11-27T09:24:04.733016+00:00,selfplay_eval,2,4990,selfplay_eval,0.05,1,97,98
2025-11-27T09:24:04.733133+00:00,selfplay_eval,2,4991,selfplay_eval,0.05,1,98,99
2025-11-27T09:24:04.733249+00:00,selfplay_eval,2,4992,selfplay_eval,0.05,0,78,78
2025-11-27T09:24:04.733366+00:00,selfplay_eval,2,4993,selfplay_eval,0.05,0,93,93
2025-11-27T09:24:04.733483+00:00,selfplay_eval,2,4994,selfplay_eval,0.05,1,92,93
2025-11-27T09:24:04.733600+00:00,selfplay_eval,2,4995,selfplay_eval,0.05,1,98,99
2025-11-27T09:24:04.733716+00:00,selfplay_eval,2,4996,selfplay_eval,0.05,0,93,93
2025-11-27T09:24:04.733836+00:00,selfplay_eval,2,4997,selfplay_eval,0.05,0,98,98
2025-11-27T09:24:04.733954+00:00,selfplay_eval,2,4998,selfplay_eval,0.05,0,88,88
2025-11-27T09:24:04.734071+00:00,selfplay_eval,2,4999,selfplay_eval,0.05,0,98,98
2025-11-27T09:24:04.734187+00:00,selfplay_eval,2,5000,selfplay_eval,0.05,1,91,92
2025-11-27T09:24:04.734307+00:00,selfplay_eval,2,5001,selfplay_eval,0.05,1,95,96
2025-11-27T09:24:04.734424+00:00,selfplay_eval,2,5002,selfplay_eval,0.05,1,92,93
2025-11-27T09:24:04.734541+00:00,selfplay_eval,2,5003,selfplay_eval,0.05,0,90,90
2025-11-27T09:24:04.734658+00:00,selfplay_eval,2,5004,selfplay_eval,0.05,1,97,98
2025-11-27T09:24:04.734774+00:00,selfplay_eval,2,5005,selfplay_eval,0.05,0,96,96
2025-11-27T09:24:04.734891+00:00,selfplay_eval,2,5006,selfplay_eval,0.05,0,98,98
2025-11-27T09:24:04.735007+00:00,selfplay_eval,2,5007,selfplay_eval,0.05,0,96,96
2025-11-27T09:24:04.735124+00:00,selfplay_eval,2,5008,selfplay_eval,0.05,1,95,96
2025-11-27T09:24:04.735241+00:00,selfplay_eval,2,5009,selfplay_eval,0.05,0,84,84
2025-11-27T09:24:04.735357+00:00,selfplay_eval,2,5010,selfplay_eval,0.05,0,92,92
2025-11-27T09:24:04.735474+00:00,selfplay_eval,2,5011,selfplay_eval,0.05,1,94,95
2025-11-27T09:24:04.735591+00:00,selfplay_eval,2,5012,selfplay_eval,0.05,0,96,96
2025-11-27T09:24:04.735708+00:00,selfplay_eval,2,5013,selfplay_eval,0.05,1,99,100
2025-11-27T09:24:04.735824+00:00,selfplay_eval,2,5014,selfplay_eval,0.05,1,99,100
2025-11-27T09:24:04.735940+00:00,selfplay_eval,2,5015,selfplay_eval,0.05,1,93,94
2025-11-27T09:24:04.736057+00:00,selfplay_eval,2,5016,selfplay_eval,0.05,0,91,91
2025-11-27T09:24:04.736173+00:00,selfplay_eval,2,5017,selfplay_eval,0.05,1,98,99
2025-11-27T09:24:04.736289+00:00,selfplay_eval,2,5018,selfplay_eval,0.05,1,96,97
2025-11-27T09:24:04.736405+00:00,selfplay_eval,2,5019,selfplay_eval,0.05,0,96,96
2025-11-27T09:24:04.736522+00:00,selfplay_eval,2,5020,selfplay_eval,0.05,1,89,90
2025-11-27T09:24:04.736638+00:00,selfplay_eval,2,5021,selfplay_eval,0.05,0,96,96
2025-11-27T09:24:04.736754+00:00,selfplay_eval,2,5022,selfplay_eval,0.05,1,96,97
2025-11-27T09:24:04.736964+00:00,selfplay_eval,2,5023,selfplay_eval,0.05,0,93,93
2025-11-27T09:24:04.737120+00:00,selfplay_eval,2,5024,selfplay_eval,0.05,1,98,99
2025-11-27T09:24:04.737258+00:00,selfplay_eval,2,5025,selfplay_eval,0.05,0,85,85
2025-11-27T09:24:04.737383+00:00,selfplay_eval,2,5026,selfplay_eval,0.05,1,96,97
2025-11-27T09:24:04.737502+00:00,selfplay_eval,2,5027,selfplay_eval,0.05,0,91,91
2025-11-27T09:24:04.737637+00:00,selfplay_eval,2,5028,selfplay_eval,0.05,0,97,97
2025-11-27T09:24:04.737752+00:00,selfplay_eval,2,5029,selfplay_eval,0.05,0,98,98
2025-11-27T09:24:04.737895+00:00,selfplay_eval,2,5030,selfplay_eval,0.05,0,88,88
2025-11-27T09:24:04.738009+00:00,selfplay_eval,2,5031,selfplay_eval,0.05,1,94,95
2025-11-27T09:24:04.738150+00:00,selfplay_eval,2,5032,selfplay_eval,0.05,1,92,93
2025-11-27T09:24:04.738262+00:00,selfplay_eval,2,5033,selfplay_eval,0.05,1,90,91
2025-11-27T09:24:04.738388+00:00,selfplay_eval,2,5034,selfplay_eval,0.05,1,99,100
2025-11-27T09:24:04.738499+00:00,selfplay_eval,2,5035,selfplay_eval,0.05,1,92,93
2025-11-27T09:24:04.738623+00:00,selfplay_eval,2,5036,selfplay_eval,0.05,1,89,90
2025-11-27T09:24:04.738734+00:00,selfplay_eval,2,5037,selfplay_eval,0.05,0,82,82
2025-11-27T09:24:04.738845+00:00,selfplay_eval,2,5038,selfplay_eval,0.05,1,93,94
2025-11-27T09:24:04.738956+00:00,selfplay_eval,2,5039,selfplay_eval,0.05,0,96,96
2025-11-27T09:24:04.739067+00:00,selfplay_eval,2,5040,selfplay_eval,0.05,0,98,98
2025-11-27T09:24:04.739178+00:00,selfplay_eval,2,5041,selfplay_eval,0.05,1,99,100
2025-11-27T09:24:04.739298+00:00,selfplay_eval,2,5042,selfplay_eval,0.05,0,96,96
2025-11-27T09:24:04.739411+00:00,selfplay_eval,2,5043,selfplay_eval,0.05,0,93,93
2025-11-27T09:24:04.739522+00:00,selfplay_eval,2,5044,selfplay_eval,0.05,0,87,87
2025-11-27T09:24:04.739632+00:00,selfplay_eval,2,5045,selfplay_eval,0.05,1,95,96
2025-11-27T09:24:04.739743+00:00,selfplay_eval,2,5046,selfplay_eval,0.05,0,85,85
2025-11-27T09:24:04.739854+00:00,selfplay_eval,2,5047,selfplay_eval,0.05,1,94,95
2025-11-27T09:24:04.739964+00:00,selfplay_eval,2,5048,selfplay_eval,0.05,1,90,91
2025-11-27T09:24:04.740081+00:00,selfplay_eval,2,5049,selfplay_eval,0.05,1,94,95
2025-11-27T09:24:04.740191+00:00,selfplay_eval,2,5050,selfplay_eval,0.05,0,92,92
2025-11-27T09:24:04.740304+00:00,selfplay_eval,2,5051,selfplay_eval,0.05,1,89,90
2025-11-27T09:24:04.740416+00:00,selfplay_eval,2,5052,selfplay_eval,0.05,0,87,87
2025-11-27T09:24:04.740526+00:00,selfplay_eval,2,5053,selfplay_eval,0.05,1,96,97
2025-11-27T09:24:04.740693+00:00,selfplay_eval,2,5054,selfplay_eval,0.05,0,97,97
2025-11-27T09:24:04.740831+00:00,selfplay_eval,2,5055,selfplay_eval,0.05,1,91,92
2025-11-27T09:24:04.740961+00:00,selfplay_eval,2,5056,selfplay_eval,0.05,1,88,89
2025-11-27T09:24:04.741085+00:00,selfplay_eval,2,5057,selfplay_eval,0.05,1,93,94
2025-11-27T09:24:04.741226+00:00,selfplay_eval,2,5058,selfplay_eval,0.05,0,96,96
2025-11-27T09:24:04.741349+00:00,selfplay_eval,2,5059,selfplay_eval,0.05,0,94,94
2025-11-27T09:24:04.741487+00:00,selfplay_eval,2,5060,selfplay_eval,0.05,1,93,94
2025-11-27T09:24:04.741607+00:00,selfplay_eval,2,5061,selfplay_eval,0.05,0,95,95
2025-11-27T09:24:04.741744+00:00,selfplay_eval,2,5062,selfplay_eval,0.05,0,95,95
2025-11-27T09:24:04.741863+00:00,selfplay_eval,2,5063,selfplay_eval,0.05,0,97,97
2025-11-27T09:24:04.741982+00:00,selfplay_eval,2,5064,selfplay_eval,0.05,1,85,86
2025-11-27T09:24:04.742100+00:00,selfplay_eval,2,5065,selfplay_eval,0.05,1,96,97
2025-11-27T09:24:04.742218+00:00,selfplay_eval,2,5066,selfplay_eval,0.05,1,95,96
2025-11-27T09:24:04.742336+00:00,selfplay_eval,2,5067,selfplay_eval,0.05,0,69,69
2025-11-27T09:24:04.742455+00:00,selfplay_eval,2,5068,selfplay_eval,0.05,0,96,96
2025-11-27T09:24:04.742574+00:00,selfplay_eval,2,5069,selfplay_eval,0.05,1,99,100
2025-11-27T09:24:04.742692+00:00,selfplay_eval,2,5070,selfplay_eval,0.05,0,95,95
2025-11-27T09:24:04.742810+00:00,selfplay_eval,2,5071,selfplay_eval,0.05,1,91,92
2025-11-27T09:24:04.742928+00:00,selfplay_eval,2,5072,selfplay_eval,0.05,0,94,94
2025-11-27T09:24:04.743046+00:00,selfplay_eval,2,5073,selfplay_eval,0.05,1,95,96
2025-11-27T09:24:04.743163+00:00,selfplay_eval,2,5074,selfplay_eval,0.05,1,92,93
2025-11-27T09:24:04.743281+00:00,selfplay_eval,2,5075,selfplay_eval,0.05,0,94,94
2025-11-27T09:24:04.743398+00:00,selfplay_eval,2,5076,selfplay_eval,0.05,0,90,90
2025-11-27T09:24:04.743516+00:00,selfplay_eval,2,5077,selfplay_eval,0.05,1,97,98
2025-11-27T09:24:04.743634+00:00,selfplay_eval,2,5078,selfplay_eval,0.05,1,89,90
2025-11-27T09:24:04.743752+00:00,selfplay_eval,2,5079,selfplay_eval,0.05,1,98,99
2025-11-27T09:24:04.743869+00:00,selfplay_eval,2,5080,selfplay_eval,0.05,0,95,95
2025-11-27T09:24:04.743987+00:00,selfplay_eval,2,5081,selfplay_eval,0.05,1,95,96
2025-11-27T09:24:04.744104+00:00,selfplay_eval,2,5082,selfplay_eval,0.05,0,94,94
2025-11-27T09:24:04.744221+00:00,selfplay_eval,2,5083,selfplay_eval,0.05,1,92,93
2025-11-27T09:24:04.744339+00:00,selfplay_eval,2,5084,selfplay_eval,0.05,1,87,88
2025-11-27T09:24:04.744458+00:00,selfplay_eval,2,5085,selfplay_eval,0.05,0,88,88
2025-11-27T09:24:04.744576+00:00,selfplay_eval,2,5086,selfplay_eval,0.05,0,86,86
2025-11-27T09:24:04.744694+00:00,selfplay_eval,2,5087,selfplay_eval,0.05,1,96,97
2025-11-27T09:24:04.744811+00:00,selfplay_eval,2,5088,selfplay_eval,0.05,0,95,95
2025-11-27T09:24:04.744928+00:00,selfplay_eval,2,5089,selfplay_eval,0.05,0,95,95
2025-11-27T09:24:04.745046+00:00,selfplay_eval,2,5090,selfplay_eval,0.05,0,96,96
2025-11-27T09:24:04.745177+00:00,selfplay_eval,2,5091,selfplay_eval,0.05,0,94,94
2025-11-27T09:24:04.745347+00:00,selfplay_eval,2,5092,selfplay_eval,0.05,1,78,79
2025-11-27T09:24:04.745476+00:00,selfplay_eval,2,5093,selfplay_eval,0.05,0,96,96
2025-11-27T09:24:04.745598+00:00,selfplay_eval,2,5094,selfplay_eval,0.05,1,63,64
2025-11-27T09:24:04.745715+00:00,selfplay_eval,2,5095,selfplay_eval,0.05,0,74,74
2025-11-27T09:24:04.745917+00:00,selfplay_eval,2,5096,selfplay_eval,0.05,0,83,83
2025-11-27T09:24:04.746101+00:00,selfplay_eval,2,5097,selfplay_eval,0.05,1,94,95
2025-11-27T09:24:04.746502+00:00,selfplay_eval,2,5098,selfplay_eval,0.05,1,97,98
2025-11-27T09:24:04.746843+00:00,selfplay_eval,2,5099,selfplay_eval,0.05,1,84,85
2025-11-27T09:24:04.747142+00:00,selfplay_eval,2,5100,selfplay_eval,0.05,1,98,99
2025-11-27T09:24:04.747364+00:00,selfplay_eval,2,5101,selfplay_eval,0.05,1,86,87
2025-11-27T09:24:04.747522+00:00,selfplay_eval,2,5102,selfplay_eval,0.05,0,99,99
2025-11-27T09:24:04.747664+00:00,selfplay_eval,2,5103,selfplay_eval,0.05,1,91,92
2025-11-27T09:24:04.747793+00:00,selfplay_eval,2,5104,selfplay_eval,0.05,0,95,95
2025-11-27T09:24:04.747983+00:00,selfplay_eval,2,5105,selfplay_eval,0.05,0,99,99
2025-11-27T09:24:04.748130+00:00,selfplay_eval,2,5106,selfplay_eval,0.05,1,93,94
2025-11-27T09:24:04.748263+00:00,selfplay_eval,2,5107,selfplay_eval,0.05,0,93,93
2025-11-27T09:24:04.748393+00:00,selfplay_eval,2,5108,selfplay_eval,0.05,1,99,100
2025-11-27T09:24:04.748520+00:00,selfplay_eval,2,5109,selfplay_eval,0.05,1,87,88
2025-11-27T09:24:04.748704+00:00,selfplay_eval,2,5110,selfplay_eval,0.05,1,93,94
2025-11-27T09:24:04.748852+00:00,selfplay_eval,2,5111,selfplay_eval,0.05,1,98,99
2025-11-27T09:24:04.748980+00:00,selfplay_eval,2,5112,selfplay_eval,0.05,0,89,89
2025-11-27T09:24:04.749102+00:00,selfplay_eval,2,5113,selfplay_eval,0.05,1,97,98
2025-11-27T09:24:04.749298+00:00,selfplay_eval,2,5114,selfplay_eval,0.05,1,90,91
2025-11-27T09:24:04.749455+00:00,selfplay_eval,2,5115,selfplay_eval,0.05,0,96,96
2025-11-27T09:24:04.749590+00:00,selfplay_eval,2,5116,selfplay_eval,0.05,1,93,94
2025-11-27T09:24:04.749762+00:00,selfplay_eval,2,5117,selfplay_eval,0.05,0,98,98
2025-11-27T09:24:04.749899+00:00,selfplay_eval,2,5118,selfplay_eval,0.05,1,96,97
2025-11-27T09:24:04.750045+00:00,selfplay_eval,2,5119,selfplay_eval,0.05,1,94,95
2025-11-27T09:24:04.750166+00:00,selfplay_eval,2,5120,selfplay_eval,0.05,1,95,96
2025-11-27T09:24:04.750347+00:00,selfplay_eval,2,5121,selfplay_eval,0.05,0,85,85
2025-11-27T09:24:04.750497+00:00,selfplay_eval,2,5122,selfplay_eval,0.05,1,97,98
2025-11-27T09:24:04.750635+00:00,selfplay_eval,2,5123,selfplay_eval,0.05,0,87,87
2025-11-27T09:24:04.750774+00:00,selfplay_eval,2,5124,selfplay_eval,0.05,0,85,85
2025-11-27T09:24:04.750908+00:00,selfplay_eval,2,5125,selfplay_eval,0.05,1,96,97
2025-11-27T09:24:04.751032+00:00,selfplay_eval,2,5126,selfplay_eval,0.05,0,98,98
2025-11-27T09:24:04.751211+00:00,selfplay_eval,2,5127,selfplay_eval,0.05,1,67,68
2025-11-27T09:24:04.751356+00:00,selfplay_eval,2,5128,selfplay_eval,0.05,1,97,98
2025-11-27T09:24:04.751489+00:00,selfplay_eval,2,5129,selfplay_eval,0.05,1,89,90
2025-11-27T09:24:04.751614+00:00,selfplay_eval,2,5130,selfplay_eval,0.05,1,86,87
2025-11-27T09:24:04.751795+00:00,selfplay_eval,2,5131,selfplay_eval,0.05,1,98,99
2025-11-27T09:24:04.751943+00:00,selfplay_eval,2,5132,selfplay_eval,0.05,0,93,93
2025-11-27T09:24:04.752076+00:00,selfplay_eval,2,5133,selfplay_eval,0.05,0,97,97
2025-11-27T09:24:04.752247+00:00,selfplay_eval,2,5134,selfplay_eval,0.05,0,89,89
2025-11-27T09:24:04.752382+00:00,selfplay_eval,2,5135,selfplay_eval,0.05,0,94,94
2025-11-27T09:24:04.752511+00:00,selfplay_eval,2,5136,selfplay_eval,0.05,1,94,95
2025-11-27T09:24:04.752630+00:00,selfplay_eval,2,5137,selfplay_eval,0.05,0,98,98
2025-11-27T09:24:04.752841+00:00,selfplay_eval,2,5138,selfplay_eval,0.05,0,87,87
2025-11-27T09:24:04.752993+00:00,selfplay_eval,2,5139,selfplay_eval,0.05,1,96,97
2025-11-27T09:24:04.753133+00:00,selfplay_eval,2,5140,selfplay_eval,0.05,0,94,94
2025-11-27T09:24:04.753277+00:00,selfplay_eval,2,5141,selfplay_eval,0.05,0,94,94
2025-11-27T09:24:04.753413+00:00,selfplay_eval,2,5142,selfplay_eval,0.05,0,96,96
2025-11-27T09:24:04.753576+00:00,selfplay_eval,2,5143,selfplay_eval,0.05,1,93,94
2025-11-27T09:24:04.753715+00:00,selfplay_eval,2,5144,selfplay_eval,0.05,1,97,98
2025-11-27T09:24:04.753856+00:00,selfplay_eval,2,5145,selfplay_eval,0.05,1,98,99
2025-11-27T09:24:04.753990+00:00,selfplay_eval,2,5146,selfplay_eval,0.05,0,87,87
2025-11-27T09:24:04.754125+00:00,selfplay_eval,2,5147,selfplay_eval,0.05,0,88,88
2025-11-27T09:24:04.754260+00:00,selfplay_eval,2,5148,selfplay_eval,0.05,0,95,95
2025-11-27T09:24:04.754400+00:00,selfplay_eval,2,5149,selfplay_eval,0.05,0,96,96
2025-11-27T09:24:04.754525+00:00,selfplay_eval,2,5150,selfplay_eval,0.05,0,94,94
2025-11-27T09:24:04.754653+00:00,selfplay_eval,2,5151,selfplay_eval,0.05,0,99,99
2025-11-27T09:24:04.754774+00:00,selfplay_eval,2,5152,selfplay_eval,0.05,0,84,84
2025-11-27T09:24:04.754975+00:00,selfplay_eval,2,5153,selfplay_eval,0.05,1,97,98
2025-11-27T09:24:04.755113+00:00,selfplay_eval,2,5154,selfplay_eval,0.05,1,86,87
2025-11-27T09:24:04.755281+00:00,selfplay_eval,2,5155,selfplay_eval,0.05,1,98,99
2025-11-27T09:24:04.755432+00:00,selfplay_eval,2,5156,selfplay_eval,0.05,0,91,91
2025-11-27T09:24:04.755573+00:00,selfplay_eval,2,5157,selfplay_eval,0.05,1,99,100
2025-11-27T09:24:04.755710+00:00,selfplay_eval,2,5158,selfplay_eval,0.05,1,94,95
2025-11-27T09:24:04.755842+00:00,selfplay_eval,2,5159,selfplay_eval,0.05,0,97,97
2025-11-27T09:24:04.755969+00:00,selfplay_eval,2,5160,selfplay_eval,0.05,1,82,83
2025-11-27T09:24:04.756100+00:00,selfplay_eval,2,5161,selfplay_eval,0.05,0,99,99
2025-11-27T09:24:04.756219+00:00,selfplay_eval,2,5162,selfplay_eval,0.05,0,94,94
2025-11-27T09:24:04.756349+00:00,selfplay_eval,2,5163,selfplay_eval,0.05,1,96,97
2025-11-27T09:24:04.756470+00:00,selfplay_eval,2,5164,selfplay_eval,0.05,1,79,80
2025-11-27T09:24:04.756592+00:00,selfplay_eval,2,5165,selfplay_eval,0.05,1,91,92
2025-11-27T09:24:04.756723+00:00,selfplay_eval,2,5166,selfplay_eval,0.05,0,92,92
2025-11-27T09:24:04.756853+00:00,selfplay_eval,2,5167,selfplay_eval,0.05,1,93,94
2025-11-27T09:24:04.756975+00:00,selfplay_eval,2,5168,selfplay_eval,0.05,1,89,90
2025-11-27T09:24:04.757099+00:00,selfplay_eval,2,5169,selfplay_eval,0.05,0,93,93
2025-11-27T09:24:04.757222+00:00,selfplay_eval,2,5170,selfplay_eval,0.05,1,92,93
2025-11-27T09:24:04.757349+00:00,selfplay_eval,2,5171,selfplay_eval,0.05,0,86,86
2025-11-27T09:24:04.757502+00:00,selfplay_eval,2,5172,selfplay_eval,0.05,0,98,98
2025-11-27T09:24:04.757654+00:00,selfplay_eval,2,5173,selfplay_eval,0.05,0,95,95
2025-11-27T09:24:04.757797+00:00,selfplay_eval,2,5174,selfplay_eval,0.05,1,94,95
2025-11-27T09:24:04.757930+00:00,selfplay_eval,2,5175,selfplay_eval,0.05,1,95,96
2025-11-27T09:24:04.758067+00:00,selfplay_eval,2,5176,selfplay_eval,0.05,1,96,97
2025-11-27T09:24:04.758191+00:00,selfplay_eval,2,5177,selfplay_eval,0.05,1,98,99
2025-11-27T09:24:04.758336+00:00,selfplay_eval,2,5178,selfplay_eval,0.05,1,95,96
2025-11-27T09:24:04.758470+00:00,selfplay_eval,2,5179,selfplay_eval,0.05,0,85,85
2025-11-27T09:24:04.758613+00:00,selfplay_eval,2,5180,selfplay_eval,0.05,1,93,94
2025-11-27T09:24:04.758742+00:00,selfplay_eval,2,5181,selfplay_eval,0.05,0,95,95
2025-11-27T09:24:04.758870+00:00,selfplay_eval,2,5182,selfplay_eval,0.05,0,98,98
2025-11-27T09:24:04.759027+00:00,selfplay_eval,2,5183,selfplay_eval,0.05,0,94,94
2025-11-27T09:24:04.759169+00:00,selfplay_eval,2,5184,selfplay_eval,0.05,0,99,99
2025-11-27T09:24:04.759319+00:00,selfplay_eval,2,5185,selfplay_eval,0.05,1,98,99
2025-11-27T09:24:04.759481+00:00,selfplay_eval,2,5186,selfplay_eval,0.05,1,93,94
2025-11-27T09:24:04.759637+00:00,selfplay_eval,2,5187,selfplay_eval,0.05,1,92,93
2025-11-27T09:24:04.759757+00:00,selfplay_eval,2,5188,selfplay_eval,0.05,0,93,93
2025-11-27T09:24:04.759873+00:00,selfplay_eval,2,5189,selfplay_eval,0.05,0,92,92
2025-11-27T09:24:04.760268+00:00,selfplay_eval,2,5190,selfplay_eval,0.05,1,99,100
2025-11-27T09:24:04.760410+00:00,selfplay_eval,2,5191,selfplay_eval,0.05,1,99,100
2025-11-27T09:24:04.760543+00:00,selfplay_eval,2,5192,selfplay_eval,0.05,0,89,89
2025-11-27T09:24:04.760674+00:00,selfplay_eval,2,5193,selfplay_eval,0.05,1,97,98
2025-11-27T09:24:04.760802+00:00,selfplay_eval,2,5194,selfplay_eval,0.05,1,99,100
2025-11-27T09:24:04.760961+00:00,selfplay_eval,2,5195,selfplay_eval,0.05,0,87,87
2025-11-27T09:24:04.761116+00:00,selfplay_eval,2,5196,selfplay_eval,0.05,0,78,78
2025-11-27T09:24:04.761237+00:00,selfplay_eval,2,5197,selfplay_eval,0.05,1,99,100
2025-11-27T09:24:04.761362+00:00,selfplay_eval,2,5198,selfplay_eval,0.05,0,87,87
2025-11-27T09:24:04.761484+00:00,selfplay_eval,2,5199,selfplay_eval,0.05,1,98,99
2025-11-27T09:24:04.761608+00:00,selfplay_eval,2,5200,selfplay_eval,0.05,1,79,80
2025-11-27T09:24:04.761747+00:00,selfplay_eval,2,5201,selfplay_eval,0.05,0,99,99
2025-11-27T09:24:04.761878+00:00,selfplay_eval,2,5202,selfplay_eval,0.05,1,97,98
2025-11-27T09:24:04.762051+00:00,selfplay_eval,2,5203,selfplay_eval,0.05,0,94,94
2025-11-27T09:24:04.762188+00:00,selfplay_eval,2,5204,selfplay_eval,0.05,1,92,93
2025-11-27T09:24:04.762311+00:00,selfplay_eval,2,5205,selfplay_eval,0.05,0,94,94
2025-11-27T09:24:04.762437+00:00,selfplay_eval,2,5206,selfplay_eval,0.05,0,96,96
2025-11-27T09:24:04.762560+00:00,selfplay_eval,2,5207,selfplay_eval,0.05,0,96,96
2025-11-27T09:24:04.762708+00:00,selfplay_eval,2,5208,selfplay_eval,0.05,0,86,86
2025-11-27T09:24:04.762825+00:00,selfplay_eval,2,5209,selfplay_eval,0.05,0,94,94
2025-11-27T09:24:04.763005+00:00,selfplay_eval,2,5210,selfplay_eval,0.05,0,97,97
2025-11-27T09:24:04.763146+00:00,selfplay_eval,2,5211,selfplay_eval,0.05,1,85,86
2025-11-27T09:24:04.763276+00:00,selfplay_eval,2,5212,selfplay_eval,0.05,1,96,97
2025-11-27T09:24:04.763401+00:00,selfplay_eval,2,5213,selfplay_eval,0.05,1,81,82
2025-11-27T09:24:04.763525+00:00,selfplay_eval,2,5214,selfplay_eval,0.05,1,95,96
2025-11-27T09:24:04.763655+00:00,selfplay_eval,2,5215,selfplay_eval,0.05,0,98,98
2025-11-27T09:24:04.763778+00:00,selfplay_eval,2,5216,selfplay_eval,0.05,0,95,95
2025-11-27T09:24:04.763904+00:00,selfplay_eval,2,5217,selfplay_eval,0.05,1,96,97
2025-11-27T09:24:04.764054+00:00,selfplay_eval,2,5218,selfplay_eval,0.05,1,95,96
2025-11-27T09:24:04.764175+00:00,selfplay_eval,2,5219,selfplay_eval,0.05,1,99,100
2025-11-27T09:24:04.764316+00:00,selfplay_eval,2,5220,selfplay_eval,0.05,0,94,94
2025-11-27T09:24:04.764430+00:00,selfplay_eval,2,5221,selfplay_eval,0.05,0,98,98
2025-11-27T09:24:04.764625+00:00,selfplay_eval,2,5222,selfplay_eval,0.05,1,88,89
2025-11-27T09:24:04.764763+00:00,selfplay_eval,2,5223,selfplay_eval,0.05,1,85,86
2025-11-27T09:24:04.764892+00:00,selfplay_eval,2,5224,selfplay_eval,0.05,1,95,96
2025-11-27T09:24:04.765016+00:00,selfplay_eval,2,5225,selfplay_eval,0.05,1,98,99
2025-11-27T09:24:04.765138+00:00,selfplay_eval,2,5226,selfplay_eval,0.05,1,92,93
2025-11-27T09:24:04.765258+00:00,selfplay_eval,2,5227,selfplay_eval,0.05,0,92,92
2025-11-27T09:24:04.765378+00:00,selfplay_eval,2,5228,selfplay_eval,0.05,1,96,97
2025-11-27T09:24:04.765496+00:00,selfplay_eval,2,5229,selfplay_eval,0.05,0,97,97
2025-11-27T09:24:04.765616+00:00,selfplay_eval,2,5230,selfplay_eval,0.05,1,95,96
2025-11-27T09:24:04.765733+00:00,selfplay_eval,2,5231,selfplay_eval,0.05,1,96,97
2025-11-27T09:24:04.765851+00:00,selfplay_eval,2,5232,selfplay_eval,0.05,0,85,85
2025-11-27T09:24:04.765968+00:00,selfplay_eval,2,5233,selfplay_eval,0.05,0,99,99
2025-11-27T09:24:04.766085+00:00,selfplay_eval,2,5234,selfplay_eval,0.05,0,97,97
2025-11-27T09:24:04.766202+00:00,selfplay_eval,2,5235,selfplay_eval,0.05,0,98,98
2025-11-27T09:24:04.766319+00:00,selfplay_eval,2,5236,selfplay_eval,0.05,1,97,98
2025-11-27T09:24:04.766435+00:00,selfplay_eval,2,5237,selfplay_eval,0.05,1,91,92
2025-11-27T09:24:04.766552+00:00,selfplay_eval,2,5238,selfplay_eval,0.05,1,95,96
2025-11-27T09:24:04.766669+00:00,selfplay_eval,2,5239,selfplay_eval,0.05,0,94,94
2025-11-27T09:24:04.766786+00:00,selfplay_eval,2,5240,selfplay_eval,0.05,0,96,96
2025-11-27T09:24:04.766903+00:00,selfplay_eval,2,5241,selfplay_eval,0.05,0,98,98
2025-11-27T09:24:04.767020+00:00,selfplay_eval,2,5242,selfplay_eval,0.05,0,90,90
2025-11-27T09:24:04.767137+00:00,selfplay_eval,2,5243,selfplay_eval,0.05,0,92,92
2025-11-27T09:24:04.767254+00:00,selfplay_eval,2,5244,selfplay_eval,0.05,0,95,95
2025-11-27T09:24:04.767370+00:00,selfplay_eval,2,5245,selfplay_eval,0.05,0,90,90
2025-11-27T09:24:04.767488+00:00,selfplay_eval,2,5246,selfplay_eval,0.05,1,94,95
2025-11-27T09:24:04.767604+00:00,selfplay_eval,2,5247,selfplay_eval,0.05,1,96,97
2025-11-27T09:24:04.767720+00:00,selfplay_eval,2,5248,selfplay_eval,0.05,1,97,98
2025-11-27T09:24:04.767837+00:00,selfplay_eval,2,5249,selfplay_eval,0.05,1,96,97
2025-11-27T09:24:04.767957+00:00,selfplay_eval,2,5250,selfplay_eval,0.05,0,89,89
2025-11-27T09:24:04.768073+00:00,selfplay_eval,2,5251,selfplay_eval,0.05,1,95,96
2025-11-27T09:24:04.768190+00:00,selfplay_eval,2,5252,selfplay_eval,0.05,0,93,93
2025-11-27T09:24:04.768306+00:00,selfplay_eval,2,5253,selfplay_eval,0.05,0,91,91
2025-11-27T09:24:04.768423+00:00,selfplay_eval,2,5254,selfplay_eval,0.05,0,97,97
2025-11-27T09:24:04.768539+00:00,selfplay_eval,2,5255,selfplay_eval,0.05,0,97,97
2025-11-27T09:24:04.768656+00:00,selfplay_eval,2,5256,selfplay_eval,0.05,0,98,98
2025-11-27T09:24:04.768772+00:00,selfplay_eval,2,5257,selfplay_eval,0.05,1,96,97
2025-11-27T09:24:04.768889+00:00,selfplay_eval,2,5258,selfplay_eval,0.05,1,96,97
2025-11-27T09:24:04.769005+00:00,selfplay_eval,2,5259,selfplay_eval,0.05,1,96,97
2025-11-27T09:24:04.769122+00:00,selfplay_eval,2,5260,selfplay_eval,0.05,1,94,95
2025-11-27T09:24:04.769239+00:00,selfplay_eval,2,5261,selfplay_eval,0.05,1,88,89
2025-11-27T09:24:04.769355+00:00,selfplay_eval,2,5262,selfplay_eval,0.05,1,91,92
2025-11-27T09:24:04.769472+00:00,selfplay_eval,2,5263,selfplay_eval,0.05,1,93,94
2025-11-27T09:24:04.769588+00:00,selfplay_eval,2,5264,selfplay_eval,0.05,1,92,93
2025-11-27T09:24:04.769705+00:00,selfplay_eval,2,5265,selfplay_eval,0.05,1,95,96
2025-11-27T09:24:04.769821+00:00,selfplay_eval,2,5266,selfplay_eval,0.05,1,97,98
2025-11-27T09:24:04.769938+00:00,selfplay_eval,2,5267,selfplay_eval,0.05,0,96,96
2025-11-27T09:24:04.770055+00:00,selfplay_eval,2,5268,selfplay_eval,0.05,1,90,91
2025-11-27T09:24:04.770210+00:00,selfplay_eval,2,5269,selfplay_eval,0.05,1,90,91
2025-11-27T09:24:04.770355+00:00,selfplay_eval,2,5270,selfplay_eval,0.05,0,98,98
2025-11-27T09:24:04.770479+00:00,selfplay_eval,2,5271,selfplay_eval,0.05,1,96,97
2025-11-27T09:24:04.770597+00:00,selfplay_eval,2,5272,selfplay_eval,0.05,0,94,94
2025-11-27T09:24:04.770761+00:00,selfplay_eval,2,5273,selfplay_eval,0.05,0,97,97
2025-11-27T09:24:04.770898+00:00,selfplay_eval,2,5274,selfplay_eval,0.05,0,90,90
2025-11-27T09:24:04.771036+00:00,selfplay_eval,2,5275,selfplay_eval,0.05,1,98,99
2025-11-27T09:24:04.771156+00:00,selfplay_eval,2,5276,selfplay_eval,0.05,1,99,100
2025-11-27T09:24:04.771346+00:00,selfplay_eval,2,5277,selfplay_eval,0.05,1,88,89
2025-11-27T09:24:04.771486+00:00,selfplay_eval,2,5278,selfplay_eval,0.05,1,85,86
2025-11-27T09:24:04.771612+00:00,selfplay_eval,2,5279,selfplay_eval,0.05,0,99,99
2025-11-27T09:24:04.771735+00:00,selfplay_eval,2,5280,selfplay_eval,0.05,0,98,98
2025-11-27T09:24:04.771994+00:00,selfplay_eval,2,5281,selfplay_eval,0.05,1,93,94
2025-11-27T09:24:04.772125+00:00,selfplay_eval,2,5282,selfplay_eval,0.05,1,90,91
2025-11-27T09:24:04.772265+00:00,selfplay_eval,2,5283,selfplay_eval,0.05,0,92,92
2025-11-27T09:24:04.772383+00:00,selfplay_eval,2,5284,selfplay_eval,0.05,0,93,93
2025-11-27T09:24:04.772535+00:00,selfplay_eval,2,5285,selfplay_eval,0.05,1,92,93
2025-11-27T09:24:04.772658+00:00,selfplay_eval,2,5286,selfplay_eval,0.05,0,94,94
2025-11-27T09:24:04.772798+00:00,selfplay_eval,2,5287,selfplay_eval,0.05,0,99,99
2025-11-27T09:24:04.772915+00:00,selfplay_eval,2,5288,selfplay_eval,0.05,1,95,96
2025-11-27T09:24:04.773029+00:00,selfplay_eval,2,5289,selfplay_eval,0.05,1,92,93
2025-11-27T09:24:04.773143+00:00,selfplay_eval,2,5290,selfplay_eval,0.05,0,94,94
2025-11-27T09:24:04.773267+00:00,selfplay_eval,2,5291,selfplay_eval,0.05,1,87,88
2025-11-27T09:24:04.773380+00:00,selfplay_eval,2,5292,selfplay_eval,0.05,1,81,82
2025-11-27T09:24:04.773512+00:00,selfplay_eval,2,5293,selfplay_eval,0.05,0,98,98
2025-11-27T09:24:04.773626+00:00,selfplay_eval,2,5294,selfplay_eval,0.05,1,89,90
2025-11-27T09:24:04.773739+00:00,selfplay_eval,2,5295,selfplay_eval,0.05,1,97,98
2025-11-27T09:24:04.773852+00:00,selfplay_eval,2,5296,selfplay_eval,0.05,1,95,96
2025-11-27T09:24:04.773964+00:00,selfplay_eval,2,5297,selfplay_eval,0.05,0,95,95
2025-11-27T09:24:04.774077+00:00,selfplay_eval,2,5298,selfplay_eval,0.05,1,93,94
2025-11-27T09:24:04.774188+00:00,selfplay_eval,2,5299,selfplay_eval,0.05,0,91,91
2025-11-27T09:24:04.774303+00:00,selfplay_eval,2,5300,selfplay_eval,0.05,0,97,97
2025-11-27T09:24:04.774415+00:00,selfplay_eval,2,5301,selfplay_eval,0.05,0,97,97
2025-11-27T09:24:04.774527+00:00,selfplay_eval,2,5302,selfplay_eval,0.05,1,96,97
2025-11-27T09:24:04.774639+00:00,selfplay_eval,2,5303,selfplay_eval,0.05,0,87,87
2025-11-27T09:24:04.774751+00:00,selfplay_eval,2,5304,selfplay_eval,0.05,1,86,87
2025-11-27T09:24:04.774863+00:00,selfplay_eval,2,5305,selfplay_eval,0.05,1,93,94
2025-11-27T09:24:04.774975+00:00,selfplay_eval,2,5306,selfplay_eval,0.05,0,93,93
2025-11-27T09:24:04.775088+00:00,selfplay_eval,2,5307,selfplay_eval,0.05,1,93,94
2025-11-27T09:24:04.775200+00:00,selfplay_eval,2,5308,selfplay_eval,0.05,0,94,94
2025-11-27T09:24:04.775311+00:00,selfplay_eval,2,5309,selfplay_eval,0.05,0,83,83
2025-11-27T09:24:04.775424+00:00,selfplay_eval,2,5310,selfplay_eval,0.05,0,96,96
2025-11-27T09:24:04.775536+00:00,selfplay_eval,2,5311,selfplay_eval,0.05,1,93,94
2025-11-27T09:24:04.775647+00:00,selfplay_eval,2,5312,selfplay_eval,0.05,1,90,91
2025-11-27T09:24:04.775759+00:00,selfplay_eval,2,5313,selfplay_eval,0.05,0,88,88
2025-11-27T09:24:04.775872+00:00,selfplay_eval,2,5314,selfplay_eval,0.05,1,92,93
2025-11-27T09:24:04.775983+00:00,selfplay_eval,2,5315,selfplay_eval,0.05,1,96,97
2025-11-27T09:24:04.776095+00:00,selfplay_eval,2,5316,selfplay_eval,0.05,1,95,96
2025-11-27T09:24:04.776207+00:00,selfplay_eval,2,5317,selfplay_eval,0.05,0,97,97
2025-11-27T09:24:04.776319+00:00,selfplay_eval,2,5318,selfplay_eval,0.05,0,86,86
2025-11-27T09:24:04.776431+00:00,selfplay_eval,2,5319,selfplay_eval,0.05,1,92,93
2025-11-27T09:24:04.776542+00:00,selfplay_eval,2,5320,selfplay_eval,0.05,1,85,86
2025-11-27T09:24:04.776654+00:00,selfplay_eval,2,5321,selfplay_eval,0.05,1,92,93
2025-11-27T09:24:04.776766+00:00,selfplay_eval,2,5322,selfplay_eval,0.05,0,85,85
2025-11-27T09:24:04.776877+00:00,selfplay_eval,2,5323,selfplay_eval,0.05,1,92,93
2025-11-27T09:24:04.776989+00:00,selfplay_eval,2,5324,selfplay_eval,0.05,0,94,94
2025-11-27T09:24:04.777101+00:00,selfplay_eval,2,5325,selfplay_eval,0.05,1,94,95
2025-11-27T09:24:04.777213+00:00,selfplay_eval,2,5326,selfplay_eval,0.05,1,98,99
2025-11-27T09:24:04.777324+00:00,selfplay_eval,2,5327,selfplay_eval,0.05,0,91,91
2025-11-27T09:24:04.777436+00:00,selfplay_eval,2,5328,selfplay_eval,0.05,0,90,90
2025-11-27T09:24:04.777548+00:00,selfplay_eval,2,5329,selfplay_eval,0.05,0,94,94
2025-11-27T09:24:04.777659+00:00,selfplay_eval,2,5330,selfplay_eval,0.05,1,91,92
2025-11-27T09:24:04.777771+00:00,selfplay_eval,2,5331,selfplay_eval,0.05,1,99,100
2025-11-27T09:24:04.777883+00:00,selfplay_eval,2,5332,selfplay_eval,0.05,0,95,95
2025-11-27T09:24:04.777994+00:00,selfplay_eval,2,5333,selfplay_eval,0.05,1,96,97
2025-11-27T09:24:04.778106+00:00,selfplay_eval,2,5334,selfplay_eval,0.05,1,89,90
2025-11-27T09:24:04.778218+00:00,selfplay_eval,2,5335,selfplay_eval,0.05,1,96,97
2025-11-27T09:24:04.778330+00:00,selfplay_eval,2,5336,selfplay_eval,0.05,1,98,99
2025-11-27T09:24:04.778442+00:00,selfplay_eval,2,5337,selfplay_eval,0.05,1,89,90
2025-11-27T09:24:04.778638+00:00,selfplay_eval,2,5338,selfplay_eval,0.05,1,93,94
2025-11-27T09:24:04.778846+00:00,selfplay_eval,2,5339,selfplay_eval,0.05,0,88,88
2025-11-27T09:24:04.778967+00:00,selfplay_eval,2,5340,selfplay_eval,0.05,0,91,91
2025-11-27T09:24:04.779083+00:00,selfplay_eval,2,5341,selfplay_eval,0.05,1,94,95
2025-11-27T09:24:04.779198+00:00,selfplay_eval,2,5342,selfplay_eval,0.05,0,91,91
2025-11-27T09:24:04.779311+00:00,selfplay_eval,2,5343,selfplay_eval,0.05,0,96,96
2025-11-27T09:24:04.779422+00:00,selfplay_eval,2,5344,selfplay_eval,0.05,0,87,87
2025-11-27T09:24:04.779534+00:00,selfplay_eval,2,5345,selfplay_eval,0.05,1,98,99
2025-11-27T09:24:04.779645+00:00,selfplay_eval,2,5346,selfplay_eval,0.05,1,93,94
2025-11-27T09:24:04.779758+00:00,selfplay_eval,2,5347,selfplay_eval,0.05,0,93,93
2025-11-27T09:24:04.779869+00:00,selfplay_eval,2,5348,selfplay_eval,0.05,1,92,93
2025-11-27T09:24:04.779980+00:00,selfplay_eval,2,5349,selfplay_eval,0.05,0,99,99
2025-11-27T09:24:04.780209+00:00,selfplay_eval,2,5350,selfplay_eval,0.05,1,94,95
2025-11-27T09:24:04.780375+00:00,selfplay_eval,2,5351,selfplay_eval,0.05,1,96,97
2025-11-27T09:24:04.780503+00:00,selfplay_eval,2,5352,selfplay_eval,0.05,1,95,96
2025-11-27T09:24:04.780613+00:00,selfplay_eval,2,5353,selfplay_eval,0.05,1,97,98
2025-11-27T09:24:04.780722+00:00,selfplay_eval,2,5354,selfplay_eval,0.05,1,95,96
2025-11-27T09:24:04.780830+00:00,selfplay_eval,2,5355,selfplay_eval,0.05,1,97,98
2025-11-27T09:24:04.780938+00:00,selfplay_eval,2,5356,selfplay_eval,0.05,0,91,91
2025-11-27T09:24:04.781046+00:00,selfplay_eval,2,5357,selfplay_eval,0.05,1,69,70
2025-11-27T09:24:04.781154+00:00,selfplay_eval,2,5358,selfplay_eval,0.05,1,98,99
2025-11-27T09:24:04.781262+00:00,selfplay_eval,2,5359,selfplay_eval,0.05,1,95,96
2025-11-27T09:24:04.781370+00:00,selfplay_eval,2,5360,selfplay_eval,0.05,0,78,78
2025-11-27T09:24:04.781478+00:00,selfplay_eval,2,5361,selfplay_eval,0.05,1,97,98
2025-11-27T09:24:04.781587+00:00,selfplay_eval,2,5362,selfplay_eval,0.05,1,99,100
2025-11-27T09:24:04.781772+00:00,selfplay_eval,2,5363,selfplay_eval,0.05,0,80,80
2025-11-27T09:24:04.781904+00:00,selfplay_eval,2,5364,selfplay_eval,0.05,1,93,94
2025-11-27T09:24:04.782026+00:00,selfplay_eval,2,5365,selfplay_eval,0.05,1,95,96
2025-11-27T09:24:04.782143+00:00,selfplay_eval,2,5366,selfplay_eval,0.05,1,91,92
2025-11-27T09:24:04.782257+00:00,selfplay_eval,2,5367,selfplay_eval,0.05,1,89,90
2025-11-27T09:24:04.782369+00:00,selfplay_eval,2,5368,selfplay_eval,0.05,0,97,97
2025-11-27T09:24:04.782480+00:00,selfplay_eval,2,5369,selfplay_eval,0.05,1,95,96
2025-11-27T09:24:04.782591+00:00,selfplay_eval,2,5370,selfplay_eval,0.05,0,83,83
2025-11-27T09:24:04.782872+00:00,selfplay_eval,2,5371,selfplay_eval,0.05,1,97,98
2025-11-27T09:24:04.783007+00:00,selfplay_eval,2,5372,selfplay_eval,0.05,0,94,94
2025-11-27T09:24:04.783182+00:00,selfplay_eval,2,5373,selfplay_eval,0.05,1,95,96
2025-11-27T09:24:04.783333+00:00,selfplay_eval,2,5374,selfplay_eval,0.05,1,88,89
2025-11-27T09:24:04.783558+00:00,selfplay_eval,2,5375,selfplay_eval,0.05,1,86,87
2025-11-27T09:24:04.783756+00:00,selfplay_eval,2,5376,selfplay_eval,0.05,1,94,95
2025-11-27T09:24:04.783887+00:00,selfplay_eval,2,5377,selfplay_eval,0.05,0,96,96
2025-11-27T09:24:04.784006+00:00,selfplay_eval,2,5378,selfplay_eval,0.05,1,93,94
2025-11-27T09:24:04.784122+00:00,selfplay_eval,2,5379,selfplay_eval,0.05,1,88,89
2025-11-27T09:24:04.784235+00:00,selfplay_eval,2,5380,selfplay_eval,0.05,0,93,93
2025-11-27T09:24:04.784347+00:00,selfplay_eval,2,5381,selfplay_eval,0.05,1,96,97
2025-11-27T09:24:04.784458+00:00,selfplay_eval,2,5382,selfplay_eval,0.05,0,96,96
2025-11-27T09:24:04.784569+00:00,selfplay_eval,2,5383,selfplay_eval,0.05,1,95,96
2025-11-27T09:24:04.784678+00:00,selfplay_eval,2,5384,selfplay_eval,0.05,1,90,91
2025-11-27T09:24:04.784788+00:00,selfplay_eval,2,5385,selfplay_eval,0.05,1,90,91
2025-11-27T09:24:04.784898+00:00,selfplay_eval,2,5386,selfplay_eval,0.05,0,89,89
2025-11-27T09:24:04.785007+00:00,selfplay_eval,2,5387,selfplay_eval,0.05,1,96,97
2025-11-27T09:24:04.785116+00:00,selfplay_eval,2,5388,selfplay_eval,0.05,1,92,93
2025-11-27T09:24:04.785226+00:00,selfplay_eval,2,5389,selfplay_eval,0.05,0,94,94
2025-11-27T09:24:04.785335+00:00,selfplay_eval,2,5390,selfplay_eval,0.05,0,98,98
2025-11-27T09:24:04.785445+00:00,selfplay_eval,2,5391,selfplay_eval,0.05,0,95,95
2025-11-27T09:24:04.785627+00:00,selfplay_eval,2,5392,selfplay_eval,0.05,0,90,90
2025-11-27T09:24:04.785753+00:00,selfplay_eval,2,5393,selfplay_eval,0.05,1,89,90
2025-11-27T09:24:04.785872+00:00,selfplay_eval,2,5394,selfplay_eval,0.05,0,77,77
2025-11-27T09:24:04.785986+00:00,selfplay_eval,2,5395,selfplay_eval,0.05,1,95,96
2025-11-27T09:24:04.786098+00:00,selfplay_eval,2,5396,selfplay_eval,0.05,0,85,85
2025-11-27T09:24:04.786210+00:00,selfplay_eval,2,5397,selfplay_eval,0.05,0,97,97
2025-11-27T09:24:04.786320+00:00,selfplay_eval,2,5398,selfplay_eval,0.05,0,93,93
2025-11-27T09:24:04.786431+00:00,selfplay_eval,2,5399,selfplay_eval,0.05,0,98,98
2025-11-27T09:24:04.786543+00:00,selfplay_eval,2,5400,selfplay_eval,0.05,0,93,93
2025-11-27T09:27:47.002183+00:00,train,3,5401,self,0.05,0,99,
2025-11-27T09:27:47.003170+00:00,train,3,5402,self,0.05,0,99,
2025-11-27T09:27:47.003303+00:00,train,3,5403,self,0.05,0,98,
2025-11-27T09:27:47.003419+00:00,train,3,5404,self,0.05,0,100,
2025-11-27T09:27:47.003554+00:00,train,3,5405,self,0.05,0,100,
2025-11-27T09:27:47.003666+00:00,train,3,5406,self,0.05,0,100,
2025-11-27T09:27:47.003825+00:00,train,3,5407,self,0.05,0,98,
2025-11-27T09:27:47.003955+00:00,train,3,5408,self,0.05,0,98,
2025-11-27T09:27:47.004094+00:00,train,3,5409,self,0.05,0,96,
2025-11-27T09:27:47.004208+00:00,train,3,5410,self,0.05,0,100,
2025-11-27T09:27:47.004366+00:00,train,3,5411,self,0.05,0,98,
2025-11-27T09:27:47.004495+00:00,train,3,5412,self,0.05,0,98,
2025-11-27T09:27:47.004611+00:00,train,3,5413,self,0.05,0,99,
2025-11-27T09:27:47.004749+00:00,train,3,5414,self,0.05,0,100,
2025-11-27T09:27:47.004861+00:00,train,3,5415,self,0.05,0,86,
2025-11-27T09:27:47.005020+00:00,train,3,5416,self,0.05,0,95,
2025-11-27T09:27:47.005146+00:00,train,3,5417,self,0.05,0,98,
2025-11-27T09:27:47.005285+00:00,train,3,5418,self,0.05,0,99,
2025-11-27T09:27:47.005399+00:00,train,3,5419,self,0.05,0,91,
2025-11-27T09:27:47.005603+00:00,train,3,5420,self,0.05,0,97,
2025-11-27T09:27:47.005735+00:00,train,3,5421,self,0.05,0,94,
2025-11-27T09:27:47.005854+00:00,train,3,5422,self,0.05,0,99,
2025-11-27T09:27:47.006013+00:00,train,3,5423,self,0.05,0,94,
2025-11-27T09:27:47.006137+00:00,train,3,5424,self,0.05,0,100,
2025-11-27T09:27:47.006252+00:00,train,3,5425,self,0.05,0,92,
2025-11-27T09:27:47.006363+00:00,train,3,5426,self,0.05,0,93,
2025-11-27T09:27:47.006711+00:00,train,3,5427,self,0.05,0,90,
2025-11-27T09:27:47.006844+00:00,train,3,5428,self,0.05,0,100,
2025-11-27T09:27:47.006969+00:00,train,3,5429,self,0.05,0,99,
2025-11-27T09:27:47.007089+00:00,train,3,5430,self,0.05,0,100,
2025-11-27T09:27:47.007208+00:00,train,3,5431,self,0.05,0,93,
2025-11-27T09:27:47.007323+00:00,train,3,5432,self,0.05,0,100,
2025-11-27T09:27:47.007526+00:00,train,3,5433,self,0.05,0,86,
2025-11-27T09:27:47.007657+00:00,train,3,5434,self,0.05,0,99,
2025-11-27T09:27:47.007776+00:00,train,3,5435,self,0.05,0,83,
2025-11-27T09:27:47.007893+00:00,train,3,5436,self,0.05,0,97,
2025-11-27T09:27:47.008136+00:00,train,3,5437,self,0.05,0,93,
2025-11-27T09:27:47.008254+00:00,train,3,5438,self,0.05,0,100,
2025-11-27T09:27:47.008392+00:00,train,3,5439,self,0.05,0,84,
2025-11-27T09:27:47.008635+00:00,train,3,5440,self,0.05,0,92,
2025-11-27T09:27:47.008755+00:00,train,3,5441,self,0.05,0,97,
2025-11-27T09:27:47.008876+00:00,train,3,5442,self,0.05,0,99,
2025-11-27T09:27:47.009001+00:00,train,3,5443,self,0.05,0,98,
2025-11-27T09:27:47.009123+00:00,train,3,5444,self,0.05,0,99,
2025-11-27T09:27:47.009243+00:00,train,3,5445,self,0.05,0,91,
2025-11-27T09:27:47.009364+00:00,train,3,5446,self,0.05,0,96,
2025-11-27T09:27:47.009602+00:00,train,3,5447,self,0.05,0,93,
2025-11-27T09:27:47.009738+00:00,train,3,5448,self,0.05,0,100,
2025-11-27T09:27:47.009861+00:00,train,3,5449,self,0.05,0,97,
2025-11-27T09:27:47.010047+00:00,train,3,5450,self,0.05,0,100,
2025-11-27T09:27:47.010171+00:00,train,3,5451,self,0.05,0,99,
2025-11-27T09:27:47.010295+00:00,train,3,5452,self,0.05,0,99,
2025-11-27T09:27:47.010465+00:00,train,3,5453,self,0.05,0,99,
2025-11-27T09:27:47.010604+00:00,train,3,5454,self,0.05,0,100,
2025-11-27T09:27:47.010730+00:00,train,3,5455,self,0.05,0,95,
2025-11-27T09:27:47.010858+00:00,train,3,5456,self,0.05,0,96,
2025-11-27T09:27:47.010984+00:00,train,3,5457,self,0.05,0,97,
2025-11-27T09:27:47.011112+00:00,train,3,5458,self,0.05,0,97,
2025-11-27T09:27:47.011240+00:00,train,3,5459,self,0.05,0,89,
2025-11-27T09:27:47.011369+00:00,train,3,5460,self,0.05,0,98,
2025-11-27T09:27:47.011590+00:00,train,3,5461,self,0.05,0,97,
2025-11-27T09:27:47.011721+00:00,train,3,5462,self,0.05,0,98,
2025-11-27T09:27:47.011852+00:00,train,3,5463,self,0.05,0,92,
2025-11-27T09:27:47.011983+00:00,train,3,5464,self,0.05,0,100,
2025-11-27T09:27:47.012117+00:00,train,3,5465,self,0.05,0,93,
2025-11-27T09:27:47.012248+00:00,train,3,5466,self,0.05,0,99,
2025-11-27T09:27:47.012409+00:00,train,3,5467,self,0.05,0,77,
2025-11-27T09:27:47.012541+00:00,train,3,5468,self,0.05,0,94,
2025-11-27T09:27:47.012688+00:00,train,3,5469,self,0.05,0,99,
2025-11-27T09:27:47.012871+00:00,train,3,5470,self,0.05,0,100,
2025-11-27T09:27:47.013005+00:00,train,3,5471,self,0.05,0,95,
2025-11-27T09:27:47.013140+00:00,train,3,5472,self,0.05,0,100,
2025-11-27T09:27:47.013275+00:00,train,3,5473,self,0.05,0,88,
2025-11-27T09:27:47.013448+00:00,train,3,5474,self,0.05,0,96,
2025-11-27T09:27:47.013583+00:00,train,3,5475,self,0.05,0,98,
2025-11-27T09:27:47.013790+00:00,train,3,5476,self,0.05,0,99,
2025-11-27T09:27:47.013956+00:00,train,3,5477,self,0.05,0,91,
2025-11-27T09:27:47.014097+00:00,train,3,5478,self,0.05,0,98,
2025-11-27T09:27:47.014242+00:00,train,3,5479,self,0.05,0,96,
2025-11-27T09:27:47.014425+00:00,train,3,5480,self,0.05,0,98,
2025-11-27T09:27:47.014651+00:00,train,3,5481,self,0.05,0,95,
2025-11-27T09:27:47.014838+00:00,train,3,5482,self,0.05,0,99,
2025-11-27T09:27:47.015012+00:00,train,3,5483,self,0.05,0,98,
2025-11-27T09:27:47.015209+00:00,train,3,5484,self,0.05,0,99,
2025-11-27T09:27:47.015443+00:00,train,3,5485,self,0.05,0,86,
2025-11-27T09:27:47.015635+00:00,train,3,5486,self,0.05,0,90,
2025-11-27T09:27:47.015812+00:00,train,3,5487,self,0.05,0,94,
2025-11-27T09:27:47.015971+00:00,train,3,5488,self,0.05,0,100,
2025-11-27T09:27:47.016124+00:00,train,3,5489,self,0.05,0,97,
2025-11-27T09:27:47.016273+00:00,train,3,5490,self,0.05,0,100,
2025-11-27T09:27:47.016419+00:00,train,3,5491,self,0.05,0,97,
2025-11-27T09:27:47.016572+00:00,train,3,5492,self,0.05,0,99,
2025-11-27T09:27:47.016716+00:00,train,3,5493,self,0.05,0,88,
2025-11-27T09:27:47.016861+00:00,train,3,5494,self,0.05,0,91,
2025-11-27T09:27:47.017004+00:00,train,3,5495,self,0.05,0,95,
2025-11-27T09:27:47.017149+00:00,train,3,5496,self,0.05,0,96,
2025-11-27T09:27:47.017297+00:00,train,3,5497,self,0.05,0,99,
2025-11-27T09:27:47.017444+00:00,train,3,5498,self,0.05,0,100,
2025-11-27T09:27:47.017589+00:00,train,3,5499,self,0.05,0,99,
2025-11-27T09:27:47.017738+00:00,train,3,5500,self,0.05,0,100,
2025-11-27T09:27:47.017883+00:00,train,3,5501,self,0.05,0,88,
2025-11-27T09:27:47.018027+00:00,train,3,5502,self,0.05,0,98,
2025-11-27T09:27:47.018168+00:00,train,3,5503,self,0.05,0,98,
2025-11-27T09:27:47.018311+00:00,train,3,5504,self,0.05,0,98,
2025-11-27T09:27:47.018453+00:00,train,3,5505,self,0.05,0,98,
2025-11-27T09:27:47.018595+00:00,train,3,5506,self,0.05,0,100,
2025-11-27T09:27:47.018737+00:00,train,3,5507,self,0.05,0,88,
2025-11-27T09:27:47.018879+00:00,train,3,5508,self,0.05,0,99,
2025-11-27T09:27:47.019020+00:00,train,3,5509,self,0.05,0,94,
2025-11-27T09:27:47.019161+00:00,train,3,5510,self,0.05,0,95,
2025-11-27T09:27:47.019301+00:00,train,3,5511,self,0.05,0,80,
2025-11-27T09:27:47.019443+00:00,train,3,5512,self,0.05,0,99,
2025-11-27T09:27:47.019583+00:00,train,3,5513,self,0.05,0,100,
2025-11-27T09:27:47.019724+00:00,train,3,5514,self,0.05,0,100,
2025-11-27T09:27:47.019866+00:00,train,3,5515,self,0.05,0,84,
2025-11-27T09:27:47.020007+00:00,train,3,5516,self,0.05,0,97,
2025-11-27T09:27:47.020148+00:00,train,3,5517,self,0.05,0,91,
2025-11-27T09:27:47.020290+00:00,train,3,5518,self,0.05,0,95,
2025-11-27T09:27:47.020431+00:00,train,3,5519,self,0.05,0,99,
2025-11-27T09:27:47.020578+00:00,train,3,5520,self,0.05,0,99,
2025-11-27T09:27:47.020721+00:00,train,3,5521,self,0.05,0,87,
2025-11-27T09:27:47.020867+00:00,train,3,5522,self,0.05,0,99,
2025-11-27T09:27:47.021021+00:00,train,3,5523,self,0.05,0,96,
2025-11-27T09:27:47.021171+00:00,train,3,5524,self,0.05,0,99,
2025-11-27T09:27:47.021322+00:00,train,3,5525,self,0.05,0,94,
2025-11-27T09:27:47.021471+00:00,train,3,5526,self,0.05,0,98,
2025-11-27T09:27:47.021622+00:00,train,3,5527,self,0.05,0,99,
2025-11-27T09:27:47.021771+00:00,train,3,5528,self,0.05,0,99,
2025-11-27T09:27:47.021927+00:00,train,3,5529,self,0.05,0,95,
2025-11-27T09:27:47.022090+00:00,train,3,5530,self,0.05,0,98,
2025-11-27T09:27:47.022255+00:00,train,3,5531,self,0.05,0,87,
2025-11-27T09:27:47.022413+00:00,train,3,5532,self,0.05,0,97,
2025-11-27T09:27:47.022562+00:00,train,3,5533,self,0.05,0,95,
2025-11-27T09:27:47.022703+00:00,train,3,5534,self,0.05,0,98,
2025-11-27T09:27:47.022856+00:00,train,3,5535,self,0.05,0,94,
2025-11-27T09:27:47.023052+00:00,train,3,5536,self,0.05,0,100,
2025-11-27T09:27:47.023241+00:00,train,3,5537,self,0.05,0,90,
2025-11-27T09:27:47.023414+00:00,train,3,5538,self,0.05,0,98,
2025-11-27T09:27:47.023575+00:00,train,3,5539,self,0.05,0,96,
2025-11-27T09:27:47.023736+00:00,train,3,5540,self,0.05,0,100,
2025-11-27T09:27:47.023909+00:00,train,3,5541,self,0.05,0,100,
2025-11-27T09:27:47.024072+00:00,train,3,5542,self,0.05,0,100,
2025-11-27T09:27:47.024233+00:00,train,3,5543,self,0.05,0,89,
2025-11-27T09:27:47.024403+00:00,train,3,5544,self,0.05,0,100,
2025-11-27T09:27:47.024685+00:00,train,3,5545,self,0.05,0,98,
2025-11-27T09:27:47.024880+00:00,train,3,5546,self,0.05,0,100,
2025-11-27T09:27:47.025052+00:00,train,3,5547,self,0.05,0,98,
2025-11-27T09:27:47.025219+00:00,train,3,5548,self,0.05,0,100,
2025-11-27T09:27:47.025388+00:00,train,3,5549,self,0.05,0,96,
2025-11-27T09:27:47.025555+00:00,train,3,5550,self,0.05,0,99,
2025-11-27T09:27:47.025722+00:00,train,3,5551,self,0.05,0,90,
2025-11-27T09:27:47.025902+00:00,train,3,5552,self,0.05,0,99,
2025-11-27T09:27:47.026086+00:00,train,3,5553,self,0.05,0,94,
2025-11-27T09:27:47.026281+00:00,train,3,5554,self,0.05,0,99,
2025-11-27T09:27:47.026463+00:00,train,3,5555,self,0.05,0,99,
2025-11-27T09:27:47.026650+00:00,train,3,5556,self,0.05,0,100,
2025-11-27T09:27:47.026834+00:00,train,3,5557,self,0.05,0,98,
2025-11-27T09:27:47.027002+00:00,train,3,5558,self,0.05,0,99,
2025-11-27T09:27:47.027175+00:00,train,3,5559,self,0.05,0,93,
2025-11-27T09:27:47.027343+00:00,train,3,5560,self,0.05,0,100,
2025-11-27T09:27:47.027512+00:00,train,3,5561,self,0.05,0,95,
2025-11-27T09:27:47.027673+00:00,train,3,5562,self,0.05,0,98,
2025-11-27T09:27:47.027819+00:00,train,3,5563,self,0.05,0,76,
2025-11-27T09:27:47.027960+00:00,train,3,5564,self,0.05,0,98,
2025-11-27T09:27:47.028108+00:00,train,3,5565,self,0.05,0,87,
2025-11-27T09:27:47.028253+00:00,train,3,5566,self,0.05,0,98,
2025-11-27T09:27:47.028393+00:00,train,3,5567,self,0.05,0,95,
2025-11-27T09:27:47.028533+00:00,train,3,5568,self,0.05,0,97,
2025-11-27T09:27:47.028672+00:00,train,3,5569,self,0.05,0,97,
2025-11-27T09:27:47.028813+00:00,train,3,5570,self,0.05,0,100,
2025-11-27T09:27:47.028955+00:00,train,3,5571,self,0.05,0,99,
2025-11-27T09:27:47.029096+00:00,train,3,5572,self,0.05,0,99,
2025-11-27T09:27:47.029236+00:00,train,3,5573,self,0.05,0,95,
2025-11-27T09:27:47.029380+00:00,train,3,5574,self,0.05,0,100,
2025-11-27T09:27:47.029519+00:00,train,3,5575,self,0.05,0,93,
2025-11-27T09:27:47.029658+00:00,train,3,5576,self,0.05,0,100,
2025-11-27T09:27:47.029796+00:00,train,3,5577,self,0.05,0,97,
2025-11-27T09:27:47.029934+00:00,train,3,5578,self,0.05,0,100,
2025-11-27T09:27:47.030074+00:00,train,3,5579,self,0.05,0,98,
2025-11-27T09:27:47.030214+00:00,train,3,5580,self,0.05,0,98,
2025-11-27T09:27:47.030388+00:00,train,3,5581,self,0.05,0,93,
2025-11-27T09:27:47.030528+00:00,train,3,5582,self,0.05,0,98,
2025-11-27T09:27:47.030671+00:00,train,3,5583,self,0.05,0,87,
2025-11-27T09:27:47.030824+00:00,train,3,5584,self,0.05,0,98,
2025-11-27T09:27:47.030969+00:00,train,3,5585,self,0.05,0,97,
2025-11-27T09:27:47.031110+00:00,train,3,5586,self,0.05,0,99,
2025-11-27T09:27:47.031255+00:00,train,3,5587,self,0.05,0,91,
2025-11-27T09:27:47.031399+00:00,train,3,5588,self,0.05,0,100,
2025-11-27T09:27:47.031543+00:00,train,3,5589,self,0.05,0,96,
2025-11-27T09:27:47.031680+00:00,train,3,5590,self,0.05,0,100,
2025-11-27T09:27:47.031827+00:00,train,3,5591,self,0.05,0,94,
2025-11-27T09:27:47.031968+00:00,train,3,5592,self,0.05,0,95,
2025-11-27T09:27:47.032111+00:00,train,3,5593,self,0.05,0,95,
2025-11-27T09:27:47.032252+00:00,train,3,5594,self,0.05,0,99,
2025-11-27T09:27:47.032389+00:00,train,3,5595,self,0.05,0,77,
2025-11-27T09:27:47.032525+00:00,train,3,5596,self,0.05,0,99,
2025-11-27T09:27:47.032665+00:00,train,3,5597,self,0.05,0,98,
2025-11-27T09:27:47.032802+00:00,train,3,5598,self,0.05,0,98,
2025-11-27T09:27:47.032938+00:00,train,3,5599,self,0.05,0,84,
2025-11-27T09:27:47.033074+00:00,train,3,5600,self,0.05,0,91,
2025-11-27T09:27:47.033209+00:00,train,3,5601,self,0.05,0,99,
2025-11-27T09:27:47.033343+00:00,train,3,5602,self,0.05,0,100,
2025-11-27T09:27:47.033480+00:00,train,3,5603,self,0.05,0,95,
2025-11-27T09:27:47.033615+00:00,train,3,5604,self,0.05,0,100,
2025-11-27T09:27:47.033751+00:00,train,3,5605,self,0.05,0,99,
2025-11-27T09:27:47.033887+00:00,train,3,5606,self,0.05,0,100,
2025-11-27T09:27:47.034022+00:00,train,3,5607,self,0.05,0,91,
2025-11-27T09:27:47.034158+00:00,train,3,5608,self,0.05,0,96,
2025-11-27T09:27:47.034294+00:00,train,3,5609,self,0.05,0,98,
2025-11-27T09:27:47.034432+00:00,train,3,5610,self,0.05,0,100,
2025-11-27T09:27:47.034568+00:00,train,3,5611,self,0.05,0,98,
2025-11-27T09:27:47.034710+00:00,train,3,5612,self,0.05,0,100,
2025-11-27T09:27:47.034846+00:00,train,3,5613,self,0.05,0,98,
2025-11-27T09:27:47.034982+00:00,train,3,5614,self,0.05,0,99,
2025-11-27T09:27:47.035116+00:00,train,3,5615,self,0.05,0,86,
2025-11-27T09:27:47.035251+00:00,train,3,5616,self,0.05,0,98,
2025-11-27T09:27:47.035386+00:00,train,3,5617,self,0.05,0,94,
2025-11-27T09:27:47.035522+00:00,train,3,5618,self,0.05,0,95,
2025-11-27T09:27:47.035657+00:00,train,3,5619,self,0.05,0,76,
2025-11-27T09:27:47.035792+00:00,train,3,5620,self,0.05,0,95,
2025-11-27T09:27:47.035928+00:00,train,3,5621,self,0.05,0,92,
2025-11-27T09:27:47.036064+00:00,train,3,5622,self,0.05,0,99,
2025-11-27T09:27:47.036200+00:00,train,3,5623,self,0.05,0,90,
2025-11-27T09:27:47.036336+00:00,train,3,5624,self,0.05,0,100,
2025-11-27T09:27:47.036471+00:00,train,3,5625,self,0.05,0,98,
2025-11-27T09:27:47.036606+00:00,train,3,5626,self,0.05,0,98,
2025-11-27T09:27:47.036741+00:00,train,3,5627,self,0.05,0,93,
2025-11-27T09:27:47.036876+00:00,train,3,5628,self,0.05,0,100,
2025-11-27T09:27:47.037011+00:00,train,3,5629,self,0.05,0,85,
2025-11-27T09:27:47.037145+00:00,train,3,5630,self,0.05,0,91,
2025-11-27T09:27:47.037280+00:00,train,3,5631,self,0.05,0,98,
2025-11-27T09:27:47.037415+00:00,train,3,5632,self,0.05,0,100,
2025-11-27T09:27:47.037550+00:00,train,3,5633,self,0.05,0,87,
2025-11-27T09:27:47.037685+00:00,train,3,5634,self,0.05,0,100,
2025-11-27T09:27:47.037821+00:00,train,3,5635,self,0.05,0,96,
2025-11-27T09:27:47.037956+00:00,train,3,5636,self,0.05,0,99,
2025-11-27T09:27:47.038091+00:00,train,3,5637,self,0.05,0,91,
2025-11-27T09:27:47.038226+00:00,train,3,5638,self,0.05,0,99,
2025-11-27T09:27:47.038361+00:00,train,3,5639,self,0.05,0,99,
2025-11-27T09:27:47.038496+00:00,train,3,5640,self,0.05,0,100,
2025-11-27T09:27:47.038656+00:00,train,3,5641,self,0.05,0,97,
2025-11-27T09:27:47.038796+00:00,train,3,5642,self,0.05,0,100,
2025-11-27T09:27:47.038934+00:00,train,3,5643,self,0.05,0,97,
2025-11-27T09:27:47.039070+00:00,train,3,5644,self,0.05,0,98,
2025-11-27T09:27:47.039207+00:00,train,3,5645,self,0.05,0,100,
2025-11-27T09:27:47.039342+00:00,train,3,5646,self,0.05,0,100,
2025-11-27T09:27:47.039478+00:00,train,3,5647,self,0.05,0,98,
2025-11-27T09:27:47.039614+00:00,train,3,5648,self,0.05,0,100,
2025-11-27T09:27:47.039750+00:00,train,3,5649,self,0.05,0,99,
2025-11-27T09:27:47.039885+00:00,train,3,5650,self,0.05,0,99,
2025-11-27T09:27:47.040021+00:00,train,3,5651,self,0.05,0,98,
2025-11-27T09:27:47.040157+00:00,train,3,5652,self,0.05,0,100,
2025-11-27T09:27:47.040293+00:00,train,3,5653,self,0.05,0,96,
2025-11-27T09:27:47.040428+00:00,train,3,5654,self,0.05,0,97,
2025-11-27T09:27:47.040565+00:00,train,3,5655,self,0.05,0,99,
2025-11-27T09:27:47.040704+00:00,train,3,5656,self,0.05,0,99,
2025-11-27T09:27:47.040840+00:00,train,3,5657,self,0.05,0,91,
2025-11-27T09:27:47.040975+00:00,train,3,5658,self,0.05,0,94,
2025-11-27T09:27:47.041114+00:00,train,3,5659,self,0.05,0,89,
2025-11-27T09:27:47.041249+00:00,train,3,5660,self,0.05,0,99,
2025-11-27T09:27:47.041385+00:00,train,3,5661,self,0.05,0,98,
2025-11-27T09:27:47.041520+00:00,train,3,5662,self,0.05,0,99,
2025-11-27T09:27:47.041655+00:00,train,3,5663,self,0.05,0,96,
2025-11-27T09:27:47.041790+00:00,train,3,5664,self,0.05,0,99,
2025-11-27T09:27:47.041925+00:00,train,3,5665,self,0.05,0,98,
2025-11-27T09:27:47.042061+00:00,train,3,5666,self,0.05,0,100,
2025-11-27T09:27:47.042197+00:00,train,3,5667,self,0.05,0,95,
2025-11-27T09:27:47.042332+00:00,train,3,5668,self,0.05,0,99,
2025-11-27T09:27:47.042468+00:00,train,3,5669,self,0.05,0,75,
2025-11-27T09:27:47.042604+00:00,train,3,5670,self,0.05,0,97,
2025-11-27T09:27:47.042739+00:00,train,3,5671,self,0.05,0,92,
2025-11-27T09:27:47.042874+00:00,train,3,5672,self,0.05,0,94,
2025-11-27T09:27:47.043010+00:00,train,3,5673,self,0.05,0,99,
2025-11-27T09:27:47.043145+00:00,train,3,5674,self,0.05,0,99,
2025-11-27T09:27:47.043281+00:00,train,3,5675,self,0.05,0,98,
2025-11-27T09:27:47.043416+00:00,train,3,5676,self,0.05,0,100,
2025-11-27T09:27:47.043551+00:00,train,3,5677,self,0.05,0,94,
2025-11-27T09:27:47.043687+00:00,train,3,5678,self,0.05,0,99,
2025-11-27T09:27:47.043822+00:00,train,3,5679,self,0.05,0,84,
2025-11-27T09:27:47.043957+00:00,train,3,5680,self,0.05,0,89,
2025-11-27T09:27:47.044093+00:00,train,3,5681,self,0.05,0,98,
2025-11-27T09:27:47.044229+00:00,train,3,5682,self,0.05,0,100,
2025-11-27T09:27:47.044365+00:00,train,3,5683,self,0.05,0,94,
2025-11-27T09:27:47.044501+00:00,train,3,5684,self,0.05,0,100,
2025-11-27T09:27:47.044636+00:00,train,3,5685,self,0.05,0,98,
2025-11-27T09:27:47.044770+00:00,train,3,5686,self,0.05,0,100,
2025-11-27T09:27:47.044905+00:00,train,3,5687,self,0.05,0,94,
2025-11-27T09:27:47.045138+00:00,train,3,5688,self,0.05,0,100,
2025-11-27T09:27:47.045298+00:00,train,3,5689,self,0.05,0,97,
2025-11-27T09:27:47.045447+00:00,train,3,5690,self,0.05,0,100,
2025-11-27T09:27:47.045593+00:00,train,3,5691,self,0.05,0,98,
2025-11-27T09:27:47.045736+00:00,train,3,5692,self,0.05,0,99,
2025-11-27T09:27:47.045876+00:00,train,3,5693,self,0.05,0,93,
2025-11-27T09:27:47.046015+00:00,train,3,5694,self,0.05,0,99,
2025-11-27T09:27:47.046154+00:00,train,3,5695,self,0.05,0,96,
2025-11-27T09:27:47.046318+00:00,train,3,5696,self,0.05,0,96,
2025-11-27T09:27:47.046463+00:00,train,3,5697,self,0.05,0,96,
2025-11-27T09:27:47.046602+00:00,train,3,5698,self,0.05,0,100,
2025-11-27T09:27:47.046741+00:00,train,3,5699,self,0.05,0,99,
2025-11-27T09:27:47.046880+00:00,train,3,5700,self,0.05,0,99,
2025-11-27T09:27:47.047022+00:00,train,3,5701,self,0.05,0,96,
2025-11-27T09:27:47.047159+00:00,train,3,5702,self,0.05,0,97,
2025-11-27T09:27:47.047297+00:00,train,3,5703,self,0.05,0,99,
2025-11-27T09:27:47.047433+00:00,train,3,5704,self,0.05,0,99,
2025-11-27T09:27:47.047570+00:00,train,3,5705,self,0.05,0,82,
2025-11-27T09:27:47.047709+00:00,train,3,5706,self,0.05,0,100,
2025-11-27T09:27:47.047846+00:00,train,3,5707,self,0.05,0,98,
2025-11-27T09:27:47.047984+00:00,train,3,5708,self,0.05,0,100,
2025-11-27T09:27:47.048122+00:00,train,3,5709,self,0.05,0,96,
2025-11-27T09:27:47.048320+00:00,train,3,5710,self,0.05,0,99,
2025-11-27T09:27:47.048483+00:00,train,3,5711,self,0.05,0,92,
2025-11-27T09:27:47.048634+00:00,train,3,5712,self,0.05,0,95,
2025-11-27T09:27:47.048778+00:00,train,3,5713,self,0.05,0,92,
2025-11-27T09:27:47.048919+00:00,train,3,5714,self,0.05,0,93,
2025-11-27T09:27:47.049059+00:00,train,3,5715,self,0.05,0,88,
2025-11-27T09:27:47.049197+00:00,train,3,5716,self,0.05,0,96,
2025-11-27T09:27:47.049336+00:00,train,3,5717,self,0.05,0,84,
2025-11-27T09:27:47.049475+00:00,train,3,5718,self,0.05,0,99,
2025-11-27T09:27:47.049613+00:00,train,3,5719,self,0.05,0,85,
2025-11-27T09:27:47.049750+00:00,train,3,5720,self,0.05,0,100,
2025-11-27T09:27:47.049888+00:00,train,3,5721,self,0.05,0,94,
2025-11-27T09:27:47.050025+00:00,train,3,5722,self,0.05,0,98,
2025-11-27T09:27:47.050162+00:00,train,3,5723,self,0.05,0,91,
2025-11-27T09:27:47.050305+00:00,train,3,5724,self,0.05,0,98,
2025-11-27T09:27:47.050442+00:00,train,3,5725,self,0.05,0,73,
2025-11-27T09:27:47.050579+00:00,train,3,5726,self,0.05,0,97,
2025-11-27T09:27:47.050719+00:00,train,3,5727,self,0.05,0,99,
2025-11-27T09:27:47.050857+00:00,train,3,5728,self,0.05,0,100,
2025-11-27T09:27:47.050993+00:00,train,3,5729,self,0.05,0,93,
2025-11-27T09:27:47.051129+00:00,train,3,5730,self,0.05,0,100,
2025-11-27T09:27:47.051265+00:00,train,3,5731,self,0.05,0,94,
2025-11-27T09:27:47.051401+00:00,train,3,5732,self,0.05,0,97,
2025-11-27T09:27:47.051537+00:00,train,3,5733,self,0.05,0,94,
2025-11-27T09:27:47.051673+00:00,train,3,5734,self,0.05,0,98,
2025-11-27T09:27:47.051809+00:00,train,3,5735,self,0.05,0,89,
2025-11-27T09:27:47.051945+00:00,train,3,5736,self,0.05,0,94,
2025-11-27T09:27:47.052082+00:00,train,3,5737,self,0.05,0,89,
2025-11-27T09:27:47.052218+00:00,train,3,5738,self,0.05,0,95,
2025-11-27T09:27:47.052354+00:00,train,3,5739,self,0.05,0,95,
2025-11-27T09:27:47.052490+00:00,train,3,5740,self,0.05,0,99,
2025-11-27T09:27:47.052626+00:00,train,3,5741,self,0.05,0,87,
2025-11-27T09:27:47.052761+00:00,train,3,5742,self,0.05,0,100,
2025-11-27T09:27:47.052898+00:00,train,3,5743,self,0.05,0,85,
2025-11-27T09:27:47.053035+00:00,train,3,5744,self,0.05,0,100,
2025-11-27T09:27:47.053172+00:00,train,3,5745,self,0.05,0,95,
2025-11-27T09:27:47.053308+00:00,train,3,5746,self,0.05,0,100,
2025-11-27T09:27:47.053445+00:00,train,3,5747,self,0.05,0,99,
2025-11-27T09:27:47.053582+00:00,train,3,5748,self,0.05,0,100,
2025-11-27T09:27:47.053719+00:00,train,3,5749,self,0.05,0,99,
2025-11-27T09:27:47.053853+00:00,train,3,5750,self,0.05,0,100,
2025-11-27T09:27:47.053990+00:00,train,3,5751,self,0.05,0,98,
2025-11-27T09:27:47.054127+00:00,train,3,5752,self,0.05,0,99,
2025-11-27T09:27:47.054329+00:00,train,3,5753,self,0.05,0,97,
2025-11-27T09:27:47.054469+00:00,train,3,5754,self,0.05,0,100,
2025-11-27T09:27:47.054607+00:00,train,3,5755,self,0.05,0,90,
2025-11-27T09:27:47.054744+00:00,train,3,5756,self,0.05,0,94,
2025-11-27T09:27:47.054884+00:00,train,3,5757,self,0.05,0,98,
2025-11-27T09:27:47.055021+00:00,train,3,5758,self,0.05,0,100,
2025-11-27T09:27:47.055159+00:00,train,3,5759,self,0.05,0,74,
2025-11-27T09:27:47.055377+00:00,train,3,5760,self,0.05,0,98,
2025-11-27T09:27:47.055599+00:00,train,3,5761,self,0.05,0,95,
2025-11-27T09:27:47.055761+00:00,train,3,5762,self,0.05,0,99,
2025-11-27T09:27:47.055914+00:00,train,3,5763,self,0.05,0,91,
2025-11-27T09:27:47.056062+00:00,train,3,5764,self,0.05,0,96,
2025-11-27T09:27:47.056207+00:00,train,3,5765,self,0.05,0,97,
2025-11-27T09:27:47.056351+00:00,train,3,5766,self,0.05,0,99,
2025-11-27T09:27:47.056494+00:00,train,3,5767,self,0.05,0,100,
2025-11-27T09:27:47.056636+00:00,train,3,5768,self,0.05,0,100,
2025-11-27T09:27:47.056779+00:00,train,3,5769,self,0.05,0,95,
2025-11-27T09:27:47.056922+00:00,train,3,5770,self,0.05,0,99,
2025-11-27T09:27:47.057062+00:00,train,3,5771,self,0.05,0,97,
2025-11-27T09:27:47.057204+00:00,train,3,5772,self,0.05,0,99,
2025-11-27T09:27:47.057345+00:00,train,3,5773,self,0.05,0,88,
2025-11-27T09:27:47.057489+00:00,train,3,5774,self,0.05,0,95,
2025-11-27T09:27:47.057640+00:00,train,3,5775,self,0.05,0,99,
2025-11-27T09:27:47.057796+00:00,train,3,5776,self,0.05,0,100,
2025-11-27T09:27:47.057952+00:00,train,3,5777,self,0.05,0,98,
2025-11-27T09:27:47.058116+00:00,train,3,5778,self,0.05,0,100,
2025-11-27T09:27:47.058282+00:00,train,3,5779,self,0.05,0,83,
2025-11-27T09:27:47.058454+00:00,train,3,5780,self,0.05,0,92,
2025-11-27T09:27:47.058622+00:00,train,3,5781,self,0.05,0,99,
2025-11-27T09:27:47.058789+00:00,train,3,5782,self,0.05,0,100,
2025-11-27T09:27:47.058953+00:00,train,3,5783,self,0.05,0,94,
2025-11-27T09:27:47.059119+00:00,train,3,5784,self,0.05,0,95,
2025-11-27T09:27:47.059285+00:00,train,3,5785,self,0.05,0,91,
2025-11-27T09:27:47.059455+00:00,train,3,5786,self,0.05,0,99,
2025-11-27T09:27:47.059609+00:00,train,3,5787,self,0.05,0,95,
2025-11-27T09:27:47.059754+00:00,train,3,5788,self,0.05,0,99,
2025-11-27T09:27:47.059902+00:00,train,3,5789,self,0.05,0,98,
2025-11-27T09:27:47.060044+00:00,train,3,5790,self,0.05,0,99,
2025-11-27T09:27:47.060186+00:00,train,3,5791,self,0.05,0,97,
2025-11-27T09:27:47.060328+00:00,train,3,5792,self,0.05,0,100,
2025-11-27T09:27:47.060470+00:00,train,3,5793,self,0.05,0,88,
2025-11-27T09:27:47.060611+00:00,train,3,5794,self,0.05,0,98,
2025-11-27T09:27:47.060752+00:00,train,3,5795,self,0.05,0,100,
2025-11-27T09:27:47.060893+00:00,train,3,5796,self,0.05,0,100,
2025-11-27T09:27:47.061034+00:00,train,3,5797,self,0.05,0,99,
2025-11-27T09:27:47.061175+00:00,train,3,5798,self,0.05,0,100,
2025-11-27T09:27:47.061315+00:00,train,3,5799,self,0.05,0,89,
2025-11-27T09:27:47.061455+00:00,train,3,5800,self,0.05,0,98,
2025-11-27T09:27:47.061596+00:00,train,3,5801,self,0.05,0,99,
2025-11-27T09:27:47.061745+00:00,train,3,5802,self,0.05,0,100,
2025-11-27T09:27:47.061887+00:00,train,3,5803,self,0.05,0,95,
2025-11-27T09:27:47.062030+00:00,train,3,5804,self,0.05,0,98,
2025-11-27T09:27:47.062172+00:00,train,3,5805,self,0.05,0,95,
2025-11-27T09:27:47.062313+00:00,train,3,5806,self,0.05,0,100,
2025-11-27T09:27:47.062454+00:00,train,3,5807,self,0.05,0,91,
2025-11-27T09:27:47.062596+00:00,train,3,5808,self,0.05,0,99,
2025-11-27T09:27:47.062750+00:00,train,3,5809,self,0.05,0,87,
2025-11-27T09:27:47.062886+00:00,train,3,5810,self,0.05,0,100,
2025-11-27T09:27:47.063022+00:00,train,3,5811,self,0.05,0,99,
2025-11-27T09:27:47.063159+00:00,train,3,5812,self,0.05,0,100,
2025-11-27T09:27:47.063294+00:00,train,3,5813,self,0.05,0,94,
2025-11-27T09:27:47.063431+00:00,train,3,5814,self,0.05,0,98,
2025-11-27T09:27:47.063566+00:00,train,3,5815,self,0.05,0,97,
2025-11-27T09:27:47.063725+00:00,train,3,5816,self,0.05,0,99,
2025-11-27T09:27:47.063866+00:00,train,3,5817,self,0.05,0,91,
2025-11-27T09:27:47.064006+00:00,train,3,5818,self,0.05,0,99,
2025-11-27T09:27:47.064148+00:00,train,3,5819,self,0.05,0,99,
2025-11-27T09:27:47.064289+00:00,train,3,5820,self,0.05,0,100,
2025-11-27T09:27:47.064433+00:00,train,3,5821,self,0.05,0,99,
2025-11-27T09:27:47.064572+00:00,train,3,5822,self,0.05,0,99,
2025-11-27T09:27:47.064712+00:00,train,3,5823,self,0.05,0,95,
2025-11-27T09:27:47.064851+00:00,train,3,5824,self,0.05,0,99,
2025-11-27T09:27:47.064991+00:00,train,3,5825,self,0.05,0,98,
2025-11-27T09:27:47.065131+00:00,train,3,5826,self,0.05,0,100,
2025-11-27T09:27:47.065271+00:00,train,3,5827,self,0.05,0,90,
2025-11-27T09:27:47.065414+00:00,train,3,5828,self,0.05,0,92,
2025-11-27T09:27:47.065554+00:00,train,3,5829,self,0.05,0,96,
2025-11-27T09:27:47.065694+00:00,train,3,5830,self,0.05,0,99,
2025-11-27T09:27:47.065834+00:00,train,3,5831,self,0.05,0,95,
2025-11-27T09:27:47.065972+00:00,train,3,5832,self,0.05,0,98,
2025-11-27T09:27:47.066111+00:00,train,3,5833,self,0.05,0,91,
2025-11-27T09:27:47.066249+00:00,train,3,5834,self,0.05,0,97,
2025-11-27T09:27:47.066388+00:00,train,3,5835,self,0.05,0,98,
2025-11-27T09:27:47.066527+00:00,train,3,5836,self,0.05,0,100,
2025-11-27T09:27:47.066678+00:00,train,3,5837,self,0.05,0,98,
2025-11-27T09:27:47.066812+00:00,train,3,5838,self,0.05,0,100,
2025-11-27T09:27:47.066947+00:00,train,3,5839,self,0.05,0,84,
2025-11-27T09:27:47.067082+00:00,train,3,5840,self,0.05,0,100,
2025-11-27T09:27:47.067249+00:00,train,3,5841,self,0.05,0,90,
2025-11-27T09:27:47.067437+00:00,train,3,5842,self,0.05,0,95,
2025-11-27T09:27:47.067589+00:00,train,3,5843,self,0.05,0,93,
2025-11-27T09:27:47.067733+00:00,train,3,5844,self,0.05,0,100,
2025-11-27T09:27:47.067872+00:00,train,3,5845,self,0.05,0,97,
2025-11-27T09:27:47.068008+00:00,train,3,5846,self,0.05,0,100,
2025-11-27T09:27:47.068146+00:00,train,3,5847,self,0.05,0,93,
2025-11-27T09:27:47.068281+00:00,train,3,5848,self,0.05,0,96,
2025-11-27T09:27:47.068416+00:00,train,3,5849,self,0.05,0,96,
2025-11-27T09:27:47.068550+00:00,train,3,5850,self,0.05,0,100,
2025-11-27T09:27:47.068683+00:00,train,3,5851,self,0.05,0,96,
2025-11-27T09:27:47.068814+00:00,train,3,5852,self,0.05,0,97,
2025-11-27T09:27:47.068948+00:00,train,3,5853,self,0.05,0,94,
2025-11-27T09:27:47.069080+00:00,train,3,5854,self,0.05,0,97,
2025-11-27T09:27:47.069211+00:00,train,3,5855,self,0.05,0,94,
2025-11-27T09:27:47.069343+00:00,train,3,5856,self,0.05,0,98,
2025-11-27T09:27:47.069474+00:00,train,3,5857,self,0.05,0,89,
2025-11-27T09:27:47.069606+00:00,train,3,5858,self,0.05,0,99,
2025-11-27T09:27:47.069737+00:00,train,3,5859,self,0.05,0,99,
2025-11-27T09:27:47.069867+00:00,train,3,5860,self,0.05,0,99,
2025-11-27T09:27:47.069998+00:00,train,3,5861,self,0.05,0,90,
2025-11-27T09:27:47.070129+00:00,train,3,5862,self,0.05,0,100,
2025-11-27T09:27:47.070260+00:00,train,3,5863,self,0.05,0,94,
2025-11-27T09:27:47.070392+00:00,train,3,5864,self,0.05,0,99,
2025-11-27T09:27:47.070523+00:00,train,3,5865,self,0.05,0,99,
2025-11-27T09:27:47.070653+00:00,train,3,5866,self,0.05,0,99,
2025-11-27T09:27:47.070784+00:00,train,3,5867,self,0.05,0,93,
2025-11-27T09:27:47.070914+00:00,train,3,5868,self,0.05,0,99,
2025-11-27T09:27:47.071045+00:00,train,3,5869,self,0.05,0,97,
2025-11-27T09:27:47.071176+00:00,train,3,5870,self,0.05,0,100,
2025-11-27T09:27:47.071308+00:00,train,3,5871,self,0.05,0,80,
2025-11-27T09:27:47.071439+00:00,train,3,5872,self,0.05,0,98,
2025-11-27T09:27:47.071570+00:00,train,3,5873,self,0.05,0,99,
2025-11-27T09:27:47.071700+00:00,train,3,5874,self,0.05,0,99,
2025-11-27T09:27:47.071830+00:00,train,3,5875,self,0.05,0,96,
2025-11-27T09:27:47.071999+00:00,train,3,5876,self,0.05,0,99,
2025-11-27T09:27:47.072187+00:00,train,3,5877,self,0.05,0,93,
2025-11-27T09:27:47.072348+00:00,train,3,5878,self,0.05,0,98,
2025-11-27T09:27:47.072503+00:00,train,3,5879,self,0.05,0,87,
2025-11-27T09:27:47.072671+00:00,train,3,5880,self,0.05,0,98,
2025-11-27T09:27:47.072810+00:00,train,3,5881,self,0.05,0,97,
2025-11-27T09:27:47.072949+00:00,train,3,5882,self,0.05,0,97,
2025-11-27T09:27:47.073087+00:00,train,3,5883,self,0.05,0,97,
2025-11-27T09:27:47.073224+00:00,train,3,5884,self,0.05,0,100,
2025-11-27T09:27:47.073360+00:00,train,3,5885,self,0.05,0,85,
2025-11-27T09:27:47.073496+00:00,train,3,5886,self,0.05,0,100,
2025-11-27T09:27:47.073633+00:00,train,3,5887,self,0.05,0,92,
2025-11-27T09:27:47.073768+00:00,train,3,5888,self,0.05,0,99,
2025-11-27T09:27:47.073904+00:00,train,3,5889,self,0.05,0,92,
2025-11-27T09:27:47.074040+00:00,train,3,5890,self,0.05,0,93,
2025-11-27T09:27:47.074175+00:00,train,3,5891,self,0.05,0,88,
2025-11-27T09:27:47.074310+00:00,train,3,5892,self,0.05,0,91,
2025-11-27T09:27:47.074445+00:00,train,3,5893,self,0.05,0,91,
2025-11-27T09:27:47.074580+00:00,train,3,5894,self,0.05,0,96,
2025-11-27T09:27:47.074714+00:00,train,3,5895,self,0.05,0,86,
2025-11-27T09:27:47.074849+00:00,train,3,5896,self,0.05,0,91,
2025-11-27T09:27:47.074984+00:00,train,3,5897,self,0.05,0,99,
2025-11-27T09:27:47.075122+00:00,train,3,5898,self,0.05,0,99,
2025-11-27T09:27:47.075259+00:00,train,3,5899,self,0.05,0,92,
2025-11-27T09:27:47.075393+00:00,train,3,5900,self,0.05,0,93,
2025-11-27T09:27:47.078579+00:00,train,3,5901,self,0.05,0,100,
2025-11-27T09:27:47.078751+00:00,train,3,5902,self,0.05,0,100,
2025-11-27T09:27:47.078898+00:00,train,3,5903,self,0.05,0,89,
2025-11-27T09:27:47.079044+00:00,train,3,5904,self,0.05,0,94,
2025-11-27T09:27:47.079189+00:00,train,3,5905,self,0.05,0,97,
2025-11-27T09:27:47.079333+00:00,train,3,5906,self,0.05,0,100,
2025-11-27T09:27:47.079478+00:00,train,3,5907,self,0.05,0,92,
2025-11-27T09:27:47.079624+00:00,train,3,5908,self,0.05,0,99,
2025-11-27T09:27:47.079771+00:00,train,3,5909,self,0.05,0,96,
2025-11-27T09:27:47.079916+00:00,train,3,5910,self,0.05,0,100,
2025-11-27T09:27:47.080061+00:00,train,3,5911,self,0.05,0,95,
2025-11-27T09:27:47.080205+00:00,train,3,5912,self,0.05,0,95,
2025-11-27T09:27:47.080364+00:00,train,3,5913,self,0.05,0,98,
2025-11-27T09:27:47.080571+00:00,train,3,5914,self,0.05,0,99,
2025-11-27T09:27:47.080735+00:00,train,3,5915,self,0.05,0,94,
2025-11-27T09:27:47.080887+00:00,train,3,5916,self,0.05,0,95,
2025-11-27T09:27:47.081032+00:00,train,3,5917,self,0.05,0,96,
2025-11-27T09:27:47.081178+00:00,train,3,5918,self,0.05,0,96,
2025-11-27T09:27:47.081319+00:00,train,3,5919,self,0.05,0,95,
2025-11-27T09:27:47.081458+00:00,train,3,5920,self,0.05,0,100,
2025-11-27T09:27:47.081598+00:00,train,3,5921,self,0.05,0,93,
2025-11-27T09:27:47.081758+00:00,train,3,5922,self,0.05,0,98,
2025-11-27T09:27:47.081901+00:00,train,3,5923,self,0.05,0,96,
2025-11-27T09:27:47.082041+00:00,train,3,5924,self,0.05,0,100,
2025-11-27T09:27:47.082180+00:00,train,3,5925,self,0.05,0,81,
2025-11-27T09:27:47.082319+00:00,train,3,5926,self,0.05,0,100,
2025-11-27T09:27:47.082458+00:00,train,3,5927,self,0.05,0,99,
2025-11-27T09:27:47.082596+00:00,train,3,5928,self,0.05,0,100,
2025-11-27T09:27:47.082734+00:00,train,3,5929,self,0.05,0,95,
2025-11-27T09:27:47.082874+00:00,train,3,5930,self,0.05,0,97,
2025-11-27T09:27:47.083012+00:00,train,3,5931,self,0.05,0,86,
2025-11-27T09:27:47.083151+00:00,train,3,5932,self,0.05,0,99,
2025-11-27T09:27:47.083291+00:00,train,3,5933,self,0.05,0,95,
2025-11-27T09:27:47.083429+00:00,train,3,5934,self,0.05,0,99,
2025-11-27T09:27:47.083567+00:00,train,3,5935,self,0.05,0,84,
2025-11-27T09:27:47.083706+00:00,train,3,5936,self,0.05,0,98,
2025-11-27T09:27:47.083844+00:00,train,3,5937,self,0.05,0,94,
2025-11-27T09:27:47.083981+00:00,train,3,5938,self,0.05,0,95,
2025-11-27T09:27:47.084120+00:00,train,3,5939,self,0.05,0,77,
2025-11-27T09:27:47.084260+00:00,train,3,5940,self,0.05,0,91,
2025-11-27T09:27:47.084398+00:00,train,3,5941,self,0.05,0,94,
2025-11-27T09:27:47.084537+00:00,train,3,5942,self,0.05,0,100,
2025-11-27T09:27:47.084677+00:00,train,3,5943,self,0.05,0,97,
2025-11-27T09:27:47.084817+00:00,train,3,5944,self,0.05,0,99,
2025-11-27T09:27:47.084957+00:00,train,3,5945,self,0.05,0,94,
2025-11-27T09:27:47.085098+00:00,train,3,5946,self,0.05,0,99,
2025-11-27T09:27:47.085239+00:00,train,3,5947,self,0.05,0,97,
2025-11-27T09:27:47.085380+00:00,train,3,5948,self,0.05,0,100,
2025-11-27T09:27:47.085522+00:00,train,3,5949,self,0.05,0,99,
2025-11-27T09:27:47.085663+00:00,train,3,5950,self,0.05,0,100,
2025-11-27T09:27:47.085804+00:00,train,3,5951,self,0.05,0,86,
2025-11-27T09:27:47.085943+00:00,train,3,5952,self,0.05,0,99,
2025-11-27T09:27:47.086083+00:00,train,3,5953,self,0.05,0,86,
2025-11-27T09:27:47.086224+00:00,train,3,5954,self,0.05,0,100,
2025-11-27T09:27:47.086365+00:00,train,3,5955,self,0.05,0,97,
2025-11-27T09:27:47.086505+00:00,train,3,5956,self,0.05,0,99,
2025-11-27T09:27:47.086646+00:00,train,3,5957,self,0.05,0,95,
2025-11-27T09:27:47.086787+00:00,train,3,5958,self,0.05,0,99,
2025-11-27T09:27:47.086928+00:00,train,3,5959,self,0.05,0,78,
2025-11-27T09:27:47.087069+00:00,train,3,5960,self,0.05,0,98,
2025-11-27T09:27:47.087209+00:00,train,3,5961,self,0.05,0,96,
2025-11-27T09:27:47.087349+00:00,train,3,5962,self,0.05,0,99,
2025-11-27T09:27:47.087489+00:00,train,3,5963,self,0.05,0,98,
2025-11-27T09:27:47.087630+00:00,train,3,5964,self,0.05,0,99,
2025-11-27T09:27:47.087770+00:00,train,3,5965,self,0.05,0,92,
2025-11-27T09:27:47.087914+00:00,train,3,5966,self,0.05,0,95,
2025-11-27T09:27:47.088062+00:00,train,3,5967,self,0.05,0,94,
2025-11-27T09:27:47.088212+00:00,train,3,5968,self,0.05,0,97,
2025-11-27T09:27:47.088361+00:00,train,3,5969,self,0.05,0,83,
2025-11-27T09:27:47.088508+00:00,train,3,5970,self,0.05,0,100,
2025-11-27T09:27:47.088662+00:00,train,3,5971,self,0.05,0,100,
2025-11-27T09:27:47.088826+00:00,train,3,5972,self,0.05,0,100,
2025-11-27T09:27:47.088977+00:00,train,3,5973,self,0.05,0,97,
2025-11-27T09:27:47.089126+00:00,train,3,5974,self,0.05,0,99,
2025-11-27T09:27:47.089271+00:00,train,3,5975,self,0.05,0,99,
2025-11-27T09:27:47.089415+00:00,train,3,5976,self,0.05,0,100,
2025-11-27T09:27:47.089559+00:00,train,3,5977,self,0.05,0,95,
2025-11-27T09:27:47.089784+00:00,train,3,5978,self,0.05,0,97,
2025-11-27T09:27:47.090038+00:00,train,3,5979,self,0.05,0,92,
2025-11-27T09:27:47.090206+00:00,train,3,5980,self,0.05,0,99,
2025-11-27T09:27:47.090363+00:00,train,3,5981,self,0.05,0,95,
2025-11-27T09:27:47.090515+00:00,train,3,5982,self,0.05,0,99,
2025-11-27T09:27:47.090670+00:00,train,3,5983,self,0.05,0,95,
2025-11-27T09:27:47.090814+00:00,train,3,5984,self,0.05,0,96,
2025-11-27T09:27:47.090960+00:00,train,3,5985,self,0.05,0,90,
2025-11-27T09:27:47.091106+00:00,train,3,5986,self,0.05,0,91,
2025-11-27T09:27:47.091263+00:00,train,3,5987,self,0.05,0,99,
2025-11-27T09:27:47.091410+00:00,train,3,5988,self,0.05,0,100,
2025-11-27T09:27:47.091557+00:00,train,3,5989,self,0.05,0,84,
2025-11-27T09:27:47.091699+00:00,train,3,5990,self,0.05,0,99,
2025-11-27T09:27:47.091849+00:00,train,3,5991,self,0.05,0,94,
2025-11-27T09:27:47.091994+00:00,train,3,5992,self,0.05,0,95,
2025-11-27T09:27:47.092141+00:00,train,3,5993,self,0.05,0,95,
2025-11-27T09:27:47.092286+00:00,train,3,5994,self,0.05,0,100,
2025-11-27T09:27:47.092564+00:00,train,3,5995,self,0.05,0,96,
2025-11-27T09:27:47.092785+00:00,train,3,5996,self,0.05,0,99,
2025-11-27T09:27:47.092992+00:00,train,3,5997,self,0.05,0,99,
2025-11-27T09:27:47.093194+00:00,train,3,5998,self,0.05,0,100,
2025-11-27T09:27:47.093423+00:00,train,3,5999,self,0.05,0,99,
2025-11-27T09:27:47.093645+00:00,train,3,6000,self,0.05,0,100,
2025-11-27T09:27:47.093836+00:00,train,3,6001,self,0.05,0,91,
2025-11-27T09:27:47.094033+00:00,train,3,6002,self,0.05,0,100,
2025-11-27T09:27:47.094241+00:00,train,3,6003,self,0.05,0,97,
2025-11-27T09:27:47.094414+00:00,train,3,6004,self,0.05,0,98,
2025-11-27T09:27:47.094556+00:00,train,3,6005,self,0.05,0,93,
2025-11-27T09:27:47.094700+00:00,train,3,6006,self,0.05,0,96,
2025-11-27T09:27:47.094841+00:00,train,3,6007,self,0.05,0,87,
2025-11-27T09:27:47.094981+00:00,train,3,6008,self,0.05,0,89,
2025-11-27T09:27:47.095121+00:00,train,3,6009,self,0.05,0,94,
2025-11-27T09:27:47.095263+00:00,train,3,6010,self,0.05,0,99,
2025-11-27T09:27:47.095402+00:00,train,3,6011,self,0.05,0,97,
2025-11-27T09:27:47.095541+00:00,train,3,6012,self,0.05,0,98,
2025-11-27T09:27:47.095680+00:00,train,3,6013,self,0.05,0,99,
2025-11-27T09:27:47.095820+00:00,train,3,6014,self,0.05,0,100,
2025-11-27T09:27:47.095959+00:00,train,3,6015,self,0.05,0,94,
2025-11-27T09:27:47.096098+00:00,train,3,6016,self,0.05,0,97,
2025-11-27T09:27:47.096238+00:00,train,3,6017,self,0.05,0,97,
2025-11-27T09:27:47.096378+00:00,train,3,6018,self,0.05,0,99,
2025-11-27T09:27:47.096518+00:00,train,3,6019,self,0.05,0,99,
2025-11-27T09:27:47.096657+00:00,train,3,6020,self,0.05,0,100,
2025-11-27T09:27:47.096796+00:00,train,3,6021,self,0.05,0,94,
2025-11-27T09:27:47.096935+00:00,train,3,6022,self,0.05,0,98,
2025-11-27T09:27:47.097076+00:00,train,3,6023,self,0.05,0,96,
2025-11-27T09:27:47.097216+00:00,train,3,6024,self,0.05,0,100,
2025-11-27T09:27:47.097356+00:00,train,3,6025,self,0.05,0,94,
2025-11-27T09:27:47.097500+00:00,train,3,6026,self,0.05,0,99,
2025-11-27T09:27:47.097640+00:00,train,3,6027,self,0.05,0,98,
2025-11-27T09:27:47.097781+00:00,train,3,6028,self,0.05,0,99,
2025-11-27T09:27:47.097920+00:00,train,3,6029,self,0.05,0,86,
2025-11-27T09:27:47.098061+00:00,train,3,6030,self,0.05,0,98,
2025-11-27T09:27:47.098207+00:00,train,3,6031,self,0.05,0,94,
2025-11-27T09:27:47.098350+00:00,train,3,6032,self,0.05,0,98,
2025-11-27T09:27:47.098490+00:00,train,3,6033,self,0.05,0,95,
2025-11-27T09:27:47.098630+00:00,train,3,6034,self,0.05,0,100,
2025-11-27T09:27:47.098769+00:00,train,3,6035,self,0.05,0,94,
2025-11-27T09:27:47.098909+00:00,train,3,6036,self,0.05,0,100,
2025-11-27T09:27:47.099048+00:00,train,3,6037,self,0.05,0,99,
2025-11-27T09:27:47.099187+00:00,train,3,6038,self,0.05,0,100,
2025-11-27T09:27:47.099328+00:00,train,3,6039,self,0.05,0,98,
2025-11-27T09:27:47.099468+00:00,train,3,6040,self,0.05,0,99,
2025-11-27T09:27:47.099608+00:00,train,3,6041,self,0.05,0,100,
2025-11-27T09:27:47.099747+00:00,train,3,6042,self,0.05,0,100,
2025-11-27T09:27:47.099885+00:00,train,3,6043,self,0.05,0,99,
2025-11-27T09:27:47.100023+00:00,train,3,6044,self,0.05,0,99,
2025-11-27T09:27:47.100162+00:00,train,3,6045,self,0.05,0,98,
2025-11-27T09:27:47.100300+00:00,train,3,6046,self,0.05,0,100,
2025-11-27T09:27:47.100437+00:00,train,3,6047,self,0.05,0,99,
2025-11-27T09:27:47.100579+00:00,train,3,6048,self,0.05,0,100,
2025-11-27T09:27:47.100781+00:00,train,3,6049,self,0.05,0,84,
2025-11-27T09:27:47.100945+00:00,train,3,6050,self,0.05,0,95,
2025-11-27T09:27:47.101087+00:00,train,3,6051,self,0.05,0,91,
2025-11-27T09:27:47.101226+00:00,train,3,6052,self,0.05,0,99,
2025-11-27T09:27:47.101365+00:00,train,3,6053,self,0.05,0,84,
2025-11-27T09:27:47.101503+00:00,train,3,6054,self,0.05,0,100,
2025-11-27T09:27:47.101643+00:00,train,3,6055,self,0.05,0,100,
2025-11-27T09:27:47.101780+00:00,train,3,6056,self,0.05,0,100,
2025-11-27T09:27:47.101923+00:00,train,3,6057,self,0.05,0,87,
2025-11-27T09:27:47.102070+00:00,train,3,6058,self,0.05,0,98,
2025-11-27T09:27:47.102215+00:00,train,3,6059,self,0.05,0,86,
2025-11-27T09:27:47.102367+00:00,train,3,6060,self,0.05,0,100,
2025-11-27T09:27:47.102508+00:00,train,3,6061,self,0.05,0,96,
2025-11-27T09:27:47.102646+00:00,train,3,6062,self,0.05,0,98,
2025-11-27T09:27:47.102783+00:00,train,3,6063,self,0.05,0,94,
2025-11-27T09:27:47.102920+00:00,train,3,6064,self,0.05,0,98,
2025-11-27T09:27:47.103057+00:00,train,3,6065,self,0.05,0,95,
2025-11-27T09:27:47.103194+00:00,train,3,6066,self,0.05,0,98,
2025-11-27T09:27:47.103332+00:00,train,3,6067,self,0.05,0,92,
2025-11-27T09:27:47.103469+00:00,train,3,6068,self,0.05,0,93,
2025-11-27T09:27:47.103606+00:00,train,3,6069,self,0.05,0,91,
2025-11-27T09:27:47.103743+00:00,train,3,6070,self,0.05,0,97,
2025-11-27T09:27:47.103881+00:00,train,3,6071,self,0.05,0,83,
2025-11-27T09:27:47.104018+00:00,train,3,6072,self,0.05,0,97,
2025-11-27T09:27:47.104155+00:00,train,3,6073,self,0.05,0,86,
2025-11-27T09:27:47.104292+00:00,train,3,6074,self,0.05,0,96,
2025-11-27T09:27:47.104429+00:00,train,3,6075,self,0.05,0,89,
2025-11-27T09:27:47.104566+00:00,train,3,6076,self,0.05,0,91,
2025-11-27T09:27:47.104702+00:00,train,3,6077,self,0.05,0,96,
2025-11-27T09:27:47.104840+00:00,train,3,6078,self,0.05,0,100,
2025-11-27T09:27:47.104977+00:00,train,3,6079,self,0.05,0,99,
2025-11-27T09:27:47.105114+00:00,train,3,6080,self,0.05,0,100,
2025-11-27T09:27:47.105252+00:00,train,3,6081,self,0.05,0,89,
2025-11-27T09:27:47.105465+00:00,train,3,6082,self,0.05,0,99,
2025-11-27T09:27:47.105627+00:00,train,3,6083,self,0.05,0,75,
2025-11-27T09:27:47.105776+00:00,train,3,6084,self,0.05,0,97,
2025-11-27T09:27:47.105920+00:00,train,3,6085,self,0.05,0,95,
2025-11-27T09:27:47.106063+00:00,train,3,6086,self,0.05,0,98,
2025-11-27T09:27:47.106202+00:00,train,3,6087,self,0.05,0,91,
2025-11-27T09:27:47.106426+00:00,train,3,6088,self,0.05,0,91,
2025-11-27T09:27:47.106599+00:00,train,3,6089,self,0.05,0,95,
2025-11-27T09:27:47.106760+00:00,train,3,6090,self,0.05,0,98,
2025-11-27T09:27:47.106917+00:00,train,3,6091,self,0.05,0,86,
2025-11-27T09:27:47.107071+00:00,train,3,6092,self,0.05,0,100,
2025-11-27T09:27:47.107225+00:00,train,3,6093,self,0.05,0,100,
2025-11-27T09:27:47.107386+00:00,train,3,6094,self,0.05,0,100,
2025-11-27T09:27:47.107550+00:00,train,3,6095,self,0.05,0,99,
2025-11-27T09:27:47.107701+00:00,train,3,6096,self,0.05,0,99,
2025-11-27T09:27:47.107848+00:00,train,3,6097,self,0.05,0,98,
2025-11-27T09:27:47.107994+00:00,train,3,6098,self,0.05,0,99,
2025-11-27T09:27:47.108141+00:00,train,3,6099,self,0.05,0,90,
2025-11-27T09:27:47.108290+00:00,train,3,6100,self,0.05,0,99,
2025-11-27T09:27:47.108436+00:00,train,3,6101,self,0.05,0,91,
2025-11-27T09:27:47.108581+00:00,train,3,6102,self,0.05,0,100,
2025-11-27T09:27:47.108727+00:00,train,3,6103,self,0.05,0,95,
2025-11-27T09:27:47.108872+00:00,train,3,6104,self,0.05,0,98,
2025-11-27T09:27:47.109017+00:00,train,3,6105,self,0.05,0,94,
2025-11-27T09:27:47.109162+00:00,train,3,6106,self,0.05,0,99,
2025-11-27T09:27:47.109307+00:00,train,3,6107,self,0.05,0,86,
2025-11-27T09:27:47.109450+00:00,train,3,6108,self,0.05,0,100,
2025-11-27T09:27:47.109594+00:00,train,3,6109,self,0.05,0,88,
2025-11-27T09:27:47.109737+00:00,train,3,6110,self,0.05,0,100,
2025-11-27T09:27:47.109881+00:00,train,3,6111,self,0.05,0,96,
2025-11-27T09:27:47.110025+00:00,train,3,6112,self,0.05,0,99,
2025-11-27T09:27:47.110172+00:00,train,3,6113,self,0.05,0,93,
2025-11-27T09:27:47.110317+00:00,train,3,6114,self,0.05,0,100,
2025-11-27T09:27:47.110461+00:00,train,3,6115,self,0.05,0,92,
2025-11-27T09:27:47.110606+00:00,train,3,6116,self,0.05,0,98,
2025-11-27T09:27:47.110751+00:00,train,3,6117,self,0.05,0,80,
2025-11-27T09:27:47.110930+00:00,train,3,6118,self,0.05,0,93,
2025-11-27T09:27:47.111125+00:00,train,3,6119,self,0.05,0,98,
2025-11-27T09:27:47.111281+00:00,train,3,6120,self,0.05,0,99,
2025-11-27T09:27:47.111429+00:00,train,3,6121,self,0.05,0,93,
2025-11-27T09:27:47.111573+00:00,train,3,6122,self,0.05,0,99,
2025-11-27T09:27:47.111713+00:00,train,3,6123,self,0.05,0,86,
2025-11-27T09:27:47.111853+00:00,train,3,6124,self,0.05,0,95,
2025-11-27T09:27:47.111992+00:00,train,3,6125,self,0.05,0,96,
2025-11-27T09:27:47.112134+00:00,train,3,6126,self,0.05,0,98,
2025-11-27T09:27:47.112295+00:00,train,3,6127,self,0.05,0,92,
2025-11-27T09:27:47.112434+00:00,train,3,6128,self,0.05,0,96,
2025-11-27T09:27:47.112578+00:00,train,3,6129,self,0.05,0,92,
2025-11-27T09:27:47.112714+00:00,train,3,6130,self,0.05,0,98,
2025-11-27T09:27:47.112850+00:00,train,3,6131,self,0.05,0,99,
2025-11-27T09:27:47.112986+00:00,train,3,6132,self,0.05,0,100,
2025-11-27T09:27:47.113122+00:00,train,3,6133,self,0.05,0,94,
2025-11-27T09:27:47.113257+00:00,train,3,6134,self,0.05,0,97,
2025-11-27T09:27:47.113392+00:00,train,3,6135,self,0.05,0,85,
2025-11-27T09:27:47.113528+00:00,train,3,6136,self,0.05,0,92,
2025-11-27T09:27:47.113664+00:00,train,3,6137,self,0.05,0,89,
2025-11-27T09:27:47.113802+00:00,train,3,6138,self,0.05,0,96,
2025-11-27T09:27:47.113938+00:00,train,3,6139,self,0.05,0,89,
2025-11-27T09:27:47.114074+00:00,train,3,6140,self,0.05,0,100,
2025-11-27T09:27:47.114211+00:00,train,3,6141,self,0.05,0,88,
2025-11-27T09:27:47.114348+00:00,train,3,6142,self,0.05,0,100,
2025-11-27T09:27:47.114486+00:00,train,3,6143,self,0.05,0,85,
2025-11-27T09:27:47.114623+00:00,train,3,6144,self,0.05,0,99,
2025-11-27T09:27:47.114760+00:00,train,3,6145,self,0.05,0,81,
2025-11-27T09:27:47.114898+00:00,train,3,6146,self,0.05,0,100,
2025-11-27T09:27:47.115036+00:00,train,3,6147,self,0.05,0,99,
2025-11-27T09:27:47.115175+00:00,train,3,6148,self,0.05,0,100,
2025-11-27T09:27:47.115313+00:00,train,3,6149,self,0.05,0,100,
2025-11-27T09:27:47.115461+00:00,train,3,6150,self,0.05,0,100,
2025-11-27T09:27:47.115601+00:00,train,3,6151,self,0.05,0,87,
2025-11-27T09:27:47.115739+00:00,train,3,6152,self,0.05,0,89,
2025-11-27T09:27:47.115877+00:00,train,3,6153,self,0.05,0,96,
2025-11-27T09:27:47.116016+00:00,train,3,6154,self,0.05,0,99,
2025-11-27T09:27:47.116153+00:00,train,3,6155,self,0.05,0,98,
2025-11-27T09:27:47.116292+00:00,train,3,6156,self,0.05,0,99,
2025-11-27T09:27:47.116429+00:00,train,3,6157,self,0.05,0,93,
2025-11-27T09:27:47.116566+00:00,train,3,6158,self,0.05,0,98,
2025-11-27T09:27:47.116702+00:00,train,3,6159,self,0.05,0,94,
2025-11-27T09:27:47.116838+00:00,train,3,6160,self,0.05,0,97,
2025-11-27T09:27:47.116974+00:00,train,3,6161,self,0.05,0,93,
2025-11-27T09:27:47.117123+00:00,train,3,6162,self,0.05,0,100,
2025-11-27T09:27:47.117264+00:00,train,3,6163,self,0.05,0,92,
2025-11-27T09:27:47.117402+00:00,train,3,6164,self,0.05,0,100,
2025-11-27T09:27:47.117539+00:00,train,3,6165,self,0.05,0,98,
2025-11-27T09:27:47.117675+00:00,train,3,6166,self,0.05,0,99,
2025-11-27T09:27:47.117812+00:00,train,3,6167,self,0.05,0,100,
2025-11-27T09:27:47.117948+00:00,train,3,6168,self,0.05,0,100,
2025-11-27T09:27:47.118084+00:00,train,3,6169,self,0.05,0,85,
2025-11-27T09:27:47.118220+00:00,train,3,6170,self,0.05,0,97,
2025-11-27T09:27:47.118357+00:00,train,3,6171,self,0.05,0,92,
2025-11-27T09:27:47.118494+00:00,train,3,6172,self,0.05,0,100,
2025-11-27T09:27:47.118631+00:00,train,3,6173,self,0.05,0,92,
2025-11-27T09:27:47.118767+00:00,train,3,6174,self,0.05,0,99,
2025-11-27T09:27:47.118903+00:00,train,3,6175,self,0.05,0,99,
2025-11-27T09:27:47.119039+00:00,train,3,6176,self,0.05,0,100,
2025-11-27T09:27:47.119174+00:00,train,3,6177,self,0.05,0,91,
2025-11-27T09:27:47.119315+00:00,train,3,6178,self,0.05,0,100,
2025-11-27T09:27:47.119451+00:00,train,3,6179,self,0.05,0,89,
2025-11-27T09:27:47.119588+00:00,train,3,6180,self,0.05,0,97,
2025-11-27T09:27:47.119725+00:00,train,3,6181,self,0.05,0,94,
2025-11-27T09:27:47.119860+00:00,train,3,6182,self,0.05,0,96,
2025-11-27T09:27:47.119997+00:00,train,3,6183,self,0.05,0,98,
2025-11-27T09:27:47.120134+00:00,train,3,6184,self,0.05,0,100,
2025-11-27T09:27:47.120277+00:00,train,3,6185,self,0.05,0,90,
2025-11-27T09:27:47.120413+00:00,train,3,6186,self,0.05,0,91,
2025-11-27T09:27:47.120549+00:00,train,3,6187,self,0.05,0,92,
2025-11-27T09:27:47.120686+00:00,train,3,6188,self,0.05,0,99,
2025-11-27T09:27:47.120822+00:00,train,3,6189,self,0.05,0,97,
2025-11-27T09:27:47.120958+00:00,train,3,6190,self,0.05,0,98,
2025-11-27T09:27:47.121102+00:00,train,3,6191,self,0.05,0,90,
2025-11-27T09:27:47.121245+00:00,train,3,6192,self,0.05,0,100,
2025-11-27T09:27:47.121384+00:00,train,3,6193,self,0.05,0,92,
2025-11-27T09:27:47.121520+00:00,train,3,6194,self,0.05,0,100,
2025-11-27T09:27:47.121657+00:00,train,3,6195,self,0.05,0,98,
2025-11-27T09:27:47.121795+00:00,train,3,6196,self,0.05,0,98,
2025-11-27T09:27:47.121932+00:00,train,3,6197,self,0.05,0,93,
2025-11-27T09:27:47.122214+00:00,train,3,6198,self,0.05,0,98,
2025-11-27T09:27:47.122380+00:00,train,3,6199,self,0.05,0,96,
2025-11-27T09:27:47.122532+00:00,train,3,6200,self,0.05,0,99,
2025-11-27T09:27:47.122680+00:00,train,3,6201,self,0.05,0,94,
2025-11-27T09:27:47.122825+00:00,train,3,6202,self,0.05,0,99,
2025-11-27T09:27:47.122967+00:00,train,3,6203,self,0.05,0,99,
2025-11-27T09:27:47.123108+00:00,train,3,6204,self,0.05,0,100,
2025-11-27T09:27:47.123249+00:00,train,3,6205,self,0.05,0,85,
2025-11-27T09:27:47.123390+00:00,train,3,6206,self,0.05,0,93,
2025-11-27T09:27:47.123530+00:00,train,3,6207,self,0.05,0,97,
2025-11-27T09:27:47.123670+00:00,train,3,6208,self,0.05,0,100,
2025-11-27T09:27:47.123809+00:00,train,3,6209,self,0.05,0,97,
2025-11-27T09:27:47.123948+00:00,train,3,6210,self,0.05,0,100,
2025-11-27T09:27:47.124086+00:00,train,3,6211,self,0.05,0,82,
2025-11-27T09:27:47.124225+00:00,train,3,6212,self,0.05,0,99,
2025-11-27T09:27:47.124364+00:00,train,3,6213,self,0.05,0,91,
2025-11-27T09:27:47.124503+00:00,train,3,6214,self,0.05,0,99,
2025-11-27T09:27:47.124643+00:00,train,3,6215,self,0.05,0,98,
2025-11-27T09:27:47.124790+00:00,train,3,6216,self,0.05,0,100,
2025-11-27T09:27:47.124937+00:00,train,3,6217,self,0.05,0,89,
2025-11-27T09:27:47.125086+00:00,train,3,6218,self,0.05,0,92,
2025-11-27T09:27:47.125239+00:00,train,3,6219,self,0.05,0,87,
2025-11-27T09:27:47.125393+00:00,train,3,6220,self,0.05,0,93,
2025-11-27T09:27:47.125548+00:00,train,3,6221,self,0.05,0,89,
2025-11-27T09:27:47.125704+00:00,train,3,6222,self,0.05,0,98,
2025-11-27T09:27:47.125862+00:00,train,3,6223,self,0.05,0,98,
2025-11-27T09:27:47.126021+00:00,train,3,6224,self,0.05,0,98,
2025-11-27T09:27:47.126176+00:00,train,3,6225,self,0.05,0,90,
2025-11-27T09:27:47.126334+00:00,train,3,6226,self,0.05,0,98,
2025-11-27T09:27:47.126499+00:00,train,3,6227,self,0.05,0,98,
2025-11-27T09:27:47.126663+00:00,train,3,6228,self,0.05,0,99,
2025-11-27T09:27:47.126806+00:00,train,3,6229,self,0.05,0,98,
2025-11-27T09:27:47.126945+00:00,train,3,6230,self,0.05,0,99,
2025-11-27T09:27:47.127085+00:00,train,3,6231,self,0.05,0,91,
2025-11-27T09:27:47.127223+00:00,train,3,6232,self,0.05,0,97,
2025-11-27T09:27:47.127362+00:00,train,3,6233,self,0.05,0,94,
2025-11-27T09:27:47.127502+00:00,train,3,6234,self,0.05,0,95,
2025-11-27T09:27:47.127640+00:00,train,3,6235,self,0.05,0,84,
2025-11-27T09:27:47.127779+00:00,train,3,6236,self,0.05,0,91,
2025-11-27T09:27:47.127918+00:00,train,3,6237,self,0.05,0,99,
2025-11-27T09:27:47.128055+00:00,train,3,6238,self,0.05,0,100,
2025-11-27T09:27:47.128193+00:00,train,3,6239,self,0.05,0,99,
2025-11-27T09:27:47.128332+00:00,train,3,6240,self,0.05,0,100,
2025-11-27T09:27:47.128471+00:00,train,3,6241,self,0.05,0,79,
2025-11-27T09:27:47.128616+00:00,train,3,6242,self,0.05,0,98,
2025-11-27T09:27:47.128767+00:00,train,3,6243,self,0.05,0,92,
2025-11-27T09:27:47.128903+00:00,train,3,6244,self,0.05,0,99,
2025-11-27T09:27:47.129103+00:00,train,3,6245,self,0.05,0,99,
2025-11-27T09:27:47.129262+00:00,train,3,6246,self,0.05,0,100,
2025-11-27T09:27:47.129409+00:00,train,3,6247,self,0.05,0,99,
2025-11-27T09:27:47.129551+00:00,train,3,6248,self,0.05,0,99,
2025-11-27T09:27:47.129690+00:00,train,3,6249,self,0.05,0,99,
2025-11-27T09:27:47.129827+00:00,train,3,6250,self,0.05,0,100,
2025-11-27T09:27:47.129964+00:00,train,3,6251,self,0.05,0,77,
2025-11-27T09:27:47.130099+00:00,train,3,6252,self,0.05,0,97,
2025-11-27T09:27:47.130237+00:00,train,3,6253,self,0.05,0,92,
2025-11-27T09:27:47.130377+00:00,train,3,6254,self,0.05,0,100,
2025-11-27T09:27:47.130511+00:00,train,3,6255,self,0.05,0,84,
2025-11-27T09:27:47.130645+00:00,train,3,6256,self,0.05,0,97,
2025-11-27T09:27:47.130778+00:00,train,3,6257,self,0.05,0,100,
2025-11-27T09:27:47.130912+00:00,train,3,6258,self,0.05,0,100,
2025-11-27T09:27:47.131107+00:00,train,3,6259,self,0.05,0,95,
2025-11-27T09:27:47.131263+00:00,train,3,6260,self,0.05,0,99,
2025-11-27T09:27:47.131578+00:00,train,3,6261,self,0.05,0,98,
2025-11-27T09:27:47.131736+00:00,train,3,6262,self,0.05,0,100,
2025-11-27T09:27:47.131894+00:00,train,3,6263,self,0.05,0,91,
2025-11-27T09:27:47.132086+00:00,train,3,6264,self,0.05,0,99,
2025-11-27T09:27:47.132244+00:00,train,3,6265,self,0.05,0,95,
2025-11-27T09:27:47.132393+00:00,train,3,6266,self,0.05,0,99,
2025-11-27T09:27:47.132541+00:00,train,3,6267,self,0.05,0,100,
2025-11-27T09:27:47.132684+00:00,train,3,6268,self,0.05,0,100,
2025-11-27T09:27:47.132826+00:00,train,3,6269,self,0.05,0,95,
2025-11-27T09:27:47.132967+00:00,train,3,6270,self,0.05,0,100,
2025-11-27T09:27:47.133107+00:00,train,3,6271,self,0.05,0,93,
2025-11-27T09:27:47.133246+00:00,train,3,6272,self,0.05,0,100,
2025-11-27T09:27:47.133385+00:00,train,3,6273,self,0.05,0,91,
2025-11-27T09:27:47.133551+00:00,train,3,6274,self,0.05,0,100,
2025-11-27T09:27:47.133704+00:00,train,3,6275,self,0.05,0,96,
2025-11-27T09:27:47.133844+00:00,train,3,6276,self,0.05,0,99,
2025-11-27T09:27:47.133984+00:00,train,3,6277,self,0.05,0,92,
2025-11-27T09:27:47.134123+00:00,train,3,6278,self,0.05,0,95,
2025-11-27T09:27:47.134262+00:00,train,3,6279,self,0.05,0,96,
2025-11-27T09:27:47.134401+00:00,train,3,6280,self,0.05,0,100,
2025-11-27T09:27:47.134540+00:00,train,3,6281,self,0.05,0,91,
2025-11-27T09:27:47.134678+00:00,train,3,6282,self,0.05,0,100,
2025-11-27T09:27:47.134818+00:00,train,3,6283,self,0.05,0,99,
2025-11-27T09:27:47.134956+00:00,train,3,6284,self,0.05,0,100,
2025-11-27T09:27:47.135095+00:00,train,3,6285,self,0.05,0,94,
2025-11-27T09:27:47.135233+00:00,train,3,6286,self,0.05,0,98,
2025-11-27T09:27:47.135371+00:00,train,3,6287,self,0.05,0,97,
2025-11-27T09:27:47.135508+00:00,train,3,6288,self,0.05,0,98,
2025-11-27T09:27:47.135646+00:00,train,3,6289,self,0.05,0,93,
2025-11-27T09:27:47.135783+00:00,train,3,6290,self,0.05,0,100,
2025-11-27T09:27:47.135920+00:00,train,3,6291,self,0.05,0,98,
2025-11-27T09:27:47.136057+00:00,train,3,6292,self,0.05,0,100,
2025-11-27T09:27:47.136195+00:00,train,3,6293,self,0.05,0,91,
2025-11-27T09:27:47.136333+00:00,train,3,6294,self,0.05,0,93,
2025-11-27T09:27:47.136470+00:00,train,3,6295,self,0.05,0,95,
2025-11-27T09:27:47.136607+00:00,train,3,6296,self,0.05,0,98,
2025-11-27T09:27:47.136744+00:00,train,3,6297,self,0.05,0,87,
2025-11-27T09:27:47.136880+00:00,train,3,6298,self,0.05,0,97,
2025-11-27T09:27:47.137018+00:00,train,3,6299,self,0.05,0,90,
2025-11-27T09:27:47.137155+00:00,train,3,6300,self,0.05,0,98,
2025-11-27T09:27:47.137292+00:00,train,3,6301,self,0.05,0,97,
2025-11-27T09:27:47.137429+00:00,train,3,6302,self,0.05,0,99,
2025-11-27T09:27:47.137566+00:00,train,3,6303,self,0.05,0,96,
2025-11-27T09:27:47.137715+00:00,train,3,6304,self,0.05,0,96,
2025-11-27T09:27:47.137849+00:00,train,3,6305,self,0.05,0,100,
2025-11-27T09:27:47.137982+00:00,train,3,6306,self,0.05,0,100,
2025-11-27T09:27:47.138118+00:00,train,3,6307,self,0.05,0,95,
2025-11-27T09:27:47.138251+00:00,train,3,6308,self,0.05,0,99,
2025-11-27T09:27:47.138385+00:00,train,3,6309,self,0.05,0,94,
2025-11-27T09:27:47.138518+00:00,train,3,6310,self,0.05,0,100,
2025-11-27T09:27:47.138712+00:00,train,3,6311,self,0.05,0,99,
2025-11-27T09:27:47.138881+00:00,train,3,6312,self,0.05,0,100,
2025-11-27T09:27:47.139029+00:00,train,3,6313,self,0.05,0,99,
2025-11-27T09:27:47.139169+00:00,train,3,6314,self,0.05,0,100,
2025-11-27T09:27:47.139308+00:00,train,3,6315,self,0.05,0,96,
2025-11-27T09:27:47.139443+00:00,train,3,6316,self,0.05,0,97,
2025-11-27T09:27:47.139576+00:00,train,3,6317,self,0.05,0,92,
2025-11-27T09:27:47.139708+00:00,train,3,6318,self,0.05,0,92,
2025-11-27T09:27:47.139841+00:00,train,3,6319,self,0.05,0,99,
2025-11-27T09:27:47.139972+00:00,train,3,6320,self,0.05,0,99,
2025-11-27T09:27:47.140104+00:00,train,3,6321,self,0.05,0,100,
2025-11-27T09:27:47.140238+00:00,train,3,6322,self,0.05,0,100,
2025-11-27T09:27:47.140371+00:00,train,3,6323,self,0.05,0,92,
2025-11-27T09:27:47.140502+00:00,train,3,6324,self,0.05,0,99,
2025-11-27T09:27:47.140633+00:00,train,3,6325,self,0.05,0,98,
2025-11-27T09:27:47.140764+00:00,train,3,6326,self,0.05,0,99,
2025-11-27T09:27:47.140895+00:00,train,3,6327,self,0.05,0,87,
2025-11-27T09:27:47.141026+00:00,train,3,6328,self,0.05,0,98,
2025-11-27T09:27:47.141156+00:00,train,3,6329,self,0.05,0,86,
2025-11-27T09:27:47.141287+00:00,train,3,6330,self,0.05,0,100,
2025-11-27T09:27:47.141417+00:00,train,3,6331,self,0.05,0,91,
2025-11-27T09:27:47.141548+00:00,train,3,6332,self,0.05,0,96,
2025-11-27T09:27:47.141690+00:00,train,3,6333,self,0.05,0,92,
2025-11-27T09:27:47.141816+00:00,train,3,6334,self,0.05,0,97,
2025-11-27T09:27:47.141950+00:00,train,3,6335,self,0.05,0,86,
2025-11-27T09:27:47.142077+00:00,train,3,6336,self,0.05,0,98,
2025-11-27T09:27:47.142204+00:00,train,3,6337,self,0.05,0,98,
2025-11-27T09:27:47.142331+00:00,train,3,6338,self,0.05,0,100,
2025-11-27T09:27:47.142458+00:00,train,3,6339,self,0.05,0,89,
2025-11-27T09:27:47.142584+00:00,train,3,6340,self,0.05,0,100,
2025-11-27T09:27:47.142711+00:00,train,3,6341,self,0.05,0,99,
2025-11-27T09:27:47.142838+00:00,train,3,6342,self,0.05,0,100,
2025-11-27T09:27:47.142964+00:00,train,3,6343,self,0.05,0,96,
2025-11-27T09:27:47.143090+00:00,train,3,6344,self,0.05,0,99,
2025-11-27T09:27:47.143217+00:00,train,3,6345,self,0.05,0,98,
2025-11-27T09:27:47.143343+00:00,train,3,6346,self,0.05,0,98,
2025-11-27T09:27:47.143469+00:00,train,3,6347,self,0.05,0,92,
2025-11-27T09:27:47.143596+00:00,train,3,6348,self,0.05,0,97,
2025-11-27T09:27:47.143722+00:00,train,3,6349,self,0.05,0,87,
2025-11-27T09:27:47.143848+00:00,train,3,6350,self,0.05,0,97,
2025-11-27T09:27:47.143974+00:00,train,3,6351,self,0.05,0,91,
2025-11-27T09:27:47.144100+00:00,train,3,6352,self,0.05,0,98,
2025-11-27T09:27:47.144227+00:00,train,3,6353,self,0.05,0,99,
2025-11-27T09:27:47.144387+00:00,train,3,6354,self,0.05,0,100,
2025-11-27T09:27:47.144579+00:00,train,3,6355,self,0.05,0,94,
2025-11-27T09:27:47.144736+00:00,train,3,6356,self,0.05,0,97,
2025-11-27T09:27:47.144885+00:00,train,3,6357,self,0.05,0,96,
2025-11-27T09:27:47.145029+00:00,train,3,6358,self,0.05,0,100,
2025-11-27T09:27:47.145170+00:00,train,3,6359,self,0.05,0,98,
2025-11-27T09:27:47.145310+00:00,train,3,6360,self,0.05,0,99,
2025-11-27T09:27:47.145449+00:00,train,3,6361,self,0.05,0,99,
2025-11-27T09:27:47.145587+00:00,train,3,6362,self,0.05,0,100,
2025-11-27T09:27:47.145726+00:00,train,3,6363,self,0.05,0,94,
2025-11-27T09:27:47.145863+00:00,train,3,6364,self,0.05,0,100,
2025-11-27T09:27:47.146000+00:00,train,3,6365,self,0.05,0,96,
2025-11-27T09:27:47.146136+00:00,train,3,6366,self,0.05,0,100,
2025-11-27T09:27:47.146334+00:00,train,3,6367,self,0.05,0,84,
2025-11-27T09:27:47.146485+00:00,train,3,6368,self,0.05,0,94,
2025-11-27T09:27:47.146625+00:00,train,3,6369,self,0.05,0,98,
2025-11-27T09:27:47.146760+00:00,train,3,6370,self,0.05,0,99,
2025-11-27T09:27:47.146890+00:00,train,3,6371,self,0.05,0,98,
2025-11-27T09:27:47.147152+00:00,train,3,6372,self,0.05,0,99,
2025-11-27T09:27:47.147285+00:00,train,3,6373,self,0.05,0,99,
2025-11-27T09:27:47.147434+00:00,train,3,6374,self,0.05,0,99,
2025-11-27T09:27:47.147563+00:00,train,3,6375,self,0.05,0,96,
2025-11-27T09:27:47.147705+00:00,train,3,6376,self,0.05,0,98,
2025-11-27T09:27:47.147827+00:00,train,3,6377,self,0.05,0,92,
2025-11-27T09:27:47.147949+00:00,train,3,6378,self,0.05,0,95,
2025-11-27T09:27:47.148069+00:00,train,3,6379,self,0.05,0,86,
2025-11-27T09:27:47.148252+00:00,train,3,6380,self,0.05,0,98,
2025-11-27T09:27:47.148398+00:00,train,3,6381,self,0.05,0,89,
2025-11-27T09:27:47.148530+00:00,train,3,6382,self,0.05,0,98,
2025-11-27T09:27:47.148678+00:00,train,3,6383,self,0.05,0,91,
2025-11-27T09:27:47.148826+00:00,train,3,6384,self,0.05,0,100,
2025-11-27T09:27:47.148955+00:00,train,3,6385,self,0.05,0,89,
2025-11-27T09:27:47.149081+00:00,train,3,6386,self,0.05,0,94,
2025-11-27T09:27:47.149221+00:00,train,3,6387,self,0.05,0,96,
2025-11-27T09:27:47.149347+00:00,train,3,6388,self,0.05,0,100,
2025-11-27T09:27:47.149537+00:00,train,3,6389,self,0.05,0,95,
2025-11-27T09:27:47.149708+00:00,train,3,6390,self,0.05,0,96,
2025-11-27T09:27:47.149852+00:00,train,3,6391,self,0.05,0,93,
2025-11-27T09:27:47.149989+00:00,train,3,6392,self,0.05,0,98,
2025-11-27T09:27:47.150123+00:00,train,3,6393,self,0.05,0,95,
2025-11-27T09:27:47.150255+00:00,train,3,6394,self,0.05,0,99,
2025-11-27T09:27:47.150386+00:00,train,3,6395,self,0.05,0,97,
2025-11-27T09:27:47.150515+00:00,train,3,6396,self,0.05,0,100,
2025-11-27T09:27:47.150660+00:00,train,3,6397,self,0.05,0,95,
2025-11-27T09:27:47.150792+00:00,train,3,6398,self,0.05,0,99,
2025-11-27T09:27:47.150952+00:00,train,3,6399,self,0.05,0,93,
2025-11-27T09:27:47.151083+00:00,train,3,6400,self,0.05,0,98,
2025-11-27T09:27:47.154503+00:00,train,3,6401,self,0.05,0,89,
2025-11-27T09:27:47.154901+00:00,train,3,6402,self,0.05,0,97,
2025-11-27T09:27:47.155106+00:00,train,3,6403,self,0.05,0,95,
2025-11-27T09:27:47.155266+00:00,train,3,6404,self,0.05,0,95,
2025-11-27T09:27:47.155600+00:00,train,3,6405,self,0.05,0,93,
2025-11-27T09:27:47.155766+00:00,train,3,6406,self,0.05,0,100,
2025-11-27T09:27:47.155919+00:00,train,3,6407,self,0.05,0,85,
2025-11-27T09:27:47.156066+00:00,train,3,6408,self,0.05,0,98,
2025-11-27T09:27:47.156212+00:00,train,3,6409,self,0.05,0,94,
2025-11-27T09:27:47.156354+00:00,train,3,6410,self,0.05,0,95,
2025-11-27T09:27:47.156496+00:00,train,3,6411,self,0.05,0,90,
2025-11-27T09:27:47.156643+00:00,train,3,6412,self,0.05,0,93,
2025-11-27T09:27:47.156790+00:00,train,3,6413,self,0.05,0,99,
2025-11-27T09:27:47.156929+00:00,train,3,6414,self,0.05,0,100,
2025-11-27T09:27:47.157068+00:00,train,3,6415,self,0.05,0,91,
2025-11-27T09:27:47.157208+00:00,train,3,6416,self,0.05,0,98,
2025-11-27T09:27:47.157345+00:00,train,3,6417,self,0.05,0,84,
2025-11-27T09:27:47.157484+00:00,train,3,6418,self,0.05,0,99,
2025-11-27T09:27:47.157622+00:00,train,3,6419,self,0.05,0,100,
2025-11-27T09:27:47.157760+00:00,train,3,6420,self,0.05,0,100,
2025-11-27T09:27:47.157897+00:00,train,3,6421,self,0.05,0,96,
2025-11-27T09:27:47.158037+00:00,train,3,6422,self,0.05,0,97,
2025-11-27T09:27:47.158172+00:00,train,3,6423,self,0.05,0,97,
2025-11-27T09:27:47.158313+00:00,train,3,6424,self,0.05,0,100,
2025-11-27T09:27:47.158450+00:00,train,3,6425,self,0.05,0,84,
2025-11-27T09:27:47.158591+00:00,train,3,6426,self,0.05,0,90,
2025-11-27T09:27:47.158733+00:00,train,3,6427,self,0.05,0,88,
2025-11-27T09:27:47.158875+00:00,train,3,6428,self,0.05,0,100,
2025-11-27T09:27:47.159017+00:00,train,3,6429,self,0.05,0,89,
2025-11-27T09:27:47.159162+00:00,train,3,6430,self,0.05,0,91,
2025-11-27T09:27:47.159312+00:00,train,3,6431,self,0.05,0,90,
2025-11-27T09:27:47.159460+00:00,train,3,6432,self,0.05,0,100,
2025-11-27T09:27:47.159606+00:00,train,3,6433,self,0.05,0,95,
2025-11-27T09:27:47.159757+00:00,train,3,6434,self,0.05,0,99,
2025-11-27T09:27:47.159908+00:00,train,3,6435,self,0.05,0,98,
2025-11-27T09:27:47.160058+00:00,train,3,6436,self,0.05,0,99,
2025-11-27T09:27:47.160234+00:00,train,3,6437,self,0.05,0,92,
2025-11-27T09:27:47.160394+00:00,train,3,6438,self,0.05,0,99,
2025-11-27T09:27:47.160573+00:00,train,3,6439,self,0.05,0,77,
2025-11-27T09:27:47.160778+00:00,train,3,6440,self,0.05,0,99,
2025-11-27T09:27:47.160939+00:00,train,3,6441,self,0.05,0,92,
2025-11-27T09:27:47.161096+00:00,train,3,6442,self,0.05,0,97,
2025-11-27T09:27:47.161255+00:00,train,3,6443,self,0.05,0,81,
2025-11-27T09:27:47.161416+00:00,train,3,6444,self,0.05,0,99,
2025-11-27T09:27:47.161572+00:00,train,3,6445,self,0.05,0,99,
2025-11-27T09:27:47.161713+00:00,train,3,6446,self,0.05,0,100,
2025-11-27T09:27:47.161853+00:00,train,3,6447,self,0.05,0,94,
2025-11-27T09:27:47.161993+00:00,train,3,6448,self,0.05,0,100,
2025-11-27T09:27:47.162132+00:00,train,3,6449,self,0.05,0,95,
2025-11-27T09:27:47.162270+00:00,train,3,6450,self,0.05,0,99,
2025-11-27T09:27:47.162408+00:00,train,3,6451,self,0.05,0,89,
2025-11-27T09:27:47.162545+00:00,train,3,6452,self,0.05,0,90,
2025-11-27T09:27:47.162683+00:00,train,3,6453,self,0.05,0,90,
2025-11-27T09:27:47.162835+00:00,train,3,6454,self,0.05,0,97,
2025-11-27T09:27:47.162982+00:00,train,3,6455,self,0.05,0,99,
2025-11-27T09:27:47.163119+00:00,train,3,6456,self,0.05,0,100,
2025-11-27T09:27:47.163257+00:00,train,3,6457,self,0.05,0,92,
2025-11-27T09:27:47.163393+00:00,train,3,6458,self,0.05,0,99,
2025-11-27T09:27:47.163613+00:00,train,3,6459,self,0.05,0,99,
2025-11-27T09:27:47.163779+00:00,train,3,6460,self,0.05,0,100,
2025-11-27T09:27:47.163939+00:00,train,3,6461,self,0.05,0,82,
2025-11-27T09:27:47.164088+00:00,train,3,6462,self,0.05,0,99,
2025-11-27T09:27:47.164234+00:00,train,3,6463,self,0.05,0,99,
2025-11-27T09:27:47.164376+00:00,train,3,6464,self,0.05,0,100,
2025-11-27T09:27:47.164519+00:00,train,3,6465,self,0.05,0,94,
2025-11-27T09:27:47.164663+00:00,train,3,6466,self,0.05,0,96,
2025-11-27T09:27:47.164804+00:00,train,3,6467,self,0.05,0,78,
2025-11-27T09:27:47.164946+00:00,train,3,6468,self,0.05,0,96,
2025-11-27T09:27:47.165086+00:00,train,3,6469,self,0.05,0,79,
2025-11-27T09:27:47.165225+00:00,train,3,6470,self,0.05,0,91,
2025-11-27T09:27:47.165365+00:00,train,3,6471,self,0.05,0,90,
2025-11-27T09:27:47.165506+00:00,train,3,6472,self,0.05,0,98,
2025-11-27T09:27:47.165646+00:00,train,3,6473,self,0.05,0,87,
2025-11-27T09:27:47.165806+00:00,train,3,6474,self,0.05,0,99,
2025-11-27T09:27:47.165946+00:00,train,3,6475,self,0.05,0,92,
2025-11-27T09:27:47.166087+00:00,train,3,6476,self,0.05,0,100,
2025-11-27T09:27:47.166227+00:00,train,3,6477,self,0.05,0,93,
2025-11-27T09:27:47.166366+00:00,train,3,6478,self,0.05,0,100,
2025-11-27T09:27:47.166507+00:00,train,3,6479,self,0.05,0,91,
2025-11-27T09:27:47.166658+00:00,train,3,6480,self,0.05,0,100,
2025-11-27T09:27:47.166799+00:00,train,3,6481,self,0.05,0,94,
2025-11-27T09:27:47.166939+00:00,train,3,6482,self,0.05,0,100,
2025-11-27T09:27:47.167079+00:00,train,3,6483,self,0.05,0,94,
2025-11-27T09:27:47.167225+00:00,train,3,6484,self,0.05,0,95,
2025-11-27T09:27:47.167364+00:00,train,3,6485,self,0.05,0,86,
2025-11-27T09:27:47.167504+00:00,train,3,6486,self,0.05,0,99,
2025-11-27T09:27:47.167642+00:00,train,3,6487,self,0.05,0,95,
2025-11-27T09:27:47.167780+00:00,train,3,6488,self,0.05,0,100,
2025-11-27T09:27:47.167918+00:00,train,3,6489,self,0.05,0,97,
2025-11-27T09:27:47.168056+00:00,train,3,6490,self,0.05,0,98,
2025-11-27T09:27:47.168194+00:00,train,3,6491,self,0.05,0,96,
2025-11-27T09:27:47.168332+00:00,train,3,6492,self,0.05,0,99,
2025-11-27T09:27:47.168469+00:00,train,3,6493,self,0.05,0,98,
2025-11-27T09:27:47.168607+00:00,train,3,6494,self,0.05,0,99,
2025-11-27T09:27:47.168745+00:00,train,3,6495,self,0.05,0,86,
2025-11-27T09:27:47.168882+00:00,train,3,6496,self,0.05,0,99,
2025-11-27T09:27:47.169019+00:00,train,3,6497,self,0.05,0,99,
2025-11-27T09:27:47.169157+00:00,train,3,6498,self,0.05,0,99,
2025-11-27T09:27:47.169295+00:00,train,3,6499,self,0.05,0,88,
2025-11-27T09:27:47.169433+00:00,train,3,6500,self,0.05,0,100,
2025-11-27T09:27:47.169570+00:00,train,3,6501,self,0.05,0,88,
2025-11-27T09:27:47.169710+00:00,train,3,6502,self,0.05,0,96,
2025-11-27T09:27:47.169847+00:00,train,3,6503,self,0.05,0,85,
2025-11-27T09:27:47.169985+00:00,train,3,6504,self,0.05,0,93,
2025-11-27T09:27:47.170123+00:00,train,3,6505,self,0.05,0,82,
2025-11-27T09:27:47.170260+00:00,train,3,6506,self,0.05,0,94,
2025-11-27T09:27:47.170398+00:00,train,3,6507,self,0.05,0,93,
2025-11-27T09:27:47.170536+00:00,train,3,6508,self,0.05,0,97,
2025-11-27T09:27:47.170673+00:00,train,3,6509,self,0.05,0,91,
2025-11-27T09:27:47.170810+00:00,train,3,6510,self,0.05,0,99,
2025-11-27T09:27:47.170949+00:00,train,3,6511,self,0.05,0,99,
2025-11-27T09:27:47.171086+00:00,train,3,6512,self,0.05,0,100,
2025-11-27T09:27:47.171223+00:00,train,3,6513,self,0.05,0,95,
2025-11-27T09:27:47.171361+00:00,train,3,6514,self,0.05,0,96,
2025-11-27T09:27:47.171498+00:00,train,3,6515,self,0.05,0,96,
2025-11-27T09:27:47.171634+00:00,train,3,6516,self,0.05,0,96,
2025-11-27T09:27:47.171771+00:00,train,3,6517,self,0.05,0,97,
2025-11-27T09:27:47.171909+00:00,train,3,6518,self,0.05,0,100,
2025-11-27T09:27:47.172046+00:00,train,3,6519,self,0.05,0,97,
2025-11-27T09:27:47.172183+00:00,train,3,6520,self,0.05,0,98,
2025-11-27T09:27:47.172339+00:00,train,3,6521,self,0.05,0,92,
2025-11-27T09:27:47.172480+00:00,train,3,6522,self,0.05,0,98,
2025-11-27T09:27:47.172627+00:00,train,3,6523,self,0.05,0,99,
2025-11-27T09:27:47.172765+00:00,train,3,6524,self,0.05,0,100,
2025-11-27T09:27:47.172904+00:00,train,3,6525,self,0.05,0,94,
2025-11-27T09:27:47.173041+00:00,train,3,6526,self,0.05,0,100,
2025-11-27T09:27:47.173179+00:00,train,3,6527,self,0.05,0,93,
2025-11-27T09:27:47.173316+00:00,train,3,6528,self,0.05,0,100,
2025-11-27T09:27:47.173461+00:00,train,3,6529,self,0.05,0,86,
2025-11-27T09:27:47.173599+00:00,train,3,6530,self,0.05,0,98,
2025-11-27T09:27:47.173736+00:00,train,3,6531,self,0.05,0,93,
2025-11-27T09:27:47.173873+00:00,train,3,6532,self,0.05,0,95,
2025-11-27T09:27:47.174011+00:00,train,3,6533,self,0.05,0,99,
2025-11-27T09:27:47.174148+00:00,train,3,6534,self,0.05,0,100,
2025-11-27T09:27:47.174285+00:00,train,3,6535,self,0.05,0,94,
2025-11-27T09:27:47.174422+00:00,train,3,6536,self,0.05,0,100,
2025-11-27T09:27:47.174559+00:00,train,3,6537,self,0.05,0,89,
2025-11-27T09:27:47.174697+00:00,train,3,6538,self,0.05,0,100,
2025-11-27T09:27:47.174834+00:00,train,3,6539,self,0.05,0,99,
2025-11-27T09:27:47.174971+00:00,train,3,6540,self,0.05,0,100,
2025-11-27T09:27:47.175109+00:00,train,3,6541,self,0.05,0,91,
2025-11-27T09:27:47.175245+00:00,train,3,6542,self,0.05,0,99,
2025-11-27T09:27:47.175383+00:00,train,3,6543,self,0.05,0,98,
2025-11-27T09:27:47.175520+00:00,train,3,6544,self,0.05,0,100,
2025-11-27T09:27:47.175657+00:00,train,3,6545,self,0.05,0,93,
2025-11-27T09:27:47.175794+00:00,train,3,6546,self,0.05,0,99,
2025-11-27T09:27:47.175934+00:00,train,3,6547,self,0.05,0,96,
2025-11-27T09:27:47.176079+00:00,train,3,6548,self,0.05,0,100,
2025-11-27T09:27:47.176218+00:00,train,3,6549,self,0.05,0,81,
2025-11-27T09:27:47.176356+00:00,train,3,6550,self,0.05,0,95,
2025-11-27T09:27:47.176494+00:00,train,3,6551,self,0.05,0,80,
2025-11-27T09:27:47.176631+00:00,train,3,6552,self,0.05,0,100,
2025-11-27T09:27:47.176768+00:00,train,3,6553,self,0.05,0,96,
2025-11-27T09:27:47.176905+00:00,train,3,6554,self,0.05,0,100,
2025-11-27T09:27:47.177043+00:00,train,3,6555,self,0.05,0,97,
2025-11-27T09:27:47.177181+00:00,train,3,6556,self,0.05,0,100,
2025-11-27T09:27:47.177319+00:00,train,3,6557,self,0.05,0,89,
2025-11-27T09:27:47.177457+00:00,train,3,6558,self,0.05,0,98,
2025-11-27T09:27:47.177595+00:00,train,3,6559,self,0.05,0,92,
2025-11-27T09:27:47.177732+00:00,train,3,6560,self,0.05,0,100,
2025-11-27T09:27:47.177869+00:00,train,3,6561,self,0.05,0,95,
2025-11-27T09:27:47.178007+00:00,train,3,6562,self,0.05,0,100,
2025-11-27T09:27:47.178144+00:00,train,3,6563,self,0.05,0,96,
2025-11-27T09:27:47.178280+00:00,train,3,6564,self,0.05,0,100,
2025-11-27T09:27:47.178418+00:00,train,3,6565,self,0.05,0,84,
2025-11-27T09:27:47.178557+00:00,train,3,6566,self,0.05,0,100,
2025-11-27T09:27:47.178695+00:00,train,3,6567,self,0.05,0,94,
2025-11-27T09:27:47.178832+00:00,train,3,6568,self,0.05,0,100,
2025-11-27T09:27:47.178969+00:00,train,3,6569,self,0.05,0,97,
2025-11-27T09:27:47.179106+00:00,train,3,6570,self,0.05,0,99,
2025-11-27T09:27:47.179242+00:00,train,3,6571,self,0.05,0,89,
2025-11-27T09:27:47.179379+00:00,train,3,6572,self,0.05,0,99,
2025-11-27T09:27:47.179516+00:00,train,3,6573,self,0.05,0,95,
2025-11-27T09:27:47.179664+00:00,train,3,6574,self,0.05,0,98,
2025-11-27T09:27:47.179797+00:00,train,3,6575,self,0.05,0,98,
2025-11-27T09:27:47.179929+00:00,train,3,6576,self,0.05,0,98,
2025-11-27T09:27:47.180061+00:00,train,3,6577,self,0.05,0,97,
2025-11-27T09:27:47.180193+00:00,train,3,6578,self,0.05,0,100,
2025-11-27T09:27:47.180326+00:00,train,3,6579,self,0.05,0,100,
2025-11-27T09:27:47.180525+00:00,train,3,6580,self,0.05,0,100,
2025-11-27T09:27:47.180678+00:00,train,3,6581,self,0.05,0,83,
2025-11-27T09:27:47.180822+00:00,train,3,6582,self,0.05,0,89,
2025-11-27T09:27:47.180962+00:00,train,3,6583,self,0.05,0,94,
2025-11-27T09:27:47.181098+00:00,train,3,6584,self,0.05,0,97,
2025-11-27T09:27:47.181234+00:00,train,3,6585,self,0.05,0,95,
2025-11-27T09:27:47.181367+00:00,train,3,6586,self,0.05,0,95,
2025-11-27T09:27:47.181500+00:00,train,3,6587,self,0.05,0,93,
2025-11-27T09:27:47.181634+00:00,train,3,6588,self,0.05,0,97,
2025-11-27T09:27:47.181768+00:00,train,3,6589,self,0.05,0,86,
2025-11-27T09:27:47.181900+00:00,train,3,6590,self,0.05,0,100,
2025-11-27T09:27:47.182035+00:00,train,3,6591,self,0.05,0,100,
2025-11-27T09:27:47.182167+00:00,train,3,6592,self,0.05,0,100,
2025-11-27T09:27:47.182300+00:00,train,3,6593,self,0.05,0,97,
2025-11-27T09:27:47.182481+00:00,train,3,6594,self,0.05,0,100,
2025-11-27T09:27:47.182652+00:00,train,3,6595,self,0.05,0,98,
2025-11-27T09:27:47.182832+00:00,train,3,6596,self,0.05,0,98,
2025-11-27T09:27:47.182979+00:00,train,3,6597,self,0.05,0,99,
2025-11-27T09:27:47.183124+00:00,train,3,6598,self,0.05,0,100,
2025-11-27T09:27:47.183267+00:00,train,3,6599,self,0.05,0,99,
2025-11-27T09:27:47.183407+00:00,train,3,6600,self,0.05,0,99,
2025-11-27T09:27:47.183554+00:00,train,3,6601,self,0.05,0,91,
2025-11-27T09:27:47.183693+00:00,train,3,6602,self,0.05,0,100,
2025-11-27T09:27:47.183833+00:00,train,3,6603,self,0.05,0,88,
2025-11-27T09:27:47.183971+00:00,train,3,6604,self,0.05,0,94,
2025-11-27T09:27:47.184110+00:00,train,3,6605,self,0.05,0,86,
2025-11-27T09:27:47.184248+00:00,train,3,6606,self,0.05,0,99,
2025-11-27T09:27:47.184388+00:00,train,3,6607,self,0.05,0,99,
2025-11-27T09:27:47.184526+00:00,train,3,6608,self,0.05,0,100,
2025-11-27T09:27:47.184680+00:00,train,3,6609,self,0.05,0,95,
2025-11-27T09:27:47.184814+00:00,train,3,6610,self,0.05,0,97,
2025-11-27T09:27:47.184948+00:00,train,3,6611,self,0.05,0,92,
2025-11-27T09:27:47.185082+00:00,train,3,6612,self,0.05,0,94,
2025-11-27T09:27:47.185216+00:00,train,3,6613,self,0.05,0,99,
2025-11-27T09:27:47.185350+00:00,train,3,6614,self,0.05,0,100,
2025-11-27T09:27:47.185484+00:00,train,3,6615,self,0.05,0,86,
2025-11-27T09:27:47.185616+00:00,train,3,6616,self,0.05,0,99,
2025-11-27T09:27:47.185749+00:00,train,3,6617,self,0.05,0,84,
2025-11-27T09:27:47.185883+00:00,train,3,6618,self,0.05,0,86,
2025-11-27T09:27:47.186017+00:00,train,3,6619,self,0.05,0,97,
2025-11-27T09:27:47.186151+00:00,train,3,6620,self,0.05,0,100,
2025-11-27T09:27:47.186286+00:00,train,3,6621,self,0.05,0,91,
2025-11-27T09:27:47.186456+00:00,train,3,6622,self,0.05,0,98,
2025-11-27T09:27:47.186661+00:00,train,3,6623,self,0.05,0,98,
2025-11-27T09:27:47.186812+00:00,train,3,6624,self,0.05,0,98,
2025-11-27T09:27:47.186956+00:00,train,3,6625,self,0.05,0,79,
2025-11-27T09:27:47.187095+00:00,train,3,6626,self,0.05,0,100,
2025-11-27T09:27:47.187232+00:00,train,3,6627,self,0.05,0,94,
2025-11-27T09:27:47.187367+00:00,train,3,6628,self,0.05,0,97,
2025-11-27T09:27:47.187501+00:00,train,3,6629,self,0.05,0,93,
2025-11-27T09:27:47.187634+00:00,train,3,6630,self,0.05,0,99,
2025-11-27T09:27:47.187771+00:00,train,3,6631,self,0.05,0,98,
2025-11-27T09:27:47.187910+00:00,train,3,6632,self,0.05,0,100,
2025-11-27T09:27:47.188044+00:00,train,3,6633,self,0.05,0,87,
2025-11-27T09:27:47.188176+00:00,train,3,6634,self,0.05,0,100,
2025-11-27T09:27:47.188314+00:00,train,3,6635,self,0.05,0,93,
2025-11-27T09:27:47.188447+00:00,train,3,6636,self,0.05,0,100,
2025-11-27T09:27:47.188582+00:00,train,3,6637,self,0.05,0,97,
2025-11-27T09:27:47.188717+00:00,train,3,6638,self,0.05,0,99,
2025-11-27T09:27:47.188852+00:00,train,3,6639,self,0.05,0,86,
2025-11-27T09:27:47.188985+00:00,train,3,6640,self,0.05,0,100,
2025-11-27T09:27:47.189118+00:00,train,3,6641,self,0.05,0,90,
2025-11-27T09:27:47.189251+00:00,train,3,6642,self,0.05,0,96,
2025-11-27T09:27:47.189383+00:00,train,3,6643,self,0.05,0,89,
2025-11-27T09:27:47.189516+00:00,train,3,6644,self,0.05,0,98,
2025-11-27T09:27:47.189648+00:00,train,3,6645,self,0.05,0,99,
2025-11-27T09:27:47.189781+00:00,train,3,6646,self,0.05,0,100,
2025-11-27T09:27:47.189913+00:00,train,3,6647,self,0.05,0,89,
2025-11-27T09:27:47.190047+00:00,train,3,6648,self,0.05,0,99,
2025-11-27T09:27:47.190179+00:00,train,3,6649,self,0.05,0,96,
2025-11-27T09:27:47.190311+00:00,train,3,6650,self,0.05,0,100,
2025-11-27T09:27:47.190446+00:00,train,3,6651,self,0.05,0,92,
2025-11-27T09:27:47.190578+00:00,train,3,6652,self,0.05,0,93,
2025-11-27T09:27:47.190710+00:00,train,3,6653,self,0.05,0,99,
2025-11-27T09:27:47.190841+00:00,train,3,6654,self,0.05,0,100,
2025-11-27T09:27:47.190972+00:00,train,3,6655,self,0.05,0,95,
2025-11-27T09:27:47.191103+00:00,train,3,6656,self,0.05,0,98,
2025-11-27T09:27:47.191235+00:00,train,3,6657,self,0.05,0,96,
2025-11-27T09:27:47.191367+00:00,train,3,6658,self,0.05,0,99,
2025-11-27T09:27:47.191499+00:00,train,3,6659,self,0.05,0,96,
2025-11-27T09:27:47.191630+00:00,train,3,6660,self,0.05,0,96,
2025-11-27T09:27:47.191761+00:00,train,3,6661,self,0.05,0,96,
2025-11-27T09:27:47.191893+00:00,train,3,6662,self,0.05,0,98,
2025-11-27T09:27:47.192025+00:00,train,3,6663,self,0.05,0,95,
2025-11-27T09:27:47.192162+00:00,train,3,6664,self,0.05,0,100,
2025-11-27T09:27:47.192301+00:00,train,3,6665,self,0.05,0,99,
2025-11-27T09:27:47.192442+00:00,train,3,6666,self,0.05,0,100,
2025-11-27T09:27:47.192585+00:00,train,3,6667,self,0.05,0,99,
2025-11-27T09:27:47.192732+00:00,train,3,6668,self,0.05,0,100,
2025-11-27T09:27:47.192881+00:00,train,3,6669,self,0.05,0,93,
2025-11-27T09:27:47.193030+00:00,train,3,6670,self,0.05,0,97,
2025-11-27T09:27:47.193182+00:00,train,3,6671,self,0.05,0,100,
2025-11-27T09:27:47.193330+00:00,train,3,6672,self,0.05,0,100,
2025-11-27T09:27:47.193490+00:00,train,3,6673,self,0.05,0,91,
2025-11-27T09:27:47.193641+00:00,train,3,6674,self,0.05,0,98,
2025-11-27T09:27:47.193793+00:00,train,3,6675,self,0.05,0,95,
2025-11-27T09:27:47.193944+00:00,train,3,6676,self,0.05,0,99,
2025-11-27T09:27:47.194095+00:00,train,3,6677,self,0.05,0,92,
2025-11-27T09:27:47.194231+00:00,train,3,6678,self,0.05,0,97,
2025-11-27T09:27:47.194364+00:00,train,3,6679,self,0.05,0,96,
2025-11-27T09:27:47.194496+00:00,train,3,6680,self,0.05,0,97,
2025-11-27T09:27:47.194628+00:00,train,3,6681,self,0.05,0,79,
2025-11-27T09:27:47.194762+00:00,train,3,6682,self,0.05,0,97,
2025-11-27T09:27:47.194894+00:00,train,3,6683,self,0.05,0,97,
2025-11-27T09:27:47.195025+00:00,train,3,6684,self,0.05,0,99,
2025-11-27T09:27:47.195157+00:00,train,3,6685,self,0.05,0,91,
2025-11-27T09:27:47.195290+00:00,train,3,6686,self,0.05,0,97,
2025-11-27T09:27:47.195423+00:00,train,3,6687,self,0.05,0,100,
2025-11-27T09:27:47.195554+00:00,train,3,6688,self,0.05,0,100,
2025-11-27T09:27:47.195707+00:00,train,3,6689,self,0.05,0,92,
2025-11-27T09:27:47.195841+00:00,train,3,6690,self,0.05,0,97,
2025-11-27T09:27:47.195974+00:00,train,3,6691,self,0.05,0,94,
2025-11-27T09:27:47.196105+00:00,train,3,6692,self,0.05,0,100,
2025-11-27T09:27:47.196239+00:00,train,3,6693,self,0.05,0,93,
2025-11-27T09:27:47.196371+00:00,train,3,6694,self,0.05,0,97,
2025-11-27T09:27:47.196504+00:00,train,3,6695,self,0.05,0,98,
2025-11-27T09:27:47.196641+00:00,train,3,6696,self,0.05,0,99,
2025-11-27T09:27:47.196774+00:00,train,3,6697,self,0.05,0,96,
2025-11-27T09:27:47.196905+00:00,train,3,6698,self,0.05,0,100,
2025-11-27T09:27:47.197040+00:00,train,3,6699,self,0.05,0,97,
2025-11-27T09:27:47.197172+00:00,train,3,6700,self,0.05,0,100,
2025-11-27T09:27:47.197304+00:00,train,3,6701,self,0.05,0,91,
2025-11-27T09:27:47.197437+00:00,train,3,6702,self,0.05,0,96,
2025-11-27T09:27:47.197656+00:00,train,3,6703,self,0.05,0,99,
2025-11-27T09:27:47.197815+00:00,train,3,6704,self,0.05,0,100,
2025-11-27T09:27:47.197962+00:00,train,3,6705,self,0.05,0,98,
2025-11-27T09:27:47.198101+00:00,train,3,6706,self,0.05,0,100,
2025-11-27T09:27:47.198239+00:00,train,3,6707,self,0.05,0,100,
2025-11-27T09:27:47.198375+00:00,train,3,6708,self,0.05,0,100,
2025-11-27T09:27:47.198510+00:00,train,3,6709,self,0.05,0,92,
2025-11-27T09:27:47.198644+00:00,train,3,6710,self,0.05,0,100,
2025-11-27T09:27:47.198778+00:00,train,3,6711,self,0.05,0,95,
2025-11-27T09:27:47.198970+00:00,train,3,6712,self,0.05,0,99,
2025-11-27T09:27:47.199128+00:00,train,3,6713,self,0.05,0,91,
2025-11-27T09:27:47.199275+00:00,train,3,6714,self,0.05,0,99,
2025-11-27T09:27:47.199416+00:00,train,3,6715,self,0.05,0,97,
2025-11-27T09:27:47.199555+00:00,train,3,6716,self,0.05,0,100,
2025-11-27T09:27:47.199693+00:00,train,3,6717,self,0.05,0,95,
2025-11-27T09:27:47.199828+00:00,train,3,6718,self,0.05,0,98,
2025-11-27T09:27:47.199963+00:00,train,3,6719,self,0.05,0,89,
2025-11-27T09:27:47.200098+00:00,train,3,6720,self,0.05,0,91,
2025-11-27T09:27:47.200232+00:00,train,3,6721,self,0.05,0,100,
2025-11-27T09:27:47.200365+00:00,train,3,6722,self,0.05,0,100,
2025-11-27T09:27:47.200499+00:00,train,3,6723,self,0.05,0,97,
2025-11-27T09:27:47.200633+00:00,train,3,6724,self,0.05,0,100,
2025-11-27T09:27:47.200767+00:00,train,3,6725,self,0.05,0,93,
2025-11-27T09:27:47.200958+00:00,train,3,6726,self,0.05,0,94,
2025-11-27T09:27:47.201122+00:00,train,3,6727,self,0.05,0,96,
2025-11-27T09:27:47.201266+00:00,train,3,6728,self,0.05,0,98,
2025-11-27T09:27:47.201405+00:00,train,3,6729,self,0.05,0,95,
2025-11-27T09:27:47.201539+00:00,train,3,6730,self,0.05,0,99,
2025-11-27T09:27:47.201673+00:00,train,3,6731,self,0.05,0,97,
2025-11-27T09:27:47.201805+00:00,train,3,6732,self,0.05,0,100,
2025-11-27T09:27:47.201937+00:00,train,3,6733,self,0.05,0,96,
2025-11-27T09:27:47.202066+00:00,train,3,6734,self,0.05,0,100,
2025-11-27T09:27:47.202197+00:00,train,3,6735,self,0.05,0,89,
2025-11-27T09:27:47.202327+00:00,train,3,6736,self,0.05,0,96,
2025-11-27T09:27:47.202457+00:00,train,3,6737,self,0.05,0,99,
2025-11-27T09:27:47.202587+00:00,train,3,6738,self,0.05,0,100,
2025-11-27T09:27:47.202717+00:00,train,3,6739,self,0.05,0,99,
2025-11-27T09:27:47.202845+00:00,train,3,6740,self,0.05,0,100,
2025-11-27T09:27:47.202975+00:00,train,3,6741,self,0.05,0,96,
2025-11-27T09:27:47.203105+00:00,train,3,6742,self,0.05,0,99,
2025-11-27T09:27:47.203235+00:00,train,3,6743,self,0.05,0,92,
2025-11-27T09:27:47.203364+00:00,train,3,6744,self,0.05,0,99,
2025-11-27T09:27:47.203495+00:00,train,3,6745,self,0.05,0,95,
2025-11-27T09:27:47.203635+00:00,train,3,6746,self,0.05,0,99,
2025-11-27T09:27:47.203767+00:00,train,3,6747,self,0.05,0,99,
2025-11-27T09:27:47.203897+00:00,train,3,6748,self,0.05,0,100,
2025-11-27T09:27:47.204027+00:00,train,3,6749,self,0.05,0,94,
2025-11-27T09:27:47.204165+00:00,train,3,6750,self,0.05,0,100,
2025-11-27T09:27:47.204296+00:00,train,3,6751,self,0.05,0,92,
2025-11-27T09:27:47.204426+00:00,train,3,6752,self,0.05,0,99,
2025-11-27T09:27:47.204556+00:00,train,3,6753,self,0.05,0,78,
2025-11-27T09:27:47.204686+00:00,train,3,6754,self,0.05,0,100,
2025-11-27T09:27:47.204816+00:00,train,3,6755,self,0.05,0,98,
2025-11-27T09:27:47.204945+00:00,train,3,6756,self,0.05,0,99,
2025-11-27T09:27:47.205075+00:00,train,3,6757,self,0.05,0,90,
2025-11-27T09:27:47.205205+00:00,train,3,6758,self,0.05,0,100,
2025-11-27T09:27:47.205397+00:00,train,3,6759,self,0.05,0,92,
2025-11-27T09:27:47.205562+00:00,train,3,6760,self,0.05,0,96,
2025-11-27T09:27:47.205711+00:00,train,3,6761,self,0.05,0,92,
2025-11-27T09:27:47.205854+00:00,train,3,6762,self,0.05,0,99,
2025-11-27T09:27:47.205992+00:00,train,3,6763,self,0.05,0,98,
2025-11-27T09:27:47.206137+00:00,train,3,6764,self,0.05,0,100,
2025-11-27T09:27:47.206270+00:00,train,3,6765,self,0.05,0,95,
2025-11-27T09:27:47.206411+00:00,train,3,6766,self,0.05,0,100,
2025-11-27T09:27:47.206545+00:00,train,3,6767,self,0.05,0,99,
2025-11-27T09:27:47.206748+00:00,train,3,6768,self,0.05,0,100,
2025-11-27T09:27:47.206915+00:00,train,3,6769,self,0.05,0,99,
2025-11-27T09:27:47.207068+00:00,train,3,6770,self,0.05,0,99,
2025-11-27T09:27:47.207216+00:00,train,3,6771,self,0.05,0,92,
2025-11-27T09:27:47.207361+00:00,train,3,6772,self,0.05,0,100,
2025-11-27T09:27:47.207511+00:00,train,3,6773,self,0.05,0,99,
2025-11-27T09:27:47.207671+00:00,train,3,6774,self,0.05,0,100,
2025-11-27T09:27:47.207815+00:00,train,3,6775,self,0.05,0,93,
2025-11-27T09:27:47.207952+00:00,train,3,6776,self,0.05,0,97,
2025-11-27T09:27:47.208088+00:00,train,3,6777,self,0.05,0,94,
2025-11-27T09:27:47.208223+00:00,train,3,6778,self,0.05,0,97,
2025-11-27T09:27:47.208359+00:00,train,3,6779,self,0.05,0,82,
2025-11-27T09:27:47.208494+00:00,train,3,6780,self,0.05,0,91,
2025-11-27T09:27:47.208648+00:00,train,3,6781,self,0.05,0,99,
2025-11-27T09:27:47.208785+00:00,train,3,6782,self,0.05,0,100,
2025-11-27T09:27:47.208926+00:00,train,3,6783,self,0.05,0,95,
2025-11-27T09:27:47.209064+00:00,train,3,6784,self,0.05,0,97,
2025-11-27T09:27:47.209205+00:00,train,3,6785,self,0.05,0,91,
2025-11-27T09:27:47.209343+00:00,train,3,6786,self,0.05,0,98,
2025-11-27T09:27:47.209478+00:00,train,3,6787,self,0.05,0,97,
2025-11-27T09:27:47.209662+00:00,train,3,6788,self,0.05,0,98,
2025-11-27T09:27:47.209813+00:00,train,3,6789,self,0.05,0,90,
2025-11-27T09:27:47.209950+00:00,train,3,6790,self,0.05,0,100,
2025-11-27T09:27:47.210095+00:00,train,3,6791,self,0.05,0,97,
2025-11-27T09:27:47.210228+00:00,train,3,6792,self,0.05,0,98,
2025-11-27T09:27:47.210365+00:00,train,3,6793,self,0.05,0,87,
2025-11-27T09:27:47.210495+00:00,train,3,6794,self,0.05,0,95,
2025-11-27T09:27:47.210630+00:00,train,3,6795,self,0.05,0,90,
2025-11-27T09:27:47.210758+00:00,train,3,6796,self,0.05,0,93,
2025-11-27T09:27:47.210896+00:00,train,3,6797,self,0.05,0,90,
2025-11-27T09:27:47.211025+00:00,train,3,6798,self,0.05,0,99,
2025-11-27T09:27:47.211173+00:00,train,3,6799,self,0.05,0,97,
2025-11-27T09:27:47.211301+00:00,train,3,6800,self,0.05,0,100,
2025-11-27T09:27:47.211428+00:00,train,3,6801,self,0.05,0,96,
2025-11-27T09:27:47.211559+00:00,train,3,6802,self,0.05,0,98,
2025-11-27T09:27:47.211689+00:00,train,3,6803,self,0.05,0,89,
2025-11-27T09:27:47.211824+00:00,train,3,6804,self,0.05,0,97,
2025-11-27T09:27:47.211953+00:00,train,3,6805,self,0.05,0,95,
2025-11-27T09:27:47.212081+00:00,train,3,6806,self,0.05,0,99,
2025-11-27T09:27:47.212215+00:00,train,3,6807,self,0.05,0,95,
2025-11-27T09:27:47.212346+00:00,train,3,6808,self,0.05,0,98,
2025-11-27T09:27:47.212477+00:00,train,3,6809,self,0.05,0,96,
2025-11-27T09:27:47.212609+00:00,train,3,6810,self,0.05,0,100,
2025-11-27T09:27:47.212736+00:00,train,3,6811,self,0.05,0,97,
2025-11-27T09:27:47.212863+00:00,train,3,6812,self,0.05,0,100,
2025-11-27T09:27:47.212996+00:00,train,3,6813,self,0.05,0,99,
2025-11-27T09:27:47.213125+00:00,train,3,6814,self,0.05,0,99,
2025-11-27T09:27:47.213258+00:00,train,3,6815,self,0.05,0,98,
2025-11-27T09:27:47.213387+00:00,train,3,6816,self,0.05,0,99,
2025-11-27T09:27:47.213515+00:00,train,3,6817,self,0.05,0,94,
2025-11-27T09:27:47.213641+00:00,train,3,6818,self,0.05,0,94,
2025-11-27T09:27:47.213777+00:00,train,3,6819,self,0.05,0,69,
2025-11-27T09:27:47.213905+00:00,train,3,6820,self,0.05,0,99,
2025-11-27T09:27:47.214032+00:00,train,3,6821,self,0.05,0,95,
2025-11-27T09:27:47.214166+00:00,train,3,6822,self,0.05,0,100,
2025-11-27T09:27:47.214298+00:00,train,3,6823,self,0.05,0,95,
2025-11-27T09:27:47.214430+00:00,train,3,6824,self,0.05,0,100,
2025-11-27T09:27:47.214560+00:00,train,3,6825,self,0.05,0,90,
2025-11-27T09:27:47.214752+00:00,train,3,6826,self,0.05,0,90,
2025-11-27T09:27:47.214908+00:00,train,3,6827,self,0.05,0,98,
2025-11-27T09:27:47.215050+00:00,train,3,6828,self,0.05,0,98,
2025-11-27T09:27:47.215187+00:00,train,3,6829,self,0.05,0,91,
2025-11-27T09:27:47.215321+00:00,train,3,6830,self,0.05,0,98,
2025-11-27T09:27:47.215454+00:00,train,3,6831,self,0.05,0,97,
2025-11-27T09:27:47.215594+00:00,train,3,6832,self,0.05,0,100,
2025-11-27T09:27:47.215725+00:00,train,3,6833,self,0.05,0,91,
2025-11-27T09:27:47.215863+00:00,train,3,6834,self,0.05,0,97,
2025-11-27T09:27:47.215994+00:00,train,3,6835,self,0.05,0,82,
2025-11-27T09:27:47.216130+00:00,train,3,6836,self,0.05,0,100,
2025-11-27T09:27:47.216266+00:00,train,3,6837,self,0.05,0,99,
2025-11-27T09:27:47.216397+00:00,train,3,6838,self,0.05,0,100,
2025-11-27T09:27:47.216527+00:00,train,3,6839,self,0.05,0,96,
2025-11-27T09:27:47.216655+00:00,train,3,6840,self,0.05,0,100,
2025-11-27T09:27:47.216793+00:00,train,3,6841,self,0.05,0,98,
2025-11-27T09:27:47.216926+00:00,train,3,6842,self,0.05,0,100,
2025-11-27T09:27:47.217055+00:00,train,3,6843,self,0.05,0,93,
2025-11-27T09:27:47.217184+00:00,train,3,6844,self,0.05,0,100,
2025-11-27T09:27:47.217313+00:00,train,3,6845,self,0.05,0,97,
2025-11-27T09:27:47.217441+00:00,train,3,6846,self,0.05,0,99,
2025-11-27T09:27:47.217569+00:00,train,3,6847,self,0.05,0,96,
2025-11-27T09:27:47.217697+00:00,train,3,6848,self,0.05,0,100,
2025-11-27T09:27:47.217827+00:00,train,3,6849,self,0.05,0,96,
2025-11-27T09:27:47.217955+00:00,train,3,6850,self,0.05,0,100,
2025-11-27T09:27:47.218084+00:00,train,3,6851,self,0.05,0,93,
2025-11-27T09:27:47.218213+00:00,train,3,6852,self,0.05,0,94,
2025-11-27T09:27:47.218342+00:00,train,3,6853,self,0.05,0,89,
2025-11-27T09:27:47.218470+00:00,train,3,6854,self,0.05,0,100,
2025-11-27T09:27:47.218599+00:00,train,3,6855,self,0.05,0,93,
2025-11-27T09:27:47.218740+00:00,train,3,6856,self,0.05,0,99,
2025-11-27T09:27:47.218865+00:00,train,3,6857,self,0.05,0,100,
2025-11-27T09:27:47.218998+00:00,train,3,6858,self,0.05,0,100,
2025-11-27T09:27:47.219128+00:00,train,3,6859,self,0.05,0,90,
2025-11-27T09:27:47.219254+00:00,train,3,6860,self,0.05,0,99,
2025-11-27T09:27:47.219379+00:00,train,3,6861,self,0.05,0,94,
2025-11-27T09:27:47.219504+00:00,train,3,6862,self,0.05,0,95,
2025-11-27T09:27:47.219646+00:00,train,3,6863,self,0.05,0,96,
2025-11-27T09:27:47.219775+00:00,train,3,6864,self,0.05,0,100,
2025-11-27T09:27:47.219903+00:00,train,3,6865,self,0.05,0,99,
2025-11-27T09:27:47.220032+00:00,train,3,6866,self,0.05,0,100,
2025-11-27T09:27:47.220161+00:00,train,3,6867,self,0.05,0,93,
2025-11-27T09:27:47.220291+00:00,train,3,6868,self,0.05,0,98,
2025-11-27T09:27:47.220421+00:00,train,3,6869,self,0.05,0,98,
2025-11-27T09:27:47.220620+00:00,train,3,6870,self,0.05,0,99,
2025-11-27T09:27:47.220787+00:00,train,3,6871,self,0.05,0,99,
2025-11-27T09:27:47.220925+00:00,train,3,6872,self,0.05,0,99,
2025-11-27T09:27:47.221058+00:00,train,3,6873,self,0.05,0,98,
2025-11-27T09:27:47.221190+00:00,train,3,6874,self,0.05,0,100,
2025-11-27T09:27:47.221319+00:00,train,3,6875,self,0.05,0,98,
2025-11-27T09:27:47.221447+00:00,train,3,6876,self,0.05,0,100,
2025-11-27T09:27:47.221619+00:00,train,3,6877,self,0.05,0,85,
2025-11-27T09:27:47.221813+00:00,train,3,6878,self,0.05,0,95,
2025-11-27T09:27:47.222056+00:00,train,3,6879,self,0.05,0,80,
2025-11-27T09:27:47.222231+00:00,train,3,6880,self,0.05,0,95,
2025-11-27T09:27:47.222371+00:00,train,3,6881,self,0.05,0,84,
2025-11-27T09:27:47.222502+00:00,train,3,6882,self,0.05,0,94,
2025-11-27T09:27:47.222645+00:00,train,3,6883,self,0.05,0,96,
2025-11-27T09:27:47.222774+00:00,train,3,6884,self,0.05,0,100,
2025-11-27T09:27:47.222901+00:00,train,3,6885,self,0.05,0,94,
2025-11-27T09:27:47.223027+00:00,train,3,6886,self,0.05,0,99,
2025-11-27T09:27:47.223153+00:00,train,3,6887,self,0.05,0,92,
2025-11-27T09:27:47.223278+00:00,train,3,6888,self,0.05,0,92,
2025-11-27T09:27:47.223403+00:00,train,3,6889,self,0.05,0,97,
2025-11-27T09:27:47.223537+00:00,train,3,6890,self,0.05,0,99,
2025-11-27T09:27:47.223688+00:00,train,3,6891,self,0.05,0,94,
2025-11-27T09:27:47.223817+00:00,train,3,6892,self,0.05,0,96,
2025-11-27T09:27:47.223946+00:00,train,3,6893,self,0.05,0,99,
2025-11-27T09:27:47.224075+00:00,train,3,6894,self,0.05,0,100,
2025-11-27T09:27:47.224204+00:00,train,3,6895,self,0.05,0,93,
2025-11-27T09:27:47.224353+00:00,train,3,6896,self,0.05,0,94,
2025-11-27T09:27:47.224484+00:00,train,3,6897,self,0.05,0,96,
2025-11-27T09:27:47.224614+00:00,train,3,6898,self,0.05,0,99,
2025-11-27T09:27:47.224744+00:00,train,3,6899,self,0.05,0,96,
2025-11-27T09:27:47.224876+00:00,train,3,6900,self,0.05,0,99,
2025-11-27T09:27:47.230531+00:00,train,3,6901,self,0.05,0,98,
2025-11-27T09:27:47.230799+00:00,train,3,6902,self,0.05,0,100,
2025-11-27T09:27:47.231083+00:00,train,3,6903,self,0.05,0,95,
2025-11-27T09:27:47.231273+00:00,train,3,6904,self,0.05,0,100,
2025-11-27T09:27:47.231443+00:00,train,3,6905,self,0.05,0,94,
2025-11-27T09:27:47.231609+00:00,train,3,6906,self,0.05,0,99,
2025-11-27T09:27:47.231770+00:00,train,3,6907,self,0.05,0,98,
2025-11-27T09:27:47.231927+00:00,train,3,6908,self,0.05,0,100,
2025-11-27T09:27:47.232086+00:00,train,3,6909,self,0.05,0,98,
2025-11-27T09:27:47.232242+00:00,train,3,6910,self,0.05,0,98,
2025-11-27T09:27:47.232397+00:00,train,3,6911,self,0.05,0,85,
2025-11-27T09:27:47.232550+00:00,train,3,6912,self,0.05,0,97,
2025-11-27T09:27:47.232713+00:00,train,3,6913,self,0.05,0,98,
2025-11-27T09:27:47.232869+00:00,train,3,6914,self,0.05,0,99,
2025-11-27T09:27:47.233031+00:00,train,3,6915,self,0.05,0,97,
2025-11-27T09:27:47.233182+00:00,train,3,6916,self,0.05,0,100,
2025-11-27T09:27:47.233342+00:00,train,3,6917,self,0.05,0,89,
2025-11-27T09:27:47.233493+00:00,train,3,6918,self,0.05,0,91,
2025-11-27T09:27:47.233644+00:00,train,3,6919,self,0.05,0,94,
2025-11-27T09:27:47.233793+00:00,train,3,6920,self,0.05,0,100,
2025-11-27T09:27:47.233943+00:00,train,3,6921,self,0.05,0,100,
2025-11-27T09:27:47.234092+00:00,train,3,6922,self,0.05,0,100,
2025-11-27T09:27:47.234242+00:00,train,3,6923,self,0.05,0,93,
2025-11-27T09:27:47.234416+00:00,train,3,6924,self,0.05,0,100,
2025-11-27T09:27:47.234627+00:00,train,3,6925,self,0.05,0,94,
2025-11-27T09:27:47.234792+00:00,train,3,6926,self,0.05,0,98,
2025-11-27T09:27:47.234952+00:00,train,3,6927,self,0.05,0,90,
2025-11-27T09:27:47.235104+00:00,train,3,6928,self,0.05,0,93,
2025-11-27T09:27:47.235251+00:00,train,3,6929,self,0.05,0,90,
2025-11-27T09:27:47.235397+00:00,train,3,6930,self,0.05,0,98,
2025-11-27T09:27:47.235542+00:00,train,3,6931,self,0.05,0,100,
2025-11-27T09:27:47.235685+00:00,train,3,6932,self,0.05,0,100,
2025-11-27T09:27:47.235828+00:00,train,3,6933,self,0.05,0,97,
2025-11-27T09:27:47.235970+00:00,train,3,6934,self,0.05,0,99,
2025-11-27T09:27:47.236113+00:00,train,3,6935,self,0.05,0,99,
2025-11-27T09:27:47.236256+00:00,train,3,6936,self,0.05,0,99,
2025-11-27T09:27:47.236398+00:00,train,3,6937,self,0.05,0,95,
2025-11-27T09:27:47.236540+00:00,train,3,6938,self,0.05,0,98,
2025-11-27T09:27:47.236680+00:00,train,3,6939,self,0.05,0,95,
2025-11-27T09:27:47.236822+00:00,train,3,6940,self,0.05,0,99,
2025-11-27T09:27:47.236963+00:00,train,3,6941,self,0.05,0,94,
2025-11-27T09:27:47.237105+00:00,train,3,6942,self,0.05,0,100,
2025-11-27T09:27:47.237247+00:00,train,3,6943,self,0.05,0,85,
2025-11-27T09:27:47.237390+00:00,train,3,6944,self,0.05,0,100,
2025-11-27T09:27:47.237532+00:00,train,3,6945,self,0.05,0,99,
2025-11-27T09:27:47.237675+00:00,train,3,6946,self,0.05,0,100,
2025-11-27T09:27:47.237818+00:00,train,3,6947,self,0.05,0,94,
2025-11-27T09:27:47.237961+00:00,train,3,6948,self,0.05,0,100,
2025-11-27T09:27:47.238105+00:00,train,3,6949,self,0.05,0,99,
2025-11-27T09:27:47.238247+00:00,train,3,6950,self,0.05,0,100,
2025-11-27T09:27:47.238390+00:00,train,3,6951,self,0.05,0,98,
2025-11-27T09:27:47.238534+00:00,train,3,6952,self,0.05,0,99,
2025-11-27T09:27:47.238678+00:00,train,3,6953,self,0.05,0,94,
2025-11-27T09:27:47.238821+00:00,train,3,6954,self,0.05,0,94,
2025-11-27T09:27:47.238967+00:00,train,3,6955,self,0.05,0,99,
2025-11-27T09:27:47.239111+00:00,train,3,6956,self,0.05,0,100,
2025-11-27T09:27:47.239253+00:00,train,3,6957,self,0.05,0,92,
2025-11-27T09:27:47.239397+00:00,train,3,6958,self,0.05,0,94,
2025-11-27T09:27:47.239540+00:00,train,3,6959,self,0.05,0,99,
2025-11-27T09:27:47.239682+00:00,train,3,6960,self,0.05,0,100,
2025-11-27T09:27:47.239824+00:00,train,3,6961,self,0.05,0,93,
2025-11-27T09:27:47.239966+00:00,train,3,6962,self,0.05,0,95,
2025-11-27T09:27:47.240109+00:00,train,3,6963,self,0.05,0,99,
2025-11-27T09:27:47.240251+00:00,train,3,6964,self,0.05,0,100,
2025-11-27T09:27:47.240392+00:00,train,3,6965,self,0.05,0,96,
2025-11-27T09:27:47.240534+00:00,train,3,6966,self,0.05,0,97,
2025-11-27T09:27:47.240675+00:00,train,3,6967,self,0.05,0,83,
2025-11-27T09:27:47.240817+00:00,train,3,6968,self,0.05,0,99,
2025-11-27T09:27:47.240959+00:00,train,3,6969,self,0.05,0,93,
2025-11-27T09:27:47.241101+00:00,train,3,6970,self,0.05,0,93,
2025-11-27T09:27:47.241243+00:00,train,3,6971,self,0.05,0,98,
2025-11-27T09:27:47.241385+00:00,train,3,6972,self,0.05,0,99,
2025-11-27T09:27:47.241527+00:00,train,3,6973,self,0.05,0,83,
2025-11-27T09:27:47.241669+00:00,train,3,6974,self,0.05,0,98,
2025-11-27T09:27:47.241811+00:00,train,3,6975,self,0.05,0,88,
2025-11-27T09:27:47.241953+00:00,train,3,6976,self,0.05,0,100,
2025-11-27T09:27:47.242095+00:00,train,3,6977,self,0.05,0,96,
2025-11-27T09:27:47.242238+00:00,train,3,6978,self,0.05,0,99,
2025-11-27T09:27:47.242392+00:00,train,3,6979,self,0.05,0,84,
2025-11-27T09:27:47.242637+00:00,train,3,6980,self,0.05,0,99,
2025-11-27T09:27:47.242872+00:00,train,3,6981,self,0.05,0,97,
2025-11-27T09:27:47.243040+00:00,train,3,6982,self,0.05,0,98,
2025-11-27T09:27:47.243196+00:00,train,3,6983,self,0.05,0,95,
2025-11-27T09:27:47.243348+00:00,train,3,6984,self,0.05,0,97,
2025-11-27T09:27:47.243496+00:00,train,3,6985,self,0.05,0,88,
2025-11-27T09:27:47.243641+00:00,train,3,6986,self,0.05,0,96,
2025-11-27T09:27:47.243787+00:00,train,3,6987,self,0.05,0,96,
2025-11-27T09:27:47.243933+00:00,train,3,6988,self,0.05,0,97,
2025-11-27T09:27:47.244075+00:00,train,3,6989,self,0.05,0,95,
2025-11-27T09:27:47.244218+00:00,train,3,6990,self,0.05,0,95,
2025-11-27T09:27:47.244361+00:00,train,3,6991,self,0.05,0,96,
2025-11-27T09:27:47.244504+00:00,train,3,6992,self,0.05,0,100,
2025-11-27T09:27:47.244647+00:00,train,3,6993,self,0.05,0,98,
2025-11-27T09:27:47.244789+00:00,train,3,6994,self,0.05,0,99,
2025-11-27T09:27:47.244931+00:00,train,3,6995,self,0.05,0,92,
2025-11-27T09:27:47.245073+00:00,train,3,6996,self,0.05,0,96,
2025-11-27T09:27:47.245216+00:00,train,3,6997,self,0.05,0,97,
2025-11-27T09:27:47.245358+00:00,train,3,6998,self,0.05,0,100,
2025-11-27T09:27:47.245501+00:00,train,3,6999,self,0.05,0,80,
2025-11-27T09:27:47.245656+00:00,train,3,7000,self,0.05,0,89,
2025-11-27T09:27:47.245794+00:00,train,3,7001,self,0.05,0,94,
2025-11-27T09:27:47.245931+00:00,train,3,7002,self,0.05,0,100,
2025-11-27T09:27:47.246069+00:00,train,3,7003,self,0.05,0,96,
2025-11-27T09:27:47.246206+00:00,train,3,7004,self,0.05,0,98,
2025-11-27T09:27:47.246344+00:00,train,3,7005,self,0.05,0,82,
2025-11-27T09:27:47.246482+00:00,train,3,7006,self,0.05,0,95,
2025-11-27T09:27:47.246618+00:00,train,3,7007,self,0.05,0,99,
2025-11-27T09:27:47.246755+00:00,train,3,7008,self,0.05,0,99,
2025-11-27T09:27:47.246892+00:00,train,3,7009,self,0.05,0,98,
2025-11-27T09:27:47.247032+00:00,train,3,7010,self,0.05,0,98,
2025-11-27T09:27:47.247169+00:00,train,3,7011,self,0.05,0,92,
2025-11-27T09:27:47.247307+00:00,train,3,7012,self,0.05,0,97,
2025-11-27T09:27:47.247445+00:00,train,3,7013,self,0.05,0,99,
2025-11-27T09:27:47.247582+00:00,train,3,7014,self,0.05,0,100,
2025-11-27T09:27:47.247720+00:00,train,3,7015,self,0.05,0,93,
2025-11-27T09:27:47.247858+00:00,train,3,7016,self,0.05,0,96,
2025-11-27T09:27:47.247997+00:00,train,3,7017,self,0.05,0,88,
2025-11-27T09:27:47.248135+00:00,train,3,7018,self,0.05,0,100,
2025-11-27T09:27:47.248272+00:00,train,3,7019,self,0.05,0,99,
2025-11-27T09:27:47.248476+00:00,train,3,7020,self,0.05,0,99,
2025-11-27T09:27:47.248640+00:00,train,3,7021,self,0.05,0,94,
2025-11-27T09:27:47.248790+00:00,train,3,7022,self,0.05,0,100,
2025-11-27T09:27:47.248937+00:00,train,3,7023,self,0.05,0,86,
2025-11-27T09:27:47.249079+00:00,train,3,7024,self,0.05,0,99,
2025-11-27T09:27:47.249221+00:00,train,3,7025,self,0.05,0,89,
2025-11-27T09:27:47.249361+00:00,train,3,7026,self,0.05,0,96,
2025-11-27T09:27:47.249500+00:00,train,3,7027,self,0.05,0,99,
2025-11-27T09:27:47.249638+00:00,train,3,7028,self,0.05,0,100,
2025-11-27T09:27:47.249775+00:00,train,3,7029,self,0.05,0,91,
2025-11-27T09:27:47.249912+00:00,train,3,7030,self,0.05,0,95,
2025-11-27T09:27:47.250050+00:00,train,3,7031,self,0.05,0,78,
2025-11-27T09:27:47.250186+00:00,train,3,7032,self,0.05,0,94,
2025-11-27T09:27:47.250322+00:00,train,3,7033,self,0.05,0,84,
2025-11-27T09:27:47.250459+00:00,train,3,7034,self,0.05,0,100,
2025-11-27T09:27:47.250596+00:00,train,3,7035,self,0.05,0,89,
2025-11-27T09:27:47.250732+00:00,train,3,7036,self,0.05,0,98,
2025-11-27T09:27:47.250869+00:00,train,3,7037,self,0.05,0,96,
2025-11-27T09:27:47.251005+00:00,train,3,7038,self,0.05,0,100,
2025-11-27T09:27:47.251154+00:00,train,3,7039,self,0.05,0,98,
2025-11-27T09:27:47.251291+00:00,train,3,7040,self,0.05,0,100,
2025-11-27T09:27:47.251434+00:00,train,3,7041,self,0.05,0,95,
2025-11-27T09:27:47.251577+00:00,train,3,7042,self,0.05,0,98,
2025-11-27T09:27:47.251717+00:00,train,3,7043,self,0.05,0,98,
2025-11-27T09:27:47.251859+00:00,train,3,7044,self,0.05,0,99,
2025-11-27T09:27:47.251996+00:00,train,3,7045,self,0.05,0,95,
2025-11-27T09:27:47.252133+00:00,train,3,7046,self,0.05,0,99,
2025-11-27T09:27:47.252270+00:00,train,3,7047,self,0.05,0,96,
2025-11-27T09:27:47.252412+00:00,train,3,7048,self,0.05,0,100,
2025-11-27T09:27:47.252549+00:00,train,3,7049,self,0.05,0,93,
2025-11-27T09:27:47.252686+00:00,train,3,7050,self,0.05,0,96,
2025-11-27T09:27:47.252833+00:00,train,3,7051,self,0.05,0,85,
2025-11-27T09:27:47.252970+00:00,train,3,7052,self,0.05,0,94,
2025-11-27T09:27:47.253113+00:00,train,3,7053,self,0.05,0,96,
2025-11-27T09:27:47.253253+00:00,train,3,7054,self,0.05,0,100,
2025-11-27T09:27:47.253396+00:00,train,3,7055,self,0.05,0,95,
2025-11-27T09:27:47.253536+00:00,train,3,7056,self,0.05,0,96,
2025-11-27T09:27:47.253673+00:00,train,3,7057,self,0.05,0,92,
2025-11-27T09:27:47.253812+00:00,train,3,7058,self,0.05,0,99,
2025-11-27T09:27:47.253956+00:00,train,3,7059,self,0.05,0,92,
2025-11-27T09:27:47.254095+00:00,train,3,7060,self,0.05,0,93,
2025-11-27T09:27:47.254233+00:00,train,3,7061,self,0.05,0,96,
2025-11-27T09:27:47.254456+00:00,train,3,7062,self,0.05,0,100,
2025-11-27T09:27:47.254629+00:00,train,3,7063,self,0.05,0,86,
2025-11-27T09:27:47.254781+00:00,train,3,7064,self,0.05,0,94,
2025-11-27T09:27:47.254964+00:00,train,3,7065,self,0.05,0,100,
2025-11-27T09:27:47.255146+00:00,train,3,7066,self,0.05,0,100,
2025-11-27T09:27:47.255311+00:00,train,3,7067,self,0.05,0,100,
2025-11-27T09:27:47.255469+00:00,train,3,7068,self,0.05,0,100,
2025-11-27T09:27:47.255627+00:00,train,3,7069,self,0.05,0,95,
2025-11-27T09:27:47.255776+00:00,train,3,7070,self,0.05,0,95,
2025-11-27T09:27:47.255924+00:00,train,3,7071,self,0.05,0,95,
2025-11-27T09:27:47.256070+00:00,train,3,7072,self,0.05,0,95,
2025-11-27T09:27:47.256212+00:00,train,3,7073,self,0.05,0,97,
2025-11-27T09:27:47.256359+00:00,train,3,7074,self,0.05,0,99,
2025-11-27T09:27:47.256502+00:00,train,3,7075,self,0.05,0,97,
2025-11-27T09:27:47.256641+00:00,train,3,7076,self,0.05,0,98,
2025-11-27T09:27:47.256780+00:00,train,3,7077,self,0.05,0,87,
2025-11-27T09:27:47.256922+00:00,train,3,7078,self,0.05,0,96,
2025-11-27T09:27:47.257062+00:00,train,3,7079,self,0.05,0,96,
2025-11-27T09:27:47.257201+00:00,train,3,7080,self,0.05,0,100,
2025-11-27T09:27:47.257340+00:00,train,3,7081,self,0.05,0,91,
2025-11-27T09:27:47.257479+00:00,train,3,7082,self,0.05,0,95,
2025-11-27T09:27:47.257616+00:00,train,3,7083,self,0.05,0,89,
2025-11-27T09:27:47.257754+00:00,train,3,7084,self,0.05,0,98,
2025-11-27T09:27:47.257895+00:00,train,3,7085,self,0.05,0,93,
2025-11-27T09:27:47.258033+00:00,train,3,7086,self,0.05,0,94,
2025-11-27T09:27:47.258171+00:00,train,3,7087,self,0.05,0,100,
2025-11-27T09:27:47.258318+00:00,train,3,7088,self,0.05,0,100,
2025-11-27T09:27:47.258460+00:00,train,3,7089,self,0.05,0,99,
2025-11-27T09:27:47.258605+00:00,train,3,7090,self,0.05,0,100,
2025-11-27T09:27:47.258769+00:00,train,3,7091,self,0.05,0,99,
2025-11-27T09:27:47.258924+00:00,train,3,7092,self,0.05,0,99,
2025-11-27T09:27:47.259077+00:00,train,3,7093,self,0.05,0,85,
2025-11-27T09:27:47.259231+00:00,train,3,7094,self,0.05,0,100,
2025-11-27T09:27:47.259434+00:00,train,3,7095,self,0.05,0,96,
2025-11-27T09:27:47.259606+00:00,train,3,7096,self,0.05,0,98,
2025-11-27T09:27:47.259762+00:00,train,3,7097,self,0.05,0,97,
2025-11-27T09:27:47.259928+00:00,train,3,7098,self,0.05,0,100,
2025-11-27T09:27:47.260087+00:00,train,3,7099,self,0.05,0,91,
2025-11-27T09:27:47.260243+00:00,train,3,7100,self,0.05,0,98,
2025-11-27T09:27:47.260399+00:00,train,3,7101,self,0.05,0,92,
2025-11-27T09:27:47.260559+00:00,train,3,7102,self,0.05,0,100,
2025-11-27T09:27:47.260703+00:00,train,3,7103,self,0.05,0,87,
2025-11-27T09:27:47.260843+00:00,train,3,7104,self,0.05,0,91,
2025-11-27T09:27:47.260981+00:00,train,3,7105,self,0.05,0,91,
2025-11-27T09:27:47.261119+00:00,train,3,7106,self,0.05,0,99,
2025-11-27T09:27:47.261257+00:00,train,3,7107,self,0.05,0,91,
2025-11-27T09:27:47.261396+00:00,train,3,7108,self,0.05,0,98,
2025-11-27T09:27:47.261533+00:00,train,3,7109,self,0.05,0,98,
2025-11-27T09:27:47.261671+00:00,train,3,7110,self,0.05,0,98,
2025-11-27T09:27:47.261808+00:00,train,3,7111,self,0.05,0,86,
2025-11-27T09:27:47.261945+00:00,train,3,7112,self,0.05,0,98,
2025-11-27T09:27:47.262083+00:00,train,3,7113,self,0.05,0,100,
2025-11-27T09:27:47.262220+00:00,train,3,7114,self,0.05,0,100,
2025-11-27T09:27:47.262358+00:00,train,3,7115,self,0.05,0,85,
2025-11-27T09:27:47.262499+00:00,train,3,7116,self,0.05,0,99,
2025-11-27T09:27:47.262635+00:00,train,3,7117,self,0.05,0,94,
2025-11-27T09:27:47.262773+00:00,train,3,7118,self,0.05,0,94,
2025-11-27T09:27:47.262911+00:00,train,3,7119,self,0.05,0,93,
2025-11-27T09:27:47.263049+00:00,train,3,7120,self,0.05,0,94,
2025-11-27T09:27:47.263187+00:00,train,3,7121,self,0.05,0,98,
2025-11-27T09:27:47.263325+00:00,train,3,7122,self,0.05,0,100,
2025-11-27T09:27:47.263462+00:00,train,3,7123,self,0.05,0,84,
2025-11-27T09:27:47.263600+00:00,train,3,7124,self,0.05,0,99,
2025-11-27T09:27:47.263739+00:00,train,3,7125,self,0.05,0,82,
2025-11-27T09:27:47.263877+00:00,train,3,7126,self,0.05,0,99,
2025-11-27T09:27:47.264014+00:00,train,3,7127,self,0.05,0,87,
2025-11-27T09:27:47.264153+00:00,train,3,7128,self,0.05,0,92,
2025-11-27T09:27:47.264291+00:00,train,3,7129,self,0.05,0,94,
2025-11-27T09:27:47.264478+00:00,train,3,7130,self,0.05,0,99,
2025-11-27T09:27:47.264634+00:00,train,3,7131,self,0.05,0,97,
2025-11-27T09:27:47.264774+00:00,train,3,7132,self,0.05,0,99,
2025-11-27T09:27:47.264914+00:00,train,3,7133,self,0.05,0,88,
2025-11-27T09:27:47.265053+00:00,train,3,7134,self,0.05,0,91,
2025-11-27T09:27:47.265192+00:00,train,3,7135,self,0.05,0,97,
2025-11-27T09:27:47.265331+00:00,train,3,7136,self,0.05,0,100,
2025-11-27T09:27:47.265470+00:00,train,3,7137,self,0.05,0,98,
2025-11-27T09:27:47.265616+00:00,train,3,7138,self,0.05,0,100,
2025-11-27T09:27:47.265760+00:00,train,3,7139,self,0.05,0,97,
2025-11-27T09:27:47.265907+00:00,train,3,7140,self,0.05,0,100,
2025-11-27T09:27:47.266050+00:00,train,3,7141,self,0.05,0,84,
2025-11-27T09:27:47.266189+00:00,train,3,7142,self,0.05,0,97,
2025-11-27T09:27:47.266337+00:00,train,3,7143,self,0.05,0,91,
2025-11-27T09:27:47.266476+00:00,train,3,7144,self,0.05,0,98,
2025-11-27T09:27:47.266615+00:00,train,3,7145,self,0.05,0,95,
2025-11-27T09:27:47.266758+00:00,train,3,7146,self,0.05,0,97,
2025-11-27T09:27:47.266899+00:00,train,3,7147,self,0.05,0,90,
2025-11-27T09:27:47.267043+00:00,train,3,7148,self,0.05,0,96,
2025-11-27T09:27:47.267187+00:00,train,3,7149,self,0.05,0,99,
2025-11-27T09:27:47.267325+00:00,train,3,7150,self,0.05,0,99,
2025-11-27T09:27:47.267463+00:00,train,3,7151,self,0.05,0,90,
2025-11-27T09:27:47.267601+00:00,train,3,7152,self,0.05,0,95,
2025-11-27T09:27:47.267739+00:00,train,3,7153,self,0.05,0,94,
2025-11-27T09:27:47.267876+00:00,train,3,7154,self,0.05,0,98,
2025-11-27T09:27:47.268013+00:00,train,3,7155,self,0.05,0,96,
2025-11-27T09:27:47.268150+00:00,train,3,7156,self,0.05,0,99,
2025-11-27T09:27:47.268288+00:00,train,3,7157,self,0.05,0,90,
2025-11-27T09:27:47.268425+00:00,train,3,7158,self,0.05,0,97,
2025-11-27T09:27:47.268563+00:00,train,3,7159,self,0.05,0,93,
2025-11-27T09:27:47.268699+00:00,train,3,7160,self,0.05,0,99,
2025-11-27T09:27:47.268837+00:00,train,3,7161,self,0.05,0,97,
2025-11-27T09:27:47.268974+00:00,train,3,7162,self,0.05,0,98,
2025-11-27T09:27:47.269111+00:00,train,3,7163,self,0.05,0,99,
2025-11-27T09:27:47.269248+00:00,train,3,7164,self,0.05,0,99,
2025-11-27T09:27:47.269386+00:00,train,3,7165,self,0.05,0,88,
2025-11-27T09:27:47.269523+00:00,train,3,7166,self,0.05,0,100,
2025-11-27T09:27:47.269660+00:00,train,3,7167,self,0.05,0,91,
2025-11-27T09:27:47.269798+00:00,train,3,7168,self,0.05,0,100,
2025-11-27T09:27:47.269936+00:00,train,3,7169,self,0.05,0,92,
2025-11-27T09:27:47.270073+00:00,train,3,7170,self,0.05,0,100,
2025-11-27T09:27:47.270210+00:00,train,3,7171,self,0.05,0,100,
2025-11-27T09:27:47.270347+00:00,train,3,7172,self,0.05,0,100,
2025-11-27T09:27:47.270484+00:00,train,3,7173,self,0.05,0,92,
2025-11-27T09:27:47.270621+00:00,train,3,7174,self,0.05,0,100,
2025-11-27T09:27:47.270759+00:00,train,3,7175,self,0.05,0,97,
2025-11-27T09:27:47.270896+00:00,train,3,7176,self,0.05,0,100,
2025-11-27T09:27:47.271034+00:00,train,3,7177,self,0.05,0,90,
2025-11-27T09:27:47.271172+00:00,train,3,7178,self,0.05,0,94,
2025-11-27T09:27:47.271309+00:00,train,3,7179,self,0.05,0,95,
2025-11-27T09:27:47.271445+00:00,train,3,7180,self,0.05,0,100,
2025-11-27T09:27:47.271582+00:00,train,3,7181,self,0.05,0,95,
2025-11-27T09:27:47.271719+00:00,train,3,7182,self,0.05,0,97,
2025-11-27T09:27:47.271857+00:00,train,3,7183,self,0.05,0,96,
2025-11-27T09:27:47.271995+00:00,train,3,7184,self,0.05,0,98,
2025-11-27T09:27:47.272132+00:00,train,3,7185,self,0.05,0,95,
2025-11-27T09:27:47.272269+00:00,train,3,7186,self,0.05,0,98,
2025-11-27T09:27:47.272409+00:00,train,3,7187,self,0.05,0,96,
2025-11-27T09:27:47.272546+00:00,train,3,7188,self,0.05,0,100,
2025-11-27T09:27:47.272683+00:00,train,3,7189,self,0.05,0,94,
2025-11-27T09:27:47.272819+00:00,train,3,7190,self,0.05,0,100,
2025-11-27T09:27:47.272956+00:00,train,3,7191,self,0.05,0,97,
2025-11-27T09:27:47.273092+00:00,train,3,7192,self,0.05,0,100,
2025-11-27T09:27:47.273230+00:00,train,3,7193,self,0.05,0,95,
2025-11-27T09:27:47.273367+00:00,train,3,7194,self,0.05,0,97,
2025-11-27T09:27:47.273503+00:00,train,3,7195,self,0.05,0,83,
2025-11-27T09:27:47.273730+00:00,train,3,7196,self,0.05,0,99,
2025-11-27T09:27:47.273891+00:00,train,3,7197,self,0.05,0,98,
2025-11-27T09:27:47.274040+00:00,train,3,7198,self,0.05,0,99,
2025-11-27T09:27:47.274219+00:00,train,3,7199,self,0.05,0,88,
2025-11-27T09:27:47.274366+00:00,train,3,7200,self,0.05,0,91,
2025-11-27T09:27:47.274512+00:00,train,3,7201,self,0.05,0,96,
2025-11-27T09:27:47.274651+00:00,train,3,7202,self,0.05,0,99,
2025-11-27T09:27:47.274876+00:00,train,3,7203,self,0.05,0,97,
2025-11-27T09:27:47.275040+00:00,train,3,7204,self,0.05,0,100,
2025-11-27T09:27:47.275189+00:00,train,3,7205,self,0.05,0,99,
2025-11-27T09:27:47.275335+00:00,train,3,7206,self,0.05,0,100,
2025-11-27T09:27:47.275476+00:00,train,3,7207,self,0.05,0,88,
2025-11-27T09:27:47.275614+00:00,train,3,7208,self,0.05,0,100,
2025-11-27T09:27:47.275751+00:00,train,3,7209,self,0.05,0,91,
2025-11-27T09:27:47.275889+00:00,train,3,7210,self,0.05,0,98,
2025-11-27T09:27:47.276029+00:00,train,3,7211,self,0.05,0,93,
2025-11-27T09:27:47.276167+00:00,train,3,7212,self,0.05,0,97,
2025-11-27T09:27:47.276305+00:00,train,3,7213,self,0.05,0,93,
2025-11-27T09:27:47.276444+00:00,train,3,7214,self,0.05,0,96,
2025-11-27T09:27:47.276581+00:00,train,3,7215,self,0.05,0,96,
2025-11-27T09:27:47.276716+00:00,train,3,7216,self,0.05,0,100,
2025-11-27T09:27:47.276852+00:00,train,3,7217,self,0.05,0,93,
2025-11-27T09:27:47.276987+00:00,train,3,7218,self,0.05,0,95,
2025-11-27T09:27:47.277123+00:00,train,3,7219,self,0.05,0,90,
2025-11-27T09:27:47.277259+00:00,train,3,7220,self,0.05,0,99,
2025-11-27T09:27:47.277396+00:00,train,3,7221,self,0.05,0,90,
2025-11-27T09:27:47.277531+00:00,train,3,7222,self,0.05,0,100,
2025-11-27T09:27:47.277667+00:00,train,3,7223,self,0.05,0,88,
2025-11-27T09:27:47.277803+00:00,train,3,7224,self,0.05,0,99,
2025-11-27T09:27:47.277939+00:00,train,3,7225,self,0.05,0,86,
2025-11-27T09:27:47.278075+00:00,train,3,7226,self,0.05,0,90,
2025-11-27T09:27:47.278210+00:00,train,3,7227,self,0.05,0,91,
2025-11-27T09:27:47.278346+00:00,train,3,7228,self,0.05,0,96,
2025-11-27T09:27:47.278481+00:00,train,3,7229,self,0.05,0,81,
2025-11-27T09:27:47.278616+00:00,train,3,7230,self,0.05,0,95,
2025-11-27T09:27:47.278751+00:00,train,3,7231,self,0.05,0,88,
2025-11-27T09:27:47.278885+00:00,train,3,7232,self,0.05,0,94,
2025-11-27T09:27:47.279020+00:00,train,3,7233,self,0.05,0,82,
2025-11-27T09:27:47.279154+00:00,train,3,7234,self,0.05,0,87,
2025-11-27T09:27:47.279289+00:00,train,3,7235,self,0.05,0,92,
2025-11-27T09:27:47.279425+00:00,train,3,7236,self,0.05,0,99,
2025-11-27T09:27:47.279559+00:00,train,3,7237,self,0.05,0,100,
2025-11-27T09:27:47.279694+00:00,train,3,7238,self,0.05,0,100,
2025-11-27T09:27:47.279829+00:00,train,3,7239,self,0.05,0,93,
2025-11-27T09:27:47.279963+00:00,train,3,7240,self,0.05,0,98,
2025-11-27T09:27:47.280098+00:00,train,3,7241,self,0.05,0,97,
2025-11-27T09:27:47.280234+00:00,train,3,7242,self,0.05,0,98,
2025-11-27T09:27:47.280408+00:00,train,3,7243,self,0.05,0,93,
2025-11-27T09:27:47.280589+00:00,train,3,7244,self,0.05,0,100,
2025-11-27T09:27:47.280744+00:00,train,3,7245,self,0.05,0,96,
2025-11-27T09:27:47.280890+00:00,train,3,7246,self,0.05,0,99,
2025-11-27T09:27:47.281032+00:00,train,3,7247,self,0.05,0,99,
2025-11-27T09:27:47.281172+00:00,train,3,7248,self,0.05,0,100,
2025-11-27T09:27:47.281311+00:00,train,3,7249,self,0.05,0,93,
2025-11-27T09:27:47.281453+00:00,train,3,7250,self,0.05,0,99,
2025-11-27T09:27:47.281591+00:00,train,3,7251,self,0.05,0,85,
2025-11-27T09:27:47.281746+00:00,train,3,7252,self,0.05,0,96,
2025-11-27T09:27:47.281890+00:00,train,3,7253,self,0.05,0,100,
2025-11-27T09:27:47.282029+00:00,train,3,7254,self,0.05,0,100,
2025-11-27T09:27:47.282167+00:00,train,3,7255,self,0.05,0,99,
2025-11-27T09:27:47.282304+00:00,train,3,7256,self,0.05,0,99,
2025-11-27T09:27:47.282442+00:00,train,3,7257,self,0.05,0,93,
2025-11-27T09:27:47.282578+00:00,train,3,7258,self,0.05,0,100,
2025-11-27T09:27:47.282715+00:00,train,3,7259,self,0.05,0,93,
2025-11-27T09:27:47.282853+00:00,train,3,7260,self,0.05,0,97,
2025-11-27T09:27:47.282990+00:00,train,3,7261,self,0.05,0,96,
2025-11-27T09:27:47.283126+00:00,train,3,7262,self,0.05,0,99,
2025-11-27T09:27:47.283263+00:00,train,3,7263,self,0.05,0,98,
2025-11-27T09:27:47.283400+00:00,train,3,7264,self,0.05,0,100,
2025-11-27T09:27:47.283537+00:00,train,3,7265,self,0.05,0,95,
2025-11-27T09:27:47.283676+00:00,train,3,7266,self,0.05,0,100,
2025-11-27T09:27:47.283813+00:00,train,3,7267,self,0.05,0,89,
2025-11-27T09:27:47.283948+00:00,train,3,7268,self,0.05,0,100,
2025-11-27T09:27:47.284085+00:00,train,3,7269,self,0.05,0,88,
2025-11-27T09:27:47.284222+00:00,train,3,7270,self,0.05,0,100,
2025-11-27T09:27:47.284365+00:00,train,3,7271,self,0.05,0,93,
2025-11-27T09:27:47.284501+00:00,train,3,7272,self,0.05,0,100,
2025-11-27T09:27:47.284638+00:00,train,3,7273,self,0.05,0,99,
2025-11-27T09:27:47.284789+00:00,train,3,7274,self,0.05,0,100,
2025-11-27T09:27:47.284923+00:00,train,3,7275,self,0.05,0,90,
2025-11-27T09:27:47.285055+00:00,train,3,7276,self,0.05,0,99,
2025-11-27T09:27:47.285226+00:00,train,3,7277,self,0.05,0,90,
2025-11-27T09:27:47.285451+00:00,train,3,7278,self,0.05,0,97,
2025-11-27T09:27:47.285608+00:00,train,3,7279,self,0.05,0,89,
2025-11-27T09:27:47.285752+00:00,train,3,7280,self,0.05,0,92,
2025-11-27T09:27:47.285892+00:00,train,3,7281,self,0.05,0,99,
2025-11-27T09:27:47.286030+00:00,train,3,7282,self,0.05,0,99,
2025-11-27T09:27:47.286165+00:00,train,3,7283,self,0.05,0,95,
2025-11-27T09:27:47.286302+00:00,train,3,7284,self,0.05,0,98,
2025-11-27T09:27:47.286436+00:00,train,3,7285,self,0.05,0,93,
2025-11-27T09:27:47.286569+00:00,train,3,7286,self,0.05,0,100,
2025-11-27T09:27:47.286767+00:00,train,3,7287,self,0.05,0,96,
2025-11-27T09:27:47.286925+00:00,train,3,7288,self,0.05,0,100,
2025-11-27T09:27:47.287074+00:00,train,3,7289,self,0.05,0,100,
2025-11-27T09:27:47.287215+00:00,train,3,7290,self,0.05,0,100,
2025-11-27T09:27:47.287353+00:00,train,3,7291,self,0.05,0,93,
2025-11-27T09:27:47.287490+00:00,train,3,7292,self,0.05,0,98,
2025-11-27T09:27:47.287624+00:00,train,3,7293,self,0.05,0,67,
2025-11-27T09:27:47.287759+00:00,train,3,7294,self,0.05,0,97,
2025-11-27T09:27:47.287969+00:00,train,3,7295,self,0.05,0,93,
2025-11-27T09:27:47.288139+00:00,train,3,7296,self,0.05,0,97,
2025-11-27T09:27:47.288297+00:00,train,3,7297,self,0.05,0,91,
2025-11-27T09:27:47.288451+00:00,train,3,7298,self,0.05,0,100,
2025-11-27T09:27:47.288651+00:00,train,3,7299,self,0.05,0,98,
2025-11-27T09:27:47.288845+00:00,train,3,7300,self,0.05,0,100,
2025-11-27T09:27:47.288999+00:00,train,3,7301,self,0.05,0,91,
2025-11-27T09:27:47.289147+00:00,train,3,7302,self,0.05,0,97,
2025-11-27T09:27:47.289291+00:00,train,3,7303,self,0.05,0,80,
2025-11-27T09:27:47.289433+00:00,train,3,7304,self,0.05,0,95,
2025-11-27T09:27:47.289571+00:00,train,3,7305,self,0.05,0,84,
2025-11-27T09:27:47.289707+00:00,train,3,7306,self,0.05,0,94,
2025-11-27T09:27:47.289842+00:00,train,3,7307,self,0.05,0,96,
2025-11-27T09:27:47.289977+00:00,train,3,7308,self,0.05,0,99,
2025-11-27T09:27:47.290110+00:00,train,3,7309,self,0.05,0,98,
2025-11-27T09:27:47.290242+00:00,train,3,7310,self,0.05,0,100,
2025-11-27T09:27:47.290376+00:00,train,3,7311,self,0.05,0,97,
2025-11-27T09:27:47.290508+00:00,train,3,7312,self,0.05,0,100,
2025-11-27T09:27:47.290641+00:00,train,3,7313,self,0.05,0,97,
2025-11-27T09:27:47.290775+00:00,train,3,7314,self,0.05,0,99,
2025-11-27T09:27:47.290908+00:00,train,3,7315,self,0.05,0,98,
2025-11-27T09:27:47.291041+00:00,train,3,7316,self,0.05,0,99,
2025-11-27T09:27:47.291175+00:00,train,3,7317,self,0.05,0,91,
2025-11-27T09:27:47.291308+00:00,train,3,7318,self,0.05,0,100,
2025-11-27T09:27:47.291453+00:00,train,3,7319,self,0.05,0,74,
2025-11-27T09:27:47.291603+00:00,train,3,7320,self,0.05,0,94,
2025-11-27T09:27:47.291760+00:00,train,3,7321,self,0.05,0,92,
2025-11-27T09:27:47.291925+00:00,train,3,7322,self,0.05,0,97,
2025-11-27T09:27:47.292106+00:00,train,3,7323,self,0.05,0,98,
2025-11-27T09:27:47.292279+00:00,train,3,7324,self,0.05,0,98,
2025-11-27T09:27:47.292441+00:00,train,3,7325,self,0.05,0,94,
2025-11-27T09:27:47.292616+00:00,train,3,7326,self,0.05,0,94,
2025-11-27T09:27:47.292782+00:00,train,3,7327,self,0.05,0,96,
2025-11-27T09:27:47.292940+00:00,train,3,7328,self,0.05,0,99,
2025-11-27T09:27:47.293098+00:00,train,3,7329,self,0.05,0,89,
2025-11-27T09:27:47.293259+00:00,train,3,7330,self,0.05,0,100,
2025-11-27T09:27:47.293418+00:00,train,3,7331,self,0.05,0,99,
2025-11-27T09:27:47.293575+00:00,train,3,7332,self,0.05,0,100,
2025-11-27T09:27:47.293747+00:00,train,3,7333,self,0.05,0,98,
2025-11-27T09:27:47.293923+00:00,train,3,7334,self,0.05,0,100,
2025-11-27T09:27:47.294094+00:00,train,3,7335,self,0.05,0,97,
2025-11-27T09:27:47.294238+00:00,train,3,7336,self,0.05,0,100,
2025-11-27T09:27:47.294379+00:00,train,3,7337,self,0.05,0,94,
2025-11-27T09:27:47.294522+00:00,train,3,7338,self,0.05,0,100,
2025-11-27T09:27:47.294662+00:00,train,3,7339,self,0.05,0,98,
2025-11-27T09:27:47.294800+00:00,train,3,7340,self,0.05,0,99,
2025-11-27T09:27:47.294945+00:00,train,3,7341,self,0.05,0,98,
2025-11-27T09:27:47.295086+00:00,train,3,7342,self,0.05,0,99,
2025-11-27T09:27:47.295227+00:00,train,3,7343,self,0.05,0,99,
2025-11-27T09:27:47.295373+00:00,train,3,7344,self,0.05,0,100,
2025-11-27T09:27:47.295513+00:00,train,3,7345,self,0.05,0,79,
2025-11-27T09:27:47.295653+00:00,train,3,7346,self,0.05,0,96,
2025-11-27T09:27:47.295792+00:00,train,3,7347,self,0.05,0,99,
2025-11-27T09:27:47.295932+00:00,train,3,7348,self,0.05,0,100,
2025-11-27T09:27:47.296077+00:00,train,3,7349,self,0.05,0,97,
2025-11-27T09:27:47.296216+00:00,train,3,7350,self,0.05,0,100,
2025-11-27T09:27:47.296356+00:00,train,3,7351,self,0.05,0,96,
2025-11-27T09:27:47.296570+00:00,train,3,7352,self,0.05,0,96,
2025-11-27T09:27:47.296727+00:00,train,3,7353,self,0.05,0,90,
2025-11-27T09:27:47.296870+00:00,train,3,7354,self,0.05,0,98,
2025-11-27T09:27:47.297019+00:00,train,3,7355,self,0.05,0,91,
2025-11-27T09:27:47.297161+00:00,train,3,7356,self,0.05,0,99,
2025-11-27T09:27:47.297308+00:00,train,3,7357,self,0.05,0,95,
2025-11-27T09:27:47.297448+00:00,train,3,7358,self,0.05,0,100,
2025-11-27T09:27:47.297596+00:00,train,3,7359,self,0.05,0,88,
2025-11-27T09:27:47.297741+00:00,train,3,7360,self,0.05,0,100,
2025-11-27T09:27:47.297965+00:00,train,3,7361,self,0.05,0,95,
2025-11-27T09:27:47.298159+00:00,train,3,7362,self,0.05,0,95,
2025-11-27T09:27:47.298323+00:00,train,3,7363,self,0.05,0,97,
2025-11-27T09:27:47.298478+00:00,train,3,7364,self,0.05,0,99,
2025-11-27T09:27:47.298637+00:00,train,3,7365,self,0.05,0,86,
2025-11-27T09:27:47.298786+00:00,train,3,7366,self,0.05,0,98,
2025-11-27T09:27:47.298932+00:00,train,3,7367,self,0.05,0,91,
2025-11-27T09:27:47.299077+00:00,train,3,7368,self,0.05,0,95,
2025-11-27T09:27:47.299223+00:00,train,3,7369,self,0.05,0,100,
2025-11-27T09:27:47.299370+00:00,train,3,7370,self,0.05,0,100,
2025-11-27T09:27:47.299512+00:00,train,3,7371,self,0.05,0,98,
2025-11-27T09:27:47.299653+00:00,train,3,7372,self,0.05,0,99,
2025-11-27T09:27:47.299803+00:00,train,3,7373,self,0.05,0,94,
2025-11-27T09:27:47.299952+00:00,train,3,7374,self,0.05,0,97,
2025-11-27T09:27:47.300098+00:00,train,3,7375,self,0.05,0,99,
2025-11-27T09:27:47.300248+00:00,train,3,7376,self,0.05,0,100,
2025-11-27T09:27:47.300454+00:00,train,3,7377,self,0.05,0,97,
2025-11-27T09:27:47.300616+00:00,train,3,7378,self,0.05,0,99,
2025-11-27T09:27:47.300770+00:00,train,3,7379,self,0.05,0,96,
2025-11-27T09:27:47.300917+00:00,train,3,7380,self,0.05,0,98,
2025-11-27T09:27:47.301074+00:00,train,3,7381,self,0.05,0,92,
2025-11-27T09:27:47.301219+00:00,train,3,7382,self,0.05,0,100,
2025-11-27T09:27:47.301360+00:00,train,3,7383,self,0.05,0,96,
2025-11-27T09:27:47.301500+00:00,train,3,7384,self,0.05,0,100,
2025-11-27T09:27:47.301639+00:00,train,3,7385,self,0.05,0,91,
2025-11-27T09:27:47.301779+00:00,train,3,7386,self,0.05,0,98,
2025-11-27T09:27:47.301926+00:00,train,3,7387,self,0.05,0,89,
2025-11-27T09:27:47.302073+00:00,train,3,7388,self,0.05,0,100,
2025-11-27T09:27:47.302218+00:00,train,3,7389,self,0.05,0,87,
2025-11-27T09:27:47.302356+00:00,train,3,7390,self,0.05,0,96,
2025-11-27T09:27:47.302494+00:00,train,3,7391,self,0.05,0,95,
2025-11-27T09:27:47.302632+00:00,train,3,7392,self,0.05,0,95,
2025-11-27T09:27:47.302770+00:00,train,3,7393,self,0.05,0,94,
2025-11-27T09:27:47.302908+00:00,train,3,7394,self,0.05,0,97,
2025-11-27T09:27:47.303047+00:00,train,3,7395,self,0.05,0,91,
2025-11-27T09:27:47.303185+00:00,train,3,7396,self,0.05,0,98,
2025-11-27T09:27:47.303327+00:00,train,3,7397,self,0.05,0,92,
2025-11-27T09:27:47.303465+00:00,train,3,7398,self,0.05,0,94,
2025-11-27T09:27:47.303603+00:00,train,3,7399,self,0.05,0,94,
2025-11-27T09:27:47.303741+00:00,train,3,7400,self,0.05,0,100,
2025-11-27T09:38:57.019869+00:00,baseline_eval,3,7401,baseline,0.05,1,96,97
2025-11-27T09:38:57.020127+00:00,baseline_eval,3,7402,baseline,0.05,1,93,94
2025-11-27T09:38:57.020686+00:00,baseline_eval,3,7403,baseline,0.05,1,98,99
2025-11-27T09:38:57.020858+00:00,baseline_eval,3,7404,baseline,0.05,1,94,95
2025-11-27T09:38:57.021020+00:00,baseline_eval,3,7405,baseline,0.05,1,86,87
2025-11-27T09:38:57.021170+00:00,baseline_eval,3,7406,baseline,0.05,1,93,94
2025-11-27T09:38:57.021421+00:00,baseline_eval,3,7407,baseline,0.05,1,98,99
2025-11-27T09:38:57.021567+00:00,baseline_eval,3,7408,baseline,0.05,1,99,100
2025-11-27T09:38:57.021714+00:00,baseline_eval,3,7409,baseline,0.05,1,99,100
2025-11-27T09:38:57.021854+00:00,baseline_eval,3,7410,baseline,0.05,1,99,100
2025-11-27T09:38:57.021998+00:00,baseline_eval,3,7411,baseline,0.05,1,92,93
2025-11-27T09:38:57.022141+00:00,baseline_eval,3,7412,baseline,0.05,1,95,96
2025-11-27T09:38:57.022284+00:00,baseline_eval,3,7413,baseline,0.05,1,98,99
2025-11-27T09:38:57.022418+00:00,baseline_eval,3,7414,baseline,0.05,1,97,98
2025-11-27T09:38:57.022559+00:00,baseline_eval,3,7415,baseline,0.05,1,92,93
2025-11-27T09:38:57.022696+00:00,baseline_eval,3,7416,baseline,0.05,1,98,99
2025-11-27T09:38:57.022829+00:00,baseline_eval,3,7417,baseline,0.05,1,94,95
2025-11-27T09:38:57.022970+00:00,baseline_eval,3,7418,baseline,0.05,1,98,99
2025-11-27T09:38:57.023103+00:00,baseline_eval,3,7419,baseline,0.05,1,96,97
2025-11-27T09:38:57.023246+00:00,baseline_eval,3,7420,baseline,0.05,1,95,96
2025-11-27T09:38:57.023382+00:00,baseline_eval,3,7421,baseline,0.05,1,93,94
2025-11-27T09:38:57.023517+00:00,baseline_eval,3,7422,baseline,0.05,1,98,99
2025-11-27T09:38:57.023659+00:00,baseline_eval,3,7423,baseline,0.05,1,96,97
2025-11-27T09:38:57.023801+00:00,baseline_eval,3,7424,baseline,0.05,1,91,92
2025-11-27T09:38:57.023945+00:00,baseline_eval,3,7425,baseline,0.05,1,94,95
2025-11-27T09:38:57.024092+00:00,baseline_eval,3,7426,baseline,0.05,1,96,97
2025-11-27T09:38:57.024225+00:00,baseline_eval,3,7427,baseline,0.05,1,99,100
2025-11-27T09:38:57.024360+00:00,baseline_eval,3,7428,baseline,0.05,1,96,97
2025-11-27T09:38:57.024489+00:00,baseline_eval,3,7429,baseline,0.05,1,81,82
2025-11-27T09:38:57.024621+00:00,baseline_eval,3,7430,baseline,0.05,1,98,99
2025-11-27T09:38:57.024751+00:00,baseline_eval,3,7431,baseline,0.05,1,89,90
2025-11-27T09:38:57.024881+00:00,baseline_eval,3,7432,baseline,0.05,1,93,94
2025-11-27T09:38:57.025011+00:00,baseline_eval,3,7433,baseline,0.05,1,99,100
2025-11-27T09:38:57.025142+00:00,baseline_eval,3,7434,baseline,0.05,1,98,99
2025-11-27T09:38:57.025272+00:00,baseline_eval,3,7435,baseline,0.05,1,97,98
2025-11-27T09:38:57.025403+00:00,baseline_eval,3,7436,baseline,0.05,1,97,98
2025-11-27T09:38:57.025533+00:00,baseline_eval,3,7437,baseline,0.05,1,84,85
2025-11-27T09:38:57.025671+00:00,baseline_eval,3,7438,baseline,0.05,1,98,99
2025-11-27T09:38:57.025804+00:00,baseline_eval,3,7439,baseline,0.05,1,81,82
2025-11-27T09:38:57.025939+00:00,baseline_eval,3,7440,baseline,0.05,1,99,100
2025-11-27T09:38:57.026074+00:00,baseline_eval,3,7441,baseline,0.05,1,93,94
2025-11-27T09:38:57.026204+00:00,baseline_eval,3,7442,baseline,0.05,1,95,96
2025-11-27T09:38:57.026405+00:00,baseline_eval,3,7443,baseline,0.05,1,69,70
2025-11-27T09:38:57.026632+00:00,baseline_eval,3,7444,baseline,0.05,1,99,100
2025-11-27T09:38:57.026845+00:00,baseline_eval,3,7445,baseline,0.05,1,84,85
2025-11-27T09:38:57.027075+00:00,baseline_eval,3,7446,baseline,0.05,1,94,95
2025-11-27T09:38:57.027253+00:00,baseline_eval,3,7447,baseline,0.05,1,82,83
2025-11-27T09:38:57.027411+00:00,baseline_eval,3,7448,baseline,0.05,1,99,100
2025-11-27T09:38:57.027571+00:00,baseline_eval,3,7449,baseline,0.05,1,97,98
2025-11-27T09:38:57.027721+00:00,baseline_eval,3,7450,baseline,0.05,1,99,100
2025-11-27T09:38:57.027867+00:00,baseline_eval,3,7451,baseline,0.05,1,99,100
2025-11-27T09:38:57.028015+00:00,baseline_eval,3,7452,baseline,0.05,1,90,91
2025-11-27T09:38:57.028163+00:00,baseline_eval,3,7453,baseline,0.05,1,94,95
2025-11-27T09:38:57.028313+00:00,baseline_eval,3,7454,baseline,0.05,1,91,92
2025-11-27T09:38:57.028455+00:00,baseline_eval,3,7455,baseline,0.05,1,85,86
2025-11-27T09:38:57.028607+00:00,baseline_eval,3,7456,baseline,0.05,1,95,96
2025-11-27T09:38:57.028758+00:00,baseline_eval,3,7457,baseline,0.05,1,97,98
2025-11-27T09:38:57.028899+00:00,baseline_eval,3,7458,baseline,0.05,1,88,89
2025-11-27T09:38:57.029037+00:00,baseline_eval,3,7459,baseline,0.05,1,98,99
2025-11-27T09:38:57.029180+00:00,baseline_eval,3,7460,baseline,0.05,1,93,94
2025-11-27T09:38:57.029325+00:00,baseline_eval,3,7461,baseline,0.05,1,97,98
2025-11-27T09:38:57.029466+00:00,baseline_eval,3,7462,baseline,0.05,1,99,100
2025-11-27T09:38:57.029605+00:00,baseline_eval,3,7463,baseline,0.05,1,99,100
2025-11-27T09:38:57.029745+00:00,baseline_eval,3,7464,baseline,0.05,1,97,98
2025-11-27T09:38:57.029886+00:00,baseline_eval,3,7465,baseline,0.05,1,94,95
2025-11-27T09:38:57.030027+00:00,baseline_eval,3,7466,baseline,0.05,1,98,99
2025-11-27T09:38:57.030167+00:00,baseline_eval,3,7467,baseline,0.05,1,99,100
2025-11-27T09:38:57.030364+00:00,baseline_eval,3,7468,baseline,0.05,1,99,100
2025-11-27T09:38:57.030549+00:00,baseline_eval,3,7469,baseline,0.05,1,99,100
2025-11-27T09:38:57.030705+00:00,baseline_eval,3,7470,baseline,0.05,1,97,98
2025-11-27T09:38:57.030851+00:00,baseline_eval,3,7471,baseline,0.05,1,98,99
2025-11-27T09:38:57.030990+00:00,baseline_eval,3,7472,baseline,0.05,1,78,79
2025-11-27T09:38:57.031129+00:00,baseline_eval,3,7473,baseline,0.05,1,94,95
2025-11-27T09:38:57.031318+00:00,baseline_eval,3,7474,baseline,0.05,1,90,91
2025-11-27T09:38:57.031498+00:00,baseline_eval,3,7475,baseline,0.05,1,98,99
2025-11-27T09:38:57.031657+00:00,baseline_eval,3,7476,baseline,0.05,1,92,93
2025-11-27T09:38:57.031802+00:00,baseline_eval,3,7477,baseline,0.05,1,97,98
2025-11-27T09:38:57.031943+00:00,baseline_eval,3,7478,baseline,0.05,1,94,95
2025-11-27T09:38:57.032105+00:00,baseline_eval,3,7479,baseline,0.05,1,92,93
2025-11-27T09:38:57.032247+00:00,baseline_eval,3,7480,baseline,0.05,1,99,100
2025-11-27T09:38:57.032388+00:00,baseline_eval,3,7481,baseline,0.05,1,96,97
2025-11-27T09:38:57.032528+00:00,baseline_eval,3,7482,baseline,0.05,1,89,90
2025-11-27T09:38:57.032668+00:00,baseline_eval,3,7483,baseline,0.05,1,82,83
2025-11-27T09:38:57.032813+00:00,baseline_eval,3,7484,baseline,0.05,1,88,89
2025-11-27T09:38:57.032954+00:00,baseline_eval,3,7485,baseline,0.05,1,99,100
2025-11-27T09:38:57.033110+00:00,baseline_eval,3,7486,baseline,0.05,1,93,94
2025-11-27T09:38:57.033245+00:00,baseline_eval,3,7487,baseline,0.05,1,92,93
2025-11-27T09:38:57.033379+00:00,baseline_eval,3,7488,baseline,0.05,1,82,83
2025-11-27T09:38:57.033514+00:00,baseline_eval,3,7489,baseline,0.05,1,99,100
2025-11-27T09:38:57.033649+00:00,baseline_eval,3,7490,baseline,0.05,1,93,94
2025-11-27T09:38:57.033783+00:00,baseline_eval,3,7491,baseline,0.05,1,97,98
2025-11-27T09:38:57.033917+00:00,baseline_eval,3,7492,baseline,0.05,1,99,100
2025-11-27T09:38:57.034051+00:00,baseline_eval,3,7493,baseline,0.05,1,99,100
2025-11-27T09:38:57.034186+00:00,baseline_eval,3,7494,baseline,0.05,1,99,100
2025-11-27T09:38:57.034320+00:00,baseline_eval,3,7495,baseline,0.05,1,98,99
2025-11-27T09:38:57.034459+00:00,baseline_eval,3,7496,baseline,0.05,1,97,98
2025-11-27T09:38:57.034593+00:00,baseline_eval,3,7497,baseline,0.05,1,99,100
2025-11-27T09:38:57.034728+00:00,baseline_eval,3,7498,baseline,0.05,1,93,94
2025-11-27T09:38:57.034861+00:00,baseline_eval,3,7499,baseline,0.05,1,74,75
2025-11-27T09:38:57.034998+00:00,baseline_eval,3,7500,baseline,0.05,1,96,97
2025-11-27T09:40:58.133617+00:00,selfplay_eval,3,7501,selfplay_eval,0.05,0,94,94
2025-11-27T09:40:58.133857+00:00,selfplay_eval,3,7502,selfplay_eval,0.05,0,77,77
2025-11-27T09:40:58.134433+00:00,selfplay_eval,3,7503,selfplay_eval,0.05,0,98,98
2025-11-27T09:40:58.134655+00:00,selfplay_eval,3,7504,selfplay_eval,0.05,0,87,87
2025-11-27T09:40:58.134847+00:00,selfplay_eval,3,7505,selfplay_eval,0.05,0,94,94
2025-11-27T09:40:58.135034+00:00,selfplay_eval,3,7506,selfplay_eval,0.05,0,94,94
2025-11-27T09:40:58.135222+00:00,selfplay_eval,3,7507,selfplay_eval,0.05,1,99,100
2025-11-27T09:40:58.135383+00:00,selfplay_eval,3,7508,selfplay_eval,0.05,1,99,100
2025-11-27T09:40:58.135532+00:00,selfplay_eval,3,7509,selfplay_eval,0.05,1,90,91
2025-11-27T09:40:58.135678+00:00,selfplay_eval,3,7510,selfplay_eval,0.05,0,95,95
2025-11-27T09:40:58.135824+00:00,selfplay_eval,3,7511,selfplay_eval,0.05,1,98,99
2025-11-27T09:40:58.135970+00:00,selfplay_eval,3,7512,selfplay_eval,0.05,1,88,89
2025-11-27T09:40:58.136118+00:00,selfplay_eval,3,7513,selfplay_eval,0.05,1,93,94
2025-11-27T09:40:58.136262+00:00,selfplay_eval,3,7514,selfplay_eval,0.05,1,97,98
2025-11-27T09:40:58.136406+00:00,selfplay_eval,3,7515,selfplay_eval,0.05,1,85,86
2025-11-27T09:40:58.136549+00:00,selfplay_eval,3,7516,selfplay_eval,0.05,0,94,94
2025-11-27T09:40:58.136692+00:00,selfplay_eval,3,7517,selfplay_eval,0.05,0,94,94
2025-11-27T09:40:58.136836+00:00,selfplay_eval,3,7518,selfplay_eval,0.05,0,91,91
2025-11-27T09:40:58.136979+00:00,selfplay_eval,3,7519,selfplay_eval,0.05,1,98,99
2025-11-27T09:40:58.137122+00:00,selfplay_eval,3,7520,selfplay_eval,0.05,0,91,91
2025-11-27T09:40:58.137265+00:00,selfplay_eval,3,7521,selfplay_eval,0.05,0,94,94
2025-11-27T09:40:58.137410+00:00,selfplay_eval,3,7522,selfplay_eval,0.05,0,99,99
2025-11-27T09:40:58.137554+00:00,selfplay_eval,3,7523,selfplay_eval,0.05,1,88,89
2025-11-27T09:40:58.137698+00:00,selfplay_eval,3,7524,selfplay_eval,0.05,0,97,97
2025-11-27T09:40:58.137848+00:00,selfplay_eval,3,7525,selfplay_eval,0.05,1,91,92
2025-11-27T09:40:58.137996+00:00,selfplay_eval,3,7526,selfplay_eval,0.05,1,96,97
2025-11-27T09:40:58.138139+00:00,selfplay_eval,3,7527,selfplay_eval,0.05,0,96,96
2025-11-27T09:40:58.138284+00:00,selfplay_eval,3,7528,selfplay_eval,0.05,1,84,85
2025-11-27T09:40:58.138430+00:00,selfplay_eval,3,7529,selfplay_eval,0.05,1,98,99
2025-11-27T09:40:58.138574+00:00,selfplay_eval,3,7530,selfplay_eval,0.05,0,95,95
2025-11-27T09:40:58.138717+00:00,selfplay_eval,3,7531,selfplay_eval,0.05,1,96,97
2025-11-27T09:40:58.138861+00:00,selfplay_eval,3,7532,selfplay_eval,0.05,0,91,91
2025-11-27T09:40:58.139005+00:00,selfplay_eval,3,7533,selfplay_eval,0.05,0,92,92
2025-11-27T09:40:58.139149+00:00,selfplay_eval,3,7534,selfplay_eval,0.05,0,85,85
2025-11-27T09:40:58.139293+00:00,selfplay_eval,3,7535,selfplay_eval,0.05,1,99,100
2025-11-27T09:40:58.139436+00:00,selfplay_eval,3,7536,selfplay_eval,0.05,0,96,96
2025-11-27T09:40:58.139580+00:00,selfplay_eval,3,7537,selfplay_eval,0.05,0,76,76
2025-11-27T09:40:58.139724+00:00,selfplay_eval,3,7538,selfplay_eval,0.05,1,96,97
2025-11-27T09:40:58.139868+00:00,selfplay_eval,3,7539,selfplay_eval,0.05,1,94,95
2025-11-27T09:40:58.140013+00:00,selfplay_eval,3,7540,selfplay_eval,0.05,0,85,85
2025-11-27T09:40:58.140156+00:00,selfplay_eval,3,7541,selfplay_eval,0.05,1,94,95
2025-11-27T09:40:58.140306+00:00,selfplay_eval,3,7542,selfplay_eval,0.05,0,96,96
2025-11-27T09:40:58.140451+00:00,selfplay_eval,3,7543,selfplay_eval,0.05,0,98,98
2025-11-27T09:40:58.140595+00:00,selfplay_eval,3,7544,selfplay_eval,0.05,1,99,100
2025-11-27T09:40:58.140739+00:00,selfplay_eval,3,7545,selfplay_eval,0.05,0,94,94
2025-11-27T09:40:58.140883+00:00,selfplay_eval,3,7546,selfplay_eval,0.05,0,97,97
2025-11-27T09:40:58.141026+00:00,selfplay_eval,3,7547,selfplay_eval,0.05,0,96,96
2025-11-27T09:40:58.141169+00:00,selfplay_eval,3,7548,selfplay_eval,0.05,0,79,79
2025-11-27T09:40:58.141313+00:00,selfplay_eval,3,7549,selfplay_eval,0.05,1,91,92
2025-11-27T09:40:58.141456+00:00,selfplay_eval,3,7550,selfplay_eval,0.05,1,87,88
2025-11-27T09:40:58.141600+00:00,selfplay_eval,3,7551,selfplay_eval,0.05,0,85,85
2025-11-27T09:40:58.141744+00:00,selfplay_eval,3,7552,selfplay_eval,0.05,0,96,96
2025-11-27T09:40:58.141890+00:00,selfplay_eval,3,7553,selfplay_eval,0.05,0,90,90
2025-11-27T09:40:58.142194+00:00,selfplay_eval,3,7554,selfplay_eval,0.05,0,92,92
2025-11-27T09:40:58.142390+00:00,selfplay_eval,3,7555,selfplay_eval,0.05,0,89,89
2025-11-27T09:40:58.142554+00:00,selfplay_eval,3,7556,selfplay_eval,0.05,0,91,91
2025-11-27T09:40:58.142710+00:00,selfplay_eval,3,7557,selfplay_eval,0.05,1,98,99
2025-11-27T09:40:58.142862+00:00,selfplay_eval,3,7558,selfplay_eval,0.05,1,96,97
2025-11-27T09:40:58.143015+00:00,selfplay_eval,3,7559,selfplay_eval,0.05,0,95,95
2025-11-27T09:40:58.143163+00:00,selfplay_eval,3,7560,selfplay_eval,0.05,1,85,86
2025-11-27T09:40:58.143310+00:00,selfplay_eval,3,7561,selfplay_eval,0.05,1,97,98
2025-11-27T09:40:58.143456+00:00,selfplay_eval,3,7562,selfplay_eval,0.05,1,85,86
2025-11-27T09:40:58.143614+00:00,selfplay_eval,3,7563,selfplay_eval,0.05,1,98,99
2025-11-27T09:40:58.143761+00:00,selfplay_eval,3,7564,selfplay_eval,0.05,1,97,98
2025-11-27T09:40:58.143909+00:00,selfplay_eval,3,7565,selfplay_eval,0.05,0,94,94
2025-11-27T09:40:58.144062+00:00,selfplay_eval,3,7566,selfplay_eval,0.05,1,96,97
2025-11-27T09:40:58.144208+00:00,selfplay_eval,3,7567,selfplay_eval,0.05,1,83,84
2025-11-27T09:40:58.144353+00:00,selfplay_eval,3,7568,selfplay_eval,0.05,0,98,98
2025-11-27T09:40:58.144499+00:00,selfplay_eval,3,7569,selfplay_eval,0.05,1,87,88
2025-11-27T09:40:58.144646+00:00,selfplay_eval,3,7570,selfplay_eval,0.05,1,96,97
2025-11-27T09:40:58.144798+00:00,selfplay_eval,3,7571,selfplay_eval,0.05,1,96,97
2025-11-27T09:40:58.144949+00:00,selfplay_eval,3,7572,selfplay_eval,0.05,1,87,88
2025-11-27T09:40:58.145102+00:00,selfplay_eval,3,7573,selfplay_eval,0.05,0,95,95
2025-11-27T09:40:58.145261+00:00,selfplay_eval,3,7574,selfplay_eval,0.05,0,97,97
2025-11-27T09:40:58.145495+00:00,selfplay_eval,3,7575,selfplay_eval,0.05,0,89,89
2025-11-27T09:40:58.145656+00:00,selfplay_eval,3,7576,selfplay_eval,0.05,1,81,82
2025-11-27T09:40:58.145805+00:00,selfplay_eval,3,7577,selfplay_eval,0.05,1,99,100
2025-11-27T09:40:58.145955+00:00,selfplay_eval,3,7578,selfplay_eval,0.05,1,82,83
2025-11-27T09:40:58.146097+00:00,selfplay_eval,3,7579,selfplay_eval,0.05,1,91,92
2025-11-27T09:40:58.146238+00:00,selfplay_eval,3,7580,selfplay_eval,0.05,1,91,92
2025-11-27T09:40:58.146377+00:00,selfplay_eval,3,7581,selfplay_eval,0.05,1,89,90
2025-11-27T09:40:58.146517+00:00,selfplay_eval,3,7582,selfplay_eval,0.05,0,86,86
2025-11-27T09:40:58.146656+00:00,selfplay_eval,3,7583,selfplay_eval,0.05,0,92,92
2025-11-27T09:40:58.146795+00:00,selfplay_eval,3,7584,selfplay_eval,0.05,1,81,82
2025-11-27T09:40:58.146933+00:00,selfplay_eval,3,7585,selfplay_eval,0.05,1,82,83
2025-11-27T09:40:58.147138+00:00,selfplay_eval,3,7586,selfplay_eval,0.05,1,90,91
2025-11-27T09:40:58.147307+00:00,selfplay_eval,3,7587,selfplay_eval,0.05,0,99,99
2025-11-27T09:40:58.147467+00:00,selfplay_eval,3,7588,selfplay_eval,0.05,1,93,94
2025-11-27T09:40:58.147627+00:00,selfplay_eval,3,7589,selfplay_eval,0.05,1,93,94
2025-11-27T09:40:58.147776+00:00,selfplay_eval,3,7590,selfplay_eval,0.05,0,87,87
2025-11-27T09:40:58.147922+00:00,selfplay_eval,3,7591,selfplay_eval,0.05,1,84,85
2025-11-27T09:40:58.148069+00:00,selfplay_eval,3,7592,selfplay_eval,0.05,1,90,91
2025-11-27T09:40:58.148214+00:00,selfplay_eval,3,7593,selfplay_eval,0.05,1,86,87
2025-11-27T09:40:58.148359+00:00,selfplay_eval,3,7594,selfplay_eval,0.05,0,97,97
2025-11-27T09:40:58.148508+00:00,selfplay_eval,3,7595,selfplay_eval,0.05,0,94,94
2025-11-27T09:40:58.148655+00:00,selfplay_eval,3,7596,selfplay_eval,0.05,0,90,90
2025-11-27T09:40:58.148801+00:00,selfplay_eval,3,7597,selfplay_eval,0.05,0,86,86
2025-11-27T09:40:58.148947+00:00,selfplay_eval,3,7598,selfplay_eval,0.05,1,90,91
2025-11-27T09:40:58.149092+00:00,selfplay_eval,3,7599,selfplay_eval,0.05,0,92,92
2025-11-27T09:40:58.149245+00:00,selfplay_eval,3,7600,selfplay_eval,0.05,0,98,98
2025-11-27T09:40:58.149391+00:00,selfplay_eval,3,7601,selfplay_eval,0.05,1,93,94
2025-11-27T09:40:58.149538+00:00,selfplay_eval,3,7602,selfplay_eval,0.05,1,97,98
2025-11-27T09:40:58.149683+00:00,selfplay_eval,3,7603,selfplay_eval,0.05,0,97,97
2025-11-27T09:40:58.149828+00:00,selfplay_eval,3,7604,selfplay_eval,0.05,0,98,98
2025-11-27T09:40:58.149973+00:00,selfplay_eval,3,7605,selfplay_eval,0.05,0,85,85
2025-11-27T09:40:58.150117+00:00,selfplay_eval,3,7606,selfplay_eval,0.05,0,97,97
2025-11-27T09:40:58.150261+00:00,selfplay_eval,3,7607,selfplay_eval,0.05,0,83,83
2025-11-27T09:40:58.150404+00:00,selfplay_eval,3,7608,selfplay_eval,0.05,0,91,91
2025-11-27T09:40:58.150548+00:00,selfplay_eval,3,7609,selfplay_eval,0.05,1,76,77
2025-11-27T09:40:58.150693+00:00,selfplay_eval,3,7610,selfplay_eval,0.05,1,97,98
2025-11-27T09:40:58.150847+00:00,selfplay_eval,3,7611,selfplay_eval,0.05,1,99,100
2025-11-27T09:40:58.150993+00:00,selfplay_eval,3,7612,selfplay_eval,0.05,0,95,95
2025-11-27T09:40:58.151145+00:00,selfplay_eval,3,7613,selfplay_eval,0.05,0,98,98
2025-11-27T09:40:58.151295+00:00,selfplay_eval,3,7614,selfplay_eval,0.05,1,92,93
2025-11-27T09:40:58.151441+00:00,selfplay_eval,3,7615,selfplay_eval,0.05,0,93,93
2025-11-27T09:40:58.151585+00:00,selfplay_eval,3,7616,selfplay_eval,0.05,0,86,86
2025-11-27T09:40:58.151730+00:00,selfplay_eval,3,7617,selfplay_eval,0.05,0,82,82
2025-11-27T09:40:58.151874+00:00,selfplay_eval,3,7618,selfplay_eval,0.05,1,95,96
2025-11-27T09:40:58.152019+00:00,selfplay_eval,3,7619,selfplay_eval,0.05,1,95,96
2025-11-27T09:40:58.152168+00:00,selfplay_eval,3,7620,selfplay_eval,0.05,1,90,91
2025-11-27T09:40:58.152312+00:00,selfplay_eval,3,7621,selfplay_eval,0.05,0,96,96
2025-11-27T09:40:58.152456+00:00,selfplay_eval,3,7622,selfplay_eval,0.05,1,95,96
2025-11-27T09:40:58.152600+00:00,selfplay_eval,3,7623,selfplay_eval,0.05,1,94,95
2025-11-27T09:40:58.152745+00:00,selfplay_eval,3,7624,selfplay_eval,0.05,1,98,99
2025-11-27T09:40:58.152889+00:00,selfplay_eval,3,7625,selfplay_eval,0.05,0,96,96
2025-11-27T09:40:58.153035+00:00,selfplay_eval,3,7626,selfplay_eval,0.05,1,94,95
2025-11-27T09:40:58.153180+00:00,selfplay_eval,3,7627,selfplay_eval,0.05,1,98,99
2025-11-27T09:40:58.153330+00:00,selfplay_eval,3,7628,selfplay_eval,0.05,0,87,87
2025-11-27T09:40:58.153476+00:00,selfplay_eval,3,7629,selfplay_eval,0.05,1,99,100
2025-11-27T09:40:58.153621+00:00,selfplay_eval,3,7630,selfplay_eval,0.05,1,97,98
2025-11-27T09:40:58.153766+00:00,selfplay_eval,3,7631,selfplay_eval,0.05,0,83,83
2025-11-27T09:40:58.153911+00:00,selfplay_eval,3,7632,selfplay_eval,0.05,0,82,82
2025-11-27T09:40:58.154091+00:00,selfplay_eval,3,7633,selfplay_eval,0.05,1,93,94
2025-11-27T09:40:58.154288+00:00,selfplay_eval,3,7634,selfplay_eval,0.05,0,88,88
2025-11-27T09:40:58.154447+00:00,selfplay_eval,3,7635,selfplay_eval,0.05,1,91,92
2025-11-27T09:40:58.154597+00:00,selfplay_eval,3,7636,selfplay_eval,0.05,0,93,93
2025-11-27T09:40:58.154741+00:00,selfplay_eval,3,7637,selfplay_eval,0.05,1,85,86
2025-11-27T09:40:58.154883+00:00,selfplay_eval,3,7638,selfplay_eval,0.05,0,98,98
2025-11-27T09:40:58.155023+00:00,selfplay_eval,3,7639,selfplay_eval,0.05,0,99,99
2025-11-27T09:40:58.155163+00:00,selfplay_eval,3,7640,selfplay_eval,0.05,1,91,92
2025-11-27T09:40:58.155302+00:00,selfplay_eval,3,7641,selfplay_eval,0.05,1,86,87
2025-11-27T09:40:58.155443+00:00,selfplay_eval,3,7642,selfplay_eval,0.05,0,94,94
2025-11-27T09:40:58.155582+00:00,selfplay_eval,3,7643,selfplay_eval,0.05,0,93,93
2025-11-27T09:40:58.155722+00:00,selfplay_eval,3,7644,selfplay_eval,0.05,1,90,91
2025-11-27T09:40:58.155860+00:00,selfplay_eval,3,7645,selfplay_eval,0.05,1,95,96
2025-11-27T09:40:58.155997+00:00,selfplay_eval,3,7646,selfplay_eval,0.05,0,97,97
2025-11-27T09:40:58.156144+00:00,selfplay_eval,3,7647,selfplay_eval,0.05,1,99,100
2025-11-27T09:40:58.156282+00:00,selfplay_eval,3,7648,selfplay_eval,0.05,1,86,87
2025-11-27T09:40:58.156419+00:00,selfplay_eval,3,7649,selfplay_eval,0.05,1,97,98
2025-11-27T09:40:58.156556+00:00,selfplay_eval,3,7650,selfplay_eval,0.05,0,87,87
2025-11-27T09:40:58.156693+00:00,selfplay_eval,3,7651,selfplay_eval,0.05,1,85,86
2025-11-27T09:40:58.156830+00:00,selfplay_eval,3,7652,selfplay_eval,0.05,0,89,89
2025-11-27T09:40:58.156967+00:00,selfplay_eval,3,7653,selfplay_eval,0.05,0,94,94
2025-11-27T09:40:58.157103+00:00,selfplay_eval,3,7654,selfplay_eval,0.05,0,97,97
2025-11-27T09:40:58.157239+00:00,selfplay_eval,3,7655,selfplay_eval,0.05,0,94,94
2025-11-27T09:40:58.157376+00:00,selfplay_eval,3,7656,selfplay_eval,0.05,0,82,82
2025-11-27T09:40:58.157517+00:00,selfplay_eval,3,7657,selfplay_eval,0.05,0,95,95
2025-11-27T09:40:58.157654+00:00,selfplay_eval,3,7658,selfplay_eval,0.05,0,75,75
2025-11-27T09:40:58.157790+00:00,selfplay_eval,3,7659,selfplay_eval,0.05,1,76,77
2025-11-27T09:40:58.157926+00:00,selfplay_eval,3,7660,selfplay_eval,0.05,0,96,96
2025-11-27T09:40:58.158076+00:00,selfplay_eval,3,7661,selfplay_eval,0.05,1,82,83
2025-11-27T09:40:58.158206+00:00,selfplay_eval,3,7662,selfplay_eval,0.05,0,89,89
2025-11-27T09:40:58.158340+00:00,selfplay_eval,3,7663,selfplay_eval,0.05,1,95,96
2025-11-27T09:40:58.158471+00:00,selfplay_eval,3,7664,selfplay_eval,0.05,0,96,96
2025-11-27T09:40:58.158603+00:00,selfplay_eval,3,7665,selfplay_eval,0.05,0,84,84
2025-11-27T09:40:58.158734+00:00,selfplay_eval,3,7666,selfplay_eval,0.05,1,92,93
2025-11-27T09:40:58.159031+00:00,selfplay_eval,3,7667,selfplay_eval,0.05,0,99,99
2025-11-27T09:40:58.159258+00:00,selfplay_eval,3,7668,selfplay_eval,0.05,1,87,88
2025-11-27T09:40:58.159453+00:00,selfplay_eval,3,7669,selfplay_eval,0.05,0,85,85
2025-11-27T09:40:58.159646+00:00,selfplay_eval,3,7670,selfplay_eval,0.05,1,90,91
2025-11-27T09:40:58.159801+00:00,selfplay_eval,3,7671,selfplay_eval,0.05,1,85,86
2025-11-27T09:40:58.159945+00:00,selfplay_eval,3,7672,selfplay_eval,0.05,0,87,87
2025-11-27T09:40:58.160108+00:00,selfplay_eval,3,7673,selfplay_eval,0.05,0,94,94
2025-11-27T09:40:58.160250+00:00,selfplay_eval,3,7674,selfplay_eval,0.05,1,97,98
2025-11-27T09:40:58.160390+00:00,selfplay_eval,3,7675,selfplay_eval,0.05,0,88,88
2025-11-27T09:40:58.160527+00:00,selfplay_eval,3,7676,selfplay_eval,0.05,1,95,96
2025-11-27T09:40:58.160664+00:00,selfplay_eval,3,7677,selfplay_eval,0.05,1,84,85
2025-11-27T09:40:58.160802+00:00,selfplay_eval,3,7678,selfplay_eval,0.05,1,98,99
2025-11-27T09:40:58.160941+00:00,selfplay_eval,3,7679,selfplay_eval,0.05,0,78,78
2025-11-27T09:40:58.161081+00:00,selfplay_eval,3,7680,selfplay_eval,0.05,0,80,80
2025-11-27T09:40:58.161223+00:00,selfplay_eval,3,7681,selfplay_eval,0.05,1,88,89
2025-11-27T09:40:58.161364+00:00,selfplay_eval,3,7682,selfplay_eval,0.05,1,82,83
2025-11-27T09:40:58.161505+00:00,selfplay_eval,3,7683,selfplay_eval,0.05,0,98,98
2025-11-27T09:40:58.161643+00:00,selfplay_eval,3,7684,selfplay_eval,0.05,0,82,82
2025-11-27T09:40:58.161784+00:00,selfplay_eval,3,7685,selfplay_eval,0.05,0,97,97
2025-11-27T09:40:58.161941+00:00,selfplay_eval,3,7686,selfplay_eval,0.05,0,96,96
2025-11-27T09:40:58.162078+00:00,selfplay_eval,3,7687,selfplay_eval,0.05,1,82,83
2025-11-27T09:40:58.162213+00:00,selfplay_eval,3,7688,selfplay_eval,0.05,0,92,92
2025-11-27T09:40:58.162346+00:00,selfplay_eval,3,7689,selfplay_eval,0.05,1,97,98
2025-11-27T09:40:58.162482+00:00,selfplay_eval,3,7690,selfplay_eval,0.05,1,88,89
2025-11-27T09:40:58.162618+00:00,selfplay_eval,3,7691,selfplay_eval,0.05,1,87,88
2025-11-27T09:40:58.162755+00:00,selfplay_eval,3,7692,selfplay_eval,0.05,1,98,99
2025-11-27T09:40:58.162909+00:00,selfplay_eval,3,7693,selfplay_eval,0.05,0,94,94
2025-11-27T09:40:58.163049+00:00,selfplay_eval,3,7694,selfplay_eval,0.05,0,89,89
2025-11-27T09:40:58.163195+00:00,selfplay_eval,3,7695,selfplay_eval,0.05,0,90,90
2025-11-27T09:40:58.163338+00:00,selfplay_eval,3,7696,selfplay_eval,0.05,1,82,83
2025-11-27T09:40:58.163484+00:00,selfplay_eval,3,7697,selfplay_eval,0.05,1,88,89
2025-11-27T09:40:58.163628+00:00,selfplay_eval,3,7698,selfplay_eval,0.05,0,89,89
2025-11-27T09:40:58.163772+00:00,selfplay_eval,3,7699,selfplay_eval,0.05,0,75,75
2025-11-27T09:40:58.163915+00:00,selfplay_eval,3,7700,selfplay_eval,0.05,1,95,96
2025-11-27T09:40:58.164055+00:00,selfplay_eval,3,7701,selfplay_eval,0.05,1,91,92
2025-11-27T09:40:58.164202+00:00,selfplay_eval,3,7702,selfplay_eval,0.05,1,91,92
2025-11-27T09:40:58.164350+00:00,selfplay_eval,3,7703,selfplay_eval,0.05,0,91,91
2025-11-27T09:40:58.164499+00:00,selfplay_eval,3,7704,selfplay_eval,0.05,1,87,88
2025-11-27T09:40:58.164644+00:00,selfplay_eval,3,7705,selfplay_eval,0.05,1,83,84
2025-11-27T09:40:58.164791+00:00,selfplay_eval,3,7706,selfplay_eval,0.05,0,89,89
2025-11-27T09:40:58.164935+00:00,selfplay_eval,3,7707,selfplay_eval,0.05,1,94,95
2025-11-27T09:40:58.165209+00:00,selfplay_eval,3,7708,selfplay_eval,0.05,1,94,95
2025-11-27T09:40:58.165388+00:00,selfplay_eval,3,7709,selfplay_eval,0.05,1,98,99
2025-11-27T09:40:58.165545+00:00,selfplay_eval,3,7710,selfplay_eval,0.05,0,99,99
2025-11-27T09:40:58.165699+00:00,selfplay_eval,3,7711,selfplay_eval,0.05,0,93,93
2025-11-27T09:40:58.165849+00:00,selfplay_eval,3,7712,selfplay_eval,0.05,1,97,98
2025-11-27T09:40:58.165996+00:00,selfplay_eval,3,7713,selfplay_eval,0.05,1,82,83
2025-11-27T09:40:58.166144+00:00,selfplay_eval,3,7714,selfplay_eval,0.05,1,93,94
2025-11-27T09:40:58.166293+00:00,selfplay_eval,3,7715,selfplay_eval,0.05,1,96,97
2025-11-27T09:40:58.166435+00:00,selfplay_eval,3,7716,selfplay_eval,0.05,0,92,92
2025-11-27T09:40:58.166581+00:00,selfplay_eval,3,7717,selfplay_eval,0.05,0,98,98
2025-11-27T09:40:58.166727+00:00,selfplay_eval,3,7718,selfplay_eval,0.05,1,99,100
2025-11-27T09:40:58.166871+00:00,selfplay_eval,3,7719,selfplay_eval,0.05,1,91,92
2025-11-27T09:40:58.167012+00:00,selfplay_eval,3,7720,selfplay_eval,0.05,0,96,96
2025-11-27T09:40:58.167154+00:00,selfplay_eval,3,7721,selfplay_eval,0.05,1,99,100
2025-11-27T09:40:58.167296+00:00,selfplay_eval,3,7722,selfplay_eval,0.05,1,94,95
2025-11-27T09:40:58.167437+00:00,selfplay_eval,3,7723,selfplay_eval,0.05,1,82,83
2025-11-27T09:40:58.167578+00:00,selfplay_eval,3,7724,selfplay_eval,0.05,0,96,96
2025-11-27T09:40:58.167724+00:00,selfplay_eval,3,7725,selfplay_eval,0.05,0,99,99
2025-11-27T09:40:58.167869+00:00,selfplay_eval,3,7726,selfplay_eval,0.05,1,89,90
2025-11-27T09:40:58.168010+00:00,selfplay_eval,3,7727,selfplay_eval,0.05,1,96,97
2025-11-27T09:40:58.168153+00:00,selfplay_eval,3,7728,selfplay_eval,0.05,0,98,98
2025-11-27T09:40:58.168336+00:00,selfplay_eval,3,7729,selfplay_eval,0.05,0,91,91
2025-11-27T09:40:58.168566+00:00,selfplay_eval,3,7730,selfplay_eval,0.05,0,99,99
2025-11-27T09:40:58.168743+00:00,selfplay_eval,3,7731,selfplay_eval,0.05,1,98,99
2025-11-27T09:40:58.168905+00:00,selfplay_eval,3,7732,selfplay_eval,0.05,0,87,87
2025-11-27T09:40:58.169066+00:00,selfplay_eval,3,7733,selfplay_eval,0.05,0,88,88
2025-11-27T09:40:58.169220+00:00,selfplay_eval,3,7734,selfplay_eval,0.05,1,90,91
2025-11-27T09:40:58.169363+00:00,selfplay_eval,3,7735,selfplay_eval,0.05,0,96,96
2025-11-27T09:40:58.169505+00:00,selfplay_eval,3,7736,selfplay_eval,0.05,1,96,97
2025-11-27T09:40:58.169684+00:00,selfplay_eval,3,7737,selfplay_eval,0.05,1,95,96
2025-11-27T09:40:58.169880+00:00,selfplay_eval,3,7738,selfplay_eval,0.05,1,88,89
2025-11-27T09:40:58.170037+00:00,selfplay_eval,3,7739,selfplay_eval,0.05,0,91,91
2025-11-27T09:40:58.170185+00:00,selfplay_eval,3,7740,selfplay_eval,0.05,0,99,99
2025-11-27T09:40:58.170328+00:00,selfplay_eval,3,7741,selfplay_eval,0.05,0,84,84
2025-11-27T09:40:58.170467+00:00,selfplay_eval,3,7742,selfplay_eval,0.05,0,93,93
2025-11-27T09:40:58.170605+00:00,selfplay_eval,3,7743,selfplay_eval,0.05,1,99,100
2025-11-27T09:40:58.170745+00:00,selfplay_eval,3,7744,selfplay_eval,0.05,0,93,93
2025-11-27T09:40:58.170882+00:00,selfplay_eval,3,7745,selfplay_eval,0.05,1,99,100
2025-11-27T09:40:58.171090+00:00,selfplay_eval,3,7746,selfplay_eval,0.05,0,92,92
2025-11-27T09:40:58.171252+00:00,selfplay_eval,3,7747,selfplay_eval,0.05,0,91,91
2025-11-27T09:40:58.171403+00:00,selfplay_eval,3,7748,selfplay_eval,0.05,0,97,97
2025-11-27T09:40:58.171547+00:00,selfplay_eval,3,7749,selfplay_eval,0.05,1,97,98
2025-11-27T09:40:58.171688+00:00,selfplay_eval,3,7750,selfplay_eval,0.05,1,84,85
2025-11-27T09:40:58.171828+00:00,selfplay_eval,3,7751,selfplay_eval,0.05,1,87,88
2025-11-27T09:40:58.171966+00:00,selfplay_eval,3,7752,selfplay_eval,0.05,1,92,93
2025-11-27T09:40:58.172105+00:00,selfplay_eval,3,7753,selfplay_eval,0.05,1,89,90
2025-11-27T09:40:58.172241+00:00,selfplay_eval,3,7754,selfplay_eval,0.05,1,90,91
2025-11-27T09:40:58.172386+00:00,selfplay_eval,3,7755,selfplay_eval,0.05,1,96,97
2025-11-27T09:40:58.172528+00:00,selfplay_eval,3,7756,selfplay_eval,0.05,1,96,97
2025-11-27T09:40:58.172664+00:00,selfplay_eval,3,7757,selfplay_eval,0.05,1,84,85
2025-11-27T09:40:58.172799+00:00,selfplay_eval,3,7758,selfplay_eval,0.05,0,96,96
2025-11-27T09:40:58.172934+00:00,selfplay_eval,3,7759,selfplay_eval,0.05,1,91,92
2025-11-27T09:40:58.173071+00:00,selfplay_eval,3,7760,selfplay_eval,0.05,0,92,92
2025-11-27T09:40:58.173220+00:00,selfplay_eval,3,7761,selfplay_eval,0.05,1,97,98
2025-11-27T09:40:58.173360+00:00,selfplay_eval,3,7762,selfplay_eval,0.05,0,93,93
2025-11-27T09:40:58.173496+00:00,selfplay_eval,3,7763,selfplay_eval,0.05,0,82,82
2025-11-27T09:40:58.173632+00:00,selfplay_eval,3,7764,selfplay_eval,0.05,0,90,90
2025-11-27T09:40:58.173787+00:00,selfplay_eval,3,7765,selfplay_eval,0.05,0,99,99
2025-11-27T09:40:58.173925+00:00,selfplay_eval,3,7766,selfplay_eval,0.05,0,88,88
2025-11-27T09:40:58.174102+00:00,selfplay_eval,3,7767,selfplay_eval,0.05,1,98,99
2025-11-27T09:40:58.174274+00:00,selfplay_eval,3,7768,selfplay_eval,0.05,0,96,96
2025-11-27T09:40:58.174425+00:00,selfplay_eval,3,7769,selfplay_eval,0.05,0,93,93
2025-11-27T09:40:58.174568+00:00,selfplay_eval,3,7770,selfplay_eval,0.05,0,97,97
2025-11-27T09:40:58.174708+00:00,selfplay_eval,3,7771,selfplay_eval,0.05,0,95,95
2025-11-27T09:40:58.174846+00:00,selfplay_eval,3,7772,selfplay_eval,0.05,1,98,99
2025-11-27T09:40:58.174983+00:00,selfplay_eval,3,7773,selfplay_eval,0.05,0,97,97
2025-11-27T09:40:58.175119+00:00,selfplay_eval,3,7774,selfplay_eval,0.05,1,88,89
2025-11-27T09:40:58.175349+00:00,selfplay_eval,3,7775,selfplay_eval,0.05,0,93,93
2025-11-27T09:40:58.175509+00:00,selfplay_eval,3,7776,selfplay_eval,0.05,0,95,95
2025-11-27T09:40:58.175657+00:00,selfplay_eval,3,7777,selfplay_eval,0.05,1,92,93
2025-11-27T09:40:58.175801+00:00,selfplay_eval,3,7778,selfplay_eval,0.05,0,90,90
2025-11-27T09:40:58.175942+00:00,selfplay_eval,3,7779,selfplay_eval,0.05,0,92,92
2025-11-27T09:40:58.176080+00:00,selfplay_eval,3,7780,selfplay_eval,0.05,0,96,96
2025-11-27T09:40:58.176218+00:00,selfplay_eval,3,7781,selfplay_eval,0.05,1,95,96
2025-11-27T09:40:58.176385+00:00,selfplay_eval,3,7782,selfplay_eval,0.05,0,96,96
2025-11-27T09:40:58.176582+00:00,selfplay_eval,3,7783,selfplay_eval,0.05,1,97,98
2025-11-27T09:40:58.176738+00:00,selfplay_eval,3,7784,selfplay_eval,0.05,1,99,100
2025-11-27T09:40:58.176934+00:00,selfplay_eval,3,7785,selfplay_eval,0.05,1,93,94
2025-11-27T09:40:58.177106+00:00,selfplay_eval,3,7786,selfplay_eval,0.05,1,95,96
2025-11-27T09:40:58.177257+00:00,selfplay_eval,3,7787,selfplay_eval,0.05,1,92,93
2025-11-27T09:40:58.177427+00:00,selfplay_eval,3,7788,selfplay_eval,0.05,1,91,92
2025-11-27T09:40:58.177609+00:00,selfplay_eval,3,7789,selfplay_eval,0.05,1,90,91
2025-11-27T09:40:58.177761+00:00,selfplay_eval,3,7790,selfplay_eval,0.05,0,98,98
2025-11-27T09:40:58.177907+00:00,selfplay_eval,3,7791,selfplay_eval,0.05,1,97,98
2025-11-27T09:40:58.178049+00:00,selfplay_eval,3,7792,selfplay_eval,0.05,1,88,89
2025-11-27T09:40:58.178188+00:00,selfplay_eval,3,7793,selfplay_eval,0.05,0,94,94
2025-11-27T09:40:58.178326+00:00,selfplay_eval,3,7794,selfplay_eval,0.05,0,97,97
2025-11-27T09:40:58.178463+00:00,selfplay_eval,3,7795,selfplay_eval,0.05,0,92,92
2025-11-27T09:40:58.178599+00:00,selfplay_eval,3,7796,selfplay_eval,0.05,1,93,94
2025-11-27T09:40:58.178733+00:00,selfplay_eval,3,7797,selfplay_eval,0.05,0,96,96
2025-11-27T09:40:58.178882+00:00,selfplay_eval,3,7798,selfplay_eval,0.05,1,93,94
2025-11-27T09:40:58.179012+00:00,selfplay_eval,3,7799,selfplay_eval,0.05,1,89,90
2025-11-27T09:40:58.179143+00:00,selfplay_eval,3,7800,selfplay_eval,0.05,0,98,98
2025-11-27T09:40:58.179274+00:00,selfplay_eval,3,7801,selfplay_eval,0.05,0,97,97
2025-11-27T09:40:58.179404+00:00,selfplay_eval,3,7802,selfplay_eval,0.05,0,86,86
2025-11-27T09:40:58.179534+00:00,selfplay_eval,3,7803,selfplay_eval,0.05,1,99,100
2025-11-27T09:40:58.179665+00:00,selfplay_eval,3,7804,selfplay_eval,0.05,0,98,98
2025-11-27T09:40:58.179795+00:00,selfplay_eval,3,7805,selfplay_eval,0.05,0,98,98
2025-11-27T09:40:58.179926+00:00,selfplay_eval,3,7806,selfplay_eval,0.05,1,92,93
2025-11-27T09:40:58.180056+00:00,selfplay_eval,3,7807,selfplay_eval,0.05,0,98,98
2025-11-27T09:40:58.180185+00:00,selfplay_eval,3,7808,selfplay_eval,0.05,0,96,96
2025-11-27T09:40:58.180315+00:00,selfplay_eval,3,7809,selfplay_eval,0.05,1,95,96
2025-11-27T09:40:58.180500+00:00,selfplay_eval,3,7810,selfplay_eval,0.05,1,97,98
2025-11-27T09:40:58.180656+00:00,selfplay_eval,3,7811,selfplay_eval,0.05,0,98,98
2025-11-27T09:40:58.180802+00:00,selfplay_eval,3,7812,selfplay_eval,0.05,1,77,78
2025-11-27T09:40:58.180989+00:00,selfplay_eval,3,7813,selfplay_eval,0.05,1,95,96
2025-11-27T09:40:58.181143+00:00,selfplay_eval,3,7814,selfplay_eval,0.05,0,98,98
2025-11-27T09:40:58.181285+00:00,selfplay_eval,3,7815,selfplay_eval,0.05,1,94,95
2025-11-27T09:40:58.181423+00:00,selfplay_eval,3,7816,selfplay_eval,0.05,0,98,98
2025-11-27T09:40:58.181558+00:00,selfplay_eval,3,7817,selfplay_eval,0.05,1,96,97
2025-11-27T09:40:58.181690+00:00,selfplay_eval,3,7818,selfplay_eval,0.05,1,89,90
2025-11-27T09:40:58.181822+00:00,selfplay_eval,3,7819,selfplay_eval,0.05,0,86,86
2025-11-27T09:40:58.181954+00:00,selfplay_eval,3,7820,selfplay_eval,0.05,1,85,86
2025-11-27T09:40:58.182085+00:00,selfplay_eval,3,7821,selfplay_eval,0.05,1,97,98
2025-11-27T09:40:58.182215+00:00,selfplay_eval,3,7822,selfplay_eval,0.05,0,94,94
2025-11-27T09:40:58.182346+00:00,selfplay_eval,3,7823,selfplay_eval,0.05,0,92,92
2025-11-27T09:40:58.182476+00:00,selfplay_eval,3,7824,selfplay_eval,0.05,1,92,93
2025-11-27T09:40:58.182606+00:00,selfplay_eval,3,7825,selfplay_eval,0.05,1,99,100
2025-11-27T09:40:58.182735+00:00,selfplay_eval,3,7826,selfplay_eval,0.05,0,88,88
2025-11-27T09:40:58.182865+00:00,selfplay_eval,3,7827,selfplay_eval,0.05,0,99,99
2025-11-27T09:40:58.182995+00:00,selfplay_eval,3,7828,selfplay_eval,0.05,1,78,79
2025-11-27T09:40:58.183124+00:00,selfplay_eval,3,7829,selfplay_eval,0.05,1,91,92
2025-11-27T09:40:58.183254+00:00,selfplay_eval,3,7830,selfplay_eval,0.05,1,97,98
2025-11-27T09:40:58.183383+00:00,selfplay_eval,3,7831,selfplay_eval,0.05,1,97,98
2025-11-27T09:40:58.183513+00:00,selfplay_eval,3,7832,selfplay_eval,0.05,1,93,94
2025-11-27T09:40:58.183642+00:00,selfplay_eval,3,7833,selfplay_eval,0.05,0,74,74
2025-11-27T09:40:58.183772+00:00,selfplay_eval,3,7834,selfplay_eval,0.05,1,94,95
2025-11-27T09:40:58.183901+00:00,selfplay_eval,3,7835,selfplay_eval,0.05,1,97,98
2025-11-27T09:40:58.184031+00:00,selfplay_eval,3,7836,selfplay_eval,0.05,1,97,98
2025-11-27T09:40:58.184164+00:00,selfplay_eval,3,7837,selfplay_eval,0.05,0,98,98
2025-11-27T09:40:58.184294+00:00,selfplay_eval,3,7838,selfplay_eval,0.05,1,88,89
2025-11-27T09:40:58.184424+00:00,selfplay_eval,3,7839,selfplay_eval,0.05,1,97,98
2025-11-27T09:40:58.184554+00:00,selfplay_eval,3,7840,selfplay_eval,0.05,1,92,93
2025-11-27T09:40:58.184683+00:00,selfplay_eval,3,7841,selfplay_eval,0.05,0,92,92
2025-11-27T09:40:58.184812+00:00,selfplay_eval,3,7842,selfplay_eval,0.05,1,88,89
2025-11-27T09:40:58.184957+00:00,selfplay_eval,3,7843,selfplay_eval,0.05,0,93,93
2025-11-27T09:40:58.185082+00:00,selfplay_eval,3,7844,selfplay_eval,0.05,1,91,92
2025-11-27T09:40:58.185208+00:00,selfplay_eval,3,7845,selfplay_eval,0.05,1,98,99
2025-11-27T09:40:58.185333+00:00,selfplay_eval,3,7846,selfplay_eval,0.05,1,96,97
2025-11-27T09:40:58.185458+00:00,selfplay_eval,3,7847,selfplay_eval,0.05,0,93,93
2025-11-27T09:40:58.185584+00:00,selfplay_eval,3,7848,selfplay_eval,0.05,0,98,98
2025-11-27T09:40:58.185709+00:00,selfplay_eval,3,7849,selfplay_eval,0.05,0,94,94
2025-11-27T09:40:58.185834+00:00,selfplay_eval,3,7850,selfplay_eval,0.05,1,97,98
2025-11-27T09:40:58.186050+00:00,selfplay_eval,3,7851,selfplay_eval,0.05,1,86,87
2025-11-27T09:40:58.186191+00:00,selfplay_eval,3,7852,selfplay_eval,0.05,0,98,98
2025-11-27T09:40:58.186325+00:00,selfplay_eval,3,7853,selfplay_eval,0.05,1,95,96
2025-11-27T09:40:58.186455+00:00,selfplay_eval,3,7854,selfplay_eval,0.05,0,89,89
2025-11-27T09:40:58.186584+00:00,selfplay_eval,3,7855,selfplay_eval,0.05,1,99,100
2025-11-27T09:40:58.186711+00:00,selfplay_eval,3,7856,selfplay_eval,0.05,1,96,97
2025-11-27T09:40:58.186836+00:00,selfplay_eval,3,7857,selfplay_eval,0.05,1,81,82
2025-11-27T09:40:58.186961+00:00,selfplay_eval,3,7858,selfplay_eval,0.05,1,84,85
2025-11-27T09:40:58.187086+00:00,selfplay_eval,3,7859,selfplay_eval,0.05,0,90,90
2025-11-27T09:40:58.187270+00:00,selfplay_eval,3,7860,selfplay_eval,0.05,0,92,92
2025-11-27T09:40:58.187419+00:00,selfplay_eval,3,7861,selfplay_eval,0.05,0,90,90
2025-11-27T09:40:58.187559+00:00,selfplay_eval,3,7862,selfplay_eval,0.05,1,84,85
2025-11-27T09:40:58.187693+00:00,selfplay_eval,3,7863,selfplay_eval,0.05,1,99,100
2025-11-27T09:40:58.187823+00:00,selfplay_eval,3,7864,selfplay_eval,0.05,0,92,92
2025-11-27T09:40:58.187952+00:00,selfplay_eval,3,7865,selfplay_eval,0.05,1,98,99
2025-11-27T09:40:58.188081+00:00,selfplay_eval,3,7866,selfplay_eval,0.05,1,92,93
2025-11-27T09:40:58.188208+00:00,selfplay_eval,3,7867,selfplay_eval,0.05,1,91,92
2025-11-27T09:40:58.188335+00:00,selfplay_eval,3,7868,selfplay_eval,0.05,1,99,100
2025-11-27T09:40:58.188461+00:00,selfplay_eval,3,7869,selfplay_eval,0.05,1,86,87
2025-11-27T09:40:58.188587+00:00,selfplay_eval,3,7870,selfplay_eval,0.05,1,90,91
2025-11-27T09:40:58.188713+00:00,selfplay_eval,3,7871,selfplay_eval,0.05,1,93,94
2025-11-27T09:40:58.188839+00:00,selfplay_eval,3,7872,selfplay_eval,0.05,1,90,91
2025-11-27T09:40:58.188965+00:00,selfplay_eval,3,7873,selfplay_eval,0.05,0,95,95
2025-11-27T09:40:58.189090+00:00,selfplay_eval,3,7874,selfplay_eval,0.05,0,85,85
2025-11-27T09:40:58.189215+00:00,selfplay_eval,3,7875,selfplay_eval,0.05,0,97,97
2025-11-27T09:40:58.189340+00:00,selfplay_eval,3,7876,selfplay_eval,0.05,1,92,93
2025-11-27T09:40:58.189465+00:00,selfplay_eval,3,7877,selfplay_eval,0.05,1,94,95
2025-11-27T09:40:58.189591+00:00,selfplay_eval,3,7878,selfplay_eval,0.05,0,83,83
2025-11-27T09:40:58.189720+00:00,selfplay_eval,3,7879,selfplay_eval,0.05,1,91,92
2025-11-27T09:40:58.189845+00:00,selfplay_eval,3,7880,selfplay_eval,0.05,0,83,83
2025-11-27T09:40:58.189971+00:00,selfplay_eval,3,7881,selfplay_eval,0.05,1,91,92
2025-11-27T09:40:58.190097+00:00,selfplay_eval,3,7882,selfplay_eval,0.05,0,86,86
2025-11-27T09:40:58.190222+00:00,selfplay_eval,3,7883,selfplay_eval,0.05,1,94,95
2025-11-27T09:40:58.190347+00:00,selfplay_eval,3,7884,selfplay_eval,0.05,1,95,96
2025-11-27T09:40:58.190472+00:00,selfplay_eval,3,7885,selfplay_eval,0.05,1,98,99
2025-11-27T09:40:58.190597+00:00,selfplay_eval,3,7886,selfplay_eval,0.05,1,98,99
2025-11-27T09:40:58.190723+00:00,selfplay_eval,3,7887,selfplay_eval,0.05,0,86,86
2025-11-27T09:40:58.190848+00:00,selfplay_eval,3,7888,selfplay_eval,0.05,1,90,91
2025-11-27T09:40:58.190973+00:00,selfplay_eval,3,7889,selfplay_eval,0.05,1,97,98
2025-11-27T09:40:58.191098+00:00,selfplay_eval,3,7890,selfplay_eval,0.05,1,95,96
2025-11-27T09:40:58.191223+00:00,selfplay_eval,3,7891,selfplay_eval,0.05,0,79,79
2025-11-27T09:40:58.191348+00:00,selfplay_eval,3,7892,selfplay_eval,0.05,1,87,88
2025-11-27T09:40:58.191472+00:00,selfplay_eval,3,7893,selfplay_eval,0.05,0,97,97
2025-11-27T09:40:58.191596+00:00,selfplay_eval,3,7894,selfplay_eval,0.05,1,88,89
2025-11-27T09:40:58.191782+00:00,selfplay_eval,3,7895,selfplay_eval,0.05,0,78,78
2025-11-27T09:40:58.191929+00:00,selfplay_eval,3,7896,selfplay_eval,0.05,1,94,95
2025-11-27T09:40:58.192064+00:00,selfplay_eval,3,7897,selfplay_eval,0.05,0,96,96
2025-11-27T09:40:58.192195+00:00,selfplay_eval,3,7898,selfplay_eval,0.05,0,99,99
2025-11-27T09:40:58.192322+00:00,selfplay_eval,3,7899,selfplay_eval,0.05,1,94,95
2025-11-27T09:40:58.192449+00:00,selfplay_eval,3,7900,selfplay_eval,0.05,0,98,98
2025-11-27T09:40:58.192574+00:00,selfplay_eval,3,7901,selfplay_eval,0.05,0,96,96
2025-11-27T09:40:58.192700+00:00,selfplay_eval,3,7902,selfplay_eval,0.05,1,95,96
2025-11-27T09:40:58.192824+00:00,selfplay_eval,3,7903,selfplay_eval,0.05,1,96,97
2025-11-27T09:40:58.192948+00:00,selfplay_eval,3,7904,selfplay_eval,0.05,1,94,95
2025-11-27T09:40:58.193071+00:00,selfplay_eval,3,7905,selfplay_eval,0.05,0,95,95
2025-11-27T09:40:58.193194+00:00,selfplay_eval,3,7906,selfplay_eval,0.05,1,87,88
2025-11-27T09:40:58.193318+00:00,selfplay_eval,3,7907,selfplay_eval,0.05,1,93,94
2025-11-27T09:40:58.193441+00:00,selfplay_eval,3,7908,selfplay_eval,0.05,0,98,98
2025-11-27T09:40:58.193566+00:00,selfplay_eval,3,7909,selfplay_eval,0.05,1,93,94
2025-11-27T09:40:58.193689+00:00,selfplay_eval,3,7910,selfplay_eval,0.05,0,92,92
2025-11-27T09:40:58.193812+00:00,selfplay_eval,3,7911,selfplay_eval,0.05,0,84,84
2025-11-27T09:40:58.193938+00:00,selfplay_eval,3,7912,selfplay_eval,0.05,0,86,86
2025-11-27T09:40:58.194116+00:00,selfplay_eval,3,7913,selfplay_eval,0.05,0,95,95
2025-11-27T09:40:58.194264+00:00,selfplay_eval,3,7914,selfplay_eval,0.05,0,94,94
2025-11-27T09:40:58.194416+00:00,selfplay_eval,3,7915,selfplay_eval,0.05,1,87,88
2025-11-27T09:40:58.194558+00:00,selfplay_eval,3,7916,selfplay_eval,0.05,0,98,98
2025-11-27T09:40:58.194737+00:00,selfplay_eval,3,7917,selfplay_eval,0.05,1,84,85
2025-11-27T09:40:58.194893+00:00,selfplay_eval,3,7918,selfplay_eval,0.05,1,96,97
2025-11-27T09:40:58.195066+00:00,selfplay_eval,3,7919,selfplay_eval,0.05,1,93,94
2025-11-27T09:40:58.195225+00:00,selfplay_eval,3,7920,selfplay_eval,0.05,0,97,97
2025-11-27T09:40:58.195365+00:00,selfplay_eval,3,7921,selfplay_eval,0.05,1,98,99
2025-11-27T09:40:58.195501+00:00,selfplay_eval,3,7922,selfplay_eval,0.05,0,89,89
2025-11-27T09:40:58.195635+00:00,selfplay_eval,3,7923,selfplay_eval,0.05,1,93,94
2025-11-27T09:40:58.195766+00:00,selfplay_eval,3,7924,selfplay_eval,0.05,0,95,95
2025-11-27T09:40:58.195895+00:00,selfplay_eval,3,7925,selfplay_eval,0.05,1,97,98
2025-11-27T09:40:58.196024+00:00,selfplay_eval,3,7926,selfplay_eval,0.05,1,98,99
2025-11-27T09:40:58.196165+00:00,selfplay_eval,3,7927,selfplay_eval,0.05,0,87,87
2025-11-27T09:40:58.196294+00:00,selfplay_eval,3,7928,selfplay_eval,0.05,0,87,87
2025-11-27T09:40:58.196422+00:00,selfplay_eval,3,7929,selfplay_eval,0.05,0,97,97
2025-11-27T09:40:58.196551+00:00,selfplay_eval,3,7930,selfplay_eval,0.05,1,96,97
2025-11-27T09:40:58.196679+00:00,selfplay_eval,3,7931,selfplay_eval,0.05,1,86,87
2025-11-27T09:40:58.196807+00:00,selfplay_eval,3,7932,selfplay_eval,0.05,0,88,88
2025-11-27T09:40:58.196934+00:00,selfplay_eval,3,7933,selfplay_eval,0.05,0,96,96
2025-11-27T09:40:58.197062+00:00,selfplay_eval,3,7934,selfplay_eval,0.05,1,99,100
2025-11-27T09:40:58.197189+00:00,selfplay_eval,3,7935,selfplay_eval,0.05,1,90,91
2025-11-27T09:40:58.197406+00:00,selfplay_eval,3,7936,selfplay_eval,0.05,1,96,97
2025-11-27T09:40:58.197564+00:00,selfplay_eval,3,7937,selfplay_eval,0.05,1,98,99
2025-11-27T09:40:58.197707+00:00,selfplay_eval,3,7938,selfplay_eval,0.05,1,98,99
2025-11-27T09:40:58.197843+00:00,selfplay_eval,3,7939,selfplay_eval,0.05,0,77,77
2025-11-27T09:40:58.197975+00:00,selfplay_eval,3,7940,selfplay_eval,0.05,1,93,94
2025-11-27T09:40:58.198104+00:00,selfplay_eval,3,7941,selfplay_eval,0.05,1,93,94
2025-11-27T09:40:58.198264+00:00,selfplay_eval,3,7942,selfplay_eval,0.05,0,95,95
2025-11-27T09:40:58.198468+00:00,selfplay_eval,3,7943,selfplay_eval,0.05,0,97,97
2025-11-27T09:40:58.198638+00:00,selfplay_eval,3,7944,selfplay_eval,0.05,1,91,92
2025-11-27T09:40:58.198788+00:00,selfplay_eval,3,7945,selfplay_eval,0.05,1,94,95
2025-11-27T09:40:58.198935+00:00,selfplay_eval,3,7946,selfplay_eval,0.05,1,96,97
2025-11-27T09:40:58.199076+00:00,selfplay_eval,3,7947,selfplay_eval,0.05,0,90,90
2025-11-27T09:40:58.199213+00:00,selfplay_eval,3,7948,selfplay_eval,0.05,1,91,92
2025-11-27T09:40:58.199350+00:00,selfplay_eval,3,7949,selfplay_eval,0.05,0,99,99
2025-11-27T09:40:58.199486+00:00,selfplay_eval,3,7950,selfplay_eval,0.05,0,97,97
2025-11-27T09:40:58.199620+00:00,selfplay_eval,3,7951,selfplay_eval,0.05,1,99,100
2025-11-27T09:40:58.199754+00:00,selfplay_eval,3,7952,selfplay_eval,0.05,0,93,93
2025-11-27T09:40:58.199888+00:00,selfplay_eval,3,7953,selfplay_eval,0.05,0,89,89
2025-11-27T09:40:58.200022+00:00,selfplay_eval,3,7954,selfplay_eval,0.05,0,75,75
2025-11-27T09:40:58.200156+00:00,selfplay_eval,3,7955,selfplay_eval,0.05,1,95,96
2025-11-27T09:40:58.200289+00:00,selfplay_eval,3,7956,selfplay_eval,0.05,1,91,92
2025-11-27T09:40:58.200422+00:00,selfplay_eval,3,7957,selfplay_eval,0.05,1,83,84
2025-11-27T09:40:58.200556+00:00,selfplay_eval,3,7958,selfplay_eval,0.05,0,99,99
2025-11-27T09:40:58.200689+00:00,selfplay_eval,3,7959,selfplay_eval,0.05,0,92,92
2025-11-27T09:40:58.200822+00:00,selfplay_eval,3,7960,selfplay_eval,0.05,0,99,99
2025-11-27T09:40:58.200954+00:00,selfplay_eval,3,7961,selfplay_eval,0.05,0,95,95
2025-11-27T09:40:58.201092+00:00,selfplay_eval,3,7962,selfplay_eval,0.05,0,89,89
2025-11-27T09:40:58.201225+00:00,selfplay_eval,3,7963,selfplay_eval,0.05,0,96,96
2025-11-27T09:40:58.201358+00:00,selfplay_eval,3,7964,selfplay_eval,0.05,0,93,93
2025-11-27T09:40:58.201490+00:00,selfplay_eval,3,7965,selfplay_eval,0.05,0,97,97
2025-11-27T09:40:58.201625+00:00,selfplay_eval,3,7966,selfplay_eval,0.05,1,99,100
2025-11-27T09:40:58.201760+00:00,selfplay_eval,3,7967,selfplay_eval,0.05,1,93,94
2025-11-27T09:40:58.201894+00:00,selfplay_eval,3,7968,selfplay_eval,0.05,0,81,81
2025-11-27T09:40:58.202027+00:00,selfplay_eval,3,7969,selfplay_eval,0.05,1,96,97
2025-11-27T09:40:58.202160+00:00,selfplay_eval,3,7970,selfplay_eval,0.05,1,89,90
2025-11-27T09:40:58.202291+00:00,selfplay_eval,3,7971,selfplay_eval,0.05,1,92,93
2025-11-27T09:40:58.202424+00:00,selfplay_eval,3,7972,selfplay_eval,0.05,1,98,99
2025-11-27T09:40:58.202556+00:00,selfplay_eval,3,7973,selfplay_eval,0.05,1,96,97
2025-11-27T09:40:58.202689+00:00,selfplay_eval,3,7974,selfplay_eval,0.05,0,99,99
2025-11-27T09:40:58.202821+00:00,selfplay_eval,3,7975,selfplay_eval,0.05,1,98,99
2025-11-27T09:40:58.202953+00:00,selfplay_eval,3,7976,selfplay_eval,0.05,1,96,97
2025-11-27T09:40:58.203086+00:00,selfplay_eval,3,7977,selfplay_eval,0.05,0,92,92
2025-11-27T09:40:58.203218+00:00,selfplay_eval,3,7978,selfplay_eval,0.05,1,96,97
2025-11-27T09:40:58.203349+00:00,selfplay_eval,3,7979,selfplay_eval,0.05,1,93,94
2025-11-27T09:40:58.203480+00:00,selfplay_eval,3,7980,selfplay_eval,0.05,1,86,87
2025-11-27T09:40:58.203612+00:00,selfplay_eval,3,7981,selfplay_eval,0.05,1,87,88
2025-11-27T09:40:58.203743+00:00,selfplay_eval,3,7982,selfplay_eval,0.05,0,96,96
2025-11-27T09:40:58.203875+00:00,selfplay_eval,3,7983,selfplay_eval,0.05,1,95,96
2025-11-27T09:40:58.204005+00:00,selfplay_eval,3,7984,selfplay_eval,0.05,1,94,95
2025-11-27T09:40:58.204137+00:00,selfplay_eval,3,7985,selfplay_eval,0.05,0,96,96
2025-11-27T09:40:58.204269+00:00,selfplay_eval,3,7986,selfplay_eval,0.05,0,78,78
2025-11-27T09:40:58.204401+00:00,selfplay_eval,3,7987,selfplay_eval,0.05,1,98,99
2025-11-27T09:40:58.204535+00:00,selfplay_eval,3,7988,selfplay_eval,0.05,0,89,89
2025-11-27T09:40:58.204667+00:00,selfplay_eval,3,7989,selfplay_eval,0.05,1,86,87
2025-11-27T09:40:58.204799+00:00,selfplay_eval,3,7990,selfplay_eval,0.05,1,89,90
2025-11-27T09:40:58.204934+00:00,selfplay_eval,3,7991,selfplay_eval,0.05,1,78,79
2025-11-27T09:40:58.205067+00:00,selfplay_eval,3,7992,selfplay_eval,0.05,0,95,95
2025-11-27T09:40:58.205200+00:00,selfplay_eval,3,7993,selfplay_eval,0.05,1,78,79
2025-11-27T09:40:58.205332+00:00,selfplay_eval,3,7994,selfplay_eval,0.05,1,97,98
2025-11-27T09:40:58.205464+00:00,selfplay_eval,3,7995,selfplay_eval,0.05,0,98,98
2025-11-27T09:40:58.205597+00:00,selfplay_eval,3,7996,selfplay_eval,0.05,1,96,97
2025-11-27T09:40:58.205730+00:00,selfplay_eval,3,7997,selfplay_eval,0.05,1,91,92
2025-11-27T09:40:58.205862+00:00,selfplay_eval,3,7998,selfplay_eval,0.05,1,94,95
2025-11-27T09:40:58.205993+00:00,selfplay_eval,3,7999,selfplay_eval,0.05,0,99,99
2025-11-27T09:40:58.206125+00:00,selfplay_eval,3,8000,selfplay_eval,0.05,0,86,86
2025-11-27T09:40:58.206257+00:00,selfplay_eval,3,8001,selfplay_eval,0.05,0,94,94
2025-11-27T09:40:58.206389+00:00,selfplay_eval,3,8002,selfplay_eval,0.05,0,96,96
2025-11-27T09:40:58.206521+00:00,selfplay_eval,3,8003,selfplay_eval,0.05,1,95,96
2025-11-27T09:40:58.206659+00:00,selfplay_eval,3,8004,selfplay_eval,0.05,1,98,99
2025-11-27T09:40:58.206792+00:00,selfplay_eval,3,8005,selfplay_eval,0.05,1,83,84
2025-11-27T09:40:58.206925+00:00,selfplay_eval,3,8006,selfplay_eval,0.05,1,96,97
2025-11-27T09:40:58.207058+00:00,selfplay_eval,3,8007,selfplay_eval,0.05,0,99,99
2025-11-27T09:40:58.207191+00:00,selfplay_eval,3,8008,selfplay_eval,0.05,1,89,90
2025-11-27T09:40:58.207323+00:00,selfplay_eval,3,8009,selfplay_eval,0.05,0,97,97
2025-11-27T09:40:58.207455+00:00,selfplay_eval,3,8010,selfplay_eval,0.05,0,85,85
2025-11-27T09:40:58.207586+00:00,selfplay_eval,3,8011,selfplay_eval,0.05,1,94,95
2025-11-27T09:40:58.207722+00:00,selfplay_eval,3,8012,selfplay_eval,0.05,0,93,93
2025-11-27T09:40:58.207855+00:00,selfplay_eval,3,8013,selfplay_eval,0.05,0,93,93
2025-11-27T09:40:58.207988+00:00,selfplay_eval,3,8014,selfplay_eval,0.05,0,96,96
2025-11-27T09:40:58.208121+00:00,selfplay_eval,3,8015,selfplay_eval,0.05,1,90,91
2025-11-27T09:40:58.208253+00:00,selfplay_eval,3,8016,selfplay_eval,0.05,0,94,94
2025-11-27T09:40:58.208387+00:00,selfplay_eval,3,8017,selfplay_eval,0.05,0,94,94
2025-11-27T09:40:58.208519+00:00,selfplay_eval,3,8018,selfplay_eval,0.05,0,94,94
2025-11-27T09:40:58.208651+00:00,selfplay_eval,3,8019,selfplay_eval,0.05,0,98,98
2025-11-27T09:40:58.208784+00:00,selfplay_eval,3,8020,selfplay_eval,0.05,1,86,87
2025-11-27T09:40:58.208927+00:00,selfplay_eval,3,8021,selfplay_eval,0.05,1,94,95
2025-11-27T09:40:58.209056+00:00,selfplay_eval,3,8022,selfplay_eval,0.05,1,88,89
2025-11-27T09:40:58.209184+00:00,selfplay_eval,3,8023,selfplay_eval,0.05,0,94,94
2025-11-27T09:40:58.209313+00:00,selfplay_eval,3,8024,selfplay_eval,0.05,0,88,88
2025-11-27T09:40:58.209441+00:00,selfplay_eval,3,8025,selfplay_eval,0.05,0,96,96
2025-11-27T09:40:58.209568+00:00,selfplay_eval,3,8026,selfplay_eval,0.05,0,93,93
2025-11-27T09:40:58.209696+00:00,selfplay_eval,3,8027,selfplay_eval,0.05,0,87,87
2025-11-27T09:40:58.209824+00:00,selfplay_eval,3,8028,selfplay_eval,0.05,1,87,88
2025-11-27T09:40:58.209963+00:00,selfplay_eval,3,8029,selfplay_eval,0.05,0,86,86
2025-11-27T09:40:58.210094+00:00,selfplay_eval,3,8030,selfplay_eval,0.05,1,94,95
2025-11-27T09:40:58.210220+00:00,selfplay_eval,3,8031,selfplay_eval,0.05,0,89,89
2025-11-27T09:40:58.210345+00:00,selfplay_eval,3,8032,selfplay_eval,0.05,0,95,95
2025-11-27T09:40:58.210470+00:00,selfplay_eval,3,8033,selfplay_eval,0.05,0,94,94
2025-11-27T09:40:58.210595+00:00,selfplay_eval,3,8034,selfplay_eval,0.05,0,95,95
2025-11-27T09:40:58.210719+00:00,selfplay_eval,3,8035,selfplay_eval,0.05,1,99,100
2025-11-27T09:40:58.210843+00:00,selfplay_eval,3,8036,selfplay_eval,0.05,1,95,96
2025-11-27T09:40:58.210978+00:00,selfplay_eval,3,8037,selfplay_eval,0.05,1,99,100
2025-11-27T09:40:58.211100+00:00,selfplay_eval,3,8038,selfplay_eval,0.05,0,98,98
2025-11-27T09:40:58.211220+00:00,selfplay_eval,3,8039,selfplay_eval,0.05,0,89,89
2025-11-27T09:40:58.211391+00:00,selfplay_eval,3,8040,selfplay_eval,0.05,0,98,98
2025-11-27T09:40:58.211554+00:00,selfplay_eval,3,8041,selfplay_eval,0.05,0,83,83
2025-11-27T09:40:58.211686+00:00,selfplay_eval,3,8042,selfplay_eval,0.05,1,87,88
2025-11-27T09:40:58.211812+00:00,selfplay_eval,3,8043,selfplay_eval,0.05,1,97,98
2025-11-27T09:40:58.211948+00:00,selfplay_eval,3,8044,selfplay_eval,0.05,1,92,93
2025-11-27T09:40:58.212062+00:00,selfplay_eval,3,8045,selfplay_eval,0.05,1,92,93
2025-11-27T09:40:58.212176+00:00,selfplay_eval,3,8046,selfplay_eval,0.05,1,98,99
2025-11-27T09:40:58.212356+00:00,selfplay_eval,3,8047,selfplay_eval,0.05,1,95,96
2025-11-27T09:40:58.212493+00:00,selfplay_eval,3,8048,selfplay_eval,0.05,1,90,91
2025-11-27T09:40:58.212621+00:00,selfplay_eval,3,8049,selfplay_eval,0.05,1,94,95
2025-11-27T09:40:58.212744+00:00,selfplay_eval,3,8050,selfplay_eval,0.05,0,95,95
2025-11-27T09:40:58.212879+00:00,selfplay_eval,3,8051,selfplay_eval,0.05,0,89,89
2025-11-27T09:40:58.213001+00:00,selfplay_eval,3,8052,selfplay_eval,0.05,0,97,97
2025-11-27T09:40:58.213119+00:00,selfplay_eval,3,8053,selfplay_eval,0.05,0,89,89
2025-11-27T09:40:58.213235+00:00,selfplay_eval,3,8054,selfplay_eval,0.05,0,89,89
2025-11-27T09:40:58.213350+00:00,selfplay_eval,3,8055,selfplay_eval,0.05,0,92,92
2025-11-27T09:40:58.213533+00:00,selfplay_eval,3,8056,selfplay_eval,0.05,0,85,85
2025-11-27T09:40:58.213672+00:00,selfplay_eval,3,8057,selfplay_eval,0.05,0,95,95
2025-11-27T09:40:58.213816+00:00,selfplay_eval,3,8058,selfplay_eval,0.05,0,95,95
2025-11-27T09:40:58.213954+00:00,selfplay_eval,3,8059,selfplay_eval,0.05,1,99,100
2025-11-27T09:40:58.214065+00:00,selfplay_eval,3,8060,selfplay_eval,0.05,1,98,99
2025-11-27T09:40:58.214174+00:00,selfplay_eval,3,8061,selfplay_eval,0.05,0,95,95
2025-11-27T09:40:58.214313+00:00,selfplay_eval,3,8062,selfplay_eval,0.05,1,90,91
2025-11-27T09:40:58.214421+00:00,selfplay_eval,3,8063,selfplay_eval,0.05,1,96,97
2025-11-27T09:40:58.214555+00:00,selfplay_eval,3,8064,selfplay_eval,0.05,1,85,86
2025-11-27T09:40:58.214661+00:00,selfplay_eval,3,8065,selfplay_eval,0.05,0,93,93
2025-11-27T09:40:58.214785+00:00,selfplay_eval,3,8066,selfplay_eval,0.05,0,93,93
2025-11-27T09:40:58.214905+00:00,selfplay_eval,3,8067,selfplay_eval,0.05,0,97,97
2025-11-27T09:40:58.215062+00:00,selfplay_eval,3,8068,selfplay_eval,0.05,1,85,86
2025-11-27T09:40:58.215190+00:00,selfplay_eval,3,8069,selfplay_eval,0.05,0,90,90
2025-11-27T09:40:58.215309+00:00,selfplay_eval,3,8070,selfplay_eval,0.05,1,85,86
2025-11-27T09:40:58.215424+00:00,selfplay_eval,3,8071,selfplay_eval,0.05,0,94,94
2025-11-27T09:40:58.215538+00:00,selfplay_eval,3,8072,selfplay_eval,0.05,1,84,85
2025-11-27T09:40:58.215649+00:00,selfplay_eval,3,8073,selfplay_eval,0.05,1,97,98
2025-11-27T09:40:58.215762+00:00,selfplay_eval,3,8074,selfplay_eval,0.05,1,97,98
2025-11-27T09:40:58.215871+00:00,selfplay_eval,3,8075,selfplay_eval,0.05,1,89,90
2025-11-27T09:40:58.215981+00:00,selfplay_eval,3,8076,selfplay_eval,0.05,1,99,100
2025-11-27T09:40:58.216088+00:00,selfplay_eval,3,8077,selfplay_eval,0.05,0,88,88
2025-11-27T09:40:58.216200+00:00,selfplay_eval,3,8078,selfplay_eval,0.05,0,94,94
2025-11-27T09:40:58.216306+00:00,selfplay_eval,3,8079,selfplay_eval,0.05,0,96,96
2025-11-27T09:40:58.216418+00:00,selfplay_eval,3,8080,selfplay_eval,0.05,1,93,94
2025-11-27T09:40:58.216524+00:00,selfplay_eval,3,8081,selfplay_eval,0.05,0,97,97
2025-11-27T09:40:58.216637+00:00,selfplay_eval,3,8082,selfplay_eval,0.05,0,92,92
2025-11-27T09:40:58.216743+00:00,selfplay_eval,3,8083,selfplay_eval,0.05,1,89,90
2025-11-27T09:40:58.216855+00:00,selfplay_eval,3,8084,selfplay_eval,0.05,0,98,98
2025-11-27T09:40:58.216961+00:00,selfplay_eval,3,8085,selfplay_eval,0.05,0,92,92
2025-11-27T09:40:58.217073+00:00,selfplay_eval,3,8086,selfplay_eval,0.05,1,87,88
2025-11-27T09:40:58.217183+00:00,selfplay_eval,3,8087,selfplay_eval,0.05,0,86,86
2025-11-27T09:40:58.217289+00:00,selfplay_eval,3,8088,selfplay_eval,0.05,0,99,99
2025-11-27T09:40:58.217401+00:00,selfplay_eval,3,8089,selfplay_eval,0.05,1,90,91
2025-11-27T09:40:58.217507+00:00,selfplay_eval,3,8090,selfplay_eval,0.05,0,87,87
2025-11-27T09:40:58.217619+00:00,selfplay_eval,3,8091,selfplay_eval,0.05,0,97,97
2025-11-27T09:40:58.217732+00:00,selfplay_eval,3,8092,selfplay_eval,0.05,1,97,98
2025-11-27T09:40:58.217845+00:00,selfplay_eval,3,8093,selfplay_eval,0.05,0,80,80
2025-11-27T09:40:58.217951+00:00,selfplay_eval,3,8094,selfplay_eval,0.05,1,99,100
2025-11-27T09:40:58.218065+00:00,selfplay_eval,3,8095,selfplay_eval,0.05,1,90,91
2025-11-27T09:40:58.218171+00:00,selfplay_eval,3,8096,selfplay_eval,0.05,1,89,90
2025-11-27T09:40:58.218282+00:00,selfplay_eval,3,8097,selfplay_eval,0.05,1,98,99
2025-11-27T09:40:58.218388+00:00,selfplay_eval,3,8098,selfplay_eval,0.05,0,88,88
2025-11-27T09:40:58.218499+00:00,selfplay_eval,3,8099,selfplay_eval,0.05,0,94,94
2025-11-27T09:40:58.218605+00:00,selfplay_eval,3,8100,selfplay_eval,0.05,0,71,71
2025-11-27T09:44:15.692708+00:00,train,4,8101,self,0.05,0,97,
2025-11-27T09:44:15.693790+00:00,train,4,8102,self,0.05,0,100,
2025-11-27T09:44:15.693992+00:00,train,4,8103,self,0.05,0,89,
2025-11-27T09:44:15.694169+00:00,train,4,8104,self,0.05,0,97,
2025-11-27T09:44:15.694336+00:00,train,4,8105,self,0.05,0,93,
2025-11-27T09:44:15.694493+00:00,train,4,8106,self,0.05,0,99,
2025-11-27T09:44:15.694635+00:00,train,4,8107,self,0.05,0,97,
2025-11-27T09:44:15.694774+00:00,train,4,8108,self,0.05,0,99,
2025-11-27T09:44:15.694920+00:00,train,4,8109,self,0.05,0,99,
2025-11-27T09:44:15.695059+00:00,train,4,8110,self,0.05,0,100,
2025-11-27T09:44:15.695265+00:00,train,4,8111,self,0.05,0,86,
2025-11-27T09:44:15.695435+00:00,train,4,8112,self,0.05,0,97,
2025-11-27T09:44:15.695592+00:00,train,4,8113,self,0.05,0,100,
2025-11-27T09:44:15.695743+00:00,train,4,8114,self,0.05,0,100,
2025-11-27T09:44:15.695895+00:00,train,4,8115,self,0.05,0,100,
2025-11-27T09:44:15.696044+00:00,train,4,8116,self,0.05,0,100,
2025-11-27T09:44:15.696190+00:00,train,4,8117,self,0.05,0,96,
2025-11-27T09:44:15.696336+00:00,train,4,8118,self,0.05,0,100,
2025-11-27T09:44:15.696480+00:00,train,4,8119,self,0.05,0,96,
2025-11-27T09:44:15.696624+00:00,train,4,8120,self,0.05,0,99,
2025-11-27T09:44:15.696768+00:00,train,4,8121,self,0.05,0,100,
2025-11-27T09:44:15.696912+00:00,train,4,8122,self,0.05,0,100,
2025-11-27T09:44:15.697056+00:00,train,4,8123,self,0.05,0,90,
2025-11-27T09:44:15.697200+00:00,train,4,8124,self,0.05,0,92,
2025-11-27T09:44:15.697353+00:00,train,4,8125,self,0.05,0,97,
2025-11-27T09:44:15.697498+00:00,train,4,8126,self,0.05,0,98,
2025-11-27T09:44:15.697642+00:00,train,4,8127,self,0.05,0,88,
2025-11-27T09:44:15.697786+00:00,train,4,8128,self,0.05,0,100,
2025-11-27T09:44:15.697932+00:00,train,4,8129,self,0.05,0,96,
2025-11-27T09:44:15.698077+00:00,train,4,8130,self,0.05,0,100,
2025-11-27T09:44:15.698221+00:00,train,4,8131,self,0.05,0,94,
2025-11-27T09:44:15.698365+00:00,train,4,8132,self,0.05,0,97,
2025-11-27T09:44:15.698508+00:00,train,4,8133,self,0.05,0,94,
2025-11-27T09:44:15.698652+00:00,train,4,8134,self,0.05,0,99,
2025-11-27T09:44:15.698797+00:00,train,4,8135,self,0.05,0,93,
2025-11-27T09:44:15.698941+00:00,train,4,8136,self,0.05,0,99,
2025-11-27T09:44:15.699086+00:00,train,4,8137,self,0.05,0,93,
2025-11-27T09:44:15.699230+00:00,train,4,8138,self,0.05,0,98,
2025-11-27T09:44:15.699374+00:00,train,4,8139,self,0.05,0,84,
2025-11-27T09:44:15.699519+00:00,train,4,8140,self,0.05,0,97,
2025-11-27T09:44:15.699664+00:00,train,4,8141,self,0.05,0,100,
2025-11-27T09:44:15.699809+00:00,train,4,8142,self,0.05,0,100,
2025-11-27T09:44:15.699953+00:00,train,4,8143,self,0.05,0,88,
2025-11-27T09:44:15.700097+00:00,train,4,8144,self,0.05,0,98,
2025-11-27T09:44:15.700241+00:00,train,4,8145,self,0.05,0,96,
2025-11-27T09:44:15.700385+00:00,train,4,8146,self,0.05,0,97,
2025-11-27T09:44:15.700543+00:00,train,4,8147,self,0.05,0,99,
2025-11-27T09:44:15.700683+00:00,train,4,8148,self,0.05,0,100,
2025-11-27T09:44:15.700823+00:00,train,4,8149,self,0.05,0,100,
2025-11-27T09:44:15.700963+00:00,train,4,8150,self,0.05,0,100,
2025-11-27T09:44:15.701103+00:00,train,4,8151,self,0.05,0,93,
2025-11-27T09:44:15.701243+00:00,train,4,8152,self,0.05,0,97,
2025-11-27T09:44:15.701382+00:00,train,4,8153,self,0.05,0,98,
2025-11-27T09:44:15.701523+00:00,train,4,8154,self,0.05,0,98,
2025-11-27T09:44:15.701663+00:00,train,4,8155,self,0.05,0,97,
2025-11-27T09:44:15.701801+00:00,train,4,8156,self,0.05,0,100,
2025-11-27T09:44:15.701940+00:00,train,4,8157,self,0.05,0,94,
2025-11-27T09:44:15.702078+00:00,train,4,8158,self,0.05,0,100,
2025-11-27T09:44:15.702218+00:00,train,4,8159,self,0.05,0,97,
2025-11-27T09:44:15.702358+00:00,train,4,8160,self,0.05,0,100,
2025-11-27T09:44:15.702497+00:00,train,4,8161,self,0.05,0,98,
2025-11-27T09:44:15.702636+00:00,train,4,8162,self,0.05,0,100,
2025-11-27T09:44:15.702775+00:00,train,4,8163,self,0.05,0,87,
2025-11-27T09:44:15.702914+00:00,train,4,8164,self,0.05,0,99,
2025-11-27T09:44:15.703053+00:00,train,4,8165,self,0.05,0,89,
2025-11-27T09:44:15.703192+00:00,train,4,8166,self,0.05,0,98,
2025-11-27T09:44:15.703331+00:00,train,4,8167,self,0.05,0,93,
2025-11-27T09:44:15.703471+00:00,train,4,8168,self,0.05,0,99,
2025-11-27T09:44:15.703626+00:00,train,4,8169,self,0.05,0,97,
2025-11-27T09:44:15.703766+00:00,train,4,8170,self,0.05,0,99,
2025-11-27T09:44:15.703901+00:00,train,4,8171,self,0.05,0,84,
2025-11-27T09:44:15.704035+00:00,train,4,8172,self,0.05,0,99,
2025-11-27T09:44:15.704170+00:00,train,4,8173,self,0.05,0,95,
2025-11-27T09:44:15.704304+00:00,train,4,8174,self,0.05,0,98,
2025-11-27T09:44:15.704438+00:00,train,4,8175,self,0.05,0,84,
2025-11-27T09:44:15.704594+00:00,train,4,8176,self,0.05,0,99,
2025-11-27T09:44:15.704733+00:00,train,4,8177,self,0.05,0,88,
2025-11-27T09:44:15.704873+00:00,train,4,8178,self,0.05,0,99,
2025-11-27T09:44:15.705011+00:00,train,4,8179,self,0.05,0,96,
2025-11-27T09:44:15.705153+00:00,train,4,8180,self,0.05,0,100,
2025-11-27T09:44:15.705292+00:00,train,4,8181,self,0.05,0,95,
2025-11-27T09:44:15.705431+00:00,train,4,8182,self,0.05,0,100,
2025-11-27T09:44:15.705581+00:00,train,4,8183,self,0.05,0,97,
2025-11-27T09:44:15.705715+00:00,train,4,8184,self,0.05,0,99,
2025-11-27T09:44:15.705848+00:00,train,4,8185,self,0.05,0,92,
2025-11-27T09:44:15.705981+00:00,train,4,8186,self,0.05,0,95,
2025-11-27T09:44:15.706115+00:00,train,4,8187,self,0.05,0,94,
2025-11-27T09:44:15.706248+00:00,train,4,8188,self,0.05,0,100,
2025-11-27T09:44:15.706382+00:00,train,4,8189,self,0.05,0,94,
2025-11-27T09:44:15.706515+00:00,train,4,8190,self,0.05,0,95,
2025-11-27T09:44:15.706649+00:00,train,4,8191,self,0.05,0,97,
2025-11-27T09:44:15.706782+00:00,train,4,8192,self,0.05,0,98,
2025-11-27T09:44:15.706916+00:00,train,4,8193,self,0.05,0,88,
2025-11-27T09:44:15.707051+00:00,train,4,8194,self,0.05,0,89,
2025-11-27T09:44:15.707186+00:00,train,4,8195,self,0.05,0,97,
2025-11-27T09:44:15.707321+00:00,train,4,8196,self,0.05,0,99,
2025-11-27T09:44:15.707456+00:00,train,4,8197,self,0.05,0,92,
2025-11-27T09:44:15.707590+00:00,train,4,8198,self,0.05,0,97,
2025-11-27T09:44:15.707724+00:00,train,4,8199,self,0.05,0,88,
2025-11-27T09:44:15.707858+00:00,train,4,8200,self,0.05,0,98,
2025-11-27T09:44:15.707992+00:00,train,4,8201,self,0.05,0,96,
2025-11-27T09:44:15.708127+00:00,train,4,8202,self,0.05,0,100,
2025-11-27T09:44:15.708261+00:00,train,4,8203,self,0.05,0,100,
2025-11-27T09:44:15.708396+00:00,train,4,8204,self,0.05,0,100,
2025-11-27T09:44:15.708544+00:00,train,4,8205,self,0.05,0,82,
2025-11-27T09:44:15.708673+00:00,train,4,8206,self,0.05,0,99,
2025-11-27T09:44:15.708803+00:00,train,4,8207,self,0.05,0,93,
2025-11-27T09:44:15.708934+00:00,train,4,8208,self,0.05,0,98,
2025-11-27T09:44:15.709065+00:00,train,4,8209,self,0.05,0,94,
2025-11-27T09:44:15.709195+00:00,train,4,8210,self,0.05,0,98,
2025-11-27T09:44:15.709325+00:00,train,4,8211,self,0.05,0,95,
2025-11-27T09:44:15.709455+00:00,train,4,8212,self,0.05,0,99,
2025-11-27T09:44:15.709586+00:00,train,4,8213,self,0.05,0,89,
2025-11-27T09:44:15.709716+00:00,train,4,8214,self,0.05,0,94,
2025-11-27T09:44:15.709847+00:00,train,4,8215,self,0.05,0,92,
2025-11-27T09:44:15.709977+00:00,train,4,8216,self,0.05,0,100,
2025-11-27T09:44:15.710107+00:00,train,4,8217,self,0.05,0,100,
2025-11-27T09:44:15.710237+00:00,train,4,8218,self,0.05,0,100,
2025-11-27T09:44:15.710368+00:00,train,4,8219,self,0.05,0,95,
2025-11-27T09:44:15.710499+00:00,train,4,8220,self,0.05,0,97,
2025-11-27T09:44:15.710630+00:00,train,4,8221,self,0.05,0,99,
2025-11-27T09:44:15.710760+00:00,train,4,8222,self,0.05,0,99,
2025-11-27T09:44:15.710891+00:00,train,4,8223,self,0.05,0,93,
2025-11-27T09:44:15.711025+00:00,train,4,8224,self,0.05,0,94,
2025-11-27T09:44:15.711155+00:00,train,4,8225,self,0.05,0,85,
2025-11-27T09:44:15.711286+00:00,train,4,8226,self,0.05,0,100,
2025-11-27T09:44:15.711416+00:00,train,4,8227,self,0.05,0,87,
2025-11-27T09:44:15.711546+00:00,train,4,8228,self,0.05,0,90,
2025-11-27T09:44:15.711677+00:00,train,4,8229,self,0.05,0,93,
2025-11-27T09:44:15.711808+00:00,train,4,8230,self,0.05,0,99,
2025-11-27T09:44:15.711939+00:00,train,4,8231,self,0.05,0,86,
2025-11-27T09:44:15.712069+00:00,train,4,8232,self,0.05,0,99,
2025-11-27T09:44:15.712200+00:00,train,4,8233,self,0.05,0,97,
2025-11-27T09:44:15.712330+00:00,train,4,8234,self,0.05,0,100,
2025-11-27T09:44:15.712461+00:00,train,4,8235,self,0.05,0,96,
2025-11-27T09:44:15.712592+00:00,train,4,8236,self,0.05,0,100,
2025-11-27T09:44:15.712723+00:00,train,4,8237,self,0.05,0,88,
2025-11-27T09:44:15.712853+00:00,train,4,8238,self,0.05,0,100,
2025-11-27T09:44:15.712983+00:00,train,4,8239,self,0.05,0,78,
2025-11-27T09:44:15.713113+00:00,train,4,8240,self,0.05,0,97,
2025-11-27T09:44:15.713244+00:00,train,4,8241,self,0.05,0,98,
2025-11-27T09:44:15.713374+00:00,train,4,8242,self,0.05,0,100,
2025-11-27T09:44:15.713506+00:00,train,4,8243,self,0.05,0,99,
2025-11-27T09:44:15.713745+00:00,train,4,8244,self,0.05,0,100,
2025-11-27T09:44:15.713875+00:00,train,4,8245,self,0.05,0,97,
2025-11-27T09:44:15.714004+00:00,train,4,8246,self,0.05,0,100,
2025-11-27T09:44:15.714133+00:00,train,4,8247,self,0.05,0,98,
2025-11-27T09:44:15.714262+00:00,train,4,8248,self,0.05,0,100,
2025-11-27T09:44:15.714390+00:00,train,4,8249,self,0.05,0,97,
2025-11-27T09:44:15.714518+00:00,train,4,8250,self,0.05,0,98,
2025-11-27T09:44:15.714646+00:00,train,4,8251,self,0.05,0,92,
2025-11-27T09:44:15.714776+00:00,train,4,8252,self,0.05,0,99,
2025-11-27T09:44:15.714908+00:00,train,4,8253,self,0.05,0,87,
2025-11-27T09:44:15.715035+00:00,train,4,8254,self,0.05,0,98,
2025-11-27T09:44:15.715162+00:00,train,4,8255,self,0.05,0,97,
2025-11-27T09:44:15.715341+00:00,train,4,8256,self,0.05,0,100,
2025-11-27T09:44:15.715484+00:00,train,4,8257,self,0.05,0,97,
2025-11-27T09:44:15.715615+00:00,train,4,8258,self,0.05,0,100,
2025-11-27T09:44:15.715743+00:00,train,4,8259,self,0.05,0,96,
2025-11-27T09:44:15.715929+00:00,train,4,8260,self,0.05,0,98,
2025-11-27T09:44:15.716080+00:00,train,4,8261,self,0.05,0,95,
2025-11-27T09:44:15.716220+00:00,train,4,8262,self,0.05,0,99,
2025-11-27T09:44:15.716356+00:00,train,4,8263,self,0.05,0,97,
2025-11-27T09:44:15.716488+00:00,train,4,8264,self,0.05,0,99,
2025-11-27T09:44:15.716619+00:00,train,4,8265,self,0.05,0,79,
2025-11-27T09:44:15.716750+00:00,train,4,8266,self,0.05,0,93,
2025-11-27T09:44:15.716880+00:00,train,4,8267,self,0.05,0,98,
2025-11-27T09:44:15.717008+00:00,train,4,8268,self,0.05,0,99,
2025-11-27T09:44:15.717140+00:00,train,4,8269,self,0.05,0,94,
2025-11-27T09:44:15.717270+00:00,train,4,8270,self,0.05,0,98,
2025-11-27T09:44:15.717399+00:00,train,4,8271,self,0.05,0,92,
2025-11-27T09:44:15.717527+00:00,train,4,8272,self,0.05,0,99,
2025-11-27T09:44:15.717655+00:00,train,4,8273,self,0.05,0,90,
2025-11-27T09:44:15.717782+00:00,train,4,8274,self,0.05,0,98,
2025-11-27T09:44:15.717911+00:00,train,4,8275,self,0.05,0,78,
2025-11-27T09:44:15.718039+00:00,train,4,8276,self,0.05,0,97,
2025-11-27T09:44:15.718167+00:00,train,4,8277,self,0.05,0,88,
2025-11-27T09:44:15.718295+00:00,train,4,8278,self,0.05,0,95,
2025-11-27T09:44:15.718423+00:00,train,4,8279,self,0.05,0,100,
2025-11-27T09:44:15.718551+00:00,train,4,8280,self,0.05,0,100,
2025-11-27T09:44:15.718680+00:00,train,4,8281,self,0.05,0,100,
2025-11-27T09:44:15.718808+00:00,train,4,8282,self,0.05,0,100,
2025-11-27T09:44:15.718936+00:00,train,4,8283,self,0.05,0,99,
2025-11-27T09:44:15.719065+00:00,train,4,8284,self,0.05,0,99,
2025-11-27T09:44:15.719194+00:00,train,4,8285,self,0.05,0,84,
2025-11-27T09:44:15.719321+00:00,train,4,8286,self,0.05,0,99,
2025-11-27T09:44:15.719449+00:00,train,4,8287,self,0.05,0,92,
2025-11-27T09:44:15.719587+00:00,train,4,8288,self,0.05,0,100,
2025-11-27T09:44:15.719712+00:00,train,4,8289,self,0.05,0,95,
2025-11-27T09:44:15.719836+00:00,train,4,8290,self,0.05,0,96,
2025-11-27T09:44:15.719961+00:00,train,4,8291,self,0.05,0,83,
2025-11-27T09:44:15.720085+00:00,train,4,8292,self,0.05,0,94,
2025-11-27T09:44:15.720209+00:00,train,4,8293,self,0.05,0,97,
2025-11-27T09:44:15.720333+00:00,train,4,8294,self,0.05,0,99,
2025-11-27T09:44:15.720458+00:00,train,4,8295,self,0.05,0,86,
2025-11-27T09:44:15.720582+00:00,train,4,8296,self,0.05,0,94,
2025-11-27T09:44:15.720706+00:00,train,4,8297,self,0.05,0,96,
2025-11-27T09:44:15.720831+00:00,train,4,8298,self,0.05,0,99,
2025-11-27T09:44:15.720955+00:00,train,4,8299,self,0.05,0,92,
2025-11-27T09:44:15.721079+00:00,train,4,8300,self,0.05,0,99,
2025-11-27T09:44:15.721203+00:00,train,4,8301,self,0.05,0,77,
2025-11-27T09:44:15.721328+00:00,train,4,8302,self,0.05,0,87,
2025-11-27T09:44:15.721452+00:00,train,4,8303,self,0.05,0,93,
2025-11-27T09:44:15.721576+00:00,train,4,8304,self,0.05,0,100,
2025-11-27T09:44:15.721701+00:00,train,4,8305,self,0.05,0,99,
2025-11-27T09:44:15.721825+00:00,train,4,8306,self,0.05,0,99,
2025-11-27T09:44:15.721949+00:00,train,4,8307,self,0.05,0,96,
2025-11-27T09:44:15.722073+00:00,train,4,8308,self,0.05,0,100,
2025-11-27T09:44:15.722200+00:00,train,4,8309,self,0.05,0,96,
2025-11-27T09:44:15.722328+00:00,train,4,8310,self,0.05,0,99,
2025-11-27T09:44:15.722455+00:00,train,4,8311,self,0.05,0,96,
2025-11-27T09:44:15.722581+00:00,train,4,8312,self,0.05,0,97,
2025-11-27T09:44:15.722709+00:00,train,4,8313,self,0.05,0,96,
2025-11-27T09:44:15.722836+00:00,train,4,8314,self,0.05,0,99,
2025-11-27T09:44:15.722963+00:00,train,4,8315,self,0.05,0,94,
2025-11-27T09:44:15.723089+00:00,train,4,8316,self,0.05,0,96,
2025-11-27T09:44:15.723215+00:00,train,4,8317,self,0.05,0,94,
2025-11-27T09:44:15.723341+00:00,train,4,8318,self,0.05,0,98,
2025-11-27T09:44:15.723468+00:00,train,4,8319,self,0.05,0,90,
2025-11-27T09:44:15.723595+00:00,train,4,8320,self,0.05,0,100,
2025-11-27T09:44:15.723721+00:00,train,4,8321,self,0.05,0,90,
2025-11-27T09:44:15.723847+00:00,train,4,8322,self,0.05,0,93,
2025-11-27T09:44:15.723974+00:00,train,4,8323,self,0.05,0,98,
2025-11-27T09:44:15.724100+00:00,train,4,8324,self,0.05,0,100,
2025-11-27T09:44:15.724227+00:00,train,4,8325,self,0.05,0,90,
2025-11-27T09:44:15.724354+00:00,train,4,8326,self,0.05,0,99,
2025-11-27T09:44:15.724481+00:00,train,4,8327,self,0.05,0,99,
2025-11-27T09:44:15.724608+00:00,train,4,8328,self,0.05,0,100,
2025-11-27T09:44:15.724735+00:00,train,4,8329,self,0.05,0,94,
2025-11-27T09:44:15.724861+00:00,train,4,8330,self,0.05,0,99,
2025-11-27T09:44:15.724987+00:00,train,4,8331,self,0.05,0,98,
2025-11-27T09:44:15.725113+00:00,train,4,8332,self,0.05,0,100,
2025-11-27T09:44:15.725239+00:00,train,4,8333,self,0.05,0,94,
2025-11-27T09:44:15.725366+00:00,train,4,8334,self,0.05,0,99,
2025-11-27T09:44:15.725492+00:00,train,4,8335,self,0.05,0,81,
2025-11-27T09:44:15.725618+00:00,train,4,8336,self,0.05,0,100,
2025-11-27T09:44:15.725746+00:00,train,4,8337,self,0.05,0,95,
2025-11-27T09:44:15.725876+00:00,train,4,8338,self,0.05,0,97,
2025-11-27T09:44:15.726007+00:00,train,4,8339,self,0.05,0,91,
2025-11-27T09:44:15.726135+00:00,train,4,8340,self,0.05,0,99,
2025-11-27T09:44:15.726262+00:00,train,4,8341,self,0.05,0,95,
2025-11-27T09:44:15.726388+00:00,train,4,8342,self,0.05,0,99,
2025-11-27T09:44:15.726514+00:00,train,4,8343,self,0.05,0,100,
2025-11-27T09:44:15.726640+00:00,train,4,8344,self,0.05,0,100,
2025-11-27T09:44:15.726766+00:00,train,4,8345,self,0.05,0,92,
2025-11-27T09:44:15.726892+00:00,train,4,8346,self,0.05,0,100,
2025-11-27T09:44:15.727018+00:00,train,4,8347,self,0.05,0,89,
2025-11-27T09:44:15.727146+00:00,train,4,8348,self,0.05,0,93,
2025-11-27T09:44:15.727273+00:00,train,4,8349,self,0.05,0,92,
2025-11-27T09:44:15.727450+00:00,train,4,8350,self,0.05,0,98,
2025-11-27T09:44:15.727593+00:00,train,4,8351,self,0.05,0,93,
2025-11-27T09:44:15.727726+00:00,train,4,8352,self,0.05,0,99,
2025-11-27T09:44:15.727853+00:00,train,4,8353,self,0.05,0,98,
2025-11-27T09:44:15.728034+00:00,train,4,8354,self,0.05,0,100,
2025-11-27T09:44:15.728182+00:00,train,4,8355,self,0.05,0,98,
2025-11-27T09:44:15.728320+00:00,train,4,8356,self,0.05,0,99,
2025-11-27T09:44:15.728453+00:00,train,4,8357,self,0.05,0,91,
2025-11-27T09:44:15.728595+00:00,train,4,8358,self,0.05,0,99,
2025-11-27T09:44:15.728719+00:00,train,4,8359,self,0.05,0,90,
2025-11-27T09:44:15.728843+00:00,train,4,8360,self,0.05,0,93,
2025-11-27T09:44:15.728967+00:00,train,4,8361,self,0.05,0,87,
2025-11-27T09:44:15.729090+00:00,train,4,8362,self,0.05,0,88,
2025-11-27T09:44:15.729213+00:00,train,4,8363,self,0.05,0,99,
2025-11-27T09:44:15.729335+00:00,train,4,8364,self,0.05,0,100,
2025-11-27T09:44:15.729457+00:00,train,4,8365,self,0.05,0,91,
2025-11-27T09:44:15.729592+00:00,train,4,8366,self,0.05,0,92,
2025-11-27T09:44:15.729711+00:00,train,4,8367,self,0.05,0,84,
2025-11-27T09:44:15.729830+00:00,train,4,8368,self,0.05,0,97,
2025-11-27T09:44:15.729950+00:00,train,4,8369,self,0.05,0,98,
2025-11-27T09:44:15.730111+00:00,train,4,8370,self,0.05,0,98,
2025-11-27T09:44:15.730246+00:00,train,4,8371,self,0.05,0,94,
2025-11-27T09:44:15.730381+00:00,train,4,8372,self,0.05,0,99,
2025-11-27T09:44:15.730501+00:00,train,4,8373,self,0.05,0,99,
2025-11-27T09:44:15.730696+00:00,train,4,8374,self,0.05,0,100,
2025-11-27T09:44:15.730836+00:00,train,4,8375,self,0.05,0,98,
2025-11-27T09:44:15.730964+00:00,train,4,8376,self,0.05,0,100,
2025-11-27T09:44:15.731087+00:00,train,4,8377,self,0.05,0,95,
2025-11-27T09:44:15.731206+00:00,train,4,8378,self,0.05,0,99,
2025-11-27T09:44:15.731325+00:00,train,4,8379,self,0.05,0,98,
2025-11-27T09:44:15.731443+00:00,train,4,8380,self,0.05,0,100,
2025-11-27T09:44:15.731573+00:00,train,4,8381,self,0.05,0,98,
2025-11-27T09:44:15.731686+00:00,train,4,8382,self,0.05,0,99,
2025-11-27T09:44:15.731801+00:00,train,4,8383,self,0.05,0,99,
2025-11-27T09:44:15.731913+00:00,train,4,8384,self,0.05,0,100,
2025-11-27T09:44:15.732027+00:00,train,4,8385,self,0.05,0,93,
2025-11-27T09:44:15.732141+00:00,train,4,8386,self,0.05,0,100,
2025-11-27T09:44:15.732254+00:00,train,4,8387,self,0.05,0,94,
2025-11-27T09:44:15.732368+00:00,train,4,8388,self,0.05,0,97,
2025-11-27T09:44:15.732494+00:00,train,4,8389,self,0.05,0,91,
2025-11-27T09:44:15.732601+00:00,train,4,8390,self,0.05,0,97,
2025-11-27T09:44:15.732713+00:00,train,4,8391,self,0.05,0,79,
2025-11-27T09:44:15.732819+00:00,train,4,8392,self,0.05,0,100,
2025-11-27T09:44:15.732932+00:00,train,4,8393,self,0.05,0,99,
2025-11-27T09:44:15.733039+00:00,train,4,8394,self,0.05,0,99,
2025-11-27T09:44:15.733152+00:00,train,4,8395,self,0.05,0,99,
2025-11-27T09:44:15.733259+00:00,train,4,8396,self,0.05,0,99,
2025-11-27T09:44:15.733372+00:00,train,4,8397,self,0.05,0,89,
2025-11-27T09:44:15.733495+00:00,train,4,8398,self,0.05,0,99,
2025-11-27T09:44:15.733603+00:00,train,4,8399,self,0.05,0,88,
2025-11-27T09:44:15.733708+00:00,train,4,8400,self,0.05,0,94,
2025-11-27T09:44:15.733818+00:00,train,4,8401,self,0.05,0,89,
2025-11-27T09:44:15.733923+00:00,train,4,8402,self,0.05,0,97,
2025-11-27T09:44:15.734034+00:00,train,4,8403,self,0.05,0,96,
2025-11-27T09:44:15.734139+00:00,train,4,8404,self,0.05,0,100,
2025-11-27T09:44:15.734249+00:00,train,4,8405,self,0.05,0,93,
2025-11-27T09:44:15.734356+00:00,train,4,8406,self,0.05,0,96,
2025-11-27T09:44:15.734460+00:00,train,4,8407,self,0.05,0,90,
2025-11-27T09:44:15.734582+00:00,train,4,8408,self,0.05,0,100,
2025-11-27T09:44:15.734683+00:00,train,4,8409,self,0.05,0,88,
2025-11-27T09:44:15.734790+00:00,train,4,8410,self,0.05,0,90,
2025-11-27T09:44:15.734891+00:00,train,4,8411,self,0.05,0,90,
2025-11-27T09:44:15.734998+00:00,train,4,8412,self,0.05,0,99,
2025-11-27T09:44:15.735100+00:00,train,4,8413,self,0.05,0,91,
2025-11-27T09:44:15.735206+00:00,train,4,8414,self,0.05,0,96,
2025-11-27T09:44:15.735308+00:00,train,4,8415,self,0.05,0,89,
2025-11-27T09:44:15.735416+00:00,train,4,8416,self,0.05,0,90,
2025-11-27T09:44:15.735518+00:00,train,4,8417,self,0.05,0,90,
2025-11-27T09:44:15.735625+00:00,train,4,8418,self,0.05,0,96,
2025-11-27T09:44:15.735729+00:00,train,4,8419,self,0.05,0,99,
2025-11-27T09:44:15.735830+00:00,train,4,8420,self,0.05,0,99,
2025-11-27T09:44:15.735937+00:00,train,4,8421,self,0.05,0,95,
2025-11-27T09:44:15.736039+00:00,train,4,8422,self,0.05,0,99,
2025-11-27T09:44:15.736236+00:00,train,4,8423,self,0.05,0,90,
2025-11-27T09:44:15.736338+00:00,train,4,8424,self,0.05,0,99,
2025-11-27T09:44:15.736446+00:00,train,4,8425,self,0.05,0,88,
2025-11-27T09:44:15.736547+00:00,train,4,8426,self,0.05,0,96,
2025-11-27T09:44:15.736655+00:00,train,4,8427,self,0.05,0,77,
2025-11-27T09:44:15.736757+00:00,train,4,8428,self,0.05,0,97,
2025-11-27T09:44:15.736866+00:00,train,4,8429,self,0.05,0,88,
2025-11-27T09:44:15.736969+00:00,train,4,8430,self,0.05,0,92,
2025-11-27T09:44:15.737076+00:00,train,4,8431,self,0.05,0,90,
2025-11-27T09:44:15.737187+00:00,train,4,8432,self,0.05,0,97,
2025-11-27T09:44:15.737340+00:00,train,4,8433,self,0.05,0,97,
2025-11-27T09:44:15.737443+00:00,train,4,8434,self,0.05,0,99,
2025-11-27T09:44:15.737551+00:00,train,4,8435,self,0.05,0,77,
2025-11-27T09:44:15.737653+00:00,train,4,8436,self,0.05,0,90,
2025-11-27T09:44:15.737762+00:00,train,4,8437,self,0.05,0,98,
2025-11-27T09:44:15.737867+00:00,train,4,8438,self,0.05,0,100,
2025-11-27T09:44:15.737972+00:00,train,4,8439,self,0.05,0,100,
2025-11-27T09:44:15.738080+00:00,train,4,8440,self,0.05,0,100,
2025-11-27T09:44:15.738182+00:00,train,4,8441,self,0.05,0,91,
2025-11-27T09:44:15.738290+00:00,train,4,8442,self,0.05,0,100,
2025-11-27T09:44:15.738392+00:00,train,4,8443,self,0.05,0,88,
2025-11-27T09:44:15.738499+00:00,train,4,8444,self,0.05,0,98,
2025-11-27T09:44:15.738602+00:00,train,4,8445,self,0.05,0,94,
2025-11-27T09:44:15.738709+00:00,train,4,8446,self,0.05,0,94,
2025-11-27T09:44:15.738811+00:00,train,4,8447,self,0.05,0,98,
2025-11-27T09:44:15.738919+00:00,train,4,8448,self,0.05,0,99,
2025-11-27T09:44:15.739024+00:00,train,4,8449,self,0.05,0,95,
2025-11-27T09:44:15.739126+00:00,train,4,8450,self,0.05,0,99,
2025-11-27T09:44:15.739233+00:00,train,4,8451,self,0.05,0,96,
2025-11-27T09:44:15.739335+00:00,train,4,8452,self,0.05,0,98,
2025-11-27T09:44:15.739442+00:00,train,4,8453,self,0.05,0,95,
2025-11-27T09:44:15.739543+00:00,train,4,8454,self,0.05,0,98,
2025-11-27T09:44:15.739651+00:00,train,4,8455,self,0.05,0,98,
2025-11-27T09:44:15.739753+00:00,train,4,8456,self,0.05,0,99,
2025-11-27T09:44:15.739860+00:00,train,4,8457,self,0.05,0,94,
2025-11-27T09:44:15.739962+00:00,train,4,8458,self,0.05,0,100,
2025-11-27T09:44:15.740070+00:00,train,4,8459,self,0.05,0,97,
2025-11-27T09:44:15.740174+00:00,train,4,8460,self,0.05,0,100,
2025-11-27T09:44:15.740276+00:00,train,4,8461,self,0.05,0,92,
2025-11-27T09:44:15.740384+00:00,train,4,8462,self,0.05,0,97,
2025-11-27T09:44:15.740487+00:00,train,4,8463,self,0.05,0,95,
2025-11-27T09:44:15.740709+00:00,train,4,8464,self,0.05,0,100,
2025-11-27T09:44:15.740829+00:00,train,4,8465,self,0.05,0,94,
2025-11-27T09:44:15.741031+00:00,train,4,8466,self,0.05,0,97,
2025-11-27T09:44:15.741159+00:00,train,4,8467,self,0.05,0,96,
2025-11-27T09:44:15.741264+00:00,train,4,8468,self,0.05,0,99,
2025-11-27T09:44:15.741397+00:00,train,4,8469,self,0.05,0,91,
2025-11-27T09:44:15.741500+00:00,train,4,8470,self,0.05,0,100,
2025-11-27T09:44:15.741634+00:00,train,4,8471,self,0.05,0,88,
2025-11-27T09:44:15.741736+00:00,train,4,8472,self,0.05,0,97,
2025-11-27T09:44:15.741859+00:00,train,4,8473,self,0.05,0,96,
2025-11-27T09:44:15.741960+00:00,train,4,8474,self,0.05,0,100,
2025-11-27T09:44:15.742086+00:00,train,4,8475,self,0.05,0,98,
2025-11-27T09:44:15.742187+00:00,train,4,8476,self,0.05,0,100,
2025-11-27T09:44:15.742287+00:00,train,4,8477,self,0.05,0,93,
2025-11-27T09:44:15.742412+00:00,train,4,8478,self,0.05,0,96,
2025-11-27T09:44:15.742515+00:00,train,4,8479,self,0.05,0,85,
2025-11-27T09:44:15.742616+00:00,train,4,8480,self,0.05,0,99,
2025-11-27T09:44:15.742717+00:00,train,4,8481,self,0.05,0,79,
2025-11-27T09:44:15.742818+00:00,train,4,8482,self,0.05,0,99,
2025-11-27T09:44:15.742918+00:00,train,4,8483,self,0.05,0,91,
2025-11-27T09:44:15.743019+00:00,train,4,8484,self,0.05,0,95,
2025-11-27T09:44:15.743119+00:00,train,4,8485,self,0.05,0,95,
2025-11-27T09:44:15.743221+00:00,train,4,8486,self,0.05,0,100,
2025-11-27T09:44:15.743322+00:00,train,4,8487,self,0.05,0,89,
2025-11-27T09:44:15.743422+00:00,train,4,8488,self,0.05,0,98,
2025-11-27T09:44:15.743522+00:00,train,4,8489,self,0.05,0,89,
2025-11-27T09:44:15.743622+00:00,train,4,8490,self,0.05,0,96,
2025-11-27T09:44:15.743722+00:00,train,4,8491,self,0.05,0,98,
2025-11-27T09:44:15.743825+00:00,train,4,8492,self,0.05,0,100,
2025-11-27T09:44:15.743926+00:00,train,4,8493,self,0.05,0,90,
2025-11-27T09:44:15.744026+00:00,train,4,8494,self,0.05,0,100,
2025-11-27T09:44:15.744125+00:00,train,4,8495,self,0.05,0,93,
2025-11-27T09:44:15.744225+00:00,train,4,8496,self,0.05,0,97,
2025-11-27T09:44:15.744325+00:00,train,4,8497,self,0.05,0,94,
2025-11-27T09:44:15.744425+00:00,train,4,8498,self,0.05,0,100,
2025-11-27T09:44:15.744525+00:00,train,4,8499,self,0.05,0,99,
2025-11-27T09:44:15.744626+00:00,train,4,8500,self,0.05,0,99,
2025-11-27T09:44:15.744725+00:00,train,4,8501,self,0.05,0,81,
2025-11-27T09:44:15.744825+00:00,train,4,8502,self,0.05,0,99,
2025-11-27T09:44:15.744925+00:00,train,4,8503,self,0.05,0,96,
2025-11-27T09:44:15.745028+00:00,train,4,8504,self,0.05,0,100,
2025-11-27T09:44:15.745128+00:00,train,4,8505,self,0.05,0,98,
2025-11-27T09:44:15.745313+00:00,train,4,8506,self,0.05,0,99,
2025-11-27T09:44:15.745434+00:00,train,4,8507,self,0.05,0,95,
2025-11-27T09:44:15.745542+00:00,train,4,8508,self,0.05,0,100,
2025-11-27T09:44:15.745646+00:00,train,4,8509,self,0.05,0,99,
2025-11-27T09:44:15.745858+00:00,train,4,8510,self,0.05,0,100,
2025-11-27T09:44:15.745989+00:00,train,4,8511,self,0.05,0,83,
2025-11-27T09:44:15.746101+00:00,train,4,8512,self,0.05,0,100,
2025-11-27T09:44:15.746208+00:00,train,4,8513,self,0.05,0,84,
2025-11-27T09:44:15.746312+00:00,train,4,8514,self,0.05,0,100,
2025-11-27T09:44:15.746414+00:00,train,4,8515,self,0.05,0,81,
2025-11-27T09:44:15.746515+00:00,train,4,8516,self,0.05,0,96,
2025-11-27T09:44:15.746616+00:00,train,4,8517,self,0.05,0,99,
2025-11-27T09:44:15.746716+00:00,train,4,8518,self,0.05,0,100,
2025-11-27T09:44:15.746816+00:00,train,4,8519,self,0.05,0,96,
2025-11-27T09:44:15.746915+00:00,train,4,8520,self,0.05,0,98,
2025-11-27T09:44:15.747102+00:00,train,4,8521,self,0.05,0,88,
2025-11-27T09:44:15.747236+00:00,train,4,8522,self,0.05,0,99,
2025-11-27T09:44:15.747352+00:00,train,4,8523,self,0.05,0,96,
2025-11-27T09:44:15.747461+00:00,train,4,8524,self,0.05,0,100,
2025-11-27T09:44:15.747567+00:00,train,4,8525,self,0.05,0,80,
2025-11-27T09:44:15.747671+00:00,train,4,8526,self,0.05,0,98,
2025-11-27T09:44:15.747775+00:00,train,4,8527,self,0.05,0,82,
2025-11-27T09:44:15.747876+00:00,train,4,8528,self,0.05,0,90,
2025-11-27T09:44:15.747977+00:00,train,4,8529,self,0.05,0,96,
2025-11-27T09:44:15.748078+00:00,train,4,8530,self,0.05,0,100,
2025-11-27T09:44:15.748179+00:00,train,4,8531,self,0.05,0,87,
2025-11-27T09:44:15.748279+00:00,train,4,8532,self,0.05,0,96,
2025-11-27T09:44:15.748381+00:00,train,4,8533,self,0.05,0,94,
2025-11-27T09:44:15.748500+00:00,train,4,8534,self,0.05,0,98,
2025-11-27T09:44:15.748602+00:00,train,4,8535,self,0.05,0,89,
2025-11-27T09:44:15.748703+00:00,train,4,8536,self,0.05,0,96,
2025-11-27T09:44:15.748803+00:00,train,4,8537,self,0.05,0,97,
2025-11-27T09:44:15.748904+00:00,train,4,8538,self,0.05,0,98,
2025-11-27T09:44:15.749004+00:00,train,4,8539,self,0.05,0,92,
2025-11-27T09:44:15.749104+00:00,train,4,8540,self,0.05,0,100,
2025-11-27T09:44:15.749204+00:00,train,4,8541,self,0.05,0,93,
2025-11-27T09:44:15.749304+00:00,train,4,8542,self,0.05,0,100,
2025-11-27T09:44:15.749404+00:00,train,4,8543,self,0.05,0,97,
2025-11-27T09:44:15.749504+00:00,train,4,8544,self,0.05,0,98,
2025-11-27T09:44:15.749604+00:00,train,4,8545,self,0.05,0,87,
2025-11-27T09:44:15.749704+00:00,train,4,8546,self,0.05,0,100,
2025-11-27T09:44:15.749804+00:00,train,4,8547,self,0.05,0,90,
2025-11-27T09:44:15.749905+00:00,train,4,8548,self,0.05,0,98,
2025-11-27T09:44:15.750005+00:00,train,4,8549,self,0.05,0,87,
2025-11-27T09:44:15.750105+00:00,train,4,8550,self,0.05,0,95,
2025-11-27T09:44:15.750205+00:00,train,4,8551,self,0.05,0,96,
2025-11-27T09:44:15.750305+00:00,train,4,8552,self,0.05,0,100,
2025-11-27T09:44:15.750406+00:00,train,4,8553,self,0.05,0,93,
2025-11-27T09:44:15.750505+00:00,train,4,8554,self,0.05,0,100,
2025-11-27T09:44:15.750605+00:00,train,4,8555,self,0.05,0,94,
2025-11-27T09:44:15.750705+00:00,train,4,8556,self,0.05,0,99,
2025-11-27T09:44:15.750805+00:00,train,4,8557,self,0.05,0,82,
2025-11-27T09:44:15.750905+00:00,train,4,8558,self,0.05,0,90,
2025-11-27T09:44:15.751006+00:00,train,4,8559,self,0.05,0,97,
2025-11-27T09:44:15.751106+00:00,train,4,8560,self,0.05,0,100,
2025-11-27T09:44:15.751205+00:00,train,4,8561,self,0.05,0,95,
2025-11-27T09:44:15.751305+00:00,train,4,8562,self,0.05,0,96,
2025-11-27T09:44:15.751404+00:00,train,4,8563,self,0.05,0,96,
2025-11-27T09:44:15.751504+00:00,train,4,8564,self,0.05,0,99,
2025-11-27T09:44:15.751604+00:00,train,4,8565,self,0.05,0,94,
2025-11-27T09:44:15.751704+00:00,train,4,8566,self,0.05,0,100,
2025-11-27T09:44:15.751804+00:00,train,4,8567,self,0.05,0,97,
2025-11-27T09:44:15.751903+00:00,train,4,8568,self,0.05,0,100,
2025-11-27T09:44:15.752005+00:00,train,4,8569,self,0.05,0,96,
2025-11-27T09:44:15.752105+00:00,train,4,8570,self,0.05,0,100,
2025-11-27T09:44:15.752205+00:00,train,4,8571,self,0.05,0,98,
2025-11-27T09:44:15.752305+00:00,train,4,8572,self,0.05,0,99,
2025-11-27T09:44:15.752404+00:00,train,4,8573,self,0.05,0,93,
2025-11-27T09:44:15.752504+00:00,train,4,8574,self,0.05,0,93,
2025-11-27T09:44:15.752605+00:00,train,4,8575,self,0.05,0,97,
2025-11-27T09:44:15.752704+00:00,train,4,8576,self,0.05,0,99,
2025-11-27T09:44:15.752804+00:00,train,4,8577,self,0.05,0,88,
2025-11-27T09:44:15.752904+00:00,train,4,8578,self,0.05,0,96,
2025-11-27T09:44:15.753004+00:00,train,4,8579,self,0.05,0,84,
2025-11-27T09:44:15.753104+00:00,train,4,8580,self,0.05,0,98,
2025-11-27T09:44:15.753203+00:00,train,4,8581,self,0.05,0,98,
2025-11-27T09:44:15.753303+00:00,train,4,8582,self,0.05,0,100,
2025-11-27T09:44:15.753403+00:00,train,4,8583,self,0.05,0,84,
2025-11-27T09:44:15.753503+00:00,train,4,8584,self,0.05,0,97,
2025-11-27T09:44:15.753603+00:00,train,4,8585,self,0.05,0,94,
2025-11-27T09:44:15.753703+00:00,train,4,8586,self,0.05,0,98,
2025-11-27T09:44:15.753802+00:00,train,4,8587,self,0.05,0,85,
2025-11-27T09:44:15.753902+00:00,train,4,8588,self,0.05,0,100,
2025-11-27T09:44:15.754001+00:00,train,4,8589,self,0.05,0,86,
2025-11-27T09:44:15.754101+00:00,train,4,8590,self,0.05,0,97,
2025-11-27T09:44:15.754201+00:00,train,4,8591,self,0.05,0,89,
2025-11-27T09:44:15.754301+00:00,train,4,8592,self,0.05,0,100,
2025-11-27T09:44:15.754402+00:00,train,4,8593,self,0.05,0,86,
2025-11-27T09:44:15.754502+00:00,train,4,8594,self,0.05,0,99,
2025-11-27T09:44:15.754602+00:00,train,4,8595,self,0.05,0,95,
2025-11-27T09:44:15.754701+00:00,train,4,8596,self,0.05,0,100,
2025-11-27T09:44:15.754801+00:00,train,4,8597,self,0.05,0,97,
2025-11-27T09:44:15.754901+00:00,train,4,8598,self,0.05,0,99,
2025-11-27T09:44:15.755001+00:00,train,4,8599,self,0.05,0,97,
2025-11-27T09:44:15.755101+00:00,train,4,8600,self,0.05,0,100,
2025-11-27T09:44:15.757281+00:00,train,4,8601,self,0.05,0,88,
2025-11-27T09:44:15.757407+00:00,train,4,8602,self,0.05,0,98,
2025-11-27T09:44:15.757510+00:00,train,4,8603,self,0.05,0,93,
2025-11-27T09:44:15.757611+00:00,train,4,8604,self,0.05,0,94,
2025-11-27T09:44:15.757712+00:00,train,4,8605,self,0.05,0,79,
2025-11-27T09:44:15.757844+00:00,train,4,8606,self,0.05,0,100,
2025-11-27T09:44:15.758001+00:00,train,4,8607,self,0.05,0,92,
2025-11-27T09:44:15.758103+00:00,train,4,8608,self,0.05,0,95,
2025-11-27T09:44:15.758204+00:00,train,4,8609,self,0.05,0,93,
2025-11-27T09:44:15.758304+00:00,train,4,8610,self,0.05,0,99,
2025-11-27T09:44:15.758405+00:00,train,4,8611,self,0.05,0,94,
2025-11-27T09:44:15.758523+00:00,train,4,8612,self,0.05,0,97,
2025-11-27T09:44:15.758626+00:00,train,4,8613,self,0.05,0,100,
2025-11-27T09:44:15.758728+00:00,train,4,8614,self,0.05,0,100,
2025-11-27T09:44:15.758831+00:00,train,4,8615,self,0.05,0,97,
2025-11-27T09:44:15.758935+00:00,train,4,8616,self,0.05,0,100,
2025-11-27T09:44:15.759038+00:00,train,4,8617,self,0.05,0,97,
2025-11-27T09:44:15.759160+00:00,train,4,8618,self,0.05,0,100,
2025-11-27T09:44:15.759264+00:00,train,4,8619,self,0.05,0,94,
2025-11-27T09:44:15.759369+00:00,train,4,8620,self,0.05,0,99,
2025-11-27T09:44:15.759486+00:00,train,4,8621,self,0.05,0,94,
2025-11-27T09:44:15.759592+00:00,train,4,8622,self,0.05,0,100,
2025-11-27T09:44:15.759697+00:00,train,4,8623,self,0.05,0,89,
2025-11-27T09:44:15.759803+00:00,train,4,8624,self,0.05,0,99,
2025-11-27T09:44:15.759908+00:00,train,4,8625,self,0.05,0,97,
2025-11-27T09:44:15.760014+00:00,train,4,8626,self,0.05,0,98,
2025-11-27T09:44:15.760119+00:00,train,4,8627,self,0.05,0,94,
2025-11-27T09:44:15.760224+00:00,train,4,8628,self,0.05,0,97,
2025-11-27T09:44:15.760329+00:00,train,4,8629,self,0.05,0,96,
2025-11-27T09:44:15.760435+00:00,train,4,8630,self,0.05,0,99,
2025-11-27T09:44:15.760555+00:00,train,4,8631,self,0.05,0,91,
2025-11-27T09:44:15.760663+00:00,train,4,8632,self,0.05,0,97,
2025-11-27T09:44:15.760774+00:00,train,4,8633,self,0.05,0,97,
2025-11-27T09:44:15.760882+00:00,train,4,8634,self,0.05,0,100,
2025-11-27T09:44:15.760990+00:00,train,4,8635,self,0.05,0,98,
2025-11-27T09:44:15.761098+00:00,train,4,8636,self,0.05,0,99,
2025-11-27T09:44:15.761206+00:00,train,4,8637,self,0.05,0,96,
2025-11-27T09:44:15.761314+00:00,train,4,8638,self,0.05,0,100,
2025-11-27T09:44:15.761422+00:00,train,4,8639,self,0.05,0,91,
2025-11-27T09:44:15.761544+00:00,train,4,8640,self,0.05,0,99,
2025-11-27T09:44:15.761655+00:00,train,4,8641,self,0.05,0,96,
2025-11-27T09:44:15.761766+00:00,train,4,8642,self,0.05,0,100,
2025-11-27T09:44:15.761877+00:00,train,4,8643,self,0.05,0,97,
2025-11-27T09:44:15.761988+00:00,train,4,8644,self,0.05,0,100,
2025-11-27T09:44:15.762099+00:00,train,4,8645,self,0.05,0,92,
2025-11-27T09:44:15.762210+00:00,train,4,8646,self,0.05,0,96,
2025-11-27T09:44:15.762320+00:00,train,4,8647,self,0.05,0,100,
2025-11-27T09:44:15.762431+00:00,train,4,8648,self,0.05,0,100,
2025-11-27T09:44:15.762560+00:00,train,4,8649,self,0.05,0,97,
2025-11-27T09:44:15.762674+00:00,train,4,8650,self,0.05,0,99,
2025-11-27T09:44:15.762788+00:00,train,4,8651,self,0.05,0,88,
2025-11-27T09:44:15.762902+00:00,train,4,8652,self,0.05,0,100,
2025-11-27T09:44:15.763016+00:00,train,4,8653,self,0.05,0,98,
2025-11-27T09:44:15.763130+00:00,train,4,8654,self,0.05,0,99,
2025-11-27T09:44:15.763243+00:00,train,4,8655,self,0.05,0,89,
2025-11-27T09:44:15.763357+00:00,train,4,8656,self,0.05,0,96,
2025-11-27T09:44:15.763471+00:00,train,4,8657,self,0.05,0,97,
2025-11-27T09:44:15.763600+00:00,train,4,8658,self,0.05,0,98,
2025-11-27T09:44:15.763718+00:00,train,4,8659,self,0.05,0,99,
2025-11-27T09:44:15.763835+00:00,train,4,8660,self,0.05,0,100,
2025-11-27T09:44:15.763952+00:00,train,4,8661,self,0.05,0,99,
2025-11-27T09:44:15.764069+00:00,train,4,8662,self,0.05,0,99,
2025-11-27T09:44:15.764186+00:00,train,4,8663,self,0.05,0,97,
2025-11-27T09:44:15.764304+00:00,train,4,8664,self,0.05,0,100,
2025-11-27T09:44:15.764422+00:00,train,4,8665,self,0.05,0,98,
2025-11-27T09:44:15.764555+00:00,train,4,8666,self,0.05,0,99,
2025-11-27T09:44:15.764676+00:00,train,4,8667,self,0.05,0,84,
2025-11-27T09:44:15.764799+00:00,train,4,8668,self,0.05,0,98,
2025-11-27T09:44:15.764920+00:00,train,4,8669,self,0.05,0,83,
2025-11-27T09:44:15.765042+00:00,train,4,8670,self,0.05,0,99,
2025-11-27T09:44:15.765163+00:00,train,4,8671,self,0.05,0,84,
2025-11-27T09:44:15.765287+00:00,train,4,8672,self,0.05,0,93,
2025-11-27T09:44:15.765408+00:00,train,4,8673,self,0.05,0,88,
2025-11-27T09:44:15.765530+00:00,train,4,8674,self,0.05,0,97,
2025-11-27T09:44:15.765652+00:00,train,4,8675,self,0.05,0,98,
2025-11-27T09:44:15.765773+00:00,train,4,8676,self,0.05,0,100,
2025-11-27T09:44:15.765894+00:00,train,4,8677,self,0.05,0,97,
2025-11-27T09:44:15.766015+00:00,train,4,8678,self,0.05,0,98,
2025-11-27T09:44:15.766136+00:00,train,4,8679,self,0.05,0,96,
2025-11-27T09:44:15.766257+00:00,train,4,8680,self,0.05,0,100,
2025-11-27T09:44:15.766379+00:00,train,4,8681,self,0.05,0,99,
2025-11-27T09:44:15.766500+00:00,train,4,8682,self,0.05,0,100,
2025-11-27T09:44:15.766621+00:00,train,4,8683,self,0.05,0,100,
2025-11-27T09:44:15.766743+00:00,train,4,8684,self,0.05,0,100,
2025-11-27T09:44:15.766864+00:00,train,4,8685,self,0.05,0,84,
2025-11-27T09:44:15.766986+00:00,train,4,8686,self,0.05,0,94,
2025-11-27T09:44:15.767106+00:00,train,4,8687,self,0.05,0,99,
2025-11-27T09:44:15.767227+00:00,train,4,8688,self,0.05,0,100,
2025-11-27T09:44:15.767358+00:00,train,4,8689,self,0.05,0,95,
2025-11-27T09:44:15.767713+00:00,train,4,8690,self,0.05,0,96,
2025-11-27T09:44:15.767853+00:00,train,4,8691,self,0.05,0,85,
2025-11-27T09:44:15.767991+00:00,train,4,8692,self,0.05,0,92,
2025-11-27T09:44:15.768296+00:00,train,4,8693,self,0.05,0,86,
2025-11-27T09:44:15.768531+00:00,train,4,8694,self,0.05,0,92,
2025-11-27T09:44:15.768655+00:00,train,4,8695,self,0.05,0,91,
2025-11-27T09:44:15.768777+00:00,train,4,8696,self,0.05,0,95,
2025-11-27T09:44:15.768904+00:00,train,4,8697,self,0.05,0,90,
2025-11-27T09:44:15.769033+00:00,train,4,8698,self,0.05,0,96,
2025-11-27T09:44:15.769158+00:00,train,4,8699,self,0.05,0,98,
2025-11-27T09:44:15.769279+00:00,train,4,8700,self,0.05,0,100,
2025-11-27T09:44:15.769464+00:00,train,4,8701,self,0.05,0,92,
2025-11-27T09:44:15.769587+00:00,train,4,8702,self,0.05,0,98,
2025-11-27T09:44:15.769712+00:00,train,4,8703,self,0.05,0,93,
2025-11-27T09:44:15.769891+00:00,train,4,8704,self,0.05,0,99,
2025-11-27T09:44:15.770036+00:00,train,4,8705,self,0.05,0,96,
2025-11-27T09:44:15.770168+00:00,train,4,8706,self,0.05,0,99,
2025-11-27T09:44:15.770296+00:00,train,4,8707,self,0.05,0,94,
2025-11-27T09:44:15.770420+00:00,train,4,8708,self,0.05,0,98,
2025-11-27T09:44:15.770544+00:00,train,4,8709,self,0.05,0,98,
2025-11-27T09:44:15.770667+00:00,train,4,8710,self,0.05,0,98,
2025-11-27T09:44:15.770788+00:00,train,4,8711,self,0.05,0,99,
2025-11-27T09:44:15.770910+00:00,train,4,8712,self,0.05,0,100,
2025-11-27T09:44:15.771032+00:00,train,4,8713,self,0.05,0,90,
2025-11-27T09:44:15.771153+00:00,train,4,8714,self,0.05,0,90,
2025-11-27T09:44:15.771274+00:00,train,4,8715,self,0.05,0,91,
2025-11-27T09:44:15.771396+00:00,train,4,8716,self,0.05,0,93,
2025-11-27T09:44:15.771517+00:00,train,4,8717,self,0.05,0,99,
2025-11-27T09:44:15.771638+00:00,train,4,8718,self,0.05,0,100,
2025-11-27T09:44:15.771759+00:00,train,4,8719,self,0.05,0,96,
2025-11-27T09:44:15.771880+00:00,train,4,8720,self,0.05,0,99,
2025-11-27T09:44:15.772000+00:00,train,4,8721,self,0.05,0,92,
2025-11-27T09:44:15.772121+00:00,train,4,8722,self,0.05,0,100,
2025-11-27T09:44:15.772241+00:00,train,4,8723,self,0.05,0,94,
2025-11-27T09:44:15.772363+00:00,train,4,8724,self,0.05,0,99,
2025-11-27T09:44:15.772483+00:00,train,4,8725,self,0.05,0,91,
2025-11-27T09:44:15.772603+00:00,train,4,8726,self,0.05,0,92,
2025-11-27T09:44:15.772723+00:00,train,4,8727,self,0.05,0,87,
2025-11-27T09:44:15.772843+00:00,train,4,8728,self,0.05,0,99,
2025-11-27T09:44:15.772963+00:00,train,4,8729,self,0.05,0,98,
2025-11-27T09:44:15.773084+00:00,train,4,8730,self,0.05,0,99,
2025-11-27T09:44:15.773204+00:00,train,4,8731,self,0.05,0,98,
2025-11-27T09:44:15.773324+00:00,train,4,8732,self,0.05,0,98,
2025-11-27T09:44:15.773445+00:00,train,4,8733,self,0.05,0,97,
2025-11-27T09:44:15.773565+00:00,train,4,8734,self,0.05,0,100,
2025-11-27T09:44:15.773685+00:00,train,4,8735,self,0.05,0,99,
2025-11-27T09:44:15.773806+00:00,train,4,8736,self,0.05,0,100,
2025-11-27T09:44:15.773926+00:00,train,4,8737,self,0.05,0,92,
2025-11-27T09:44:15.774046+00:00,train,4,8738,self,0.05,0,99,
2025-11-27T09:44:15.774167+00:00,train,4,8739,self,0.05,0,89,
2025-11-27T09:44:15.774287+00:00,train,4,8740,self,0.05,0,100,
2025-11-27T09:44:15.774408+00:00,train,4,8741,self,0.05,0,97,
2025-11-27T09:44:15.774528+00:00,train,4,8742,self,0.05,0,99,
2025-11-27T09:44:15.774655+00:00,train,4,8743,self,0.05,0,91,
2025-11-27T09:44:15.774776+00:00,train,4,8744,self,0.05,0,100,
2025-11-27T09:44:15.774897+00:00,train,4,8745,self,0.05,0,99,
2025-11-27T09:44:15.775018+00:00,train,4,8746,self,0.05,0,100,
2025-11-27T09:44:15.775139+00:00,train,4,8747,self,0.05,0,99,
2025-11-27T09:44:15.775260+00:00,train,4,8748,self,0.05,0,99,
2025-11-27T09:44:15.775380+00:00,train,4,8749,self,0.05,0,97,
2025-11-27T09:44:15.775514+00:00,train,4,8750,self,0.05,0,100,
2025-11-27T09:44:15.775632+00:00,train,4,8751,self,0.05,0,97,
2025-11-27T09:44:15.775750+00:00,train,4,8752,self,0.05,0,99,
2025-11-27T09:44:15.775867+00:00,train,4,8753,self,0.05,0,95,
2025-11-27T09:44:15.775986+00:00,train,4,8754,self,0.05,0,99,
2025-11-27T09:44:15.776103+00:00,train,4,8755,self,0.05,0,92,
2025-11-27T09:44:15.776221+00:00,train,4,8756,self,0.05,0,100,
2025-11-27T09:44:15.776338+00:00,train,4,8757,self,0.05,0,90,
2025-11-27T09:44:15.776456+00:00,train,4,8758,self,0.05,0,98,
2025-11-27T09:44:15.776586+00:00,train,4,8759,self,0.05,0,98,
2025-11-27T09:44:15.776700+00:00,train,4,8760,self,0.05,0,99,
2025-11-27T09:44:15.776815+00:00,train,4,8761,self,0.05,0,100,
2025-11-27T09:44:15.776929+00:00,train,4,8762,self,0.05,0,100,
2025-11-27T09:44:15.777046+00:00,train,4,8763,self,0.05,0,95,
2025-11-27T09:44:15.777160+00:00,train,4,8764,self,0.05,0,98,
2025-11-27T09:44:15.777274+00:00,train,4,8765,self,0.05,0,94,
2025-11-27T09:44:15.777389+00:00,train,4,8766,self,0.05,0,96,
2025-11-27T09:44:15.777516+00:00,train,4,8767,self,0.05,0,96,
2025-11-27T09:44:15.777627+00:00,train,4,8768,self,0.05,0,100,
2025-11-27T09:44:15.777738+00:00,train,4,8769,self,0.05,0,98,
2025-11-27T09:44:15.777850+00:00,train,4,8770,self,0.05,0,98,
2025-11-27T09:44:15.777961+00:00,train,4,8771,self,0.05,0,91,
2025-11-27T09:44:15.778073+00:00,train,4,8772,self,0.05,0,94,
2025-11-27T09:44:15.778184+00:00,train,4,8773,self,0.05,0,92,
2025-11-27T09:44:15.778294+00:00,train,4,8774,self,0.05,0,93,
2025-11-27T09:44:15.778405+00:00,train,4,8775,self,0.05,0,95,
2025-11-27T09:44:15.778521+00:00,train,4,8776,self,0.05,0,100,
2025-11-27T09:44:15.778647+00:00,train,4,8777,self,0.05,0,96,
2025-11-27T09:44:15.778756+00:00,train,4,8778,self,0.05,0,98,
2025-11-27T09:44:15.778863+00:00,train,4,8779,self,0.05,0,97,
2025-11-27T09:44:15.778971+00:00,train,4,8780,self,0.05,0,98,
2025-11-27T09:44:15.779079+00:00,train,4,8781,self,0.05,0,100,
2025-11-27T09:44:15.779187+00:00,train,4,8782,self,0.05,0,100,
2025-11-27T09:44:15.779295+00:00,train,4,8783,self,0.05,0,87,
2025-11-27T09:44:15.779402+00:00,train,4,8784,self,0.05,0,96,
2025-11-27T09:44:15.779523+00:00,train,4,8785,self,0.05,0,99,
2025-11-27T09:44:15.779629+00:00,train,4,8786,self,0.05,0,99,
2025-11-27T09:44:15.779755+00:00,train,4,8787,self,0.05,0,96,
2025-11-27T09:44:15.779862+00:00,train,4,8788,self,0.05,0,97,
2025-11-27T09:44:15.779968+00:00,train,4,8789,self,0.05,0,91,
2025-11-27T09:44:15.780074+00:00,train,4,8790,self,0.05,0,92,
2025-11-27T09:44:15.780180+00:00,train,4,8791,self,0.05,0,82,
2025-11-27T09:44:15.780286+00:00,train,4,8792,self,0.05,0,99,
2025-11-27T09:44:15.780391+00:00,train,4,8793,self,0.05,0,96,
2025-11-27T09:44:15.780510+00:00,train,4,8794,self,0.05,0,99,
2025-11-27T09:44:15.780613+00:00,train,4,8795,self,0.05,0,93,
2025-11-27T09:44:15.780716+00:00,train,4,8796,self,0.05,0,95,
2025-11-27T09:44:15.780819+00:00,train,4,8797,self,0.05,0,99,
2025-11-27T09:44:15.780922+00:00,train,4,8798,self,0.05,0,100,
2025-11-27T09:44:15.781025+00:00,train,4,8799,self,0.05,0,97,
2025-11-27T09:44:15.781127+00:00,train,4,8800,self,0.05,0,99,
2025-11-27T09:44:15.781231+00:00,train,4,8801,self,0.05,0,86,
2025-11-27T09:44:15.781334+00:00,train,4,8802,self,0.05,0,91,
2025-11-27T09:44:15.781436+00:00,train,4,8803,self,0.05,0,96,
2025-11-27T09:44:15.781552+00:00,train,4,8804,self,0.05,0,98,
2025-11-27T09:44:15.781652+00:00,train,4,8805,self,0.05,0,87,
2025-11-27T09:44:15.781752+00:00,train,4,8806,self,0.05,0,96,
2025-11-27T09:44:15.781853+00:00,train,4,8807,self,0.05,0,69,
2025-11-27T09:44:15.781953+00:00,train,4,8808,self,0.05,0,100,
2025-11-27T09:44:15.782052+00:00,train,4,8809,self,0.05,0,95,
2025-11-27T09:44:15.782152+00:00,train,4,8810,self,0.05,0,97,
2025-11-27T09:44:15.782252+00:00,train,4,8811,self,0.05,0,96,
2025-11-27T09:44:15.782361+00:00,train,4,8812,self,0.05,0,100,
2025-11-27T09:44:15.782463+00:00,train,4,8813,self,0.05,0,98,
2025-11-27T09:44:15.782563+00:00,train,4,8814,self,0.05,0,99,
2025-11-27T09:44:15.782663+00:00,train,4,8815,self,0.05,0,97,
2025-11-27T09:44:15.782764+00:00,train,4,8816,self,0.05,0,99,
2025-11-27T09:44:15.782864+00:00,train,4,8817,self,0.05,0,97,
2025-11-27T09:44:15.782965+00:00,train,4,8818,self,0.05,0,99,
2025-11-27T09:44:15.783065+00:00,train,4,8819,self,0.05,0,95,
2025-11-27T09:44:15.783166+00:00,train,4,8820,self,0.05,0,100,
2025-11-27T09:44:15.783266+00:00,train,4,8821,self,0.05,0,88,
2025-11-27T09:44:15.783367+00:00,train,4,8822,self,0.05,0,99,
2025-11-27T09:44:15.783468+00:00,train,4,8823,self,0.05,0,91,
2025-11-27T09:44:15.783568+00:00,train,4,8824,self,0.05,0,95,
2025-11-27T09:44:15.783669+00:00,train,4,8825,self,0.05,0,97,
2025-11-27T09:44:15.783769+00:00,train,4,8826,self,0.05,0,97,
2025-11-27T09:44:15.783870+00:00,train,4,8827,self,0.05,0,94,
2025-11-27T09:44:15.783972+00:00,train,4,8828,self,0.05,0,98,
2025-11-27T09:44:15.784072+00:00,train,4,8829,self,0.05,0,96,
2025-11-27T09:44:15.784173+00:00,train,4,8830,self,0.05,0,99,
2025-11-27T09:44:15.784274+00:00,train,4,8831,self,0.05,0,91,
2025-11-27T09:44:15.784374+00:00,train,4,8832,self,0.05,0,100,
2025-11-27T09:44:15.784475+00:00,train,4,8833,self,0.05,0,96,
2025-11-27T09:44:15.784575+00:00,train,4,8834,self,0.05,0,100,
2025-11-27T09:44:15.784679+00:00,train,4,8835,self,0.05,0,88,
2025-11-27T09:44:15.784780+00:00,train,4,8836,self,0.05,0,95,
2025-11-27T09:44:15.784881+00:00,train,4,8837,self,0.05,0,96,
2025-11-27T09:44:15.784981+00:00,train,4,8838,self,0.05,0,100,
2025-11-27T09:44:15.785081+00:00,train,4,8839,self,0.05,0,97,
2025-11-27T09:44:15.785181+00:00,train,4,8840,self,0.05,0,99,
2025-11-27T09:44:15.785282+00:00,train,4,8841,self,0.05,0,95,
2025-11-27T09:44:15.785383+00:00,train,4,8842,self,0.05,0,100,
2025-11-27T09:44:15.785483+00:00,train,4,8843,self,0.05,0,98,
2025-11-27T09:44:15.785583+00:00,train,4,8844,self,0.05,0,100,
2025-11-27T09:44:15.785684+00:00,train,4,8845,self,0.05,0,95,
2025-11-27T09:44:15.785784+00:00,train,4,8846,self,0.05,0,100,
2025-11-27T09:44:15.785885+00:00,train,4,8847,self,0.05,0,85,
2025-11-27T09:44:15.785985+00:00,train,4,8848,self,0.05,0,93,
2025-11-27T09:44:15.786085+00:00,train,4,8849,self,0.05,0,80,
2025-11-27T09:44:15.786186+00:00,train,4,8850,self,0.05,0,93,
2025-11-27T09:44:15.786286+00:00,train,4,8851,self,0.05,0,94,
2025-11-27T09:44:15.786387+00:00,train,4,8852,self,0.05,0,100,
2025-11-27T09:44:15.786487+00:00,train,4,8853,self,0.05,0,94,
2025-11-27T09:44:15.786588+00:00,train,4,8854,self,0.05,0,99,
2025-11-27T09:44:15.786688+00:00,train,4,8855,self,0.05,0,98,
2025-11-27T09:44:15.786788+00:00,train,4,8856,self,0.05,0,99,
2025-11-27T09:44:15.786888+00:00,train,4,8857,self,0.05,0,100,
2025-11-27T09:44:15.786988+00:00,train,4,8858,self,0.05,0,100,
2025-11-27T09:44:15.787089+00:00,train,4,8859,self,0.05,0,91,
2025-11-27T09:44:15.787190+00:00,train,4,8860,self,0.05,0,94,
2025-11-27T09:44:15.787290+00:00,train,4,8861,self,0.05,0,89,
2025-11-27T09:44:15.787390+00:00,train,4,8862,self,0.05,0,100,
2025-11-27T09:44:15.787491+00:00,train,4,8863,self,0.05,0,94,
2025-11-27T09:44:15.787591+00:00,train,4,8864,self,0.05,0,98,
2025-11-27T09:44:15.787691+00:00,train,4,8865,self,0.05,0,91,
2025-11-27T09:44:15.787792+00:00,train,4,8866,self,0.05,0,94,
2025-11-27T09:44:15.787892+00:00,train,4,8867,self,0.05,0,99,
2025-11-27T09:44:15.787993+00:00,train,4,8868,self,0.05,0,100,
2025-11-27T09:44:15.788093+00:00,train,4,8869,self,0.05,0,91,
2025-11-27T09:44:15.788192+00:00,train,4,8870,self,0.05,0,99,
2025-11-27T09:44:15.788293+00:00,train,4,8871,self,0.05,0,99,
2025-11-27T09:44:15.788393+00:00,train,4,8872,self,0.05,0,99,
2025-11-27T09:44:15.788493+00:00,train,4,8873,self,0.05,0,95,
2025-11-27T09:44:15.788594+00:00,train,4,8874,self,0.05,0,99,
2025-11-27T09:44:15.788694+00:00,train,4,8875,self,0.05,0,98,
2025-11-27T09:44:15.788794+00:00,train,4,8876,self,0.05,0,100,
2025-11-27T09:44:15.788895+00:00,train,4,8877,self,0.05,0,88,
2025-11-27T09:44:15.788994+00:00,train,4,8878,self,0.05,0,99,
2025-11-27T09:44:15.789095+00:00,train,4,8879,self,0.05,0,95,
2025-11-27T09:44:15.789195+00:00,train,4,8880,self,0.05,0,97,
2025-11-27T09:44:15.789443+00:00,train,4,8881,self,0.05,0,98,
2025-11-27T09:44:15.789567+00:00,train,4,8882,self,0.05,0,100,
2025-11-27T09:44:15.789697+00:00,train,4,8883,self,0.05,0,89,
2025-11-27T09:44:15.789810+00:00,train,4,8884,self,0.05,0,100,
2025-11-27T09:44:15.789984+00:00,train,4,8885,self,0.05,0,100,
2025-11-27T09:44:15.790089+00:00,train,4,8886,self,0.05,0,100,
2025-11-27T09:44:15.790215+00:00,train,4,8887,self,0.05,0,95,
2025-11-27T09:44:15.790319+00:00,train,4,8888,self,0.05,0,96,
2025-11-27T09:44:15.790445+00:00,train,4,8889,self,0.05,0,95,
2025-11-27T09:44:15.790550+00:00,train,4,8890,self,0.05,0,97,
2025-11-27T09:44:15.790717+00:00,train,4,8891,self,0.05,0,91,
2025-11-27T09:44:15.790838+00:00,train,4,8892,self,0.05,0,100,
2025-11-27T09:44:15.790951+00:00,train,4,8893,self,0.05,0,99,
2025-11-27T09:44:15.791059+00:00,train,4,8894,self,0.05,0,100,
2025-11-27T09:44:15.791163+00:00,train,4,8895,self,0.05,0,90,
2025-11-27T09:44:15.791267+00:00,train,4,8896,self,0.05,0,99,
2025-11-27T09:44:15.791369+00:00,train,4,8897,self,0.05,0,92,
2025-11-27T09:44:15.791471+00:00,train,4,8898,self,0.05,0,96,
2025-11-27T09:44:15.791573+00:00,train,4,8899,self,0.05,0,97,
2025-11-27T09:44:15.791674+00:00,train,4,8900,self,0.05,0,97,
2025-11-27T09:44:15.791776+00:00,train,4,8901,self,0.05,0,93,
2025-11-27T09:44:15.791944+00:00,train,4,8902,self,0.05,0,98,
2025-11-27T09:44:15.792052+00:00,train,4,8903,self,0.05,0,90,
2025-11-27T09:44:15.792174+00:00,train,4,8904,self,0.05,0,96,
2025-11-27T09:44:15.792278+00:00,train,4,8905,self,0.05,0,93,
2025-11-27T09:44:15.792401+00:00,train,4,8906,self,0.05,0,97,
2025-11-27T09:44:15.792505+00:00,train,4,8907,self,0.05,0,97,
2025-11-27T09:44:15.792628+00:00,train,4,8908,self,0.05,0,100,
2025-11-27T09:44:15.792734+00:00,train,4,8909,self,0.05,0,94,
2025-11-27T09:44:15.792849+00:00,train,4,8910,self,0.05,0,96,
2025-11-27T09:44:15.792952+00:00,train,4,8911,self,0.05,0,93,
2025-11-27T09:44:15.793077+00:00,train,4,8912,self,0.05,0,96,
2025-11-27T09:44:15.793180+00:00,train,4,8913,self,0.05,0,98,
2025-11-27T09:44:15.793303+00:00,train,4,8914,self,0.05,0,100,
2025-11-27T09:44:15.793406+00:00,train,4,8915,self,0.05,0,86,
2025-11-27T09:44:15.793516+00:00,train,4,8916,self,0.05,0,97,
2025-11-27T09:44:15.793618+00:00,train,4,8917,self,0.05,0,90,
2025-11-27T09:44:15.793727+00:00,train,4,8918,self,0.05,0,92,
2025-11-27T09:44:15.793829+00:00,train,4,8919,self,0.05,0,98,
2025-11-27T09:44:15.793938+00:00,train,4,8920,self,0.05,0,99,
2025-11-27T09:44:15.794040+00:00,train,4,8921,self,0.05,0,92,
2025-11-27T09:44:15.794149+00:00,train,4,8922,self,0.05,0,99,
2025-11-27T09:44:15.794252+00:00,train,4,8923,self,0.05,0,100,
2025-11-27T09:44:15.794360+00:00,train,4,8924,self,0.05,0,100,
2025-11-27T09:44:15.794462+00:00,train,4,8925,self,0.05,0,94,
2025-11-27T09:44:15.794570+00:00,train,4,8926,self,0.05,0,99,
2025-11-27T09:44:15.794672+00:00,train,4,8927,self,0.05,0,78,
2025-11-27T09:44:15.794781+00:00,train,4,8928,self,0.05,0,86,
2025-11-27T09:44:15.794886+00:00,train,4,8929,self,0.05,0,95,
2025-11-27T09:44:15.794989+00:00,train,4,8930,self,0.05,0,100,
2025-11-27T09:44:15.795097+00:00,train,4,8931,self,0.05,0,90,
2025-11-27T09:44:15.795199+00:00,train,4,8932,self,0.05,0,91,
2025-11-27T09:44:15.795307+00:00,train,4,8933,self,0.05,0,98,
2025-11-27T09:44:15.795409+00:00,train,4,8934,self,0.05,0,100,
2025-11-27T09:44:15.795518+00:00,train,4,8935,self,0.05,0,85,
2025-11-27T09:44:15.795622+00:00,train,4,8936,self,0.05,0,88,
2025-11-27T09:44:15.795731+00:00,train,4,8937,self,0.05,0,87,
2025-11-27T09:44:15.795833+00:00,train,4,8938,self,0.05,0,97,
2025-11-27T09:44:15.795941+00:00,train,4,8939,self,0.05,0,98,
2025-11-27T09:44:15.796046+00:00,train,4,8940,self,0.05,0,100,
2025-11-27T09:44:15.796148+00:00,train,4,8941,self,0.05,0,95,
2025-11-27T09:44:15.796256+00:00,train,4,8942,self,0.05,0,95,
2025-11-27T09:44:15.796357+00:00,train,4,8943,self,0.05,0,97,
2025-11-27T09:44:15.796464+00:00,train,4,8944,self,0.05,0,98,
2025-11-27T09:44:15.796566+00:00,train,4,8945,self,0.05,0,97,
2025-11-27T09:44:15.796675+00:00,train,4,8946,self,0.05,0,100,
2025-11-27T09:44:15.796777+00:00,train,4,8947,self,0.05,0,97,
2025-11-27T09:44:15.796886+00:00,train,4,8948,self,0.05,0,98,
2025-11-27T09:44:15.796988+00:00,train,4,8949,self,0.05,0,89,
2025-11-27T09:44:15.797096+00:00,train,4,8950,self,0.05,0,93,
2025-11-27T09:44:15.797201+00:00,train,4,8951,self,0.05,0,97,
2025-11-27T09:44:15.797303+00:00,train,4,8952,self,0.05,0,99,
2025-11-27T09:44:15.797410+00:00,train,4,8953,self,0.05,0,92,
2025-11-27T09:44:15.797512+00:00,train,4,8954,self,0.05,0,97,
2025-11-27T09:44:15.797619+00:00,train,4,8955,self,0.05,0,96,
2025-11-27T09:44:15.797722+00:00,train,4,8956,self,0.05,0,98,
2025-11-27T09:44:15.797828+00:00,train,4,8957,self,0.05,0,95,
2025-11-27T09:44:15.797932+00:00,train,4,8958,self,0.05,0,100,
2025-11-27T09:44:15.798041+00:00,train,4,8959,self,0.05,0,100,
2025-11-27T09:44:15.798143+00:00,train,4,8960,self,0.05,0,100,
2025-11-27T09:44:15.798251+00:00,train,4,8961,self,0.05,0,88,
2025-11-27T09:44:15.798356+00:00,train,4,8962,self,0.05,0,99,
2025-11-27T09:44:15.798458+00:00,train,4,8963,self,0.05,0,91,
2025-11-27T09:44:15.798566+00:00,train,4,8964,self,0.05,0,98,
2025-11-27T09:44:15.798668+00:00,train,4,8965,self,0.05,0,98,
2025-11-27T09:44:15.798775+00:00,train,4,8966,self,0.05,0,100,
2025-11-27T09:44:15.798877+00:00,train,4,8967,self,0.05,0,90,
2025-11-27T09:44:15.798985+00:00,train,4,8968,self,0.05,0,98,
2025-11-27T09:44:15.799088+00:00,train,4,8969,self,0.05,0,99,
2025-11-27T09:44:15.799195+00:00,train,4,8970,self,0.05,0,100,
2025-11-27T09:44:15.799300+00:00,train,4,8971,self,0.05,0,89,
2025-11-27T09:44:15.799402+00:00,train,4,8972,self,0.05,0,89,
2025-11-27T09:44:15.799615+00:00,train,4,8973,self,0.05,0,85,
2025-11-27T09:44:15.799780+00:00,train,4,8974,self,0.05,0,100,
2025-11-27T09:44:15.799891+00:00,train,4,8975,self,0.05,0,85,
2025-11-27T09:44:15.800015+00:00,train,4,8976,self,0.05,0,95,
2025-11-27T09:44:15.800120+00:00,train,4,8977,self,0.05,0,98,
2025-11-27T09:44:15.800275+00:00,train,4,8978,self,0.05,0,98,
2025-11-27T09:44:15.800393+00:00,train,4,8979,self,0.05,0,99,
2025-11-27T09:44:15.800664+00:00,train,4,8980,self,0.05,0,100,
2025-11-27T09:44:15.800782+00:00,train,4,8981,self,0.05,0,86,
2025-11-27T09:44:15.800946+00:00,train,4,8982,self,0.05,0,99,
2025-11-27T09:44:15.801069+00:00,train,4,8983,self,0.05,0,93,
2025-11-27T09:44:15.801184+00:00,train,4,8984,self,0.05,0,100,
2025-11-27T09:44:15.801296+00:00,train,4,8985,self,0.05,0,93,
2025-11-27T09:44:15.801402+00:00,train,4,8986,self,0.05,0,98,
2025-11-27T09:44:15.801512+00:00,train,4,8987,self,0.05,0,84,
2025-11-27T09:44:15.801615+00:00,train,4,8988,self,0.05,0,98,
2025-11-27T09:44:15.801724+00:00,train,4,8989,self,0.05,0,93,
2025-11-27T09:44:15.801827+00:00,train,4,8990,self,0.05,0,97,
2025-11-27T09:44:15.801936+00:00,train,4,8991,self,0.05,0,97,
2025-11-27T09:44:15.802038+00:00,train,4,8992,self,0.05,0,99,
2025-11-27T09:44:15.802145+00:00,train,4,8993,self,0.05,0,86,
2025-11-27T09:44:15.802248+00:00,train,4,8994,self,0.05,0,99,
2025-11-27T09:44:15.802357+00:00,train,4,8995,self,0.05,0,98,
2025-11-27T09:44:15.802462+00:00,train,4,8996,self,0.05,0,99,
2025-11-27T09:44:15.802564+00:00,train,4,8997,self,0.05,0,100,
2025-11-27T09:44:15.802673+00:00,train,4,8998,self,0.05,0,100,
2025-11-27T09:44:15.802775+00:00,train,4,8999,self,0.05,0,87,
2025-11-27T09:44:15.802883+00:00,train,4,9000,self,0.05,0,95,
2025-11-27T09:44:15.802985+00:00,train,4,9001,self,0.05,0,94,
2025-11-27T09:44:15.803093+00:00,train,4,9002,self,0.05,0,98,
2025-11-27T09:44:15.803196+00:00,train,4,9003,self,0.05,0,96,
2025-11-27T09:44:15.803303+00:00,train,4,9004,self,0.05,0,99,
2025-11-27T09:44:15.803405+00:00,train,4,9005,self,0.05,0,94,
2025-11-27T09:44:15.803513+00:00,train,4,9006,self,0.05,0,97,
2025-11-27T09:44:15.803618+00:00,train,4,9007,self,0.05,0,93,
2025-11-27T09:44:15.803721+00:00,train,4,9008,self,0.05,0,100,
2025-11-27T09:44:15.803829+00:00,train,4,9009,self,0.05,0,99,
2025-11-27T09:44:15.803931+00:00,train,4,9010,self,0.05,0,99,
2025-11-27T09:44:15.804039+00:00,train,4,9011,self,0.05,0,89,
2025-11-27T09:44:15.804140+00:00,train,4,9012,self,0.05,0,95,
2025-11-27T09:44:15.804249+00:00,train,4,9013,self,0.05,0,77,
2025-11-27T09:44:15.804351+00:00,train,4,9014,self,0.05,0,95,
2025-11-27T09:44:15.804459+00:00,train,4,9015,self,0.05,0,71,
2025-11-27T09:44:15.804562+00:00,train,4,9016,self,0.05,0,79,
2025-11-27T09:44:15.804669+00:00,train,4,9017,self,0.05,0,96,
2025-11-27T09:44:15.804774+00:00,train,4,9018,self,0.05,0,97,
2025-11-27T09:44:15.804876+00:00,train,4,9019,self,0.05,0,96,
2025-11-27T09:44:15.804984+00:00,train,4,9020,self,0.05,0,98,
2025-11-27T09:44:15.805085+00:00,train,4,9021,self,0.05,0,84,
2025-11-27T09:44:15.805196+00:00,train,4,9022,self,0.05,0,97,
2025-11-27T09:44:15.805298+00:00,train,4,9023,self,0.05,0,94,
2025-11-27T09:44:15.805406+00:00,train,4,9024,self,0.05,0,95,
2025-11-27T09:44:15.805508+00:00,train,4,9025,self,0.05,0,86,
2025-11-27T09:44:15.805616+00:00,train,4,9026,self,0.05,0,100,
2025-11-27T09:44:15.805719+00:00,train,4,9027,self,0.05,0,82,
2025-11-27T09:44:15.805827+00:00,train,4,9028,self,0.05,0,99,
2025-11-27T09:44:15.805932+00:00,train,4,9029,self,0.05,0,96,
2025-11-27T09:44:15.806035+00:00,train,4,9030,self,0.05,0,96,
2025-11-27T09:44:15.806142+00:00,train,4,9031,self,0.05,0,96,
2025-11-27T09:44:15.806244+00:00,train,4,9032,self,0.05,0,96,
2025-11-27T09:44:15.806352+00:00,train,4,9033,self,0.05,0,89,
2025-11-27T09:44:15.806454+00:00,train,4,9034,self,0.05,0,98,
2025-11-27T09:44:15.806562+00:00,train,4,9035,self,0.05,0,94,
2025-11-27T09:44:15.806664+00:00,train,4,9036,self,0.05,0,95,
2025-11-27T09:44:15.806772+00:00,train,4,9037,self,0.05,0,94,
2025-11-27T09:44:15.806874+00:00,train,4,9038,self,0.05,0,98,
2025-11-27T09:44:15.806981+00:00,train,4,9039,self,0.05,0,93,
2025-11-27T09:44:15.807085+00:00,train,4,9040,self,0.05,0,97,
2025-11-27T09:44:15.807187+00:00,train,4,9041,self,0.05,0,96,
2025-11-27T09:44:15.807295+00:00,train,4,9042,self,0.05,0,98,
2025-11-27T09:44:15.807397+00:00,train,4,9043,self,0.05,0,100,
2025-11-27T09:44:15.807504+00:00,train,4,9044,self,0.05,0,100,
2025-11-27T09:44:15.807606+00:00,train,4,9045,self,0.05,0,93,
2025-11-27T09:44:15.807714+00:00,train,4,9046,self,0.05,0,99,
2025-11-27T09:44:15.807817+00:00,train,4,9047,self,0.05,0,91,
2025-11-27T09:44:15.807928+00:00,train,4,9048,self,0.05,0,100,
2025-11-27T09:44:15.808032+00:00,train,4,9049,self,0.05,0,96,
2025-11-27T09:44:15.808139+00:00,train,4,9050,self,0.05,0,97,
2025-11-27T09:44:15.808244+00:00,train,4,9051,self,0.05,0,96,
2025-11-27T09:44:15.808346+00:00,train,4,9052,self,0.05,0,100,
2025-11-27T09:44:15.808454+00:00,train,4,9053,self,0.05,0,79,
2025-11-27T09:44:15.808556+00:00,train,4,9054,self,0.05,0,90,
2025-11-27T09:44:15.808664+00:00,train,4,9055,self,0.05,0,81,
2025-11-27T09:44:15.808765+00:00,train,4,9056,self,0.05,0,100,
2025-11-27T09:44:15.808873+00:00,train,4,9057,self,0.05,0,87,
2025-11-27T09:44:15.808975+00:00,train,4,9058,self,0.05,0,100,
2025-11-27T09:44:15.809083+00:00,train,4,9059,self,0.05,0,89,
2025-11-27T09:44:15.809185+00:00,train,4,9060,self,0.05,0,97,
2025-11-27T09:44:15.809292+00:00,train,4,9061,self,0.05,0,93,
2025-11-27T09:44:15.809396+00:00,train,4,9062,self,0.05,0,99,
2025-11-27T09:44:15.809500+00:00,train,4,9063,self,0.05,0,89,
2025-11-27T09:44:15.809681+00:00,train,4,9064,self,0.05,0,99,
2025-11-27T09:44:15.809793+00:00,train,4,9065,self,0.05,0,92,
2025-11-27T09:44:15.809989+00:00,train,4,9066,self,0.05,0,92,
2025-11-27T09:44:15.810113+00:00,train,4,9067,self,0.05,0,87,
2025-11-27T09:44:15.810228+00:00,train,4,9068,self,0.05,0,97,
2025-11-27T09:44:15.810339+00:00,train,4,9069,self,0.05,0,87,
2025-11-27T09:44:15.810445+00:00,train,4,9070,self,0.05,0,97,
2025-11-27T09:44:15.810556+00:00,train,4,9071,self,0.05,0,98,
2025-11-27T09:44:15.810659+00:00,train,4,9072,self,0.05,0,99,
2025-11-27T09:44:15.810807+00:00,train,4,9073,self,0.05,0,80,
2025-11-27T09:44:15.810914+00:00,train,4,9074,self,0.05,0,95,
2025-11-27T09:44:15.811017+00:00,train,4,9075,self,0.05,0,100,
2025-11-27T09:44:15.811126+00:00,train,4,9076,self,0.05,0,100,
2025-11-27T09:44:15.811229+00:00,train,4,9077,self,0.05,0,96,
2025-11-27T09:44:15.811337+00:00,train,4,9078,self,0.05,0,100,
2025-11-27T09:44:15.811440+00:00,train,4,9079,self,0.05,0,92,
2025-11-27T09:44:15.811548+00:00,train,4,9080,self,0.05,0,98,
2025-11-27T09:44:15.811650+00:00,train,4,9081,self,0.05,0,99,
2025-11-27T09:44:15.811758+00:00,train,4,9082,self,0.05,0,100,
2025-11-27T09:44:15.811862+00:00,train,4,9083,self,0.05,0,83,
2025-11-27T09:44:15.811970+00:00,train,4,9084,self,0.05,0,95,
2025-11-27T09:44:15.812076+00:00,train,4,9085,self,0.05,0,89,
2025-11-27T09:44:15.812178+00:00,train,4,9086,self,0.05,0,92,
2025-11-27T09:44:15.812288+00:00,train,4,9087,self,0.05,0,99,
2025-11-27T09:44:15.812391+00:00,train,4,9088,self,0.05,0,100,
2025-11-27T09:44:15.812499+00:00,train,4,9089,self,0.05,0,87,
2025-11-27T09:44:15.812602+00:00,train,4,9090,self,0.05,0,94,
2025-11-27T09:44:15.812756+00:00,train,4,9091,self,0.05,0,97,
2025-11-27T09:44:15.812858+00:00,train,4,9092,self,0.05,0,100,
2025-11-27T09:44:15.812966+00:00,train,4,9093,self,0.05,0,94,
2025-11-27T09:44:15.813069+00:00,train,4,9094,self,0.05,0,99,
2025-11-27T09:44:15.813178+00:00,train,4,9095,self,0.05,0,96,
2025-11-27T09:44:15.813281+00:00,train,4,9096,self,0.05,0,100,
2025-11-27T09:44:15.813389+00:00,train,4,9097,self,0.05,0,88,
2025-11-27T09:44:15.813494+00:00,train,4,9098,self,0.05,0,99,
2025-11-27T09:44:15.813596+00:00,train,4,9099,self,0.05,0,88,
2025-11-27T09:44:15.813703+00:00,train,4,9100,self,0.05,0,99,
2025-11-27T09:44:15.816172+00:00,train,4,9101,self,0.05,0,84,
2025-11-27T09:44:15.816293+00:00,train,4,9102,self,0.05,0,93,
2025-11-27T09:44:15.816405+00:00,train,4,9103,self,0.05,0,93,
2025-11-27T09:44:15.816508+00:00,train,4,9104,self,0.05,0,96,
2025-11-27T09:44:15.816622+00:00,train,4,9105,self,0.05,0,88,
2025-11-27T09:44:15.816728+00:00,train,4,9106,self,0.05,0,97,
2025-11-27T09:44:15.816832+00:00,train,4,9107,self,0.05,0,90,
2025-11-27T09:44:15.816955+00:00,train,4,9108,self,0.05,0,93,
2025-11-27T09:44:15.817058+00:00,train,4,9109,self,0.05,0,97,
2025-11-27T09:44:15.817185+00:00,train,4,9110,self,0.05,0,99,
2025-11-27T09:44:15.817289+00:00,train,4,9111,self,0.05,0,95,
2025-11-27T09:44:15.817456+00:00,train,4,9112,self,0.05,0,97,
2025-11-27T09:44:15.817590+00:00,train,4,9113,self,0.05,0,99,
2025-11-27T09:44:15.817722+00:00,train,4,9114,self,0.05,0,99,
2025-11-27T09:44:15.817831+00:00,train,4,9115,self,0.05,0,91,
2025-11-27T09:44:15.817965+00:00,train,4,9116,self,0.05,0,97,
2025-11-27T09:44:15.818071+00:00,train,4,9117,self,0.05,0,99,
2025-11-27T09:44:15.818206+00:00,train,4,9118,self,0.05,0,100,
2025-11-27T09:44:15.818312+00:00,train,4,9119,self,0.05,0,94,
2025-11-27T09:44:15.818448+00:00,train,4,9120,self,0.05,0,95,
2025-11-27T09:44:15.818566+00:00,train,4,9121,self,0.05,0,96,
2025-11-27T09:44:15.818692+00:00,train,4,9122,self,0.05,0,100,
2025-11-27T09:44:15.818799+00:00,train,4,9123,self,0.05,0,96,
2025-11-27T09:44:15.818978+00:00,train,4,9124,self,0.05,0,99,
2025-11-27T09:44:15.819108+00:00,train,4,9125,self,0.05,0,98,
2025-11-27T09:44:15.819228+00:00,train,4,9126,self,0.05,0,100,
2025-11-27T09:44:15.819346+00:00,train,4,9127,self,0.05,0,88,
2025-11-27T09:44:15.819460+00:00,train,4,9128,self,0.05,0,97,
2025-11-27T09:44:15.819586+00:00,train,4,9129,self,0.05,0,98,
2025-11-27T09:44:15.819701+00:00,train,4,9130,self,0.05,0,99,
2025-11-27T09:44:15.819815+00:00,train,4,9131,self,0.05,0,93,
2025-11-27T09:44:15.819929+00:00,train,4,9132,self,0.05,0,99,
2025-11-27T09:44:15.820042+00:00,train,4,9133,self,0.05,0,97,
2025-11-27T09:44:15.820155+00:00,train,4,9134,self,0.05,0,99,
2025-11-27T09:44:15.820269+00:00,train,4,9135,self,0.05,0,98,
2025-11-27T09:44:15.820510+00:00,train,4,9136,self,0.05,0,99,
2025-11-27T09:44:15.820677+00:00,train,4,9137,self,0.05,0,97,
2025-11-27T09:44:15.820803+00:00,train,4,9138,self,0.05,0,99,
2025-11-27T09:44:15.820923+00:00,train,4,9139,self,0.05,0,99,
2025-11-27T09:44:15.821067+00:00,train,4,9140,self,0.05,0,99,
2025-11-27T09:44:15.821182+00:00,train,4,9141,self,0.05,0,99,
2025-11-27T09:44:15.821320+00:00,train,4,9142,self,0.05,0,100,
2025-11-27T09:44:15.821433+00:00,train,4,9143,self,0.05,0,97,
2025-11-27T09:44:15.821629+00:00,train,4,9144,self,0.05,0,100,
2025-11-27T09:44:15.821771+00:00,train,4,9145,self,0.05,0,94,
2025-11-27T09:44:15.821901+00:00,train,4,9146,self,0.05,0,95,
2025-11-27T09:44:15.822028+00:00,train,4,9147,self,0.05,0,100,
2025-11-27T09:44:15.822194+00:00,train,4,9148,self,0.05,0,100,
2025-11-27T09:44:15.822326+00:00,train,4,9149,self,0.05,0,99,
2025-11-27T09:44:15.822448+00:00,train,4,9150,self,0.05,0,100,
2025-11-27T09:44:15.822582+00:00,train,4,9151,self,0.05,0,95,
2025-11-27T09:44:15.822703+00:00,train,4,9152,self,0.05,0,97,
2025-11-27T09:44:15.822822+00:00,train,4,9153,self,0.05,0,92,
2025-11-27T09:44:15.822940+00:00,train,4,9154,self,0.05,0,99,
2025-11-27T09:44:15.823089+00:00,train,4,9155,self,0.05,0,95,
2025-11-27T09:44:15.823227+00:00,train,4,9156,self,0.05,0,98,
2025-11-27T09:44:15.823354+00:00,train,4,9157,self,0.05,0,98,
2025-11-27T09:44:15.823479+00:00,train,4,9158,self,0.05,0,100,
2025-11-27T09:44:15.823624+00:00,train,4,9159,self,0.05,0,87,
2025-11-27T09:44:15.823751+00:00,train,4,9160,self,0.05,0,100,
2025-11-27T09:44:15.823880+00:00,train,4,9161,self,0.05,0,96,
2025-11-27T09:44:15.824012+00:00,train,4,9162,self,0.05,0,99,
2025-11-27T09:44:15.824142+00:00,train,4,9163,self,0.05,0,99,
2025-11-27T09:44:15.824270+00:00,train,4,9164,self,0.05,0,100,
2025-11-27T09:44:15.824398+00:00,train,4,9165,self,0.05,0,96,
2025-11-27T09:44:15.824526+00:00,train,4,9166,self,0.05,0,100,
2025-11-27T09:44:15.824654+00:00,train,4,9167,self,0.05,0,95,
2025-11-27T09:44:15.824782+00:00,train,4,9168,self,0.05,0,98,
2025-11-27T09:44:15.824911+00:00,train,4,9169,self,0.05,0,99,
2025-11-27T09:44:15.825039+00:00,train,4,9170,self,0.05,0,100,
2025-11-27T09:44:15.825166+00:00,train,4,9171,self,0.05,0,83,
2025-11-27T09:44:15.825295+00:00,train,4,9172,self,0.05,0,100,
2025-11-27T09:44:15.825424+00:00,train,4,9173,self,0.05,0,96,
2025-11-27T09:44:15.825564+00:00,train,4,9174,self,0.05,0,96,
2025-11-27T09:44:15.825687+00:00,train,4,9175,self,0.05,0,83,
2025-11-27T09:44:15.825811+00:00,train,4,9176,self,0.05,0,98,
2025-11-27T09:44:15.825935+00:00,train,4,9177,self,0.05,0,80,
2025-11-27T09:44:15.826058+00:00,train,4,9178,self,0.05,0,96,
2025-11-27T09:44:15.826182+00:00,train,4,9179,self,0.05,0,96,
2025-11-27T09:44:15.826306+00:00,train,4,9180,self,0.05,0,100,
2025-11-27T09:44:15.826430+00:00,train,4,9181,self,0.05,0,97,
2025-11-27T09:44:15.826566+00:00,train,4,9182,self,0.05,0,100,
2025-11-27T09:44:15.826686+00:00,train,4,9183,self,0.05,0,82,
2025-11-27T09:44:15.826807+00:00,train,4,9184,self,0.05,0,99,
2025-11-27T09:44:15.826928+00:00,train,4,9185,self,0.05,0,90,
2025-11-27T09:44:15.827049+00:00,train,4,9186,self,0.05,0,97,
2025-11-27T09:44:15.827169+00:00,train,4,9187,self,0.05,0,92,
2025-11-27T09:44:15.827290+00:00,train,4,9188,self,0.05,0,100,
2025-11-27T09:44:15.827410+00:00,train,4,9189,self,0.05,0,94,
2025-11-27T09:44:15.827543+00:00,train,4,9190,self,0.05,0,96,
2025-11-27T09:44:15.827659+00:00,train,4,9191,self,0.05,0,92,
2025-11-27T09:44:15.827777+00:00,train,4,9192,self,0.05,0,96,
2025-11-27T09:44:15.827893+00:00,train,4,9193,self,0.05,0,93,
2025-11-27T09:44:15.828010+00:00,train,4,9194,self,0.05,0,100,
2025-11-27T09:44:15.828126+00:00,train,4,9195,self,0.05,0,89,
2025-11-27T09:44:15.828243+00:00,train,4,9196,self,0.05,0,100,
2025-11-27T09:44:15.828360+00:00,train,4,9197,self,0.05,0,93,
2025-11-27T09:44:15.828491+00:00,train,4,9198,self,0.05,0,99,
2025-11-27T09:44:15.828605+00:00,train,4,9199,self,0.05,0,79,
2025-11-27T09:44:15.828719+00:00,train,4,9200,self,0.05,0,100,
2025-11-27T09:44:15.828834+00:00,train,4,9201,self,0.05,0,80,
2025-11-27T09:44:15.828948+00:00,train,4,9202,self,0.05,0,95,
2025-11-27T09:44:15.829063+00:00,train,4,9203,self,0.05,0,99,
2025-11-27T09:44:15.829178+00:00,train,4,9204,self,0.05,0,100,
2025-11-27T09:44:15.829292+00:00,train,4,9205,self,0.05,0,91,
2025-11-27T09:44:15.829407+00:00,train,4,9206,self,0.05,0,100,
2025-11-27T09:44:15.829533+00:00,train,4,9207,self,0.05,0,90,
2025-11-27T09:44:15.829644+00:00,train,4,9208,self,0.05,0,100,
2025-11-27T09:44:15.829752+00:00,train,4,9209,self,0.05,0,90,
2025-11-27T09:44:15.829866+00:00,train,4,9210,self,0.05,0,98,
2025-11-27T09:44:15.829977+00:00,train,4,9211,self,0.05,0,100,
2025-11-27T09:44:15.830088+00:00,train,4,9212,self,0.05,0,100,
2025-11-27T09:44:15.830199+00:00,train,4,9213,self,0.05,0,97,
2025-11-27T09:44:15.830310+00:00,train,4,9214,self,0.05,0,99,
2025-11-27T09:44:15.830422+00:00,train,4,9215,self,0.05,0,91,
2025-11-27T09:44:15.830545+00:00,train,4,9216,self,0.05,0,93,
2025-11-27T09:44:15.830652+00:00,train,4,9217,self,0.05,0,97,
2025-11-27T09:44:15.830772+00:00,train,4,9218,self,0.05,0,100,
2025-11-27T09:44:15.830878+00:00,train,4,9219,self,0.05,0,99,
2025-11-27T09:44:15.830990+00:00,train,4,9220,self,0.05,0,99,
2025-11-27T09:44:15.831095+00:00,train,4,9221,self,0.05,0,94,
2025-11-27T09:44:15.831206+00:00,train,4,9222,self,0.05,0,100,
2025-11-27T09:44:15.831311+00:00,train,4,9223,self,0.05,0,95,
2025-11-27T09:44:15.831423+00:00,train,4,9224,self,0.05,0,97,
2025-11-27T09:44:15.831531+00:00,train,4,9225,self,0.05,0,86,
2025-11-27T09:44:15.831648+00:00,train,4,9226,self,0.05,0,95,
2025-11-27T09:44:15.831757+00:00,train,4,9227,self,0.05,0,83,
2025-11-27T09:44:15.831860+00:00,train,4,9228,self,0.05,0,98,
2025-11-27T09:44:15.832010+00:00,train,4,9229,self,0.05,0,86,
2025-11-27T09:44:15.832162+00:00,train,4,9230,self,0.05,0,93,
2025-11-27T09:44:15.832278+00:00,train,4,9231,self,0.05,0,99,
2025-11-27T09:44:15.832385+00:00,train,4,9232,self,0.05,0,99,
2025-11-27T09:44:15.832586+00:00,train,4,9233,self,0.05,0,90,
2025-11-27T09:44:15.832709+00:00,train,4,9234,self,0.05,0,100,
2025-11-27T09:44:15.832823+00:00,train,4,9235,self,0.05,0,99,
2025-11-27T09:44:15.832935+00:00,train,4,9236,self,0.05,0,99,
2025-11-27T09:44:15.833042+00:00,train,4,9237,self,0.05,0,95,
2025-11-27T09:44:15.833152+00:00,train,4,9238,self,0.05,0,96,
2025-11-27T09:44:15.833258+00:00,train,4,9239,self,0.05,0,98,
2025-11-27T09:44:15.833371+00:00,train,4,9240,self,0.05,0,100,
2025-11-27T09:44:15.833481+00:00,train,4,9241,self,0.05,0,89,
2025-11-27T09:44:15.833585+00:00,train,4,9242,self,0.05,0,100,
2025-11-27T09:44:15.833693+00:00,train,4,9243,self,0.05,0,91,
2025-11-27T09:44:15.833796+00:00,train,4,9244,self,0.05,0,99,
2025-11-27T09:44:15.833904+00:00,train,4,9245,self,0.05,0,97,
2025-11-27T09:44:15.834007+00:00,train,4,9246,self,0.05,0,100,
2025-11-27T09:44:15.834116+00:00,train,4,9247,self,0.05,0,99,
2025-11-27T09:44:15.834219+00:00,train,4,9248,self,0.05,0,100,
2025-11-27T09:44:15.834327+00:00,train,4,9249,self,0.05,0,100,
2025-11-27T09:44:15.834429+00:00,train,4,9250,self,0.05,0,100,
2025-11-27T09:44:15.834538+00:00,train,4,9251,self,0.05,0,92,
2025-11-27T09:44:15.834643+00:00,train,4,9252,self,0.05,0,98,
2025-11-27T09:44:15.834746+00:00,train,4,9253,self,0.05,0,97,
2025-11-27T09:44:15.834855+00:00,train,4,9254,self,0.05,0,100,
2025-11-27T09:44:15.834958+00:00,train,4,9255,self,0.05,0,98,
2025-11-27T09:44:15.835066+00:00,train,4,9256,self,0.05,0,98,
2025-11-27T09:44:15.835168+00:00,train,4,9257,self,0.05,0,92,
2025-11-27T09:44:15.835277+00:00,train,4,9258,self,0.05,0,99,
2025-11-27T09:44:15.835379+00:00,train,4,9259,self,0.05,0,95,
2025-11-27T09:44:15.835487+00:00,train,4,9260,self,0.05,0,98,
2025-11-27T09:44:15.835590+00:00,train,4,9261,self,0.05,0,99,
2025-11-27T09:44:15.835699+00:00,train,4,9262,self,0.05,0,100,
2025-11-27T09:44:15.835805+00:00,train,4,9263,self,0.05,0,98,
2025-11-27T09:44:15.835907+00:00,train,4,9264,self,0.05,0,99,
2025-11-27T09:44:15.836015+00:00,train,4,9265,self,0.05,0,98,
2025-11-27T09:44:15.836124+00:00,train,4,9266,self,0.05,0,100,
2025-11-27T09:44:15.836230+00:00,train,4,9267,self,0.05,0,94,
2025-11-27T09:44:15.836332+00:00,train,4,9268,self,0.05,0,98,
2025-11-27T09:44:15.836441+00:00,train,4,9269,self,0.05,0,93,
2025-11-27T09:44:15.836543+00:00,train,4,9270,self,0.05,0,98,
2025-11-27T09:44:15.836653+00:00,train,4,9271,self,0.05,0,83,
2025-11-27T09:44:15.836756+00:00,train,4,9272,self,0.05,0,88,
2025-11-27T09:44:15.836863+00:00,train,4,9273,self,0.05,0,100,
2025-11-27T09:44:15.836968+00:00,train,4,9274,self,0.05,0,100,
2025-11-27T09:44:15.837072+00:00,train,4,9275,self,0.05,0,96,
2025-11-27T09:44:15.837180+00:00,train,4,9276,self,0.05,0,99,
2025-11-27T09:44:15.837282+00:00,train,4,9277,self,0.05,0,98,
2025-11-27T09:44:15.837390+00:00,train,4,9278,self,0.05,0,100,
2025-11-27T09:44:15.837492+00:00,train,4,9279,self,0.05,0,95,
2025-11-27T09:44:15.837601+00:00,train,4,9280,self,0.05,0,100,
2025-11-27T09:44:15.837703+00:00,train,4,9281,self,0.05,0,95,
2025-11-27T09:44:15.837872+00:00,train,4,9282,self,0.05,0,97,
2025-11-27T09:44:15.837976+00:00,train,4,9283,self,0.05,0,94,
2025-11-27T09:44:15.838085+00:00,train,4,9284,self,0.05,0,95,
2025-11-27T09:44:15.838190+00:00,train,4,9285,self,0.05,0,100,
2025-11-27T09:44:15.838293+00:00,train,4,9286,self,0.05,0,100,
2025-11-27T09:44:15.838401+00:00,train,4,9287,self,0.05,0,96,
2025-11-27T09:44:15.838504+00:00,train,4,9288,self,0.05,0,98,
2025-11-27T09:44:15.838612+00:00,train,4,9289,self,0.05,0,96,
2025-11-27T09:44:15.838715+00:00,train,4,9290,self,0.05,0,98,
2025-11-27T09:44:15.838823+00:00,train,4,9291,self,0.05,0,96,
2025-11-27T09:44:15.838925+00:00,train,4,9292,self,0.05,0,98,
2025-11-27T09:44:15.839033+00:00,train,4,9293,self,0.05,0,98,
2025-11-27T09:44:15.839136+00:00,train,4,9294,self,0.05,0,100,
2025-11-27T09:44:15.839244+00:00,train,4,9295,self,0.05,0,95,
2025-11-27T09:44:15.839349+00:00,train,4,9296,self,0.05,0,99,
2025-11-27T09:44:15.839452+00:00,train,4,9297,self,0.05,0,93,
2025-11-27T09:44:15.839559+00:00,train,4,9298,self,0.05,0,97,
2025-11-27T09:44:15.839661+00:00,train,4,9299,self,0.05,0,98,
2025-11-27T09:44:15.839770+00:00,train,4,9300,self,0.05,0,98,
2025-11-27T09:44:15.839872+00:00,train,4,9301,self,0.05,0,94,
2025-11-27T09:44:15.839980+00:00,train,4,9302,self,0.05,0,96,
2025-11-27T09:44:15.840083+00:00,train,4,9303,self,0.05,0,97,
2025-11-27T09:44:15.840193+00:00,train,4,9304,self,0.05,0,99,
2025-11-27T09:44:15.840295+00:00,train,4,9305,self,0.05,0,94,
2025-11-27T09:44:15.840403+00:00,train,4,9306,self,0.05,0,95,
2025-11-27T09:44:15.840508+00:00,train,4,9307,self,0.05,0,72,
2025-11-27T09:44:15.840609+00:00,train,4,9308,self,0.05,0,96,
2025-11-27T09:44:15.840717+00:00,train,4,9309,self,0.05,0,98,
2025-11-27T09:44:15.840819+00:00,train,4,9310,self,0.05,0,99,
2025-11-27T09:44:15.841016+00:00,train,4,9311,self,0.05,0,97,
2025-11-27T09:44:15.841118+00:00,train,4,9312,self,0.05,0,98,
2025-11-27T09:44:15.841226+00:00,train,4,9313,self,0.05,0,98,
2025-11-27T09:44:15.841330+00:00,train,4,9314,self,0.05,0,99,
2025-11-27T09:44:15.841438+00:00,train,4,9315,self,0.05,0,93,
2025-11-27T09:44:15.841540+00:00,train,4,9316,self,0.05,0,99,
2025-11-27T09:44:15.841648+00:00,train,4,9317,self,0.05,0,92,
2025-11-27T09:44:15.841750+00:00,train,4,9318,self,0.05,0,100,
2025-11-27T09:44:15.841858+00:00,train,4,9319,self,0.05,0,97,
2025-11-27T09:44:15.841960+00:00,train,4,9320,self,0.05,0,100,
2025-11-27T09:44:15.842112+00:00,train,4,9321,self,0.05,0,98,
2025-11-27T09:44:15.842215+00:00,train,4,9322,self,0.05,0,98,
2025-11-27T09:44:15.842359+00:00,train,4,9323,self,0.05,0,70,
2025-11-27T09:44:15.842475+00:00,train,4,9324,self,0.05,0,95,
2025-11-27T09:44:15.842645+00:00,train,4,9325,self,0.05,0,92,
2025-11-27T09:44:15.842751+00:00,train,4,9326,self,0.05,0,97,
2025-11-27T09:44:15.842854+00:00,train,4,9327,self,0.05,0,96,
2025-11-27T09:44:15.842988+00:00,train,4,9328,self,0.05,0,97,
2025-11-27T09:44:15.843090+00:00,train,4,9329,self,0.05,0,87,
2025-11-27T09:44:15.843224+00:00,train,4,9330,self,0.05,0,99,
2025-11-27T09:44:15.843325+00:00,train,4,9331,self,0.05,0,93,
2025-11-27T09:44:15.843450+00:00,train,4,9332,self,0.05,0,100,
2025-11-27T09:44:15.843551+00:00,train,4,9333,self,0.05,0,92,
2025-11-27T09:44:15.843678+00:00,train,4,9334,self,0.05,0,100,
2025-11-27T09:44:15.843779+00:00,train,4,9335,self,0.05,0,86,
2025-11-27T09:44:15.843899+00:00,train,4,9336,self,0.05,0,96,
2025-11-27T09:44:15.843999+00:00,train,4,9337,self,0.05,0,97,
2025-11-27T09:44:15.844117+00:00,train,4,9338,self,0.05,0,98,
2025-11-27T09:44:15.844218+00:00,train,4,9339,self,0.05,0,97,
2025-11-27T09:44:15.844318+00:00,train,4,9340,self,0.05,0,99,
2025-11-27T09:44:15.844418+00:00,train,4,9341,self,0.05,0,100,
2025-11-27T09:44:15.844519+00:00,train,4,9342,self,0.05,0,100,
2025-11-27T09:44:15.844619+00:00,train,4,9343,self,0.05,0,98,
2025-11-27T09:44:15.844720+00:00,train,4,9344,self,0.05,0,100,
2025-11-27T09:44:15.844820+00:00,train,4,9345,self,0.05,0,94,
2025-11-27T09:44:15.844922+00:00,train,4,9346,self,0.05,0,98,
2025-11-27T09:44:15.845022+00:00,train,4,9347,self,0.05,0,83,
2025-11-27T09:44:15.845123+00:00,train,4,9348,self,0.05,0,91,
2025-11-27T09:44:15.845223+00:00,train,4,9349,self,0.05,0,88,
2025-11-27T09:44:15.845323+00:00,train,4,9350,self,0.05,0,98,
2025-11-27T09:44:15.845423+00:00,train,4,9351,self,0.05,0,100,
2025-11-27T09:44:15.845524+00:00,train,4,9352,self,0.05,0,100,
2025-11-27T09:44:15.845623+00:00,train,4,9353,self,0.05,0,96,
2025-11-27T09:44:15.845723+00:00,train,4,9354,self,0.05,0,96,
2025-11-27T09:44:15.845823+00:00,train,4,9355,self,0.05,0,99,
2025-11-27T09:44:15.845922+00:00,train,4,9356,self,0.05,0,100,
2025-11-27T09:44:15.846023+00:00,train,4,9357,self,0.05,0,96,
2025-11-27T09:44:15.846122+00:00,train,4,9358,self,0.05,0,97,
2025-11-27T09:44:15.846223+00:00,train,4,9359,self,0.05,0,92,
2025-11-27T09:44:15.846322+00:00,train,4,9360,self,0.05,0,100,
2025-11-27T09:44:15.846422+00:00,train,4,9361,self,0.05,0,90,
2025-11-27T09:44:15.846522+00:00,train,4,9362,self,0.05,0,98,
2025-11-27T09:44:15.846622+00:00,train,4,9363,self,0.05,0,97,
2025-11-27T09:44:15.846722+00:00,train,4,9364,self,0.05,0,97,
2025-11-27T09:44:15.846822+00:00,train,4,9365,self,0.05,0,97,
2025-11-27T09:44:15.846922+00:00,train,4,9366,self,0.05,0,100,
2025-11-27T09:44:15.847022+00:00,train,4,9367,self,0.05,0,98,
2025-11-27T09:44:15.847121+00:00,train,4,9368,self,0.05,0,100,
2025-11-27T09:44:15.847221+00:00,train,4,9369,self,0.05,0,97,
2025-11-27T09:44:15.847321+00:00,train,4,9370,self,0.05,0,98,
2025-11-27T09:44:15.847421+00:00,train,4,9371,self,0.05,0,99,
2025-11-27T09:44:15.847521+00:00,train,4,9372,self,0.05,0,99,
2025-11-27T09:44:15.847621+00:00,train,4,9373,self,0.05,0,95,
2025-11-27T09:44:15.847721+00:00,train,4,9374,self,0.05,0,96,
2025-11-27T09:44:15.847821+00:00,train,4,9375,self,0.05,0,97,
2025-11-27T09:44:15.847922+00:00,train,4,9376,self,0.05,0,100,
2025-11-27T09:44:15.848022+00:00,train,4,9377,self,0.05,0,83,
2025-11-27T09:44:15.848122+00:00,train,4,9378,self,0.05,0,90,
2025-11-27T09:44:15.848222+00:00,train,4,9379,self,0.05,0,96,
2025-11-27T09:44:15.848322+00:00,train,4,9380,self,0.05,0,98,
2025-11-27T09:44:15.848421+00:00,train,4,9381,self,0.05,0,85,
2025-11-27T09:44:15.848521+00:00,train,4,9382,self,0.05,0,100,
2025-11-27T09:44:15.848621+00:00,train,4,9383,self,0.05,0,94,
2025-11-27T09:44:15.848721+00:00,train,4,9384,self,0.05,0,99,
2025-11-27T09:44:15.848820+00:00,train,4,9385,self,0.05,0,99,
2025-11-27T09:44:15.848919+00:00,train,4,9386,self,0.05,0,100,
2025-11-27T09:44:15.849019+00:00,train,4,9387,self,0.05,0,91,
2025-11-27T09:44:15.849118+00:00,train,4,9388,self,0.05,0,96,
2025-11-27T09:44:15.849218+00:00,train,4,9389,self,0.05,0,96,
2025-11-27T09:44:15.849318+00:00,train,4,9390,self,0.05,0,99,
2025-11-27T09:44:15.849418+00:00,train,4,9391,self,0.05,0,84,
2025-11-27T09:44:15.849518+00:00,train,4,9392,self,0.05,0,100,
2025-11-27T09:44:15.849617+00:00,train,4,9393,self,0.05,0,98,
2025-11-27T09:44:15.849717+00:00,train,4,9394,self,0.05,0,100,
2025-11-27T09:44:15.849816+00:00,train,4,9395,self,0.05,0,82,
2025-11-27T09:44:15.849916+00:00,train,4,9396,self,0.05,0,87,
2025-11-27T09:44:15.850016+00:00,train,4,9397,self,0.05,0,89,
2025-11-27T09:44:15.850116+00:00,train,4,9398,self,0.05,0,98,
2025-11-27T09:44:15.850216+00:00,train,4,9399,self,0.05,0,93,
2025-11-27T09:44:15.850315+00:00,train,4,9400,self,0.05,0,98,
2025-11-27T09:44:15.850415+00:00,train,4,9401,self,0.05,0,93,
2025-11-27T09:44:15.850515+00:00,train,4,9402,self,0.05,0,95,
2025-11-27T09:44:15.850614+00:00,train,4,9403,self,0.05,0,94,
2025-11-27T09:44:15.850714+00:00,train,4,9404,self,0.05,0,97,
2025-11-27T09:44:15.850813+00:00,train,4,9405,self,0.05,0,95,
2025-11-27T09:44:15.850912+00:00,train,4,9406,self,0.05,0,97,
2025-11-27T09:44:15.851062+00:00,train,4,9407,self,0.05,0,90,
2025-11-27T09:44:15.851162+00:00,train,4,9408,self,0.05,0,97,
2025-11-27T09:44:15.851262+00:00,train,4,9409,self,0.05,0,93,
2025-11-27T09:44:15.851361+00:00,train,4,9410,self,0.05,0,100,
2025-11-27T09:44:15.851463+00:00,train,4,9411,self,0.05,0,99,
2025-11-27T09:44:15.851564+00:00,train,4,9412,self,0.05,0,100,
2025-11-27T09:44:15.851664+00:00,train,4,9413,self,0.05,0,97,
2025-11-27T09:44:15.851768+00:00,train,4,9414,self,0.05,0,99,
2025-11-27T09:44:15.851868+00:00,train,4,9415,self,0.05,0,84,
2025-11-27T09:44:15.851968+00:00,train,4,9416,self,0.05,0,99,
2025-11-27T09:44:15.852068+00:00,train,4,9417,self,0.05,0,92,
2025-11-27T09:44:15.852170+00:00,train,4,9418,self,0.05,0,98,
2025-11-27T09:44:15.852271+00:00,train,4,9419,self,0.05,0,98,
2025-11-27T09:44:15.852371+00:00,train,4,9420,self,0.05,0,100,
2025-11-27T09:44:15.852471+00:00,train,4,9421,self,0.05,0,88,
2025-11-27T09:44:15.852571+00:00,train,4,9422,self,0.05,0,95,
2025-11-27T09:44:15.852671+00:00,train,4,9423,self,0.05,0,95,
2025-11-27T09:44:15.852771+00:00,train,4,9424,self,0.05,0,100,
2025-11-27T09:44:15.852871+00:00,train,4,9425,self,0.05,0,93,
2025-11-27T09:44:15.852970+00:00,train,4,9426,self,0.05,0,100,
2025-11-27T09:44:15.853070+00:00,train,4,9427,self,0.05,0,85,
2025-11-27T09:44:15.853169+00:00,train,4,9428,self,0.05,0,98,
2025-11-27T09:44:15.853269+00:00,train,4,9429,self,0.05,0,83,
2025-11-27T09:44:15.853368+00:00,train,4,9430,self,0.05,0,99,
2025-11-27T09:44:15.853468+00:00,train,4,9431,self,0.05,0,90,
2025-11-27T09:44:15.853567+00:00,train,4,9432,self,0.05,0,98,
2025-11-27T09:44:15.853667+00:00,train,4,9433,self,0.05,0,77,
2025-11-27T09:44:15.853768+00:00,train,4,9434,self,0.05,0,98,
2025-11-27T09:44:15.853872+00:00,train,4,9435,self,0.05,0,78,
2025-11-27T09:44:15.853973+00:00,train,4,9436,self,0.05,0,87,
2025-11-27T09:44:15.854076+00:00,train,4,9437,self,0.05,0,84,
2025-11-27T09:44:15.854177+00:00,train,4,9438,self,0.05,0,94,
2025-11-27T09:44:15.854277+00:00,train,4,9439,self,0.05,0,83,
2025-11-27T09:44:15.854377+00:00,train,4,9440,self,0.05,0,100,
2025-11-27T09:44:15.854476+00:00,train,4,9441,self,0.05,0,92,
2025-11-27T09:44:15.854576+00:00,train,4,9442,self,0.05,0,95,
2025-11-27T09:44:15.854677+00:00,train,4,9443,self,0.05,0,95,
2025-11-27T09:44:15.854776+00:00,train,4,9444,self,0.05,0,100,
2025-11-27T09:44:15.854876+00:00,train,4,9445,self,0.05,0,98,
2025-11-27T09:44:15.854975+00:00,train,4,9446,self,0.05,0,100,
2025-11-27T09:44:15.855074+00:00,train,4,9447,self,0.05,0,98,
2025-11-27T09:44:15.855174+00:00,train,4,9448,self,0.05,0,100,
2025-11-27T09:44:15.855273+00:00,train,4,9449,self,0.05,0,97,
2025-11-27T09:44:15.855373+00:00,train,4,9450,self,0.05,0,100,
2025-11-27T09:44:15.855473+00:00,train,4,9451,self,0.05,0,96,
2025-11-27T09:44:15.855573+00:00,train,4,9452,self,0.05,0,99,
2025-11-27T09:44:15.855672+00:00,train,4,9453,self,0.05,0,98,
2025-11-27T09:44:15.855772+00:00,train,4,9454,self,0.05,0,100,
2025-11-27T09:44:15.855872+00:00,train,4,9455,self,0.05,0,98,
2025-11-27T09:44:15.855971+00:00,train,4,9456,self,0.05,0,100,
2025-11-27T09:44:15.856071+00:00,train,4,9457,self,0.05,0,99,
2025-11-27T09:44:15.856170+00:00,train,4,9458,self,0.05,0,100,
2025-11-27T09:44:15.856270+00:00,train,4,9459,self,0.05,0,87,
2025-11-27T09:44:15.856370+00:00,train,4,9460,self,0.05,0,99,
2025-11-27T09:44:15.856469+00:00,train,4,9461,self,0.05,0,88,
2025-11-27T09:44:15.856569+00:00,train,4,9462,self,0.05,0,96,
2025-11-27T09:44:15.856669+00:00,train,4,9463,self,0.05,0,85,
2025-11-27T09:44:15.856769+00:00,train,4,9464,self,0.05,0,96,
2025-11-27T09:44:15.856868+00:00,train,4,9465,self,0.05,0,87,
2025-11-27T09:44:15.856968+00:00,train,4,9466,self,0.05,0,97,
2025-11-27T09:44:15.857068+00:00,train,4,9467,self,0.05,0,89,
2025-11-27T09:44:15.857168+00:00,train,4,9468,self,0.05,0,100,
2025-11-27T09:44:15.857268+00:00,train,4,9469,self,0.05,0,92,
2025-11-27T09:44:15.857368+00:00,train,4,9470,self,0.05,0,99,
2025-11-27T09:44:15.857467+00:00,train,4,9471,self,0.05,0,98,
2025-11-27T09:44:15.857566+00:00,train,4,9472,self,0.05,0,98,
2025-11-27T09:44:15.857666+00:00,train,4,9473,self,0.05,0,95,
2025-11-27T09:44:15.857766+00:00,train,4,9474,self,0.05,0,100,
2025-11-27T09:44:15.857866+00:00,train,4,9475,self,0.05,0,98,
2025-11-27T09:44:15.857967+00:00,train,4,9476,self,0.05,0,100,
2025-11-27T09:44:15.858068+00:00,train,4,9477,self,0.05,0,98,
2025-11-27T09:44:15.858168+00:00,train,4,9478,self,0.05,0,98,
2025-11-27T09:44:15.858268+00:00,train,4,9479,self,0.05,0,98,
2025-11-27T09:44:15.858367+00:00,train,4,9480,self,0.05,0,98,
2025-11-27T09:44:15.858467+00:00,train,4,9481,self,0.05,0,96,
2025-11-27T09:44:15.858567+00:00,train,4,9482,self,0.05,0,99,
2025-11-27T09:44:15.858667+00:00,train,4,9483,self,0.05,0,100,
2025-11-27T09:44:15.858767+00:00,train,4,9484,self,0.05,0,100,
2025-11-27T09:44:15.858867+00:00,train,4,9485,self,0.05,0,95,
2025-11-27T09:44:15.858967+00:00,train,4,9486,self,0.05,0,98,
2025-11-27T09:44:15.859067+00:00,train,4,9487,self,0.05,0,84,
2025-11-27T09:44:15.859167+00:00,train,4,9488,self,0.05,0,100,
2025-11-27T09:44:15.859266+00:00,train,4,9489,self,0.05,0,90,
2025-11-27T09:44:15.859366+00:00,train,4,9490,self,0.05,0,99,
2025-11-27T09:44:15.859512+00:00,train,4,9491,self,0.05,0,94,
2025-11-27T09:44:15.859612+00:00,train,4,9492,self,0.05,0,100,
2025-11-27T09:44:15.859712+00:00,train,4,9493,self,0.05,0,93,
2025-11-27T09:44:15.859812+00:00,train,4,9494,self,0.05,0,97,
2025-11-27T09:44:15.859912+00:00,train,4,9495,self,0.05,0,95,
2025-11-27T09:44:15.860012+00:00,train,4,9496,self,0.05,0,97,
2025-11-27T09:44:15.860111+00:00,train,4,9497,self,0.05,0,99,
2025-11-27T09:44:15.860211+00:00,train,4,9498,self,0.05,0,99,
2025-11-27T09:44:15.860311+00:00,train,4,9499,self,0.05,0,90,
2025-11-27T09:44:15.860411+00:00,train,4,9500,self,0.05,0,98,
2025-11-27T09:44:15.860511+00:00,train,4,9501,self,0.05,0,93,
2025-11-27T09:44:15.860611+00:00,train,4,9502,self,0.05,0,97,
2025-11-27T09:44:15.860710+00:00,train,4,9503,self,0.05,0,96,
2025-11-27T09:44:15.860810+00:00,train,4,9504,self,0.05,0,99,
2025-11-27T09:44:15.860909+00:00,train,4,9505,self,0.05,0,97,
2025-11-27T09:44:15.861009+00:00,train,4,9506,self,0.05,0,100,
2025-11-27T09:44:15.861109+00:00,train,4,9507,self,0.05,0,98,
2025-11-27T09:44:15.861315+00:00,train,4,9508,self,0.05,0,98,
2025-11-27T09:44:15.861440+00:00,train,4,9509,self,0.05,0,99,
2025-11-27T09:44:15.861555+00:00,train,4,9510,self,0.05,0,100,
2025-11-27T09:44:15.861685+00:00,train,4,9511,self,0.05,0,91,
2025-11-27T09:44:15.861794+00:00,train,4,9512,self,0.05,0,100,
2025-11-27T09:44:15.861959+00:00,train,4,9513,self,0.05,0,97,
2025-11-27T09:44:15.862077+00:00,train,4,9514,self,0.05,0,99,
2025-11-27T09:44:15.862186+00:00,train,4,9515,self,0.05,0,86,
2025-11-27T09:44:15.862292+00:00,train,4,9516,self,0.05,0,100,
2025-11-27T09:44:15.862396+00:00,train,4,9517,self,0.05,0,97,
2025-11-27T09:44:15.862503+00:00,train,4,9518,self,0.05,0,99,
2025-11-27T09:44:15.862655+00:00,train,4,9519,self,0.05,0,96,
2025-11-27T09:44:15.862771+00:00,train,4,9520,self,0.05,0,99,
2025-11-27T09:44:15.862878+00:00,train,4,9521,self,0.05,0,91,
2025-11-27T09:44:15.862982+00:00,train,4,9522,self,0.05,0,99,
2025-11-27T09:44:15.863084+00:00,train,4,9523,self,0.05,0,87,
2025-11-27T09:44:15.863185+00:00,train,4,9524,self,0.05,0,93,
2025-11-27T09:44:15.863285+00:00,train,4,9525,self,0.05,0,96,
2025-11-27T09:44:15.863388+00:00,train,4,9526,self,0.05,0,99,
2025-11-27T09:44:15.863487+00:00,train,4,9527,self,0.05,0,98,
2025-11-27T09:44:15.863586+00:00,train,4,9528,self,0.05,0,100,
2025-11-27T09:44:15.863685+00:00,train,4,9529,self,0.05,0,78,
2025-11-27T09:44:15.863783+00:00,train,4,9530,self,0.05,0,99,
2025-11-27T09:44:15.863882+00:00,train,4,9531,self,0.05,0,95,
2025-11-27T09:44:15.863981+00:00,train,4,9532,self,0.05,0,97,
2025-11-27T09:44:15.864079+00:00,train,4,9533,self,0.05,0,98,
2025-11-27T09:44:15.864178+00:00,train,4,9534,self,0.05,0,100,
2025-11-27T09:44:15.864277+00:00,train,4,9535,self,0.05,0,98,
2025-11-27T09:44:15.864375+00:00,train,4,9536,self,0.05,0,100,
2025-11-27T09:44:15.864473+00:00,train,4,9537,self,0.05,0,93,
2025-11-27T09:44:15.864571+00:00,train,4,9538,self,0.05,0,99,
2025-11-27T09:44:15.864669+00:00,train,4,9539,self,0.05,0,94,
2025-11-27T09:44:15.864767+00:00,train,4,9540,self,0.05,0,95,
2025-11-27T09:44:15.864867+00:00,train,4,9541,self,0.05,0,92,
2025-11-27T09:44:15.864965+00:00,train,4,9542,self,0.05,0,94,
2025-11-27T09:44:15.865063+00:00,train,4,9543,self,0.05,0,95,
2025-11-27T09:44:15.865161+00:00,train,4,9544,self,0.05,0,97,
2025-11-27T09:44:15.865259+00:00,train,4,9545,self,0.05,0,99,
2025-11-27T09:44:15.865357+00:00,train,4,9546,self,0.05,0,100,
2025-11-27T09:44:15.865454+00:00,train,4,9547,self,0.05,0,97,
2025-11-27T09:44:15.865552+00:00,train,4,9548,self,0.05,0,99,
2025-11-27T09:44:15.865650+00:00,train,4,9549,self,0.05,0,92,
2025-11-27T09:44:15.865748+00:00,train,4,9550,self,0.05,0,96,
2025-11-27T09:44:15.865845+00:00,train,4,9551,self,0.05,0,100,
2025-11-27T09:44:15.865943+00:00,train,4,9552,self,0.05,0,100,
2025-11-27T09:44:15.866041+00:00,train,4,9553,self,0.05,0,92,
2025-11-27T09:44:15.866139+00:00,train,4,9554,self,0.05,0,96,
2025-11-27T09:44:15.866237+00:00,train,4,9555,self,0.05,0,92,
2025-11-27T09:44:15.866336+00:00,train,4,9556,self,0.05,0,100,
2025-11-27T09:44:15.866433+00:00,train,4,9557,self,0.05,0,96,
2025-11-27T09:44:15.866531+00:00,train,4,9558,self,0.05,0,100,
2025-11-27T09:44:15.866673+00:00,train,4,9559,self,0.05,0,91,
2025-11-27T09:44:15.866772+00:00,train,4,9560,self,0.05,0,99,
2025-11-27T09:44:15.866870+00:00,train,4,9561,self,0.05,0,92,
2025-11-27T09:44:15.866967+00:00,train,4,9562,self,0.05,0,95,
2025-11-27T09:44:15.867066+00:00,train,4,9563,self,0.05,0,92,
2025-11-27T09:44:15.867164+00:00,train,4,9564,self,0.05,0,99,
2025-11-27T09:44:15.867311+00:00,train,4,9565,self,0.05,0,86,
2025-11-27T09:44:15.867427+00:00,train,4,9566,self,0.05,0,99,
2025-11-27T09:44:15.867535+00:00,train,4,9567,self,0.05,0,85,
2025-11-27T09:44:15.867639+00:00,train,4,9568,self,0.05,0,98,
2025-11-27T09:44:15.867741+00:00,train,4,9569,self,0.05,0,87,
2025-11-27T09:44:15.867842+00:00,train,4,9570,self,0.05,0,99,
2025-11-27T09:44:15.867942+00:00,train,4,9571,self,0.05,0,88,
2025-11-27T09:44:15.868042+00:00,train,4,9572,self,0.05,0,89,
2025-11-27T09:44:15.868140+00:00,train,4,9573,self,0.05,0,93,
2025-11-27T09:44:15.868239+00:00,train,4,9574,self,0.05,0,97,
2025-11-27T09:44:15.868337+00:00,train,4,9575,self,0.05,0,94,
2025-11-27T09:44:15.868435+00:00,train,4,9576,self,0.05,0,96,
2025-11-27T09:44:15.868534+00:00,train,4,9577,self,0.05,0,94,
2025-11-27T09:44:15.868632+00:00,train,4,9578,self,0.05,0,97,
2025-11-27T09:44:15.868730+00:00,train,4,9579,self,0.05,0,95,
2025-11-27T09:44:15.868828+00:00,train,4,9580,self,0.05,0,99,
2025-11-27T09:44:15.868926+00:00,train,4,9581,self,0.05,0,97,
2025-11-27T09:44:15.869024+00:00,train,4,9582,self,0.05,0,99,
2025-11-27T09:44:15.869122+00:00,train,4,9583,self,0.05,0,91,
2025-11-27T09:44:15.869220+00:00,train,4,9584,self,0.05,0,98,
2025-11-27T09:44:15.869318+00:00,train,4,9585,self,0.05,0,91,
2025-11-27T09:44:15.869415+00:00,train,4,9586,self,0.05,0,100,
2025-11-27T09:44:15.869513+00:00,train,4,9587,self,0.05,0,96,
2025-11-27T09:44:15.869611+00:00,train,4,9588,self,0.05,0,97,
2025-11-27T09:44:15.869709+00:00,train,4,9589,self,0.05,0,97,
2025-11-27T09:44:15.869806+00:00,train,4,9590,self,0.05,0,98,
2025-11-27T09:44:15.869904+00:00,train,4,9591,self,0.05,0,95,
2025-11-27T09:44:15.870002+00:00,train,4,9592,self,0.05,0,100,
2025-11-27T09:44:15.870100+00:00,train,4,9593,self,0.05,0,90,
2025-11-27T09:44:15.870198+00:00,train,4,9594,self,0.05,0,100,
2025-11-27T09:44:15.870296+00:00,train,4,9595,self,0.05,0,99,
2025-11-27T09:44:15.870394+00:00,train,4,9596,self,0.05,0,99,
2025-11-27T09:44:15.870492+00:00,train,4,9597,self,0.05,0,89,
2025-11-27T09:44:15.870590+00:00,train,4,9598,self,0.05,0,96,
2025-11-27T09:44:15.870689+00:00,train,4,9599,self,0.05,0,90,
2025-11-27T09:44:15.870787+00:00,train,4,9600,self,0.05,0,100,
2025-11-27T09:44:15.873688+00:00,train,4,9601,self,0.05,0,86,
2025-11-27T09:44:15.873863+00:00,train,4,9602,self,0.05,0,91,
2025-11-27T09:44:15.873964+00:00,train,4,9603,self,0.05,0,95,
2025-11-27T09:44:15.874177+00:00,train,4,9604,self,0.05,0,97,
2025-11-27T09:44:15.874300+00:00,train,4,9605,self,0.05,0,95,
2025-11-27T09:44:15.874434+00:00,train,4,9606,self,0.05,0,99,
2025-11-27T09:44:15.874547+00:00,train,4,9607,self,0.05,0,96,
2025-11-27T09:44:15.874710+00:00,train,4,9608,self,0.05,0,99,
2025-11-27T09:44:15.874814+00:00,train,4,9609,self,0.05,0,93,
2025-11-27T09:44:15.874939+00:00,train,4,9610,self,0.05,0,96,
2025-11-27T09:44:15.875042+00:00,train,4,9611,self,0.05,0,92,
2025-11-27T09:44:15.875165+00:00,train,4,9612,self,0.05,0,99,
2025-11-27T09:44:15.875268+00:00,train,4,9613,self,0.05,0,92,
2025-11-27T09:44:15.875391+00:00,train,4,9614,self,0.05,0,99,
2025-11-27T09:44:15.875509+00:00,train,4,9615,self,0.05,0,81,
2025-11-27T09:44:15.875626+00:00,train,4,9616,self,0.05,0,100,
2025-11-27T09:44:15.875731+00:00,train,4,9617,self,0.05,0,92,
2025-11-27T09:44:15.875885+00:00,train,4,9618,self,0.05,0,93,
2025-11-27T09:44:15.876006+00:00,train,4,9619,self,0.05,0,91,
2025-11-27T09:44:15.876141+00:00,train,4,9620,self,0.05,0,95,
2025-11-27T09:44:15.876251+00:00,train,4,9621,self,0.05,0,96,
2025-11-27T09:44:15.876426+00:00,train,4,9622,self,0.05,0,98,
2025-11-27T09:44:15.876570+00:00,train,4,9623,self,0.05,0,93,
2025-11-27T09:44:15.876691+00:00,train,4,9624,self,0.05,0,98,
2025-11-27T09:44:15.876807+00:00,train,4,9625,self,0.05,0,100,
2025-11-27T09:44:15.876922+00:00,train,4,9626,self,0.05,0,100,
2025-11-27T09:44:15.877034+00:00,train,4,9627,self,0.05,0,77,
2025-11-27T09:44:15.877146+00:00,train,4,9628,self,0.05,0,93,
2025-11-27T09:44:15.877258+00:00,train,4,9629,self,0.05,0,98,
2025-11-27T09:44:15.877369+00:00,train,4,9630,self,0.05,0,99,
2025-11-27T09:44:15.877494+00:00,train,4,9631,self,0.05,0,99,
2025-11-27T09:44:15.877608+00:00,train,4,9632,self,0.05,0,100,
2025-11-27T09:44:15.877721+00:00,train,4,9633,self,0.05,0,98,
2025-11-27T09:44:15.877835+00:00,train,4,9634,self,0.05,0,100,
2025-11-27T09:44:15.877949+00:00,train,4,9635,self,0.05,0,88,
2025-11-27T09:44:15.878061+00:00,train,4,9636,self,0.05,0,100,
2025-11-27T09:44:15.878175+00:00,train,4,9637,self,0.05,0,97,
2025-11-27T09:44:15.878289+00:00,train,4,9638,self,0.05,0,99,
2025-11-27T09:44:15.878402+00:00,train,4,9639,self,0.05,0,91,
2025-11-27T09:44:15.878515+00:00,train,4,9640,self,0.05,0,100,
2025-11-27T09:44:15.878645+00:00,train,4,9641,self,0.05,0,89,
2025-11-27T09:44:15.878762+00:00,train,4,9642,self,0.05,0,96,
2025-11-27T09:44:15.878877+00:00,train,4,9643,self,0.05,0,96,
2025-11-27T09:44:15.878993+00:00,train,4,9644,self,0.05,0,100,
2025-11-27T09:44:15.879109+00:00,train,4,9645,self,0.05,0,86,
2025-11-27T09:44:15.879225+00:00,train,4,9646,self,0.05,0,94,
2025-11-27T09:44:15.879341+00:00,train,4,9647,self,0.05,0,93,
2025-11-27T09:44:15.879458+00:00,train,4,9648,self,0.05,0,100,
2025-11-27T09:44:15.879585+00:00,train,4,9649,self,0.05,0,94,
2025-11-27T09:44:15.879697+00:00,train,4,9650,self,0.05,0,100,
2025-11-27T09:44:15.879810+00:00,train,4,9651,self,0.05,0,92,
2025-11-27T09:44:15.879924+00:00,train,4,9652,self,0.05,0,100,
2025-11-27T09:44:15.880037+00:00,train,4,9653,self,0.05,0,94,
2025-11-27T09:44:15.880151+00:00,train,4,9654,self,0.05,0,98,
2025-11-27T09:44:15.880263+00:00,train,4,9655,self,0.05,0,94,
2025-11-27T09:44:15.880377+00:00,train,4,9656,self,0.05,0,98,
2025-11-27T09:44:15.880489+00:00,train,4,9657,self,0.05,0,94,
2025-11-27T09:44:15.880614+00:00,train,4,9658,self,0.05,0,95,
2025-11-27T09:44:15.880720+00:00,train,4,9659,self,0.05,0,97,
2025-11-27T09:44:15.880833+00:00,train,4,9660,self,0.05,0,97,
2025-11-27T09:44:15.880939+00:00,train,4,9661,self,0.05,0,93,
2025-11-27T09:44:15.881055+00:00,train,4,9662,self,0.05,0,99,
2025-11-27T09:44:15.881162+00:00,train,4,9663,self,0.05,0,88,
2025-11-27T09:44:15.881275+00:00,train,4,9664,self,0.05,0,100,
2025-11-27T09:44:15.881384+00:00,train,4,9665,self,0.05,0,94,
2025-11-27T09:44:15.881495+00:00,train,4,9666,self,0.05,0,98,
2025-11-27T09:44:15.881613+00:00,train,4,9667,self,0.05,0,94,
2025-11-27T09:44:15.881723+00:00,train,4,9668,self,0.05,0,97,
2025-11-27T09:44:15.881827+00:00,train,4,9669,self,0.05,0,94,
2025-11-27T09:44:15.881946+00:00,train,4,9670,self,0.05,0,100,
2025-11-27T09:44:15.882053+00:00,train,4,9671,self,0.05,0,100,
2025-11-27T09:44:15.882164+00:00,train,4,9672,self,0.05,0,100,
2025-11-27T09:44:15.882269+00:00,train,4,9673,self,0.05,0,97,
2025-11-27T09:44:15.882379+00:00,train,4,9674,self,0.05,0,97,
2025-11-27T09:44:15.882500+00:00,train,4,9675,self,0.05,0,97,
2025-11-27T09:44:15.882602+00:00,train,4,9676,self,0.05,0,98,
2025-11-27T09:44:15.882709+00:00,train,4,9677,self,0.05,0,87,
2025-11-27T09:44:15.882811+00:00,train,4,9678,self,0.05,0,96,
2025-11-27T09:44:15.882919+00:00,train,4,9679,self,0.05,0,100,
2025-11-27T09:44:15.883020+00:00,train,4,9680,self,0.05,0,100,
2025-11-27T09:44:15.883128+00:00,train,4,9681,self,0.05,0,96,
2025-11-27T09:44:15.883229+00:00,train,4,9682,self,0.05,0,99,
2025-11-27T09:44:15.883337+00:00,train,4,9683,self,0.05,0,76,
2025-11-27T09:44:15.883439+00:00,train,4,9684,self,0.05,0,100,
2025-11-27T09:44:15.883546+00:00,train,4,9685,self,0.05,0,91,
2025-11-27T09:44:15.883648+00:00,train,4,9686,self,0.05,0,100,
2025-11-27T09:44:15.883756+00:00,train,4,9687,self,0.05,0,100,
2025-11-27T09:44:15.883910+00:00,train,4,9688,self,0.05,0,100,
2025-11-27T09:44:15.884062+00:00,train,4,9689,self,0.05,0,97,
2025-11-27T09:44:15.884203+00:00,train,4,9690,self,0.05,0,99,
2025-11-27T09:44:15.884317+00:00,train,4,9691,self,0.05,0,90,
2025-11-27T09:44:15.884505+00:00,train,4,9692,self,0.05,0,96,
2025-11-27T09:44:15.884628+00:00,train,4,9693,self,0.05,0,92,
2025-11-27T09:44:15.884731+00:00,train,4,9694,self,0.05,0,100,
2025-11-27T09:44:15.884867+00:00,train,4,9695,self,0.05,0,99,
2025-11-27T09:44:15.884968+00:00,train,4,9696,self,0.05,0,100,
2025-11-27T09:44:15.885154+00:00,train,4,9697,self,0.05,0,95,
2025-11-27T09:44:15.885273+00:00,train,4,9698,self,0.05,0,100,
2025-11-27T09:44:15.885376+00:00,train,4,9699,self,0.05,0,91,
2025-11-27T09:44:15.885510+00:00,train,4,9700,self,0.05,0,96,
2025-11-27T09:44:15.885612+00:00,train,4,9701,self,0.05,0,75,
2025-11-27T09:44:15.885747+00:00,train,4,9702,self,0.05,0,93,
2025-11-27T09:44:15.885847+00:00,train,4,9703,self,0.05,0,94,
2025-11-27T09:44:15.885974+00:00,train,4,9704,self,0.05,0,96,
2025-11-27T09:44:15.886075+00:00,train,4,9705,self,0.05,0,100,
2025-11-27T09:44:15.886216+00:00,train,4,9706,self,0.05,0,100,
2025-11-27T09:44:15.886316+00:00,train,4,9707,self,0.05,0,83,
2025-11-27T09:44:15.886436+00:00,train,4,9708,self,0.05,0,100,
2025-11-27T09:44:15.886536+00:00,train,4,9709,self,0.05,0,87,
2025-11-27T09:44:15.886656+00:00,train,4,9710,self,0.05,0,95,
2025-11-27T09:44:15.886756+00:00,train,4,9711,self,0.05,0,99,
2025-11-27T09:44:15.886876+00:00,train,4,9712,self,0.05,0,100,
2025-11-27T09:44:15.886977+00:00,train,4,9713,self,0.05,0,87,
2025-11-27T09:44:15.887077+00:00,train,4,9714,self,0.05,0,99,
2025-11-27T09:44:15.887176+00:00,train,4,9715,self,0.05,0,98,
2025-11-27T09:44:15.887322+00:00,train,4,9716,self,0.05,0,99,
2025-11-27T09:44:15.887422+00:00,train,4,9717,self,0.05,0,94,
2025-11-27T09:44:15.887522+00:00,train,4,9718,self,0.05,0,100,
2025-11-27T09:44:15.887622+00:00,train,4,9719,self,0.05,0,92,
2025-11-27T09:44:15.887722+00:00,train,4,9720,self,0.05,0,99,
2025-11-27T09:44:15.887822+00:00,train,4,9721,self,0.05,0,98,
2025-11-27T09:44:15.887921+00:00,train,4,9722,self,0.05,0,99,
2025-11-27T09:44:15.888022+00:00,train,4,9723,self,0.05,0,85,
2025-11-27T09:44:15.888122+00:00,train,4,9724,self,0.05,0,94,
2025-11-27T09:44:15.888222+00:00,train,4,9725,self,0.05,0,86,
2025-11-27T09:44:15.888323+00:00,train,4,9726,self,0.05,0,88,
2025-11-27T09:44:15.888423+00:00,train,4,9727,self,0.05,0,87,
2025-11-27T09:44:15.888522+00:00,train,4,9728,self,0.05,0,99,
2025-11-27T09:44:15.888622+00:00,train,4,9729,self,0.05,0,86,
2025-11-27T09:44:15.888722+00:00,train,4,9730,self,0.05,0,99,
2025-11-27T09:44:15.888822+00:00,train,4,9731,self,0.05,0,93,
2025-11-27T09:44:15.888923+00:00,train,4,9732,self,0.05,0,99,
2025-11-27T09:44:15.889022+00:00,train,4,9733,self,0.05,0,92,
2025-11-27T09:44:15.889122+00:00,train,4,9734,self,0.05,0,100,
2025-11-27T09:44:15.889224+00:00,train,4,9735,self,0.05,0,93,
2025-11-27T09:44:15.889324+00:00,train,4,9736,self,0.05,0,99,
2025-11-27T09:44:15.889424+00:00,train,4,9737,self,0.05,0,89,
2025-11-27T09:44:15.889524+00:00,train,4,9738,self,0.05,0,99,
2025-11-27T09:44:15.889624+00:00,train,4,9739,self,0.05,0,95,
2025-11-27T09:44:15.889723+00:00,train,4,9740,self,0.05,0,100,
2025-11-27T09:44:15.889823+00:00,train,4,9741,self,0.05,0,95,
2025-11-27T09:44:15.889923+00:00,train,4,9742,self,0.05,0,98,
2025-11-27T09:44:15.890023+00:00,train,4,9743,self,0.05,0,99,
2025-11-27T09:44:15.890124+00:00,train,4,9744,self,0.05,0,100,
2025-11-27T09:44:15.890224+00:00,train,4,9745,self,0.05,0,97,
2025-11-27T09:44:15.890324+00:00,train,4,9746,self,0.05,0,99,
2025-11-27T09:44:15.890424+00:00,train,4,9747,self,0.05,0,100,
2025-11-27T09:44:15.890524+00:00,train,4,9748,self,0.05,0,100,
2025-11-27T09:44:15.890624+00:00,train,4,9749,self,0.05,0,88,
2025-11-27T09:44:15.890723+00:00,train,4,9750,self,0.05,0,100,
2025-11-27T09:44:15.890823+00:00,train,4,9751,self,0.05,0,80,
2025-11-27T09:44:15.890923+00:00,train,4,9752,self,0.05,0,96,
2025-11-27T09:44:15.891022+00:00,train,4,9753,self,0.05,0,97,
2025-11-27T09:44:15.891122+00:00,train,4,9754,self,0.05,0,99,
2025-11-27T09:44:15.891222+00:00,train,4,9755,self,0.05,0,89,
2025-11-27T09:44:15.891321+00:00,train,4,9756,self,0.05,0,99,
2025-11-27T09:44:15.891421+00:00,train,4,9757,self,0.05,0,99,
2025-11-27T09:44:15.891521+00:00,train,4,9758,self,0.05,0,99,
2025-11-27T09:44:15.891621+00:00,train,4,9759,self,0.05,0,95,
2025-11-27T09:44:15.891720+00:00,train,4,9760,self,0.05,0,98,
2025-11-27T09:44:15.891820+00:00,train,4,9761,self,0.05,0,97,
2025-11-27T09:44:15.891920+00:00,train,4,9762,self,0.05,0,99,
2025-11-27T09:44:15.892196+00:00,train,4,9763,self,0.05,0,100,
2025-11-27T09:44:15.892313+00:00,train,4,9764,self,0.05,0,100,
2025-11-27T09:44:15.892422+00:00,train,4,9765,self,0.05,0,72,
2025-11-27T09:44:15.892527+00:00,train,4,9766,self,0.05,0,100,
2025-11-27T09:44:15.892630+00:00,train,4,9767,self,0.05,0,97,
2025-11-27T09:44:15.892732+00:00,train,4,9768,self,0.05,0,100,
2025-11-27T09:44:15.892832+00:00,train,4,9769,self,0.05,0,87,
2025-11-27T09:44:15.892932+00:00,train,4,9770,self,0.05,0,87,
2025-11-27T09:44:15.893113+00:00,train,4,9771,self,0.05,0,68,
2025-11-27T09:44:15.893214+00:00,train,4,9772,self,0.05,0,88,
2025-11-27T09:44:15.893314+00:00,train,4,9773,self,0.05,0,95,
2025-11-27T09:44:15.893413+00:00,train,4,9774,self,0.05,0,100,
2025-11-27T09:44:15.893512+00:00,train,4,9775,self,0.05,0,94,
2025-11-27T09:44:15.893611+00:00,train,4,9776,self,0.05,0,97,
2025-11-27T09:44:15.893709+00:00,train,4,9777,self,0.05,0,94,
2025-11-27T09:44:15.893809+00:00,train,4,9778,self,0.05,0,97,
2025-11-27T09:44:15.893908+00:00,train,4,9779,self,0.05,0,100,
2025-11-27T09:44:15.894006+00:00,train,4,9780,self,0.05,0,100,
2025-11-27T09:44:15.894105+00:00,train,4,9781,self,0.05,0,96,
2025-11-27T09:44:15.894203+00:00,train,4,9782,self,0.05,0,100,
2025-11-27T09:44:15.894304+00:00,train,4,9783,self,0.05,0,96,
2025-11-27T09:44:15.894403+00:00,train,4,9784,self,0.05,0,98,
2025-11-27T09:44:15.894501+00:00,train,4,9785,self,0.05,0,78,
2025-11-27T09:44:15.894600+00:00,train,4,9786,self,0.05,0,100,
2025-11-27T09:44:15.894699+00:00,train,4,9787,self,0.05,0,96,
2025-11-27T09:44:15.894798+00:00,train,4,9788,self,0.05,0,100,
2025-11-27T09:44:15.894896+00:00,train,4,9789,self,0.05,0,90,
2025-11-27T09:44:15.894994+00:00,train,4,9790,self,0.05,0,99,
2025-11-27T09:44:15.895093+00:00,train,4,9791,self,0.05,0,98,
2025-11-27T09:44:15.895192+00:00,train,4,9792,self,0.05,0,98,
2025-11-27T09:44:15.895291+00:00,train,4,9793,self,0.05,0,100,
2025-11-27T09:44:15.895390+00:00,train,4,9794,self,0.05,0,100,
2025-11-27T09:44:15.895493+00:00,train,4,9795,self,0.05,0,96,
2025-11-27T09:44:15.895593+00:00,train,4,9796,self,0.05,0,98,
2025-11-27T09:44:15.895691+00:00,train,4,9797,self,0.05,0,98,
2025-11-27T09:44:15.895790+00:00,train,4,9798,self,0.05,0,99,
2025-11-27T09:44:15.896040+00:00,train,4,9799,self,0.05,0,97,
2025-11-27T09:44:15.896166+00:00,train,4,9800,self,0.05,0,100,
2025-11-27T09:44:15.896298+00:00,train,4,9801,self,0.05,0,94,
2025-11-27T09:44:15.896411+00:00,train,4,9802,self,0.05,0,96,
2025-11-27T09:44:15.896537+00:00,train,4,9803,self,0.05,0,95,
2025-11-27T09:44:15.896647+00:00,train,4,9804,self,0.05,0,98,
2025-11-27T09:44:15.896770+00:00,train,4,9805,self,0.05,0,89,
2025-11-27T09:44:15.896874+00:00,train,4,9806,self,0.05,0,98,
2025-11-27T09:44:15.896997+00:00,train,4,9807,self,0.05,0,85,
2025-11-27T09:44:15.897101+00:00,train,4,9808,self,0.05,0,92,
2025-11-27T09:44:15.897211+00:00,train,4,9809,self,0.05,0,93,
2025-11-27T09:44:15.897314+00:00,train,4,9810,self,0.05,0,98,
2025-11-27T09:44:15.897478+00:00,train,4,9811,self,0.05,0,96,
2025-11-27T09:44:15.897597+00:00,train,4,9812,self,0.05,0,98,
2025-11-27T09:44:15.897707+00:00,train,4,9813,self,0.05,0,97,
2025-11-27T09:44:15.897813+00:00,train,4,9814,self,0.05,0,98,
2025-11-27T09:44:15.897916+00:00,train,4,9815,self,0.05,0,96,
2025-11-27T09:44:15.898019+00:00,train,4,9816,self,0.05,0,100,
2025-11-27T09:44:15.898120+00:00,train,4,9817,self,0.05,0,91,
2025-11-27T09:44:15.898220+00:00,train,4,9818,self,0.05,0,92,
2025-11-27T09:44:15.898321+00:00,train,4,9819,self,0.05,0,77,
2025-11-27T09:44:15.898421+00:00,train,4,9820,self,0.05,0,100,
2025-11-27T09:44:15.898521+00:00,train,4,9821,self,0.05,0,92,
2025-11-27T09:44:15.898623+00:00,train,4,9822,self,0.05,0,95,
2025-11-27T09:44:15.898723+00:00,train,4,9823,self,0.05,0,76,
2025-11-27T09:44:15.898823+00:00,train,4,9824,self,0.05,0,100,
2025-11-27T09:44:15.898923+00:00,train,4,9825,self,0.05,0,92,
2025-11-27T09:44:15.899024+00:00,train,4,9826,self,0.05,0,97,
2025-11-27T09:44:15.899124+00:00,train,4,9827,self,0.05,0,99,
2025-11-27T09:44:15.899224+00:00,train,4,9828,self,0.05,0,100,
2025-11-27T09:44:15.899324+00:00,train,4,9829,self,0.05,0,91,
2025-11-27T09:44:15.899425+00:00,train,4,9830,self,0.05,0,92,
2025-11-27T09:44:15.899524+00:00,train,4,9831,self,0.05,0,99,
2025-11-27T09:44:15.899624+00:00,train,4,9832,self,0.05,0,99,
2025-11-27T09:44:15.899724+00:00,train,4,9833,self,0.05,0,91,
2025-11-27T09:44:15.899824+00:00,train,4,9834,self,0.05,0,100,
2025-11-27T09:44:15.899924+00:00,train,4,9835,self,0.05,0,92,
2025-11-27T09:44:15.900024+00:00,train,4,9836,self,0.05,0,99,
2025-11-27T09:44:15.900124+00:00,train,4,9837,self,0.05,0,97,
2025-11-27T09:44:15.900223+00:00,train,4,9838,self,0.05,0,99,
2025-11-27T09:44:15.900324+00:00,train,4,9839,self,0.05,0,93,
2025-11-27T09:44:15.900423+00:00,train,4,9840,self,0.05,0,97,
2025-11-27T09:44:15.900523+00:00,train,4,9841,self,0.05,0,97,
2025-11-27T09:44:15.900623+00:00,train,4,9842,self,0.05,0,100,
2025-11-27T09:44:15.900723+00:00,train,4,9843,self,0.05,0,98,
2025-11-27T09:44:15.900823+00:00,train,4,9844,self,0.05,0,99,
2025-11-27T09:44:15.900922+00:00,train,4,9845,self,0.05,0,93,
2025-11-27T09:44:15.901022+00:00,train,4,9846,self,0.05,0,97,
2025-11-27T09:44:15.901121+00:00,train,4,9847,self,0.05,0,86,
2025-11-27T09:44:15.901221+00:00,train,4,9848,self,0.05,0,96,
2025-11-27T09:44:15.901320+00:00,train,4,9849,self,0.05,0,83,
2025-11-27T09:44:15.901420+00:00,train,4,9850,self,0.05,0,90,
2025-11-27T09:44:15.901519+00:00,train,4,9851,self,0.05,0,93,
2025-11-27T09:44:15.901620+00:00,train,4,9852,self,0.05,0,100,
2025-11-27T09:44:15.901719+00:00,train,4,9853,self,0.05,0,88,
2025-11-27T09:44:15.901819+00:00,train,4,9854,self,0.05,0,99,
2025-11-27T09:44:15.901919+00:00,train,4,9855,self,0.05,0,90,
2025-11-27T09:44:15.902019+00:00,train,4,9856,self,0.05,0,100,
2025-11-27T09:44:15.902118+00:00,train,4,9857,self,0.05,0,81,
2025-11-27T09:44:15.902218+00:00,train,4,9858,self,0.05,0,96,
2025-11-27T09:44:15.902317+00:00,train,4,9859,self,0.05,0,98,
2025-11-27T09:44:15.902417+00:00,train,4,9860,self,0.05,0,100,
2025-11-27T09:44:15.902516+00:00,train,4,9861,self,0.05,0,100,
2025-11-27T09:44:15.902615+00:00,train,4,9862,self,0.05,0,100,
2025-11-27T09:44:15.902715+00:00,train,4,9863,self,0.05,0,96,
2025-11-27T09:44:15.902815+00:00,train,4,9864,self,0.05,0,100,
2025-11-27T09:44:15.902916+00:00,train,4,9865,self,0.05,0,92,
2025-11-27T09:44:15.903016+00:00,train,4,9866,self,0.05,0,100,
2025-11-27T09:44:15.903116+00:00,train,4,9867,self,0.05,0,92,
2025-11-27T09:44:15.903216+00:00,train,4,9868,self,0.05,0,98,
2025-11-27T09:44:15.903318+00:00,train,4,9869,self,0.05,0,93,
2025-11-27T09:44:15.903436+00:00,train,4,9870,self,0.05,0,94,
2025-11-27T09:44:15.903537+00:00,train,4,9871,self,0.05,0,99,
2025-11-27T09:44:15.903638+00:00,train,4,9872,self,0.05,0,100,
2025-11-27T09:44:15.903740+00:00,train,4,9873,self,0.05,0,90,
2025-11-27T09:44:15.903840+00:00,train,4,9874,self,0.05,0,97,
2025-11-27T09:44:15.903940+00:00,train,4,9875,self,0.05,0,93,
2025-11-27T09:44:15.904040+00:00,train,4,9876,self,0.05,0,97,
2025-11-27T09:44:15.904140+00:00,train,4,9877,self,0.05,0,85,
2025-11-27T09:44:15.904240+00:00,train,4,9878,self,0.05,0,96,
2025-11-27T09:44:15.904339+00:00,train,4,9879,self,0.05,0,85,
2025-11-27T09:44:15.904439+00:00,train,4,9880,self,0.05,0,97,
2025-11-27T09:44:15.904539+00:00,train,4,9881,self,0.05,0,98,
2025-11-27T09:44:15.904640+00:00,train,4,9882,self,0.05,0,100,
2025-11-27T09:44:15.904740+00:00,train,4,9883,self,0.05,0,96,
2025-11-27T09:44:15.904839+00:00,train,4,9884,self,0.05,0,99,
2025-11-27T09:44:15.904939+00:00,train,4,9885,self,0.05,0,99,
2025-11-27T09:44:15.905038+00:00,train,4,9886,self,0.05,0,100,
2025-11-27T09:44:15.905139+00:00,train,4,9887,self,0.05,0,88,
2025-11-27T09:44:15.905239+00:00,train,4,9888,self,0.05,0,95,
2025-11-27T09:44:15.905338+00:00,train,4,9889,self,0.05,0,95,
2025-11-27T09:44:15.905438+00:00,train,4,9890,self,0.05,0,100,
2025-11-27T09:44:15.905538+00:00,train,4,9891,self,0.05,0,93,
2025-11-27T09:44:15.905637+00:00,train,4,9892,self,0.05,0,94,
2025-11-27T09:44:15.905737+00:00,train,4,9893,self,0.05,0,99,
2025-11-27T09:44:15.905837+00:00,train,4,9894,self,0.05,0,100,
2025-11-27T09:44:15.905937+00:00,train,4,9895,self,0.05,0,97,
2025-11-27T09:44:15.906144+00:00,train,4,9896,self,0.05,0,100,
2025-11-27T09:44:15.906259+00:00,train,4,9897,self,0.05,0,97,
2025-11-27T09:44:15.906367+00:00,train,4,9898,self,0.05,0,99,
2025-11-27T09:44:15.906472+00:00,train,4,9899,self,0.05,0,91,
2025-11-27T09:44:15.906575+00:00,train,4,9900,self,0.05,0,98,
2025-11-27T09:44:15.906676+00:00,train,4,9901,self,0.05,0,82,
2025-11-27T09:44:15.906776+00:00,train,4,9902,self,0.05,0,100,
2025-11-27T09:44:15.906876+00:00,train,4,9903,self,0.05,0,92,
2025-11-27T09:44:15.906976+00:00,train,4,9904,self,0.05,0,96,
2025-11-27T09:44:15.907075+00:00,train,4,9905,self,0.05,0,99,
2025-11-27T09:44:15.907174+00:00,train,4,9906,self,0.05,0,100,
2025-11-27T09:44:15.907273+00:00,train,4,9907,self,0.05,0,70,
2025-11-27T09:44:15.907377+00:00,train,4,9908,self,0.05,0,100,
2025-11-27T09:44:15.907476+00:00,train,4,9909,self,0.05,0,89,
2025-11-27T09:44:15.907575+00:00,train,4,9910,self,0.05,0,100,
2025-11-27T09:44:15.907674+00:00,train,4,9911,self,0.05,0,95,
2025-11-27T09:44:15.907772+00:00,train,4,9912,self,0.05,0,99,
2025-11-27T09:44:15.907871+00:00,train,4,9913,self,0.05,0,69,
2025-11-27T09:44:15.907970+00:00,train,4,9914,self,0.05,0,98,
2025-11-27T09:44:15.908068+00:00,train,4,9915,self,0.05,0,84,
2025-11-27T09:44:15.908168+00:00,train,4,9916,self,0.05,0,99,
2025-11-27T09:44:15.908266+00:00,train,4,9917,self,0.05,0,98,
2025-11-27T09:44:15.908365+00:00,train,4,9918,self,0.05,0,99,
2025-11-27T09:44:15.908464+00:00,train,4,9919,self,0.05,0,100,
2025-11-27T09:44:15.908562+00:00,train,4,9920,self,0.05,0,100,
2025-11-27T09:44:15.908661+00:00,train,4,9921,self,0.05,0,87,
2025-11-27T09:44:15.908760+00:00,train,4,9922,self,0.05,0,97,
2025-11-27T09:44:15.908859+00:00,train,4,9923,self,0.05,0,97,
2025-11-27T09:44:15.908958+00:00,train,4,9924,self,0.05,0,97,
2025-11-27T09:44:15.909057+00:00,train,4,9925,self,0.05,0,91,
2025-11-27T09:44:15.909155+00:00,train,4,9926,self,0.05,0,92,
2025-11-27T09:44:15.909253+00:00,train,4,9927,self,0.05,0,98,
2025-11-27T09:44:15.909352+00:00,train,4,9928,self,0.05,0,99,
2025-11-27T09:44:15.909450+00:00,train,4,9929,self,0.05,0,89,
2025-11-27T09:44:15.909551+00:00,train,4,9930,self,0.05,0,98,
2025-11-27T09:44:15.909649+00:00,train,4,9931,self,0.05,0,99,
2025-11-27T09:44:15.909748+00:00,train,4,9932,self,0.05,0,100,
2025-11-27T09:44:15.909846+00:00,train,4,9933,self,0.05,0,80,
2025-11-27T09:44:15.909945+00:00,train,4,9934,self,0.05,0,100,
2025-11-27T09:44:15.910043+00:00,train,4,9935,self,0.05,0,86,
2025-11-27T09:44:15.910141+00:00,train,4,9936,self,0.05,0,99,
2025-11-27T09:44:15.910239+00:00,train,4,9937,self,0.05,0,97,
2025-11-27T09:44:15.910338+00:00,train,4,9938,self,0.05,0,100,
2025-11-27T09:44:15.910436+00:00,train,4,9939,self,0.05,0,83,
2025-11-27T09:44:15.910535+00:00,train,4,9940,self,0.05,0,92,
2025-11-27T09:44:15.910633+00:00,train,4,9941,self,0.05,0,94,
2025-11-27T09:44:15.910731+00:00,train,4,9942,self,0.05,0,98,
2025-11-27T09:44:15.910829+00:00,train,4,9943,self,0.05,0,96,
2025-11-27T09:44:15.910928+00:00,train,4,9944,self,0.05,0,100,
2025-11-27T09:44:15.911026+00:00,train,4,9945,self,0.05,0,90,
2025-11-27T09:44:15.911124+00:00,train,4,9946,self,0.05,0,97,
2025-11-27T09:44:15.911222+00:00,train,4,9947,self,0.05,0,94,
2025-11-27T09:44:15.911321+00:00,train,4,9948,self,0.05,0,100,
2025-11-27T09:44:15.911419+00:00,train,4,9949,self,0.05,0,87,
2025-11-27T09:44:15.911517+00:00,train,4,9950,self,0.05,0,99,
2025-11-27T09:44:15.911615+00:00,train,4,9951,self,0.05,0,99,
2025-11-27T09:44:15.911714+00:00,train,4,9952,self,0.05,0,99,
2025-11-27T09:44:15.911812+00:00,train,4,9953,self,0.05,0,100,
2025-11-27T09:44:15.911912+00:00,train,4,9954,self,0.05,0,100,
2025-11-27T09:44:15.912010+00:00,train,4,9955,self,0.05,0,87,
2025-11-27T09:44:15.912109+00:00,train,4,9956,self,0.05,0,96,
2025-11-27T09:44:15.912207+00:00,train,4,9957,self,0.05,0,99,
2025-11-27T09:44:15.912306+00:00,train,4,9958,self,0.05,0,100,
2025-11-27T09:44:15.912405+00:00,train,4,9959,self,0.05,0,90,
2025-11-27T09:44:15.912503+00:00,train,4,9960,self,0.05,0,100,
2025-11-27T09:44:15.912602+00:00,train,4,9961,self,0.05,0,98,
2025-11-27T09:44:15.912700+00:00,train,4,9962,self,0.05,0,100,
2025-11-27T09:44:15.912799+00:00,train,4,9963,self,0.05,0,87,
2025-11-27T09:44:15.912896+00:00,train,4,9964,self,0.05,0,97,
2025-11-27T09:44:15.912995+00:00,train,4,9965,self,0.05,0,87,
2025-11-27T09:44:15.913093+00:00,train,4,9966,self,0.05,0,90,
2025-11-27T09:44:15.913191+00:00,train,4,9967,self,0.05,0,99,
2025-11-27T09:44:15.913289+00:00,train,4,9968,self,0.05,0,100,
2025-11-27T09:44:15.913388+00:00,train,4,9969,self,0.05,0,82,
2025-11-27T09:44:15.913487+00:00,train,4,9970,self,0.05,0,100,
2025-11-27T09:44:15.913586+00:00,train,4,9971,self,0.05,0,99,
2025-11-27T09:44:15.913684+00:00,train,4,9972,self,0.05,0,99,
2025-11-27T09:44:15.913783+00:00,train,4,9973,self,0.05,0,96,
2025-11-27T09:44:15.913882+00:00,train,4,9974,self,0.05,0,99,
2025-11-27T09:44:15.913980+00:00,train,4,9975,self,0.05,0,81,
2025-11-27T09:44:15.914079+00:00,train,4,9976,self,0.05,0,100,
2025-11-27T09:44:15.914177+00:00,train,4,9977,self,0.05,0,85,
2025-11-27T09:44:15.914275+00:00,train,4,9978,self,0.05,0,96,
2025-11-27T09:44:15.914374+00:00,train,4,9979,self,0.05,0,94,
2025-11-27T09:44:15.914473+00:00,train,4,9980,self,0.05,0,95,
2025-11-27T09:44:15.914571+00:00,train,4,9981,self,0.05,0,95,
2025-11-27T09:44:15.914669+00:00,train,4,9982,self,0.05,0,97,
2025-11-27T09:44:15.914767+00:00,train,4,9983,self,0.05,0,98,
2025-11-27T09:44:15.914866+00:00,train,4,9984,self,0.05,0,99,
2025-11-27T09:44:15.915022+00:00,train,4,9985,self,0.05,0,85,
2025-11-27T09:44:15.915144+00:00,train,4,9986,self,0.05,0,96,
2025-11-27T09:44:15.915274+00:00,train,4,9987,self,0.05,0,93,
2025-11-27T09:44:15.915386+00:00,train,4,9988,self,0.05,0,100,
2025-11-27T09:44:15.915551+00:00,train,4,9989,self,0.05,0,98,
2025-11-27T09:44:15.915670+00:00,train,4,9990,self,0.05,0,99,
2025-11-27T09:44:15.915779+00:00,train,4,9991,self,0.05,0,94,
2025-11-27T09:44:15.915886+00:00,train,4,9992,self,0.05,0,100,
2025-11-27T09:44:15.915990+00:00,train,4,9993,self,0.05,0,100,
2025-11-27T09:44:15.916095+00:00,train,4,9994,self,0.05,0,100,
2025-11-27T09:44:15.916198+00:00,train,4,9995,self,0.05,0,96,
2025-11-27T09:44:15.916299+00:00,train,4,9996,self,0.05,0,99,
2025-11-27T09:44:15.916400+00:00,train,4,9997,self,0.05,0,95,
2025-11-27T09:44:15.916500+00:00,train,4,9998,self,0.05,0,99,
2025-11-27T09:44:15.916600+00:00,train,4,9999,self,0.05,0,94,
2025-11-27T09:44:15.916700+00:00,train,4,10000,self,0.05,0,100,
2025-11-27T09:44:15.916800+00:00,train,4,10001,self,0.05,0,90,
2025-11-27T09:44:15.916900+00:00,train,4,10002,self,0.05,0,99,
2025-11-27T09:44:15.917000+00:00,train,4,10003,self,0.05,0,92,
2025-11-27T09:44:15.917100+00:00,train,4,10004,self,0.05,0,93,
2025-11-27T09:44:15.917227+00:00,train,4,10005,self,0.05,0,99,
2025-11-27T09:44:15.917350+00:00,train,4,10006,self,0.05,0,99,
2025-11-27T09:44:15.917451+00:00,train,4,10007,self,0.05,0,84,
2025-11-27T09:44:15.917601+00:00,train,4,10008,self,0.05,0,91,
2025-11-27T09:44:15.917706+00:00,train,4,10009,self,0.05,0,72,
2025-11-27T09:44:15.917806+00:00,train,4,10010,self,0.05,0,100,
2025-11-27T09:44:15.917906+00:00,train,4,10011,self,0.05,0,95,
2025-11-27T09:44:15.918005+00:00,train,4,10012,self,0.05,0,99,
2025-11-27T09:44:15.918105+00:00,train,4,10013,self,0.05,0,97,
2025-11-27T09:44:15.918204+00:00,train,4,10014,self,0.05,0,98,
2025-11-27T09:44:15.918303+00:00,train,4,10015,self,0.05,0,97,
2025-11-27T09:44:15.918445+00:00,train,4,10016,self,0.05,0,100,
2025-11-27T09:44:15.918574+00:00,train,4,10017,self,0.05,0,96,
2025-11-27T09:44:15.918691+00:00,train,4,10018,self,0.05,0,99,
2025-11-27T09:44:15.918790+00:00,train,4,10019,self,0.05,0,85,
2025-11-27T09:44:15.918889+00:00,train,4,10020,self,0.05,0,95,
2025-11-27T09:44:15.918989+00:00,train,4,10021,self,0.05,0,94,
2025-11-27T09:44:15.919089+00:00,train,4,10022,self,0.05,0,98,
2025-11-27T09:44:15.919188+00:00,train,4,10023,self,0.05,0,86,
2025-11-27T09:44:15.919291+00:00,train,4,10024,self,0.05,0,95,
2025-11-27T09:44:15.919392+00:00,train,4,10025,self,0.05,0,95,
2025-11-27T09:44:15.919492+00:00,train,4,10026,self,0.05,0,99,
2025-11-27T09:44:15.919592+00:00,train,4,10027,self,0.05,0,90,
2025-11-27T09:44:15.919692+00:00,train,4,10028,self,0.05,0,100,
2025-11-27T09:44:15.919792+00:00,train,4,10029,self,0.05,0,94,
2025-11-27T09:44:15.919891+00:00,train,4,10030,self,0.05,0,99,
2025-11-27T09:44:15.919991+00:00,train,4,10031,self,0.05,0,91,
2025-11-27T09:44:15.920091+00:00,train,4,10032,self,0.05,0,96,
2025-11-27T09:44:15.920191+00:00,train,4,10033,self,0.05,0,95,
2025-11-27T09:44:15.920290+00:00,train,4,10034,self,0.05,0,100,
2025-11-27T09:44:15.920389+00:00,train,4,10035,self,0.05,0,92,
2025-11-27T09:44:15.920489+00:00,train,4,10036,self,0.05,0,100,
2025-11-27T09:44:15.920588+00:00,train,4,10037,self,0.05,0,91,
2025-11-27T09:44:15.920688+00:00,train,4,10038,self,0.05,0,93,
2025-11-27T09:44:15.920788+00:00,train,4,10039,self,0.05,0,97,
2025-11-27T09:44:15.920888+00:00,train,4,10040,self,0.05,0,97,
2025-11-27T09:44:15.920987+00:00,train,4,10041,self,0.05,0,94,
2025-11-27T09:44:15.921086+00:00,train,4,10042,self,0.05,0,99,
2025-11-27T09:44:15.921186+00:00,train,4,10043,self,0.05,0,97,
2025-11-27T09:44:15.921286+00:00,train,4,10044,self,0.05,0,100,
2025-11-27T09:44:15.921385+00:00,train,4,10045,self,0.05,0,95,
2025-11-27T09:44:15.921485+00:00,train,4,10046,self,0.05,0,100,
2025-11-27T09:44:15.921584+00:00,train,4,10047,self,0.05,0,87,
2025-11-27T09:44:15.921685+00:00,train,4,10048,self,0.05,0,99,
2025-11-27T09:44:15.921784+00:00,train,4,10049,self,0.05,0,89,
2025-11-27T09:44:15.921884+00:00,train,4,10050,self,0.05,0,91,
2025-11-27T09:44:15.921983+00:00,train,4,10051,self,0.05,0,100,
2025-11-27T09:44:15.922084+00:00,train,4,10052,self,0.05,0,100,
2025-11-27T09:44:15.922183+00:00,train,4,10053,self,0.05,0,94,
2025-11-27T09:44:15.922283+00:00,train,4,10054,self,0.05,0,94,
2025-11-27T09:44:15.922382+00:00,train,4,10055,self,0.05,0,91,
2025-11-27T09:44:15.922482+00:00,train,4,10056,self,0.05,0,98,
2025-11-27T09:44:15.922582+00:00,train,4,10057,self,0.05,0,95,
2025-11-27T09:44:15.922683+00:00,train,4,10058,self,0.05,0,100,
2025-11-27T09:44:15.922783+00:00,train,4,10059,self,0.05,0,94,
2025-11-27T09:44:15.922883+00:00,train,4,10060,self,0.05,0,100,
2025-11-27T09:44:15.922983+00:00,train,4,10061,self,0.05,0,98,
2025-11-27T09:44:15.923082+00:00,train,4,10062,self,0.05,0,100,
2025-11-27T09:44:15.923182+00:00,train,4,10063,self,0.05,0,91,
2025-11-27T09:44:15.923281+00:00,train,4,10064,self,0.05,0,95,
2025-11-27T09:44:15.923381+00:00,train,4,10065,self,0.05,0,98,
2025-11-27T09:44:15.923480+00:00,train,4,10066,self,0.05,0,100,
2025-11-27T09:44:15.923580+00:00,train,4,10067,self,0.05,0,98,
2025-11-27T09:44:15.923680+00:00,train,4,10068,self,0.05,0,100,
2025-11-27T09:44:15.923779+00:00,train,4,10069,self,0.05,0,95,
2025-11-27T09:44:15.923879+00:00,train,4,10070,self,0.05,0,98,
2025-11-27T09:44:15.923978+00:00,train,4,10071,self,0.05,0,97,
2025-11-27T09:44:15.924078+00:00,train,4,10072,self,0.05,0,100,
2025-11-27T09:44:15.924178+00:00,train,4,10073,self,0.05,0,96,
2025-11-27T09:44:15.924277+00:00,train,4,10074,self,0.05,0,97,
2025-11-27T09:44:15.924376+00:00,train,4,10075,self,0.05,0,95,
2025-11-27T09:44:15.924476+00:00,train,4,10076,self,0.05,0,99,
2025-11-27T09:44:15.924575+00:00,train,4,10077,self,0.05,0,96,
2025-11-27T09:44:15.924674+00:00,train,4,10078,self,0.05,0,97,
2025-11-27T09:44:15.924773+00:00,train,4,10079,self,0.05,0,94,
2025-11-27T09:44:15.924873+00:00,train,4,10080,self,0.05,0,96,
2025-11-27T09:44:15.924972+00:00,train,4,10081,self,0.05,0,93,
2025-11-27T09:44:15.925072+00:00,train,4,10082,self,0.05,0,99,
2025-11-27T09:44:15.925171+00:00,train,4,10083,self,0.05,0,96,
2025-11-27T09:44:15.925270+00:00,train,4,10084,self,0.05,0,98,
2025-11-27T09:44:15.925370+00:00,train,4,10085,self,0.05,0,94,
2025-11-27T09:44:15.925474+00:00,train,4,10086,self,0.05,0,100,
2025-11-27T09:44:15.925574+00:00,train,4,10087,self,0.05,0,90,
2025-11-27T09:44:15.925674+00:00,train,4,10088,self,0.05,0,96,
2025-11-27T09:44:15.925773+00:00,train,4,10089,self,0.05,0,98,
2025-11-27T09:44:15.925873+00:00,train,4,10090,self,0.05,0,99,
2025-11-27T09:44:15.925973+00:00,train,4,10091,self,0.05,0,97,
2025-11-27T09:44:15.926073+00:00,train,4,10092,self,0.05,0,100,
2025-11-27T09:44:15.926173+00:00,train,4,10093,self,0.05,0,94,
2025-11-27T09:44:15.926272+00:00,train,4,10094,self,0.05,0,100,
2025-11-27T09:44:15.926372+00:00,train,4,10095,self,0.05,0,99,
2025-11-27T09:44:15.926473+00:00,train,4,10096,self,0.05,0,99,
2025-11-27T09:44:15.926572+00:00,train,4,10097,self,0.05,0,92,
2025-11-27T09:44:15.926672+00:00,train,4,10098,self,0.05,0,92,
2025-11-27T09:44:15.926772+00:00,train,4,10099,self,0.05,0,94,
2025-11-27T09:44:15.926872+00:00,train,4,10100,self,0.05,0,98,
2025-11-27T09:53:59.613027+00:00,baseline_eval,4,10101,baseline,0.05,1,98,99
2025-11-27T09:53:59.613284+00:00,baseline_eval,4,10102,baseline,0.05,1,94,95
2025-11-27T09:53:59.613635+00:00,baseline_eval,4,10103,baseline,0.05,1,98,99
2025-11-27T09:53:59.613788+00:00,baseline_eval,4,10104,baseline,0.05,1,98,99
2025-11-27T09:53:59.613943+00:00,baseline_eval,4,10105,baseline,0.05,1,90,91
2025-11-27T09:53:59.614087+00:00,baseline_eval,4,10106,baseline,0.05,1,93,94
2025-11-27T09:53:59.614229+00:00,baseline_eval,4,10107,baseline,0.05,1,96,97
2025-11-27T09:53:59.614369+00:00,baseline_eval,4,10108,baseline,0.05,1,93,94
2025-11-27T09:53:59.614509+00:00,baseline_eval,4,10109,baseline,0.05,1,91,92
2025-11-27T09:53:59.614649+00:00,baseline_eval,4,10110,baseline,0.05,1,94,95
2025-11-27T09:53:59.614795+00:00,baseline_eval,4,10111,baseline,0.05,1,95,96
2025-11-27T09:53:59.614934+00:00,baseline_eval,4,10112,baseline,0.05,1,89,90
2025-11-27T09:53:59.615074+00:00,baseline_eval,4,10113,baseline,0.05,1,95,96
2025-11-27T09:53:59.615215+00:00,baseline_eval,4,10114,baseline,0.05,1,98,99
2025-11-27T09:53:59.615355+00:00,baseline_eval,4,10115,baseline,0.05,1,99,100
2025-11-27T09:53:59.615497+00:00,baseline_eval,4,10116,baseline,0.05,1,98,99
2025-11-27T09:53:59.615714+00:00,baseline_eval,4,10117,baseline,0.05,1,98,99
2025-11-27T09:53:59.615887+00:00,baseline_eval,4,10118,baseline,0.05,1,96,97
2025-11-27T09:53:59.616117+00:00,baseline_eval,4,10119,baseline,0.05,1,97,98
2025-11-27T09:53:59.616303+00:00,baseline_eval,4,10120,baseline,0.05,1,99,100
2025-11-27T09:53:59.616467+00:00,baseline_eval,4,10121,baseline,0.05,1,99,100
2025-11-27T09:53:59.616624+00:00,baseline_eval,4,10122,baseline,0.05,1,98,99
2025-11-27T09:53:59.616777+00:00,baseline_eval,4,10123,baseline,0.05,1,94,95
2025-11-27T09:53:59.616928+00:00,baseline_eval,4,10124,baseline,0.05,1,85,86
2025-11-27T09:53:59.617077+00:00,baseline_eval,4,10125,baseline,0.05,1,99,100
2025-11-27T09:53:59.617225+00:00,baseline_eval,4,10126,baseline,0.05,1,98,99
2025-11-27T09:53:59.617372+00:00,baseline_eval,4,10127,baseline,0.05,1,81,82
2025-11-27T09:53:59.617518+00:00,baseline_eval,4,10128,baseline,0.05,1,93,94
2025-11-27T09:53:59.617664+00:00,baseline_eval,4,10129,baseline,0.05,1,98,99
2025-11-27T09:53:59.617811+00:00,baseline_eval,4,10130,baseline,0.05,1,82,83
2025-11-27T09:53:59.617961+00:00,baseline_eval,4,10131,baseline,0.05,1,99,100
2025-11-27T09:53:59.618110+00:00,baseline_eval,4,10132,baseline,0.05,1,99,100
2025-11-27T09:53:59.618257+00:00,baseline_eval,4,10133,baseline,0.05,1,99,100
2025-11-27T09:53:59.618471+00:00,baseline_eval,4,10134,baseline,0.05,1,93,94
2025-11-27T09:53:59.618655+00:00,baseline_eval,4,10135,baseline,0.05,1,96,97
2025-11-27T09:53:59.618813+00:00,baseline_eval,4,10136,baseline,0.05,1,99,100
2025-11-27T09:53:59.618967+00:00,baseline_eval,4,10137,baseline,0.05,1,97,98
2025-11-27T09:53:59.619115+00:00,baseline_eval,4,10138,baseline,0.05,1,83,84
2025-11-27T09:53:59.619264+00:00,baseline_eval,4,10139,baseline,0.05,1,98,99
2025-11-27T09:53:59.619409+00:00,baseline_eval,4,10140,baseline,0.05,1,86,87
2025-11-27T09:53:59.619551+00:00,baseline_eval,4,10141,baseline,0.05,1,98,99
2025-11-27T09:53:59.619690+00:00,baseline_eval,4,10142,baseline,0.05,1,95,96
2025-11-27T09:53:59.619831+00:00,baseline_eval,4,10143,baseline,0.05,1,96,97
2025-11-27T09:53:59.619971+00:00,baseline_eval,4,10144,baseline,0.05,1,99,100
2025-11-27T09:53:59.620111+00:00,baseline_eval,4,10145,baseline,0.05,1,99,100
2025-11-27T09:53:59.620249+00:00,baseline_eval,4,10146,baseline,0.05,1,98,99
2025-11-27T09:53:59.620390+00:00,baseline_eval,4,10147,baseline,0.05,1,96,97
2025-11-27T09:53:59.620531+00:00,baseline_eval,4,10148,baseline,0.05,1,99,100
2025-11-27T09:53:59.620673+00:00,baseline_eval,4,10149,baseline,0.05,1,99,100
2025-11-27T09:53:59.620921+00:00,baseline_eval,4,10150,baseline,0.05,1,98,99
2025-11-27T09:53:59.621106+00:00,baseline_eval,4,10151,baseline,0.05,1,99,100
2025-11-27T09:53:59.621265+00:00,baseline_eval,4,10152,baseline,0.05,1,97,98
2025-11-27T09:53:59.621413+00:00,baseline_eval,4,10153,baseline,0.05,1,99,100
2025-11-27T09:53:59.621556+00:00,baseline_eval,4,10154,baseline,0.05,1,91,92
2025-11-27T09:53:59.621697+00:00,baseline_eval,4,10155,baseline,0.05,1,96,97
2025-11-27T09:53:59.621836+00:00,baseline_eval,4,10156,baseline,0.05,1,94,95
2025-11-27T09:53:59.621973+00:00,baseline_eval,4,10157,baseline,0.05,1,97,98
2025-11-27T09:53:59.622112+00:00,baseline_eval,4,10158,baseline,0.05,1,95,96
2025-11-27T09:53:59.622248+00:00,baseline_eval,4,10159,baseline,0.05,1,86,87
2025-11-27T09:53:59.622385+00:00,baseline_eval,4,10160,baseline,0.05,1,99,100
2025-11-27T09:53:59.622521+00:00,baseline_eval,4,10161,baseline,0.05,1,97,98
2025-11-27T09:53:59.622658+00:00,baseline_eval,4,10162,baseline,0.05,1,97,98
2025-11-27T09:53:59.622794+00:00,baseline_eval,4,10163,baseline,0.05,1,99,100
2025-11-27T09:53:59.622940+00:00,baseline_eval,4,10164,baseline,0.05,1,92,93
2025-11-27T09:53:59.623090+00:00,baseline_eval,4,10165,baseline,0.05,1,99,100
2025-11-27T09:53:59.623230+00:00,baseline_eval,4,10166,baseline,0.05,1,98,99
2025-11-27T09:53:59.623368+00:00,baseline_eval,4,10167,baseline,0.05,1,98,99
2025-11-27T09:53:59.623553+00:00,baseline_eval,4,10168,baseline,0.05,1,98,99
2025-11-27T09:53:59.623744+00:00,baseline_eval,4,10169,baseline,0.05,1,95,96
2025-11-27T09:53:59.623906+00:00,baseline_eval,4,10170,baseline,0.05,1,93,94
2025-11-27T09:53:59.624101+00:00,baseline_eval,4,10171,baseline,0.05,1,88,89
2025-11-27T09:53:59.624383+00:00,baseline_eval,4,10172,baseline,0.05,1,89,90
2025-11-27T09:53:59.624653+00:00,baseline_eval,4,10173,baseline,0.05,1,99,100
2025-11-27T09:53:59.624872+00:00,baseline_eval,4,10174,baseline,0.05,1,99,100
2025-11-27T09:53:59.625096+00:00,baseline_eval,4,10175,baseline,0.05,1,86,87
2025-11-27T09:53:59.625323+00:00,baseline_eval,4,10176,baseline,0.05,1,95,96
2025-11-27T09:53:59.625604+00:00,baseline_eval,4,10177,baseline,0.05,1,96,97
2025-11-27T09:53:59.625826+00:00,baseline_eval,4,10178,baseline,0.05,1,90,91
2025-11-27T09:53:59.626170+00:00,baseline_eval,4,10179,baseline,0.05,1,92,93
2025-11-27T09:53:59.626405+00:00,baseline_eval,4,10180,baseline,0.05,1,92,93
2025-11-27T09:53:59.626623+00:00,baseline_eval,4,10181,baseline,0.05,1,95,96
2025-11-27T09:53:59.626876+00:00,baseline_eval,4,10182,baseline,0.05,1,96,97
2025-11-27T09:53:59.627172+00:00,baseline_eval,4,10183,baseline,0.05,1,97,98
2025-11-27T09:53:59.627415+00:00,baseline_eval,4,10184,baseline,0.05,1,99,100
2025-11-27T09:53:59.627607+00:00,baseline_eval,4,10185,baseline,0.05,1,98,99
2025-11-27T09:53:59.627779+00:00,baseline_eval,4,10186,baseline,0.05,1,97,98
2025-11-27T09:53:59.627934+00:00,baseline_eval,4,10187,baseline,0.05,1,94,95
2025-11-27T09:53:59.628084+00:00,baseline_eval,4,10188,baseline,0.05,1,95,96
2025-11-27T09:53:59.628244+00:00,baseline_eval,4,10189,baseline,0.05,1,80,81
2025-11-27T09:53:59.628391+00:00,baseline_eval,4,10190,baseline,0.05,1,99,100
2025-11-27T09:53:59.628535+00:00,baseline_eval,4,10191,baseline,0.05,1,99,100
2025-11-27T09:53:59.628685+00:00,baseline_eval,4,10192,baseline,0.05,1,98,99
2025-11-27T09:53:59.628828+00:00,baseline_eval,4,10193,baseline,0.05,1,99,100
2025-11-27T09:53:59.628969+00:00,baseline_eval,4,10194,baseline,0.05,1,99,100
2025-11-27T09:53:59.629110+00:00,baseline_eval,4,10195,baseline,0.05,1,91,92
2025-11-27T09:53:59.629250+00:00,baseline_eval,4,10196,baseline,0.05,1,86,87
2025-11-27T09:53:59.629389+00:00,baseline_eval,4,10197,baseline,0.05,1,95,96
2025-11-27T09:53:59.629536+00:00,baseline_eval,4,10198,baseline,0.05,1,84,85
2025-11-27T09:53:59.629679+00:00,baseline_eval,4,10199,baseline,0.05,1,99,100
2025-11-27T09:53:59.629818+00:00,baseline_eval,4,10200,baseline,0.05,1,99,100
2025-11-27T09:56:01.251504+00:00,selfplay_eval,4,10201,selfplay_eval,0.05,1,88,89
2025-11-27T09:56:01.251753+00:00,selfplay_eval,4,10202,selfplay_eval,0.05,0,92,92
2025-11-27T09:56:01.252119+00:00,selfplay_eval,4,10203,selfplay_eval,0.05,0,97,97
2025-11-27T09:56:01.252291+00:00,selfplay_eval,4,10204,selfplay_eval,0.05,0,83,83
2025-11-27T09:56:01.252457+00:00,selfplay_eval,4,10205,selfplay_eval,0.05,0,92,92
2025-11-27T09:56:01.252614+00:00,selfplay_eval,4,10206,selfplay_eval,0.05,0,95,95
2025-11-27T09:56:01.252763+00:00,selfplay_eval,4,10207,selfplay_eval,0.05,1,98,99
2025-11-27T09:56:01.252912+00:00,selfplay_eval,4,10208,selfplay_eval,0.05,0,91,91
2025-11-27T09:56:01.253060+00:00,selfplay_eval,4,10209,selfplay_eval,0.05,0,93,93
2025-11-27T09:56:01.253211+00:00,selfplay_eval,4,10210,selfplay_eval,0.05,0,91,91
2025-11-27T09:56:01.253359+00:00,selfplay_eval,4,10211,selfplay_eval,0.05,1,89,90
2025-11-27T09:56:01.253505+00:00,selfplay_eval,4,10212,selfplay_eval,0.05,0,93,93
2025-11-27T09:56:01.253661+00:00,selfplay_eval,4,10213,selfplay_eval,0.05,1,90,91
2025-11-27T09:56:01.253809+00:00,selfplay_eval,4,10214,selfplay_eval,0.05,0,97,97
2025-11-27T09:56:01.253959+00:00,selfplay_eval,4,10215,selfplay_eval,0.05,1,93,94
2025-11-27T09:56:01.254114+00:00,selfplay_eval,4,10216,selfplay_eval,0.05,1,96,97
2025-11-27T09:56:01.254266+00:00,selfplay_eval,4,10217,selfplay_eval,0.05,1,96,97
2025-11-27T09:56:01.254461+00:00,selfplay_eval,4,10218,selfplay_eval,0.05,0,94,94
2025-11-27T09:56:01.254644+00:00,selfplay_eval,4,10219,selfplay_eval,0.05,0,99,99
2025-11-27T09:56:01.254806+00:00,selfplay_eval,4,10220,selfplay_eval,0.05,0,96,96
2025-11-27T09:56:01.254956+00:00,selfplay_eval,4,10221,selfplay_eval,0.05,0,88,88
2025-11-27T09:56:01.255104+00:00,selfplay_eval,4,10222,selfplay_eval,0.05,0,85,85
2025-11-27T09:56:01.255247+00:00,selfplay_eval,4,10223,selfplay_eval,0.05,1,94,95
2025-11-27T09:56:01.255388+00:00,selfplay_eval,4,10224,selfplay_eval,0.05,1,91,92
2025-11-27T09:56:01.255526+00:00,selfplay_eval,4,10225,selfplay_eval,0.05,0,90,90
2025-11-27T09:56:01.255664+00:00,selfplay_eval,4,10226,selfplay_eval,0.05,0,91,91
2025-11-27T09:56:01.255802+00:00,selfplay_eval,4,10227,selfplay_eval,0.05,1,91,92
2025-11-27T09:56:01.255939+00:00,selfplay_eval,4,10228,selfplay_eval,0.05,1,84,85
2025-11-27T09:56:01.256074+00:00,selfplay_eval,4,10229,selfplay_eval,0.05,1,84,85
2025-11-27T09:56:01.256215+00:00,selfplay_eval,4,10230,selfplay_eval,0.05,1,97,98
2025-11-27T09:56:01.256352+00:00,selfplay_eval,4,10231,selfplay_eval,0.05,1,89,90
2025-11-27T09:56:01.256488+00:00,selfplay_eval,4,10232,selfplay_eval,0.05,1,89,90
2025-11-27T09:56:01.256624+00:00,selfplay_eval,4,10233,selfplay_eval,0.05,1,83,84
2025-11-27T09:56:01.256758+00:00,selfplay_eval,4,10234,selfplay_eval,0.05,1,95,96
2025-11-27T09:56:01.256898+00:00,selfplay_eval,4,10235,selfplay_eval,0.05,1,94,95
2025-11-27T09:56:01.257034+00:00,selfplay_eval,4,10236,selfplay_eval,0.05,0,96,96
2025-11-27T09:56:01.257168+00:00,selfplay_eval,4,10237,selfplay_eval,0.05,1,99,100
2025-11-27T09:56:01.257304+00:00,selfplay_eval,4,10238,selfplay_eval,0.05,1,87,88
2025-11-27T09:56:01.257440+00:00,selfplay_eval,4,10239,selfplay_eval,0.05,1,92,93
2025-11-27T09:56:01.257575+00:00,selfplay_eval,4,10240,selfplay_eval,0.05,1,89,90
2025-11-27T09:56:01.257710+00:00,selfplay_eval,4,10241,selfplay_eval,0.05,0,99,99
2025-11-27T09:56:01.257851+00:00,selfplay_eval,4,10242,selfplay_eval,0.05,1,98,99
2025-11-27T09:56:01.257997+00:00,selfplay_eval,4,10243,selfplay_eval,0.05,1,94,95
2025-11-27T09:56:01.258135+00:00,selfplay_eval,4,10244,selfplay_eval,0.05,1,96,97
2025-11-27T09:56:01.258274+00:00,selfplay_eval,4,10245,selfplay_eval,0.05,1,98,99
2025-11-27T09:56:01.258431+00:00,selfplay_eval,4,10246,selfplay_eval,0.05,1,89,90
2025-11-27T09:56:01.258634+00:00,selfplay_eval,4,10247,selfplay_eval,0.05,1,92,93
2025-11-27T09:56:01.258796+00:00,selfplay_eval,4,10248,selfplay_eval,0.05,0,99,99
2025-11-27T09:56:01.258947+00:00,selfplay_eval,4,10249,selfplay_eval,0.05,0,99,99
2025-11-27T09:56:01.259092+00:00,selfplay_eval,4,10250,selfplay_eval,0.05,1,98,99
2025-11-27T09:56:01.259235+00:00,selfplay_eval,4,10251,selfplay_eval,0.05,1,97,98
2025-11-27T09:56:01.259375+00:00,selfplay_eval,4,10252,selfplay_eval,0.05,0,95,95
2025-11-27T09:56:01.259513+00:00,selfplay_eval,4,10253,selfplay_eval,0.05,1,92,93
2025-11-27T09:56:01.259650+00:00,selfplay_eval,4,10254,selfplay_eval,0.05,0,87,87
2025-11-27T09:56:01.259789+00:00,selfplay_eval,4,10255,selfplay_eval,0.05,1,91,92
2025-11-27T09:56:01.260052+00:00,selfplay_eval,4,10256,selfplay_eval,0.05,1,93,94
2025-11-27T09:56:01.260264+00:00,selfplay_eval,4,10257,selfplay_eval,0.05,1,88,89
2025-11-27T09:56:01.260427+00:00,selfplay_eval,4,10258,selfplay_eval,0.05,0,97,97
2025-11-27T09:56:01.260579+00:00,selfplay_eval,4,10259,selfplay_eval,0.05,0,91,91
2025-11-27T09:56:01.260726+00:00,selfplay_eval,4,10260,selfplay_eval,0.05,0,88,88
2025-11-27T09:56:01.260874+00:00,selfplay_eval,4,10261,selfplay_eval,0.05,0,99,99
2025-11-27T09:56:01.261017+00:00,selfplay_eval,4,10262,selfplay_eval,0.05,1,94,95
2025-11-27T09:56:01.261159+00:00,selfplay_eval,4,10263,selfplay_eval,0.05,1,98,99
2025-11-27T09:56:01.261308+00:00,selfplay_eval,4,10264,selfplay_eval,0.05,0,95,95
2025-11-27T09:56:01.261448+00:00,selfplay_eval,4,10265,selfplay_eval,0.05,1,90,91
2025-11-27T09:56:01.261589+00:00,selfplay_eval,4,10266,selfplay_eval,0.05,1,84,85
2025-11-27T09:56:01.261730+00:00,selfplay_eval,4,10267,selfplay_eval,0.05,0,90,90
2025-11-27T09:56:01.261912+00:00,selfplay_eval,4,10268,selfplay_eval,0.05,0,87,87
2025-11-27T09:56:01.262139+00:00,selfplay_eval,4,10269,selfplay_eval,0.05,0,93,93
2025-11-27T09:56:01.262317+00:00,selfplay_eval,4,10270,selfplay_eval,0.05,1,87,88
2025-11-27T09:56:01.262621+00:00,selfplay_eval,4,10271,selfplay_eval,0.05,1,96,97
2025-11-27T09:56:01.262782+00:00,selfplay_eval,4,10272,selfplay_eval,0.05,0,94,94
2025-11-27T09:56:01.262935+00:00,selfplay_eval,4,10273,selfplay_eval,0.05,0,93,93
2025-11-27T09:56:01.263138+00:00,selfplay_eval,4,10274,selfplay_eval,0.05,1,89,90
2025-11-27T09:56:01.263312+00:00,selfplay_eval,4,10275,selfplay_eval,0.05,0,97,97
2025-11-27T09:56:01.263463+00:00,selfplay_eval,4,10276,selfplay_eval,0.05,0,96,96
2025-11-27T09:56:01.263608+00:00,selfplay_eval,4,10277,selfplay_eval,0.05,1,90,91
2025-11-27T09:56:01.263749+00:00,selfplay_eval,4,10278,selfplay_eval,0.05,1,78,79
2025-11-27T09:56:01.263886+00:00,selfplay_eval,4,10279,selfplay_eval,0.05,1,94,95
2025-11-27T09:56:01.264022+00:00,selfplay_eval,4,10280,selfplay_eval,0.05,1,87,88
2025-11-27T09:56:01.264158+00:00,selfplay_eval,4,10281,selfplay_eval,0.05,1,98,99
2025-11-27T09:56:01.264294+00:00,selfplay_eval,4,10282,selfplay_eval,0.05,1,94,95
2025-11-27T09:56:01.264430+00:00,selfplay_eval,4,10283,selfplay_eval,0.05,1,97,98
2025-11-27T09:56:01.264571+00:00,selfplay_eval,4,10284,selfplay_eval,0.05,1,93,94
2025-11-27T09:56:01.264709+00:00,selfplay_eval,4,10285,selfplay_eval,0.05,1,99,100
2025-11-27T09:56:01.264842+00:00,selfplay_eval,4,10286,selfplay_eval,0.05,0,98,98
2025-11-27T09:56:01.264978+00:00,selfplay_eval,4,10287,selfplay_eval,0.05,0,93,93
2025-11-27T09:56:01.265111+00:00,selfplay_eval,4,10288,selfplay_eval,0.05,0,74,74
2025-11-27T09:56:01.265245+00:00,selfplay_eval,4,10289,selfplay_eval,0.05,0,95,95
2025-11-27T09:56:01.265378+00:00,selfplay_eval,4,10290,selfplay_eval,0.05,0,96,96
2025-11-27T09:56:01.265511+00:00,selfplay_eval,4,10291,selfplay_eval,0.05,1,88,89
2025-11-27T09:56:01.265645+00:00,selfplay_eval,4,10292,selfplay_eval,0.05,1,89,90
2025-11-27T09:56:01.265778+00:00,selfplay_eval,4,10293,selfplay_eval,0.05,1,91,92
2025-11-27T09:56:01.265911+00:00,selfplay_eval,4,10294,selfplay_eval,0.05,1,97,98
2025-11-27T09:56:01.266045+00:00,selfplay_eval,4,10295,selfplay_eval,0.05,0,94,94
2025-11-27T09:56:01.266178+00:00,selfplay_eval,4,10296,selfplay_eval,0.05,1,93,94
2025-11-27T09:56:01.266312+00:00,selfplay_eval,4,10297,selfplay_eval,0.05,0,93,93
2025-11-27T09:56:01.266445+00:00,selfplay_eval,4,10298,selfplay_eval,0.05,0,80,80
2025-11-27T09:56:01.266578+00:00,selfplay_eval,4,10299,selfplay_eval,0.05,1,99,100
2025-11-27T09:56:01.266710+00:00,selfplay_eval,4,10300,selfplay_eval,0.05,0,98,98
2025-11-27T09:56:01.266844+00:00,selfplay_eval,4,10301,selfplay_eval,0.05,1,96,97
2025-11-27T09:56:01.266977+00:00,selfplay_eval,4,10302,selfplay_eval,0.05,0,96,96
2025-11-27T09:56:01.267110+00:00,selfplay_eval,4,10303,selfplay_eval,0.05,1,99,100
2025-11-27T09:56:01.267243+00:00,selfplay_eval,4,10304,selfplay_eval,0.05,0,97,97
2025-11-27T09:56:01.267376+00:00,selfplay_eval,4,10305,selfplay_eval,0.05,0,98,98
2025-11-27T09:56:01.267510+00:00,selfplay_eval,4,10306,selfplay_eval,0.05,0,98,98
2025-11-27T09:56:01.267645+00:00,selfplay_eval,4,10307,selfplay_eval,0.05,0,97,97
2025-11-27T09:56:01.267778+00:00,selfplay_eval,4,10308,selfplay_eval,0.05,0,95,95
2025-11-27T09:56:01.267911+00:00,selfplay_eval,4,10309,selfplay_eval,0.05,0,95,95
2025-11-27T09:56:01.268044+00:00,selfplay_eval,4,10310,selfplay_eval,0.05,1,91,92
2025-11-27T09:56:01.268177+00:00,selfplay_eval,4,10311,selfplay_eval,0.05,1,99,100
2025-11-27T09:56:01.268311+00:00,selfplay_eval,4,10312,selfplay_eval,0.05,0,98,98
2025-11-27T09:56:01.268444+00:00,selfplay_eval,4,10313,selfplay_eval,0.05,1,92,93
2025-11-27T09:56:01.268577+00:00,selfplay_eval,4,10314,selfplay_eval,0.05,1,92,93
2025-11-27T09:56:01.268710+00:00,selfplay_eval,4,10315,selfplay_eval,0.05,0,92,92
2025-11-27T09:56:01.268844+00:00,selfplay_eval,4,10316,selfplay_eval,0.05,0,91,91
2025-11-27T09:56:01.268976+00:00,selfplay_eval,4,10317,selfplay_eval,0.05,1,87,88
2025-11-27T09:56:01.269109+00:00,selfplay_eval,4,10318,selfplay_eval,0.05,1,90,91
2025-11-27T09:56:01.269244+00:00,selfplay_eval,4,10319,selfplay_eval,0.05,0,78,78
2025-11-27T09:56:01.269380+00:00,selfplay_eval,4,10320,selfplay_eval,0.05,0,95,95
2025-11-27T09:56:01.269516+00:00,selfplay_eval,4,10321,selfplay_eval,0.05,0,98,98
2025-11-27T09:56:01.269650+00:00,selfplay_eval,4,10322,selfplay_eval,0.05,1,90,91
2025-11-27T09:56:01.269785+00:00,selfplay_eval,4,10323,selfplay_eval,0.05,1,95,96
2025-11-27T09:56:01.269923+00:00,selfplay_eval,4,10324,selfplay_eval,0.05,1,96,97
2025-11-27T09:56:01.270060+00:00,selfplay_eval,4,10325,selfplay_eval,0.05,0,91,91
2025-11-27T09:56:01.270195+00:00,selfplay_eval,4,10326,selfplay_eval,0.05,0,93,93
2025-11-27T09:56:01.270332+00:00,selfplay_eval,4,10327,selfplay_eval,0.05,0,85,85
2025-11-27T09:56:01.270481+00:00,selfplay_eval,4,10328,selfplay_eval,0.05,1,91,92
2025-11-27T09:56:01.270621+00:00,selfplay_eval,4,10329,selfplay_eval,0.05,1,92,93
2025-11-27T09:56:01.270759+00:00,selfplay_eval,4,10330,selfplay_eval,0.05,0,93,93
2025-11-27T09:56:01.270895+00:00,selfplay_eval,4,10331,selfplay_eval,0.05,0,98,98
2025-11-27T09:56:01.271030+00:00,selfplay_eval,4,10332,selfplay_eval,0.05,0,97,97
2025-11-27T09:56:01.271183+00:00,selfplay_eval,4,10333,selfplay_eval,0.05,1,85,86
2025-11-27T09:56:01.271315+00:00,selfplay_eval,4,10334,selfplay_eval,0.05,0,93,93
2025-11-27T09:56:01.271447+00:00,selfplay_eval,4,10335,selfplay_eval,0.05,1,95,96
2025-11-27T09:56:01.271579+00:00,selfplay_eval,4,10336,selfplay_eval,0.05,0,94,94
2025-11-27T09:56:01.271711+00:00,selfplay_eval,4,10337,selfplay_eval,0.05,1,96,97
2025-11-27T09:56:01.271842+00:00,selfplay_eval,4,10338,selfplay_eval,0.05,0,97,97
2025-11-27T09:56:01.271973+00:00,selfplay_eval,4,10339,selfplay_eval,0.05,1,93,94
2025-11-27T09:56:01.272104+00:00,selfplay_eval,4,10340,selfplay_eval,0.05,0,96,96
2025-11-27T09:56:01.272236+00:00,selfplay_eval,4,10341,selfplay_eval,0.05,0,98,98
2025-11-27T09:56:01.272368+00:00,selfplay_eval,4,10342,selfplay_eval,0.05,1,99,100
2025-11-27T09:56:01.272499+00:00,selfplay_eval,4,10343,selfplay_eval,0.05,1,97,98
2025-11-27T09:56:01.272687+00:00,selfplay_eval,4,10344,selfplay_eval,0.05,1,92,93
2025-11-27T09:56:01.272884+00:00,selfplay_eval,4,10345,selfplay_eval,0.05,1,93,94
2025-11-27T09:56:01.273046+00:00,selfplay_eval,4,10346,selfplay_eval,0.05,1,97,98
2025-11-27T09:56:01.273199+00:00,selfplay_eval,4,10347,selfplay_eval,0.05,1,89,90
2025-11-27T09:56:01.273341+00:00,selfplay_eval,4,10348,selfplay_eval,0.05,0,90,90
2025-11-27T09:56:01.273481+00:00,selfplay_eval,4,10349,selfplay_eval,0.05,1,94,95
2025-11-27T09:56:01.273618+00:00,selfplay_eval,4,10350,selfplay_eval,0.05,0,91,91
2025-11-27T09:56:01.273756+00:00,selfplay_eval,4,10351,selfplay_eval,0.05,1,96,97
2025-11-27T09:56:01.273894+00:00,selfplay_eval,4,10352,selfplay_eval,0.05,0,79,79
2025-11-27T09:56:01.274031+00:00,selfplay_eval,4,10353,selfplay_eval,0.05,1,93,94
2025-11-27T09:56:01.274167+00:00,selfplay_eval,4,10354,selfplay_eval,0.05,0,92,92
2025-11-27T09:56:01.274368+00:00,selfplay_eval,4,10355,selfplay_eval,0.05,0,97,97
2025-11-27T09:56:01.274531+00:00,selfplay_eval,4,10356,selfplay_eval,0.05,0,91,91
2025-11-27T09:56:01.274680+00:00,selfplay_eval,4,10357,selfplay_eval,0.05,1,94,95
2025-11-27T09:56:01.274824+00:00,selfplay_eval,4,10358,selfplay_eval,0.05,1,89,90
2025-11-27T09:56:01.274993+00:00,selfplay_eval,4,10359,selfplay_eval,0.05,0,76,76
2025-11-27T09:56:01.275135+00:00,selfplay_eval,4,10360,selfplay_eval,0.05,1,94,95
2025-11-27T09:56:01.275277+00:00,selfplay_eval,4,10361,selfplay_eval,0.05,0,91,91
2025-11-27T09:56:01.275417+00:00,selfplay_eval,4,10362,selfplay_eval,0.05,0,96,96
2025-11-27T09:56:01.275558+00:00,selfplay_eval,4,10363,selfplay_eval,0.05,1,97,98
2025-11-27T09:56:01.275769+00:00,selfplay_eval,4,10364,selfplay_eval,0.05,0,88,88
2025-11-27T09:56:01.275936+00:00,selfplay_eval,4,10365,selfplay_eval,0.05,1,93,94
2025-11-27T09:56:01.276119+00:00,selfplay_eval,4,10366,selfplay_eval,0.05,1,97,98
2025-11-27T09:56:01.276335+00:00,selfplay_eval,4,10367,selfplay_eval,0.05,0,90,90
2025-11-27T09:56:01.276499+00:00,selfplay_eval,4,10368,selfplay_eval,0.05,0,95,95
2025-11-27T09:56:01.276652+00:00,selfplay_eval,4,10369,selfplay_eval,0.05,0,91,91
2025-11-27T09:56:01.276805+00:00,selfplay_eval,4,10370,selfplay_eval,0.05,0,96,96
2025-11-27T09:56:01.276962+00:00,selfplay_eval,4,10371,selfplay_eval,0.05,0,97,97
2025-11-27T09:56:01.277102+00:00,selfplay_eval,4,10372,selfplay_eval,0.05,0,91,91
2025-11-27T09:56:01.277243+00:00,selfplay_eval,4,10373,selfplay_eval,0.05,0,91,91
2025-11-27T09:56:01.277382+00:00,selfplay_eval,4,10374,selfplay_eval,0.05,0,97,97
2025-11-27T09:56:01.277590+00:00,selfplay_eval,4,10375,selfplay_eval,0.05,1,91,92
2025-11-27T09:56:01.277830+00:00,selfplay_eval,4,10376,selfplay_eval,0.05,0,76,76
2025-11-27T09:56:01.278065+00:00,selfplay_eval,4,10377,selfplay_eval,0.05,1,95,96
2025-11-27T09:56:01.278263+00:00,selfplay_eval,4,10378,selfplay_eval,0.05,1,96,97
2025-11-27T09:56:01.278438+00:00,selfplay_eval,4,10379,selfplay_eval,0.05,1,92,93
2025-11-27T09:56:01.278607+00:00,selfplay_eval,4,10380,selfplay_eval,0.05,1,98,99
2025-11-27T09:56:01.278754+00:00,selfplay_eval,4,10381,selfplay_eval,0.05,0,97,97
2025-11-27T09:56:01.278901+00:00,selfplay_eval,4,10382,selfplay_eval,0.05,0,88,88
2025-11-27T09:56:01.279046+00:00,selfplay_eval,4,10383,selfplay_eval,0.05,0,91,91
2025-11-27T09:56:01.279187+00:00,selfplay_eval,4,10384,selfplay_eval,0.05,0,99,99
2025-11-27T09:56:01.279327+00:00,selfplay_eval,4,10385,selfplay_eval,0.05,1,91,92
2025-11-27T09:56:01.279465+00:00,selfplay_eval,4,10386,selfplay_eval,0.05,1,90,91
2025-11-27T09:56:01.279604+00:00,selfplay_eval,4,10387,selfplay_eval,0.05,1,92,93
2025-11-27T09:56:01.279743+00:00,selfplay_eval,4,10388,selfplay_eval,0.05,1,92,93
2025-11-27T09:56:01.279880+00:00,selfplay_eval,4,10389,selfplay_eval,0.05,0,99,99
2025-11-27T09:56:01.280020+00:00,selfplay_eval,4,10390,selfplay_eval,0.05,1,97,98
2025-11-27T09:56:01.280158+00:00,selfplay_eval,4,10391,selfplay_eval,0.05,0,94,94
2025-11-27T09:56:01.280294+00:00,selfplay_eval,4,10392,selfplay_eval,0.05,0,82,82
2025-11-27T09:56:01.280432+00:00,selfplay_eval,4,10393,selfplay_eval,0.05,0,92,92
2025-11-27T09:56:01.280573+00:00,selfplay_eval,4,10394,selfplay_eval,0.05,1,97,98
2025-11-27T09:56:01.280711+00:00,selfplay_eval,4,10395,selfplay_eval,0.05,1,97,98
2025-11-27T09:56:01.280862+00:00,selfplay_eval,4,10396,selfplay_eval,0.05,1,97,98
2025-11-27T09:56:01.280995+00:00,selfplay_eval,4,10397,selfplay_eval,0.05,0,96,96
2025-11-27T09:56:01.281129+00:00,selfplay_eval,4,10398,selfplay_eval,0.05,1,94,95
2025-11-27T09:56:01.281260+00:00,selfplay_eval,4,10399,selfplay_eval,0.05,0,88,88
2025-11-27T09:56:01.281392+00:00,selfplay_eval,4,10400,selfplay_eval,0.05,0,94,94
2025-11-27T09:56:01.281525+00:00,selfplay_eval,4,10401,selfplay_eval,0.05,0,98,98
2025-11-27T09:56:01.281657+00:00,selfplay_eval,4,10402,selfplay_eval,0.05,1,97,98
2025-11-27T09:56:01.281789+00:00,selfplay_eval,4,10403,selfplay_eval,0.05,1,98,99
2025-11-27T09:56:01.281939+00:00,selfplay_eval,4,10404,selfplay_eval,0.05,0,82,82
2025-11-27T09:56:01.282075+00:00,selfplay_eval,4,10405,selfplay_eval,0.05,0,93,93
2025-11-27T09:56:01.282210+00:00,selfplay_eval,4,10406,selfplay_eval,0.05,0,93,93
2025-11-27T09:56:01.282346+00:00,selfplay_eval,4,10407,selfplay_eval,0.05,1,85,86
2025-11-27T09:56:01.282481+00:00,selfplay_eval,4,10408,selfplay_eval,0.05,1,98,99
2025-11-27T09:56:01.282617+00:00,selfplay_eval,4,10409,selfplay_eval,0.05,1,97,98
2025-11-27T09:56:01.282753+00:00,selfplay_eval,4,10410,selfplay_eval,0.05,0,96,96
2025-11-27T09:56:01.282900+00:00,selfplay_eval,4,10411,selfplay_eval,0.05,0,89,89
2025-11-27T09:56:01.283031+00:00,selfplay_eval,4,10412,selfplay_eval,0.05,0,96,96
2025-11-27T09:56:01.283199+00:00,selfplay_eval,4,10413,selfplay_eval,0.05,1,85,86
2025-11-27T09:56:01.283388+00:00,selfplay_eval,4,10414,selfplay_eval,0.05,0,96,96
2025-11-27T09:56:01.283542+00:00,selfplay_eval,4,10415,selfplay_eval,0.05,1,93,94
2025-11-27T09:56:01.283687+00:00,selfplay_eval,4,10416,selfplay_eval,0.05,0,96,96
2025-11-27T09:56:01.283828+00:00,selfplay_eval,4,10417,selfplay_eval,0.05,0,92,92
2025-11-27T09:56:01.283967+00:00,selfplay_eval,4,10418,selfplay_eval,0.05,0,98,98
2025-11-27T09:56:01.284109+00:00,selfplay_eval,4,10419,selfplay_eval,0.05,1,83,84
2025-11-27T09:56:01.284244+00:00,selfplay_eval,4,10420,selfplay_eval,0.05,0,97,97
2025-11-27T09:56:01.284380+00:00,selfplay_eval,4,10421,selfplay_eval,0.05,0,92,92
2025-11-27T09:56:01.284515+00:00,selfplay_eval,4,10422,selfplay_eval,0.05,1,90,91
2025-11-27T09:56:01.284649+00:00,selfplay_eval,4,10423,selfplay_eval,0.05,1,90,91
2025-11-27T09:56:01.284784+00:00,selfplay_eval,4,10424,selfplay_eval,0.05,0,94,94
2025-11-27T09:56:01.284918+00:00,selfplay_eval,4,10425,selfplay_eval,0.05,1,94,95
2025-11-27T09:56:01.285051+00:00,selfplay_eval,4,10426,selfplay_eval,0.05,1,94,95
2025-11-27T09:56:01.285184+00:00,selfplay_eval,4,10427,selfplay_eval,0.05,0,98,98
2025-11-27T09:56:01.285318+00:00,selfplay_eval,4,10428,selfplay_eval,0.05,1,91,92
2025-11-27T09:56:01.285450+00:00,selfplay_eval,4,10429,selfplay_eval,0.05,1,94,95
2025-11-27T09:56:01.285584+00:00,selfplay_eval,4,10430,selfplay_eval,0.05,0,97,97
2025-11-27T09:56:01.285716+00:00,selfplay_eval,4,10431,selfplay_eval,0.05,1,96,97
2025-11-27T09:56:01.285848+00:00,selfplay_eval,4,10432,selfplay_eval,0.05,1,82,83
2025-11-27T09:56:01.285981+00:00,selfplay_eval,4,10433,selfplay_eval,0.05,1,99,100
2025-11-27T09:56:01.286114+00:00,selfplay_eval,4,10434,selfplay_eval,0.05,0,89,89
2025-11-27T09:56:01.286248+00:00,selfplay_eval,4,10435,selfplay_eval,0.05,0,96,96
2025-11-27T09:56:01.286381+00:00,selfplay_eval,4,10436,selfplay_eval,0.05,0,92,92
2025-11-27T09:56:01.286514+00:00,selfplay_eval,4,10437,selfplay_eval,0.05,1,97,98
2025-11-27T09:56:01.286647+00:00,selfplay_eval,4,10438,selfplay_eval,0.05,0,94,94
2025-11-27T09:56:01.286781+00:00,selfplay_eval,4,10439,selfplay_eval,0.05,0,87,87
2025-11-27T09:56:01.286914+00:00,selfplay_eval,4,10440,selfplay_eval,0.05,1,95,96
2025-11-27T09:56:01.287055+00:00,selfplay_eval,4,10441,selfplay_eval,0.05,1,67,68
2025-11-27T09:56:01.287192+00:00,selfplay_eval,4,10442,selfplay_eval,0.05,1,92,93
2025-11-27T09:56:01.287331+00:00,selfplay_eval,4,10443,selfplay_eval,0.05,1,83,84
2025-11-27T09:56:01.287464+00:00,selfplay_eval,4,10444,selfplay_eval,0.05,0,88,88
2025-11-27T09:56:01.287619+00:00,selfplay_eval,4,10445,selfplay_eval,0.05,0,84,84
2025-11-27T09:56:01.287758+00:00,selfplay_eval,4,10446,selfplay_eval,0.05,1,91,92
2025-11-27T09:56:01.287893+00:00,selfplay_eval,4,10447,selfplay_eval,0.05,0,97,97
2025-11-27T09:56:01.288029+00:00,selfplay_eval,4,10448,selfplay_eval,0.05,0,99,99
2025-11-27T09:56:01.288162+00:00,selfplay_eval,4,10449,selfplay_eval,0.05,1,98,99
2025-11-27T09:56:01.288297+00:00,selfplay_eval,4,10450,selfplay_eval,0.05,1,98,99
2025-11-27T09:56:01.288432+00:00,selfplay_eval,4,10451,selfplay_eval,0.05,0,93,93
2025-11-27T09:56:01.288567+00:00,selfplay_eval,4,10452,selfplay_eval,0.05,0,91,91
2025-11-27T09:56:01.288703+00:00,selfplay_eval,4,10453,selfplay_eval,0.05,1,95,96
2025-11-27T09:56:01.288838+00:00,selfplay_eval,4,10454,selfplay_eval,0.05,0,93,93
2025-11-27T09:56:01.288990+00:00,selfplay_eval,4,10455,selfplay_eval,0.05,0,96,96
2025-11-27T09:56:01.289231+00:00,selfplay_eval,4,10456,selfplay_eval,0.05,1,90,91
2025-11-27T09:56:01.289388+00:00,selfplay_eval,4,10457,selfplay_eval,0.05,1,94,95
2025-11-27T09:56:01.289529+00:00,selfplay_eval,4,10458,selfplay_eval,0.05,1,93,94
2025-11-27T09:56:01.289666+00:00,selfplay_eval,4,10459,selfplay_eval,0.05,1,95,96
2025-11-27T09:56:01.289799+00:00,selfplay_eval,4,10460,selfplay_eval,0.05,0,95,95
2025-11-27T09:56:01.289930+00:00,selfplay_eval,4,10461,selfplay_eval,0.05,0,89,89
2025-11-27T09:56:01.290063+00:00,selfplay_eval,4,10462,selfplay_eval,0.05,1,88,89
2025-11-27T09:56:01.290193+00:00,selfplay_eval,4,10463,selfplay_eval,0.05,1,97,98
2025-11-27T09:56:01.290322+00:00,selfplay_eval,4,10464,selfplay_eval,0.05,1,99,100
2025-11-27T09:56:01.290450+00:00,selfplay_eval,4,10465,selfplay_eval,0.05,0,87,87
2025-11-27T09:56:01.290578+00:00,selfplay_eval,4,10466,selfplay_eval,0.05,0,85,85
2025-11-27T09:56:01.290705+00:00,selfplay_eval,4,10467,selfplay_eval,0.05,0,95,95
2025-11-27T09:56:01.290832+00:00,selfplay_eval,4,10468,selfplay_eval,0.05,1,89,90
2025-11-27T09:56:01.290963+00:00,selfplay_eval,4,10469,selfplay_eval,0.05,1,84,85
2025-11-27T09:56:01.291091+00:00,selfplay_eval,4,10470,selfplay_eval,0.05,1,97,98
2025-11-27T09:56:01.291218+00:00,selfplay_eval,4,10471,selfplay_eval,0.05,1,98,99
2025-11-27T09:56:01.291345+00:00,selfplay_eval,4,10472,selfplay_eval,0.05,0,93,93
2025-11-27T09:56:01.291472+00:00,selfplay_eval,4,10473,selfplay_eval,0.05,0,88,88
2025-11-27T09:56:01.291599+00:00,selfplay_eval,4,10474,selfplay_eval,0.05,1,82,83
2025-11-27T09:56:01.291726+00:00,selfplay_eval,4,10475,selfplay_eval,0.05,0,98,98
2025-11-27T09:56:01.291853+00:00,selfplay_eval,4,10476,selfplay_eval,0.05,1,85,86
2025-11-27T09:56:01.291984+00:00,selfplay_eval,4,10477,selfplay_eval,0.05,1,93,94
2025-11-27T09:56:01.292113+00:00,selfplay_eval,4,10478,selfplay_eval,0.05,1,97,98
2025-11-27T09:56:01.292241+00:00,selfplay_eval,4,10479,selfplay_eval,0.05,1,95,96
2025-11-27T09:56:01.292368+00:00,selfplay_eval,4,10480,selfplay_eval,0.05,1,78,79
2025-11-27T09:56:01.292494+00:00,selfplay_eval,4,10481,selfplay_eval,0.05,0,93,93
2025-11-27T09:56:01.292622+00:00,selfplay_eval,4,10482,selfplay_eval,0.05,1,98,99
2025-11-27T09:56:01.292750+00:00,selfplay_eval,4,10483,selfplay_eval,0.05,1,95,96
2025-11-27T09:56:01.292878+00:00,selfplay_eval,4,10484,selfplay_eval,0.05,0,98,98
2025-11-27T09:56:01.293007+00:00,selfplay_eval,4,10485,selfplay_eval,0.05,0,92,92
2025-11-27T09:56:01.293134+00:00,selfplay_eval,4,10486,selfplay_eval,0.05,1,84,85
2025-11-27T09:56:01.293261+00:00,selfplay_eval,4,10487,selfplay_eval,0.05,0,88,88
2025-11-27T09:56:01.293388+00:00,selfplay_eval,4,10488,selfplay_eval,0.05,0,99,99
2025-11-27T09:56:01.293514+00:00,selfplay_eval,4,10489,selfplay_eval,0.05,0,85,85
2025-11-27T09:56:01.293642+00:00,selfplay_eval,4,10490,selfplay_eval,0.05,1,96,97
2025-11-27T09:56:01.293807+00:00,selfplay_eval,4,10491,selfplay_eval,0.05,0,88,88
2025-11-27T09:56:01.293985+00:00,selfplay_eval,4,10492,selfplay_eval,0.05,1,96,97
2025-11-27T09:56:01.294144+00:00,selfplay_eval,4,10493,selfplay_eval,0.05,0,97,97
2025-11-27T09:56:01.294366+00:00,selfplay_eval,4,10494,selfplay_eval,0.05,1,98,99
2025-11-27T09:56:01.294512+00:00,selfplay_eval,4,10495,selfplay_eval,0.05,1,90,91
2025-11-27T09:56:01.294650+00:00,selfplay_eval,4,10496,selfplay_eval,0.05,0,95,95
2025-11-27T09:56:01.294784+00:00,selfplay_eval,4,10497,selfplay_eval,0.05,1,94,95
2025-11-27T09:56:01.294915+00:00,selfplay_eval,4,10498,selfplay_eval,0.05,0,96,96
2025-11-27T09:56:01.295045+00:00,selfplay_eval,4,10499,selfplay_eval,0.05,1,89,90
2025-11-27T09:56:01.295174+00:00,selfplay_eval,4,10500,selfplay_eval,0.05,0,92,92
2025-11-27T09:56:01.295303+00:00,selfplay_eval,4,10501,selfplay_eval,0.05,1,84,85
2025-11-27T09:56:01.295433+00:00,selfplay_eval,4,10502,selfplay_eval,0.05,1,97,98
2025-11-27T09:56:01.295562+00:00,selfplay_eval,4,10503,selfplay_eval,0.05,0,94,94
2025-11-27T09:56:01.295746+00:00,selfplay_eval,4,10504,selfplay_eval,0.05,0,89,89
2025-11-27T09:56:01.295911+00:00,selfplay_eval,4,10505,selfplay_eval,0.05,1,88,89
2025-11-27T09:56:01.296050+00:00,selfplay_eval,4,10506,selfplay_eval,0.05,0,98,98
2025-11-27T09:56:01.296184+00:00,selfplay_eval,4,10507,selfplay_eval,0.05,1,93,94
2025-11-27T09:56:01.296314+00:00,selfplay_eval,4,10508,selfplay_eval,0.05,1,97,98
2025-11-27T09:56:01.296442+00:00,selfplay_eval,4,10509,selfplay_eval,0.05,1,96,97
2025-11-27T09:56:01.296570+00:00,selfplay_eval,4,10510,selfplay_eval,0.05,0,89,89
2025-11-27T09:56:01.296698+00:00,selfplay_eval,4,10511,selfplay_eval,0.05,1,93,94
2025-11-27T09:56:01.296825+00:00,selfplay_eval,4,10512,selfplay_eval,0.05,1,85,86
2025-11-27T09:56:01.296951+00:00,selfplay_eval,4,10513,selfplay_eval,0.05,1,91,92
2025-11-27T09:56:01.297077+00:00,selfplay_eval,4,10514,selfplay_eval,0.05,1,97,98
2025-11-27T09:56:01.297202+00:00,selfplay_eval,4,10515,selfplay_eval,0.05,0,93,93
2025-11-27T09:56:01.297328+00:00,selfplay_eval,4,10516,selfplay_eval,0.05,1,94,95
2025-11-27T09:56:01.297452+00:00,selfplay_eval,4,10517,selfplay_eval,0.05,0,84,84
2025-11-27T09:56:01.297580+00:00,selfplay_eval,4,10518,selfplay_eval,0.05,1,96,97
2025-11-27T09:56:01.297705+00:00,selfplay_eval,4,10519,selfplay_eval,0.05,0,98,98
2025-11-27T09:56:01.297830+00:00,selfplay_eval,4,10520,selfplay_eval,0.05,0,96,96
2025-11-27T09:56:01.297956+00:00,selfplay_eval,4,10521,selfplay_eval,0.05,1,95,96
2025-11-27T09:56:01.298081+00:00,selfplay_eval,4,10522,selfplay_eval,0.05,1,98,99
2025-11-27T09:56:01.298205+00:00,selfplay_eval,4,10523,selfplay_eval,0.05,1,95,96
2025-11-27T09:56:01.298330+00:00,selfplay_eval,4,10524,selfplay_eval,0.05,0,96,96
2025-11-27T09:56:01.298455+00:00,selfplay_eval,4,10525,selfplay_eval,0.05,1,96,97
2025-11-27T09:56:01.298579+00:00,selfplay_eval,4,10526,selfplay_eval,0.05,1,90,91
2025-11-27T09:56:01.298704+00:00,selfplay_eval,4,10527,selfplay_eval,0.05,0,97,97
2025-11-27T09:56:01.298829+00:00,selfplay_eval,4,10528,selfplay_eval,0.05,1,88,89
2025-11-27T09:56:01.298954+00:00,selfplay_eval,4,10529,selfplay_eval,0.05,1,73,74
2025-11-27T09:56:01.299078+00:00,selfplay_eval,4,10530,selfplay_eval,0.05,0,86,86
2025-11-27T09:56:01.299203+00:00,selfplay_eval,4,10531,selfplay_eval,0.05,0,97,97
2025-11-27T09:56:01.299328+00:00,selfplay_eval,4,10532,selfplay_eval,0.05,0,96,96
2025-11-27T09:56:01.299453+00:00,selfplay_eval,4,10533,selfplay_eval,0.05,1,97,98
2025-11-27T09:56:01.299577+00:00,selfplay_eval,4,10534,selfplay_eval,0.05,0,96,96
2025-11-27T09:56:01.299702+00:00,selfplay_eval,4,10535,selfplay_eval,0.05,1,94,95
2025-11-27T09:56:01.299827+00:00,selfplay_eval,4,10536,selfplay_eval,0.05,0,98,98
2025-11-27T09:56:01.299951+00:00,selfplay_eval,4,10537,selfplay_eval,0.05,0,88,88
2025-11-27T09:56:01.300078+00:00,selfplay_eval,4,10538,selfplay_eval,0.05,1,96,97
2025-11-27T09:56:01.300203+00:00,selfplay_eval,4,10539,selfplay_eval,0.05,1,93,94
2025-11-27T09:56:01.300328+00:00,selfplay_eval,4,10540,selfplay_eval,0.05,0,94,94
2025-11-27T09:56:01.300453+00:00,selfplay_eval,4,10541,selfplay_eval,0.05,1,99,100
2025-11-27T09:56:01.300577+00:00,selfplay_eval,4,10542,selfplay_eval,0.05,1,94,95
2025-11-27T09:56:01.300702+00:00,selfplay_eval,4,10543,selfplay_eval,0.05,0,91,91
2025-11-27T09:56:01.300826+00:00,selfplay_eval,4,10544,selfplay_eval,0.05,0,89,89
2025-11-27T09:56:01.300950+00:00,selfplay_eval,4,10545,selfplay_eval,0.05,0,92,92
2025-11-27T09:56:01.301074+00:00,selfplay_eval,4,10546,selfplay_eval,0.05,0,90,90
2025-11-27T09:56:01.301198+00:00,selfplay_eval,4,10547,selfplay_eval,0.05,1,91,92
2025-11-27T09:56:01.301322+00:00,selfplay_eval,4,10548,selfplay_eval,0.05,0,90,90
2025-11-27T09:56:01.301447+00:00,selfplay_eval,4,10549,selfplay_eval,0.05,1,90,91
2025-11-27T09:56:01.301572+00:00,selfplay_eval,4,10550,selfplay_eval,0.05,1,93,94
2025-11-27T09:56:01.301697+00:00,selfplay_eval,4,10551,selfplay_eval,0.05,1,89,90
2025-11-27T09:56:01.301820+00:00,selfplay_eval,4,10552,selfplay_eval,0.05,0,99,99
2025-11-27T09:56:01.301944+00:00,selfplay_eval,4,10553,selfplay_eval,0.05,0,90,90
2025-11-27T09:56:01.302069+00:00,selfplay_eval,4,10554,selfplay_eval,0.05,0,90,90
2025-11-27T09:56:01.302193+00:00,selfplay_eval,4,10555,selfplay_eval,0.05,1,90,91
2025-11-27T09:56:01.302317+00:00,selfplay_eval,4,10556,selfplay_eval,0.05,1,96,97
2025-11-27T09:56:01.302442+00:00,selfplay_eval,4,10557,selfplay_eval,0.05,0,89,89
2025-11-27T09:56:01.302567+00:00,selfplay_eval,4,10558,selfplay_eval,0.05,1,93,94
2025-11-27T09:56:01.302692+00:00,selfplay_eval,4,10559,selfplay_eval,0.05,1,90,91
2025-11-27T09:56:01.302816+00:00,selfplay_eval,4,10560,selfplay_eval,0.05,0,85,85
2025-11-27T09:56:01.302941+00:00,selfplay_eval,4,10561,selfplay_eval,0.05,0,85,85
2025-11-27T09:56:01.303066+00:00,selfplay_eval,4,10562,selfplay_eval,0.05,0,97,97
2025-11-27T09:56:01.303191+00:00,selfplay_eval,4,10563,selfplay_eval,0.05,0,96,96
2025-11-27T09:56:01.303315+00:00,selfplay_eval,4,10564,selfplay_eval,0.05,0,87,87
2025-11-27T09:56:01.303439+00:00,selfplay_eval,4,10565,selfplay_eval,0.05,1,98,99
2025-11-27T09:56:01.303564+00:00,selfplay_eval,4,10566,selfplay_eval,0.05,0,85,85
2025-11-27T09:56:01.303690+00:00,selfplay_eval,4,10567,selfplay_eval,0.05,0,97,97
2025-11-27T09:56:01.303818+00:00,selfplay_eval,4,10568,selfplay_eval,0.05,1,92,93
2025-11-27T09:56:01.303944+00:00,selfplay_eval,4,10569,selfplay_eval,0.05,1,95,96
2025-11-27T09:56:01.304069+00:00,selfplay_eval,4,10570,selfplay_eval,0.05,1,96,97
2025-11-27T09:56:01.304193+00:00,selfplay_eval,4,10571,selfplay_eval,0.05,0,84,84
2025-11-27T09:56:01.304318+00:00,selfplay_eval,4,10572,selfplay_eval,0.05,0,98,98
2025-11-27T09:56:01.304443+00:00,selfplay_eval,4,10573,selfplay_eval,0.05,1,88,89
2025-11-27T09:56:01.304567+00:00,selfplay_eval,4,10574,selfplay_eval,0.05,0,95,95
2025-11-27T09:56:01.304692+00:00,selfplay_eval,4,10575,selfplay_eval,0.05,1,94,95
2025-11-27T09:56:01.304817+00:00,selfplay_eval,4,10576,selfplay_eval,0.05,1,97,98
2025-11-27T09:56:01.304985+00:00,selfplay_eval,4,10577,selfplay_eval,0.05,1,95,96
2025-11-27T09:56:01.305160+00:00,selfplay_eval,4,10578,selfplay_eval,0.05,0,92,92
2025-11-27T09:56:01.305301+00:00,selfplay_eval,4,10579,selfplay_eval,0.05,1,98,99
2025-11-27T09:56:01.305435+00:00,selfplay_eval,4,10580,selfplay_eval,0.05,0,96,96
2025-11-27T09:56:01.305565+00:00,selfplay_eval,4,10581,selfplay_eval,0.05,1,88,89
2025-11-27T09:56:01.305694+00:00,selfplay_eval,4,10582,selfplay_eval,0.05,1,91,92
2025-11-27T09:56:01.305821+00:00,selfplay_eval,4,10583,selfplay_eval,0.05,0,97,97
2025-11-27T09:56:01.305958+00:00,selfplay_eval,4,10584,selfplay_eval,0.05,1,94,95
2025-11-27T09:56:01.306079+00:00,selfplay_eval,4,10585,selfplay_eval,0.05,0,95,95
2025-11-27T09:56:01.306201+00:00,selfplay_eval,4,10586,selfplay_eval,0.05,1,93,94
2025-11-27T09:56:01.306323+00:00,selfplay_eval,4,10587,selfplay_eval,0.05,1,88,89
2025-11-27T09:56:01.306443+00:00,selfplay_eval,4,10588,selfplay_eval,0.05,0,98,98
2025-11-27T09:56:01.306564+00:00,selfplay_eval,4,10589,selfplay_eval,0.05,1,91,92
2025-11-27T09:56:01.306694+00:00,selfplay_eval,4,10590,selfplay_eval,0.05,0,95,95
2025-11-27T09:56:01.306836+00:00,selfplay_eval,4,10591,selfplay_eval,0.05,1,86,87
2025-11-27T09:56:01.307034+00:00,selfplay_eval,4,10592,selfplay_eval,0.05,0,85,85
2025-11-27T09:56:01.307205+00:00,selfplay_eval,4,10593,selfplay_eval,0.05,1,93,94
2025-11-27T09:56:01.307393+00:00,selfplay_eval,4,10594,selfplay_eval,0.05,1,91,92
2025-11-27T09:56:01.307542+00:00,selfplay_eval,4,10595,selfplay_eval,0.05,1,98,99
2025-11-27T09:56:01.307685+00:00,selfplay_eval,4,10596,selfplay_eval,0.05,0,92,92
2025-11-27T09:56:01.307825+00:00,selfplay_eval,4,10597,selfplay_eval,0.05,0,74,74
2025-11-27T09:56:01.307962+00:00,selfplay_eval,4,10598,selfplay_eval,0.05,0,90,90
2025-11-27T09:56:01.308098+00:00,selfplay_eval,4,10599,selfplay_eval,0.05,0,98,98
2025-11-27T09:56:01.308231+00:00,selfplay_eval,4,10600,selfplay_eval,0.05,0,98,98
2025-11-27T09:56:01.308364+00:00,selfplay_eval,4,10601,selfplay_eval,0.05,1,94,95
2025-11-27T09:56:01.308500+00:00,selfplay_eval,4,10602,selfplay_eval,0.05,1,85,86
2025-11-27T09:56:01.308634+00:00,selfplay_eval,4,10603,selfplay_eval,0.05,1,84,85
2025-11-27T09:56:01.308770+00:00,selfplay_eval,4,10604,selfplay_eval,0.05,1,95,96
2025-11-27T09:56:01.308904+00:00,selfplay_eval,4,10605,selfplay_eval,0.05,1,88,89
2025-11-27T09:56:01.309070+00:00,selfplay_eval,4,10606,selfplay_eval,0.05,0,97,97
2025-11-27T09:56:01.309253+00:00,selfplay_eval,4,10607,selfplay_eval,0.05,0,82,82
2025-11-27T09:56:01.309396+00:00,selfplay_eval,4,10608,selfplay_eval,0.05,1,94,95
2025-11-27T09:56:01.309532+00:00,selfplay_eval,4,10609,selfplay_eval,0.05,1,82,83
2025-11-27T09:56:01.309662+00:00,selfplay_eval,4,10610,selfplay_eval,0.05,1,95,96
2025-11-27T09:56:01.309805+00:00,selfplay_eval,4,10611,selfplay_eval,0.05,1,96,97
2025-11-27T09:56:01.309932+00:00,selfplay_eval,4,10612,selfplay_eval,0.05,1,98,99
2025-11-27T09:56:01.310119+00:00,selfplay_eval,4,10613,selfplay_eval,0.05,1,98,99
2025-11-27T09:56:01.310271+00:00,selfplay_eval,4,10614,selfplay_eval,0.05,1,94,95
2025-11-27T09:56:01.310414+00:00,selfplay_eval,4,10615,selfplay_eval,0.05,0,94,94
2025-11-27T09:56:01.310553+00:00,selfplay_eval,4,10616,selfplay_eval,0.05,0,95,95
2025-11-27T09:56:01.310692+00:00,selfplay_eval,4,10617,selfplay_eval,0.05,0,91,91
2025-11-27T09:56:01.310825+00:00,selfplay_eval,4,10618,selfplay_eval,0.05,1,97,98
2025-11-27T09:56:01.310957+00:00,selfplay_eval,4,10619,selfplay_eval,0.05,0,93,93
2025-11-27T09:56:01.311135+00:00,selfplay_eval,4,10620,selfplay_eval,0.05,1,86,87
2025-11-27T09:56:01.311280+00:00,selfplay_eval,4,10621,selfplay_eval,0.05,1,97,98
2025-11-27T09:56:01.311415+00:00,selfplay_eval,4,10622,selfplay_eval,0.05,1,80,81
2025-11-27T09:56:01.311545+00:00,selfplay_eval,4,10623,selfplay_eval,0.05,0,96,96
2025-11-27T09:56:01.311685+00:00,selfplay_eval,4,10624,selfplay_eval,0.05,1,92,93
2025-11-27T09:56:01.311812+00:00,selfplay_eval,4,10625,selfplay_eval,0.05,0,95,95
2025-11-27T09:56:01.311996+00:00,selfplay_eval,4,10626,selfplay_eval,0.05,1,88,89
2025-11-27T09:56:01.312151+00:00,selfplay_eval,4,10627,selfplay_eval,0.05,1,98,99
2025-11-27T09:56:01.312294+00:00,selfplay_eval,4,10628,selfplay_eval,0.05,1,91,92
2025-11-27T09:56:01.312432+00:00,selfplay_eval,4,10629,selfplay_eval,0.05,0,88,88
2025-11-27T09:56:01.312567+00:00,selfplay_eval,4,10630,selfplay_eval,0.05,1,97,98
2025-11-27T09:56:01.312700+00:00,selfplay_eval,4,10631,selfplay_eval,0.05,1,91,92
2025-11-27T09:56:01.312833+00:00,selfplay_eval,4,10632,selfplay_eval,0.05,1,86,87
2025-11-27T09:56:01.312964+00:00,selfplay_eval,4,10633,selfplay_eval,0.05,0,93,93
2025-11-27T09:56:01.313174+00:00,selfplay_eval,4,10634,selfplay_eval,0.05,1,95,96
2025-11-27T09:56:01.313335+00:00,selfplay_eval,4,10635,selfplay_eval,0.05,0,92,92
2025-11-27T09:56:01.313476+00:00,selfplay_eval,4,10636,selfplay_eval,0.05,1,88,89
2025-11-27T09:56:01.313610+00:00,selfplay_eval,4,10637,selfplay_eval,0.05,1,90,91
2025-11-27T09:56:01.313742+00:00,selfplay_eval,4,10638,selfplay_eval,0.05,0,91,91
2025-11-27T09:56:01.313870+00:00,selfplay_eval,4,10639,selfplay_eval,0.05,0,96,96
2025-11-27T09:56:01.314012+00:00,selfplay_eval,4,10640,selfplay_eval,0.05,1,98,99
2025-11-27T09:56:01.314139+00:00,selfplay_eval,4,10641,selfplay_eval,0.05,1,87,88
2025-11-27T09:56:01.314280+00:00,selfplay_eval,4,10642,selfplay_eval,0.05,0,96,96
2025-11-27T09:56:01.314407+00:00,selfplay_eval,4,10643,selfplay_eval,0.05,0,99,99
2025-11-27T09:56:01.314552+00:00,selfplay_eval,4,10644,selfplay_eval,0.05,1,95,96
2025-11-27T09:56:01.314678+00:00,selfplay_eval,4,10645,selfplay_eval,0.05,0,90,90
2025-11-27T09:56:01.314863+00:00,selfplay_eval,4,10646,selfplay_eval,0.05,0,92,92
2025-11-27T09:56:01.315017+00:00,selfplay_eval,4,10647,selfplay_eval,0.05,0,89,89
2025-11-27T09:56:01.315160+00:00,selfplay_eval,4,10648,selfplay_eval,0.05,0,99,99
2025-11-27T09:56:01.315361+00:00,selfplay_eval,4,10649,selfplay_eval,0.05,0,95,95
2025-11-27T09:56:01.315527+00:00,selfplay_eval,4,10650,selfplay_eval,0.05,1,95,96
2025-11-27T09:56:01.315668+00:00,selfplay_eval,4,10651,selfplay_eval,0.05,1,97,98
2025-11-27T09:56:01.315801+00:00,selfplay_eval,4,10652,selfplay_eval,0.05,1,92,93
2025-11-27T09:56:01.315932+00:00,selfplay_eval,4,10653,selfplay_eval,0.05,0,77,77
2025-11-27T09:56:01.316061+00:00,selfplay_eval,4,10654,selfplay_eval,0.05,1,93,94
2025-11-27T09:56:01.316189+00:00,selfplay_eval,4,10655,selfplay_eval,0.05,0,98,98
2025-11-27T09:56:01.316315+00:00,selfplay_eval,4,10656,selfplay_eval,0.05,0,95,95
2025-11-27T09:56:01.316442+00:00,selfplay_eval,4,10657,selfplay_eval,0.05,0,89,89
2025-11-27T09:56:01.316569+00:00,selfplay_eval,4,10658,selfplay_eval,0.05,1,86,87
2025-11-27T09:56:01.316694+00:00,selfplay_eval,4,10659,selfplay_eval,0.05,0,98,98
2025-11-27T09:56:01.316832+00:00,selfplay_eval,4,10660,selfplay_eval,0.05,1,94,95
2025-11-27T09:56:01.316953+00:00,selfplay_eval,4,10661,selfplay_eval,0.05,1,95,96
2025-11-27T09:56:01.317075+00:00,selfplay_eval,4,10662,selfplay_eval,0.05,0,89,89
2025-11-27T09:56:01.317196+00:00,selfplay_eval,4,10663,selfplay_eval,0.05,0,98,98
2025-11-27T09:56:01.317316+00:00,selfplay_eval,4,10664,selfplay_eval,0.05,1,87,88
2025-11-27T09:56:01.317437+00:00,selfplay_eval,4,10665,selfplay_eval,0.05,1,93,94
2025-11-27T09:56:01.317561+00:00,selfplay_eval,4,10666,selfplay_eval,0.05,1,99,100
2025-11-27T09:56:01.317683+00:00,selfplay_eval,4,10667,selfplay_eval,0.05,1,98,99
2025-11-27T09:56:01.317817+00:00,selfplay_eval,4,10668,selfplay_eval,0.05,0,91,91
2025-11-27T09:56:01.317934+00:00,selfplay_eval,4,10669,selfplay_eval,0.05,0,99,99
2025-11-27T09:56:01.318051+00:00,selfplay_eval,4,10670,selfplay_eval,0.05,0,95,95
2025-11-27T09:56:01.318168+00:00,selfplay_eval,4,10671,selfplay_eval,0.05,1,94,95
2025-11-27T09:56:01.318285+00:00,selfplay_eval,4,10672,selfplay_eval,0.05,1,89,90
2025-11-27T09:56:01.318402+00:00,selfplay_eval,4,10673,selfplay_eval,0.05,0,94,94
2025-11-27T09:56:01.318519+00:00,selfplay_eval,4,10674,selfplay_eval,0.05,1,94,95
2025-11-27T09:56:01.318636+00:00,selfplay_eval,4,10675,selfplay_eval,0.05,1,85,86
2025-11-27T09:56:01.318753+00:00,selfplay_eval,4,10676,selfplay_eval,0.05,1,96,97
2025-11-27T09:56:01.318881+00:00,selfplay_eval,4,10677,selfplay_eval,0.05,0,99,99
2025-11-27T09:56:01.318994+00:00,selfplay_eval,4,10678,selfplay_eval,0.05,0,95,95
2025-11-27T09:56:01.319108+00:00,selfplay_eval,4,10679,selfplay_eval,0.05,1,87,88
2025-11-27T09:56:01.319221+00:00,selfplay_eval,4,10680,selfplay_eval,0.05,0,95,95
2025-11-27T09:56:01.319334+00:00,selfplay_eval,4,10681,selfplay_eval,0.05,1,93,94
2025-11-27T09:56:01.319448+00:00,selfplay_eval,4,10682,selfplay_eval,0.05,0,96,96
2025-11-27T09:56:01.319562+00:00,selfplay_eval,4,10683,selfplay_eval,0.05,1,93,94
2025-11-27T09:56:01.319675+00:00,selfplay_eval,4,10684,selfplay_eval,0.05,1,90,91
2025-11-27T09:56:01.319789+00:00,selfplay_eval,4,10685,selfplay_eval,0.05,0,93,93
2025-11-27T09:56:01.319913+00:00,selfplay_eval,4,10686,selfplay_eval,0.05,0,97,97
2025-11-27T09:56:01.320023+00:00,selfplay_eval,4,10687,selfplay_eval,0.05,0,96,96
2025-11-27T09:56:01.320133+00:00,selfplay_eval,4,10688,selfplay_eval,0.05,1,97,98
2025-11-27T09:56:01.320244+00:00,selfplay_eval,4,10689,selfplay_eval,0.05,0,94,94
2025-11-27T09:56:01.320354+00:00,selfplay_eval,4,10690,selfplay_eval,0.05,1,95,96
2025-11-27T09:56:01.320465+00:00,selfplay_eval,4,10691,selfplay_eval,0.05,1,94,95
2025-11-27T09:56:01.320575+00:00,selfplay_eval,4,10692,selfplay_eval,0.05,1,93,94
2025-11-27T09:56:01.320685+00:00,selfplay_eval,4,10693,selfplay_eval,0.05,1,82,83
2025-11-27T09:56:01.320796+00:00,selfplay_eval,4,10694,selfplay_eval,0.05,0,97,97
2025-11-27T09:56:01.320917+00:00,selfplay_eval,4,10695,selfplay_eval,0.05,1,99,100
2025-11-27T09:56:01.321024+00:00,selfplay_eval,4,10696,selfplay_eval,0.05,1,94,95
2025-11-27T09:56:01.321132+00:00,selfplay_eval,4,10697,selfplay_eval,0.05,1,96,97
2025-11-27T09:56:01.321239+00:00,selfplay_eval,4,10698,selfplay_eval,0.05,0,95,95
2025-11-27T09:56:01.321346+00:00,selfplay_eval,4,10699,selfplay_eval,0.05,0,93,93
2025-11-27T09:56:01.321454+00:00,selfplay_eval,4,10700,selfplay_eval,0.05,0,82,82
2025-11-27T09:56:01.321562+00:00,selfplay_eval,4,10701,selfplay_eval,0.05,0,97,97
2025-11-27T09:56:01.321669+00:00,selfplay_eval,4,10702,selfplay_eval,0.05,0,90,90
2025-11-27T09:56:01.321777+00:00,selfplay_eval,4,10703,selfplay_eval,0.05,1,81,82
2025-11-27T09:56:01.321896+00:00,selfplay_eval,4,10704,selfplay_eval,0.05,1,79,80
2025-11-27T09:56:01.322001+00:00,selfplay_eval,4,10705,selfplay_eval,0.05,1,82,83
2025-11-27T09:56:01.322106+00:00,selfplay_eval,4,10706,selfplay_eval,0.05,1,80,81
2025-11-27T09:56:01.322211+00:00,selfplay_eval,4,10707,selfplay_eval,0.05,1,99,100
2025-11-27T09:56:01.322315+00:00,selfplay_eval,4,10708,selfplay_eval,0.05,1,84,85
2025-11-27T09:56:01.322460+00:00,selfplay_eval,4,10709,selfplay_eval,0.05,1,79,80
2025-11-27T09:56:01.322573+00:00,selfplay_eval,4,10710,selfplay_eval,0.05,1,71,72
2025-11-27T09:56:01.322682+00:00,selfplay_eval,4,10711,selfplay_eval,0.05,1,97,98
2025-11-27T09:56:01.322790+00:00,selfplay_eval,4,10712,selfplay_eval,0.05,0,81,81
2025-11-27T09:56:01.322911+00:00,selfplay_eval,4,10713,selfplay_eval,0.05,0,87,87
2025-11-27T09:56:01.323016+00:00,selfplay_eval,4,10714,selfplay_eval,0.05,1,90,91
2025-11-27T09:56:01.323122+00:00,selfplay_eval,4,10715,selfplay_eval,0.05,0,93,93
2025-11-27T09:56:01.323244+00:00,selfplay_eval,4,10716,selfplay_eval,0.05,0,87,87
2025-11-27T09:56:01.323352+00:00,selfplay_eval,4,10717,selfplay_eval,0.05,1,99,100
2025-11-27T09:56:01.323456+00:00,selfplay_eval,4,10718,selfplay_eval,0.05,1,93,94
2025-11-27T09:56:01.323560+00:00,selfplay_eval,4,10719,selfplay_eval,0.05,1,88,89
2025-11-27T09:56:01.323732+00:00,selfplay_eval,4,10720,selfplay_eval,0.05,1,90,91
2025-11-27T09:56:01.323860+00:00,selfplay_eval,4,10721,selfplay_eval,0.05,0,95,95
2025-11-27T09:56:01.323984+00:00,selfplay_eval,4,10722,selfplay_eval,0.05,1,97,98
2025-11-27T09:56:01.324135+00:00,selfplay_eval,4,10723,selfplay_eval,0.05,1,95,96
2025-11-27T09:56:01.324251+00:00,selfplay_eval,4,10724,selfplay_eval,0.05,1,88,89
2025-11-27T09:56:01.324380+00:00,selfplay_eval,4,10725,selfplay_eval,0.05,1,93,94
2025-11-27T09:56:01.324494+00:00,selfplay_eval,4,10726,selfplay_eval,0.05,0,84,84
2025-11-27T09:56:01.324605+00:00,selfplay_eval,4,10727,selfplay_eval,0.05,1,97,98
2025-11-27T09:56:01.324712+00:00,selfplay_eval,4,10728,selfplay_eval,0.05,1,87,88
2025-11-27T09:56:01.324840+00:00,selfplay_eval,4,10729,selfplay_eval,0.05,1,86,87
2025-11-27T09:56:01.324947+00:00,selfplay_eval,4,10730,selfplay_eval,0.05,1,98,99
2025-11-27T09:56:01.325074+00:00,selfplay_eval,4,10731,selfplay_eval,0.05,0,90,90
2025-11-27T09:56:01.325181+00:00,selfplay_eval,4,10732,selfplay_eval,0.05,1,90,91
2025-11-27T09:56:01.325310+00:00,selfplay_eval,4,10733,selfplay_eval,0.05,1,94,95
2025-11-27T09:56:01.325417+00:00,selfplay_eval,4,10734,selfplay_eval,0.05,0,89,89
2025-11-27T09:56:01.325530+00:00,selfplay_eval,4,10735,selfplay_eval,0.05,0,98,98
2025-11-27T09:56:01.325636+00:00,selfplay_eval,4,10736,selfplay_eval,0.05,0,96,96
2025-11-27T09:56:01.325752+00:00,selfplay_eval,4,10737,selfplay_eval,0.05,0,96,96
2025-11-27T09:56:01.325867+00:00,selfplay_eval,4,10738,selfplay_eval,0.05,1,93,94
2025-11-27T09:56:01.325977+00:00,selfplay_eval,4,10739,selfplay_eval,0.05,0,97,97
2025-11-27T09:56:01.326083+00:00,selfplay_eval,4,10740,selfplay_eval,0.05,0,85,85
2025-11-27T09:56:01.326194+00:00,selfplay_eval,4,10741,selfplay_eval,0.05,1,89,90
2025-11-27T09:56:01.326300+00:00,selfplay_eval,4,10742,selfplay_eval,0.05,1,94,95
2025-11-27T09:56:01.326414+00:00,selfplay_eval,4,10743,selfplay_eval,0.05,0,88,88
2025-11-27T09:56:01.326519+00:00,selfplay_eval,4,10744,selfplay_eval,0.05,0,96,96
2025-11-27T09:56:01.326631+00:00,selfplay_eval,4,10745,selfplay_eval,0.05,0,87,87
2025-11-27T09:56:01.326736+00:00,selfplay_eval,4,10746,selfplay_eval,0.05,0,95,95
2025-11-27T09:56:01.326849+00:00,selfplay_eval,4,10747,selfplay_eval,0.05,0,96,96
2025-11-27T09:56:01.326959+00:00,selfplay_eval,4,10748,selfplay_eval,0.05,1,92,93
2025-11-27T09:56:01.327111+00:00,selfplay_eval,4,10749,selfplay_eval,0.05,1,96,97
2025-11-27T09:56:01.327232+00:00,selfplay_eval,4,10750,selfplay_eval,0.05,1,94,95
2025-11-27T09:56:01.327388+00:00,selfplay_eval,4,10751,selfplay_eval,0.05,0,97,97
2025-11-27T09:56:01.327515+00:00,selfplay_eval,4,10752,selfplay_eval,0.05,1,84,85
2025-11-27T09:56:01.327632+00:00,selfplay_eval,4,10753,selfplay_eval,0.05,0,90,90
2025-11-27T09:56:01.327746+00:00,selfplay_eval,4,10754,selfplay_eval,0.05,0,96,96
2025-11-27T09:56:01.327857+00:00,selfplay_eval,4,10755,selfplay_eval,0.05,1,80,81
2025-11-27T09:56:01.327965+00:00,selfplay_eval,4,10756,selfplay_eval,0.05,1,99,100
2025-11-27T09:56:01.328189+00:00,selfplay_eval,4,10757,selfplay_eval,0.05,1,94,95
2025-11-27T09:56:01.328313+00:00,selfplay_eval,4,10758,selfplay_eval,0.05,1,83,84
2025-11-27T09:56:01.328449+00:00,selfplay_eval,4,10759,selfplay_eval,0.05,1,86,87
2025-11-27T09:56:01.328588+00:00,selfplay_eval,4,10760,selfplay_eval,0.05,0,88,88
2025-11-27T09:56:01.328723+00:00,selfplay_eval,4,10761,selfplay_eval,0.05,0,98,98
2025-11-27T09:56:01.328839+00:00,selfplay_eval,4,10762,selfplay_eval,0.05,0,99,99
2025-11-27T09:56:01.328949+00:00,selfplay_eval,4,10763,selfplay_eval,0.05,0,98,98
2025-11-27T09:56:01.329057+00:00,selfplay_eval,4,10764,selfplay_eval,0.05,0,84,84
2025-11-27T09:56:01.329247+00:00,selfplay_eval,4,10765,selfplay_eval,0.05,1,92,93
2025-11-27T09:56:01.329354+00:00,selfplay_eval,4,10766,selfplay_eval,0.05,0,91,91
2025-11-27T09:56:01.329491+00:00,selfplay_eval,4,10767,selfplay_eval,0.05,1,95,96
2025-11-27T09:56:01.329597+00:00,selfplay_eval,4,10768,selfplay_eval,0.05,0,93,93
2025-11-27T09:56:01.329731+00:00,selfplay_eval,4,10769,selfplay_eval,0.05,1,97,98
2025-11-27T09:56:01.329836+00:00,selfplay_eval,4,10770,selfplay_eval,0.05,0,91,91
2025-11-27T09:56:01.329972+00:00,selfplay_eval,4,10771,selfplay_eval,0.05,1,88,89
2025-11-27T09:56:01.330078+00:00,selfplay_eval,4,10772,selfplay_eval,0.05,1,94,95
2025-11-27T09:56:01.330212+00:00,selfplay_eval,4,10773,selfplay_eval,0.05,0,81,81
2025-11-27T09:56:01.330316+00:00,selfplay_eval,4,10774,selfplay_eval,0.05,0,95,95
2025-11-27T09:56:01.330421+00:00,selfplay_eval,4,10775,selfplay_eval,0.05,0,95,95
2025-11-27T09:56:01.330524+00:00,selfplay_eval,4,10776,selfplay_eval,0.05,1,85,86
2025-11-27T09:56:01.330687+00:00,selfplay_eval,4,10777,selfplay_eval,0.05,1,86,87
2025-11-27T09:56:01.330810+00:00,selfplay_eval,4,10778,selfplay_eval,0.05,0,97,97
2025-11-27T09:56:01.330924+00:00,selfplay_eval,4,10779,selfplay_eval,0.05,1,96,97
2025-11-27T09:56:01.331034+00:00,selfplay_eval,4,10780,selfplay_eval,0.05,1,96,97
2025-11-27T09:56:01.331141+00:00,selfplay_eval,4,10781,selfplay_eval,0.05,0,92,92
2025-11-27T09:56:01.331246+00:00,selfplay_eval,4,10782,selfplay_eval,0.05,1,94,95
2025-11-27T09:56:01.331350+00:00,selfplay_eval,4,10783,selfplay_eval,0.05,1,84,85
2025-11-27T09:56:01.331453+00:00,selfplay_eval,4,10784,selfplay_eval,0.05,1,95,96
2025-11-27T09:56:01.331557+00:00,selfplay_eval,4,10785,selfplay_eval,0.05,0,98,98
2025-11-27T09:56:01.331659+00:00,selfplay_eval,4,10786,selfplay_eval,0.05,0,89,89
2025-11-27T09:56:01.331762+00:00,selfplay_eval,4,10787,selfplay_eval,0.05,1,75,76
2025-11-27T09:56:01.331864+00:00,selfplay_eval,4,10788,selfplay_eval,0.05,1,92,93
2025-11-27T09:56:01.331966+00:00,selfplay_eval,4,10789,selfplay_eval,0.05,0,92,92
2025-11-27T09:56:01.332068+00:00,selfplay_eval,4,10790,selfplay_eval,0.05,1,91,92
2025-11-27T09:56:01.332170+00:00,selfplay_eval,4,10791,selfplay_eval,0.05,1,93,94
2025-11-27T09:56:01.332271+00:00,selfplay_eval,4,10792,selfplay_eval,0.05,1,89,90
2025-11-27T09:56:01.332373+00:00,selfplay_eval,4,10793,selfplay_eval,0.05,0,72,72
2025-11-27T09:56:01.332475+00:00,selfplay_eval,4,10794,selfplay_eval,0.05,1,97,98
2025-11-27T09:56:01.332576+00:00,selfplay_eval,4,10795,selfplay_eval,0.05,1,93,94
2025-11-27T09:56:01.332678+00:00,selfplay_eval,4,10796,selfplay_eval,0.05,1,96,97
2025-11-27T09:56:01.332780+00:00,selfplay_eval,4,10797,selfplay_eval,0.05,1,88,89
2025-11-27T09:56:01.332881+00:00,selfplay_eval,4,10798,selfplay_eval,0.05,0,83,83
2025-11-27T09:56:01.332983+00:00,selfplay_eval,4,10799,selfplay_eval,0.05,1,73,74
2025-11-27T09:56:01.333084+00:00,selfplay_eval,4,10800,selfplay_eval,0.05,1,97,98
2025-11-27T09:59:18.627591+00:00,train,5,10801,self,0.05,0,96,
2025-11-27T09:59:18.628349+00:00,train,5,10802,self,0.05,0,97,
2025-11-27T09:59:18.628553+00:00,train,5,10803,self,0.05,0,81,
2025-11-27T09:59:18.628738+00:00,train,5,10804,self,0.05,0,99,
2025-11-27T09:59:18.628914+00:00,train,5,10805,self,0.05,0,97,
2025-11-27T09:59:18.629096+00:00,train,5,10806,self,0.05,0,97,
2025-11-27T09:59:18.629255+00:00,train,5,10807,self,0.05,0,90,
2025-11-27T09:59:18.629402+00:00,train,5,10808,self,0.05,0,97,
2025-11-27T09:59:18.629548+00:00,train,5,10809,self,0.05,0,87,
2025-11-27T09:59:18.629694+00:00,train,5,10810,self,0.05,0,100,
2025-11-27T09:59:18.629839+00:00,train,5,10811,self,0.05,0,92,
2025-11-27T09:59:18.629983+00:00,train,5,10812,self,0.05,0,100,
2025-11-27T09:59:18.630127+00:00,train,5,10813,self,0.05,0,94,
2025-11-27T09:59:18.630269+00:00,train,5,10814,self,0.05,0,99,
2025-11-27T09:59:18.630413+00:00,train,5,10815,self,0.05,0,90,
2025-11-27T09:59:18.630557+00:00,train,5,10816,self,0.05,0,99,
2025-11-27T09:59:18.630699+00:00,train,5,10817,self,0.05,0,90,
2025-11-27T09:59:18.630846+00:00,train,5,10818,self,0.05,0,99,
2025-11-27T09:59:18.630990+00:00,train,5,10819,self,0.05,0,95,
2025-11-27T09:59:18.631134+00:00,train,5,10820,self,0.05,0,96,
2025-11-27T09:59:18.631279+00:00,train,5,10821,self,0.05,0,94,
2025-11-27T09:59:18.631423+00:00,train,5,10822,self,0.05,0,98,
2025-11-27T09:59:18.631567+00:00,train,5,10823,self,0.05,0,91,
2025-11-27T09:59:18.631711+00:00,train,5,10824,self,0.05,0,100,
2025-11-27T09:59:18.631853+00:00,train,5,10825,self,0.05,0,96,
2025-11-27T09:59:18.631999+00:00,train,5,10826,self,0.05,0,100,
2025-11-27T09:59:18.632143+00:00,train,5,10827,self,0.05,0,92,
2025-11-27T09:59:18.632287+00:00,train,5,10828,self,0.05,0,99,
2025-11-27T09:59:18.632431+00:00,train,5,10829,self,0.05,0,95,
2025-11-27T09:59:18.632575+00:00,train,5,10830,self,0.05,0,99,
2025-11-27T09:59:18.632719+00:00,train,5,10831,self,0.05,0,80,
2025-11-27T09:59:18.632863+00:00,train,5,10832,self,0.05,0,93,
2025-11-27T09:59:18.633007+00:00,train,5,10833,self,0.05,0,97,
2025-11-27T09:59:18.633151+00:00,train,5,10834,self,0.05,0,100,
2025-11-27T09:59:18.633296+00:00,train,5,10835,self,0.05,0,100,
2025-11-27T09:59:18.633440+00:00,train,5,10836,self,0.05,0,100,
2025-11-27T09:59:18.633584+00:00,train,5,10837,self,0.05,0,99,
2025-11-27T09:59:18.633728+00:00,train,5,10838,self,0.05,0,99,
2025-11-27T09:59:18.633871+00:00,train,5,10839,self,0.05,0,95,
2025-11-27T09:59:18.634015+00:00,train,5,10840,self,0.05,0,100,
2025-11-27T09:59:18.634164+00:00,train,5,10841,self,0.05,0,96,
2025-11-27T09:59:18.634310+00:00,train,5,10842,self,0.05,0,97,
2025-11-27T09:59:18.634454+00:00,train,5,10843,self,0.05,0,83,
2025-11-27T09:59:18.634599+00:00,train,5,10844,self,0.05,0,97,
2025-11-27T09:59:18.634743+00:00,train,5,10845,self,0.05,0,82,
2025-11-27T09:59:18.634887+00:00,train,5,10846,self,0.05,0,93,
2025-11-27T09:59:18.635032+00:00,train,5,10847,self,0.05,0,91,
2025-11-27T09:59:18.635176+00:00,train,5,10848,self,0.05,0,95,
2025-11-27T09:59:18.635320+00:00,train,5,10849,self,0.05,0,85,
2025-11-27T09:59:18.635464+00:00,train,5,10850,self,0.05,0,90,
2025-11-27T09:59:18.635608+00:00,train,5,10851,self,0.05,0,96,
2025-11-27T09:59:18.635752+00:00,train,5,10852,self,0.05,0,100,
2025-11-27T09:59:18.635895+00:00,train,5,10853,self,0.05,0,95,
2025-11-27T09:59:18.636039+00:00,train,5,10854,self,0.05,0,100,
2025-11-27T09:59:18.636183+00:00,train,5,10855,self,0.05,0,87,
2025-11-27T09:59:18.636326+00:00,train,5,10856,self,0.05,0,92,
2025-11-27T09:59:18.636469+00:00,train,5,10857,self,0.05,0,91,
2025-11-27T09:59:18.636613+00:00,train,5,10858,self,0.05,0,99,
2025-11-27T09:59:18.636757+00:00,train,5,10859,self,0.05,0,93,
2025-11-27T09:59:18.636901+00:00,train,5,10860,self,0.05,0,96,
2025-11-27T09:59:18.637046+00:00,train,5,10861,self,0.05,0,98,
2025-11-27T09:59:18.637194+00:00,train,5,10862,self,0.05,0,100,
2025-11-27T09:59:18.637339+00:00,train,5,10863,self,0.05,0,95,
2025-11-27T09:59:18.637483+00:00,train,5,10864,self,0.05,0,95,
2025-11-27T09:59:18.637628+00:00,train,5,10865,self,0.05,0,89,
2025-11-27T09:59:18.637772+00:00,train,5,10866,self,0.05,0,97,
2025-11-27T09:59:18.637917+00:00,train,5,10867,self,0.05,0,86,
2025-11-27T09:59:18.638064+00:00,train,5,10868,self,0.05,0,98,
2025-11-27T09:59:18.638209+00:00,train,5,10869,self,0.05,0,98,
2025-11-27T09:59:18.638353+00:00,train,5,10870,self,0.05,0,98,
2025-11-27T09:59:18.638497+00:00,train,5,10871,self,0.05,0,99,
2025-11-27T09:59:18.638641+00:00,train,5,10872,self,0.05,0,100,
2025-11-27T09:59:18.638785+00:00,train,5,10873,self,0.05,0,98,
2025-11-27T09:59:18.638940+00:00,train,5,10874,self,0.05,0,100,
2025-11-27T09:59:18.639078+00:00,train,5,10875,self,0.05,0,90,
2025-11-27T09:59:18.639217+00:00,train,5,10876,self,0.05,0,97,
2025-11-27T09:59:18.639356+00:00,train,5,10877,self,0.05,0,97,
2025-11-27T09:59:18.639495+00:00,train,5,10878,self,0.05,0,99,
2025-11-27T09:59:18.639634+00:00,train,5,10879,self,0.05,0,98,
2025-11-27T09:59:18.639773+00:00,train,5,10880,self,0.05,0,100,
2025-11-27T09:59:18.639916+00:00,train,5,10881,self,0.05,0,93,
2025-11-27T09:59:18.640055+00:00,train,5,10882,self,0.05,0,95,
2025-11-27T09:59:18.640195+00:00,train,5,10883,self,0.05,0,94,
2025-11-27T09:59:18.640343+00:00,train,5,10884,self,0.05,0,98,
2025-11-27T09:59:18.640484+00:00,train,5,10885,self,0.05,0,96,
2025-11-27T09:59:18.640626+00:00,train,5,10886,self,0.05,0,98,
2025-11-27T09:59:18.640766+00:00,train,5,10887,self,0.05,0,88,
2025-11-27T09:59:18.640907+00:00,train,5,10888,self,0.05,0,96,
2025-11-27T09:59:18.641049+00:00,train,5,10889,self,0.05,0,96,
2025-11-27T09:59:18.641189+00:00,train,5,10890,self,0.05,0,99,
2025-11-27T09:59:18.641332+00:00,train,5,10891,self,0.05,0,87,
2025-11-27T09:59:18.641474+00:00,train,5,10892,self,0.05,0,100,
2025-11-27T09:59:18.641614+00:00,train,5,10893,self,0.05,0,96,
2025-11-27T09:59:18.641757+00:00,train,5,10894,self,0.05,0,98,
2025-11-27T09:59:18.641897+00:00,train,5,10895,self,0.05,0,96,
2025-11-27T09:59:18.642037+00:00,train,5,10896,self,0.05,0,100,
2025-11-27T09:59:18.642176+00:00,train,5,10897,self,0.05,0,80,
2025-11-27T09:59:18.642316+00:00,train,5,10898,self,0.05,0,94,
2025-11-27T09:59:18.642455+00:00,train,5,10899,self,0.05,0,81,
2025-11-27T09:59:18.642595+00:00,train,5,10900,self,0.05,0,98,
2025-11-27T09:59:18.642736+00:00,train,5,10901,self,0.05,0,97,
2025-11-27T09:59:18.642889+00:00,train,5,10902,self,0.05,0,100,
2025-11-27T09:59:18.643025+00:00,train,5,10903,self,0.05,0,97,
2025-11-27T09:59:18.643162+00:00,train,5,10904,self,0.05,0,100,
2025-11-27T09:59:18.643297+00:00,train,5,10905,self,0.05,0,95,
2025-11-27T09:59:18.643433+00:00,train,5,10906,self,0.05,0,98,
2025-11-27T09:59:18.643569+00:00,train,5,10907,self,0.05,0,92,
2025-11-27T09:59:18.643705+00:00,train,5,10908,self,0.05,0,98,
2025-11-27T09:59:18.643841+00:00,train,5,10909,self,0.05,0,94,
2025-11-27T09:59:18.643976+00:00,train,5,10910,self,0.05,0,99,
2025-11-27T09:59:18.644110+00:00,train,5,10911,self,0.05,0,89,
2025-11-27T09:59:18.644246+00:00,train,5,10912,self,0.05,0,90,
2025-11-27T09:59:18.644380+00:00,train,5,10913,self,0.05,0,97,
2025-11-27T09:59:18.644517+00:00,train,5,10914,self,0.05,0,100,
2025-11-27T09:59:18.644653+00:00,train,5,10915,self,0.05,0,90,
2025-11-27T09:59:18.644790+00:00,train,5,10916,self,0.05,0,98,
2025-11-27T09:59:18.644926+00:00,train,5,10917,self,0.05,0,91,
2025-11-27T09:59:18.645061+00:00,train,5,10918,self,0.05,0,93,
2025-11-27T09:59:18.645197+00:00,train,5,10919,self,0.05,0,97,
2025-11-27T09:59:18.645332+00:00,train,5,10920,self,0.05,0,98,
2025-11-27T09:59:18.645469+00:00,train,5,10921,self,0.05,0,87,
2025-11-27T09:59:18.645605+00:00,train,5,10922,self,0.05,0,97,
2025-11-27T09:59:18.645741+00:00,train,5,10923,self,0.05,0,92,
2025-11-27T09:59:18.645877+00:00,train,5,10924,self,0.05,0,100,
2025-11-27T09:59:18.646012+00:00,train,5,10925,self,0.05,0,90,
2025-11-27T09:59:18.646148+00:00,train,5,10926,self,0.05,0,93,
2025-11-27T09:59:18.646284+00:00,train,5,10927,self,0.05,0,98,
2025-11-27T09:59:18.646419+00:00,train,5,10928,self,0.05,0,100,
2025-11-27T09:59:18.646555+00:00,train,5,10929,self,0.05,0,88,
2025-11-27T09:59:18.646691+00:00,train,5,10930,self,0.05,0,89,
2025-11-27T09:59:18.646827+00:00,train,5,10931,self,0.05,0,96,
2025-11-27T09:59:18.646962+00:00,train,5,10932,self,0.05,0,100,
2025-11-27T09:59:18.647103+00:00,train,5,10933,self,0.05,0,85,
2025-11-27T09:59:18.647241+00:00,train,5,10934,self,0.05,0,94,
2025-11-27T09:59:18.647376+00:00,train,5,10935,self,0.05,0,97,
2025-11-27T09:59:18.647511+00:00,train,5,10936,self,0.05,0,99,
2025-11-27T09:59:18.647645+00:00,train,5,10937,self,0.05,0,96,
2025-11-27T09:59:18.647778+00:00,train,5,10938,self,0.05,0,98,
2025-11-27T09:59:18.647913+00:00,train,5,10939,self,0.05,0,90,
2025-11-27T09:59:18.648045+00:00,train,5,10940,self,0.05,0,93,
2025-11-27T09:59:18.648189+00:00,train,5,10941,self,0.05,0,89,
2025-11-27T09:59:18.648324+00:00,train,5,10942,self,0.05,0,99,
2025-11-27T09:59:18.648459+00:00,train,5,10943,self,0.05,0,84,
2025-11-27T09:59:18.648593+00:00,train,5,10944,self,0.05,0,91,
2025-11-27T09:59:18.648730+00:00,train,5,10945,self,0.05,0,98,
2025-11-27T09:59:18.648870+00:00,train,5,10946,self,0.05,0,100,
2025-11-27T09:59:18.649005+00:00,train,5,10947,self,0.05,0,89,
2025-11-27T09:59:18.649139+00:00,train,5,10948,self,0.05,0,100,
2025-11-27T09:59:18.649279+00:00,train,5,10949,self,0.05,0,97,
2025-11-27T09:59:18.649414+00:00,train,5,10950,self,0.05,0,99,
2025-11-27T09:59:18.649549+00:00,train,5,10951,self,0.05,0,95,
2025-11-27T09:59:18.649683+00:00,train,5,10952,self,0.05,0,95,
2025-11-27T09:59:18.649817+00:00,train,5,10953,self,0.05,0,88,
2025-11-27T09:59:18.649951+00:00,train,5,10954,self,0.05,0,100,
2025-11-27T09:59:18.650085+00:00,train,5,10955,self,0.05,0,99,
2025-11-27T09:59:18.650219+00:00,train,5,10956,self,0.05,0,100,
2025-11-27T09:59:18.650358+00:00,train,5,10957,self,0.05,0,99,
2025-11-27T09:59:18.650492+00:00,train,5,10958,self,0.05,0,100,
2025-11-27T09:59:18.650626+00:00,train,5,10959,self,0.05,0,93,
2025-11-27T09:59:18.650760+00:00,train,5,10960,self,0.05,0,100,
2025-11-27T09:59:18.650908+00:00,train,5,10961,self,0.05,0,93,
2025-11-27T09:59:18.651038+00:00,train,5,10962,self,0.05,0,98,
2025-11-27T09:59:18.651168+00:00,train,5,10963,self,0.05,0,99,
2025-11-27T09:59:18.651301+00:00,train,5,10964,self,0.05,0,100,
2025-11-27T09:59:18.651437+00:00,train,5,10965,self,0.05,0,83,
2025-11-27T09:59:18.651568+00:00,train,5,10966,self,0.05,0,91,
2025-11-27T09:59:18.651699+00:00,train,5,10967,self,0.05,0,95,
2025-11-27T09:59:18.651830+00:00,train,5,10968,self,0.05,0,97,
2025-11-27T09:59:18.651960+00:00,train,5,10969,self,0.05,0,95,
2025-11-27T09:59:18.652091+00:00,train,5,10970,self,0.05,0,100,
2025-11-27T09:59:18.652221+00:00,train,5,10971,self,0.05,0,92,
2025-11-27T09:59:18.652358+00:00,train,5,10972,self,0.05,0,99,
2025-11-27T09:59:18.652497+00:00,train,5,10973,self,0.05,0,88,
2025-11-27T09:59:18.652628+00:00,train,5,10974,self,0.05,0,95,
2025-11-27T09:59:18.652758+00:00,train,5,10975,self,0.05,0,95,
2025-11-27T09:59:18.652889+00:00,train,5,10976,self,0.05,0,96,
2025-11-27T09:59:18.653019+00:00,train,5,10977,self,0.05,0,95,
2025-11-27T09:59:18.653149+00:00,train,5,10978,self,0.05,0,97,
2025-11-27T09:59:18.653280+00:00,train,5,10979,self,0.05,0,99,
2025-11-27T09:59:18.653410+00:00,train,5,10980,self,0.05,0,100,
2025-11-27T09:59:18.653550+00:00,train,5,10981,self,0.05,0,96,
2025-11-27T09:59:18.653684+00:00,train,5,10982,self,0.05,0,97,
2025-11-27T09:59:18.653817+00:00,train,5,10983,self,0.05,0,83,
2025-11-27T09:59:18.653948+00:00,train,5,10984,self,0.05,0,97,
2025-11-27T09:59:18.654078+00:00,train,5,10985,self,0.05,0,94,
2025-11-27T09:59:18.654209+00:00,train,5,10986,self,0.05,0,99,
2025-11-27T09:59:18.654339+00:00,train,5,10987,self,0.05,0,96,
2025-11-27T09:59:18.654470+00:00,train,5,10988,self,0.05,0,98,
2025-11-27T09:59:18.654609+00:00,train,5,10989,self,0.05,0,96,
2025-11-27T09:59:18.654742+00:00,train,5,10990,self,0.05,0,96,
2025-11-27T09:59:18.654873+00:00,train,5,10991,self,0.05,0,98,
2025-11-27T09:59:18.655004+00:00,train,5,10992,self,0.05,0,99,
2025-11-27T09:59:18.655136+00:00,train,5,10993,self,0.05,0,90,
2025-11-27T09:59:18.655267+00:00,train,5,10994,self,0.05,0,98,
2025-11-27T09:59:18.655398+00:00,train,5,10995,self,0.05,0,86,
2025-11-27T09:59:18.655530+00:00,train,5,10996,self,0.05,0,99,
2025-11-27T09:59:18.655665+00:00,train,5,10997,self,0.05,0,96,
2025-11-27T09:59:18.655796+00:00,train,5,10998,self,0.05,0,100,
2025-11-27T09:59:18.655927+00:00,train,5,10999,self,0.05,0,91,
2025-11-27T09:59:18.656057+00:00,train,5,11000,self,0.05,0,97,
2025-11-27T09:59:18.656188+00:00,train,5,11001,self,0.05,0,100,
2025-11-27T09:59:18.656319+00:00,train,5,11002,self,0.05,0,100,
2025-11-27T09:59:18.656450+00:00,train,5,11003,self,0.05,0,93,
2025-11-27T09:59:18.656581+00:00,train,5,11004,self,0.05,0,97,
2025-11-27T09:59:18.656717+00:00,train,5,11005,self,0.05,0,84,
2025-11-27T09:59:18.656848+00:00,train,5,11006,self,0.05,0,89,
2025-11-27T09:59:18.656979+00:00,train,5,11007,self,0.05,0,92,
2025-11-27T09:59:18.657110+00:00,train,5,11008,self,0.05,0,97,
2025-11-27T09:59:18.657243+00:00,train,5,11009,self,0.05,0,92,
2025-11-27T09:59:18.657377+00:00,train,5,11010,self,0.05,0,99,
2025-11-27T09:59:18.657507+00:00,train,5,11011,self,0.05,0,87,
2025-11-27T09:59:18.657638+00:00,train,5,11012,self,0.05,0,95,
2025-11-27T09:59:18.657774+00:00,train,5,11013,self,0.05,0,97,
2025-11-27T09:59:18.657906+00:00,train,5,11014,self,0.05,0,97,
2025-11-27T09:59:18.658037+00:00,train,5,11015,self,0.05,0,83,
2025-11-27T09:59:18.658172+00:00,train,5,11016,self,0.05,0,94,
2025-11-27T09:59:18.658303+00:00,train,5,11017,self,0.05,0,89,
2025-11-27T09:59:18.658434+00:00,train,5,11018,self,0.05,0,96,
2025-11-27T09:59:18.658565+00:00,train,5,11019,self,0.05,0,96,
2025-11-27T09:59:18.658696+00:00,train,5,11020,self,0.05,0,96,
2025-11-27T09:59:18.658831+00:00,train,5,11021,self,0.05,0,95,
2025-11-27T09:59:18.658963+00:00,train,5,11022,self,0.05,0,100,
2025-11-27T09:59:18.659093+00:00,train,5,11023,self,0.05,0,86,
2025-11-27T09:59:18.659225+00:00,train,5,11024,self,0.05,0,92,
2025-11-27T09:59:18.659356+00:00,train,5,11025,self,0.05,0,94,
2025-11-27T09:59:18.659493+00:00,train,5,11026,self,0.05,0,96,
2025-11-27T09:59:18.659625+00:00,train,5,11027,self,0.05,0,91,
2025-11-27T09:59:18.659756+00:00,train,5,11028,self,0.05,0,100,
2025-11-27T09:59:18.659892+00:00,train,5,11029,self,0.05,0,76,
2025-11-27T09:59:18.660024+00:00,train,5,11030,self,0.05,0,92,
2025-11-27T09:59:18.660155+00:00,train,5,11031,self,0.05,0,97,
2025-11-27T09:59:18.660286+00:00,train,5,11032,self,0.05,0,100,
2025-11-27T09:59:18.660417+00:00,train,5,11033,self,0.05,0,93,
2025-11-27T09:59:18.660547+00:00,train,5,11034,self,0.05,0,97,
2025-11-27T09:59:18.660678+00:00,train,5,11035,self,0.05,0,94,
2025-11-27T09:59:18.660809+00:00,train,5,11036,self,0.05,0,100,
2025-11-27T09:59:18.660944+00:00,train,5,11037,self,0.05,0,93,
2025-11-27T09:59:18.661074+00:00,train,5,11038,self,0.05,0,93,
2025-11-27T09:59:18.661204+00:00,train,5,11039,self,0.05,0,97,
2025-11-27T09:59:18.661338+00:00,train,5,11040,self,0.05,0,99,
2025-11-27T09:59:18.661469+00:00,train,5,11041,self,0.05,0,100,
2025-11-27T09:59:18.661600+00:00,train,5,11042,self,0.05,0,100,
2025-11-27T09:59:18.661730+00:00,train,5,11043,self,0.05,0,95,
2025-11-27T09:59:18.661861+00:00,train,5,11044,self,0.05,0,95,
2025-11-27T09:59:18.661996+00:00,train,5,11045,self,0.05,0,88,
2025-11-27T09:59:18.662127+00:00,train,5,11046,self,0.05,0,99,
2025-11-27T09:59:18.662258+00:00,train,5,11047,self,0.05,0,95,
2025-11-27T09:59:18.662392+00:00,train,5,11048,self,0.05,0,99,
2025-11-27T09:59:18.662527+00:00,train,5,11049,self,0.05,0,92,
2025-11-27T09:59:18.662658+00:00,train,5,11050,self,0.05,0,95,
2025-11-27T09:59:18.662789+00:00,train,5,11051,self,0.05,0,83,
2025-11-27T09:59:18.662921+00:00,train,5,11052,self,0.05,0,96,
2025-11-27T09:59:18.663057+00:00,train,5,11053,self,0.05,0,97,
2025-11-27T09:59:18.663188+00:00,train,5,11054,self,0.05,0,100,
2025-11-27T09:59:18.663318+00:00,train,5,11055,self,0.05,0,84,
2025-11-27T09:59:18.663450+00:00,train,5,11056,self,0.05,0,99,
2025-11-27T09:59:18.663582+00:00,train,5,11057,self,0.05,0,96,
2025-11-27T09:59:18.663712+00:00,train,5,11058,self,0.05,0,98,
2025-11-27T09:59:18.663842+00:00,train,5,11059,self,0.05,0,99,
2025-11-27T09:59:18.663972+00:00,train,5,11060,self,0.05,0,99,
2025-11-27T09:59:18.664107+00:00,train,5,11061,self,0.05,0,90,
2025-11-27T09:59:18.664237+00:00,train,5,11062,self,0.05,0,99,
2025-11-27T09:59:18.664367+00:00,train,5,11063,self,0.05,0,94,
2025-11-27T09:59:18.664497+00:00,train,5,11064,self,0.05,0,100,
2025-11-27T09:59:18.664627+00:00,train,5,11065,self,0.05,0,84,
2025-11-27T09:59:18.664758+00:00,train,5,11066,self,0.05,0,95,
2025-11-27T09:59:18.664902+00:00,train,5,11067,self,0.05,0,87,
2025-11-27T09:59:18.665031+00:00,train,5,11068,self,0.05,0,91,
2025-11-27T09:59:18.665163+00:00,train,5,11069,self,0.05,0,86,
2025-11-27T09:59:18.665289+00:00,train,5,11070,self,0.05,0,95,
2025-11-27T09:59:18.665417+00:00,train,5,11071,self,0.05,0,90,
2025-11-27T09:59:18.665544+00:00,train,5,11072,self,0.05,0,100,
2025-11-27T09:59:18.665673+00:00,train,5,11073,self,0.05,0,99,
2025-11-27T09:59:18.665801+00:00,train,5,11074,self,0.05,0,100,
2025-11-27T09:59:18.665940+00:00,train,5,11075,self,0.05,0,93,
2025-11-27T09:59:18.666063+00:00,train,5,11076,self,0.05,0,95,
2025-11-27T09:59:18.666192+00:00,train,5,11077,self,0.05,0,75,
2025-11-27T09:59:18.666315+00:00,train,5,11078,self,0.05,0,94,
2025-11-27T09:59:18.666439+00:00,train,5,11079,self,0.05,0,99,
2025-11-27T09:59:18.666562+00:00,train,5,11080,self,0.05,0,100,
2025-11-27T09:59:18.666685+00:00,train,5,11081,self,0.05,0,99,
2025-11-27T09:59:18.666808+00:00,train,5,11082,self,0.05,0,100,
2025-11-27T09:59:18.666941+00:00,train,5,11083,self,0.05,0,77,
2025-11-27T09:59:18.667062+00:00,train,5,11084,self,0.05,0,85,
2025-11-27T09:59:18.667186+00:00,train,5,11085,self,0.05,0,77,
2025-11-27T09:59:18.667306+00:00,train,5,11086,self,0.05,0,96,
2025-11-27T09:59:18.667426+00:00,train,5,11087,self,0.05,0,92,
2025-11-27T09:59:18.667545+00:00,train,5,11088,self,0.05,0,99,
2025-11-27T09:59:18.667665+00:00,train,5,11089,self,0.05,0,99,
2025-11-27T09:59:18.667784+00:00,train,5,11090,self,0.05,0,99,
2025-11-27T09:59:18.667917+00:00,train,5,11091,self,0.05,0,93,
2025-11-27T09:59:18.668033+00:00,train,5,11092,self,0.05,0,100,
2025-11-27T09:59:18.668158+00:00,train,5,11093,self,0.05,0,98,
2025-11-27T09:59:18.668274+00:00,train,5,11094,self,0.05,0,98,
2025-11-27T09:59:18.668391+00:00,train,5,11095,self,0.05,0,96,
2025-11-27T09:59:18.668508+00:00,train,5,11096,self,0.05,0,99,
2025-11-27T09:59:18.668624+00:00,train,5,11097,self,0.05,0,81,
2025-11-27T09:59:18.668740+00:00,train,5,11098,self,0.05,0,97,
2025-11-27T09:59:18.668856+00:00,train,5,11099,self,0.05,0,90,
2025-11-27T09:59:18.668985+00:00,train,5,11100,self,0.05,0,97,
2025-11-27T09:59:18.669098+00:00,train,5,11101,self,0.05,0,87,
2025-11-27T09:59:18.669212+00:00,train,5,11102,self,0.05,0,100,
2025-11-27T09:59:18.669327+00:00,train,5,11103,self,0.05,0,99,
2025-11-27T09:59:18.669442+00:00,train,5,11104,self,0.05,0,100,
2025-11-27T09:59:18.669556+00:00,train,5,11105,self,0.05,0,95,
2025-11-27T09:59:18.669671+00:00,train,5,11106,self,0.05,0,96,
2025-11-27T09:59:18.669786+00:00,train,5,11107,self,0.05,0,93,
2025-11-27T09:59:18.669913+00:00,train,5,11108,self,0.05,0,99,
2025-11-27T09:59:18.670024+00:00,train,5,11109,self,0.05,0,79,
2025-11-27T09:59:18.670133+00:00,train,5,11110,self,0.05,0,80,
2025-11-27T09:59:18.670247+00:00,train,5,11111,self,0.05,0,97,
2025-11-27T09:59:18.670360+00:00,train,5,11112,self,0.05,0,99,
2025-11-27T09:59:18.670470+00:00,train,5,11113,self,0.05,0,84,
2025-11-27T09:59:18.670582+00:00,train,5,11114,self,0.05,0,92,
2025-11-27T09:59:18.670694+00:00,train,5,11115,self,0.05,0,100,
2025-11-27T09:59:18.670805+00:00,train,5,11116,self,0.05,0,100,
2025-11-27T09:59:18.670937+00:00,train,5,11117,self,0.05,0,92,
2025-11-27T09:59:18.671063+00:00,train,5,11118,self,0.05,0,96,
2025-11-27T09:59:18.671174+00:00,train,5,11119,self,0.05,0,94,
2025-11-27T09:59:18.671286+00:00,train,5,11120,self,0.05,0,99,
2025-11-27T09:59:18.671396+00:00,train,5,11121,self,0.05,0,96,
2025-11-27T09:59:18.671502+00:00,train,5,11122,self,0.05,0,98,
2025-11-27T09:59:18.671614+00:00,train,5,11123,self,0.05,0,96,
2025-11-27T09:59:18.671723+00:00,train,5,11124,self,0.05,0,99,
2025-11-27T09:59:18.671833+00:00,train,5,11125,self,0.05,0,91,
2025-11-27T09:59:18.671938+00:00,train,5,11126,self,0.05,0,98,
2025-11-27T09:59:18.672050+00:00,train,5,11127,self,0.05,0,97,
2025-11-27T09:59:18.672156+00:00,train,5,11128,self,0.05,0,97,
2025-11-27T09:59:18.672267+00:00,train,5,11129,self,0.05,0,91,
2025-11-27T09:59:18.672375+00:00,train,5,11130,self,0.05,0,94,
2025-11-27T09:59:18.672480+00:00,train,5,11131,self,0.05,0,94,
2025-11-27T09:59:18.672634+00:00,train,5,11132,self,0.05,0,96,
2025-11-27T09:59:18.672745+00:00,train,5,11133,self,0.05,0,87,
2025-11-27T09:59:18.672858+00:00,train,5,11134,self,0.05,0,99,
2025-11-27T09:59:18.672966+00:00,train,5,11135,self,0.05,0,78,
2025-11-27T09:59:18.673077+00:00,train,5,11136,self,0.05,0,80,
2025-11-27T09:59:18.673280+00:00,train,5,11137,self,0.05,0,92,
2025-11-27T09:59:18.673386+00:00,train,5,11138,self,0.05,0,96,
2025-11-27T09:59:18.673543+00:00,train,5,11139,self,0.05,0,93,
2025-11-27T09:59:18.673666+00:00,train,5,11140,self,0.05,0,97,
2025-11-27T09:59:18.673796+00:00,train,5,11141,self,0.05,0,99,
2025-11-27T09:59:18.673906+00:00,train,5,11142,self,0.05,0,99,
2025-11-27T09:59:18.674042+00:00,train,5,11143,self,0.05,0,95,
2025-11-27T09:59:18.674149+00:00,train,5,11144,self,0.05,0,100,
2025-11-27T09:59:18.674341+00:00,train,5,11145,self,0.05,0,95,
2025-11-27T09:59:18.674501+00:00,train,5,11146,self,0.05,0,95,
2025-11-27T09:59:18.674605+00:00,train,5,11147,self,0.05,0,94,
2025-11-27T09:59:18.674707+00:00,train,5,11148,self,0.05,0,100,
2025-11-27T09:59:18.674829+00:00,train,5,11149,self,0.05,0,92,
2025-11-27T09:59:18.674932+00:00,train,5,11150,self,0.05,0,94,
2025-11-27T09:59:18.675101+00:00,train,5,11151,self,0.05,0,94,
2025-11-27T09:59:18.675227+00:00,train,5,11152,self,0.05,0,94,
2025-11-27T09:59:18.675342+00:00,train,5,11153,self,0.05,0,95,
2025-11-27T09:59:18.675454+00:00,train,5,11154,self,0.05,0,97,
2025-11-27T09:59:18.675564+00:00,train,5,11155,self,0.05,0,82,
2025-11-27T09:59:18.675673+00:00,train,5,11156,self,0.05,0,96,
2025-11-27T09:59:18.675778+00:00,train,5,11157,self,0.05,0,93,
2025-11-27T09:59:18.675888+00:00,train,5,11158,self,0.05,0,96,
2025-11-27T09:59:18.675991+00:00,train,5,11159,self,0.05,0,94,
2025-11-27T09:59:18.676102+00:00,train,5,11160,self,0.05,0,97,
2025-11-27T09:59:18.676206+00:00,train,5,11161,self,0.05,0,95,
2025-11-27T09:59:18.676315+00:00,train,5,11162,self,0.05,0,99,
2025-11-27T09:59:18.676418+00:00,train,5,11163,self,0.05,0,93,
2025-11-27T09:59:18.676526+00:00,train,5,11164,self,0.05,0,99,
2025-11-27T09:59:18.676629+00:00,train,5,11165,self,0.05,0,93,
2025-11-27T09:59:18.676738+00:00,train,5,11166,self,0.05,0,100,
2025-11-27T09:59:18.676841+00:00,train,5,11167,self,0.05,0,99,
2025-11-27T09:59:18.676949+00:00,train,5,11168,self,0.05,0,100,
2025-11-27T09:59:18.677054+00:00,train,5,11169,self,0.05,0,100,
2025-11-27T09:59:18.677157+00:00,train,5,11170,self,0.05,0,100,
2025-11-27T09:59:18.677265+00:00,train,5,11171,self,0.05,0,95,
2025-11-27T09:59:18.677368+00:00,train,5,11172,self,0.05,0,97,
2025-11-27T09:59:18.677476+00:00,train,5,11173,self,0.05,0,76,
2025-11-27T09:59:18.677578+00:00,train,5,11174,self,0.05,0,100,
2025-11-27T09:59:18.677687+00:00,train,5,11175,self,0.05,0,94,
2025-11-27T09:59:18.677789+00:00,train,5,11176,self,0.05,0,98,
2025-11-27T09:59:18.677897+00:00,train,5,11177,self,0.05,0,99,
2025-11-27T09:59:18.678000+00:00,train,5,11178,self,0.05,0,99,
2025-11-27T09:59:18.678108+00:00,train,5,11179,self,0.05,0,97,
2025-11-27T09:59:18.678214+00:00,train,5,11180,self,0.05,0,99,
2025-11-27T09:59:18.678316+00:00,train,5,11181,self,0.05,0,98,
2025-11-27T09:59:18.678425+00:00,train,5,11182,self,0.05,0,100,
2025-11-27T09:59:18.678527+00:00,train,5,11183,self,0.05,0,97,
2025-11-27T09:59:18.678636+00:00,train,5,11184,self,0.05,0,97,
2025-11-27T09:59:18.678739+00:00,train,5,11185,self,0.05,0,90,
2025-11-27T09:59:18.678846+00:00,train,5,11186,self,0.05,0,100,
2025-11-27T09:59:18.678952+00:00,train,5,11187,self,0.05,0,93,
2025-11-27T09:59:18.679055+00:00,train,5,11188,self,0.05,0,96,
2025-11-27T09:59:18.679163+00:00,train,5,11189,self,0.05,0,82,
2025-11-27T09:59:18.679266+00:00,train,5,11190,self,0.05,0,93,
2025-11-27T09:59:18.679375+00:00,train,5,11191,self,0.05,0,98,
2025-11-27T09:59:18.679477+00:00,train,5,11192,self,0.05,0,100,
2025-11-27T09:59:18.679586+00:00,train,5,11193,self,0.05,0,96,
2025-11-27T09:59:18.679688+00:00,train,5,11194,self,0.05,0,100,
2025-11-27T09:59:18.679796+00:00,train,5,11195,self,0.05,0,86,
2025-11-27T09:59:18.679899+00:00,train,5,11196,self,0.05,0,99,
2025-11-27T09:59:18.680007+00:00,train,5,11197,self,0.05,0,98,
2025-11-27T09:59:18.680109+00:00,train,5,11198,self,0.05,0,99,
2025-11-27T09:59:18.680217+00:00,train,5,11199,self,0.05,0,91,
2025-11-27T09:59:18.680322+00:00,train,5,11200,self,0.05,0,99,
2025-11-27T09:59:18.680427+00:00,train,5,11201,self,0.05,0,85,
2025-11-27T09:59:18.680537+00:00,train,5,11202,self,0.05,0,100,
2025-11-27T09:59:18.680642+00:00,train,5,11203,self,0.05,0,94,
2025-11-27T09:59:18.680783+00:00,train,5,11204,self,0.05,0,97,
2025-11-27T09:59:18.680895+00:00,train,5,11205,self,0.05,0,93,
2025-11-27T09:59:18.681031+00:00,train,5,11206,self,0.05,0,94,
2025-11-27T09:59:18.681138+00:00,train,5,11207,self,0.05,0,96,
2025-11-27T09:59:18.681323+00:00,train,5,11208,self,0.05,0,100,
2025-11-27T09:59:18.681451+00:00,train,5,11209,self,0.05,0,91,
2025-11-27T09:59:18.681568+00:00,train,5,11210,self,0.05,0,97,
2025-11-27T09:59:18.681683+00:00,train,5,11211,self,0.05,0,92,
2025-11-27T09:59:18.681794+00:00,train,5,11212,self,0.05,0,99,
2025-11-27T09:59:18.681907+00:00,train,5,11213,self,0.05,0,89,
2025-11-27T09:59:18.682014+00:00,train,5,11214,self,0.05,0,99,
2025-11-27T09:59:18.682125+00:00,train,5,11215,self,0.05,0,96,
2025-11-27T09:59:18.682231+00:00,train,5,11216,self,0.05,0,99,
2025-11-27T09:59:18.682343+00:00,train,5,11217,self,0.05,0,98,
2025-11-27T09:59:18.682447+00:00,train,5,11218,self,0.05,0,100,
2025-11-27T09:59:18.682558+00:00,train,5,11219,self,0.05,0,97,
2025-11-27T09:59:18.682663+00:00,train,5,11220,self,0.05,0,100,
2025-11-27T09:59:18.682864+00:00,train,5,11221,self,0.05,0,98,
2025-11-27T09:59:18.682984+00:00,train,5,11222,self,0.05,0,100,
2025-11-27T09:59:18.683096+00:00,train,5,11223,self,0.05,0,93,
2025-11-27T09:59:18.683203+00:00,train,5,11224,self,0.05,0,99,
2025-11-27T09:59:18.683373+00:00,train,5,11225,self,0.05,0,97,
2025-11-27T09:59:18.683499+00:00,train,5,11226,self,0.05,0,98,
2025-11-27T09:59:18.683617+00:00,train,5,11227,self,0.05,0,89,
2025-11-27T09:59:18.683731+00:00,train,5,11228,self,0.05,0,99,
2025-11-27T09:59:18.683844+00:00,train,5,11229,self,0.05,0,93,
2025-11-27T09:59:18.683955+00:00,train,5,11230,self,0.05,0,95,
2025-11-27T09:59:18.684063+00:00,train,5,11231,self,0.05,0,89,
2025-11-27T09:59:18.684174+00:00,train,5,11232,self,0.05,0,97,
2025-11-27T09:59:18.684280+00:00,train,5,11233,self,0.05,0,95,
2025-11-27T09:59:18.684392+00:00,train,5,11234,self,0.05,0,100,
2025-11-27T09:59:18.684497+00:00,train,5,11235,self,0.05,0,94,
2025-11-27T09:59:18.684608+00:00,train,5,11236,self,0.05,0,98,
2025-11-27T09:59:18.684718+00:00,train,5,11237,self,0.05,0,100,
2025-11-27T09:59:18.684860+00:00,train,5,11238,self,0.05,0,100,
2025-11-27T09:59:18.684978+00:00,train,5,11239,self,0.05,0,91,
2025-11-27T09:59:18.685145+00:00,train,5,11240,self,0.05,0,99,
2025-11-27T09:59:18.685254+00:00,train,5,11241,self,0.05,0,93,
2025-11-27T09:59:18.685361+00:00,train,5,11242,self,0.05,0,99,
2025-11-27T09:59:18.685496+00:00,train,5,11243,self,0.05,0,97,
2025-11-27T09:59:18.685600+00:00,train,5,11244,self,0.05,0,98,
2025-11-27T09:59:18.685735+00:00,train,5,11245,self,0.05,0,86,
2025-11-27T09:59:18.685839+00:00,train,5,11246,self,0.05,0,90,
2025-11-27T09:59:18.685979+00:00,train,5,11247,self,0.05,0,98,
2025-11-27T09:59:18.686083+00:00,train,5,11248,self,0.05,0,99,
2025-11-27T09:59:18.686217+00:00,train,5,11249,self,0.05,0,92,
2025-11-27T09:59:18.686320+00:00,train,5,11250,self,0.05,0,100,
2025-11-27T09:59:18.686440+00:00,train,5,11251,self,0.05,0,95,
2025-11-27T09:59:18.686544+00:00,train,5,11252,self,0.05,0,96,
2025-11-27T09:59:18.686648+00:00,train,5,11253,self,0.05,0,88,
2025-11-27T09:59:18.686751+00:00,train,5,11254,self,0.05,0,94,
2025-11-27T09:59:18.686854+00:00,train,5,11255,self,0.05,0,92,
2025-11-27T09:59:18.686958+00:00,train,5,11256,self,0.05,0,100,
2025-11-27T09:59:18.687062+00:00,train,5,11257,self,0.05,0,89,
2025-11-27T09:59:18.687164+00:00,train,5,11258,self,0.05,0,90,
2025-11-27T09:59:18.687268+00:00,train,5,11259,self,0.05,0,97,
2025-11-27T09:59:18.687372+00:00,train,5,11260,self,0.05,0,97,
2025-11-27T09:59:18.687475+00:00,train,5,11261,self,0.05,0,97,
2025-11-27T09:59:18.687578+00:00,train,5,11262,self,0.05,0,100,
2025-11-27T09:59:18.687682+00:00,train,5,11263,self,0.05,0,92,
2025-11-27T09:59:18.687787+00:00,train,5,11264,self,0.05,0,99,
2025-11-27T09:59:18.687890+00:00,train,5,11265,self,0.05,0,100,
2025-11-27T09:59:18.687993+00:00,train,5,11266,self,0.05,0,100,
2025-11-27T09:59:18.688096+00:00,train,5,11267,self,0.05,0,85,
2025-11-27T09:59:18.688200+00:00,train,5,11268,self,0.05,0,98,
2025-11-27T09:59:18.688303+00:00,train,5,11269,self,0.05,0,95,
2025-11-27T09:59:18.688406+00:00,train,5,11270,self,0.05,0,96,
2025-11-27T09:59:18.688509+00:00,train,5,11271,self,0.05,0,92,
2025-11-27T09:59:18.688612+00:00,train,5,11272,self,0.05,0,97,
2025-11-27T09:59:18.688715+00:00,train,5,11273,self,0.05,0,97,
2025-11-27T09:59:18.688818+00:00,train,5,11274,self,0.05,0,99,
2025-11-27T09:59:18.688921+00:00,train,5,11275,self,0.05,0,81,
2025-11-27T09:59:18.689025+00:00,train,5,11276,self,0.05,0,99,
2025-11-27T09:59:18.689128+00:00,train,5,11277,self,0.05,0,92,
2025-11-27T09:59:18.689231+00:00,train,5,11278,self,0.05,0,92,
2025-11-27T09:59:18.689334+00:00,train,5,11279,self,0.05,0,96,
2025-11-27T09:59:18.689437+00:00,train,5,11280,self,0.05,0,98,
2025-11-27T09:59:18.689540+00:00,train,5,11281,self,0.05,0,96,
2025-11-27T09:59:18.689643+00:00,train,5,11282,self,0.05,0,98,
2025-11-27T09:59:18.689746+00:00,train,5,11283,self,0.05,0,97,
2025-11-27T09:59:18.689849+00:00,train,5,11284,self,0.05,0,97,
2025-11-27T09:59:18.689953+00:00,train,5,11285,self,0.05,0,93,
2025-11-27T09:59:18.690056+00:00,train,5,11286,self,0.05,0,99,
2025-11-27T09:59:18.690160+00:00,train,5,11287,self,0.05,0,94,
2025-11-27T09:59:18.690263+00:00,train,5,11288,self,0.05,0,99,
2025-11-27T09:59:18.690367+00:00,train,5,11289,self,0.05,0,94,
2025-11-27T09:59:18.690469+00:00,train,5,11290,self,0.05,0,100,
2025-11-27T09:59:18.690573+00:00,train,5,11291,self,0.05,0,94,
2025-11-27T09:59:18.690676+00:00,train,5,11292,self,0.05,0,99,
2025-11-27T09:59:18.690779+00:00,train,5,11293,self,0.05,0,97,
2025-11-27T09:59:18.690882+00:00,train,5,11294,self,0.05,0,99,
2025-11-27T09:59:18.690985+00:00,train,5,11295,self,0.05,0,93,
2025-11-27T09:59:18.691088+00:00,train,5,11296,self,0.05,0,94,
2025-11-27T09:59:18.691192+00:00,train,5,11297,self,0.05,0,89,
2025-11-27T09:59:18.691295+00:00,train,5,11298,self,0.05,0,91,
2025-11-27T09:59:18.691398+00:00,train,5,11299,self,0.05,0,93,
2025-11-27T09:59:18.691501+00:00,train,5,11300,self,0.05,0,100,
2025-11-27T09:59:18.693828+00:00,train,5,11301,self,0.05,0,95,
2025-11-27T09:59:18.693969+00:00,train,5,11302,self,0.05,0,97,
2025-11-27T09:59:18.694075+00:00,train,5,11303,self,0.05,0,92,
2025-11-27T09:59:18.694240+00:00,train,5,11304,self,0.05,0,99,
2025-11-27T09:59:18.694366+00:00,train,5,11305,self,0.05,0,86,
2025-11-27T09:59:18.694524+00:00,train,5,11306,self,0.05,0,99,
2025-11-27T09:59:18.694646+00:00,train,5,11307,self,0.05,0,80,
2025-11-27T09:59:18.694808+00:00,train,5,11308,self,0.05,0,90,
2025-11-27T09:59:18.694936+00:00,train,5,11309,self,0.05,0,88,
2025-11-27T09:59:18.695099+00:00,train,5,11310,self,0.05,0,91,
2025-11-27T09:59:18.695222+00:00,train,5,11311,self,0.05,0,88,
2025-11-27T09:59:18.695335+00:00,train,5,11312,self,0.05,0,94,
2025-11-27T09:59:18.695462+00:00,train,5,11313,self,0.05,0,95,
2025-11-27T09:59:18.695570+00:00,train,5,11314,self,0.05,0,97,
2025-11-27T09:59:18.695686+00:00,train,5,11315,self,0.05,0,97,
2025-11-27T09:59:18.695792+00:00,train,5,11316,self,0.05,0,98,
2025-11-27T09:59:18.695895+00:00,train,5,11317,self,0.05,0,99,
2025-11-27T09:59:18.695999+00:00,train,5,11318,self,0.05,0,100,
2025-11-27T09:59:18.696120+00:00,train,5,11319,self,0.05,0,93,
2025-11-27T09:59:18.696225+00:00,train,5,11320,self,0.05,0,94,
2025-11-27T09:59:18.696330+00:00,train,5,11321,self,0.05,0,82,
2025-11-27T09:59:18.696433+00:00,train,5,11322,self,0.05,0,94,
2025-11-27T09:59:18.696537+00:00,train,5,11323,self,0.05,0,99,
2025-11-27T09:59:18.696640+00:00,train,5,11324,self,0.05,0,99,
2025-11-27T09:59:18.696744+00:00,train,5,11325,self,0.05,0,98,
2025-11-27T09:59:18.696846+00:00,train,5,11326,self,0.05,0,100,
2025-11-27T09:59:18.696949+00:00,train,5,11327,self,0.05,0,99,
2025-11-27T09:59:18.697055+00:00,train,5,11328,self,0.05,0,100,
2025-11-27T09:59:18.697158+00:00,train,5,11329,self,0.05,0,99,
2025-11-27T09:59:18.697262+00:00,train,5,11330,self,0.05,0,99,
2025-11-27T09:59:18.697364+00:00,train,5,11331,self,0.05,0,87,
2025-11-27T09:59:18.697468+00:00,train,5,11332,self,0.05,0,91,
2025-11-27T09:59:18.697570+00:00,train,5,11333,self,0.05,0,99,
2025-11-27T09:59:18.697722+00:00,train,5,11334,self,0.05,0,99,
2025-11-27T09:59:18.697843+00:00,train,5,11335,self,0.05,0,96,
2025-11-27T09:59:18.697972+00:00,train,5,11336,self,0.05,0,98,
2025-11-27T09:59:18.698087+00:00,train,5,11337,self,0.05,0,93,
2025-11-27T09:59:18.698244+00:00,train,5,11338,self,0.05,0,99,
2025-11-27T09:59:18.698366+00:00,train,5,11339,self,0.05,0,93,
2025-11-27T09:59:18.698479+00:00,train,5,11340,self,0.05,0,99,
2025-11-27T09:59:18.698588+00:00,train,5,11341,self,0.05,0,95,
2025-11-27T09:59:18.698695+00:00,train,5,11342,self,0.05,0,100,
2025-11-27T09:59:18.698801+00:00,train,5,11343,self,0.05,0,88,
2025-11-27T09:59:18.698905+00:00,train,5,11344,self,0.05,0,99,
2025-11-27T09:59:18.699024+00:00,train,5,11345,self,0.05,0,87,
2025-11-27T09:59:18.699128+00:00,train,5,11346,self,0.05,0,93,
2025-11-27T09:59:18.699232+00:00,train,5,11347,self,0.05,0,94,
2025-11-27T09:59:18.699336+00:00,train,5,11348,self,0.05,0,100,
2025-11-27T09:59:18.699438+00:00,train,5,11349,self,0.05,0,98,
2025-11-27T09:59:18.699541+00:00,train,5,11350,self,0.05,0,100,
2025-11-27T09:59:18.699645+00:00,train,5,11351,self,0.05,0,98,
2025-11-27T09:59:18.699748+00:00,train,5,11352,self,0.05,0,100,
2025-11-27T09:59:18.699851+00:00,train,5,11353,self,0.05,0,94,
2025-11-27T09:59:18.699953+00:00,train,5,11354,self,0.05,0,96,
2025-11-27T09:59:18.700056+00:00,train,5,11355,self,0.05,0,96,
2025-11-27T09:59:18.700159+00:00,train,5,11356,self,0.05,0,100,
2025-11-27T09:59:18.700262+00:00,train,5,11357,self,0.05,0,86,
2025-11-27T09:59:18.700365+00:00,train,5,11358,self,0.05,0,96,
2025-11-27T09:59:18.700468+00:00,train,5,11359,self,0.05,0,92,
2025-11-27T09:59:18.700576+00:00,train,5,11360,self,0.05,0,95,
2025-11-27T09:59:18.700678+00:00,train,5,11361,self,0.05,0,94,
2025-11-27T09:59:18.700975+00:00,train,5,11362,self,0.05,0,100,
2025-11-27T09:59:18.701105+00:00,train,5,11363,self,0.05,0,76,
2025-11-27T09:59:18.701242+00:00,train,5,11364,self,0.05,0,89,
2025-11-27T09:59:18.701361+00:00,train,5,11365,self,0.05,0,96,
2025-11-27T09:59:18.701495+00:00,train,5,11366,self,0.05,0,100,
2025-11-27T09:59:18.701610+00:00,train,5,11367,self,0.05,0,89,
2025-11-27T09:59:18.701740+00:00,train,5,11368,self,0.05,0,97,
2025-11-27T09:59:18.701864+00:00,train,5,11369,self,0.05,0,99,
2025-11-27T09:59:18.702086+00:00,train,5,11370,self,0.05,0,99,
2025-11-27T09:59:18.702220+00:00,train,5,11371,self,0.05,0,95,
2025-11-27T09:59:18.702378+00:00,train,5,11372,self,0.05,0,99,
2025-11-27T09:59:18.702505+00:00,train,5,11373,self,0.05,0,93,
2025-11-27T09:59:18.702622+00:00,train,5,11374,self,0.05,0,100,
2025-11-27T09:59:18.702793+00:00,train,5,11375,self,0.05,0,94,
2025-11-27T09:59:18.702942+00:00,train,5,11376,self,0.05,0,96,
2025-11-27T09:59:18.703071+00:00,train,5,11377,self,0.05,0,99,
2025-11-27T09:59:18.703193+00:00,train,5,11378,self,0.05,0,100,
2025-11-27T09:59:18.703314+00:00,train,5,11379,self,0.05,0,89,
2025-11-27T09:59:18.703434+00:00,train,5,11380,self,0.05,0,100,
2025-11-27T09:59:18.703554+00:00,train,5,11381,self,0.05,0,85,
2025-11-27T09:59:18.703672+00:00,train,5,11382,self,0.05,0,90,
2025-11-27T09:59:18.703791+00:00,train,5,11383,self,0.05,0,98,
2025-11-27T09:59:18.703929+00:00,train,5,11384,self,0.05,0,99,
2025-11-27T09:59:18.704057+00:00,train,5,11385,self,0.05,0,93,
2025-11-27T09:59:18.704178+00:00,train,5,11386,self,0.05,0,100,
2025-11-27T09:59:18.704299+00:00,train,5,11387,self,0.05,0,91,
2025-11-27T09:59:18.704420+00:00,train,5,11388,self,0.05,0,100,
2025-11-27T09:59:18.704540+00:00,train,5,11389,self,0.05,0,86,
2025-11-27T09:59:18.704663+00:00,train,5,11390,self,0.05,0,99,
2025-11-27T09:59:18.704784+00:00,train,5,11391,self,0.05,0,96,
2025-11-27T09:59:18.704922+00:00,train,5,11392,self,0.05,0,100,
2025-11-27T09:59:18.705046+00:00,train,5,11393,self,0.05,0,93,
2025-11-27T09:59:18.705172+00:00,train,5,11394,self,0.05,0,98,
2025-11-27T09:59:18.705346+00:00,train,5,11395,self,0.05,0,84,
2025-11-27T09:59:18.705484+00:00,train,5,11396,self,0.05,0,94,
2025-11-27T09:59:18.705612+00:00,train,5,11397,self,0.05,0,90,
2025-11-27T09:59:18.705735+00:00,train,5,11398,self,0.05,0,92,
2025-11-27T09:59:18.705915+00:00,train,5,11399,self,0.05,0,86,
2025-11-27T09:59:18.706060+00:00,train,5,11400,self,0.05,0,93,
2025-11-27T09:59:18.706194+00:00,train,5,11401,self,0.05,0,90,
2025-11-27T09:59:18.706323+00:00,train,5,11402,self,0.05,0,96,
2025-11-27T09:59:18.706463+00:00,train,5,11403,self,0.05,0,94,
2025-11-27T09:59:18.706589+00:00,train,5,11404,self,0.05,0,95,
2025-11-27T09:59:18.706730+00:00,train,5,11405,self,0.05,0,98,
2025-11-27T09:59:18.706853+00:00,train,5,11406,self,0.05,0,100,
2025-11-27T09:59:18.706995+00:00,train,5,11407,self,0.05,0,92,
2025-11-27T09:59:18.707118+00:00,train,5,11408,self,0.05,0,94,
2025-11-27T09:59:18.707239+00:00,train,5,11409,self,0.05,0,96,
2025-11-27T09:59:18.707361+00:00,train,5,11410,self,0.05,0,100,
2025-11-27T09:59:18.707540+00:00,train,5,11411,self,0.05,0,85,
2025-11-27T09:59:18.707689+00:00,train,5,11412,self,0.05,0,100,
2025-11-27T09:59:18.707827+00:00,train,5,11413,self,0.05,0,98,
2025-11-27T09:59:18.707961+00:00,train,5,11414,self,0.05,0,100,
2025-11-27T09:59:18.708132+00:00,train,5,11415,self,0.05,0,96,
2025-11-27T09:59:18.708272+00:00,train,5,11416,self,0.05,0,97,
2025-11-27T09:59:18.708403+00:00,train,5,11417,self,0.05,0,93,
2025-11-27T09:59:18.708529+00:00,train,5,11418,self,0.05,0,96,
2025-11-27T09:59:18.708652+00:00,train,5,11419,self,0.05,0,95,
2025-11-27T09:59:18.708774+00:00,train,5,11420,self,0.05,0,98,
2025-11-27T09:59:18.708894+00:00,train,5,11421,self,0.05,0,98,
2025-11-27T09:59:18.709014+00:00,train,5,11422,self,0.05,0,100,
2025-11-27T09:59:18.709135+00:00,train,5,11423,self,0.05,0,96,
2025-11-27T09:59:18.709256+00:00,train,5,11424,self,0.05,0,99,
2025-11-27T09:59:18.709376+00:00,train,5,11425,self,0.05,0,98,
2025-11-27T09:59:18.709496+00:00,train,5,11426,self,0.05,0,99,
2025-11-27T09:59:18.709615+00:00,train,5,11427,self,0.05,0,95,
2025-11-27T09:59:18.709734+00:00,train,5,11428,self,0.05,0,98,
2025-11-27T09:59:18.709854+00:00,train,5,11429,self,0.05,0,89,
2025-11-27T09:59:18.709973+00:00,train,5,11430,self,0.05,0,98,
2025-11-27T09:59:18.710094+00:00,train,5,11431,self,0.05,0,98,
2025-11-27T09:59:18.710214+00:00,train,5,11432,self,0.05,0,100,
2025-11-27T09:59:18.710333+00:00,train,5,11433,self,0.05,0,93,
2025-11-27T09:59:18.710452+00:00,train,5,11434,self,0.05,0,99,
2025-11-27T09:59:18.710576+00:00,train,5,11435,self,0.05,0,95,
2025-11-27T09:59:18.710696+00:00,train,5,11436,self,0.05,0,99,
2025-11-27T09:59:18.710816+00:00,train,5,11437,self,0.05,0,91,
2025-11-27T09:59:18.710946+00:00,train,5,11438,self,0.05,0,97,
2025-11-27T09:59:18.711061+00:00,train,5,11439,self,0.05,0,83,
2025-11-27T09:59:18.711177+00:00,train,5,11440,self,0.05,0,99,
2025-11-27T09:59:18.711293+00:00,train,5,11441,self,0.05,0,90,
2025-11-27T09:59:18.711408+00:00,train,5,11442,self,0.05,0,98,
2025-11-27T09:59:18.711524+00:00,train,5,11443,self,0.05,0,92,
2025-11-27T09:59:18.711640+00:00,train,5,11444,self,0.05,0,93,
2025-11-27T09:59:18.711755+00:00,train,5,11445,self,0.05,0,90,
2025-11-27T09:59:18.711884+00:00,train,5,11446,self,0.05,0,93,
2025-11-27T09:59:18.711996+00:00,train,5,11447,self,0.05,0,99,
2025-11-27T09:59:18.712108+00:00,train,5,11448,self,0.05,0,100,
2025-11-27T09:59:18.712220+00:00,train,5,11449,self,0.05,0,98,
2025-11-27T09:59:18.712333+00:00,train,5,11450,self,0.05,0,100,
2025-11-27T09:59:18.712446+00:00,train,5,11451,self,0.05,0,95,
2025-11-27T09:59:18.712560+00:00,train,5,11452,self,0.05,0,100,
2025-11-27T09:59:18.712672+00:00,train,5,11453,self,0.05,0,99,
2025-11-27T09:59:18.712784+00:00,train,5,11454,self,0.05,0,100,
2025-11-27T09:59:18.712909+00:00,train,5,11455,self,0.05,0,95,
2025-11-27T09:59:18.713020+00:00,train,5,11456,self,0.05,0,98,
2025-11-27T09:59:18.713130+00:00,train,5,11457,self,0.05,0,84,
2025-11-27T09:59:18.713239+00:00,train,5,11458,self,0.05,0,100,
2025-11-27T09:59:18.713348+00:00,train,5,11459,self,0.05,0,92,
2025-11-27T09:59:18.713457+00:00,train,5,11460,self,0.05,0,93,
2025-11-27T09:59:18.713566+00:00,train,5,11461,self,0.05,0,90,
2025-11-27T09:59:18.713675+00:00,train,5,11462,self,0.05,0,98,
2025-11-27T09:59:18.713784+00:00,train,5,11463,self,0.05,0,98,
2025-11-27T09:59:18.713907+00:00,train,5,11464,self,0.05,0,99,
2025-11-27T09:59:18.714014+00:00,train,5,11465,self,0.05,0,95,
2025-11-27T09:59:18.714120+00:00,train,5,11466,self,0.05,0,98,
2025-11-27T09:59:18.714320+00:00,train,5,11467,self,0.05,0,95,
2025-11-27T09:59:18.714444+00:00,train,5,11468,self,0.05,0,98,
2025-11-27T09:59:18.714562+00:00,train,5,11469,self,0.05,0,86,
2025-11-27T09:59:18.714675+00:00,train,5,11470,self,0.05,0,100,
2025-11-27T09:59:18.714788+00:00,train,5,11471,self,0.05,0,88,
2025-11-27T09:59:18.714912+00:00,train,5,11472,self,0.05,0,100,
2025-11-27T09:59:18.715019+00:00,train,5,11473,self,0.05,0,77,
2025-11-27T09:59:18.715125+00:00,train,5,11474,self,0.05,0,92,
2025-11-27T09:59:18.715231+00:00,train,5,11475,self,0.05,0,98,
2025-11-27T09:59:18.715337+00:00,train,5,11476,self,0.05,0,98,
2025-11-27T09:59:18.715442+00:00,train,5,11477,self,0.05,0,88,
2025-11-27T09:59:18.715549+00:00,train,5,11478,self,0.05,0,93,
2025-11-27T09:59:18.715676+00:00,train,5,11479,self,0.05,0,96,
2025-11-27T09:59:18.715783+00:00,train,5,11480,self,0.05,0,98,
2025-11-27T09:59:18.715901+00:00,train,5,11481,self,0.05,0,96,
2025-11-27T09:59:18.716005+00:00,train,5,11482,self,0.05,0,100,
2025-11-27T09:59:18.716107+00:00,train,5,11483,self,0.05,0,98,
2025-11-27T09:59:18.716210+00:00,train,5,11484,self,0.05,0,99,
2025-11-27T09:59:18.716313+00:00,train,5,11485,self,0.05,0,99,
2025-11-27T09:59:18.716416+00:00,train,5,11486,self,0.05,0,100,
2025-11-27T09:59:18.716519+00:00,train,5,11487,self,0.05,0,99,
2025-11-27T09:59:18.716622+00:00,train,5,11488,self,0.05,0,100,
2025-11-27T09:59:18.716724+00:00,train,5,11489,self,0.05,0,98,
2025-11-27T09:59:18.716827+00:00,train,5,11490,self,0.05,0,99,
2025-11-27T09:59:18.716929+00:00,train,5,11491,self,0.05,0,95,
2025-11-27T09:59:18.717032+00:00,train,5,11492,self,0.05,0,100,
2025-11-27T09:59:18.717134+00:00,train,5,11493,self,0.05,0,98,
2025-11-27T09:59:18.717237+00:00,train,5,11494,self,0.05,0,99,
2025-11-27T09:59:18.717339+00:00,train,5,11495,self,0.05,0,93,
2025-11-27T09:59:18.717441+00:00,train,5,11496,self,0.05,0,99,
2025-11-27T09:59:18.717545+00:00,train,5,11497,self,0.05,0,94,
2025-11-27T09:59:18.717647+00:00,train,5,11498,self,0.05,0,100,
2025-11-27T09:59:18.717750+00:00,train,5,11499,self,0.05,0,92,
2025-11-27T09:59:18.717852+00:00,train,5,11500,self,0.05,0,99,
2025-11-27T09:59:18.717955+00:00,train,5,11501,self,0.05,0,97,
2025-11-27T09:59:18.718057+00:00,train,5,11502,self,0.05,0,99,
2025-11-27T09:59:18.718159+00:00,train,5,11503,self,0.05,0,96,
2025-11-27T09:59:18.718262+00:00,train,5,11504,self,0.05,0,98,
2025-11-27T09:59:18.718364+00:00,train,5,11505,self,0.05,0,93,
2025-11-27T09:59:18.718466+00:00,train,5,11506,self,0.05,0,96,
2025-11-27T09:59:18.718568+00:00,train,5,11507,self,0.05,0,95,
2025-11-27T09:59:18.718671+00:00,train,5,11508,self,0.05,0,97,
2025-11-27T09:59:18.718773+00:00,train,5,11509,self,0.05,0,99,
2025-11-27T09:59:18.718875+00:00,train,5,11510,self,0.05,0,100,
2025-11-27T09:59:18.718977+00:00,train,5,11511,self,0.05,0,94,
2025-11-27T09:59:18.719079+00:00,train,5,11512,self,0.05,0,100,
2025-11-27T09:59:18.719181+00:00,train,5,11513,self,0.05,0,92,
2025-11-27T09:59:18.719284+00:00,train,5,11514,self,0.05,0,96,
2025-11-27T09:59:18.719386+00:00,train,5,11515,self,0.05,0,76,
2025-11-27T09:59:18.719488+00:00,train,5,11516,self,0.05,0,98,
2025-11-27T09:59:18.719590+00:00,train,5,11517,self,0.05,0,96,
2025-11-27T09:59:18.719693+00:00,train,5,11518,self,0.05,0,98,
2025-11-27T09:59:18.719795+00:00,train,5,11519,self,0.05,0,95,
2025-11-27T09:59:18.719900+00:00,train,5,11520,self,0.05,0,98,
2025-11-27T09:59:18.720003+00:00,train,5,11521,self,0.05,0,100,
2025-11-27T09:59:18.720106+00:00,train,5,11522,self,0.05,0,100,
2025-11-27T09:59:18.720208+00:00,train,5,11523,self,0.05,0,97,
2025-11-27T09:59:18.720310+00:00,train,5,11524,self,0.05,0,99,
2025-11-27T09:59:18.720413+00:00,train,5,11525,self,0.05,0,86,
2025-11-27T09:59:18.720515+00:00,train,5,11526,self,0.05,0,96,
2025-11-27T09:59:18.720621+00:00,train,5,11527,self,0.05,0,93,
2025-11-27T09:59:18.720724+00:00,train,5,11528,self,0.05,0,100,
2025-11-27T09:59:18.720826+00:00,train,5,11529,self,0.05,0,90,
2025-11-27T09:59:18.720929+00:00,train,5,11530,self,0.05,0,95,
2025-11-27T09:59:18.721031+00:00,train,5,11531,self,0.05,0,94,
2025-11-27T09:59:18.721133+00:00,train,5,11532,self,0.05,0,95,
2025-11-27T09:59:18.721236+00:00,train,5,11533,self,0.05,0,91,
2025-11-27T09:59:18.721338+00:00,train,5,11534,self,0.05,0,95,
2025-11-27T09:59:18.721440+00:00,train,5,11535,self,0.05,0,100,
2025-11-27T09:59:18.721543+00:00,train,5,11536,self,0.05,0,100,
2025-11-27T09:59:18.721646+00:00,train,5,11537,self,0.05,0,92,
2025-11-27T09:59:18.721748+00:00,train,5,11538,self,0.05,0,95,
2025-11-27T09:59:18.721850+00:00,train,5,11539,self,0.05,0,90,
2025-11-27T09:59:18.721953+00:00,train,5,11540,self,0.05,0,96,
2025-11-27T09:59:18.722055+00:00,train,5,11541,self,0.05,0,90,
2025-11-27T09:59:18.722157+00:00,train,5,11542,self,0.05,0,99,
2025-11-27T09:59:18.722259+00:00,train,5,11543,self,0.05,0,97,
2025-11-27T09:59:18.722361+00:00,train,5,11544,self,0.05,0,98,
2025-11-27T09:59:18.722463+00:00,train,5,11545,self,0.05,0,95,
2025-11-27T09:59:18.722566+00:00,train,5,11546,self,0.05,0,97,
2025-11-27T09:59:18.722668+00:00,train,5,11547,self,0.05,0,94,
2025-11-27T09:59:18.722770+00:00,train,5,11548,self,0.05,0,98,
2025-11-27T09:59:18.722872+00:00,train,5,11549,self,0.05,0,80,
2025-11-27T09:59:18.722975+00:00,train,5,11550,self,0.05,0,98,
2025-11-27T09:59:18.723078+00:00,train,5,11551,self,0.05,0,94,
2025-11-27T09:59:18.723180+00:00,train,5,11552,self,0.05,0,96,
2025-11-27T09:59:18.723282+00:00,train,5,11553,self,0.05,0,99,
2025-11-27T09:59:18.723385+00:00,train,5,11554,self,0.05,0,100,
2025-11-27T09:59:18.723487+00:00,train,5,11555,self,0.05,0,100,
2025-11-27T09:59:18.723589+00:00,train,5,11556,self,0.05,0,100,
2025-11-27T09:59:18.723692+00:00,train,5,11557,self,0.05,0,94,
2025-11-27T09:59:18.723795+00:00,train,5,11558,self,0.05,0,99,
2025-11-27T09:59:18.723897+00:00,train,5,11559,self,0.05,0,79,
2025-11-27T09:59:18.724000+00:00,train,5,11560,self,0.05,0,97,
2025-11-27T09:59:18.724102+00:00,train,5,11561,self,0.05,0,88,
2025-11-27T09:59:18.724204+00:00,train,5,11562,self,0.05,0,100,
2025-11-27T09:59:18.724307+00:00,train,5,11563,self,0.05,0,75,
2025-11-27T09:59:18.724408+00:00,train,5,11564,self,0.05,0,95,
2025-11-27T09:59:18.724510+00:00,train,5,11565,self,0.05,0,93,
2025-11-27T09:59:18.724612+00:00,train,5,11566,self,0.05,0,97,
2025-11-27T09:59:18.724714+00:00,train,5,11567,self,0.05,0,89,
2025-11-27T09:59:18.724816+00:00,train,5,11568,self,0.05,0,98,
2025-11-27T09:59:18.724918+00:00,train,5,11569,self,0.05,0,86,
2025-11-27T09:59:18.725021+00:00,train,5,11570,self,0.05,0,100,
2025-11-27T09:59:18.725123+00:00,train,5,11571,self,0.05,0,99,
2025-11-27T09:59:18.725225+00:00,train,5,11572,self,0.05,0,99,
2025-11-27T09:59:18.725327+00:00,train,5,11573,self,0.05,0,99,
2025-11-27T09:59:18.725430+00:00,train,5,11574,self,0.05,0,100,
2025-11-27T09:59:18.725532+00:00,train,5,11575,self,0.05,0,92,
2025-11-27T09:59:18.725639+00:00,train,5,11576,self,0.05,0,100,
2025-11-27T09:59:18.725746+00:00,train,5,11577,self,0.05,0,96,
2025-11-27T09:59:18.725849+00:00,train,5,11578,self,0.05,0,100,
2025-11-27T09:59:18.725951+00:00,train,5,11579,self,0.05,0,93,
2025-11-27T09:59:18.726054+00:00,train,5,11580,self,0.05,0,100,
2025-11-27T09:59:18.726156+00:00,train,5,11581,self,0.05,0,78,
2025-11-27T09:59:18.726258+00:00,train,5,11582,self,0.05,0,100,
2025-11-27T09:59:18.726361+00:00,train,5,11583,self,0.05,0,63,
2025-11-27T09:59:18.726465+00:00,train,5,11584,self,0.05,0,97,
2025-11-27T09:59:18.726567+00:00,train,5,11585,self,0.05,0,80,
2025-11-27T09:59:18.726670+00:00,train,5,11586,self,0.05,0,96,
2025-11-27T09:59:18.726772+00:00,train,5,11587,self,0.05,0,98,
2025-11-27T09:59:18.726875+00:00,train,5,11588,self,0.05,0,100,
2025-11-27T09:59:18.726978+00:00,train,5,11589,self,0.05,0,93,
2025-11-27T09:59:18.727081+00:00,train,5,11590,self,0.05,0,100,
2025-11-27T09:59:18.727184+00:00,train,5,11591,self,0.05,0,89,
2025-11-27T09:59:18.727287+00:00,train,5,11592,self,0.05,0,92,
2025-11-27T09:59:18.727390+00:00,train,5,11593,self,0.05,0,95,
2025-11-27T09:59:18.727492+00:00,train,5,11594,self,0.05,0,95,
2025-11-27T09:59:18.727594+00:00,train,5,11595,self,0.05,0,91,
2025-11-27T09:59:18.727696+00:00,train,5,11596,self,0.05,0,97,
2025-11-27T09:59:18.727799+00:00,train,5,11597,self,0.05,0,98,
2025-11-27T09:59:18.727901+00:00,train,5,11598,self,0.05,0,99,
2025-11-27T09:59:18.728004+00:00,train,5,11599,self,0.05,0,98,
2025-11-27T09:59:18.728106+00:00,train,5,11600,self,0.05,0,98,
2025-11-27T09:59:18.728209+00:00,train,5,11601,self,0.05,0,100,
2025-11-27T09:59:18.728311+00:00,train,5,11602,self,0.05,0,100,
2025-11-27T09:59:18.728413+00:00,train,5,11603,self,0.05,0,99,
2025-11-27T09:59:18.728516+00:00,train,5,11604,self,0.05,0,99,
2025-11-27T09:59:18.728618+00:00,train,5,11605,self,0.05,0,96,
2025-11-27T09:59:18.728720+00:00,train,5,11606,self,0.05,0,98,
2025-11-27T09:59:18.728822+00:00,train,5,11607,self,0.05,0,99,
2025-11-27T09:59:18.728925+00:00,train,5,11608,self,0.05,0,100,
2025-11-27T09:59:18.729027+00:00,train,5,11609,self,0.05,0,78,
2025-11-27T09:59:18.729130+00:00,train,5,11610,self,0.05,0,99,
2025-11-27T09:59:18.729233+00:00,train,5,11611,self,0.05,0,96,
2025-11-27T09:59:18.729335+00:00,train,5,11612,self,0.05,0,99,
2025-11-27T09:59:18.729438+00:00,train,5,11613,self,0.05,0,80,
2025-11-27T09:59:18.729540+00:00,train,5,11614,self,0.05,0,93,
2025-11-27T09:59:18.729642+00:00,train,5,11615,self,0.05,0,98,
2025-11-27T09:59:18.729744+00:00,train,5,11616,self,0.05,0,98,
2025-11-27T09:59:18.729847+00:00,train,5,11617,self,0.05,0,93,
2025-11-27T09:59:18.729949+00:00,train,5,11618,self,0.05,0,100,
2025-11-27T09:59:18.730052+00:00,train,5,11619,self,0.05,0,95,
2025-11-27T09:59:18.730154+00:00,train,5,11620,self,0.05,0,98,
2025-11-27T09:59:18.730256+00:00,train,5,11621,self,0.05,0,91,
2025-11-27T09:59:18.730358+00:00,train,5,11622,self,0.05,0,96,
2025-11-27T09:59:18.730460+00:00,train,5,11623,self,0.05,0,90,
2025-11-27T09:59:18.730567+00:00,train,5,11624,self,0.05,0,100,
2025-11-27T09:59:18.730673+00:00,train,5,11625,self,0.05,0,99,
2025-11-27T09:59:18.730775+00:00,train,5,11626,self,0.05,0,99,
2025-11-27T09:59:18.730877+00:00,train,5,11627,self,0.05,0,93,
2025-11-27T09:59:18.730980+00:00,train,5,11628,self,0.05,0,97,
2025-11-27T09:59:18.731082+00:00,train,5,11629,self,0.05,0,97,
2025-11-27T09:59:18.731184+00:00,train,5,11630,self,0.05,0,99,
2025-11-27T09:59:18.731287+00:00,train,5,11631,self,0.05,0,96,
2025-11-27T09:59:18.731390+00:00,train,5,11632,self,0.05,0,99,
2025-11-27T09:59:18.731492+00:00,train,5,11633,self,0.05,0,99,
2025-11-27T09:59:18.731595+00:00,train,5,11634,self,0.05,0,100,
2025-11-27T09:59:18.731697+00:00,train,5,11635,self,0.05,0,97,
2025-11-27T09:59:18.731800+00:00,train,5,11636,self,0.05,0,99,
2025-11-27T09:59:18.731902+00:00,train,5,11637,self,0.05,0,99,
2025-11-27T09:59:18.732004+00:00,train,5,11638,self,0.05,0,100,
2025-11-27T09:59:18.732107+00:00,train,5,11639,self,0.05,0,96,
2025-11-27T09:59:18.732209+00:00,train,5,11640,self,0.05,0,100,
2025-11-27T09:59:18.732310+00:00,train,5,11641,self,0.05,0,94,
2025-11-27T09:59:18.732412+00:00,train,5,11642,self,0.05,0,99,
2025-11-27T09:59:18.732514+00:00,train,5,11643,self,0.05,0,93,
2025-11-27T09:59:18.732616+00:00,train,5,11644,self,0.05,0,100,
2025-11-27T09:59:18.732718+00:00,train,5,11645,self,0.05,0,80,
2025-11-27T09:59:18.732820+00:00,train,5,11646,self,0.05,0,97,
2025-11-27T09:59:18.732925+00:00,train,5,11647,self,0.05,0,94,
2025-11-27T09:59:18.733029+00:00,train,5,11648,self,0.05,0,97,
2025-11-27T09:59:18.733131+00:00,train,5,11649,self,0.05,0,94,
2025-11-27T09:59:18.733234+00:00,train,5,11650,self,0.05,0,99,
2025-11-27T09:59:18.733337+00:00,train,5,11651,self,0.05,0,91,
2025-11-27T09:59:18.733440+00:00,train,5,11652,self,0.05,0,100,
2025-11-27T09:59:18.733628+00:00,train,5,11653,self,0.05,0,79,
2025-11-27T09:59:18.733783+00:00,train,5,11654,self,0.05,0,99,
2025-11-27T09:59:18.733944+00:00,train,5,11655,self,0.05,0,93,
2025-11-27T09:59:18.734069+00:00,train,5,11656,self,0.05,0,94,
2025-11-27T09:59:18.734188+00:00,train,5,11657,self,0.05,0,88,
2025-11-27T09:59:18.734320+00:00,train,5,11658,self,0.05,0,97,
2025-11-27T09:59:18.734434+00:00,train,5,11659,self,0.05,0,97,
2025-11-27T09:59:18.734548+00:00,train,5,11660,self,0.05,0,97,
2025-11-27T09:59:18.734677+00:00,train,5,11661,self,0.05,0,99,
2025-11-27T09:59:18.734788+00:00,train,5,11662,self,0.05,0,100,
2025-11-27T09:59:18.734957+00:00,train,5,11663,self,0.05,0,96,
2025-11-27T09:59:18.735079+00:00,train,5,11664,self,0.05,0,96,
2025-11-27T09:59:18.735192+00:00,train,5,11665,self,0.05,0,92,
2025-11-27T09:59:18.735300+00:00,train,5,11666,self,0.05,0,94,
2025-11-27T09:59:18.735407+00:00,train,5,11667,self,0.05,0,97,
2025-11-27T09:59:18.735512+00:00,train,5,11668,self,0.05,0,99,
2025-11-27T09:59:18.735617+00:00,train,5,11669,self,0.05,0,92,
2025-11-27T09:59:18.735720+00:00,train,5,11670,self,0.05,0,100,
2025-11-27T09:59:18.735824+00:00,train,5,11671,self,0.05,0,96,
2025-11-27T09:59:18.735927+00:00,train,5,11672,self,0.05,0,98,
2025-11-27T09:59:18.736030+00:00,train,5,11673,self,0.05,0,89,
2025-11-27T09:59:18.736133+00:00,train,5,11674,self,0.05,0,93,
2025-11-27T09:59:18.736242+00:00,train,5,11675,self,0.05,0,94,
2025-11-27T09:59:18.736353+00:00,train,5,11676,self,0.05,0,99,
2025-11-27T09:59:18.736469+00:00,train,5,11677,self,0.05,0,97,
2025-11-27T09:59:18.736570+00:00,train,5,11678,self,0.05,0,99,
2025-11-27T09:59:18.736671+00:00,train,5,11679,self,0.05,0,95,
2025-11-27T09:59:18.736772+00:00,train,5,11680,self,0.05,0,97,
2025-11-27T09:59:18.736872+00:00,train,5,11681,self,0.05,0,96,
2025-11-27T09:59:18.736972+00:00,train,5,11682,self,0.05,0,100,
2025-11-27T09:59:18.737073+00:00,train,5,11683,self,0.05,0,92,
2025-11-27T09:59:18.737173+00:00,train,5,11684,self,0.05,0,100,
2025-11-27T09:59:18.737273+00:00,train,5,11685,self,0.05,0,92,
2025-11-27T09:59:18.737422+00:00,train,5,11686,self,0.05,0,98,
2025-11-27T09:59:18.737522+00:00,train,5,11687,self,0.05,0,88,
2025-11-27T09:59:18.737623+00:00,train,5,11688,self,0.05,0,92,
2025-11-27T09:59:18.737723+00:00,train,5,11689,self,0.05,0,93,
2025-11-27T09:59:18.737824+00:00,train,5,11690,self,0.05,0,95,
2025-11-27T09:59:18.737924+00:00,train,5,11691,self,0.05,0,96,
2025-11-27T09:59:18.738024+00:00,train,5,11692,self,0.05,0,98,
2025-11-27T09:59:18.738124+00:00,train,5,11693,self,0.05,0,91,
2025-11-27T09:59:18.738224+00:00,train,5,11694,self,0.05,0,100,
2025-11-27T09:59:18.738325+00:00,train,5,11695,self,0.05,0,93,
2025-11-27T09:59:18.738425+00:00,train,5,11696,self,0.05,0,99,
2025-11-27T09:59:18.738525+00:00,train,5,11697,self,0.05,0,89,
2025-11-27T09:59:18.738625+00:00,train,5,11698,self,0.05,0,98,
2025-11-27T09:59:18.738725+00:00,train,5,11699,self,0.05,0,82,
2025-11-27T09:59:18.738825+00:00,train,5,11700,self,0.05,0,89,
2025-11-27T09:59:18.738924+00:00,train,5,11701,self,0.05,0,85,
2025-11-27T09:59:18.739024+00:00,train,5,11702,self,0.05,0,100,
2025-11-27T09:59:18.739125+00:00,train,5,11703,self,0.05,0,91,
2025-11-27T09:59:18.739225+00:00,train,5,11704,self,0.05,0,96,
2025-11-27T09:59:18.739326+00:00,train,5,11705,self,0.05,0,93,
2025-11-27T09:59:18.739426+00:00,train,5,11706,self,0.05,0,99,
2025-11-27T09:59:18.739526+00:00,train,5,11707,self,0.05,0,97,
2025-11-27T09:59:18.739626+00:00,train,5,11708,self,0.05,0,98,
2025-11-27T09:59:18.739727+00:00,train,5,11709,self,0.05,0,92,
2025-11-27T09:59:18.739827+00:00,train,5,11710,self,0.05,0,97,
2025-11-27T09:59:18.739929+00:00,train,5,11711,self,0.05,0,90,
2025-11-27T09:59:18.740030+00:00,train,5,11712,self,0.05,0,99,
2025-11-27T09:59:18.740130+00:00,train,5,11713,self,0.05,0,88,
2025-11-27T09:59:18.740231+00:00,train,5,11714,self,0.05,0,99,
2025-11-27T09:59:18.740331+00:00,train,5,11715,self,0.05,0,88,
2025-11-27T09:59:18.740431+00:00,train,5,11716,self,0.05,0,99,
2025-11-27T09:59:18.740532+00:00,train,5,11717,self,0.05,0,93,
2025-11-27T09:59:18.740632+00:00,train,5,11718,self,0.05,0,96,
2025-11-27T09:59:18.740732+00:00,train,5,11719,self,0.05,0,99,
2025-11-27T09:59:18.740831+00:00,train,5,11720,self,0.05,0,99,
2025-11-27T09:59:18.740931+00:00,train,5,11721,self,0.05,0,95,
2025-11-27T09:59:18.741031+00:00,train,5,11722,self,0.05,0,98,
2025-11-27T09:59:18.741131+00:00,train,5,11723,self,0.05,0,95,
2025-11-27T09:59:18.741231+00:00,train,5,11724,self,0.05,0,100,
2025-11-27T09:59:18.741331+00:00,train,5,11725,self,0.05,0,95,
2025-11-27T09:59:18.741431+00:00,train,5,11726,self,0.05,0,98,
2025-11-27T09:59:18.741530+00:00,train,5,11727,self,0.05,0,99,
2025-11-27T09:59:18.741630+00:00,train,5,11728,self,0.05,0,100,
2025-11-27T09:59:18.741731+00:00,train,5,11729,self,0.05,0,85,
2025-11-27T09:59:18.741831+00:00,train,5,11730,self,0.05,0,100,
2025-11-27T09:59:18.741949+00:00,train,5,11731,self,0.05,0,92,
2025-11-27T09:59:18.742050+00:00,train,5,11732,self,0.05,0,98,
2025-11-27T09:59:18.742166+00:00,train,5,11733,self,0.05,0,98,
2025-11-27T09:59:18.742267+00:00,train,5,11734,self,0.05,0,100,
2025-11-27T09:59:18.742367+00:00,train,5,11735,self,0.05,0,95,
2025-11-27T09:59:18.742483+00:00,train,5,11736,self,0.05,0,95,
2025-11-27T09:59:18.742584+00:00,train,5,11737,self,0.05,0,99,
2025-11-27T09:59:18.742700+00:00,train,5,11738,self,0.05,0,100,
2025-11-27T09:59:18.742802+00:00,train,5,11739,self,0.05,0,82,
2025-11-27T09:59:18.742950+00:00,train,5,11740,self,0.05,0,96,
2025-11-27T09:59:18.743066+00:00,train,5,11741,self,0.05,0,96,
2025-11-27T09:59:18.743193+00:00,train,5,11742,self,0.05,0,96,
2025-11-27T09:59:18.743299+00:00,train,5,11743,self,0.05,0,97,
2025-11-27T09:59:18.743448+00:00,train,5,11744,self,0.05,0,99,
2025-11-27T09:59:18.743566+00:00,train,5,11745,self,0.05,0,89,
2025-11-27T09:59:18.743687+00:00,train,5,11746,self,0.05,0,92,
2025-11-27T09:59:18.743793+00:00,train,5,11747,self,0.05,0,99,
2025-11-27T09:59:18.743941+00:00,train,5,11748,self,0.05,0,99,
2025-11-27T09:59:18.744057+00:00,train,5,11749,self,0.05,0,90,
2025-11-27T09:59:18.744181+00:00,train,5,11750,self,0.05,0,100,
2025-11-27T09:59:18.744288+00:00,train,5,11751,self,0.05,0,92,
2025-11-27T09:59:18.744407+00:00,train,5,11752,self,0.05,0,96,
2025-11-27T09:59:18.744509+00:00,train,5,11753,self,0.05,0,93,
2025-11-27T09:59:18.744626+00:00,train,5,11754,self,0.05,0,95,
2025-11-27T09:59:18.744727+00:00,train,5,11755,self,0.05,0,92,
2025-11-27T09:59:18.744841+00:00,train,5,11756,self,0.05,0,94,
2025-11-27T09:59:18.744941+00:00,train,5,11757,self,0.05,0,97,
2025-11-27T09:59:18.745087+00:00,train,5,11758,self,0.05,0,100,
2025-11-27T09:59:18.745205+00:00,train,5,11759,self,0.05,0,83,
2025-11-27T09:59:18.745360+00:00,train,5,11760,self,0.05,0,95,
2025-11-27T09:59:18.745478+00:00,train,5,11761,self,0.05,0,92,
2025-11-27T09:59:18.745579+00:00,train,5,11762,self,0.05,0,98,
2025-11-27T09:59:18.745703+00:00,train,5,11763,self,0.05,0,96,
2025-11-27T09:59:18.745809+00:00,train,5,11764,self,0.05,0,99,
2025-11-27T09:59:18.745931+00:00,train,5,11765,self,0.05,0,99,
2025-11-27T09:59:18.746031+00:00,train,5,11766,self,0.05,0,100,
2025-11-27T09:59:18.746147+00:00,train,5,11767,self,0.05,0,98,
2025-11-27T09:59:18.746247+00:00,train,5,11768,self,0.05,0,99,
2025-11-27T09:59:18.746421+00:00,train,5,11769,self,0.05,0,96,
2025-11-27T09:59:18.746576+00:00,train,5,11770,self,0.05,0,99,
2025-11-27T09:59:18.746726+00:00,train,5,11771,self,0.05,0,90,
2025-11-27T09:59:18.746849+00:00,train,5,11772,self,0.05,0,92,
2025-11-27T09:59:18.746965+00:00,train,5,11773,self,0.05,0,97,
2025-11-27T09:59:18.747077+00:00,train,5,11774,self,0.05,0,98,
2025-11-27T09:59:18.747187+00:00,train,5,11775,self,0.05,0,99,
2025-11-27T09:59:18.747297+00:00,train,5,11776,self,0.05,0,99,
2025-11-27T09:59:18.747401+00:00,train,5,11777,self,0.05,0,91,
2025-11-27T09:59:18.747511+00:00,train,5,11778,self,0.05,0,96,
2025-11-27T09:59:18.747638+00:00,train,5,11779,self,0.05,0,83,
2025-11-27T09:59:18.747760+00:00,train,5,11780,self,0.05,0,93,
2025-11-27T09:59:18.747863+00:00,train,5,11781,self,0.05,0,100,
2025-11-27T09:59:18.747972+00:00,train,5,11782,self,0.05,0,100,
2025-11-27T09:59:18.748074+00:00,train,5,11783,self,0.05,0,91,
2025-11-27T09:59:18.748182+00:00,train,5,11784,self,0.05,0,95,
2025-11-27T09:59:18.748284+00:00,train,5,11785,self,0.05,0,92,
2025-11-27T09:59:18.748392+00:00,train,5,11786,self,0.05,0,99,
2025-11-27T09:59:18.748495+00:00,train,5,11787,self,0.05,0,94,
2025-11-27T09:59:18.748606+00:00,train,5,11788,self,0.05,0,96,
2025-11-27T09:59:18.748755+00:00,train,5,11789,self,0.05,0,95,
2025-11-27T09:59:18.748858+00:00,train,5,11790,self,0.05,0,99,
2025-11-27T09:59:18.748967+00:00,train,5,11791,self,0.05,0,91,
2025-11-27T09:59:18.749070+00:00,train,5,11792,self,0.05,0,97,
2025-11-27T09:59:18.749178+00:00,train,5,11793,self,0.05,0,82,
2025-11-27T09:59:18.749280+00:00,train,5,11794,self,0.05,0,99,
2025-11-27T09:59:18.749389+00:00,train,5,11795,self,0.05,0,93,
2025-11-27T09:59:18.749491+00:00,train,5,11796,self,0.05,0,97,
2025-11-27T09:59:18.749600+00:00,train,5,11797,self,0.05,0,90,
2025-11-27T09:59:18.749702+00:00,train,5,11798,self,0.05,0,99,
2025-11-27T09:59:18.749810+00:00,train,5,11799,self,0.05,0,93,
2025-11-27T09:59:18.749913+00:00,train,5,11800,self,0.05,0,98,
2025-11-27T09:59:18.752162+00:00,train,5,11801,self,0.05,0,90,
2025-11-27T09:59:18.752291+00:00,train,5,11802,self,0.05,0,99,
2025-11-27T09:59:18.752417+00:00,train,5,11803,self,0.05,0,96,
2025-11-27T09:59:18.752521+00:00,train,5,11804,self,0.05,0,99,
2025-11-27T09:59:18.752646+00:00,train,5,11805,self,0.05,0,98,
2025-11-27T09:59:18.752750+00:00,train,5,11806,self,0.05,0,99,
2025-11-27T09:59:18.752874+00:00,train,5,11807,self,0.05,0,100,
2025-11-27T09:59:18.752977+00:00,train,5,11808,self,0.05,0,100,
2025-11-27T09:59:18.753117+00:00,train,5,11809,self,0.05,0,79,
2025-11-27T09:59:18.753230+00:00,train,5,11810,self,0.05,0,93,
2025-11-27T09:59:18.753429+00:00,train,5,11811,self,0.05,0,83,
2025-11-27T09:59:18.753552+00:00,train,5,11812,self,0.05,0,90,
2025-11-27T09:59:18.753667+00:00,train,5,11813,self,0.05,0,97,
2025-11-27T09:59:18.753786+00:00,train,5,11814,self,0.05,0,99,
2025-11-27T09:59:18.753892+00:00,train,5,11815,self,0.05,0,97,
2025-11-27T09:59:18.754049+00:00,train,5,11816,self,0.05,0,98,
2025-11-27T09:59:18.754154+00:00,train,5,11817,self,0.05,0,87,
2025-11-27T09:59:18.754263+00:00,train,5,11818,self,0.05,0,98,
2025-11-27T09:59:18.754367+00:00,train,5,11819,self,0.05,0,92,
2025-11-27T09:59:18.754477+00:00,train,5,11820,self,0.05,0,93,
2025-11-27T09:59:18.754580+00:00,train,5,11821,self,0.05,0,83,
2025-11-27T09:59:18.754688+00:00,train,5,11822,self,0.05,0,100,
2025-11-27T09:59:18.754790+00:00,train,5,11823,self,0.05,0,90,
2025-11-27T09:59:18.754898+00:00,train,5,11824,self,0.05,0,97,
2025-11-27T09:59:18.755004+00:00,train,5,11825,self,0.05,0,89,
2025-11-27T09:59:18.755109+00:00,train,5,11826,self,0.05,0,91,
2025-11-27T09:59:18.755217+00:00,train,5,11827,self,0.05,0,92,
2025-11-27T09:59:18.755320+00:00,train,5,11828,self,0.05,0,98,
2025-11-27T09:59:18.755428+00:00,train,5,11829,self,0.05,0,97,
2025-11-27T09:59:18.755530+00:00,train,5,11830,self,0.05,0,100,
2025-11-27T09:59:18.755637+00:00,train,5,11831,self,0.05,0,97,
2025-11-27T09:59:18.755740+00:00,train,5,11832,self,0.05,0,99,
2025-11-27T09:59:18.755848+00:00,train,5,11833,self,0.05,0,97,
2025-11-27T09:59:18.755950+00:00,train,5,11834,self,0.05,0,99,
2025-11-27T09:59:18.756058+00:00,train,5,11835,self,0.05,0,99,
2025-11-27T09:59:18.756160+00:00,train,5,11836,self,0.05,0,100,
2025-11-27T09:59:18.756267+00:00,train,5,11837,self,0.05,0,99,
2025-11-27T09:59:18.756372+00:00,train,5,11838,self,0.05,0,100,
2025-11-27T09:59:18.756477+00:00,train,5,11839,self,0.05,0,97,
2025-11-27T09:59:18.756586+00:00,train,5,11840,self,0.05,0,99,
2025-11-27T09:59:18.756687+00:00,train,5,11841,self,0.05,0,98,
2025-11-27T09:59:18.756795+00:00,train,5,11842,self,0.05,0,100,
2025-11-27T09:59:18.756897+00:00,train,5,11843,self,0.05,0,92,
2025-11-27T09:59:18.757032+00:00,train,5,11844,self,0.05,0,98,
2025-11-27T09:59:18.757162+00:00,train,5,11845,self,0.05,0,90,
2025-11-27T09:59:18.757301+00:00,train,5,11846,self,0.05,0,95,
2025-11-27T09:59:18.757415+00:00,train,5,11847,self,0.05,0,95,
2025-11-27T09:59:18.757582+00:00,train,5,11848,self,0.05,0,97,
2025-11-27T09:59:18.757687+00:00,train,5,11849,self,0.05,0,98,
2025-11-27T09:59:18.757822+00:00,train,5,11850,self,0.05,0,100,
2025-11-27T09:59:18.757929+00:00,train,5,11851,self,0.05,0,95,
2025-11-27T09:59:18.758063+00:00,train,5,11852,self,0.05,0,100,
2025-11-27T09:59:18.758165+00:00,train,5,11853,self,0.05,0,86,
2025-11-27T09:59:18.758381+00:00,train,5,11854,self,0.05,0,90,
2025-11-27T09:59:18.758505+00:00,train,5,11855,self,0.05,0,98,
2025-11-27T09:59:18.758631+00:00,train,5,11856,self,0.05,0,100,
2025-11-27T09:59:18.758743+00:00,train,5,11857,self,0.05,0,93,
2025-11-27T09:59:18.758862+00:00,train,5,11858,self,0.05,0,98,
2025-11-27T09:59:18.758968+00:00,train,5,11859,self,0.05,0,99,
2025-11-27T09:59:18.759103+00:00,train,5,11860,self,0.05,0,100,
2025-11-27T09:59:18.759211+00:00,train,5,11861,self,0.05,0,96,
2025-11-27T09:59:18.759344+00:00,train,5,11862,self,0.05,0,100,
2025-11-27T09:59:18.759489+00:00,train,5,11863,self,0.05,0,92,
2025-11-27T09:59:18.759647+00:00,train,5,11864,self,0.05,0,100,
2025-11-27T09:59:18.759761+00:00,train,5,11865,self,0.05,0,100,
2025-11-27T09:59:18.759869+00:00,train,5,11866,self,0.05,0,100,
2025-11-27T09:59:18.760036+00:00,train,5,11867,self,0.05,0,89,
2025-11-27T09:59:18.760159+00:00,train,5,11868,self,0.05,0,100,
2025-11-27T09:59:18.760274+00:00,train,5,11869,self,0.05,0,99,
2025-11-27T09:59:18.760386+00:00,train,5,11870,self,0.05,0,100,
2025-11-27T09:59:18.760492+00:00,train,5,11871,self,0.05,0,97,
2025-11-27T09:59:18.760604+00:00,train,5,11872,self,0.05,0,98,
2025-11-27T09:59:18.760707+00:00,train,5,11873,self,0.05,0,94,
2025-11-27T09:59:18.760817+00:00,train,5,11874,self,0.05,0,99,
2025-11-27T09:59:18.760920+00:00,train,5,11875,self,0.05,0,93,
2025-11-27T09:59:18.761029+00:00,train,5,11876,self,0.05,0,98,
2025-11-27T09:59:18.761133+00:00,train,5,11877,self,0.05,0,93,
2025-11-27T09:59:18.761241+00:00,train,5,11878,self,0.05,0,100,
2025-11-27T09:59:18.761345+00:00,train,5,11879,self,0.05,0,95,
2025-11-27T09:59:18.761453+00:00,train,5,11880,self,0.05,0,98,
2025-11-27T09:59:18.761559+00:00,train,5,11881,self,0.05,0,83,
2025-11-27T09:59:18.761662+00:00,train,5,11882,self,0.05,0,97,
2025-11-27T09:59:18.761770+00:00,train,5,11883,self,0.05,0,98,
2025-11-27T09:59:18.761873+00:00,train,5,11884,self,0.05,0,99,
2025-11-27T09:59:18.761981+00:00,train,5,11885,self,0.05,0,91,
2025-11-27T09:59:18.762083+00:00,train,5,11886,self,0.05,0,94,
2025-11-27T09:59:18.762192+00:00,train,5,11887,self,0.05,0,88,
2025-11-27T09:59:18.762294+00:00,train,5,11888,self,0.05,0,90,
2025-11-27T09:59:18.762402+00:00,train,5,11889,self,0.05,0,97,
2025-11-27T09:59:18.762505+00:00,train,5,11890,self,0.05,0,99,
2025-11-27T09:59:18.762613+00:00,train,5,11891,self,0.05,0,94,
2025-11-27T09:59:18.762718+00:00,train,5,11892,self,0.05,0,97,
2025-11-27T09:59:18.762820+00:00,train,5,11893,self,0.05,0,92,
2025-11-27T09:59:18.762927+00:00,train,5,11894,self,0.05,0,95,
2025-11-27T09:59:18.763029+00:00,train,5,11895,self,0.05,0,84,
2025-11-27T09:59:18.763137+00:00,train,5,11896,self,0.05,0,91,
2025-11-27T09:59:18.763239+00:00,train,5,11897,self,0.05,0,88,
2025-11-27T09:59:18.763347+00:00,train,5,11898,self,0.05,0,99,
2025-11-27T09:59:18.763449+00:00,train,5,11899,self,0.05,0,89,
2025-11-27T09:59:18.763556+00:00,train,5,11900,self,0.05,0,95,
2025-11-27T09:59:18.763659+00:00,train,5,11901,self,0.05,0,80,
2025-11-27T09:59:18.763766+00:00,train,5,11902,self,0.05,0,100,
2025-11-27T09:59:18.763874+00:00,train,5,11903,self,0.05,0,96,
2025-11-27T09:59:18.763977+00:00,train,5,11904,self,0.05,0,97,
2025-11-27T09:59:18.764084+00:00,train,5,11905,self,0.05,0,98,
2025-11-27T09:59:18.764187+00:00,train,5,11906,self,0.05,0,99,
2025-11-27T09:59:18.764295+00:00,train,5,11907,self,0.05,0,96,
2025-11-27T09:59:18.764397+00:00,train,5,11908,self,0.05,0,99,
2025-11-27T09:59:18.764504+00:00,train,5,11909,self,0.05,0,96,
2025-11-27T09:59:18.764607+00:00,train,5,11910,self,0.05,0,100,
2025-11-27T09:59:18.764715+00:00,train,5,11911,self,0.05,0,89,
2025-11-27T09:59:18.764817+00:00,train,5,11912,self,0.05,0,99,
2025-11-27T09:59:18.764926+00:00,train,5,11913,self,0.05,0,92,
2025-11-27T09:59:18.765048+00:00,train,5,11914,self,0.05,0,100,
2025-11-27T09:59:18.765151+00:00,train,5,11915,self,0.05,0,98,
2025-11-27T09:59:18.765261+00:00,train,5,11916,self,0.05,0,99,
2025-11-27T09:59:18.765365+00:00,train,5,11917,self,0.05,0,91,
2025-11-27T09:59:18.765474+00:00,train,5,11918,self,0.05,0,97,
2025-11-27T09:59:18.765576+00:00,train,5,11919,self,0.05,0,95,
2025-11-27T09:59:18.765684+00:00,train,5,11920,self,0.05,0,98,
2025-11-27T09:59:18.765786+00:00,train,5,11921,self,0.05,0,95,
2025-11-27T09:59:18.765894+00:00,train,5,11922,self,0.05,0,96,
2025-11-27T09:59:18.765997+00:00,train,5,11923,self,0.05,0,90,
2025-11-27T09:59:18.766104+00:00,train,5,11924,self,0.05,0,100,
2025-11-27T09:59:18.766206+00:00,train,5,11925,self,0.05,0,95,
2025-11-27T09:59:18.766314+00:00,train,5,11926,self,0.05,0,99,
2025-11-27T09:59:18.766419+00:00,train,5,11927,self,0.05,0,70,
2025-11-27T09:59:18.766521+00:00,train,5,11928,self,0.05,0,95,
2025-11-27T09:59:18.766629+00:00,train,5,11929,self,0.05,0,94,
2025-11-27T09:59:18.766731+00:00,train,5,11930,self,0.05,0,99,
2025-11-27T09:59:18.766839+00:00,train,5,11931,self,0.05,0,92,
2025-11-27T09:59:18.766941+00:00,train,5,11932,self,0.05,0,96,
2025-11-27T09:59:18.767051+00:00,train,5,11933,self,0.05,0,79,
2025-11-27T09:59:18.767156+00:00,train,5,11934,self,0.05,0,99,
2025-11-27T09:59:18.767371+00:00,train,5,11935,self,0.05,0,80,
2025-11-27T09:59:18.767485+00:00,train,5,11936,self,0.05,0,99,
2025-11-27T09:59:18.767620+00:00,train,5,11937,self,0.05,0,89,
2025-11-27T09:59:18.767724+00:00,train,5,11938,self,0.05,0,99,
2025-11-27T09:59:18.767826+00:00,train,5,11939,self,0.05,0,99,
2025-11-27T09:59:18.767964+00:00,train,5,11940,self,0.05,0,99,
2025-11-27T09:59:18.768066+00:00,train,5,11941,self,0.05,0,99,
2025-11-27T09:59:18.768204+00:00,train,5,11942,self,0.05,0,99,
2025-11-27T09:59:18.768305+00:00,train,5,11943,self,0.05,0,85,
2025-11-27T09:59:18.768442+00:00,train,5,11944,self,0.05,0,96,
2025-11-27T09:59:18.768545+00:00,train,5,11945,self,0.05,0,87,
2025-11-27T09:59:18.768656+00:00,train,5,11946,self,0.05,0,99,
2025-11-27T09:59:18.768757+00:00,train,5,11947,self,0.05,0,95,
2025-11-27T09:59:18.768893+00:00,train,5,11948,self,0.05,0,95,
2025-11-27T09:59:18.768994+00:00,train,5,11949,self,0.05,0,89,
2025-11-27T09:59:18.769094+00:00,train,5,11950,self,0.05,0,100,
2025-11-27T09:59:18.769220+00:00,train,5,11951,self,0.05,0,99,
2025-11-27T09:59:18.769321+00:00,train,5,11952,self,0.05,0,100,
2025-11-27T09:59:18.769442+00:00,train,5,11953,self,0.05,0,89,
2025-11-27T09:59:18.769543+00:00,train,5,11954,self,0.05,0,99,
2025-11-27T09:59:18.769644+00:00,train,5,11955,self,0.05,0,98,
2025-11-27T09:59:18.769746+00:00,train,5,11956,self,0.05,0,99,
2025-11-27T09:59:18.769846+00:00,train,5,11957,self,0.05,0,85,
2025-11-27T09:59:18.769947+00:00,train,5,11958,self,0.05,0,99,
2025-11-27T09:59:18.770048+00:00,train,5,11959,self,0.05,0,84,
2025-11-27T09:59:18.770149+00:00,train,5,11960,self,0.05,0,97,
2025-11-27T09:59:18.770249+00:00,train,5,11961,self,0.05,0,93,
2025-11-27T09:59:18.770351+00:00,train,5,11962,self,0.05,0,97,
2025-11-27T09:59:18.770451+00:00,train,5,11963,self,0.05,0,94,
2025-11-27T09:59:18.770552+00:00,train,5,11964,self,0.05,0,95,
2025-11-27T09:59:18.770653+00:00,train,5,11965,self,0.05,0,96,
2025-11-27T09:59:18.770753+00:00,train,5,11966,self,0.05,0,100,
2025-11-27T09:59:18.770856+00:00,train,5,11967,self,0.05,0,92,
2025-11-27T09:59:18.770957+00:00,train,5,11968,self,0.05,0,94,
2025-11-27T09:59:18.771057+00:00,train,5,11969,self,0.05,0,90,
2025-11-27T09:59:18.771158+00:00,train,5,11970,self,0.05,0,99,
2025-11-27T09:59:18.771259+00:00,train,5,11971,self,0.05,0,96,
2025-11-27T09:59:18.771359+00:00,train,5,11972,self,0.05,0,100,
2025-11-27T09:59:18.771459+00:00,train,5,11973,self,0.05,0,93,
2025-11-27T09:59:18.771559+00:00,train,5,11974,self,0.05,0,98,
2025-11-27T09:59:18.771660+00:00,train,5,11975,self,0.05,0,94,
2025-11-27T09:59:18.771760+00:00,train,5,11976,self,0.05,0,97,
2025-11-27T09:59:18.771860+00:00,train,5,11977,self,0.05,0,92,
2025-11-27T09:59:18.771961+00:00,train,5,11978,self,0.05,0,93,
2025-11-27T09:59:18.772061+00:00,train,5,11979,self,0.05,0,93,
2025-11-27T09:59:18.772161+00:00,train,5,11980,self,0.05,0,93,
2025-11-27T09:59:18.772261+00:00,train,5,11981,self,0.05,0,92,
2025-11-27T09:59:18.772362+00:00,train,5,11982,self,0.05,0,100,
2025-11-27T09:59:18.772462+00:00,train,5,11983,self,0.05,0,98,
2025-11-27T09:59:18.772562+00:00,train,5,11984,self,0.05,0,99,
2025-11-27T09:59:18.772662+00:00,train,5,11985,self,0.05,0,100,
2025-11-27T09:59:18.772763+00:00,train,5,11986,self,0.05,0,100,
2025-11-27T09:59:18.772864+00:00,train,5,11987,self,0.05,0,100,
2025-11-27T09:59:18.772963+00:00,train,5,11988,self,0.05,0,100,
2025-11-27T09:59:18.773063+00:00,train,5,11989,self,0.05,0,98,
2025-11-27T09:59:18.773165+00:00,train,5,11990,self,0.05,0,99,
2025-11-27T09:59:18.773265+00:00,train,5,11991,self,0.05,0,93,
2025-11-27T09:59:18.773366+00:00,train,5,11992,self,0.05,0,100,
2025-11-27T09:59:18.773466+00:00,train,5,11993,self,0.05,0,97,
2025-11-27T09:59:18.773566+00:00,train,5,11994,self,0.05,0,99,
2025-11-27T09:59:18.773667+00:00,train,5,11995,self,0.05,0,93,
2025-11-27T09:59:18.773767+00:00,train,5,11996,self,0.05,0,100,
2025-11-27T09:59:18.773867+00:00,train,5,11997,self,0.05,0,96,
2025-11-27T09:59:18.773967+00:00,train,5,11998,self,0.05,0,98,
2025-11-27T09:59:18.774068+00:00,train,5,11999,self,0.05,0,99,
2025-11-27T09:59:18.774168+00:00,train,5,12000,self,0.05,0,99,
2025-11-27T09:59:18.774268+00:00,train,5,12001,self,0.05,0,88,
2025-11-27T09:59:18.774368+00:00,train,5,12002,self,0.05,0,100,
2025-11-27T09:59:18.774468+00:00,train,5,12003,self,0.05,0,95,
2025-11-27T09:59:18.774568+00:00,train,5,12004,self,0.05,0,99,
2025-11-27T09:59:18.774668+00:00,train,5,12005,self,0.05,0,93,
2025-11-27T09:59:18.774768+00:00,train,5,12006,self,0.05,0,94,
2025-11-27T09:59:18.774868+00:00,train,5,12007,self,0.05,0,94,
2025-11-27T09:59:18.774968+00:00,train,5,12008,self,0.05,0,97,
2025-11-27T09:59:18.775068+00:00,train,5,12009,self,0.05,0,94,
2025-11-27T09:59:18.775169+00:00,train,5,12010,self,0.05,0,100,
2025-11-27T09:59:18.775269+00:00,train,5,12011,self,0.05,0,85,
2025-11-27T09:59:18.775368+00:00,train,5,12012,self,0.05,0,89,
2025-11-27T09:59:18.775469+00:00,train,5,12013,self,0.05,0,91,
2025-11-27T09:59:18.775569+00:00,train,5,12014,self,0.05,0,92,
2025-11-27T09:59:18.775669+00:00,train,5,12015,self,0.05,0,77,
2025-11-27T09:59:18.775769+00:00,train,5,12016,self,0.05,0,100,
2025-11-27T09:59:18.775868+00:00,train,5,12017,self,0.05,0,99,
2025-11-27T09:59:18.775969+00:00,train,5,12018,self,0.05,0,100,
2025-11-27T09:59:18.776068+00:00,train,5,12019,self,0.05,0,92,
2025-11-27T09:59:18.776169+00:00,train,5,12020,self,0.05,0,98,
2025-11-27T09:59:18.776268+00:00,train,5,12021,self,0.05,0,88,
2025-11-27T09:59:18.776368+00:00,train,5,12022,self,0.05,0,100,
2025-11-27T09:59:18.776468+00:00,train,5,12023,self,0.05,0,95,
2025-11-27T09:59:18.776568+00:00,train,5,12024,self,0.05,0,99,
2025-11-27T09:59:18.776668+00:00,train,5,12025,self,0.05,0,84,
2025-11-27T09:59:18.776768+00:00,train,5,12026,self,0.05,0,88,
2025-11-27T09:59:18.776869+00:00,train,5,12027,self,0.05,0,92,
2025-11-27T09:59:18.776969+00:00,train,5,12028,self,0.05,0,99,
2025-11-27T09:59:18.777069+00:00,train,5,12029,self,0.05,0,95,
2025-11-27T09:59:18.777169+00:00,train,5,12030,self,0.05,0,96,
2025-11-27T09:59:18.777272+00:00,train,5,12031,self,0.05,0,98,
2025-11-27T09:59:18.777372+00:00,train,5,12032,self,0.05,0,99,
2025-11-27T09:59:18.777473+00:00,train,5,12033,self,0.05,0,89,
2025-11-27T09:59:18.777726+00:00,train,5,12034,self,0.05,0,99,
2025-11-27T09:59:18.777841+00:00,train,5,12035,self,0.05,0,85,
2025-11-27T09:59:18.777949+00:00,train,5,12036,self,0.05,0,100,
2025-11-27T09:59:18.778053+00:00,train,5,12037,self,0.05,0,93,
2025-11-27T09:59:18.778156+00:00,train,5,12038,self,0.05,0,99,
2025-11-27T09:59:18.778257+00:00,train,5,12039,self,0.05,0,92,
2025-11-27T09:59:18.778357+00:00,train,5,12040,self,0.05,0,92,
2025-11-27T09:59:18.778457+00:00,train,5,12041,self,0.05,0,88,
2025-11-27T09:59:18.778556+00:00,train,5,12042,self,0.05,0,92,
2025-11-27T09:59:18.778655+00:00,train,5,12043,self,0.05,0,98,
2025-11-27T09:59:18.778755+00:00,train,5,12044,self,0.05,0,99,
2025-11-27T09:59:18.778854+00:00,train,5,12045,self,0.05,0,92,
2025-11-27T09:59:18.778953+00:00,train,5,12046,self,0.05,0,98,
2025-11-27T09:59:18.779052+00:00,train,5,12047,self,0.05,0,95,
2025-11-27T09:59:18.779153+00:00,train,5,12048,self,0.05,0,96,
2025-11-27T09:59:18.779252+00:00,train,5,12049,self,0.05,0,90,
2025-11-27T09:59:18.779352+00:00,train,5,12050,self,0.05,0,94,
2025-11-27T09:59:18.779450+00:00,train,5,12051,self,0.05,0,91,
2025-11-27T09:59:18.779550+00:00,train,5,12052,self,0.05,0,93,
2025-11-27T09:59:18.779648+00:00,train,5,12053,self,0.05,0,99,
2025-11-27T09:59:18.779747+00:00,train,5,12054,self,0.05,0,99,
2025-11-27T09:59:18.779846+00:00,train,5,12055,self,0.05,0,98,
2025-11-27T09:59:18.779945+00:00,train,5,12056,self,0.05,0,100,
2025-11-27T09:59:18.780044+00:00,train,5,12057,self,0.05,0,87,
2025-11-27T09:59:18.780143+00:00,train,5,12058,self,0.05,0,99,
2025-11-27T09:59:18.780241+00:00,train,5,12059,self,0.05,0,91,
2025-11-27T09:59:18.780339+00:00,train,5,12060,self,0.05,0,99,
2025-11-27T09:59:18.780438+00:00,train,5,12061,self,0.05,0,90,
2025-11-27T09:59:18.780536+00:00,train,5,12062,self,0.05,0,96,
2025-11-27T09:59:18.780635+00:00,train,5,12063,self,0.05,0,81,
2025-11-27T09:59:18.780733+00:00,train,5,12064,self,0.05,0,88,
2025-11-27T09:59:18.780832+00:00,train,5,12065,self,0.05,0,96,
2025-11-27T09:59:18.780930+00:00,train,5,12066,self,0.05,0,98,
2025-11-27T09:59:18.781029+00:00,train,5,12067,self,0.05,0,90,
2025-11-27T09:59:18.781127+00:00,train,5,12068,self,0.05,0,100,
2025-11-27T09:59:18.781225+00:00,train,5,12069,self,0.05,0,86,
2025-11-27T09:59:18.781324+00:00,train,5,12070,self,0.05,0,100,
2025-11-27T09:59:18.781422+00:00,train,5,12071,self,0.05,0,93,
2025-11-27T09:59:18.781520+00:00,train,5,12072,self,0.05,0,97,
2025-11-27T09:59:18.781619+00:00,train,5,12073,self,0.05,0,99,
2025-11-27T09:59:18.781717+00:00,train,5,12074,self,0.05,0,99,
2025-11-27T09:59:18.781815+00:00,train,5,12075,self,0.05,0,94,
2025-11-27T09:59:18.781914+00:00,train,5,12076,self,0.05,0,99,
2025-11-27T09:59:18.782148+00:00,train,5,12077,self,0.05,0,95,
2025-11-27T09:59:18.782274+00:00,train,5,12078,self,0.05,0,99,
2025-11-27T09:59:18.782388+00:00,train,5,12079,self,0.05,0,93,
2025-11-27T09:59:18.782516+00:00,train,5,12080,self,0.05,0,96,
2025-11-27T09:59:18.782626+00:00,train,5,12081,self,0.05,0,98,
2025-11-27T09:59:18.782790+00:00,train,5,12082,self,0.05,0,100,
2025-11-27T09:59:18.782909+00:00,train,5,12083,self,0.05,0,98,
2025-11-27T09:59:18.783019+00:00,train,5,12084,self,0.05,0,99,
2025-11-27T09:59:18.783124+00:00,train,5,12085,self,0.05,0,98,
2025-11-27T09:59:18.783228+00:00,train,5,12086,self,0.05,0,99,
2025-11-27T09:59:18.783330+00:00,train,5,12087,self,0.05,0,93,
2025-11-27T09:59:18.783432+00:00,train,5,12088,self,0.05,0,99,
2025-11-27T09:59:18.783533+00:00,train,5,12089,self,0.05,0,91,
2025-11-27T09:59:18.783633+00:00,train,5,12090,self,0.05,0,98,
2025-11-27T09:59:18.783734+00:00,train,5,12091,self,0.05,0,93,
2025-11-27T09:59:18.783835+00:00,train,5,12092,self,0.05,0,98,
2025-11-27T09:59:18.783936+00:00,train,5,12093,self,0.05,0,86,
2025-11-27T09:59:18.784038+00:00,train,5,12094,self,0.05,0,99,
2025-11-27T09:59:18.784139+00:00,train,5,12095,self,0.05,0,81,
2025-11-27T09:59:18.784238+00:00,train,5,12096,self,0.05,0,96,
2025-11-27T09:59:18.784338+00:00,train,5,12097,self,0.05,0,93,
2025-11-27T09:59:18.784438+00:00,train,5,12098,self,0.05,0,98,
2025-11-27T09:59:18.784538+00:00,train,5,12099,self,0.05,0,97,
2025-11-27T09:59:18.784639+00:00,train,5,12100,self,0.05,0,100,
2025-11-27T09:59:18.784739+00:00,train,5,12101,self,0.05,0,95,
2025-11-27T09:59:18.784839+00:00,train,5,12102,self,0.05,0,100,
2025-11-27T09:59:18.784940+00:00,train,5,12103,self,0.05,0,91,
2025-11-27T09:59:18.785041+00:00,train,5,12104,self,0.05,0,99,
2025-11-27T09:59:18.785141+00:00,train,5,12105,self,0.05,0,98,
2025-11-27T09:59:18.785240+00:00,train,5,12106,self,0.05,0,99,
2025-11-27T09:59:18.785340+00:00,train,5,12107,self,0.05,0,85,
2025-11-27T09:59:18.785441+00:00,train,5,12108,self,0.05,0,99,
2025-11-27T09:59:18.785541+00:00,train,5,12109,self,0.05,0,91,
2025-11-27T09:59:18.785641+00:00,train,5,12110,self,0.05,0,96,
2025-11-27T09:59:18.785741+00:00,train,5,12111,self,0.05,0,92,
2025-11-27T09:59:18.785841+00:00,train,5,12112,self,0.05,0,100,
2025-11-27T09:59:18.785941+00:00,train,5,12113,self,0.05,0,95,
2025-11-27T09:59:18.786041+00:00,train,5,12114,self,0.05,0,97,
2025-11-27T09:59:18.786142+00:00,train,5,12115,self,0.05,0,97,
2025-11-27T09:59:18.786241+00:00,train,5,12116,self,0.05,0,99,
2025-11-27T09:59:18.786341+00:00,train,5,12117,self,0.05,0,100,
2025-11-27T09:59:18.786441+00:00,train,5,12118,self,0.05,0,100,
2025-11-27T09:59:18.786542+00:00,train,5,12119,self,0.05,0,100,
2025-11-27T09:59:18.786643+00:00,train,5,12120,self,0.05,0,100,
2025-11-27T09:59:18.786744+00:00,train,5,12121,self,0.05,0,86,
2025-11-27T09:59:18.786844+00:00,train,5,12122,self,0.05,0,97,
2025-11-27T09:59:18.786944+00:00,train,5,12123,self,0.05,0,100,
2025-11-27T09:59:18.787045+00:00,train,5,12124,self,0.05,0,100,
2025-11-27T09:59:18.787145+00:00,train,5,12125,self,0.05,0,97,
2025-11-27T09:59:18.787245+00:00,train,5,12126,self,0.05,0,98,
2025-11-27T09:59:18.787346+00:00,train,5,12127,self,0.05,0,90,
2025-11-27T09:59:18.787446+00:00,train,5,12128,self,0.05,0,97,
2025-11-27T09:59:18.787547+00:00,train,5,12129,self,0.05,0,96,
2025-11-27T09:59:18.787647+00:00,train,5,12130,self,0.05,0,97,
2025-11-27T09:59:18.787799+00:00,train,5,12131,self,0.05,0,95,
2025-11-27T09:59:18.787900+00:00,train,5,12132,self,0.05,0,97,
2025-11-27T09:59:18.788001+00:00,train,5,12133,self,0.05,0,95,
2025-11-27T09:59:18.788101+00:00,train,5,12134,self,0.05,0,100,
2025-11-27T09:59:18.788201+00:00,train,5,12135,self,0.05,0,90,
2025-11-27T09:59:18.788302+00:00,train,5,12136,self,0.05,0,97,
2025-11-27T09:59:18.788403+00:00,train,5,12137,self,0.05,0,87,
2025-11-27T09:59:18.788504+00:00,train,5,12138,self,0.05,0,100,
2025-11-27T09:59:18.788604+00:00,train,5,12139,self,0.05,0,98,
2025-11-27T09:59:18.788704+00:00,train,5,12140,self,0.05,0,100,
2025-11-27T09:59:18.788804+00:00,train,5,12141,self,0.05,0,92,
2025-11-27T09:59:18.788906+00:00,train,5,12142,self,0.05,0,98,
2025-11-27T09:59:18.789006+00:00,train,5,12143,self,0.05,0,99,
2025-11-27T09:59:18.789107+00:00,train,5,12144,self,0.05,0,100,
2025-11-27T09:59:18.789207+00:00,train,5,12145,self,0.05,0,82,
2025-11-27T09:59:18.789307+00:00,train,5,12146,self,0.05,0,88,
2025-11-27T09:59:18.789407+00:00,train,5,12147,self,0.05,0,90,
2025-11-27T09:59:18.789507+00:00,train,5,12148,self,0.05,0,99,
2025-11-27T09:59:18.789607+00:00,train,5,12149,self,0.05,0,95,
2025-11-27T09:59:18.789707+00:00,train,5,12150,self,0.05,0,99,
2025-11-27T09:59:18.789807+00:00,train,5,12151,self,0.05,0,99,
2025-11-27T09:59:18.789908+00:00,train,5,12152,self,0.05,0,99,
2025-11-27T09:59:18.790007+00:00,train,5,12153,self,0.05,0,86,
2025-11-27T09:59:18.790107+00:00,train,5,12154,self,0.05,0,89,
2025-11-27T09:59:18.790208+00:00,train,5,12155,self,0.05,0,86,
2025-11-27T09:59:18.790308+00:00,train,5,12156,self,0.05,0,98,
2025-11-27T09:59:18.790408+00:00,train,5,12157,self,0.05,0,92,
2025-11-27T09:59:18.790563+00:00,train,5,12158,self,0.05,0,99,
2025-11-27T09:59:18.790665+00:00,train,5,12159,self,0.05,0,97,
2025-11-27T09:59:18.790766+00:00,train,5,12160,self,0.05,0,98,
2025-11-27T09:59:18.790867+00:00,train,5,12161,self,0.05,0,97,
2025-11-27T09:59:18.790967+00:00,train,5,12162,self,0.05,0,100,
2025-11-27T09:59:18.791070+00:00,train,5,12163,self,0.05,0,98,
2025-11-27T09:59:18.791170+00:00,train,5,12164,self,0.05,0,99,
2025-11-27T09:59:18.791270+00:00,train,5,12165,self,0.05,0,78,
2025-11-27T09:59:18.791370+00:00,train,5,12166,self,0.05,0,98,
2025-11-27T09:59:18.791470+00:00,train,5,12167,self,0.05,0,84,
2025-11-27T09:59:18.791570+00:00,train,5,12168,self,0.05,0,97,
2025-11-27T09:59:18.791670+00:00,train,5,12169,self,0.05,0,95,
2025-11-27T09:59:18.791771+00:00,train,5,12170,self,0.05,0,100,
2025-11-27T09:59:18.791891+00:00,train,5,12171,self,0.05,0,94,
2025-11-27T09:59:18.791992+00:00,train,5,12172,self,0.05,0,100,
2025-11-27T09:59:18.792108+00:00,train,5,12173,self,0.05,0,81,
2025-11-27T09:59:18.792209+00:00,train,5,12174,self,0.05,0,89,
2025-11-27T09:59:18.792324+00:00,train,5,12175,self,0.05,0,94,
2025-11-27T09:59:18.792425+00:00,train,5,12176,self,0.05,0,95,
2025-11-27T09:59:18.792864+00:00,train,5,12177,self,0.05,0,90,
2025-11-27T09:59:18.793212+00:00,train,5,12178,self,0.05,0,96,
2025-11-27T09:59:18.793321+00:00,train,5,12179,self,0.05,0,97,
2025-11-27T09:59:18.793472+00:00,train,5,12180,self,0.05,0,100,
2025-11-27T09:59:18.793589+00:00,train,5,12181,self,0.05,0,89,
2025-11-27T09:59:18.793717+00:00,train,5,12182,self,0.05,0,96,
2025-11-27T09:59:18.793824+00:00,train,5,12183,self,0.05,0,97,
2025-11-27T09:59:18.793944+00:00,train,5,12184,self,0.05,0,100,
2025-11-27T09:59:18.794050+00:00,train,5,12185,self,0.05,0,92,
2025-11-27T09:59:18.794168+00:00,train,5,12186,self,0.05,0,93,
2025-11-27T09:59:18.794271+00:00,train,5,12187,self,0.05,0,90,
2025-11-27T09:59:18.794388+00:00,train,5,12188,self,0.05,0,98,
2025-11-27T09:59:18.794489+00:00,train,5,12189,self,0.05,0,93,
2025-11-27T09:59:18.794634+00:00,train,5,12190,self,0.05,0,94,
2025-11-27T09:59:18.794751+00:00,train,5,12191,self,0.05,0,79,
2025-11-27T09:59:18.794875+00:00,train,5,12192,self,0.05,0,99,
2025-11-27T09:59:18.794980+00:00,train,5,12193,self,0.05,0,96,
2025-11-27T09:59:18.795099+00:00,train,5,12194,self,0.05,0,100,
2025-11-27T09:59:18.795201+00:00,train,5,12195,self,0.05,0,95,
2025-11-27T09:59:18.795317+00:00,train,5,12196,self,0.05,0,99,
2025-11-27T09:59:18.795418+00:00,train,5,12197,self,0.05,0,85,
2025-11-27T09:59:18.795580+00:00,train,5,12198,self,0.05,0,90,
2025-11-27T09:59:18.795681+00:00,train,5,12199,self,0.05,0,93,
2025-11-27T09:59:18.795821+00:00,train,5,12200,self,0.05,0,96,
2025-11-27T09:59:18.795975+00:00,train,5,12201,self,0.05,0,100,
2025-11-27T09:59:18.796076+00:00,train,5,12202,self,0.05,0,100,
2025-11-27T09:59:18.796231+00:00,train,5,12203,self,0.05,0,95,
2025-11-27T09:59:18.796393+00:00,train,5,12204,self,0.05,0,100,
2025-11-27T09:59:18.796508+00:00,train,5,12205,self,0.05,0,91,
2025-11-27T09:59:18.796697+00:00,train,5,12206,self,0.05,0,99,
2025-11-27T09:59:18.796884+00:00,train,5,12207,self,0.05,0,94,
2025-11-27T09:59:18.796984+00:00,train,5,12208,self,0.05,0,100,
2025-11-27T09:59:18.797084+00:00,train,5,12209,self,0.05,0,94,
2025-11-27T09:59:18.797183+00:00,train,5,12210,self,0.05,0,96,
2025-11-27T09:59:18.797290+00:00,train,5,12211,self,0.05,0,100,
2025-11-27T09:59:18.797390+00:00,train,5,12212,self,0.05,0,100,
2025-11-27T09:59:18.797489+00:00,train,5,12213,self,0.05,0,84,
2025-11-27T09:59:18.797588+00:00,train,5,12214,self,0.05,0,97,
2025-11-27T09:59:18.797687+00:00,train,5,12215,self,0.05,0,83,
2025-11-27T09:59:18.797785+00:00,train,5,12216,self,0.05,0,92,
2025-11-27T09:59:18.798081+00:00,train,5,12217,self,0.05,0,97,
2025-11-27T09:59:18.798204+00:00,train,5,12218,self,0.05,0,99,
2025-11-27T09:59:18.798397+00:00,train,5,12219,self,0.05,0,98,
2025-11-27T09:59:18.798526+00:00,train,5,12220,self,0.05,0,100,
2025-11-27T09:59:18.798716+00:00,train,5,12221,self,0.05,0,89,
2025-11-27T09:59:18.798834+00:00,train,5,12222,self,0.05,0,94,
2025-11-27T09:59:18.798943+00:00,train,5,12223,self,0.05,0,94,
2025-11-27T09:59:18.799094+00:00,train,5,12224,self,0.05,0,99,
2025-11-27T09:59:18.799267+00:00,train,5,12225,self,0.05,0,95,
2025-11-27T09:59:18.799390+00:00,train,5,12226,self,0.05,0,98,
2025-11-27T09:59:18.799539+00:00,train,5,12227,self,0.05,0,97,
2025-11-27T09:59:18.799655+00:00,train,5,12228,self,0.05,0,100,
2025-11-27T09:59:18.799856+00:00,train,5,12229,self,0.05,0,93,
2025-11-27T09:59:18.799981+00:00,train,5,12230,self,0.05,0,99,
2025-11-27T09:59:18.800096+00:00,train,5,12231,self,0.05,0,92,
2025-11-27T09:59:18.800215+00:00,train,5,12232,self,0.05,0,99,
2025-11-27T09:59:18.800325+00:00,train,5,12233,self,0.05,0,96,
2025-11-27T09:59:18.800430+00:00,train,5,12234,self,0.05,0,99,
2025-11-27T09:59:18.800546+00:00,train,5,12235,self,0.05,0,99,
2025-11-27T09:59:18.800650+00:00,train,5,12236,self,0.05,0,100,
2025-11-27T09:59:18.800759+00:00,train,5,12237,self,0.05,0,90,
2025-11-27T09:59:18.800862+00:00,train,5,12238,self,0.05,0,97,
2025-11-27T09:59:18.800970+00:00,train,5,12239,self,0.05,0,97,
2025-11-27T09:59:18.801074+00:00,train,5,12240,self,0.05,0,100,
2025-11-27T09:59:18.801183+00:00,train,5,12241,self,0.05,0,97,
2025-11-27T09:59:18.801286+00:00,train,5,12242,self,0.05,0,99,
2025-11-27T09:59:18.801437+00:00,train,5,12243,self,0.05,0,98,
2025-11-27T09:59:18.801541+00:00,train,5,12244,self,0.05,0,100,
2025-11-27T09:59:18.801649+00:00,train,5,12245,self,0.05,0,95,
2025-11-27T09:59:18.801754+00:00,train,5,12246,self,0.05,0,98,
2025-11-27T09:59:18.801857+00:00,train,5,12247,self,0.05,0,89,
2025-11-27T09:59:18.802006+00:00,train,5,12248,self,0.05,0,99,
2025-11-27T09:59:18.802127+00:00,train,5,12249,self,0.05,0,94,
2025-11-27T09:59:18.802263+00:00,train,5,12250,self,0.05,0,98,
2025-11-27T09:59:18.802372+00:00,train,5,12251,self,0.05,0,94,
2025-11-27T09:59:18.802504+00:00,train,5,12252,self,0.05,0,96,
2025-11-27T09:59:18.802608+00:00,train,5,12253,self,0.05,0,97,
2025-11-27T09:59:18.802734+00:00,train,5,12254,self,0.05,0,97,
2025-11-27T09:59:18.802837+00:00,train,5,12255,self,0.05,0,93,
2025-11-27T09:59:18.803008+00:00,train,5,12256,self,0.05,0,93,
2025-11-27T09:59:18.803110+00:00,train,5,12257,self,0.05,0,100,
2025-11-27T09:59:18.803244+00:00,train,5,12258,self,0.05,0,100,
2025-11-27T09:59:18.803345+00:00,train,5,12259,self,0.05,0,94,
2025-11-27T09:59:18.803501+00:00,train,5,12260,self,0.05,0,100,
2025-11-27T09:59:18.803624+00:00,train,5,12261,self,0.05,0,94,
2025-11-27T09:59:18.803739+00:00,train,5,12262,self,0.05,0,99,
2025-11-27T09:59:18.803851+00:00,train,5,12263,self,0.05,0,97,
2025-11-27T09:59:18.803960+00:00,train,5,12264,self,0.05,0,98,
2025-11-27T09:59:18.804065+00:00,train,5,12265,self,0.05,0,91,
2025-11-27T09:59:18.804176+00:00,train,5,12266,self,0.05,0,99,
2025-11-27T09:59:18.804280+00:00,train,5,12267,self,0.05,0,93,
2025-11-27T09:59:18.804389+00:00,train,5,12268,self,0.05,0,98,
2025-11-27T09:59:18.804491+00:00,train,5,12269,self,0.05,0,89,
2025-11-27T09:59:18.804599+00:00,train,5,12270,self,0.05,0,96,
2025-11-27T09:59:18.804701+00:00,train,5,12271,self,0.05,0,97,
2025-11-27T09:59:18.804810+00:00,train,5,12272,self,0.05,0,99,
2025-11-27T09:59:18.804914+00:00,train,5,12273,self,0.05,0,98,
2025-11-27T09:59:18.805023+00:00,train,5,12274,self,0.05,0,100,
2025-11-27T09:59:18.805125+00:00,train,5,12275,self,0.05,0,92,
2025-11-27T09:59:18.805233+00:00,train,5,12276,self,0.05,0,99,
2025-11-27T09:59:18.805338+00:00,train,5,12277,self,0.05,0,88,
2025-11-27T09:59:18.805441+00:00,train,5,12278,self,0.05,0,95,
2025-11-27T09:59:18.805549+00:00,train,5,12279,self,0.05,0,92,
2025-11-27T09:59:18.805650+00:00,train,5,12280,self,0.05,0,99,
2025-11-27T09:59:18.805758+00:00,train,5,12281,self,0.05,0,92,
2025-11-27T09:59:18.805860+00:00,train,5,12282,self,0.05,0,100,
2025-11-27T09:59:18.805967+00:00,train,5,12283,self,0.05,0,91,
2025-11-27T09:59:18.806070+00:00,train,5,12284,self,0.05,0,96,
2025-11-27T09:59:18.806178+00:00,train,5,12285,self,0.05,0,91,
2025-11-27T09:59:18.806284+00:00,train,5,12286,self,0.05,0,100,
2025-11-27T09:59:18.806393+00:00,train,5,12287,self,0.05,0,84,
2025-11-27T09:59:18.806498+00:00,train,5,12288,self,0.05,0,97,
2025-11-27T09:59:18.806599+00:00,train,5,12289,self,0.05,0,96,
2025-11-27T09:59:18.806708+00:00,train,5,12290,self,0.05,0,99,
2025-11-27T09:59:18.806810+00:00,train,5,12291,self,0.05,0,91,
2025-11-27T09:59:18.806918+00:00,train,5,12292,self,0.05,0,92,
2025-11-27T09:59:18.807020+00:00,train,5,12293,self,0.05,0,98,
2025-11-27T09:59:18.807128+00:00,train,5,12294,self,0.05,0,99,
2025-11-27T09:59:18.807231+00:00,train,5,12295,self,0.05,0,84,
2025-11-27T09:59:18.807339+00:00,train,5,12296,self,0.05,0,99,
2025-11-27T09:59:18.807441+00:00,train,5,12297,self,0.05,0,93,
2025-11-27T09:59:18.807549+00:00,train,5,12298,self,0.05,0,99,
2025-11-27T09:59:18.807654+00:00,train,5,12299,self,0.05,0,93,
2025-11-27T09:59:18.807756+00:00,train,5,12300,self,0.05,0,94,
2025-11-27T09:59:18.810387+00:00,train,5,12301,self,0.05,0,86,
2025-11-27T09:59:18.810518+00:00,train,5,12302,self,0.05,0,99,
2025-11-27T09:59:18.810697+00:00,train,5,12303,self,0.05,0,98,
2025-11-27T09:59:18.810822+00:00,train,5,12304,self,0.05,0,99,
2025-11-27T09:59:18.810988+00:00,train,5,12305,self,0.05,0,96,
2025-11-27T09:59:18.811109+00:00,train,5,12306,self,0.05,0,99,
2025-11-27T09:59:18.811240+00:00,train,5,12307,self,0.05,0,95,
2025-11-27T09:59:18.811352+00:00,train,5,12308,self,0.05,0,99,
2025-11-27T09:59:18.811523+00:00,train,5,12309,self,0.05,0,90,
2025-11-27T09:59:18.811652+00:00,train,5,12310,self,0.05,0,93,
2025-11-27T09:59:18.811773+00:00,train,5,12311,self,0.05,0,85,
2025-11-27T09:59:18.811933+00:00,train,5,12312,self,0.05,0,100,
2025-11-27T09:59:18.812058+00:00,train,5,12313,self,0.05,0,97,
2025-11-27T09:59:18.812191+00:00,train,5,12314,self,0.05,0,97,
2025-11-27T09:59:18.812304+00:00,train,5,12315,self,0.05,0,95,
2025-11-27T09:59:18.812476+00:00,train,5,12316,self,0.05,0,100,
2025-11-27T09:59:18.812606+00:00,train,5,12317,self,0.05,0,84,
2025-11-27T09:59:18.812757+00:00,train,5,12318,self,0.05,0,99,
2025-11-27T09:59:18.812882+00:00,train,5,12319,self,0.05,0,96,
2025-11-27T09:59:18.812996+00:00,train,5,12320,self,0.05,0,98,
2025-11-27T09:59:18.813168+00:00,train,5,12321,self,0.05,0,98,
2025-11-27T09:59:18.813299+00:00,train,5,12322,self,0.05,0,99,
2025-11-27T09:59:18.813458+00:00,train,5,12323,self,0.05,0,95,
2025-11-27T09:59:18.813581+00:00,train,5,12324,self,0.05,0,97,
2025-11-27T09:59:18.813750+00:00,train,5,12325,self,0.05,0,96,
2025-11-27T09:59:18.813881+00:00,train,5,12326,self,0.05,0,97,
2025-11-27T09:59:18.814003+00:00,train,5,12327,self,0.05,0,84,
2025-11-27T09:59:18.814120+00:00,train,5,12328,self,0.05,0,100,
2025-11-27T09:59:18.814235+00:00,train,5,12329,self,0.05,0,81,
2025-11-27T09:59:18.814352+00:00,train,5,12330,self,0.05,0,95,
2025-11-27T09:59:18.814465+00:00,train,5,12331,self,0.05,0,95,
2025-11-27T09:59:18.814576+00:00,train,5,12332,self,0.05,0,100,
2025-11-27T09:59:18.814734+00:00,train,5,12333,self,0.05,0,93,
2025-11-27T09:59:18.814858+00:00,train,5,12334,self,0.05,0,98,
2025-11-27T09:59:18.814988+00:00,train,5,12335,self,0.05,0,92,
2025-11-27T09:59:18.815101+00:00,train,5,12336,self,0.05,0,99,
2025-11-27T09:59:18.815325+00:00,train,5,12337,self,0.05,0,91,
2025-11-27T09:59:18.815474+00:00,train,5,12338,self,0.05,0,99,
2025-11-27T09:59:18.815600+00:00,train,5,12339,self,0.05,0,94,
2025-11-27T09:59:18.815718+00:00,train,5,12340,self,0.05,0,99,
2025-11-27T09:59:18.815865+00:00,train,5,12341,self,0.05,0,93,
2025-11-27T09:59:18.815979+00:00,train,5,12342,self,0.05,0,100,
2025-11-27T09:59:18.816118+00:00,train,5,12343,self,0.05,0,94,
2025-11-27T09:59:18.816228+00:00,train,5,12344,self,0.05,0,96,
2025-11-27T09:59:18.816404+00:00,train,5,12345,self,0.05,0,94,
2025-11-27T09:59:18.816538+00:00,train,5,12346,self,0.05,0,100,
2025-11-27T09:59:18.816663+00:00,train,5,12347,self,0.05,0,96,
2025-11-27T09:59:18.816783+00:00,train,5,12348,self,0.05,0,100,
2025-11-27T09:59:18.816918+00:00,train,5,12349,self,0.05,0,97,
2025-11-27T09:59:18.817043+00:00,train,5,12350,self,0.05,0,98,
2025-11-27T09:59:18.817161+00:00,train,5,12351,self,0.05,0,95,
2025-11-27T09:59:18.817280+00:00,train,5,12352,self,0.05,0,100,
2025-11-27T09:59:18.817398+00:00,train,5,12353,self,0.05,0,83,
2025-11-27T09:59:18.817516+00:00,train,5,12354,self,0.05,0,88,
2025-11-27T09:59:18.817633+00:00,train,5,12355,self,0.05,0,98,
2025-11-27T09:59:18.817750+00:00,train,5,12356,self,0.05,0,99,
2025-11-27T09:59:18.817880+00:00,train,5,12357,self,0.05,0,96,
2025-11-27T09:59:18.817994+00:00,train,5,12358,self,0.05,0,99,
2025-11-27T09:59:18.818108+00:00,train,5,12359,self,0.05,0,92,
2025-11-27T09:59:18.818222+00:00,train,5,12360,self,0.05,0,98,
2025-11-27T09:59:18.818336+00:00,train,5,12361,self,0.05,0,93,
2025-11-27T09:59:18.818449+00:00,train,5,12362,self,0.05,0,98,
2025-11-27T09:59:18.818562+00:00,train,5,12363,self,0.05,0,99,
2025-11-27T09:59:18.818676+00:00,train,5,12364,self,0.05,0,100,
2025-11-27T09:59:18.818790+00:00,train,5,12365,self,0.05,0,96,
2025-11-27T09:59:18.818911+00:00,train,5,12366,self,0.05,0,100,
2025-11-27T09:59:18.819025+00:00,train,5,12367,self,0.05,0,100,
2025-11-27T09:59:18.819136+00:00,train,5,12368,self,0.05,0,100,
2025-11-27T09:59:18.819247+00:00,train,5,12369,self,0.05,0,88,
2025-11-27T09:59:18.819357+00:00,train,5,12370,self,0.05,0,100,
2025-11-27T09:59:18.819468+00:00,train,5,12371,self,0.05,0,89,
2025-11-27T09:59:18.819579+00:00,train,5,12372,self,0.05,0,97,
2025-11-27T09:59:18.819687+00:00,train,5,12373,self,0.05,0,93,
2025-11-27T09:59:18.819801+00:00,train,5,12374,self,0.05,0,98,
2025-11-27T09:59:18.819921+00:00,train,5,12375,self,0.05,0,93,
2025-11-27T09:59:18.820031+00:00,train,5,12376,self,0.05,0,99,
2025-11-27T09:59:18.820138+00:00,train,5,12377,self,0.05,0,98,
2025-11-27T09:59:18.820249+00:00,train,5,12378,self,0.05,0,98,
2025-11-27T09:59:18.820354+00:00,train,5,12379,self,0.05,0,87,
2025-11-27T09:59:18.820464+00:00,train,5,12380,self,0.05,0,94,
2025-11-27T09:59:18.820569+00:00,train,5,12381,self,0.05,0,99,
2025-11-27T09:59:18.820679+00:00,train,5,12382,self,0.05,0,100,
2025-11-27T09:59:18.820787+00:00,train,5,12383,self,0.05,0,95,
2025-11-27T09:59:18.820903+00:00,train,5,12384,self,0.05,0,100,
2025-11-27T09:59:18.821026+00:00,train,5,12385,self,0.05,0,94,
2025-11-27T09:59:18.821130+00:00,train,5,12386,self,0.05,0,96,
2025-11-27T09:59:18.821268+00:00,train,5,12387,self,0.05,0,99,
2025-11-27T09:59:18.821380+00:00,train,5,12388,self,0.05,0,99,
2025-11-27T09:59:18.821569+00:00,train,5,12389,self,0.05,0,94,
2025-11-27T09:59:18.821674+00:00,train,5,12390,self,0.05,0,100,
2025-11-27T09:59:18.821778+00:00,train,5,12391,self,0.05,0,77,
2025-11-27T09:59:18.821880+00:00,train,5,12392,self,0.05,0,100,
2025-11-27T09:59:18.822134+00:00,train,5,12393,self,0.05,0,94,
2025-11-27T09:59:18.822260+00:00,train,5,12394,self,0.05,0,98,
2025-11-27T09:59:18.822376+00:00,train,5,12395,self,0.05,0,86,
2025-11-27T09:59:18.822487+00:00,train,5,12396,self,0.05,0,99,
2025-11-27T09:59:18.822594+00:00,train,5,12397,self,0.05,0,95,
2025-11-27T09:59:18.822704+00:00,train,5,12398,self,0.05,0,99,
2025-11-27T09:59:18.822808+00:00,train,5,12399,self,0.05,0,93,
2025-11-27T09:59:18.822917+00:00,train,5,12400,self,0.05,0,96,
2025-11-27T09:59:18.823020+00:00,train,5,12401,self,0.05,0,94,
2025-11-27T09:59:18.823128+00:00,train,5,12402,self,0.05,0,100,
2025-11-27T09:59:18.823230+00:00,train,5,12403,self,0.05,0,87,
2025-11-27T09:59:18.823339+00:00,train,5,12404,self,0.05,0,99,
2025-11-27T09:59:18.823464+00:00,train,5,12405,self,0.05,0,98,
2025-11-27T09:59:18.823567+00:00,train,5,12406,self,0.05,0,99,
2025-11-27T09:59:18.823676+00:00,train,5,12407,self,0.05,0,89,
2025-11-27T09:59:18.823781+00:00,train,5,12408,self,0.05,0,99,
2025-11-27T09:59:18.823883+00:00,train,5,12409,self,0.05,0,99,
2025-11-27T09:59:18.823991+00:00,train,5,12410,self,0.05,0,100,
2025-11-27T09:59:18.824093+00:00,train,5,12411,self,0.05,0,94,
2025-11-27T09:59:18.824200+00:00,train,5,12412,self,0.05,0,100,
2025-11-27T09:59:18.824302+00:00,train,5,12413,self,0.05,0,89,
2025-11-27T09:59:18.824412+00:00,train,5,12414,self,0.05,0,98,
2025-11-27T09:59:18.824515+00:00,train,5,12415,self,0.05,0,93,
2025-11-27T09:59:18.824623+00:00,train,5,12416,self,0.05,0,99,
2025-11-27T09:59:18.824725+00:00,train,5,12417,self,0.05,0,93,
2025-11-27T09:59:18.824833+00:00,train,5,12418,self,0.05,0,100,
2025-11-27T09:59:18.824938+00:00,train,5,12419,self,0.05,0,89,
2025-11-27T09:59:18.825039+00:00,train,5,12420,self,0.05,0,95,
2025-11-27T09:59:18.825147+00:00,train,5,12421,self,0.05,0,96,
2025-11-27T09:59:18.825249+00:00,train,5,12422,self,0.05,0,97,
2025-11-27T09:59:18.825357+00:00,train,5,12423,self,0.05,0,92,
2025-11-27T09:59:18.825458+00:00,train,5,12424,self,0.05,0,96,
2025-11-27T09:59:18.825566+00:00,train,5,12425,self,0.05,0,93,
2025-11-27T09:59:18.825668+00:00,train,5,12426,self,0.05,0,99,
2025-11-27T09:59:18.825775+00:00,train,5,12427,self,0.05,0,96,
2025-11-27T09:59:18.825880+00:00,train,5,12428,self,0.05,0,98,
2025-11-27T09:59:18.825982+00:00,train,5,12429,self,0.05,0,99,
2025-11-27T09:59:18.826090+00:00,train,5,12430,self,0.05,0,99,
2025-11-27T09:59:18.826191+00:00,train,5,12431,self,0.05,0,91,
2025-11-27T09:59:18.826298+00:00,train,5,12432,self,0.05,0,99,
2025-11-27T09:59:18.826400+00:00,train,5,12433,self,0.05,0,97,
2025-11-27T09:59:18.826507+00:00,train,5,12434,self,0.05,0,98,
2025-11-27T09:59:18.826610+00:00,train,5,12435,self,0.05,0,93,
2025-11-27T09:59:18.826718+00:00,train,5,12436,self,0.05,0,100,
2025-11-27T09:59:18.826820+00:00,train,5,12437,self,0.05,0,79,
2025-11-27T09:59:18.826926+00:00,train,5,12438,self,0.05,0,97,
2025-11-27T09:59:18.827032+00:00,train,5,12439,self,0.05,0,97,
2025-11-27T09:59:18.827133+00:00,train,5,12440,self,0.05,0,98,
2025-11-27T09:59:18.827240+00:00,train,5,12441,self,0.05,0,88,
2025-11-27T09:59:18.827341+00:00,train,5,12442,self,0.05,0,88,
2025-11-27T09:59:18.827449+00:00,train,5,12443,self,0.05,0,74,
2025-11-27T09:59:18.827551+00:00,train,5,12444,self,0.05,0,93,
2025-11-27T09:59:18.827658+00:00,train,5,12445,self,0.05,0,98,
2025-11-27T09:59:18.827760+00:00,train,5,12446,self,0.05,0,98,
2025-11-27T09:59:18.827867+00:00,train,5,12447,self,0.05,0,95,
2025-11-27T09:59:18.827972+00:00,train,5,12448,self,0.05,0,99,
2025-11-27T09:59:18.828073+00:00,train,5,12449,self,0.05,0,98,
2025-11-27T09:59:18.828180+00:00,train,5,12450,self,0.05,0,100,
2025-11-27T09:59:18.828282+00:00,train,5,12451,self,0.05,0,87,
2025-11-27T09:59:18.828392+00:00,train,5,12452,self,0.05,0,97,
2025-11-27T09:59:18.828493+00:00,train,5,12453,self,0.05,0,98,
2025-11-27T09:59:18.828601+00:00,train,5,12454,self,0.05,0,100,
2025-11-27T09:59:18.828703+00:00,train,5,12455,self,0.05,0,99,
2025-11-27T09:59:18.828811+00:00,train,5,12456,self,0.05,0,99,
2025-11-27T09:59:18.828913+00:00,train,5,12457,self,0.05,0,98,
2025-11-27T09:59:18.829021+00:00,train,5,12458,self,0.05,0,99,
2025-11-27T09:59:18.829125+00:00,train,5,12459,self,0.05,0,93,
2025-11-27T09:59:18.829227+00:00,train,5,12460,self,0.05,0,100,
2025-11-27T09:59:18.829334+00:00,train,5,12461,self,0.05,0,93,
2025-11-27T09:59:18.829436+00:00,train,5,12462,self,0.05,0,96,
2025-11-27T09:59:18.829544+00:00,train,5,12463,self,0.05,0,96,
2025-11-27T09:59:18.829645+00:00,train,5,12464,self,0.05,0,99,
2025-11-27T09:59:18.829752+00:00,train,5,12465,self,0.05,0,96,
2025-11-27T09:59:18.829854+00:00,train,5,12466,self,0.05,0,100,
2025-11-27T09:59:18.829961+00:00,train,5,12467,self,0.05,0,98,
2025-11-27T09:59:18.830063+00:00,train,5,12468,self,0.05,0,99,
2025-11-27T09:59:18.830170+00:00,train,5,12469,self,0.05,0,91,
2025-11-27T09:59:18.830275+00:00,train,5,12470,self,0.05,0,99,
2025-11-27T09:59:18.830377+00:00,train,5,12471,self,0.05,0,90,
2025-11-27T09:59:18.830487+00:00,train,5,12472,self,0.05,0,99,
2025-11-27T09:59:18.830590+00:00,train,5,12473,self,0.05,0,89,
2025-11-27T09:59:18.830699+00:00,train,5,12474,self,0.05,0,98,
2025-11-27T09:59:18.830800+00:00,train,5,12475,self,0.05,0,87,
2025-11-27T09:59:18.830907+00:00,train,5,12476,self,0.05,0,98,
2025-11-27T09:59:18.831011+00:00,train,5,12477,self,0.05,0,84,
2025-11-27T09:59:18.831118+00:00,train,5,12478,self,0.05,0,97,
2025-11-27T09:59:18.831220+00:00,train,5,12479,self,0.05,0,88,
2025-11-27T09:59:18.831327+00:00,train,5,12480,self,0.05,0,95,
2025-11-27T09:59:18.831431+00:00,train,5,12481,self,0.05,0,96,
2025-11-27T09:59:18.831533+00:00,train,5,12482,self,0.05,0,96,
2025-11-27T09:59:18.831640+00:00,train,5,12483,self,0.05,0,98,
2025-11-27T09:59:18.831742+00:00,train,5,12484,self,0.05,0,99,
2025-11-27T09:59:18.831849+00:00,train,5,12485,self,0.05,0,94,
2025-11-27T09:59:18.831951+00:00,train,5,12486,self,0.05,0,97,
2025-11-27T09:59:18.832061+00:00,train,5,12487,self,0.05,0,100,
2025-11-27T09:59:18.832213+00:00,train,5,12488,self,0.05,0,100,
2025-11-27T09:59:18.832316+00:00,train,5,12489,self,0.05,0,96,
2025-11-27T09:59:18.832424+00:00,train,5,12490,self,0.05,0,100,
2025-11-27T09:59:18.832526+00:00,train,5,12491,self,0.05,0,89,
2025-11-27T09:59:18.832634+00:00,train,5,12492,self,0.05,0,100,
2025-11-27T09:59:18.832736+00:00,train,5,12493,self,0.05,0,99,
2025-11-27T09:59:18.832844+00:00,train,5,12494,self,0.05,0,99,
2025-11-27T09:59:18.832945+00:00,train,5,12495,self,0.05,0,99,
2025-11-27T09:59:18.833052+00:00,train,5,12496,self,0.05,0,100,
2025-11-27T09:59:18.833154+00:00,train,5,12497,self,0.05,0,100,
2025-11-27T09:59:18.833263+00:00,train,5,12498,self,0.05,0,100,
2025-11-27T09:59:18.833368+00:00,train,5,12499,self,0.05,0,95,
2025-11-27T09:59:18.833504+00:00,train,5,12500,self,0.05,0,99,
2025-11-27T09:59:18.833632+00:00,train,5,12501,self,0.05,0,78,
2025-11-27T09:59:18.833740+00:00,train,5,12502,self,0.05,0,98,
2025-11-27T09:59:18.833928+00:00,train,5,12503,self,0.05,0,94,
2025-11-27T09:59:18.834032+00:00,train,5,12504,self,0.05,0,95,
2025-11-27T09:59:18.834135+00:00,train,5,12505,self,0.05,0,83,
2025-11-27T09:59:18.834273+00:00,train,5,12506,self,0.05,0,97,
2025-11-27T09:59:18.834375+00:00,train,5,12507,self,0.05,0,90,
2025-11-27T09:59:18.834512+00:00,train,5,12508,self,0.05,0,97,
2025-11-27T09:59:18.834614+00:00,train,5,12509,self,0.05,0,91,
2025-11-27T09:59:18.834751+00:00,train,5,12510,self,0.05,0,96,
2025-11-27T09:59:18.834853+00:00,train,5,12511,self,0.05,0,90,
2025-11-27T09:59:18.834977+00:00,train,5,12512,self,0.05,0,91,
2025-11-27T09:59:18.835078+00:00,train,5,12513,self,0.05,0,87,
2025-11-27T09:59:18.835200+00:00,train,5,12514,self,0.05,0,94,
2025-11-27T09:59:18.835301+00:00,train,5,12515,self,0.05,0,83,
2025-11-27T09:59:18.835403+00:00,train,5,12516,self,0.05,0,88,
2025-11-27T09:59:18.835504+00:00,train,5,12517,self,0.05,0,93,
2025-11-27T09:59:18.835605+00:00,train,5,12518,self,0.05,0,98,
2025-11-27T09:59:18.835705+00:00,train,5,12519,self,0.05,0,95,
2025-11-27T09:59:18.835806+00:00,train,5,12520,self,0.05,0,99,
2025-11-27T09:59:18.835909+00:00,train,5,12521,self,0.05,0,85,
2025-11-27T09:59:18.836010+00:00,train,5,12522,self,0.05,0,96,
2025-11-27T09:59:18.836111+00:00,train,5,12523,self,0.05,0,85,
2025-11-27T09:59:18.836211+00:00,train,5,12524,self,0.05,0,98,
2025-11-27T09:59:18.836311+00:00,train,5,12525,self,0.05,0,90,
2025-11-27T09:59:18.836412+00:00,train,5,12526,self,0.05,0,97,
2025-11-27T09:59:18.836512+00:00,train,5,12527,self,0.05,0,94,
2025-11-27T09:59:18.836612+00:00,train,5,12528,self,0.05,0,99,
2025-11-27T09:59:18.836713+00:00,train,5,12529,self,0.05,0,98,
2025-11-27T09:59:18.836812+00:00,train,5,12530,self,0.05,0,100,
2025-11-27T09:59:18.836913+00:00,train,5,12531,self,0.05,0,91,
2025-11-27T09:59:18.837014+00:00,train,5,12532,self,0.05,0,96,
2025-11-27T09:59:18.837113+00:00,train,5,12533,self,0.05,0,98,
2025-11-27T09:59:18.837214+00:00,train,5,12534,self,0.05,0,100,
2025-11-27T09:59:18.837315+00:00,train,5,12535,self,0.05,0,78,
2025-11-27T09:59:18.837416+00:00,train,5,12536,self,0.05,0,100,
2025-11-27T09:59:18.837516+00:00,train,5,12537,self,0.05,0,95,
2025-11-27T09:59:18.837617+00:00,train,5,12538,self,0.05,0,98,
2025-11-27T09:59:18.837718+00:00,train,5,12539,self,0.05,0,93,
2025-11-27T09:59:18.837818+00:00,train,5,12540,self,0.05,0,93,
2025-11-27T09:59:18.837920+00:00,train,5,12541,self,0.05,0,95,
2025-11-27T09:59:18.838021+00:00,train,5,12542,self,0.05,0,98,
2025-11-27T09:59:18.838122+00:00,train,5,12543,self,0.05,0,95,
2025-11-27T09:59:18.838222+00:00,train,5,12544,self,0.05,0,99,
2025-11-27T09:59:18.838322+00:00,train,5,12545,self,0.05,0,86,
2025-11-27T09:59:18.838423+00:00,train,5,12546,self,0.05,0,99,
2025-11-27T09:59:18.838523+00:00,train,5,12547,self,0.05,0,97,
2025-11-27T09:59:18.838623+00:00,train,5,12548,self,0.05,0,100,
2025-11-27T09:59:18.838724+00:00,train,5,12549,self,0.05,0,86,
2025-11-27T09:59:18.838824+00:00,train,5,12550,self,0.05,0,98,
2025-11-27T09:59:18.838926+00:00,train,5,12551,self,0.05,0,97,
2025-11-27T09:59:18.839026+00:00,train,5,12552,self,0.05,0,99,
2025-11-27T09:59:18.839127+00:00,train,5,12553,self,0.05,0,96,
2025-11-27T09:59:18.839228+00:00,train,5,12554,self,0.05,0,100,
2025-11-27T09:59:18.839328+00:00,train,5,12555,self,0.05,0,98,
2025-11-27T09:59:18.839428+00:00,train,5,12556,self,0.05,0,100,
2025-11-27T09:59:18.839529+00:00,train,5,12557,self,0.05,0,88,
2025-11-27T09:59:18.839629+00:00,train,5,12558,self,0.05,0,100,
2025-11-27T09:59:18.839729+00:00,train,5,12559,self,0.05,0,90,
2025-11-27T09:59:18.839830+00:00,train,5,12560,self,0.05,0,99,
2025-11-27T09:59:18.839930+00:00,train,5,12561,self,0.05,0,91,
2025-11-27T09:59:18.840030+00:00,train,5,12562,self,0.05,0,93,
2025-11-27T09:59:18.840130+00:00,train,5,12563,self,0.05,0,96,
2025-11-27T09:59:18.840231+00:00,train,5,12564,self,0.05,0,99,
2025-11-27T09:59:18.840331+00:00,train,5,12565,self,0.05,0,96,
2025-11-27T09:59:18.840435+00:00,train,5,12566,self,0.05,0,98,
2025-11-27T09:59:18.840536+00:00,train,5,12567,self,0.05,0,95,
2025-11-27T09:59:18.840637+00:00,train,5,12568,self,0.05,0,96,
2025-11-27T09:59:18.840737+00:00,train,5,12569,self,0.05,0,89,
2025-11-27T09:59:18.840838+00:00,train,5,12570,self,0.05,0,96,
2025-11-27T09:59:18.840937+00:00,train,5,12571,self,0.05,0,97,
2025-11-27T09:59:18.841037+00:00,train,5,12572,self,0.05,0,98,
2025-11-27T09:59:18.841137+00:00,train,5,12573,self,0.05,0,99,
2025-11-27T09:59:18.841237+00:00,train,5,12574,self,0.05,0,100,
2025-11-27T09:59:18.841337+00:00,train,5,12575,self,0.05,0,100,
2025-11-27T09:59:18.841437+00:00,train,5,12576,self,0.05,0,100,
2025-11-27T09:59:18.841537+00:00,train,5,12577,self,0.05,0,91,
2025-11-27T09:59:18.841638+00:00,train,5,12578,self,0.05,0,99,
2025-11-27T09:59:18.841738+00:00,train,5,12579,self,0.05,0,89,
2025-11-27T09:59:18.841838+00:00,train,5,12580,self,0.05,0,99,
2025-11-27T09:59:18.841955+00:00,train,5,12581,self,0.05,0,100,
2025-11-27T09:59:18.842056+00:00,train,5,12582,self,0.05,0,100,
2025-11-27T09:59:18.842172+00:00,train,5,12583,self,0.05,0,96,
2025-11-27T09:59:18.842272+00:00,train,5,12584,self,0.05,0,97,
2025-11-27T09:59:18.842388+00:00,train,5,12585,self,0.05,0,98,
2025-11-27T09:59:18.842489+00:00,train,5,12586,self,0.05,0,98,
2025-11-27T09:59:18.842820+00:00,train,5,12587,self,0.05,0,88,
2025-11-27T09:59:18.842938+00:00,train,5,12588,self,0.05,0,98,
2025-11-27T09:59:18.843172+00:00,train,5,12589,self,0.05,0,91,
2025-11-27T09:59:18.843304+00:00,train,5,12590,self,0.05,0,99,
2025-11-27T09:59:18.843417+00:00,train,5,12591,self,0.05,0,96,
2025-11-27T09:59:18.843528+00:00,train,5,12592,self,0.05,0,97,
2025-11-27T09:59:18.843634+00:00,train,5,12593,self,0.05,0,89,
2025-11-27T09:59:18.843738+00:00,train,5,12594,self,0.05,0,99,
2025-11-27T09:59:18.843946+00:00,train,5,12595,self,0.05,0,94,
2025-11-27T09:59:18.844048+00:00,train,5,12596,self,0.05,0,97,
2025-11-27T09:59:18.844149+00:00,train,5,12597,self,0.05,0,91,
2025-11-27T09:59:18.844294+00:00,train,5,12598,self,0.05,0,98,
2025-11-27T09:59:18.844396+00:00,train,5,12599,self,0.05,0,92,
2025-11-27T09:59:18.844496+00:00,train,5,12600,self,0.05,0,99,
2025-11-27T09:59:18.844596+00:00,train,5,12601,self,0.05,0,96,
2025-11-27T09:59:18.844697+00:00,train,5,12602,self,0.05,0,100,
2025-11-27T09:59:18.844866+00:00,train,5,12603,self,0.05,0,90,
2025-11-27T09:59:18.844966+00:00,train,5,12604,self,0.05,0,100,
2025-11-27T09:59:18.845069+00:00,train,5,12605,self,0.05,0,94,
2025-11-27T09:59:18.845169+00:00,train,5,12606,self,0.05,0,96,
2025-11-27T09:59:18.845270+00:00,train,5,12607,self,0.05,0,84,
2025-11-27T09:59:18.845370+00:00,train,5,12608,self,0.05,0,92,
2025-11-27T09:59:18.845469+00:00,train,5,12609,self,0.05,0,78,
2025-11-27T09:59:18.845570+00:00,train,5,12610,self,0.05,0,98,
2025-11-27T09:59:18.845669+00:00,train,5,12611,self,0.05,0,95,
2025-11-27T09:59:18.845769+00:00,train,5,12612,self,0.05,0,100,
2025-11-27T09:59:18.845869+00:00,train,5,12613,self,0.05,0,91,
2025-11-27T09:59:18.845970+00:00,train,5,12614,self,0.05,0,100,
2025-11-27T09:59:18.846108+00:00,train,5,12615,self,0.05,0,89,
2025-11-27T09:59:18.846240+00:00,train,5,12616,self,0.05,0,95,
2025-11-27T09:59:18.846340+00:00,train,5,12617,self,0.05,0,97,
2025-11-27T09:59:18.846440+00:00,train,5,12618,self,0.05,0,100,
2025-11-27T09:59:18.846540+00:00,train,5,12619,self,0.05,0,98,
2025-11-27T09:59:18.846639+00:00,train,5,12620,self,0.05,0,100,
2025-11-27T09:59:18.846739+00:00,train,5,12621,self,0.05,0,97,
2025-11-27T09:59:18.846892+00:00,train,5,12622,self,0.05,0,99,
2025-11-27T09:59:18.846992+00:00,train,5,12623,self,0.05,0,93,
2025-11-27T09:59:18.847092+00:00,train,5,12624,self,0.05,0,96,
2025-11-27T09:59:18.847192+00:00,train,5,12625,self,0.05,0,98,
2025-11-27T09:59:18.847333+00:00,train,5,12626,self,0.05,0,99,
2025-11-27T09:59:18.847433+00:00,train,5,12627,self,0.05,0,83,
2025-11-27T09:59:18.847566+00:00,train,5,12628,self,0.05,0,93,
2025-11-27T09:59:18.847739+00:00,train,5,12629,self,0.05,0,93,
2025-11-27T09:59:18.847911+00:00,train,5,12630,self,0.05,0,94,
2025-11-27T09:59:18.848084+00:00,train,5,12631,self,0.05,0,90,
2025-11-27T09:59:18.848255+00:00,train,5,12632,self,0.05,0,95,
2025-11-27T09:59:18.848427+00:00,train,5,12633,self,0.05,0,90,
2025-11-27T09:59:18.848600+00:00,train,5,12634,self,0.05,0,100,
2025-11-27T09:59:18.848757+00:00,train,5,12635,self,0.05,0,92,
2025-11-27T09:59:18.849015+00:00,train,5,12636,self,0.05,0,100,
2025-11-27T09:59:18.849218+00:00,train,5,12637,self,0.05,0,89,
2025-11-27T09:59:18.849409+00:00,train,5,12638,self,0.05,0,100,
2025-11-27T09:59:18.849592+00:00,train,5,12639,self,0.05,0,94,
2025-11-27T09:59:18.849770+00:00,train,5,12640,self,0.05,0,99,
2025-11-27T09:59:18.849972+00:00,train,5,12641,self,0.05,0,97,
2025-11-27T09:59:18.850148+00:00,train,5,12642,self,0.05,0,99,
2025-11-27T09:59:18.850320+00:00,train,5,12643,self,0.05,0,97,
2025-11-27T09:59:18.850494+00:00,train,5,12644,self,0.05,0,100,
2025-11-27T09:59:18.850659+00:00,train,5,12645,self,0.05,0,94,
2025-11-27T09:59:18.850802+00:00,train,5,12646,self,0.05,0,99,
2025-11-27T09:59:18.850944+00:00,train,5,12647,self,0.05,0,96,
2025-11-27T09:59:18.851087+00:00,train,5,12648,self,0.05,0,97,
2025-11-27T09:59:18.851230+00:00,train,5,12649,self,0.05,0,93,
2025-11-27T09:59:18.851373+00:00,train,5,12650,self,0.05,0,96,
2025-11-27T09:59:18.851515+00:00,train,5,12651,self,0.05,0,90,
2025-11-27T09:59:18.851658+00:00,train,5,12652,self,0.05,0,100,
2025-11-27T09:59:18.851801+00:00,train,5,12653,self,0.05,0,97,
2025-11-27T09:59:18.851944+00:00,train,5,12654,self,0.05,0,100,
2025-11-27T09:59:18.852087+00:00,train,5,12655,self,0.05,0,92,
2025-11-27T09:59:18.852233+00:00,train,5,12656,self,0.05,0,100,
2025-11-27T09:59:18.852376+00:00,train,5,12657,self,0.05,0,89,
2025-11-27T09:59:18.852518+00:00,train,5,12658,self,0.05,0,90,
2025-11-27T09:59:18.852662+00:00,train,5,12659,self,0.05,0,86,
2025-11-27T09:59:18.852805+00:00,train,5,12660,self,0.05,0,98,
2025-11-27T09:59:18.852948+00:00,train,5,12661,self,0.05,0,98,
2025-11-27T09:59:18.853090+00:00,train,5,12662,self,0.05,0,99,
2025-11-27T09:59:18.853233+00:00,train,5,12663,self,0.05,0,92,
2025-11-27T09:59:18.853375+00:00,train,5,12664,self,0.05,0,99,
2025-11-27T09:59:18.853560+00:00,train,5,12665,self,0.05,0,74,
2025-11-27T09:59:18.853703+00:00,train,5,12666,self,0.05,0,96,
2025-11-27T09:59:18.853846+00:00,train,5,12667,self,0.05,0,87,
2025-11-27T09:59:18.853989+00:00,train,5,12668,self,0.05,0,90,
2025-11-27T09:59:18.854134+00:00,train,5,12669,self,0.05,0,100,
2025-11-27T09:59:18.854276+00:00,train,5,12670,self,0.05,0,100,
2025-11-27T09:59:18.854409+00:00,train,5,12671,self,0.05,0,89,
2025-11-27T09:59:18.854624+00:00,train,5,12672,self,0.05,0,97,
2025-11-27T09:59:18.854773+00:00,train,5,12673,self,0.05,0,99,
2025-11-27T09:59:18.854912+00:00,train,5,12674,self,0.05,0,100,
2025-11-27T09:59:18.855024+00:00,train,5,12675,self,0.05,0,95,
2025-11-27T09:59:18.855163+00:00,train,5,12676,self,0.05,0,100,
2025-11-27T09:59:18.855273+00:00,train,5,12677,self,0.05,0,89,
2025-11-27T09:59:18.855406+00:00,train,5,12678,self,0.05,0,95,
2025-11-27T09:59:18.855512+00:00,train,5,12679,self,0.05,0,94,
2025-11-27T09:59:18.855634+00:00,train,5,12680,self,0.05,0,100,
2025-11-27T09:59:18.855739+00:00,train,5,12681,self,0.05,0,94,
2025-11-27T09:59:18.855860+00:00,train,5,12682,self,0.05,0,95,
2025-11-27T09:59:18.855977+00:00,train,5,12683,self,0.05,0,99,
2025-11-27T09:59:18.856096+00:00,train,5,12684,self,0.05,0,100,
2025-11-27T09:59:18.856200+00:00,train,5,12685,self,0.05,0,99,
2025-11-27T09:59:18.856302+00:00,train,5,12686,self,0.05,0,100,
2025-11-27T09:59:18.856404+00:00,train,5,12687,self,0.05,0,97,
2025-11-27T09:59:18.856506+00:00,train,5,12688,self,0.05,0,100,
2025-11-27T09:59:18.856611+00:00,train,5,12689,self,0.05,0,91,
2025-11-27T09:59:18.856714+00:00,train,5,12690,self,0.05,0,100,
2025-11-27T09:59:18.856817+00:00,train,5,12691,self,0.05,0,99,
2025-11-27T09:59:18.856930+00:00,train,5,12692,self,0.05,0,100,
2025-11-27T09:59:18.857030+00:00,train,5,12693,self,0.05,0,93,
2025-11-27T09:59:18.857129+00:00,train,5,12694,self,0.05,0,96,
2025-11-27T09:59:18.857229+00:00,train,5,12695,self,0.05,0,94,
2025-11-27T09:59:18.857328+00:00,train,5,12696,self,0.05,0,99,
2025-11-27T09:59:18.857427+00:00,train,5,12697,self,0.05,0,87,
2025-11-27T09:59:18.857526+00:00,train,5,12698,self,0.05,0,93,
2025-11-27T09:59:18.857625+00:00,train,5,12699,self,0.05,0,89,
2025-11-27T09:59:18.857724+00:00,train,5,12700,self,0.05,0,93,
2025-11-27T09:59:18.857823+00:00,train,5,12701,self,0.05,0,94,
2025-11-27T09:59:18.857923+00:00,train,5,12702,self,0.05,0,99,
2025-11-27T09:59:18.858021+00:00,train,5,12703,self,0.05,0,98,
2025-11-27T09:59:18.858120+00:00,train,5,12704,self,0.05,0,100,
2025-11-27T09:59:18.858219+00:00,train,5,12705,self,0.05,0,100,
2025-11-27T09:59:18.858318+00:00,train,5,12706,self,0.05,0,100,
2025-11-27T09:59:18.858416+00:00,train,5,12707,self,0.05,0,86,
2025-11-27T09:59:18.858516+00:00,train,5,12708,self,0.05,0,91,
2025-11-27T09:59:18.858615+00:00,train,5,12709,self,0.05,0,91,
2025-11-27T09:59:18.858715+00:00,train,5,12710,self,0.05,0,92,
2025-11-27T09:59:18.858814+00:00,train,5,12711,self,0.05,0,97,
2025-11-27T09:59:18.858913+00:00,train,5,12712,self,0.05,0,98,
2025-11-27T09:59:18.859012+00:00,train,5,12713,self,0.05,0,86,
2025-11-27T09:59:18.859111+00:00,train,5,12714,self,0.05,0,100,
2025-11-27T09:59:18.859210+00:00,train,5,12715,self,0.05,0,92,
2025-11-27T09:59:18.859309+00:00,train,5,12716,self,0.05,0,98,
2025-11-27T09:59:18.859409+00:00,train,5,12717,self,0.05,0,98,
2025-11-27T09:59:18.859509+00:00,train,5,12718,self,0.05,0,99,
2025-11-27T09:59:18.859609+00:00,train,5,12719,self,0.05,0,85,
2025-11-27T09:59:18.859708+00:00,train,5,12720,self,0.05,0,99,
2025-11-27T09:59:18.859807+00:00,train,5,12721,self,0.05,0,90,
2025-11-27T09:59:18.859905+00:00,train,5,12722,self,0.05,0,95,
2025-11-27T09:59:18.860004+00:00,train,5,12723,self,0.05,0,98,
2025-11-27T09:59:18.860103+00:00,train,5,12724,self,0.05,0,98,
2025-11-27T09:59:18.860201+00:00,train,5,12725,self,0.05,0,71,
2025-11-27T09:59:18.860300+00:00,train,5,12726,self,0.05,0,99,
2025-11-27T09:59:18.860399+00:00,train,5,12727,self,0.05,0,98,
2025-11-27T09:59:18.860498+00:00,train,5,12728,self,0.05,0,99,
2025-11-27T09:59:18.860596+00:00,train,5,12729,self,0.05,0,78,
2025-11-27T09:59:18.860695+00:00,train,5,12730,self,0.05,0,96,
2025-11-27T09:59:18.860794+00:00,train,5,12731,self,0.05,0,95,
2025-11-27T09:59:18.860894+00:00,train,5,12732,self,0.05,0,99,
2025-11-27T09:59:18.860995+00:00,train,5,12733,self,0.05,0,93,
2025-11-27T09:59:18.861094+00:00,train,5,12734,self,0.05,0,96,
2025-11-27T09:59:18.861193+00:00,train,5,12735,self,0.05,0,98,
2025-11-27T09:59:18.861292+00:00,train,5,12736,self,0.05,0,100,
2025-11-27T09:59:18.861391+00:00,train,5,12737,self,0.05,0,99,
2025-11-27T09:59:18.861490+00:00,train,5,12738,self,0.05,0,99,
2025-11-27T09:59:18.861589+00:00,train,5,12739,self,0.05,0,82,
2025-11-27T09:59:18.861688+00:00,train,5,12740,self,0.05,0,100,
2025-11-27T09:59:18.861786+00:00,train,5,12741,self,0.05,0,98,
2025-11-27T09:59:18.861885+00:00,train,5,12742,self,0.05,0,98,
2025-11-27T09:59:18.861984+00:00,train,5,12743,self,0.05,0,91,
2025-11-27T09:59:18.862083+00:00,train,5,12744,self,0.05,0,99,
2025-11-27T09:59:18.862181+00:00,train,5,12745,self,0.05,0,95,
2025-11-27T09:59:18.862280+00:00,train,5,12746,self,0.05,0,100,
2025-11-27T09:59:18.862379+00:00,train,5,12747,self,0.05,0,95,
2025-11-27T09:59:18.862477+00:00,train,5,12748,self,0.05,0,95,
2025-11-27T09:59:18.862577+00:00,train,5,12749,self,0.05,0,85,
2025-11-27T09:59:18.862675+00:00,train,5,12750,self,0.05,0,99,
2025-11-27T09:59:18.862773+00:00,train,5,12751,self,0.05,0,93,
2025-11-27T09:59:18.862872+00:00,train,5,12752,self,0.05,0,96,
2025-11-27T09:59:18.862971+00:00,train,5,12753,self,0.05,0,94,
2025-11-27T09:59:18.863070+00:00,train,5,12754,self,0.05,0,96,
2025-11-27T09:59:18.863168+00:00,train,5,12755,self,0.05,0,96,
2025-11-27T09:59:18.863267+00:00,train,5,12756,self,0.05,0,100,
2025-11-27T09:59:18.863365+00:00,train,5,12757,self,0.05,0,94,
2025-11-27T09:59:18.863464+00:00,train,5,12758,self,0.05,0,97,
2025-11-27T09:59:18.863562+00:00,train,5,12759,self,0.05,0,96,
2025-11-27T09:59:18.863661+00:00,train,5,12760,self,0.05,0,97,
2025-11-27T09:59:18.863760+00:00,train,5,12761,self,0.05,0,94,
2025-11-27T09:59:18.863858+00:00,train,5,12762,self,0.05,0,99,
2025-11-27T09:59:18.863957+00:00,train,5,12763,self,0.05,0,96,
2025-11-27T09:59:18.864055+00:00,train,5,12764,self,0.05,0,99,
2025-11-27T09:59:18.864307+00:00,train,5,12765,self,0.05,0,92,
2025-11-27T09:59:18.864425+00:00,train,5,12766,self,0.05,0,92,
2025-11-27T09:59:18.864535+00:00,train,5,12767,self,0.05,0,93,
2025-11-27T09:59:18.864641+00:00,train,5,12768,self,0.05,0,97,
2025-11-27T09:59:18.864745+00:00,train,5,12769,self,0.05,0,92,
2025-11-27T09:59:18.864848+00:00,train,5,12770,self,0.05,0,100,
2025-11-27T09:59:18.864950+00:00,train,5,12771,self,0.05,0,95,
2025-11-27T09:59:18.865051+00:00,train,5,12772,self,0.05,0,100,
2025-11-27T09:59:18.865153+00:00,train,5,12773,self,0.05,0,97,
2025-11-27T09:59:18.865254+00:00,train,5,12774,self,0.05,0,99,
2025-11-27T09:59:18.865355+00:00,train,5,12775,self,0.05,0,89,
2025-11-27T09:59:18.865457+00:00,train,5,12776,self,0.05,0,100,
2025-11-27T09:59:18.865610+00:00,train,5,12777,self,0.05,0,77,
2025-11-27T09:59:18.865727+00:00,train,5,12778,self,0.05,0,93,
2025-11-27T09:59:18.865835+00:00,train,5,12779,self,0.05,0,99,
2025-11-27T09:59:18.865939+00:00,train,5,12780,self,0.05,0,100,
2025-11-27T09:59:18.866041+00:00,train,5,12781,self,0.05,0,86,
2025-11-27T09:59:18.866142+00:00,train,5,12782,self,0.05,0,96,
2025-11-27T09:59:18.866242+00:00,train,5,12783,self,0.05,0,97,
2025-11-27T09:59:18.866342+00:00,train,5,12784,self,0.05,0,100,
2025-11-27T09:59:18.866441+00:00,train,5,12785,self,0.05,0,88,
2025-11-27T09:59:18.866540+00:00,train,5,12786,self,0.05,0,93,
2025-11-27T09:59:18.866639+00:00,train,5,12787,self,0.05,0,97,
2025-11-27T09:59:18.866738+00:00,train,5,12788,self,0.05,0,98,
2025-11-27T09:59:18.866838+00:00,train,5,12789,self,0.05,0,87,
2025-11-27T09:59:18.866937+00:00,train,5,12790,self,0.05,0,100,
2025-11-27T09:59:18.867036+00:00,train,5,12791,self,0.05,0,92,
2025-11-27T09:59:18.867135+00:00,train,5,12792,self,0.05,0,97,
2025-11-27T09:59:18.867234+00:00,train,5,12793,self,0.05,0,95,
2025-11-27T09:59:18.867333+00:00,train,5,12794,self,0.05,0,99,
2025-11-27T09:59:18.867433+00:00,train,5,12795,self,0.05,0,97,
2025-11-27T09:59:18.867531+00:00,train,5,12796,self,0.05,0,100,
2025-11-27T09:59:18.867632+00:00,train,5,12797,self,0.05,0,90,
2025-11-27T09:59:18.867731+00:00,train,5,12798,self,0.05,0,94,
2025-11-27T09:59:18.867830+00:00,train,5,12799,self,0.05,0,94,
2025-11-27T09:59:18.867928+00:00,train,5,12800,self,0.05,0,97,
2025-11-27T10:08:42.302441+00:00,baseline_eval,5,12801,baseline,0.05,1,98,99
2025-11-27T10:08:42.302688+00:00,baseline_eval,5,12802,baseline,0.05,1,98,99
2025-11-27T10:08:42.303254+00:00,baseline_eval,5,12803,baseline,0.05,1,90,91
2025-11-27T10:08:42.303435+00:00,baseline_eval,5,12804,baseline,0.05,1,99,100
2025-11-27T10:08:42.303594+00:00,baseline_eval,5,12805,baseline,0.05,1,95,96
2025-11-27T10:08:42.303747+00:00,baseline_eval,5,12806,baseline,0.05,1,92,93
2025-11-27T10:08:42.303896+00:00,baseline_eval,5,12807,baseline,0.05,1,98,99
2025-11-27T10:08:42.304043+00:00,baseline_eval,5,12808,baseline,0.05,1,98,99
2025-11-27T10:08:42.304189+00:00,baseline_eval,5,12809,baseline,0.05,1,99,100
2025-11-27T10:08:42.304336+00:00,baseline_eval,5,12810,baseline,0.05,1,99,100
2025-11-27T10:08:42.304481+00:00,baseline_eval,5,12811,baseline,0.05,1,90,91
2025-11-27T10:08:42.304629+00:00,baseline_eval,5,12812,baseline,0.05,1,90,91
2025-11-27T10:08:42.304773+00:00,baseline_eval,5,12813,baseline,0.05,1,97,98
2025-11-27T10:08:42.304917+00:00,baseline_eval,5,12814,baseline,0.05,1,93,94
2025-11-27T10:08:42.305062+00:00,baseline_eval,5,12815,baseline,0.05,1,93,94
2025-11-27T10:08:42.305206+00:00,baseline_eval,5,12816,baseline,0.05,1,96,97
2025-11-27T10:08:42.305349+00:00,baseline_eval,5,12817,baseline,0.05,1,87,88
2025-11-27T10:08:42.305492+00:00,baseline_eval,5,12818,baseline,0.05,1,87,88
2025-11-27T10:08:42.305636+00:00,baseline_eval,5,12819,baseline,0.05,1,98,99
2025-11-27T10:08:42.305779+00:00,baseline_eval,5,12820,baseline,0.05,1,96,97
2025-11-27T10:08:42.305932+00:00,baseline_eval,5,12821,baseline,0.05,1,99,100
2025-11-27T10:08:42.306081+00:00,baseline_eval,5,12822,baseline,0.05,1,99,100
2025-11-27T10:08:42.306229+00:00,baseline_eval,5,12823,baseline,0.05,1,97,98
2025-11-27T10:08:42.306374+00:00,baseline_eval,5,12824,baseline,0.05,1,99,100
2025-11-27T10:08:42.306518+00:00,baseline_eval,5,12825,baseline,0.05,1,83,84
2025-11-27T10:08:42.306662+00:00,baseline_eval,5,12826,baseline,0.05,1,98,99
2025-11-27T10:08:42.306806+00:00,baseline_eval,5,12827,baseline,0.05,1,95,96
2025-11-27T10:08:42.306949+00:00,baseline_eval,5,12828,baseline,0.05,1,98,99
2025-11-27T10:08:42.307092+00:00,baseline_eval,5,12829,baseline,0.05,1,92,93
2025-11-27T10:08:42.307245+00:00,baseline_eval,5,12830,baseline,0.05,1,90,91
2025-11-27T10:08:42.307390+00:00,baseline_eval,5,12831,baseline,0.05,1,96,97
2025-11-27T10:08:42.307539+00:00,baseline_eval,5,12832,baseline,0.05,1,98,99
2025-11-27T10:08:42.307782+00:00,baseline_eval,5,12833,baseline,0.05,1,89,90
2025-11-27T10:08:42.307956+00:00,baseline_eval,5,12834,baseline,0.05,1,97,98
2025-11-27T10:08:42.308110+00:00,baseline_eval,5,12835,baseline,0.05,1,96,97
2025-11-27T10:08:42.308256+00:00,baseline_eval,5,12836,baseline,0.05,1,90,91
2025-11-27T10:08:42.308400+00:00,baseline_eval,5,12837,baseline,0.05,1,93,94
2025-11-27T10:08:42.308542+00:00,baseline_eval,5,12838,baseline,0.05,1,95,96
2025-11-27T10:08:42.308683+00:00,baseline_eval,5,12839,baseline,0.05,1,98,99
2025-11-27T10:08:42.308824+00:00,baseline_eval,5,12840,baseline,0.05,1,99,100
2025-11-27T10:08:42.308963+00:00,baseline_eval,5,12841,baseline,0.05,1,98,99
2025-11-27T10:08:42.309113+00:00,baseline_eval,5,12842,baseline,0.05,1,99,100
2025-11-27T10:08:42.309254+00:00,baseline_eval,5,12843,baseline,0.05,1,98,99
2025-11-27T10:08:42.309391+00:00,baseline_eval,5,12844,baseline,0.05,1,99,100
2025-11-27T10:08:42.309535+00:00,baseline_eval,5,12845,baseline,0.05,1,88,89
2025-11-27T10:08:42.309674+00:00,baseline_eval,5,12846,baseline,0.05,1,97,98
2025-11-27T10:08:42.309813+00:00,baseline_eval,5,12847,baseline,0.05,1,99,100
2025-11-27T10:08:42.310005+00:00,baseline_eval,5,12848,baseline,0.05,1,99,100
2025-11-27T10:08:42.310264+00:00,baseline_eval,5,12849,baseline,0.05,1,94,95
2025-11-27T10:08:42.310457+00:00,baseline_eval,5,12850,baseline,0.05,1,91,92
2025-11-27T10:08:42.310619+00:00,baseline_eval,5,12851,baseline,0.05,1,90,91
2025-11-27T10:08:42.310769+00:00,baseline_eval,5,12852,baseline,0.05,1,92,93
2025-11-27T10:08:42.310914+00:00,baseline_eval,5,12853,baseline,0.05,1,89,90
2025-11-27T10:08:42.311056+00:00,baseline_eval,5,12854,baseline,0.05,1,96,97
2025-11-27T10:08:42.311197+00:00,baseline_eval,5,12855,baseline,0.05,1,97,98
2025-11-27T10:08:42.311336+00:00,baseline_eval,5,12856,baseline,0.05,1,79,80
2025-11-27T10:08:42.311482+00:00,baseline_eval,5,12857,baseline,0.05,1,96,97
2025-11-27T10:08:42.311620+00:00,baseline_eval,5,12858,baseline,0.05,1,92,93
2025-11-27T10:08:42.311764+00:00,baseline_eval,5,12859,baseline,0.05,1,95,96
2025-11-27T10:08:42.311910+00:00,baseline_eval,5,12860,baseline,0.05,1,99,100
2025-11-27T10:08:42.312049+00:00,baseline_eval,5,12861,baseline,0.05,1,99,100
2025-11-27T10:08:42.312253+00:00,baseline_eval,5,12862,baseline,0.05,1,99,100
2025-11-27T10:08:42.312431+00:00,baseline_eval,5,12863,baseline,0.05,1,86,87
2025-11-27T10:08:42.312595+00:00,baseline_eval,5,12864,baseline,0.05,1,93,94
2025-11-27T10:08:42.312757+00:00,baseline_eval,5,12865,baseline,0.05,1,89,90
2025-11-27T10:08:42.312909+00:00,baseline_eval,5,12866,baseline,0.05,1,81,82
2025-11-27T10:08:42.313057+00:00,baseline_eval,5,12867,baseline,0.05,1,85,86
2025-11-27T10:08:42.313222+00:00,baseline_eval,5,12868,baseline,0.05,1,93,94
2025-11-27T10:08:42.313369+00:00,baseline_eval,5,12869,baseline,0.05,1,99,100
2025-11-27T10:08:42.313514+00:00,baseline_eval,5,12870,baseline,0.05,1,89,90
2025-11-27T10:08:42.313661+00:00,baseline_eval,5,12871,baseline,0.05,1,90,91
2025-11-27T10:08:42.313874+00:00,baseline_eval,5,12872,baseline,0.05,1,99,100
2025-11-27T10:08:42.314054+00:00,baseline_eval,5,12873,baseline,0.05,1,95,96
2025-11-27T10:08:42.314220+00:00,baseline_eval,5,12874,baseline,0.05,1,99,100
2025-11-27T10:08:42.314373+00:00,baseline_eval,5,12875,baseline,0.05,1,98,99
2025-11-27T10:08:42.314521+00:00,baseline_eval,5,12876,baseline,0.05,1,99,100
2025-11-27T10:08:42.314670+00:00,baseline_eval,5,12877,baseline,0.05,1,94,95
2025-11-27T10:08:42.314816+00:00,baseline_eval,5,12878,baseline,0.05,1,85,86
2025-11-27T10:08:42.314963+00:00,baseline_eval,5,12879,baseline,0.05,1,95,96
2025-11-27T10:08:42.315110+00:00,baseline_eval,5,12880,baseline,0.05,1,98,99
2025-11-27T10:08:42.315257+00:00,baseline_eval,5,12881,baseline,0.05,1,99,100
2025-11-27T10:08:42.315405+00:00,baseline_eval,5,12882,baseline,0.05,1,91,92
2025-11-27T10:08:42.315552+00:00,baseline_eval,5,12883,baseline,0.05,1,99,100
2025-11-27T10:08:42.315697+00:00,baseline_eval,5,12884,baseline,0.05,1,98,99
2025-11-27T10:08:42.315844+00:00,baseline_eval,5,12885,baseline,0.05,1,89,90
2025-11-27T10:08:42.315989+00:00,baseline_eval,5,12886,baseline,0.05,1,94,95
2025-11-27T10:08:42.316136+00:00,baseline_eval,5,12887,baseline,0.05,1,86,87
2025-11-27T10:08:42.316281+00:00,baseline_eval,5,12888,baseline,0.05,1,96,97
2025-11-27T10:08:42.316430+00:00,baseline_eval,5,12889,baseline,0.05,1,99,100
2025-11-27T10:08:42.316576+00:00,baseline_eval,5,12890,baseline,0.05,1,94,95
2025-11-27T10:08:42.316722+00:00,baseline_eval,5,12891,baseline,0.05,1,77,78
2025-11-27T10:08:42.316868+00:00,baseline_eval,5,12892,baseline,0.05,1,99,100
2025-11-27T10:08:42.317014+00:00,baseline_eval,5,12893,baseline,0.05,1,85,86
2025-11-27T10:08:42.317160+00:00,baseline_eval,5,12894,baseline,0.05,1,86,87
2025-11-27T10:08:42.317305+00:00,baseline_eval,5,12895,baseline,0.05,1,98,99
2025-11-27T10:08:42.317450+00:00,baseline_eval,5,12896,baseline,0.05,1,99,100
2025-11-27T10:08:42.317601+00:00,baseline_eval,5,12897,baseline,0.05,1,95,96
2025-11-27T10:08:42.317748+00:00,baseline_eval,5,12898,baseline,0.05,1,91,92
2025-11-27T10:08:42.317892+00:00,baseline_eval,5,12899,baseline,0.05,1,91,92
2025-11-27T10:08:42.318040+00:00,baseline_eval,5,12900,baseline,0.05,1,92,93
2025-11-27T10:10:43.472471+00:00,selfplay_eval,5,12901,selfplay_eval,0.05,1,95,96
2025-11-27T10:10:43.472723+00:00,selfplay_eval,5,12902,selfplay_eval,0.05,1,86,87
2025-11-27T10:10:43.473192+00:00,selfplay_eval,5,12903,selfplay_eval,0.05,1,95,96
2025-11-27T10:10:43.473370+00:00,selfplay_eval,5,12904,selfplay_eval,0.05,1,98,99
2025-11-27T10:10:43.473531+00:00,selfplay_eval,5,12905,selfplay_eval,0.05,0,81,81
2025-11-27T10:10:43.473687+00:00,selfplay_eval,5,12906,selfplay_eval,0.05,0,95,95
2025-11-27T10:10:43.473837+00:00,selfplay_eval,5,12907,selfplay_eval,0.05,1,89,90
2025-11-27T10:10:43.473989+00:00,selfplay_eval,5,12908,selfplay_eval,0.05,1,93,94
2025-11-27T10:10:43.474139+00:00,selfplay_eval,5,12909,selfplay_eval,0.05,1,91,92
2025-11-27T10:10:43.474286+00:00,selfplay_eval,5,12910,selfplay_eval,0.05,1,85,86
2025-11-27T10:10:43.474431+00:00,selfplay_eval,5,12911,selfplay_eval,0.05,1,97,98
2025-11-27T10:10:43.474584+00:00,selfplay_eval,5,12912,selfplay_eval,0.05,0,99,99
2025-11-27T10:10:43.474730+00:00,selfplay_eval,5,12913,selfplay_eval,0.05,0,96,96
2025-11-27T10:10:43.474876+00:00,selfplay_eval,5,12914,selfplay_eval,0.05,0,90,90
2025-11-27T10:10:43.475027+00:00,selfplay_eval,5,12915,selfplay_eval,0.05,1,91,92
2025-11-27T10:10:43.475174+00:00,selfplay_eval,5,12916,selfplay_eval,0.05,1,85,86
2025-11-27T10:10:43.475319+00:00,selfplay_eval,5,12917,selfplay_eval,0.05,0,86,86
2025-11-27T10:10:43.475463+00:00,selfplay_eval,5,12918,selfplay_eval,0.05,1,92,93
2025-11-27T10:10:43.475607+00:00,selfplay_eval,5,12919,selfplay_eval,0.05,0,98,98
2025-11-27T10:10:43.475750+00:00,selfplay_eval,5,12920,selfplay_eval,0.05,0,88,88
2025-11-27T10:10:43.475895+00:00,selfplay_eval,5,12921,selfplay_eval,0.05,1,93,94
2025-11-27T10:10:43.476040+00:00,selfplay_eval,5,12922,selfplay_eval,0.05,0,88,88
2025-11-27T10:10:43.476184+00:00,selfplay_eval,5,12923,selfplay_eval,0.05,0,89,89
2025-11-27T10:10:43.476333+00:00,selfplay_eval,5,12924,selfplay_eval,0.05,1,93,94
2025-11-27T10:10:43.476478+00:00,selfplay_eval,5,12925,selfplay_eval,0.05,1,89,90
2025-11-27T10:10:43.476623+00:00,selfplay_eval,5,12926,selfplay_eval,0.05,1,93,94
2025-11-27T10:10:43.476774+00:00,selfplay_eval,5,12927,selfplay_eval,0.05,1,97,98
2025-11-27T10:10:43.476920+00:00,selfplay_eval,5,12928,selfplay_eval,0.05,1,90,91
2025-11-27T10:10:43.477065+00:00,selfplay_eval,5,12929,selfplay_eval,0.05,0,99,99
2025-11-27T10:10:43.477209+00:00,selfplay_eval,5,12930,selfplay_eval,0.05,0,79,79
2025-11-27T10:10:43.477354+00:00,selfplay_eval,5,12931,selfplay_eval,0.05,0,95,95
2025-11-27T10:10:43.477500+00:00,selfplay_eval,5,12932,selfplay_eval,0.05,1,89,90
2025-11-27T10:10:43.477647+00:00,selfplay_eval,5,12933,selfplay_eval,0.05,0,90,90
2025-11-27T10:10:43.477795+00:00,selfplay_eval,5,12934,selfplay_eval,0.05,1,77,78
2025-11-27T10:10:43.477941+00:00,selfplay_eval,5,12935,selfplay_eval,0.05,1,99,100
2025-11-27T10:10:43.478091+00:00,selfplay_eval,5,12936,selfplay_eval,0.05,1,95,96
2025-11-27T10:10:43.478237+00:00,selfplay_eval,5,12937,selfplay_eval,0.05,1,92,93
2025-11-27T10:10:43.478382+00:00,selfplay_eval,5,12938,selfplay_eval,0.05,1,88,89
2025-11-27T10:10:43.478529+00:00,selfplay_eval,5,12939,selfplay_eval,0.05,1,89,90
2025-11-27T10:10:43.478675+00:00,selfplay_eval,5,12940,selfplay_eval,0.05,1,88,89
2025-11-27T10:10:43.478821+00:00,selfplay_eval,5,12941,selfplay_eval,0.05,1,84,85
2025-11-27T10:10:43.478966+00:00,selfplay_eval,5,12942,selfplay_eval,0.05,1,93,94
2025-11-27T10:10:43.479113+00:00,selfplay_eval,5,12943,selfplay_eval,0.05,0,99,99
2025-11-27T10:10:43.479259+00:00,selfplay_eval,5,12944,selfplay_eval,0.05,1,84,85
2025-11-27T10:10:43.479404+00:00,selfplay_eval,5,12945,selfplay_eval,0.05,1,98,99
2025-11-27T10:10:43.479550+00:00,selfplay_eval,5,12946,selfplay_eval,0.05,0,90,90
2025-11-27T10:10:43.479699+00:00,selfplay_eval,5,12947,selfplay_eval,0.05,0,91,91
2025-11-27T10:10:43.479846+00:00,selfplay_eval,5,12948,selfplay_eval,0.05,1,99,100
2025-11-27T10:10:43.479994+00:00,selfplay_eval,5,12949,selfplay_eval,0.05,0,88,88
2025-11-27T10:10:43.480206+00:00,selfplay_eval,5,12950,selfplay_eval,0.05,1,98,99
2025-11-27T10:10:43.480396+00:00,selfplay_eval,5,12951,selfplay_eval,0.05,1,87,88
2025-11-27T10:10:43.480553+00:00,selfplay_eval,5,12952,selfplay_eval,0.05,1,85,86
2025-11-27T10:10:43.480700+00:00,selfplay_eval,5,12953,selfplay_eval,0.05,0,89,89
2025-11-27T10:10:43.480842+00:00,selfplay_eval,5,12954,selfplay_eval,0.05,0,88,88
2025-11-27T10:10:43.480983+00:00,selfplay_eval,5,12955,selfplay_eval,0.05,1,87,88
2025-11-27T10:10:43.481121+00:00,selfplay_eval,5,12956,selfplay_eval,0.05,0,84,84
2025-11-27T10:10:43.481259+00:00,selfplay_eval,5,12957,selfplay_eval,0.05,0,90,90
2025-11-27T10:10:43.481395+00:00,selfplay_eval,5,12958,selfplay_eval,0.05,1,82,83
2025-11-27T10:10:43.481532+00:00,selfplay_eval,5,12959,selfplay_eval,0.05,0,90,90
2025-11-27T10:10:43.481670+00:00,selfplay_eval,5,12960,selfplay_eval,0.05,1,96,97
2025-11-27T10:10:43.481808+00:00,selfplay_eval,5,12961,selfplay_eval,0.05,1,98,99
2025-11-27T10:10:43.481944+00:00,selfplay_eval,5,12962,selfplay_eval,0.05,1,93,94
2025-11-27T10:10:43.482082+00:00,selfplay_eval,5,12963,selfplay_eval,0.05,0,98,98
2025-11-27T10:10:43.482218+00:00,selfplay_eval,5,12964,selfplay_eval,0.05,1,87,88
2025-11-27T10:10:43.482355+00:00,selfplay_eval,5,12965,selfplay_eval,0.05,1,94,95
2025-11-27T10:10:43.482494+00:00,selfplay_eval,5,12966,selfplay_eval,0.05,1,83,84
2025-11-27T10:10:43.482636+00:00,selfplay_eval,5,12967,selfplay_eval,0.05,1,97,98
2025-11-27T10:10:43.482774+00:00,selfplay_eval,5,12968,selfplay_eval,0.05,0,92,92
2025-11-27T10:10:43.482911+00:00,selfplay_eval,5,12969,selfplay_eval,0.05,1,91,92
2025-11-27T10:10:43.483080+00:00,selfplay_eval,5,12970,selfplay_eval,0.05,1,96,97
2025-11-27T10:10:43.483326+00:00,selfplay_eval,5,12971,selfplay_eval,0.05,0,87,87
2025-11-27T10:10:43.483495+00:00,selfplay_eval,5,12972,selfplay_eval,0.05,0,83,83
2025-11-27T10:10:43.483657+00:00,selfplay_eval,5,12973,selfplay_eval,0.05,1,85,86
2025-11-27T10:10:43.483811+00:00,selfplay_eval,5,12974,selfplay_eval,0.05,1,92,93
2025-11-27T10:10:43.483957+00:00,selfplay_eval,5,12975,selfplay_eval,0.05,0,98,98
2025-11-27T10:10:43.484100+00:00,selfplay_eval,5,12976,selfplay_eval,0.05,0,92,92
2025-11-27T10:10:43.484242+00:00,selfplay_eval,5,12977,selfplay_eval,0.05,1,86,87
2025-11-27T10:10:43.484399+00:00,selfplay_eval,5,12978,selfplay_eval,0.05,0,94,94
2025-11-27T10:10:43.484571+00:00,selfplay_eval,5,12979,selfplay_eval,0.05,0,96,96
2025-11-27T10:10:43.484719+00:00,selfplay_eval,5,12980,selfplay_eval,0.05,0,88,88
2025-11-27T10:10:43.484872+00:00,selfplay_eval,5,12981,selfplay_eval,0.05,0,91,91
2025-11-27T10:10:43.485017+00:00,selfplay_eval,5,12982,selfplay_eval,0.05,1,94,95
2025-11-27T10:10:43.485158+00:00,selfplay_eval,5,12983,selfplay_eval,0.05,1,98,99
2025-11-27T10:10:43.485301+00:00,selfplay_eval,5,12984,selfplay_eval,0.05,1,98,99
2025-11-27T10:10:43.485439+00:00,selfplay_eval,5,12985,selfplay_eval,0.05,0,98,98
2025-11-27T10:10:43.485581+00:00,selfplay_eval,5,12986,selfplay_eval,0.05,0,95,95
2025-11-27T10:10:43.485720+00:00,selfplay_eval,5,12987,selfplay_eval,0.05,0,95,95
2025-11-27T10:10:43.485861+00:00,selfplay_eval,5,12988,selfplay_eval,0.05,1,89,90
2025-11-27T10:10:43.486002+00:00,selfplay_eval,5,12989,selfplay_eval,0.05,0,95,95
2025-11-27T10:10:43.486140+00:00,selfplay_eval,5,12990,selfplay_eval,0.05,1,92,93
2025-11-27T10:10:43.486288+00:00,selfplay_eval,5,12991,selfplay_eval,0.05,0,88,88
2025-11-27T10:10:43.486437+00:00,selfplay_eval,5,12992,selfplay_eval,0.05,1,95,96
2025-11-27T10:10:43.486581+00:00,selfplay_eval,5,12993,selfplay_eval,0.05,1,92,93
2025-11-27T10:10:43.486724+00:00,selfplay_eval,5,12994,selfplay_eval,0.05,1,95,96
2025-11-27T10:10:43.486868+00:00,selfplay_eval,5,12995,selfplay_eval,0.05,1,79,80
2025-11-27T10:10:43.487012+00:00,selfplay_eval,5,12996,selfplay_eval,0.05,1,90,91
2025-11-27T10:10:43.487170+00:00,selfplay_eval,5,12997,selfplay_eval,0.05,1,88,89
2025-11-27T10:10:43.487315+00:00,selfplay_eval,5,12998,selfplay_eval,0.05,1,96,97
2025-11-27T10:10:43.487459+00:00,selfplay_eval,5,12999,selfplay_eval,0.05,1,84,85
2025-11-27T10:10:43.487598+00:00,selfplay_eval,5,13000,selfplay_eval,0.05,0,99,99
2025-11-27T10:10:43.487746+00:00,selfplay_eval,5,13001,selfplay_eval,0.05,1,86,87
2025-11-27T10:10:43.487890+00:00,selfplay_eval,5,13002,selfplay_eval,0.05,0,95,95
2025-11-27T10:10:43.488034+00:00,selfplay_eval,5,13003,selfplay_eval,0.05,0,92,92
2025-11-27T10:10:43.488174+00:00,selfplay_eval,5,13004,selfplay_eval,0.05,1,95,96
2025-11-27T10:10:43.488313+00:00,selfplay_eval,5,13005,selfplay_eval,0.05,1,98,99
2025-11-27T10:10:43.488510+00:00,selfplay_eval,5,13006,selfplay_eval,0.05,1,97,98
2025-11-27T10:10:43.488779+00:00,selfplay_eval,5,13007,selfplay_eval,0.05,0,98,98
2025-11-27T10:10:43.489097+00:00,selfplay_eval,5,13008,selfplay_eval,0.05,1,98,99
2025-11-27T10:10:43.489318+00:00,selfplay_eval,5,13009,selfplay_eval,0.05,1,89,90
2025-11-27T10:10:43.489568+00:00,selfplay_eval,5,13010,selfplay_eval,0.05,0,92,92
2025-11-27T10:10:43.489741+00:00,selfplay_eval,5,13011,selfplay_eval,0.05,0,93,93
2025-11-27T10:10:43.489898+00:00,selfplay_eval,5,13012,selfplay_eval,0.05,0,96,96
2025-11-27T10:10:43.490050+00:00,selfplay_eval,5,13013,selfplay_eval,0.05,0,90,90
2025-11-27T10:10:43.490199+00:00,selfplay_eval,5,13014,selfplay_eval,0.05,0,76,76
2025-11-27T10:10:43.490343+00:00,selfplay_eval,5,13015,selfplay_eval,0.05,0,94,94
2025-11-27T10:10:43.490484+00:00,selfplay_eval,5,13016,selfplay_eval,0.05,1,98,99
2025-11-27T10:10:43.490631+00:00,selfplay_eval,5,13017,selfplay_eval,0.05,1,93,94
2025-11-27T10:10:43.490769+00:00,selfplay_eval,5,13018,selfplay_eval,0.05,0,93,93
2025-11-27T10:10:43.490909+00:00,selfplay_eval,5,13019,selfplay_eval,0.05,0,78,78
2025-11-27T10:10:43.491047+00:00,selfplay_eval,5,13020,selfplay_eval,0.05,0,91,91
2025-11-27T10:10:43.491185+00:00,selfplay_eval,5,13021,selfplay_eval,0.05,1,95,96
2025-11-27T10:10:43.491324+00:00,selfplay_eval,5,13022,selfplay_eval,0.05,1,91,92
2025-11-27T10:10:43.491461+00:00,selfplay_eval,5,13023,selfplay_eval,0.05,1,97,98
2025-11-27T10:10:43.491598+00:00,selfplay_eval,5,13024,selfplay_eval,0.05,0,96,96
2025-11-27T10:10:43.491741+00:00,selfplay_eval,5,13025,selfplay_eval,0.05,0,95,95
2025-11-27T10:10:43.491877+00:00,selfplay_eval,5,13026,selfplay_eval,0.05,1,87,88
2025-11-27T10:10:43.492015+00:00,selfplay_eval,5,13027,selfplay_eval,0.05,0,97,97
2025-11-27T10:10:43.492152+00:00,selfplay_eval,5,13028,selfplay_eval,0.05,1,89,90
2025-11-27T10:10:43.492288+00:00,selfplay_eval,5,13029,selfplay_eval,0.05,1,93,94
2025-11-27T10:10:43.492426+00:00,selfplay_eval,5,13030,selfplay_eval,0.05,0,97,97
2025-11-27T10:10:43.492563+00:00,selfplay_eval,5,13031,selfplay_eval,0.05,0,99,99
2025-11-27T10:10:43.492700+00:00,selfplay_eval,5,13032,selfplay_eval,0.05,1,99,100
2025-11-27T10:10:43.492843+00:00,selfplay_eval,5,13033,selfplay_eval,0.05,0,96,96
2025-11-27T10:10:43.492983+00:00,selfplay_eval,5,13034,selfplay_eval,0.05,1,88,89
2025-11-27T10:10:43.493123+00:00,selfplay_eval,5,13035,selfplay_eval,0.05,1,94,95
2025-11-27T10:10:43.493368+00:00,selfplay_eval,5,13036,selfplay_eval,0.05,0,89,89
2025-11-27T10:10:43.493624+00:00,selfplay_eval,5,13037,selfplay_eval,0.05,0,86,86
2025-11-27T10:10:43.493885+00:00,selfplay_eval,5,13038,selfplay_eval,0.05,0,86,86
2025-11-27T10:10:43.494254+00:00,selfplay_eval,5,13039,selfplay_eval,0.05,1,95,96
2025-11-27T10:10:43.494657+00:00,selfplay_eval,5,13040,selfplay_eval,0.05,0,92,92
2025-11-27T10:10:43.494976+00:00,selfplay_eval,5,13041,selfplay_eval,0.05,1,97,98
2025-11-27T10:10:43.495169+00:00,selfplay_eval,5,13042,selfplay_eval,0.05,1,84,85
2025-11-27T10:10:43.495401+00:00,selfplay_eval,5,13043,selfplay_eval,0.05,1,95,96
2025-11-27T10:10:43.495587+00:00,selfplay_eval,5,13044,selfplay_eval,0.05,1,91,92
2025-11-27T10:10:43.495746+00:00,selfplay_eval,5,13045,selfplay_eval,0.05,0,84,84
2025-11-27T10:10:43.495895+00:00,selfplay_eval,5,13046,selfplay_eval,0.05,0,87,87
2025-11-27T10:10:43.496040+00:00,selfplay_eval,5,13047,selfplay_eval,0.05,1,95,96
2025-11-27T10:10:43.496183+00:00,selfplay_eval,5,13048,selfplay_eval,0.05,1,97,98
2025-11-27T10:10:43.496329+00:00,selfplay_eval,5,13049,selfplay_eval,0.05,1,90,91
2025-11-27T10:10:43.496486+00:00,selfplay_eval,5,13050,selfplay_eval,0.05,0,89,89
2025-11-27T10:10:43.496633+00:00,selfplay_eval,5,13051,selfplay_eval,0.05,0,94,94
2025-11-27T10:10:43.496775+00:00,selfplay_eval,5,13052,selfplay_eval,0.05,1,87,88
2025-11-27T10:10:43.496933+00:00,selfplay_eval,5,13053,selfplay_eval,0.05,1,98,99
2025-11-27T10:10:43.497079+00:00,selfplay_eval,5,13054,selfplay_eval,0.05,1,93,94
2025-11-27T10:10:43.497220+00:00,selfplay_eval,5,13055,selfplay_eval,0.05,1,89,90
2025-11-27T10:10:43.497398+00:00,selfplay_eval,5,13056,selfplay_eval,0.05,0,82,82
2025-11-27T10:10:43.497577+00:00,selfplay_eval,5,13057,selfplay_eval,0.05,0,96,96
2025-11-27T10:10:43.497766+00:00,selfplay_eval,5,13058,selfplay_eval,0.05,0,84,84
2025-11-27T10:10:43.497914+00:00,selfplay_eval,5,13059,selfplay_eval,0.05,0,97,97
2025-11-27T10:10:43.498082+00:00,selfplay_eval,5,13060,selfplay_eval,0.05,1,98,99
2025-11-27T10:10:43.498268+00:00,selfplay_eval,5,13061,selfplay_eval,0.05,1,97,98
2025-11-27T10:10:43.498416+00:00,selfplay_eval,5,13062,selfplay_eval,0.05,1,88,89
2025-11-27T10:10:43.498558+00:00,selfplay_eval,5,13063,selfplay_eval,0.05,1,94,95
2025-11-27T10:10:43.498699+00:00,selfplay_eval,5,13064,selfplay_eval,0.05,1,96,97
2025-11-27T10:10:43.498844+00:00,selfplay_eval,5,13065,selfplay_eval,0.05,0,86,86
2025-11-27T10:10:43.498983+00:00,selfplay_eval,5,13066,selfplay_eval,0.05,0,93,93
2025-11-27T10:10:43.499122+00:00,selfplay_eval,5,13067,selfplay_eval,0.05,0,97,97
2025-11-27T10:10:43.499262+00:00,selfplay_eval,5,13068,selfplay_eval,0.05,0,88,88
2025-11-27T10:10:43.499404+00:00,selfplay_eval,5,13069,selfplay_eval,0.05,0,88,88
2025-11-27T10:10:43.499544+00:00,selfplay_eval,5,13070,selfplay_eval,0.05,0,89,89
2025-11-27T10:10:43.499682+00:00,selfplay_eval,5,13071,selfplay_eval,0.05,0,94,94
2025-11-27T10:10:43.499821+00:00,selfplay_eval,5,13072,selfplay_eval,0.05,0,83,83
2025-11-27T10:10:43.499966+00:00,selfplay_eval,5,13073,selfplay_eval,0.05,1,92,93
2025-11-27T10:10:43.500107+00:00,selfplay_eval,5,13074,selfplay_eval,0.05,1,94,95
2025-11-27T10:10:43.500247+00:00,selfplay_eval,5,13075,selfplay_eval,0.05,1,95,96
2025-11-27T10:10:43.500400+00:00,selfplay_eval,5,13076,selfplay_eval,0.05,1,96,97
2025-11-27T10:10:43.500549+00:00,selfplay_eval,5,13077,selfplay_eval,0.05,0,92,92
2025-11-27T10:10:43.500888+00:00,selfplay_eval,5,13078,selfplay_eval,0.05,1,85,86
2025-11-27T10:10:43.501145+00:00,selfplay_eval,5,13079,selfplay_eval,0.05,1,92,93
2025-11-27T10:10:43.501330+00:00,selfplay_eval,5,13080,selfplay_eval,0.05,1,98,99
2025-11-27T10:10:43.501498+00:00,selfplay_eval,5,13081,selfplay_eval,0.05,0,90,90
2025-11-27T10:10:43.501653+00:00,selfplay_eval,5,13082,selfplay_eval,0.05,1,92,93
2025-11-27T10:10:43.501805+00:00,selfplay_eval,5,13083,selfplay_eval,0.05,0,86,86
2025-11-27T10:10:43.501957+00:00,selfplay_eval,5,13084,selfplay_eval,0.05,1,85,86
2025-11-27T10:10:43.502106+00:00,selfplay_eval,5,13085,selfplay_eval,0.05,1,93,94
2025-11-27T10:10:43.502386+00:00,selfplay_eval,5,13086,selfplay_eval,0.05,1,91,92
2025-11-27T10:10:43.502592+00:00,selfplay_eval,5,13087,selfplay_eval,0.05,0,99,99
2025-11-27T10:10:43.502754+00:00,selfplay_eval,5,13088,selfplay_eval,0.05,0,99,99
2025-11-27T10:10:43.502909+00:00,selfplay_eval,5,13089,selfplay_eval,0.05,1,91,92
2025-11-27T10:10:43.503054+00:00,selfplay_eval,5,13090,selfplay_eval,0.05,1,85,86
2025-11-27T10:10:43.503197+00:00,selfplay_eval,5,13091,selfplay_eval,0.05,1,91,92
2025-11-27T10:10:43.503337+00:00,selfplay_eval,5,13092,selfplay_eval,0.05,0,93,93
2025-11-27T10:10:43.503477+00:00,selfplay_eval,5,13093,selfplay_eval,0.05,0,72,72
2025-11-27T10:10:43.503622+00:00,selfplay_eval,5,13094,selfplay_eval,0.05,1,95,96
2025-11-27T10:10:43.503799+00:00,selfplay_eval,5,13095,selfplay_eval,0.05,0,97,97
2025-11-27T10:10:43.503945+00:00,selfplay_eval,5,13096,selfplay_eval,0.05,1,89,90
2025-11-27T10:10:43.504094+00:00,selfplay_eval,5,13097,selfplay_eval,0.05,1,95,96
2025-11-27T10:10:43.504238+00:00,selfplay_eval,5,13098,selfplay_eval,0.05,0,84,84
2025-11-27T10:10:43.504378+00:00,selfplay_eval,5,13099,selfplay_eval,0.05,1,83,84
2025-11-27T10:10:43.504632+00:00,selfplay_eval,5,13100,selfplay_eval,0.05,1,96,97
2025-11-27T10:10:43.504821+00:00,selfplay_eval,5,13101,selfplay_eval,0.05,1,94,95
2025-11-27T10:10:43.505059+00:00,selfplay_eval,5,13102,selfplay_eval,0.05,0,90,90
2025-11-27T10:10:43.505256+00:00,selfplay_eval,5,13103,selfplay_eval,0.05,0,82,82
2025-11-27T10:10:43.505425+00:00,selfplay_eval,5,13104,selfplay_eval,0.05,0,83,83
2025-11-27T10:10:43.505580+00:00,selfplay_eval,5,13105,selfplay_eval,0.05,1,97,98
2025-11-27T10:10:43.505789+00:00,selfplay_eval,5,13106,selfplay_eval,0.05,1,97,98
2025-11-27T10:10:43.505959+00:00,selfplay_eval,5,13107,selfplay_eval,0.05,1,80,81
2025-11-27T10:10:43.506136+00:00,selfplay_eval,5,13108,selfplay_eval,0.05,0,91,91
2025-11-27T10:10:43.506300+00:00,selfplay_eval,5,13109,selfplay_eval,0.05,0,78,78
2025-11-27T10:10:43.506474+00:00,selfplay_eval,5,13110,selfplay_eval,0.05,1,96,97
2025-11-27T10:10:43.506625+00:00,selfplay_eval,5,13111,selfplay_eval,0.05,1,93,94
2025-11-27T10:10:43.506773+00:00,selfplay_eval,5,13112,selfplay_eval,0.05,1,97,98
2025-11-27T10:10:43.506942+00:00,selfplay_eval,5,13113,selfplay_eval,0.05,1,91,92
2025-11-27T10:10:43.507126+00:00,selfplay_eval,5,13114,selfplay_eval,0.05,1,95,96
2025-11-27T10:10:43.507272+00:00,selfplay_eval,5,13115,selfplay_eval,0.05,0,98,98
2025-11-27T10:10:43.507414+00:00,selfplay_eval,5,13116,selfplay_eval,0.05,0,98,98
2025-11-27T10:10:43.507552+00:00,selfplay_eval,5,13117,selfplay_eval,0.05,1,93,94
2025-11-27T10:10:43.507689+00:00,selfplay_eval,5,13118,selfplay_eval,0.05,1,93,94
2025-11-27T10:10:43.507824+00:00,selfplay_eval,5,13119,selfplay_eval,0.05,1,92,93
2025-11-27T10:10:43.507964+00:00,selfplay_eval,5,13120,selfplay_eval,0.05,0,93,93
2025-11-27T10:10:43.508100+00:00,selfplay_eval,5,13121,selfplay_eval,0.05,1,85,86
2025-11-27T10:10:43.508235+00:00,selfplay_eval,5,13122,selfplay_eval,0.05,0,82,82
2025-11-27T10:10:43.508371+00:00,selfplay_eval,5,13123,selfplay_eval,0.05,0,90,90
2025-11-27T10:10:43.508506+00:00,selfplay_eval,5,13124,selfplay_eval,0.05,0,92,92
2025-11-27T10:10:43.508644+00:00,selfplay_eval,5,13125,selfplay_eval,0.05,1,94,95
2025-11-27T10:10:43.508780+00:00,selfplay_eval,5,13126,selfplay_eval,0.05,0,92,92
2025-11-27T10:10:43.508917+00:00,selfplay_eval,5,13127,selfplay_eval,0.05,1,97,98
2025-11-27T10:10:43.509057+00:00,selfplay_eval,5,13128,selfplay_eval,0.05,0,88,88
2025-11-27T10:10:43.509193+00:00,selfplay_eval,5,13129,selfplay_eval,0.05,0,75,75
2025-11-27T10:10:43.509328+00:00,selfplay_eval,5,13130,selfplay_eval,0.05,0,90,90
2025-11-27T10:10:43.509463+00:00,selfplay_eval,5,13131,selfplay_eval,0.05,1,96,97
2025-11-27T10:10:43.509598+00:00,selfplay_eval,5,13132,selfplay_eval,0.05,0,86,86
2025-11-27T10:10:43.509733+00:00,selfplay_eval,5,13133,selfplay_eval,0.05,1,92,93
2025-11-27T10:10:43.509868+00:00,selfplay_eval,5,13134,selfplay_eval,0.05,0,93,93
2025-11-27T10:10:43.510004+00:00,selfplay_eval,5,13135,selfplay_eval,0.05,1,85,86
2025-11-27T10:10:43.510145+00:00,selfplay_eval,5,13136,selfplay_eval,0.05,1,85,86
2025-11-27T10:10:43.510280+00:00,selfplay_eval,5,13137,selfplay_eval,0.05,0,95,95
2025-11-27T10:10:43.510415+00:00,selfplay_eval,5,13138,selfplay_eval,0.05,1,88,89
2025-11-27T10:10:43.510550+00:00,selfplay_eval,5,13139,selfplay_eval,0.05,0,93,93
2025-11-27T10:10:43.510687+00:00,selfplay_eval,5,13140,selfplay_eval,0.05,0,88,88
2025-11-27T10:10:43.510821+00:00,selfplay_eval,5,13141,selfplay_eval,0.05,0,86,86
2025-11-27T10:10:43.510956+00:00,selfplay_eval,5,13142,selfplay_eval,0.05,0,96,96
2025-11-27T10:10:43.511090+00:00,selfplay_eval,5,13143,selfplay_eval,0.05,1,82,83
2025-11-27T10:10:43.511229+00:00,selfplay_eval,5,13144,selfplay_eval,0.05,1,95,96
2025-11-27T10:10:43.511362+00:00,selfplay_eval,5,13145,selfplay_eval,0.05,0,99,99
2025-11-27T10:10:43.511497+00:00,selfplay_eval,5,13146,selfplay_eval,0.05,1,99,100
2025-11-27T10:10:43.511631+00:00,selfplay_eval,5,13147,selfplay_eval,0.05,1,86,87
2025-11-27T10:10:43.511764+00:00,selfplay_eval,5,13148,selfplay_eval,0.05,1,92,93
2025-11-27T10:10:43.511904+00:00,selfplay_eval,5,13149,selfplay_eval,0.05,1,95,96
2025-11-27T10:10:43.512042+00:00,selfplay_eval,5,13150,selfplay_eval,0.05,1,96,97
2025-11-27T10:10:43.512178+00:00,selfplay_eval,5,13151,selfplay_eval,0.05,0,89,89
2025-11-27T10:10:43.512320+00:00,selfplay_eval,5,13152,selfplay_eval,0.05,1,90,91
2025-11-27T10:10:43.512457+00:00,selfplay_eval,5,13153,selfplay_eval,0.05,1,99,100
2025-11-27T10:10:43.512596+00:00,selfplay_eval,5,13154,selfplay_eval,0.05,1,97,98
2025-11-27T10:10:43.512733+00:00,selfplay_eval,5,13155,selfplay_eval,0.05,1,84,85
2025-11-27T10:10:43.512869+00:00,selfplay_eval,5,13156,selfplay_eval,0.05,1,92,93
2025-11-27T10:10:43.513004+00:00,selfplay_eval,5,13157,selfplay_eval,0.05,0,88,88
2025-11-27T10:10:43.513141+00:00,selfplay_eval,5,13158,selfplay_eval,0.05,1,86,87
2025-11-27T10:10:43.513278+00:00,selfplay_eval,5,13159,selfplay_eval,0.05,1,96,97
2025-11-27T10:10:43.513419+00:00,selfplay_eval,5,13160,selfplay_eval,0.05,1,85,86
2025-11-27T10:10:43.513556+00:00,selfplay_eval,5,13161,selfplay_eval,0.05,0,93,93
2025-11-27T10:10:43.513692+00:00,selfplay_eval,5,13162,selfplay_eval,0.05,1,89,90
2025-11-27T10:10:43.513829+00:00,selfplay_eval,5,13163,selfplay_eval,0.05,0,96,96
2025-11-27T10:10:43.513965+00:00,selfplay_eval,5,13164,selfplay_eval,0.05,1,93,94
2025-11-27T10:10:43.514103+00:00,selfplay_eval,5,13165,selfplay_eval,0.05,1,97,98
2025-11-27T10:10:43.514241+00:00,selfplay_eval,5,13166,selfplay_eval,0.05,1,95,96
2025-11-27T10:10:43.514377+00:00,selfplay_eval,5,13167,selfplay_eval,0.05,0,88,88
2025-11-27T10:10:43.514519+00:00,selfplay_eval,5,13168,selfplay_eval,0.05,0,91,91
2025-11-27T10:10:43.514655+00:00,selfplay_eval,5,13169,selfplay_eval,0.05,0,96,96
2025-11-27T10:10:43.514792+00:00,selfplay_eval,5,13170,selfplay_eval,0.05,1,86,87
2025-11-27T10:10:43.514933+00:00,selfplay_eval,5,13171,selfplay_eval,0.05,1,84,85
2025-11-27T10:10:43.515169+00:00,selfplay_eval,5,13172,selfplay_eval,0.05,0,88,88
2025-11-27T10:10:43.515364+00:00,selfplay_eval,5,13173,selfplay_eval,0.05,1,75,76
2025-11-27T10:10:43.515525+00:00,selfplay_eval,5,13174,selfplay_eval,0.05,0,99,99
2025-11-27T10:10:43.515679+00:00,selfplay_eval,5,13175,selfplay_eval,0.05,0,96,96
2025-11-27T10:10:43.515832+00:00,selfplay_eval,5,13176,selfplay_eval,0.05,0,93,93
2025-11-27T10:10:43.515978+00:00,selfplay_eval,5,13177,selfplay_eval,0.05,1,91,92
2025-11-27T10:10:43.516122+00:00,selfplay_eval,5,13178,selfplay_eval,0.05,0,96,96
2025-11-27T10:10:43.516271+00:00,selfplay_eval,5,13179,selfplay_eval,0.05,0,90,90
2025-11-27T10:10:43.516416+00:00,selfplay_eval,5,13180,selfplay_eval,0.05,0,98,98
2025-11-27T10:10:43.516559+00:00,selfplay_eval,5,13181,selfplay_eval,0.05,0,97,97
2025-11-27T10:10:43.516703+00:00,selfplay_eval,5,13182,selfplay_eval,0.05,1,97,98
2025-11-27T10:10:43.516846+00:00,selfplay_eval,5,13183,selfplay_eval,0.05,0,97,97
2025-11-27T10:10:43.517016+00:00,selfplay_eval,5,13184,selfplay_eval,0.05,1,85,86
2025-11-27T10:10:43.517160+00:00,selfplay_eval,5,13185,selfplay_eval,0.05,0,85,85
2025-11-27T10:10:43.517302+00:00,selfplay_eval,5,13186,selfplay_eval,0.05,0,97,97
2025-11-27T10:10:43.517445+00:00,selfplay_eval,5,13187,selfplay_eval,0.05,0,95,95
2025-11-27T10:10:43.517586+00:00,selfplay_eval,5,13188,selfplay_eval,0.05,1,87,88
2025-11-27T10:10:43.517761+00:00,selfplay_eval,5,13189,selfplay_eval,0.05,0,92,92
2025-11-27T10:10:43.517910+00:00,selfplay_eval,5,13190,selfplay_eval,0.05,1,94,95
2025-11-27T10:10:43.518052+00:00,selfplay_eval,5,13191,selfplay_eval,0.05,1,94,95
2025-11-27T10:10:43.518198+00:00,selfplay_eval,5,13192,selfplay_eval,0.05,0,98,98
2025-11-27T10:10:43.518338+00:00,selfplay_eval,5,13193,selfplay_eval,0.05,1,94,95
2025-11-27T10:10:43.518487+00:00,selfplay_eval,5,13194,selfplay_eval,0.05,1,93,94
2025-11-27T10:10:43.518628+00:00,selfplay_eval,5,13195,selfplay_eval,0.05,1,86,87
2025-11-27T10:10:43.518781+00:00,selfplay_eval,5,13196,selfplay_eval,0.05,1,90,91
2025-11-27T10:10:43.518935+00:00,selfplay_eval,5,13197,selfplay_eval,0.05,1,93,94
2025-11-27T10:10:43.519110+00:00,selfplay_eval,5,13198,selfplay_eval,0.05,0,94,94
2025-11-27T10:10:43.519251+00:00,selfplay_eval,5,13199,selfplay_eval,0.05,0,86,86
2025-11-27T10:10:43.519396+00:00,selfplay_eval,5,13200,selfplay_eval,0.05,1,79,80
2025-11-27T10:10:43.519958+00:00,selfplay_eval,5,13201,selfplay_eval,0.05,0,83,83
2025-11-27T10:10:43.520167+00:00,selfplay_eval,5,13202,selfplay_eval,0.05,1,91,92
2025-11-27T10:10:43.520406+00:00,selfplay_eval,5,13203,selfplay_eval,0.05,1,80,81
2025-11-27T10:10:43.520646+00:00,selfplay_eval,5,13204,selfplay_eval,0.05,0,92,92
2025-11-27T10:10:43.520908+00:00,selfplay_eval,5,13205,selfplay_eval,0.05,1,98,99
2025-11-27T10:10:43.521116+00:00,selfplay_eval,5,13206,selfplay_eval,0.05,0,99,99
2025-11-27T10:10:43.521274+00:00,selfplay_eval,5,13207,selfplay_eval,0.05,0,90,90
2025-11-27T10:10:43.521436+00:00,selfplay_eval,5,13208,selfplay_eval,0.05,0,93,93
2025-11-27T10:10:43.521617+00:00,selfplay_eval,5,13209,selfplay_eval,0.05,1,98,99
2025-11-27T10:10:43.521916+00:00,selfplay_eval,5,13210,selfplay_eval,0.05,1,95,96
2025-11-27T10:10:43.522136+00:00,selfplay_eval,5,13211,selfplay_eval,0.05,1,95,96
2025-11-27T10:10:43.522359+00:00,selfplay_eval,5,13212,selfplay_eval,0.05,1,84,85
2025-11-27T10:10:43.522559+00:00,selfplay_eval,5,13213,selfplay_eval,0.05,1,96,97
2025-11-27T10:10:43.522718+00:00,selfplay_eval,5,13214,selfplay_eval,0.05,1,84,85
2025-11-27T10:10:43.522865+00:00,selfplay_eval,5,13215,selfplay_eval,0.05,1,92,93
2025-11-27T10:10:43.523018+00:00,selfplay_eval,5,13216,selfplay_eval,0.05,0,90,90
2025-11-27T10:10:43.523183+00:00,selfplay_eval,5,13217,selfplay_eval,0.05,1,98,99
2025-11-27T10:10:43.523327+00:00,selfplay_eval,5,13218,selfplay_eval,0.05,0,93,93
2025-11-27T10:10:43.523469+00:00,selfplay_eval,5,13219,selfplay_eval,0.05,0,89,89
2025-11-27T10:10:43.523608+00:00,selfplay_eval,5,13220,selfplay_eval,0.05,1,92,93
2025-11-27T10:10:43.523747+00:00,selfplay_eval,5,13221,selfplay_eval,0.05,0,94,94
2025-11-27T10:10:43.523887+00:00,selfplay_eval,5,13222,selfplay_eval,0.05,1,94,95
2025-11-27T10:10:43.524025+00:00,selfplay_eval,5,13223,selfplay_eval,0.05,1,98,99
2025-11-27T10:10:43.524163+00:00,selfplay_eval,5,13224,selfplay_eval,0.05,1,96,97
2025-11-27T10:10:43.524302+00:00,selfplay_eval,5,13225,selfplay_eval,0.05,0,98,98
2025-11-27T10:10:43.524439+00:00,selfplay_eval,5,13226,selfplay_eval,0.05,0,92,92
2025-11-27T10:10:43.524576+00:00,selfplay_eval,5,13227,selfplay_eval,0.05,0,95,95
2025-11-27T10:10:43.524713+00:00,selfplay_eval,5,13228,selfplay_eval,0.05,1,98,99
2025-11-27T10:10:43.524854+00:00,selfplay_eval,5,13229,selfplay_eval,0.05,1,88,89
2025-11-27T10:10:43.524992+00:00,selfplay_eval,5,13230,selfplay_eval,0.05,1,98,99
2025-11-27T10:10:43.525128+00:00,selfplay_eval,5,13231,selfplay_eval,0.05,0,84,84
2025-11-27T10:10:43.525264+00:00,selfplay_eval,5,13232,selfplay_eval,0.05,1,97,98
2025-11-27T10:10:43.525400+00:00,selfplay_eval,5,13233,selfplay_eval,0.05,1,95,96
2025-11-27T10:10:43.525537+00:00,selfplay_eval,5,13234,selfplay_eval,0.05,0,94,94
2025-11-27T10:10:43.525684+00:00,selfplay_eval,5,13235,selfplay_eval,0.05,0,97,97
2025-11-27T10:10:43.525825+00:00,selfplay_eval,5,13236,selfplay_eval,0.05,1,94,95
2025-11-27T10:10:43.525997+00:00,selfplay_eval,5,13237,selfplay_eval,0.05,1,82,83
2025-11-27T10:10:43.526135+00:00,selfplay_eval,5,13238,selfplay_eval,0.05,1,90,91
2025-11-27T10:10:43.526271+00:00,selfplay_eval,5,13239,selfplay_eval,0.05,1,88,89
2025-11-27T10:10:43.526405+00:00,selfplay_eval,5,13240,selfplay_eval,0.05,0,92,92
2025-11-27T10:10:43.526540+00:00,selfplay_eval,5,13241,selfplay_eval,0.05,1,95,96
2025-11-27T10:10:43.526673+00:00,selfplay_eval,5,13242,selfplay_eval,0.05,0,86,86
2025-11-27T10:10:43.526806+00:00,selfplay_eval,5,13243,selfplay_eval,0.05,1,90,91
2025-11-27T10:10:43.526938+00:00,selfplay_eval,5,13244,selfplay_eval,0.05,1,90,91
2025-11-27T10:10:43.527070+00:00,selfplay_eval,5,13245,selfplay_eval,0.05,0,96,96
2025-11-27T10:10:43.527207+00:00,selfplay_eval,5,13246,selfplay_eval,0.05,1,97,98
2025-11-27T10:10:43.527341+00:00,selfplay_eval,5,13247,selfplay_eval,0.05,0,79,79
2025-11-27T10:10:43.527479+00:00,selfplay_eval,5,13248,selfplay_eval,0.05,0,96,96
2025-11-27T10:10:43.527612+00:00,selfplay_eval,5,13249,selfplay_eval,0.05,0,98,98
2025-11-27T10:10:43.527745+00:00,selfplay_eval,5,13250,selfplay_eval,0.05,0,94,94
2025-11-27T10:10:43.527877+00:00,selfplay_eval,5,13251,selfplay_eval,0.05,0,97,97
2025-11-27T10:10:43.528010+00:00,selfplay_eval,5,13252,selfplay_eval,0.05,1,99,100
2025-11-27T10:10:43.528141+00:00,selfplay_eval,5,13253,selfplay_eval,0.05,1,95,96
2025-11-27T10:10:43.528275+00:00,selfplay_eval,5,13254,selfplay_eval,0.05,1,99,100
2025-11-27T10:10:43.528409+00:00,selfplay_eval,5,13255,selfplay_eval,0.05,0,98,98
2025-11-27T10:10:43.528543+00:00,selfplay_eval,5,13256,selfplay_eval,0.05,0,97,97
2025-11-27T10:10:43.528678+00:00,selfplay_eval,5,13257,selfplay_eval,0.05,1,97,98
2025-11-27T10:10:43.528815+00:00,selfplay_eval,5,13258,selfplay_eval,0.05,1,98,99
2025-11-27T10:10:43.528951+00:00,selfplay_eval,5,13259,selfplay_eval,0.05,0,97,97
2025-11-27T10:10:43.529086+00:00,selfplay_eval,5,13260,selfplay_eval,0.05,1,98,99
2025-11-27T10:10:43.529249+00:00,selfplay_eval,5,13261,selfplay_eval,0.05,1,93,94
2025-11-27T10:10:43.529431+00:00,selfplay_eval,5,13262,selfplay_eval,0.05,1,92,93
2025-11-27T10:10:43.529699+00:00,selfplay_eval,5,13263,selfplay_eval,0.05,1,93,94
2025-11-27T10:10:43.529875+00:00,selfplay_eval,5,13264,selfplay_eval,0.05,0,82,82
2025-11-27T10:10:43.530036+00:00,selfplay_eval,5,13265,selfplay_eval,0.05,1,88,89
2025-11-27T10:10:43.530200+00:00,selfplay_eval,5,13266,selfplay_eval,0.05,0,70,70
2025-11-27T10:10:43.530368+00:00,selfplay_eval,5,13267,selfplay_eval,0.05,1,88,89
2025-11-27T10:10:43.530523+00:00,selfplay_eval,5,13268,selfplay_eval,0.05,0,94,94
2025-11-27T10:10:43.530673+00:00,selfplay_eval,5,13269,selfplay_eval,0.05,1,95,96
2025-11-27T10:10:43.530820+00:00,selfplay_eval,5,13270,selfplay_eval,0.05,0,90,90
2025-11-27T10:10:43.530966+00:00,selfplay_eval,5,13271,selfplay_eval,0.05,1,95,96
2025-11-27T10:10:43.531112+00:00,selfplay_eval,5,13272,selfplay_eval,0.05,0,96,96
2025-11-27T10:10:43.531258+00:00,selfplay_eval,5,13273,selfplay_eval,0.05,0,99,99
2025-11-27T10:10:43.531413+00:00,selfplay_eval,5,13274,selfplay_eval,0.05,0,93,93
2025-11-27T10:10:43.531561+00:00,selfplay_eval,5,13275,selfplay_eval,0.05,0,94,94
2025-11-27T10:10:43.531721+00:00,selfplay_eval,5,13276,selfplay_eval,0.05,1,93,94
2025-11-27T10:10:43.531870+00:00,selfplay_eval,5,13277,selfplay_eval,0.05,0,94,94
2025-11-27T10:10:43.532019+00:00,selfplay_eval,5,13278,selfplay_eval,0.05,1,96,97
2025-11-27T10:10:43.532210+00:00,selfplay_eval,5,13279,selfplay_eval,0.05,1,99,100
2025-11-27T10:10:43.532402+00:00,selfplay_eval,5,13280,selfplay_eval,0.05,1,89,90
2025-11-27T10:10:43.532558+00:00,selfplay_eval,5,13281,selfplay_eval,0.05,0,95,95
2025-11-27T10:10:43.532715+00:00,selfplay_eval,5,13282,selfplay_eval,0.05,1,89,90
2025-11-27T10:10:43.532861+00:00,selfplay_eval,5,13283,selfplay_eval,0.05,0,75,75
2025-11-27T10:10:43.533004+00:00,selfplay_eval,5,13284,selfplay_eval,0.05,0,92,92
2025-11-27T10:10:43.533144+00:00,selfplay_eval,5,13285,selfplay_eval,0.05,0,89,89
2025-11-27T10:10:43.533282+00:00,selfplay_eval,5,13286,selfplay_eval,0.05,0,96,96
2025-11-27T10:10:43.533421+00:00,selfplay_eval,5,13287,selfplay_eval,0.05,1,89,90
2025-11-27T10:10:43.533557+00:00,selfplay_eval,5,13288,selfplay_eval,0.05,0,98,98
2025-11-27T10:10:43.533694+00:00,selfplay_eval,5,13289,selfplay_eval,0.05,0,98,98
2025-11-27T10:10:43.533830+00:00,selfplay_eval,5,13290,selfplay_eval,0.05,1,91,92
2025-11-27T10:10:43.533967+00:00,selfplay_eval,5,13291,selfplay_eval,0.05,0,95,95
2025-11-27T10:10:43.534102+00:00,selfplay_eval,5,13292,selfplay_eval,0.05,0,98,98
2025-11-27T10:10:43.534251+00:00,selfplay_eval,5,13293,selfplay_eval,0.05,1,87,88
2025-11-27T10:10:43.534392+00:00,selfplay_eval,5,13294,selfplay_eval,0.05,1,93,94
2025-11-27T10:10:43.534530+00:00,selfplay_eval,5,13295,selfplay_eval,0.05,1,93,94
2025-11-27T10:10:43.534680+00:00,selfplay_eval,5,13296,selfplay_eval,0.05,0,95,95
2025-11-27T10:10:43.534826+00:00,selfplay_eval,5,13297,selfplay_eval,0.05,0,93,93
2025-11-27T10:10:43.534966+00:00,selfplay_eval,5,13298,selfplay_eval,0.05,1,99,100
2025-11-27T10:10:43.535104+00:00,selfplay_eval,5,13299,selfplay_eval,0.05,1,89,90
2025-11-27T10:10:43.535241+00:00,selfplay_eval,5,13300,selfplay_eval,0.05,1,94,95
2025-11-27T10:10:43.535379+00:00,selfplay_eval,5,13301,selfplay_eval,0.05,0,91,91
2025-11-27T10:10:43.535523+00:00,selfplay_eval,5,13302,selfplay_eval,0.05,0,93,93
2025-11-27T10:10:43.535734+00:00,selfplay_eval,5,13303,selfplay_eval,0.05,0,98,98
2025-11-27T10:10:43.535916+00:00,selfplay_eval,5,13304,selfplay_eval,0.05,1,97,98
2025-11-27T10:10:43.536144+00:00,selfplay_eval,5,13305,selfplay_eval,0.05,0,98,98
2025-11-27T10:10:43.536411+00:00,selfplay_eval,5,13306,selfplay_eval,0.05,0,99,99
2025-11-27T10:10:43.536582+00:00,selfplay_eval,5,13307,selfplay_eval,0.05,1,96,97
2025-11-27T10:10:43.536821+00:00,selfplay_eval,5,13308,selfplay_eval,0.05,1,92,93
2025-11-27T10:10:43.536998+00:00,selfplay_eval,5,13309,selfplay_eval,0.05,1,85,86
2025-11-27T10:10:43.537185+00:00,selfplay_eval,5,13310,selfplay_eval,0.05,1,96,97
2025-11-27T10:10:43.537336+00:00,selfplay_eval,5,13311,selfplay_eval,0.05,1,72,73
2025-11-27T10:10:43.537485+00:00,selfplay_eval,5,13312,selfplay_eval,0.05,0,96,96
2025-11-27T10:10:43.537645+00:00,selfplay_eval,5,13313,selfplay_eval,0.05,0,87,87
2025-11-27T10:10:43.537790+00:00,selfplay_eval,5,13314,selfplay_eval,0.05,1,95,96
2025-11-27T10:10:43.537933+00:00,selfplay_eval,5,13315,selfplay_eval,0.05,1,88,89
2025-11-27T10:10:43.538078+00:00,selfplay_eval,5,13316,selfplay_eval,0.05,0,94,94
2025-11-27T10:10:43.538216+00:00,selfplay_eval,5,13317,selfplay_eval,0.05,1,86,87
2025-11-27T10:10:43.538352+00:00,selfplay_eval,5,13318,selfplay_eval,0.05,1,95,96
2025-11-27T10:10:43.538487+00:00,selfplay_eval,5,13319,selfplay_eval,0.05,0,95,95
2025-11-27T10:10:43.538633+00:00,selfplay_eval,5,13320,selfplay_eval,0.05,1,89,90
2025-11-27T10:10:43.538770+00:00,selfplay_eval,5,13321,selfplay_eval,0.05,1,79,80
2025-11-27T10:10:43.538906+00:00,selfplay_eval,5,13322,selfplay_eval,0.05,0,90,90
2025-11-27T10:10:43.539041+00:00,selfplay_eval,5,13323,selfplay_eval,0.05,1,95,96
2025-11-27T10:10:43.539177+00:00,selfplay_eval,5,13324,selfplay_eval,0.05,0,92,92
2025-11-27T10:10:43.539312+00:00,selfplay_eval,5,13325,selfplay_eval,0.05,0,98,98
2025-11-27T10:10:43.539446+00:00,selfplay_eval,5,13326,selfplay_eval,0.05,1,90,91
2025-11-27T10:10:43.539588+00:00,selfplay_eval,5,13327,selfplay_eval,0.05,1,89,90
2025-11-27T10:10:43.539728+00:00,selfplay_eval,5,13328,selfplay_eval,0.05,0,89,89
2025-11-27T10:10:43.539865+00:00,selfplay_eval,5,13329,selfplay_eval,0.05,1,85,86
2025-11-27T10:10:43.540011+00:00,selfplay_eval,5,13330,selfplay_eval,0.05,0,99,99
2025-11-27T10:10:43.540153+00:00,selfplay_eval,5,13331,selfplay_eval,0.05,0,96,96
2025-11-27T10:10:43.540294+00:00,selfplay_eval,5,13332,selfplay_eval,0.05,0,82,82
2025-11-27T10:10:43.540430+00:00,selfplay_eval,5,13333,selfplay_eval,0.05,1,95,96
2025-11-27T10:10:43.540583+00:00,selfplay_eval,5,13334,selfplay_eval,0.05,1,98,99
2025-11-27T10:10:43.540724+00:00,selfplay_eval,5,13335,selfplay_eval,0.05,1,89,90
2025-11-27T10:10:43.540866+00:00,selfplay_eval,5,13336,selfplay_eval,0.05,0,92,92
2025-11-27T10:10:43.541007+00:00,selfplay_eval,5,13337,selfplay_eval,0.05,0,95,95
2025-11-27T10:10:43.541153+00:00,selfplay_eval,5,13338,selfplay_eval,0.05,1,94,95
2025-11-27T10:10:43.541290+00:00,selfplay_eval,5,13339,selfplay_eval,0.05,1,96,97
2025-11-27T10:10:43.541425+00:00,selfplay_eval,5,13340,selfplay_eval,0.05,0,84,84
2025-11-27T10:10:43.541561+00:00,selfplay_eval,5,13341,selfplay_eval,0.05,1,76,77
2025-11-27T10:10:43.541696+00:00,selfplay_eval,5,13342,selfplay_eval,0.05,1,93,94
2025-11-27T10:10:43.541836+00:00,selfplay_eval,5,13343,selfplay_eval,0.05,1,94,95
2025-11-27T10:10:43.541972+00:00,selfplay_eval,5,13344,selfplay_eval,0.05,1,96,97
2025-11-27T10:10:43.542107+00:00,selfplay_eval,5,13345,selfplay_eval,0.05,0,98,98
2025-11-27T10:10:43.542247+00:00,selfplay_eval,5,13346,selfplay_eval,0.05,1,90,91
2025-11-27T10:10:43.542384+00:00,selfplay_eval,5,13347,selfplay_eval,0.05,0,94,94
2025-11-27T10:10:43.542522+00:00,selfplay_eval,5,13348,selfplay_eval,0.05,1,97,98
2025-11-27T10:10:43.542833+00:00,selfplay_eval,5,13349,selfplay_eval,0.05,1,70,71
2025-11-27T10:10:43.543044+00:00,selfplay_eval,5,13350,selfplay_eval,0.05,1,94,95
2025-11-27T10:10:43.543257+00:00,selfplay_eval,5,13351,selfplay_eval,0.05,1,92,93
2025-11-27T10:10:43.543415+00:00,selfplay_eval,5,13352,selfplay_eval,0.05,0,96,96
2025-11-27T10:10:43.543617+00:00,selfplay_eval,5,13353,selfplay_eval,0.05,1,98,99
2025-11-27T10:10:43.543817+00:00,selfplay_eval,5,13354,selfplay_eval,0.05,1,95,96
2025-11-27T10:10:43.543985+00:00,selfplay_eval,5,13355,selfplay_eval,0.05,1,92,93
2025-11-27T10:10:43.544146+00:00,selfplay_eval,5,13356,selfplay_eval,0.05,1,91,92
2025-11-27T10:10:43.544301+00:00,selfplay_eval,5,13357,selfplay_eval,0.05,1,87,88
2025-11-27T10:10:43.544452+00:00,selfplay_eval,5,13358,selfplay_eval,0.05,1,75,76
2025-11-27T10:10:43.544601+00:00,selfplay_eval,5,13359,selfplay_eval,0.05,0,89,89
2025-11-27T10:10:43.544751+00:00,selfplay_eval,5,13360,selfplay_eval,0.05,0,98,98
2025-11-27T10:10:43.544899+00:00,selfplay_eval,5,13361,selfplay_eval,0.05,1,86,87
2025-11-27T10:10:43.545048+00:00,selfplay_eval,5,13362,selfplay_eval,0.05,1,89,90
2025-11-27T10:10:43.545195+00:00,selfplay_eval,5,13363,selfplay_eval,0.05,0,85,85
2025-11-27T10:10:43.545341+00:00,selfplay_eval,5,13364,selfplay_eval,0.05,1,80,81
2025-11-27T10:10:43.545489+00:00,selfplay_eval,5,13365,selfplay_eval,0.05,1,93,94
2025-11-27T10:10:43.545638+00:00,selfplay_eval,5,13366,selfplay_eval,0.05,1,92,93
2025-11-27T10:10:43.545785+00:00,selfplay_eval,5,13367,selfplay_eval,0.05,1,84,85
2025-11-27T10:10:43.545932+00:00,selfplay_eval,5,13368,selfplay_eval,0.05,0,96,96
2025-11-27T10:10:43.546079+00:00,selfplay_eval,5,13369,selfplay_eval,0.05,1,96,97
2025-11-27T10:10:43.546226+00:00,selfplay_eval,5,13370,selfplay_eval,0.05,0,99,99
2025-11-27T10:10:43.546424+00:00,selfplay_eval,5,13371,selfplay_eval,0.05,1,90,91
2025-11-27T10:10:43.546584+00:00,selfplay_eval,5,13372,selfplay_eval,0.05,0,94,94
2025-11-27T10:10:43.546732+00:00,selfplay_eval,5,13373,selfplay_eval,0.05,1,92,93
2025-11-27T10:10:43.546879+00:00,selfplay_eval,5,13374,selfplay_eval,0.05,0,92,92
2025-11-27T10:10:43.547027+00:00,selfplay_eval,5,13375,selfplay_eval,0.05,0,94,94
2025-11-27T10:10:43.547172+00:00,selfplay_eval,5,13376,selfplay_eval,0.05,0,65,65
2025-11-27T10:10:43.547319+00:00,selfplay_eval,5,13377,selfplay_eval,0.05,1,96,97
2025-11-27T10:10:43.547465+00:00,selfplay_eval,5,13378,selfplay_eval,0.05,0,91,91
2025-11-27T10:10:43.547612+00:00,selfplay_eval,5,13379,selfplay_eval,0.05,1,93,94
2025-11-27T10:10:43.547760+00:00,selfplay_eval,5,13380,selfplay_eval,0.05,0,96,96
2025-11-27T10:10:43.547918+00:00,selfplay_eval,5,13381,selfplay_eval,0.05,1,97,98
2025-11-27T10:10:43.548068+00:00,selfplay_eval,5,13382,selfplay_eval,0.05,1,89,90
2025-11-27T10:10:43.548214+00:00,selfplay_eval,5,13383,selfplay_eval,0.05,1,99,100
2025-11-27T10:10:43.548361+00:00,selfplay_eval,5,13384,selfplay_eval,0.05,1,90,91
2025-11-27T10:10:43.548508+00:00,selfplay_eval,5,13385,selfplay_eval,0.05,0,96,96
2025-11-27T10:10:43.548653+00:00,selfplay_eval,5,13386,selfplay_eval,0.05,1,89,90
2025-11-27T10:10:43.548799+00:00,selfplay_eval,5,13387,selfplay_eval,0.05,1,86,87
2025-11-27T10:10:43.548945+00:00,selfplay_eval,5,13388,selfplay_eval,0.05,1,91,92
2025-11-27T10:10:43.549092+00:00,selfplay_eval,5,13389,selfplay_eval,0.05,1,97,98
2025-11-27T10:10:43.549238+00:00,selfplay_eval,5,13390,selfplay_eval,0.05,1,87,88
2025-11-27T10:10:43.549382+00:00,selfplay_eval,5,13391,selfplay_eval,0.05,0,97,97
2025-11-27T10:10:43.549526+00:00,selfplay_eval,5,13392,selfplay_eval,0.05,0,95,95
2025-11-27T10:10:43.549671+00:00,selfplay_eval,5,13393,selfplay_eval,0.05,0,91,91
2025-11-27T10:10:43.549816+00:00,selfplay_eval,5,13394,selfplay_eval,0.05,0,62,62
2025-11-27T10:10:43.549962+00:00,selfplay_eval,5,13395,selfplay_eval,0.05,0,86,86
2025-11-27T10:10:43.550111+00:00,selfplay_eval,5,13396,selfplay_eval,0.05,0,94,94
2025-11-27T10:10:43.550258+00:00,selfplay_eval,5,13397,selfplay_eval,0.05,0,98,98
2025-11-27T10:10:43.550453+00:00,selfplay_eval,5,13398,selfplay_eval,0.05,1,94,95
2025-11-27T10:10:43.550611+00:00,selfplay_eval,5,13399,selfplay_eval,0.05,1,99,100
2025-11-27T10:10:43.550761+00:00,selfplay_eval,5,13400,selfplay_eval,0.05,0,97,97
2025-11-27T10:10:43.550910+00:00,selfplay_eval,5,13401,selfplay_eval,0.05,1,86,87
2025-11-27T10:10:43.551102+00:00,selfplay_eval,5,13402,selfplay_eval,0.05,0,86,86
2025-11-27T10:10:43.551292+00:00,selfplay_eval,5,13403,selfplay_eval,0.05,1,89,90
2025-11-27T10:10:43.551452+00:00,selfplay_eval,5,13404,selfplay_eval,0.05,0,92,92
2025-11-27T10:10:43.551603+00:00,selfplay_eval,5,13405,selfplay_eval,0.05,1,88,89
2025-11-27T10:10:43.551750+00:00,selfplay_eval,5,13406,selfplay_eval,0.05,0,88,88
2025-11-27T10:10:43.551895+00:00,selfplay_eval,5,13407,selfplay_eval,0.05,1,99,100
2025-11-27T10:10:43.552036+00:00,selfplay_eval,5,13408,selfplay_eval,0.05,1,96,97
2025-11-27T10:10:43.552177+00:00,selfplay_eval,5,13409,selfplay_eval,0.05,1,90,91
2025-11-27T10:10:43.552390+00:00,selfplay_eval,5,13410,selfplay_eval,0.05,0,97,97
2025-11-27T10:10:43.552569+00:00,selfplay_eval,5,13411,selfplay_eval,0.05,1,97,98
2025-11-27T10:10:43.552727+00:00,selfplay_eval,5,13412,selfplay_eval,0.05,0,99,99
2025-11-27T10:10:43.552877+00:00,selfplay_eval,5,13413,selfplay_eval,0.05,1,98,99
2025-11-27T10:10:43.553023+00:00,selfplay_eval,5,13414,selfplay_eval,0.05,0,98,98
2025-11-27T10:10:43.553166+00:00,selfplay_eval,5,13415,selfplay_eval,0.05,1,85,86
2025-11-27T10:10:43.553324+00:00,selfplay_eval,5,13416,selfplay_eval,0.05,0,93,93
2025-11-27T10:10:43.553480+00:00,selfplay_eval,5,13417,selfplay_eval,0.05,1,88,89
2025-11-27T10:10:43.553634+00:00,selfplay_eval,5,13418,selfplay_eval,0.05,0,96,96
2025-11-27T10:10:43.553793+00:00,selfplay_eval,5,13419,selfplay_eval,0.05,0,93,93
2025-11-27T10:10:43.553928+00:00,selfplay_eval,5,13420,selfplay_eval,0.05,0,88,88
2025-11-27T10:10:43.554062+00:00,selfplay_eval,5,13421,selfplay_eval,0.05,0,91,91
2025-11-27T10:10:43.554197+00:00,selfplay_eval,5,13422,selfplay_eval,0.05,1,97,98
2025-11-27T10:10:43.554331+00:00,selfplay_eval,5,13423,selfplay_eval,0.05,0,96,96
2025-11-27T10:10:43.554464+00:00,selfplay_eval,5,13424,selfplay_eval,0.05,0,89,89
2025-11-27T10:10:43.554597+00:00,selfplay_eval,5,13425,selfplay_eval,0.05,0,95,95
2025-11-27T10:10:43.554731+00:00,selfplay_eval,5,13426,selfplay_eval,0.05,1,86,87
2025-11-27T10:10:43.554864+00:00,selfplay_eval,5,13427,selfplay_eval,0.05,0,91,91
2025-11-27T10:10:43.554997+00:00,selfplay_eval,5,13428,selfplay_eval,0.05,1,94,95
2025-11-27T10:10:43.555130+00:00,selfplay_eval,5,13429,selfplay_eval,0.05,0,93,93
2025-11-27T10:10:43.555263+00:00,selfplay_eval,5,13430,selfplay_eval,0.05,1,69,70
2025-11-27T10:10:43.555397+00:00,selfplay_eval,5,13431,selfplay_eval,0.05,0,91,91
2025-11-27T10:10:43.555529+00:00,selfplay_eval,5,13432,selfplay_eval,0.05,1,95,96
2025-11-27T10:10:43.555663+00:00,selfplay_eval,5,13433,selfplay_eval,0.05,0,95,95
2025-11-27T10:10:43.555796+00:00,selfplay_eval,5,13434,selfplay_eval,0.05,1,89,90
2025-11-27T10:10:43.555930+00:00,selfplay_eval,5,13435,selfplay_eval,0.05,1,99,100
2025-11-27T10:10:43.556063+00:00,selfplay_eval,5,13436,selfplay_eval,0.05,1,97,98
2025-11-27T10:10:43.556196+00:00,selfplay_eval,5,13437,selfplay_eval,0.05,1,97,98
2025-11-27T10:10:43.556328+00:00,selfplay_eval,5,13438,selfplay_eval,0.05,1,90,91
2025-11-27T10:10:43.556460+00:00,selfplay_eval,5,13439,selfplay_eval,0.05,1,89,90
2025-11-27T10:10:43.556593+00:00,selfplay_eval,5,13440,selfplay_eval,0.05,1,81,82
2025-11-27T10:10:43.556726+00:00,selfplay_eval,5,13441,selfplay_eval,0.05,1,94,95
2025-11-27T10:10:43.556860+00:00,selfplay_eval,5,13442,selfplay_eval,0.05,0,98,98
2025-11-27T10:10:43.556993+00:00,selfplay_eval,5,13443,selfplay_eval,0.05,0,95,95
2025-11-27T10:10:43.557133+00:00,selfplay_eval,5,13444,selfplay_eval,0.05,0,97,97
2025-11-27T10:10:43.557271+00:00,selfplay_eval,5,13445,selfplay_eval,0.05,0,98,98
2025-11-27T10:10:43.557404+00:00,selfplay_eval,5,13446,selfplay_eval,0.05,1,90,91
2025-11-27T10:10:43.557538+00:00,selfplay_eval,5,13447,selfplay_eval,0.05,1,93,94
2025-11-27T10:10:43.557683+00:00,selfplay_eval,5,13448,selfplay_eval,0.05,1,98,99
2025-11-27T10:10:43.557814+00:00,selfplay_eval,5,13449,selfplay_eval,0.05,1,97,98
2025-11-27T10:10:43.557944+00:00,selfplay_eval,5,13450,selfplay_eval,0.05,0,86,86
2025-11-27T10:10:43.558073+00:00,selfplay_eval,5,13451,selfplay_eval,0.05,0,96,96
2025-11-27T10:10:43.558202+00:00,selfplay_eval,5,13452,selfplay_eval,0.05,0,87,87
2025-11-27T10:10:43.558332+00:00,selfplay_eval,5,13453,selfplay_eval,0.05,1,77,78
2025-11-27T10:10:43.558466+00:00,selfplay_eval,5,13454,selfplay_eval,0.05,0,84,84
2025-11-27T10:10:43.558597+00:00,selfplay_eval,5,13455,selfplay_eval,0.05,0,93,93
2025-11-27T10:10:43.558727+00:00,selfplay_eval,5,13456,selfplay_eval,0.05,0,86,86
2025-11-27T10:10:43.558857+00:00,selfplay_eval,5,13457,selfplay_eval,0.05,0,91,91
2025-11-27T10:10:43.558988+00:00,selfplay_eval,5,13458,selfplay_eval,0.05,0,91,91
2025-11-27T10:10:43.559119+00:00,selfplay_eval,5,13459,selfplay_eval,0.05,1,91,92
2025-11-27T10:10:43.559249+00:00,selfplay_eval,5,13460,selfplay_eval,0.05,1,94,95
2025-11-27T10:10:43.559380+00:00,selfplay_eval,5,13461,selfplay_eval,0.05,1,92,93
2025-11-27T10:10:43.559510+00:00,selfplay_eval,5,13462,selfplay_eval,0.05,1,89,90
2025-11-27T10:10:43.559639+00:00,selfplay_eval,5,13463,selfplay_eval,0.05,1,97,98
2025-11-27T10:10:43.559769+00:00,selfplay_eval,5,13464,selfplay_eval,0.05,1,97,98
2025-11-27T10:10:43.559898+00:00,selfplay_eval,5,13465,selfplay_eval,0.05,1,99,100
2025-11-27T10:10:43.560028+00:00,selfplay_eval,5,13466,selfplay_eval,0.05,1,81,82
2025-11-27T10:10:43.560157+00:00,selfplay_eval,5,13467,selfplay_eval,0.05,1,97,98
2025-11-27T10:10:43.560288+00:00,selfplay_eval,5,13468,selfplay_eval,0.05,1,84,85
2025-11-27T10:10:43.560416+00:00,selfplay_eval,5,13469,selfplay_eval,0.05,1,88,89
2025-11-27T10:10:43.560546+00:00,selfplay_eval,5,13470,selfplay_eval,0.05,1,96,97
2025-11-27T10:10:43.560675+00:00,selfplay_eval,5,13471,selfplay_eval,0.05,1,90,91
2025-11-27T10:10:43.560804+00:00,selfplay_eval,5,13472,selfplay_eval,0.05,1,89,90
2025-11-27T10:10:43.560998+00:00,selfplay_eval,5,13473,selfplay_eval,0.05,0,91,91
2025-11-27T10:10:43.561158+00:00,selfplay_eval,5,13474,selfplay_eval,0.05,1,95,96
2025-11-27T10:10:43.561303+00:00,selfplay_eval,5,13475,selfplay_eval,0.05,0,99,99
2025-11-27T10:10:43.561441+00:00,selfplay_eval,5,13476,selfplay_eval,0.05,1,98,99
2025-11-27T10:10:43.561575+00:00,selfplay_eval,5,13477,selfplay_eval,0.05,1,87,88
2025-11-27T10:10:43.561708+00:00,selfplay_eval,5,13478,selfplay_eval,0.05,1,80,81
2025-11-27T10:10:43.561839+00:00,selfplay_eval,5,13479,selfplay_eval,0.05,1,86,87
2025-11-27T10:10:43.561969+00:00,selfplay_eval,5,13480,selfplay_eval,0.05,0,89,89
2025-11-27T10:10:43.562100+00:00,selfplay_eval,5,13481,selfplay_eval,0.05,0,94,94
2025-11-27T10:10:43.562229+00:00,selfplay_eval,5,13482,selfplay_eval,0.05,1,97,98
2025-11-27T10:10:43.562359+00:00,selfplay_eval,5,13483,selfplay_eval,0.05,0,99,99
2025-11-27T10:10:43.562495+00:00,selfplay_eval,5,13484,selfplay_eval,0.05,0,84,84
2025-11-27T10:10:43.562642+00:00,selfplay_eval,5,13485,selfplay_eval,0.05,1,76,77
2025-11-27T10:10:43.562775+00:00,selfplay_eval,5,13486,selfplay_eval,0.05,1,97,98
2025-11-27T10:10:43.562908+00:00,selfplay_eval,5,13487,selfplay_eval,0.05,1,96,97
2025-11-27T10:10:43.563042+00:00,selfplay_eval,5,13488,selfplay_eval,0.05,0,92,92
2025-11-27T10:10:43.563175+00:00,selfplay_eval,5,13489,selfplay_eval,0.05,0,94,94
2025-11-27T10:10:43.563307+00:00,selfplay_eval,5,13490,selfplay_eval,0.05,1,96,97
2025-11-27T10:10:43.563440+00:00,selfplay_eval,5,13491,selfplay_eval,0.05,0,99,99
2025-11-27T10:10:43.563588+00:00,selfplay_eval,5,13492,selfplay_eval,0.05,1,90,91
2025-11-27T10:10:43.563717+00:00,selfplay_eval,5,13493,selfplay_eval,0.05,1,91,92
2025-11-27T10:10:43.563849+00:00,selfplay_eval,5,13494,selfplay_eval,0.05,0,95,95
2025-11-27T10:10:43.563978+00:00,selfplay_eval,5,13495,selfplay_eval,0.05,1,90,91
2025-11-27T10:10:43.564107+00:00,selfplay_eval,5,13496,selfplay_eval,0.05,0,95,95
2025-11-27T10:10:43.564236+00:00,selfplay_eval,5,13497,selfplay_eval,0.05,0,91,91
2025-11-27T10:10:43.564365+00:00,selfplay_eval,5,13498,selfplay_eval,0.05,0,91,91
2025-11-27T10:10:43.564493+00:00,selfplay_eval,5,13499,selfplay_eval,0.05,1,98,99
2025-11-27T10:10:43.564622+00:00,selfplay_eval,5,13500,selfplay_eval,0.05,0,96,96
