timestamp,phase,round,episode,opponent,epsilon,outcome,p1_moves,p2_moves
2025-11-27T08:32:44.543141+00:00,run_start,0,0,,1.0,,,
2025-11-27T08:32:55.883453+00:00,train,1,1,self,1.0,0,90,
2025-11-27T08:32:55.883710+00:00,train,1,2,self,1.0,0,98,
2025-11-27T08:32:55.884141+00:00,train,1,3,self,1.0,0,80,
2025-11-27T08:32:55.884316+00:00,train,1,4,self,1.0,0,100,
2025-11-27T08:32:55.884480+00:00,train,1,5,self,1.0,0,98,
2025-11-27T08:32:55.884635+00:00,train,1,6,self,1.0,0,99,
2025-11-27T08:32:55.884786+00:00,train,1,7,self,1.0,0,97,
2025-11-27T08:32:55.884935+00:00,train,1,8,self,1.0,0,99,
2025-11-27T08:32:55.885082+00:00,train,1,9,self,1.0,0,95,
2025-11-27T08:32:55.885228+00:00,train,1,10,self,1.0,0,97,
2025-11-27T08:32:55.885375+00:00,train,1,11,self,1.0,0,98,
2025-11-27T08:32:55.885525+00:00,train,1,12,self,1.0,0,99,
2025-11-27T08:32:55.885672+00:00,train,1,13,self,1.0,0,93,
2025-11-27T08:32:55.885817+00:00,train,1,14,self,1.0,0,96,
2025-11-27T08:32:55.885962+00:00,train,1,15,self,1.0,0,94,
2025-11-27T08:32:55.886106+00:00,train,1,16,self,1.0,0,100,
2025-11-27T08:32:55.886256+00:00,train,1,17,self,1.0,0,93,
2025-11-27T08:32:55.886402+00:00,train,1,18,self,1.0,0,99,
2025-11-27T08:32:55.886546+00:00,train,1,19,self,1.0,0,86,
2025-11-27T08:32:55.886690+00:00,train,1,20,self,1.0,0,90,
2025-11-27T08:32:55.886836+00:00,train,1,21,self,1.0,0,98,
2025-11-27T08:32:55.886981+00:00,train,1,22,self,1.0,0,99,
2025-11-27T08:32:55.887125+00:00,train,1,23,self,1.0,0,92,
2025-11-27T08:32:55.887281+00:00,train,1,24,self,1.0,0,100,
2025-11-27T08:32:55.887427+00:00,train,1,25,self,1.0,0,87,
2025-11-27T08:32:55.887577+00:00,train,1,26,self,1.0,0,100,
2025-11-27T08:32:55.887724+00:00,train,1,27,self,1.0,0,90,
2025-11-27T08:32:55.887871+00:00,train,1,28,self,1.0,0,96,
2025-11-27T08:32:55.888015+00:00,train,1,29,self,1.0,0,88,
2025-11-27T08:32:55.888160+00:00,train,1,30,self,1.0,0,95,
2025-11-27T08:32:55.888304+00:00,train,1,31,self,1.0,0,82,
2025-11-27T08:32:55.888449+00:00,train,1,32,self,1.0,0,95,
2025-11-27T08:32:55.888594+00:00,train,1,33,self,1.0,0,89,
2025-11-27T08:32:55.888739+00:00,train,1,34,self,1.0,0,99,
2025-11-27T08:32:55.888883+00:00,train,1,35,self,1.0,0,85,
2025-11-27T08:32:55.889029+00:00,train,1,36,self,1.0,0,98,
2025-11-27T08:32:55.889174+00:00,train,1,37,self,1.0,0,92,
2025-11-27T08:32:55.889318+00:00,train,1,38,self,1.0,0,94,
2025-11-27T08:32:55.889463+00:00,train,1,39,self,1.0,0,86,
2025-11-27T08:32:55.889610+00:00,train,1,40,self,1.0,0,99,
2025-11-27T08:32:55.889754+00:00,train,1,41,self,1.0,0,94,
2025-11-27T08:32:55.889899+00:00,train,1,42,self,1.0,0,100,
2025-11-27T08:32:55.890044+00:00,train,1,43,self,1.0,0,100,
2025-11-27T08:32:55.890189+00:00,train,1,44,self,1.0,0,100,
2025-11-27T08:32:55.890334+00:00,train,1,45,self,1.0,0,94,
2025-11-27T08:32:55.890479+00:00,train,1,46,self,1.0,0,100,
2025-11-27T08:32:55.890624+00:00,train,1,47,self,1.0,0,98,
2025-11-27T08:32:55.890780+00:00,train,1,48,self,1.0,0,99,
2025-11-27T08:32:55.890920+00:00,train,1,49,self,1.0,0,83,
2025-11-27T08:32:55.891061+00:00,train,1,50,self,1.0,0,95,
2025-11-27T08:32:55.891208+00:00,train,1,51,self,1.0,0,85,
2025-11-27T08:32:55.891349+00:00,train,1,52,self,1.0,0,100,
2025-11-27T08:32:55.891488+00:00,train,1,53,self,1.0,0,96,
2025-11-27T08:32:55.891628+00:00,train,1,54,self,1.0,0,99,
2025-11-27T08:32:55.891767+00:00,train,1,55,self,1.0,0,87,
2025-11-27T08:32:55.891913+00:00,train,1,56,self,1.0,0,93,
2025-11-27T08:32:55.892054+00:00,train,1,57,self,1.0,0,93,
2025-11-27T08:32:55.892195+00:00,train,1,58,self,1.0,0,95,
2025-11-27T08:32:55.892334+00:00,train,1,59,self,1.0,0,89,
2025-11-27T08:32:55.892473+00:00,train,1,60,self,1.0,0,99,
2025-11-27T08:32:55.892613+00:00,train,1,61,self,1.0,0,96,
2025-11-27T08:32:55.892752+00:00,train,1,62,self,1.0,0,98,
2025-11-27T08:32:55.892890+00:00,train,1,63,self,1.0,0,94,
2025-11-27T08:32:55.893029+00:00,train,1,64,self,1.0,0,97,
2025-11-27T08:32:55.893168+00:00,train,1,65,self,1.0,0,84,
2025-11-27T08:32:55.893307+00:00,train,1,66,self,1.0,0,88,
2025-11-27T08:32:55.893446+00:00,train,1,67,self,1.0,0,96,
2025-11-27T08:32:55.893662+00:00,train,1,68,self,1.0,0,100,
2025-11-27T08:32:55.893804+00:00,train,1,69,self,1.0,0,94,
2025-11-27T08:32:55.893943+00:00,train,1,70,self,1.0,0,100,
2025-11-27T08:32:55.894086+00:00,train,1,71,self,1.0,0,96,
2025-11-27T08:32:55.894228+00:00,train,1,72,self,1.0,0,100,
2025-11-27T08:32:55.894384+00:00,train,1,73,self,1.0,0,92,
2025-11-27T08:32:55.894528+00:00,train,1,74,self,1.0,0,97,
2025-11-27T08:32:55.894673+00:00,train,1,75,self,1.0,0,97,
2025-11-27T08:32:55.894816+00:00,train,1,76,self,1.0,0,97,
2025-11-27T08:32:55.894957+00:00,train,1,77,self,1.0,0,88,
2025-11-27T08:32:55.895098+00:00,train,1,78,self,1.0,0,99,
2025-11-27T08:32:55.895237+00:00,train,1,79,self,1.0,0,99,
2025-11-27T08:32:55.895378+00:00,train,1,80,self,1.0,0,100,
2025-11-27T08:32:55.895519+00:00,train,1,81,self,1.0,0,82,
2025-11-27T08:32:55.895661+00:00,train,1,82,self,1.0,0,99,
2025-11-27T08:32:55.895802+00:00,train,1,83,self,1.0,0,96,
2025-11-27T08:32:55.895942+00:00,train,1,84,self,1.0,0,100,
2025-11-27T08:32:55.896083+00:00,train,1,85,self,1.0,0,93,
2025-11-27T08:32:55.896223+00:00,train,1,86,self,1.0,0,100,
2025-11-27T08:32:55.896363+00:00,train,1,87,self,1.0,0,90,
2025-11-27T08:32:55.896503+00:00,train,1,88,self,1.0,0,96,
2025-11-27T08:32:55.896644+00:00,train,1,89,self,1.0,0,97,
2025-11-27T08:32:55.896785+00:00,train,1,90,self,1.0,0,98,
2025-11-27T08:32:55.896924+00:00,train,1,91,self,1.0,0,91,
2025-11-27T08:32:55.897064+00:00,train,1,92,self,1.0,0,100,
2025-11-27T08:32:55.897206+00:00,train,1,93,self,1.0,0,82,
2025-11-27T08:32:55.897346+00:00,train,1,94,self,1.0,0,93,
2025-11-27T08:32:55.897487+00:00,train,1,95,self,1.0,0,95,
2025-11-27T08:32:55.897628+00:00,train,1,96,self,1.0,0,100,
2025-11-27T08:32:55.897768+00:00,train,1,97,self,1.0,0,86,
2025-11-27T08:32:55.897908+00:00,train,1,98,self,1.0,0,96,
2025-11-27T08:32:55.898048+00:00,train,1,99,self,1.0,0,98,
2025-11-27T08:32:55.898187+00:00,train,1,100,self,1.0,0,99,
2025-11-27T08:32:55.898330+00:00,train,1,101,self,1.0,0,89,
2025-11-27T08:32:55.898477+00:00,train,1,102,self,1.0,0,95,
2025-11-27T08:32:55.898620+00:00,train,1,103,self,1.0,0,96,
2025-11-27T08:32:55.898759+00:00,train,1,104,self,1.0,0,98,
2025-11-27T08:32:55.898899+00:00,train,1,105,self,1.0,0,89,
2025-11-27T08:32:55.899040+00:00,train,1,106,self,1.0,0,93,
2025-11-27T08:32:55.899184+00:00,train,1,107,self,1.0,0,92,
2025-11-27T08:32:55.899326+00:00,train,1,108,self,1.0,0,96,
2025-11-27T08:32:55.899465+00:00,train,1,109,self,1.0,0,89,
2025-11-27T08:32:55.899606+00:00,train,1,110,self,1.0,0,93,
2025-11-27T08:32:55.899747+00:00,train,1,111,self,1.0,0,92,
2025-11-27T08:32:55.899887+00:00,train,1,112,self,1.0,0,96,
2025-11-27T08:32:55.900035+00:00,train,1,113,self,1.0,0,97,
2025-11-27T08:32:55.900175+00:00,train,1,114,self,1.0,0,97,
2025-11-27T08:32:55.900316+00:00,train,1,115,self,1.0,0,96,
2025-11-27T08:32:55.900456+00:00,train,1,116,self,1.0,0,100,
2025-11-27T08:32:55.900597+00:00,train,1,117,self,1.0,0,98,
2025-11-27T08:32:55.900738+00:00,train,1,118,self,1.0,0,99,
2025-11-27T08:32:55.900878+00:00,train,1,119,self,1.0,0,90,
2025-11-27T08:32:55.901021+00:00,train,1,120,self,1.0,0,94,
2025-11-27T08:32:55.901163+00:00,train,1,121,self,1.0,0,92,
2025-11-27T08:32:55.901303+00:00,train,1,122,self,1.0,0,94,
2025-11-27T08:32:55.901442+00:00,train,1,123,self,1.0,0,99,
2025-11-27T08:32:55.901584+00:00,train,1,124,self,1.0,0,100,
2025-11-27T08:32:55.901722+00:00,train,1,125,self,1.0,0,97,
2025-11-27T08:32:55.901862+00:00,train,1,126,self,1.0,0,99,
2025-11-27T08:32:55.902001+00:00,train,1,127,self,1.0,0,91,
2025-11-27T08:32:55.902142+00:00,train,1,128,self,1.0,0,97,
2025-11-27T08:32:55.902283+00:00,train,1,129,self,1.0,0,99,
2025-11-27T08:32:55.902424+00:00,train,1,130,self,1.0,0,100,
2025-11-27T08:32:55.902566+00:00,train,1,131,self,1.0,0,95,
2025-11-27T08:32:55.902706+00:00,train,1,132,self,1.0,0,95,
2025-11-27T08:32:55.902846+00:00,train,1,133,self,1.0,0,98,
2025-11-27T08:32:55.902988+00:00,train,1,134,self,1.0,0,100,
2025-11-27T08:32:55.903194+00:00,train,1,135,self,1.0,0,93,
2025-11-27T08:32:55.903336+00:00,train,1,136,self,1.0,0,99,
2025-11-27T08:32:55.903477+00:00,train,1,137,self,1.0,0,95,
2025-11-27T08:32:55.903619+00:00,train,1,138,self,1.0,0,100,
2025-11-27T08:32:55.903762+00:00,train,1,139,self,1.0,0,97,
2025-11-27T08:32:55.903904+00:00,train,1,140,self,1.0,0,100,
2025-11-27T08:32:55.904048+00:00,train,1,141,self,1.0,0,91,
2025-11-27T08:32:55.904190+00:00,train,1,142,self,1.0,0,100,
2025-11-27T08:32:55.904330+00:00,train,1,143,self,1.0,0,90,
2025-11-27T08:32:55.904476+00:00,train,1,144,self,1.0,0,90,
2025-11-27T08:32:55.904617+00:00,train,1,145,self,1.0,0,90,
2025-11-27T08:32:55.904757+00:00,train,1,146,self,1.0,0,100,
2025-11-27T08:32:55.904899+00:00,train,1,147,self,1.0,0,98,
2025-11-27T08:32:55.905039+00:00,train,1,148,self,1.0,0,100,
2025-11-27T08:32:55.905179+00:00,train,1,149,self,1.0,0,97,
2025-11-27T08:32:55.905329+00:00,train,1,150,self,1.0,0,98,
2025-11-27T08:32:55.905471+00:00,train,1,151,self,1.0,0,92,
2025-11-27T08:32:55.905619+00:00,train,1,152,self,1.0,0,97,
2025-11-27T08:32:55.905762+00:00,train,1,153,self,1.0,0,88,
2025-11-27T08:32:55.905904+00:00,train,1,154,self,1.0,0,100,
2025-11-27T08:32:55.906042+00:00,train,1,155,self,1.0,0,94,
2025-11-27T08:32:55.906182+00:00,train,1,156,self,1.0,0,97,
2025-11-27T08:32:55.906321+00:00,train,1,157,self,1.0,0,95,
2025-11-27T08:32:55.906460+00:00,train,1,158,self,1.0,0,100,
2025-11-27T08:32:55.906599+00:00,train,1,159,self,1.0,0,94,
2025-11-27T08:32:55.906737+00:00,train,1,160,self,1.0,0,100,
2025-11-27T08:32:55.906876+00:00,train,1,161,self,1.0,0,98,
2025-11-27T08:32:55.907015+00:00,train,1,162,self,1.0,0,100,
2025-11-27T08:32:55.907153+00:00,train,1,163,self,1.0,0,96,
2025-11-27T08:32:55.907294+00:00,train,1,164,self,1.0,0,100,
2025-11-27T08:32:55.907433+00:00,train,1,165,self,1.0,0,95,
2025-11-27T08:32:55.907571+00:00,train,1,166,self,1.0,0,97,
2025-11-27T08:32:55.907710+00:00,train,1,167,self,1.0,0,99,
2025-11-27T08:32:55.907848+00:00,train,1,168,self,1.0,0,99,
2025-11-27T08:32:55.907986+00:00,train,1,169,self,1.0,0,89,
2025-11-27T08:32:55.908125+00:00,train,1,170,self,1.0,0,96,
2025-11-27T08:32:55.908264+00:00,train,1,171,self,1.0,0,93,
2025-11-27T08:32:55.908403+00:00,train,1,172,self,1.0,0,99,
2025-11-27T08:32:55.908543+00:00,train,1,173,self,1.0,0,88,
2025-11-27T08:32:55.908683+00:00,train,1,174,self,1.0,0,94,
2025-11-27T08:32:55.908821+00:00,train,1,175,self,1.0,0,99,
2025-11-27T08:32:55.908961+00:00,train,1,176,self,1.0,0,99,
2025-11-27T08:32:55.909101+00:00,train,1,177,self,1.0,0,97,
2025-11-27T08:32:55.909240+00:00,train,1,178,self,1.0,0,100,
2025-11-27T08:32:55.909379+00:00,train,1,179,self,1.0,0,93,
2025-11-27T08:32:55.909518+00:00,train,1,180,self,1.0,0,94,
2025-11-27T08:32:55.909657+00:00,train,1,181,self,1.0,0,86,
2025-11-27T08:32:55.909795+00:00,train,1,182,self,1.0,0,98,
2025-11-27T08:32:55.909934+00:00,train,1,183,self,1.0,0,95,
2025-11-27T08:32:55.910073+00:00,train,1,184,self,1.0,0,95,
2025-11-27T08:32:55.910212+00:00,train,1,185,self,1.0,0,88,
2025-11-27T08:32:55.910351+00:00,train,1,186,self,1.0,0,90,
2025-11-27T08:32:55.910489+00:00,train,1,187,self,1.0,0,91,
2025-11-27T08:32:55.910628+00:00,train,1,188,self,1.0,0,94,
2025-11-27T08:32:55.910767+00:00,train,1,189,self,1.0,0,83,
2025-11-27T08:32:55.910906+00:00,train,1,190,self,1.0,0,100,
2025-11-27T08:32:55.911045+00:00,train,1,191,self,1.0,0,98,
2025-11-27T08:32:55.911184+00:00,train,1,192,self,1.0,0,100,
2025-11-27T08:32:55.911322+00:00,train,1,193,self,1.0,0,99,
2025-11-27T08:32:55.911460+00:00,train,1,194,self,1.0,0,100,
2025-11-27T08:32:55.911599+00:00,train,1,195,self,1.0,0,90,
2025-11-27T08:32:55.911752+00:00,train,1,196,self,1.0,0,93,
2025-11-27T08:32:55.911887+00:00,train,1,197,self,1.0,0,98,
2025-11-27T08:32:55.912022+00:00,train,1,198,self,1.0,0,100,
2025-11-27T08:32:55.912157+00:00,train,1,199,self,1.0,0,92,
2025-11-27T08:32:55.912292+00:00,train,1,200,self,1.0,0,100,
2025-11-27T08:32:55.912427+00:00,train,1,201,self,1.0,0,93,
2025-11-27T08:32:55.912631+00:00,train,1,202,self,1.0,0,99,
2025-11-27T08:32:55.912770+00:00,train,1,203,self,1.0,0,87,
2025-11-27T08:32:55.912904+00:00,train,1,204,self,1.0,0,98,
2025-11-27T08:32:55.913038+00:00,train,1,205,self,1.0,0,99,
2025-11-27T08:32:55.913173+00:00,train,1,206,self,1.0,0,99,
2025-11-27T08:32:55.913307+00:00,train,1,207,self,1.0,0,86,
2025-11-27T08:32:55.913441+00:00,train,1,208,self,1.0,0,95,
2025-11-27T08:32:55.913576+00:00,train,1,209,self,1.0,0,88,
2025-11-27T08:32:55.913724+00:00,train,1,210,self,1.0,0,96,
2025-11-27T08:32:55.913854+00:00,train,1,211,self,1.0,0,96,
2025-11-27T08:32:55.913987+00:00,train,1,212,self,1.0,0,98,
2025-11-27T08:32:55.914117+00:00,train,1,213,self,1.0,0,96,
2025-11-27T08:32:55.914247+00:00,train,1,214,self,1.0,0,97,
2025-11-27T08:32:55.914377+00:00,train,1,215,self,1.0,0,82,
2025-11-27T08:32:55.914507+00:00,train,1,216,self,1.0,0,94,
2025-11-27T08:32:55.914642+00:00,train,1,217,self,1.0,0,80,
2025-11-27T08:32:55.914773+00:00,train,1,218,self,1.0,0,100,
2025-11-27T08:32:55.914903+00:00,train,1,219,self,1.0,0,95,
2025-11-27T08:32:55.915034+00:00,train,1,220,self,1.0,0,100,
2025-11-27T08:32:55.915165+00:00,train,1,221,self,1.0,0,94,
2025-11-27T08:32:55.915297+00:00,train,1,222,self,1.0,0,98,
2025-11-27T08:32:55.915429+00:00,train,1,223,self,1.0,0,99,
2025-11-27T08:32:55.915559+00:00,train,1,224,self,1.0,0,99,
2025-11-27T08:32:55.915690+00:00,train,1,225,self,1.0,0,86,
2025-11-27T08:32:55.915837+00:00,train,1,226,self,1.0,0,98,
2025-11-27T08:32:55.915973+00:00,train,1,227,self,1.0,0,93,
2025-11-27T08:32:55.916107+00:00,train,1,228,self,1.0,0,100,
2025-11-27T08:32:55.916242+00:00,train,1,229,self,1.0,0,96,
2025-11-27T08:32:55.916377+00:00,train,1,230,self,1.0,0,98,
2025-11-27T08:32:55.916512+00:00,train,1,231,self,1.0,0,97,
2025-11-27T08:32:55.916647+00:00,train,1,232,self,1.0,0,99,
2025-11-27T08:32:55.916793+00:00,train,1,233,self,1.0,0,91,
2025-11-27T08:32:55.916923+00:00,train,1,234,self,1.0,0,94,
2025-11-27T08:32:55.917054+00:00,train,1,235,self,1.0,0,92,
2025-11-27T08:32:55.917186+00:00,train,1,236,self,1.0,0,95,
2025-11-27T08:32:55.917317+00:00,train,1,237,self,1.0,0,91,
2025-11-27T08:32:55.917447+00:00,train,1,238,self,1.0,0,100,
2025-11-27T08:32:55.917577+00:00,train,1,239,self,1.0,0,95,
2025-11-27T08:32:55.917707+00:00,train,1,240,self,1.0,0,99,
2025-11-27T08:32:55.917837+00:00,train,1,241,self,1.0,0,98,
2025-11-27T08:32:55.917968+00:00,train,1,242,self,1.0,0,100,
2025-11-27T08:32:55.918099+00:00,train,1,243,self,1.0,0,98,
2025-11-27T08:32:55.918229+00:00,train,1,244,self,1.0,0,99,
2025-11-27T08:32:55.918359+00:00,train,1,245,self,1.0,0,89,
2025-11-27T08:32:55.918490+00:00,train,1,246,self,1.0,0,100,
2025-11-27T08:32:55.918621+00:00,train,1,247,self,1.0,0,98,
2025-11-27T08:32:55.918751+00:00,train,1,248,self,1.0,0,100,
2025-11-27T08:32:55.918882+00:00,train,1,249,self,1.0,0,93,
2025-11-27T08:32:55.919013+00:00,train,1,250,self,1.0,0,100,
2025-11-27T08:32:55.919143+00:00,train,1,251,self,1.0,0,95,
2025-11-27T08:32:55.919273+00:00,train,1,252,self,1.0,0,100,
2025-11-27T08:32:55.919402+00:00,train,1,253,self,1.0,0,92,
2025-11-27T08:32:55.919533+00:00,train,1,254,self,1.0,0,94,
2025-11-27T08:32:55.919663+00:00,train,1,255,self,1.0,0,86,
2025-11-27T08:32:55.919804+00:00,train,1,256,self,1.0,0,94,
2025-11-27T08:32:55.919931+00:00,train,1,257,self,1.0,0,96,
2025-11-27T08:32:55.920058+00:00,train,1,258,self,1.0,0,100,
2025-11-27T08:32:55.920185+00:00,train,1,259,self,1.0,0,96,
2025-11-27T08:32:55.920312+00:00,train,1,260,self,1.0,0,97,
2025-11-27T08:32:55.920438+00:00,train,1,261,self,1.0,0,98,
2025-11-27T08:32:55.920565+00:00,train,1,262,self,1.0,0,100,
2025-11-27T08:32:55.920692+00:00,train,1,263,self,1.0,0,90,
2025-11-27T08:32:55.920818+00:00,train,1,264,self,1.0,0,97,
2025-11-27T08:32:55.920945+00:00,train,1,265,self,1.0,0,100,
2025-11-27T08:32:55.921070+00:00,train,1,266,self,1.0,0,100,
2025-11-27T08:32:55.921196+00:00,train,1,267,self,1.0,0,93,
2025-11-27T08:32:55.921323+00:00,train,1,268,self,1.0,0,98,
2025-11-27T08:32:55.921503+00:00,train,1,269,self,1.0,0,94,
2025-11-27T08:32:55.921635+00:00,train,1,270,self,1.0,0,95,
2025-11-27T08:32:55.921840+00:00,train,1,271,self,1.0,0,94,
2025-11-27T08:32:55.921971+00:00,train,1,272,self,1.0,0,97,
2025-11-27T08:32:55.922100+00:00,train,1,273,self,1.0,0,96,
2025-11-27T08:32:55.922230+00:00,train,1,274,self,1.0,0,99,
2025-11-27T08:32:55.922422+00:00,train,1,275,self,1.0,0,91,
2025-11-27T08:32:55.922639+00:00,train,1,276,self,1.0,0,100,
2025-11-27T08:32:55.922795+00:00,train,1,277,self,1.0,0,81,
2025-11-27T08:32:55.922929+00:00,train,1,278,self,1.0,0,97,
2025-11-27T08:32:55.923058+00:00,train,1,279,self,1.0,0,84,
2025-11-27T08:32:55.923184+00:00,train,1,280,self,1.0,0,97,
2025-11-27T08:32:55.923309+00:00,train,1,281,self,1.0,0,61,
2025-11-27T08:32:55.923433+00:00,train,1,282,self,1.0,0,89,
2025-11-27T08:32:55.923555+00:00,train,1,283,self,1.0,0,98,
2025-11-27T08:32:55.923677+00:00,train,1,284,self,1.0,0,100,
2025-11-27T08:32:55.923799+00:00,train,1,285,self,1.0,0,87,
2025-11-27T08:32:55.923921+00:00,train,1,286,self,1.0,0,96,
2025-11-27T08:32:55.924099+00:00,train,1,287,self,1.0,0,96,
2025-11-27T08:32:55.924248+00:00,train,1,288,self,1.0,0,98,
2025-11-27T08:32:55.924384+00:00,train,1,289,self,1.0,0,86,
2025-11-27T08:32:55.924517+00:00,train,1,290,self,1.0,0,96,
2025-11-27T08:32:55.924646+00:00,train,1,291,self,1.0,0,97,
2025-11-27T08:32:55.924779+00:00,train,1,292,self,1.0,0,100,
2025-11-27T08:32:55.924906+00:00,train,1,293,self,1.0,0,96,
2025-11-27T08:32:55.925032+00:00,train,1,294,self,1.0,0,99,
2025-11-27T08:32:55.925157+00:00,train,1,295,self,1.0,0,100,
2025-11-27T08:32:55.925281+00:00,train,1,296,self,1.0,0,100,
2025-11-27T08:32:55.925406+00:00,train,1,297,self,1.0,0,94,
2025-11-27T08:32:55.925530+00:00,train,1,298,self,1.0,0,95,
2025-11-27T08:32:55.925654+00:00,train,1,299,self,1.0,0,96,
2025-11-27T08:32:55.925779+00:00,train,1,300,self,1.0,0,96,
2025-11-27T08:32:55.925904+00:00,train,1,301,self,1.0,0,91,
2025-11-27T08:32:55.926051+00:00,train,1,302,self,1.0,0,99,
2025-11-27T08:32:55.926176+00:00,train,1,303,self,1.0,0,97,
2025-11-27T08:32:55.926300+00:00,train,1,304,self,1.0,0,100,
2025-11-27T08:32:55.926425+00:00,train,1,305,self,1.0,0,91,
2025-11-27T08:32:55.926549+00:00,train,1,306,self,1.0,0,99,
2025-11-27T08:32:55.926672+00:00,train,1,307,self,1.0,0,93,
2025-11-27T08:32:55.926796+00:00,train,1,308,self,1.0,0,100,
2025-11-27T08:32:55.926919+00:00,train,1,309,self,1.0,0,94,
2025-11-27T08:32:55.927043+00:00,train,1,310,self,1.0,0,95,
2025-11-27T08:32:55.927166+00:00,train,1,311,self,1.0,0,91,
2025-11-27T08:32:55.927289+00:00,train,1,312,self,1.0,0,99,
2025-11-27T08:32:55.927413+00:00,train,1,313,self,1.0,0,98,
2025-11-27T08:32:55.927536+00:00,train,1,314,self,1.0,0,100,
2025-11-27T08:32:55.927659+00:00,train,1,315,self,1.0,0,99,
2025-11-27T08:32:55.927784+00:00,train,1,316,self,1.0,0,100,
2025-11-27T08:32:55.927908+00:00,train,1,317,self,1.0,0,90,
2025-11-27T08:32:55.928031+00:00,train,1,318,self,1.0,0,95,
2025-11-27T08:32:55.928154+00:00,train,1,319,self,1.0,0,88,
2025-11-27T08:32:55.928277+00:00,train,1,320,self,1.0,0,99,
2025-11-27T08:32:55.928400+00:00,train,1,321,self,1.0,0,90,
2025-11-27T08:32:55.928523+00:00,train,1,322,self,1.0,0,99,
2025-11-27T08:32:55.928646+00:00,train,1,323,self,1.0,0,87,
2025-11-27T08:32:55.928769+00:00,train,1,324,self,1.0,0,97,
2025-11-27T08:32:55.928891+00:00,train,1,325,self,1.0,0,97,
2025-11-27T08:32:55.929014+00:00,train,1,326,self,1.0,0,100,
2025-11-27T08:32:55.929137+00:00,train,1,327,self,1.0,0,97,
2025-11-27T08:32:55.929260+00:00,train,1,328,self,1.0,0,98,
2025-11-27T08:32:55.929383+00:00,train,1,329,self,1.0,0,91,
2025-11-27T08:32:55.929505+00:00,train,1,330,self,1.0,0,98,
2025-11-27T08:32:55.929628+00:00,train,1,331,self,1.0,0,95,
2025-11-27T08:32:55.929751+00:00,train,1,332,self,1.0,0,98,
2025-11-27T08:32:55.929873+00:00,train,1,333,self,1.0,0,87,
2025-11-27T08:32:55.929996+00:00,train,1,334,self,1.0,0,96,
2025-11-27T08:32:55.930120+00:00,train,1,335,self,1.0,0,88,
2025-11-27T08:32:55.930302+00:00,train,1,336,self,1.0,0,98,
2025-11-27T08:32:55.930427+00:00,train,1,337,self,1.0,0,83,
2025-11-27T08:32:55.930548+00:00,train,1,338,self,1.0,0,97,
2025-11-27T08:32:55.930670+00:00,train,1,339,self,1.0,0,98,
2025-11-27T08:32:55.930791+00:00,train,1,340,self,1.0,0,100,
2025-11-27T08:32:55.930913+00:00,train,1,341,self,1.0,0,95,
2025-11-27T08:32:55.931034+00:00,train,1,342,self,1.0,0,99,
2025-11-27T08:32:55.931156+00:00,train,1,343,self,1.0,0,98,
2025-11-27T08:32:55.931277+00:00,train,1,344,self,1.0,0,100,
2025-11-27T08:32:55.931398+00:00,train,1,345,self,1.0,0,96,
2025-11-27T08:32:55.931519+00:00,train,1,346,self,1.0,0,100,
2025-11-27T08:32:55.931640+00:00,train,1,347,self,1.0,0,90,
2025-11-27T08:32:55.931761+00:00,train,1,348,self,1.0,0,97,
2025-11-27T08:32:55.931881+00:00,train,1,349,self,1.0,0,97,
2025-11-27T08:32:55.932002+00:00,train,1,350,self,1.0,0,100,
2025-11-27T08:32:55.932123+00:00,train,1,351,self,1.0,0,92,
2025-11-27T08:32:55.932244+00:00,train,1,352,self,1.0,0,95,
2025-11-27T08:32:55.932364+00:00,train,1,353,self,1.0,0,91,
2025-11-27T08:32:55.932485+00:00,train,1,354,self,1.0,0,100,
2025-11-27T08:32:55.932606+00:00,train,1,355,self,1.0,0,94,
2025-11-27T08:32:55.932726+00:00,train,1,356,self,1.0,0,99,
2025-11-27T08:32:55.932848+00:00,train,1,357,self,1.0,0,96,
2025-11-27T08:32:55.932970+00:00,train,1,358,self,1.0,0,100,
2025-11-27T08:32:55.933091+00:00,train,1,359,self,1.0,0,88,
2025-11-27T08:32:55.933213+00:00,train,1,360,self,1.0,0,96,
2025-11-27T08:32:55.933335+00:00,train,1,361,self,1.0,0,84,
2025-11-27T08:32:55.933456+00:00,train,1,362,self,1.0,0,96,
2025-11-27T08:32:55.933577+00:00,train,1,363,self,1.0,0,96,
2025-11-27T08:32:55.933711+00:00,train,1,364,self,1.0,0,100,
2025-11-27T08:32:55.933829+00:00,train,1,365,self,1.0,0,94,
2025-11-27T08:32:55.933948+00:00,train,1,366,self,1.0,0,99,
2025-11-27T08:32:55.934067+00:00,train,1,367,self,1.0,0,85,
2025-11-27T08:32:55.934185+00:00,train,1,368,self,1.0,0,90,
2025-11-27T08:32:55.934303+00:00,train,1,369,self,1.0,0,97,
2025-11-27T08:32:55.934420+00:00,train,1,370,self,1.0,0,98,
2025-11-27T08:32:55.934538+00:00,train,1,371,self,1.0,0,93,
2025-11-27T08:32:55.934655+00:00,train,1,372,self,1.0,0,100,
2025-11-27T08:32:55.934772+00:00,train,1,373,self,1.0,0,83,
2025-11-27T08:32:55.934890+00:00,train,1,374,self,1.0,0,98,
2025-11-27T08:32:55.935008+00:00,train,1,375,self,1.0,0,92,
2025-11-27T08:32:55.935126+00:00,train,1,376,self,1.0,0,100,
2025-11-27T08:32:55.935242+00:00,train,1,377,self,1.0,0,91,
2025-11-27T08:32:55.935359+00:00,train,1,378,self,1.0,0,100,
2025-11-27T08:32:55.935557+00:00,train,1,379,self,1.0,0,94,
2025-11-27T08:32:55.935690+00:00,train,1,380,self,1.0,0,98,
2025-11-27T08:32:55.935816+00:00,train,1,381,self,1.0,0,94,
2025-11-27T08:32:55.935938+00:00,train,1,382,self,1.0,0,97,
2025-11-27T08:32:55.936058+00:00,train,1,383,self,1.0,0,95,
2025-11-27T08:32:55.936176+00:00,train,1,384,self,1.0,0,98,
2025-11-27T08:32:55.936293+00:00,train,1,385,self,1.0,0,93,
2025-11-27T08:32:55.936409+00:00,train,1,386,self,1.0,0,100,
2025-11-27T08:32:55.936525+00:00,train,1,387,self,1.0,0,98,
2025-11-27T08:32:55.936643+00:00,train,1,388,self,1.0,0,99,
2025-11-27T08:32:55.936787+00:00,train,1,389,self,1.0,0,80,
2025-11-27T08:32:55.936905+00:00,train,1,390,self,1.0,0,94,
2025-11-27T08:32:55.937043+00:00,train,1,391,self,1.0,0,92,
2025-11-27T08:32:55.937161+00:00,train,1,392,self,1.0,0,99,
2025-11-27T08:32:55.937336+00:00,train,1,393,self,1.0,0,91,
2025-11-27T08:32:55.937475+00:00,train,1,394,self,1.0,0,95,
2025-11-27T08:32:55.937605+00:00,train,1,395,self,1.0,0,98,
2025-11-27T08:32:55.937728+00:00,train,1,396,self,1.0,0,98,
2025-11-27T08:32:55.937849+00:00,train,1,397,self,1.0,0,96,
2025-11-27T08:32:55.937970+00:00,train,1,398,self,1.0,0,98,
2025-11-27T08:32:55.938089+00:00,train,1,399,self,1.0,0,99,
2025-11-27T08:32:55.938207+00:00,train,1,400,self,1.0,0,100,
2025-11-27T08:32:55.938326+00:00,train,1,401,self,1.0,0,94,
2025-11-27T08:32:55.938444+00:00,train,1,402,self,1.0,0,97,
2025-11-27T08:32:55.938613+00:00,train,1,403,self,1.0,0,99,
2025-11-27T08:32:55.938734+00:00,train,1,404,self,1.0,0,100,
2025-11-27T08:32:55.938851+00:00,train,1,405,self,1.0,0,78,
2025-11-27T08:32:55.938968+00:00,train,1,406,self,1.0,0,98,
2025-11-27T08:32:55.939085+00:00,train,1,407,self,1.0,0,97,
2025-11-27T08:32:55.939201+00:00,train,1,408,self,1.0,0,99,
2025-11-27T08:32:55.939318+00:00,train,1,409,self,1.0,0,95,
2025-11-27T08:32:55.939434+00:00,train,1,410,self,1.0,0,98,
2025-11-27T08:32:55.939551+00:00,train,1,411,self,1.0,0,94,
2025-11-27T08:32:55.939667+00:00,train,1,412,self,1.0,0,96,
2025-11-27T08:32:55.939783+00:00,train,1,413,self,1.0,0,91,
2025-11-27T08:32:55.939899+00:00,train,1,414,self,1.0,0,97,
2025-11-27T08:32:55.940016+00:00,train,1,415,self,1.0,0,90,
2025-11-27T08:32:55.940132+00:00,train,1,416,self,1.0,0,97,
2025-11-27T08:32:55.940248+00:00,train,1,417,self,1.0,0,93,
2025-11-27T08:32:55.940364+00:00,train,1,418,self,1.0,0,100,
2025-11-27T08:32:55.940480+00:00,train,1,419,self,1.0,0,89,
2025-11-27T08:32:55.940596+00:00,train,1,420,self,1.0,0,100,
2025-11-27T08:32:55.940726+00:00,train,1,421,self,1.0,0,91,
2025-11-27T08:32:55.940838+00:00,train,1,422,self,1.0,0,100,
2025-11-27T08:32:55.940951+00:00,train,1,423,self,1.0,0,98,
2025-11-27T08:32:55.941064+00:00,train,1,424,self,1.0,0,99,
2025-11-27T08:32:55.941177+00:00,train,1,425,self,1.0,0,100,
2025-11-27T08:32:55.941290+00:00,train,1,426,self,1.0,0,100,
2025-11-27T08:32:55.941402+00:00,train,1,427,self,1.0,0,87,
2025-11-27T08:32:55.941515+00:00,train,1,428,self,1.0,0,90,
2025-11-27T08:32:55.941628+00:00,train,1,429,self,1.0,0,92,
2025-11-27T08:32:55.941754+00:00,train,1,430,self,1.0,0,100,
2025-11-27T08:32:55.941864+00:00,train,1,431,self,1.0,0,96,
2025-11-27T08:32:55.941974+00:00,train,1,432,self,1.0,0,99,
2025-11-27T08:32:55.942084+00:00,train,1,433,self,1.0,0,80,
2025-11-27T08:32:55.942193+00:00,train,1,434,self,1.0,0,99,
2025-11-27T08:32:55.942303+00:00,train,1,435,self,1.0,0,85,
2025-11-27T08:32:55.942413+00:00,train,1,436,self,1.0,0,99,
2025-11-27T08:32:55.942523+00:00,train,1,437,self,1.0,0,94,
2025-11-27T08:32:55.942633+00:00,train,1,438,self,1.0,0,98,
2025-11-27T08:32:55.942755+00:00,train,1,439,self,1.0,0,80,
2025-11-27T08:32:55.942861+00:00,train,1,440,self,1.0,0,98,
2025-11-27T08:32:55.942967+00:00,train,1,441,self,1.0,0,84,
2025-11-27T08:32:55.943074+00:00,train,1,442,self,1.0,0,97,
2025-11-27T08:32:55.943180+00:00,train,1,443,self,1.0,0,86,
2025-11-27T08:32:55.943286+00:00,train,1,444,self,1.0,0,98,
2025-11-27T08:32:55.943392+00:00,train,1,445,self,1.0,0,93,
2025-11-27T08:32:55.943498+00:00,train,1,446,self,1.0,0,100,
2025-11-27T08:32:55.943605+00:00,train,1,447,self,1.0,0,100,
2025-11-27T08:32:55.943724+00:00,train,1,448,self,1.0,0,100,
2025-11-27T08:32:55.943828+00:00,train,1,449,self,1.0,0,99,
2025-11-27T08:32:55.943932+00:00,train,1,450,self,1.0,0,99,
2025-11-27T08:32:55.944036+00:00,train,1,451,self,1.0,0,90,
2025-11-27T08:32:55.944139+00:00,train,1,452,self,1.0,0,98,
2025-11-27T08:32:55.944243+00:00,train,1,453,self,1.0,0,95,
2025-11-27T08:32:55.944346+00:00,train,1,454,self,1.0,0,99,
2025-11-27T08:32:55.944450+00:00,train,1,455,self,1.0,0,88,
2025-11-27T08:32:55.944554+00:00,train,1,456,self,1.0,0,94,
2025-11-27T08:32:55.944658+00:00,train,1,457,self,1.0,0,97,
2025-11-27T08:32:55.944775+00:00,train,1,458,self,1.0,0,99,
2025-11-27T08:32:55.944876+00:00,train,1,459,self,1.0,0,91,
2025-11-27T08:32:55.944977+00:00,train,1,460,self,1.0,0,100,
2025-11-27T08:32:55.945078+00:00,train,1,461,self,1.0,0,94,
2025-11-27T08:32:55.945179+00:00,train,1,462,self,1.0,0,95,
2025-11-27T08:32:55.945280+00:00,train,1,463,self,1.0,0,91,
2025-11-27T08:32:55.945381+00:00,train,1,464,self,1.0,0,99,
2025-11-27T08:32:55.945483+00:00,train,1,465,self,1.0,0,74,
2025-11-27T08:32:55.945584+00:00,train,1,466,self,1.0,0,100,
2025-11-27T08:32:55.945686+00:00,train,1,467,self,1.0,0,96,
2025-11-27T08:32:55.945883+00:00,train,1,468,self,1.0,0,98,
2025-11-27T08:32:55.946006+00:00,train,1,469,self,1.0,0,87,
2025-11-27T08:32:55.946174+00:00,train,1,470,self,1.0,0,95,
2025-11-27T08:32:55.946290+00:00,train,1,471,self,1.0,0,99,
2025-11-27T08:32:55.946420+00:00,train,1,472,self,1.0,0,100,
2025-11-27T08:32:55.946532+00:00,train,1,473,self,1.0,0,92,
2025-11-27T08:32:55.946699+00:00,train,1,474,self,1.0,0,95,
2025-11-27T08:32:55.946819+00:00,train,1,475,self,1.0,0,94,
2025-11-27T08:32:55.946962+00:00,train,1,476,self,1.0,0,98,
2025-11-27T08:32:55.947117+00:00,train,1,477,self,1.0,0,88,
2025-11-27T08:32:55.947236+00:00,train,1,478,self,1.0,0,91,
2025-11-27T08:32:55.947346+00:00,train,1,479,self,1.0,0,97,
2025-11-27T08:32:55.947452+00:00,train,1,480,self,1.0,0,99,
2025-11-27T08:32:55.947555+00:00,train,1,481,self,1.0,0,90,
2025-11-27T08:32:55.947658+00:00,train,1,482,self,1.0,0,97,
2025-11-27T08:32:55.947760+00:00,train,1,483,self,1.0,0,90,
2025-11-27T08:32:55.947860+00:00,train,1,484,self,1.0,0,97,
2025-11-27T08:32:55.947961+00:00,train,1,485,self,1.0,0,89,
2025-11-27T08:32:55.948060+00:00,train,1,486,self,1.0,0,97,
2025-11-27T08:32:55.948161+00:00,train,1,487,self,1.0,0,94,
2025-11-27T08:32:55.948260+00:00,train,1,488,self,1.0,0,97,
2025-11-27T08:32:55.948360+00:00,train,1,489,self,1.0,0,87,
2025-11-27T08:32:55.948459+00:00,train,1,490,self,1.0,0,97,
2025-11-27T08:32:55.948559+00:00,train,1,491,self,1.0,0,89,
2025-11-27T08:32:55.948658+00:00,train,1,492,self,1.0,0,98,
2025-11-27T08:32:55.948757+00:00,train,1,493,self,1.0,0,91,
2025-11-27T08:32:55.948857+00:00,train,1,494,self,1.0,0,93,
2025-11-27T08:32:55.948957+00:00,train,1,495,self,1.0,0,98,
2025-11-27T08:32:55.949056+00:00,train,1,496,self,1.0,0,99,
2025-11-27T08:32:55.949156+00:00,train,1,497,self,1.0,0,90,
2025-11-27T08:32:55.949255+00:00,train,1,498,self,1.0,0,93,
2025-11-27T08:32:55.949354+00:00,train,1,499,self,1.0,0,99,
2025-11-27T08:32:55.949453+00:00,train,1,500,self,1.0,0,99,
2025-11-27T08:32:55.951683+00:00,train,1,501,self,1.0,0,88,
2025-11-27T08:32:55.951803+00:00,train,1,502,self,1.0,0,91,
2025-11-27T08:32:55.951906+00:00,train,1,503,self,1.0,0,97,
2025-11-27T08:32:55.952008+00:00,train,1,504,self,1.0,0,99,
2025-11-27T08:32:55.952108+00:00,train,1,505,self,1.0,0,95,
2025-11-27T08:32:55.952208+00:00,train,1,506,self,1.0,0,100,
2025-11-27T08:32:55.952308+00:00,train,1,507,self,1.0,0,95,
2025-11-27T08:32:55.952408+00:00,train,1,508,self,1.0,0,97,
2025-11-27T08:32:55.952508+00:00,train,1,509,self,1.0,0,89,
2025-11-27T08:32:55.952607+00:00,train,1,510,self,1.0,0,99,
2025-11-27T08:32:55.952705+00:00,train,1,511,self,1.0,0,93,
2025-11-27T08:32:55.952806+00:00,train,1,512,self,1.0,0,98,
2025-11-27T08:32:55.952906+00:00,train,1,513,self,1.0,0,99,
2025-11-27T08:32:55.953005+00:00,train,1,514,self,1.0,0,100,
2025-11-27T08:32:55.953105+00:00,train,1,515,self,1.0,0,99,
2025-11-27T08:32:55.953205+00:00,train,1,516,self,1.0,0,99,
2025-11-27T08:32:55.953304+00:00,train,1,517,self,1.0,0,94,
2025-11-27T08:32:55.953403+00:00,train,1,518,self,1.0,0,96,
2025-11-27T08:32:55.953503+00:00,train,1,519,self,1.0,0,95,
2025-11-27T08:32:55.953602+00:00,train,1,520,self,1.0,0,99,
2025-11-27T08:32:55.953716+00:00,train,1,521,self,1.0,0,99,
2025-11-27T08:32:55.953818+00:00,train,1,522,self,1.0,0,100,
2025-11-27T08:32:55.953920+00:00,train,1,523,self,1.0,0,91,
2025-11-27T08:32:55.954022+00:00,train,1,524,self,1.0,0,98,
2025-11-27T08:32:55.954124+00:00,train,1,525,self,1.0,0,99,
2025-11-27T08:32:55.954225+00:00,train,1,526,self,1.0,0,100,
2025-11-27T08:32:55.954327+00:00,train,1,527,self,1.0,0,89,
2025-11-27T08:32:55.954429+00:00,train,1,528,self,1.0,0,96,
2025-11-27T08:32:55.954531+00:00,train,1,529,self,1.0,0,99,
2025-11-27T08:32:55.954632+00:00,train,1,530,self,1.0,0,100,
2025-11-27T08:32:55.954757+00:00,train,1,531,self,1.0,0,89,
2025-11-27T08:32:55.954861+00:00,train,1,532,self,1.0,0,92,
2025-11-27T08:32:55.954966+00:00,train,1,533,self,1.0,0,98,
2025-11-27T08:32:55.955071+00:00,train,1,534,self,1.0,0,100,
2025-11-27T08:32:55.955175+00:00,train,1,535,self,1.0,0,99,
2025-11-27T08:32:55.955280+00:00,train,1,536,self,1.0,0,100,
2025-11-27T08:32:55.955438+00:00,train,1,537,self,1.0,0,98,
2025-11-27T08:32:55.955545+00:00,train,1,538,self,1.0,0,99,
2025-11-27T08:32:55.955650+00:00,train,1,539,self,1.0,0,100,
2025-11-27T08:32:55.955776+00:00,train,1,540,self,1.0,0,100,
2025-11-27T08:32:55.955884+00:00,train,1,541,self,1.0,0,95,
2025-11-27T08:32:55.955999+00:00,train,1,542,self,1.0,0,100,
2025-11-27T08:32:55.956108+00:00,train,1,543,self,1.0,0,87,
2025-11-27T08:32:55.956216+00:00,train,1,544,self,1.0,0,97,
2025-11-27T08:32:55.956324+00:00,train,1,545,self,1.0,0,90,
2025-11-27T08:32:55.956431+00:00,train,1,546,self,1.0,0,97,
2025-11-27T08:32:55.956539+00:00,train,1,547,self,1.0,0,86,
2025-11-27T08:32:55.956647+00:00,train,1,548,self,1.0,0,98,
2025-11-27T08:32:55.956770+00:00,train,1,549,self,1.0,0,98,
2025-11-27T08:32:55.956881+00:00,train,1,550,self,1.0,0,99,
2025-11-27T08:32:55.956991+00:00,train,1,551,self,1.0,0,99,
2025-11-27T08:32:55.957150+00:00,train,1,552,self,1.0,0,100,
2025-11-27T08:32:55.957281+00:00,train,1,553,self,1.0,0,98,
2025-11-27T08:32:55.957406+00:00,train,1,554,self,1.0,0,100,
2025-11-27T08:32:55.957545+00:00,train,1,555,self,1.0,0,91,
2025-11-27T08:32:55.957666+00:00,train,1,556,self,1.0,0,93,
2025-11-27T08:32:55.957822+00:00,train,1,557,self,1.0,0,90,
2025-11-27T08:32:55.957947+00:00,train,1,558,self,1.0,0,99,
2025-11-27T08:32:55.958088+00:00,train,1,559,self,1.0,0,98,
2025-11-27T08:32:55.958212+00:00,train,1,560,self,1.0,0,100,
2025-11-27T08:32:55.958352+00:00,train,1,561,self,1.0,0,96,
2025-11-27T08:32:55.958474+00:00,train,1,562,self,1.0,0,100,
2025-11-27T08:32:55.958616+00:00,train,1,563,self,1.0,0,98,
2025-11-27T08:32:55.958751+00:00,train,1,564,self,1.0,0,98,
2025-11-27T08:32:55.958876+00:00,train,1,565,self,1.0,0,94,
2025-11-27T08:32:55.959003+00:00,train,1,566,self,1.0,0,100,
2025-11-27T08:32:55.959139+00:00,train,1,567,self,1.0,0,90,
2025-11-27T08:32:55.959265+00:00,train,1,568,self,1.0,0,96,
2025-11-27T08:32:55.959390+00:00,train,1,569,self,1.0,0,96,
2025-11-27T08:32:55.959515+00:00,train,1,570,self,1.0,0,100,
2025-11-27T08:32:55.959641+00:00,train,1,571,self,1.0,0,98,
2025-11-27T08:32:55.959783+00:00,train,1,572,self,1.0,0,99,
2025-11-27T08:32:55.959913+00:00,train,1,573,self,1.0,0,96,
2025-11-27T08:32:55.960048+00:00,train,1,574,self,1.0,0,99,
2025-11-27T08:32:55.960177+00:00,train,1,575,self,1.0,0,91,
2025-11-27T08:32:55.960307+00:00,train,1,576,self,1.0,0,97,
2025-11-27T08:32:55.960437+00:00,train,1,577,self,1.0,0,96,
2025-11-27T08:32:55.960566+00:00,train,1,578,self,1.0,0,98,
2025-11-27T08:32:55.960696+00:00,train,1,579,self,1.0,0,82,
2025-11-27T08:32:55.960826+00:00,train,1,580,self,1.0,0,92,
2025-11-27T08:32:55.960955+00:00,train,1,581,self,1.0,0,90,
2025-11-27T08:32:55.961084+00:00,train,1,582,self,1.0,0,97,
2025-11-27T08:32:55.961212+00:00,train,1,583,self,1.0,0,90,
2025-11-27T08:32:55.961341+00:00,train,1,584,self,1.0,0,91,
2025-11-27T08:32:55.961471+00:00,train,1,585,self,1.0,0,95,
2025-11-27T08:32:55.961600+00:00,train,1,586,self,1.0,0,98,
2025-11-27T08:32:55.961729+00:00,train,1,587,self,1.0,0,91,
2025-11-27T08:32:55.961859+00:00,train,1,588,self,1.0,0,96,
2025-11-27T08:32:55.961991+00:00,train,1,589,self,1.0,0,92,
2025-11-27T08:32:55.962120+00:00,train,1,590,self,1.0,0,95,
2025-11-27T08:32:55.962249+00:00,train,1,591,self,1.0,0,97,
2025-11-27T08:32:55.962378+00:00,train,1,592,self,1.0,0,100,
2025-11-27T08:32:55.962507+00:00,train,1,593,self,1.0,0,92,
2025-11-27T08:32:55.962636+00:00,train,1,594,self,1.0,0,99,
2025-11-27T08:32:55.962765+00:00,train,1,595,self,1.0,0,91,
2025-11-27T08:32:55.962894+00:00,train,1,596,self,1.0,0,100,
2025-11-27T08:32:55.963024+00:00,train,1,597,self,1.0,0,95,
2025-11-27T08:32:55.963152+00:00,train,1,598,self,1.0,0,95,
2025-11-27T08:32:55.963280+00:00,train,1,599,self,1.0,0,92,
2025-11-27T08:32:55.963410+00:00,train,1,600,self,1.0,0,96,
2025-11-27T08:32:55.963539+00:00,train,1,601,self,1.0,0,98,
2025-11-27T08:32:55.963668+00:00,train,1,602,self,1.0,0,99,
2025-11-27T08:32:55.963808+00:00,train,1,603,self,1.0,0,88,
2025-11-27T08:32:55.963995+00:00,train,1,604,self,1.0,0,96,
2025-11-27T08:32:55.964126+00:00,train,1,605,self,1.0,0,92,
2025-11-27T08:32:55.964256+00:00,train,1,606,self,1.0,0,100,
2025-11-27T08:32:55.964386+00:00,train,1,607,self,1.0,0,96,
2025-11-27T08:32:55.964515+00:00,train,1,608,self,1.0,0,100,
2025-11-27T08:32:55.964645+00:00,train,1,609,self,1.0,0,95,
2025-11-27T08:32:55.964774+00:00,train,1,610,self,1.0,0,98,
2025-11-27T08:32:55.964904+00:00,train,1,611,self,1.0,0,96,
2025-11-27T08:32:55.965034+00:00,train,1,612,self,1.0,0,96,
2025-11-27T08:32:55.965164+00:00,train,1,613,self,1.0,0,97,
2025-11-27T08:32:55.965293+00:00,train,1,614,self,1.0,0,99,
2025-11-27T08:32:55.965421+00:00,train,1,615,self,1.0,0,96,
2025-11-27T08:32:55.965550+00:00,train,1,616,self,1.0,0,97,
2025-11-27T08:32:55.965679+00:00,train,1,617,self,1.0,0,93,
2025-11-27T08:32:55.965808+00:00,train,1,618,self,1.0,0,100,
2025-11-27T08:32:55.965937+00:00,train,1,619,self,1.0,0,84,
2025-11-27T08:32:55.966092+00:00,train,1,620,self,1.0,0,95,
2025-11-27T08:32:55.966233+00:00,train,1,621,self,1.0,0,85,
2025-11-27T08:32:55.966364+00:00,train,1,622,self,1.0,0,100,
2025-11-27T08:32:55.966493+00:00,train,1,623,self,1.0,0,86,
2025-11-27T08:32:55.966622+00:00,train,1,624,self,1.0,0,100,
2025-11-27T08:32:55.966751+00:00,train,1,625,self,1.0,0,98,
2025-11-27T08:32:55.966881+00:00,train,1,626,self,1.0,0,99,
2025-11-27T08:32:55.967010+00:00,train,1,627,self,1.0,0,95,
2025-11-27T08:32:55.967139+00:00,train,1,628,self,1.0,0,97,
2025-11-27T08:32:55.967270+00:00,train,1,629,self,1.0,0,97,
2025-11-27T08:32:55.967421+00:00,train,1,630,self,1.0,0,99,
2025-11-27T08:32:55.967552+00:00,train,1,631,self,1.0,0,94,
2025-11-27T08:32:55.967680+00:00,train,1,632,self,1.0,0,97,
2025-11-27T08:32:55.967822+00:00,train,1,633,self,1.0,0,84,
2025-11-27T08:32:55.967947+00:00,train,1,634,self,1.0,0,99,
2025-11-27T08:32:55.968072+00:00,train,1,635,self,1.0,0,99,
2025-11-27T08:32:55.968197+00:00,train,1,636,self,1.0,0,100,
2025-11-27T08:32:55.968321+00:00,train,1,637,self,1.0,0,78,
2025-11-27T08:32:55.968447+00:00,train,1,638,self,1.0,0,99,
2025-11-27T08:32:55.968572+00:00,train,1,639,self,1.0,0,95,
2025-11-27T08:32:55.968698+00:00,train,1,640,self,1.0,0,97,
2025-11-27T08:32:55.968822+00:00,train,1,641,self,1.0,0,98,
2025-11-27T08:32:55.968951+00:00,train,1,642,self,1.0,0,100,
2025-11-27T08:32:55.969077+00:00,train,1,643,self,1.0,0,89,
2025-11-27T08:32:55.969202+00:00,train,1,644,self,1.0,0,96,
2025-11-27T08:32:55.969329+00:00,train,1,645,self,1.0,0,96,
2025-11-27T08:32:55.969455+00:00,train,1,646,self,1.0,0,100,
2025-11-27T08:32:55.969580+00:00,train,1,647,self,1.0,0,97,
2025-11-27T08:32:55.969706+00:00,train,1,648,self,1.0,0,99,
2025-11-27T08:32:55.969831+00:00,train,1,649,self,1.0,0,86,
2025-11-27T08:32:55.969957+00:00,train,1,650,self,1.0,0,97,
2025-11-27T08:32:55.970083+00:00,train,1,651,self,1.0,0,87,
2025-11-27T08:32:55.970208+00:00,train,1,652,self,1.0,0,100,
2025-11-27T08:32:55.970333+00:00,train,1,653,self,1.0,0,96,
2025-11-27T08:32:55.970459+00:00,train,1,654,self,1.0,0,99,
2025-11-27T08:32:55.970584+00:00,train,1,655,self,1.0,0,89,
2025-11-27T08:32:55.970709+00:00,train,1,656,self,1.0,0,99,
2025-11-27T08:32:55.970889+00:00,train,1,657,self,1.0,0,91,
2025-11-27T08:32:55.971027+00:00,train,1,658,self,1.0,0,99,
2025-11-27T08:32:55.971156+00:00,train,1,659,self,1.0,0,92,
2025-11-27T08:32:55.971281+00:00,train,1,660,self,1.0,0,94,
2025-11-27T08:32:55.971466+00:00,train,1,661,self,1.0,0,90,
2025-11-27T08:32:55.971613+00:00,train,1,662,self,1.0,0,96,
2025-11-27T08:32:55.971750+00:00,train,1,663,self,1.0,0,93,
2025-11-27T08:32:55.971882+00:00,train,1,664,self,1.0,0,97,
2025-11-27T08:32:55.972012+00:00,train,1,665,self,1.0,0,99,
2025-11-27T08:32:55.972142+00:00,train,1,666,self,1.0,0,100,
2025-11-27T08:32:55.972270+00:00,train,1,667,self,1.0,0,95,
2025-11-27T08:32:55.972397+00:00,train,1,668,self,1.0,0,98,
2025-11-27T08:32:55.972522+00:00,train,1,669,self,1.0,0,95,
2025-11-27T08:32:55.972697+00:00,train,1,670,self,1.0,0,96,
2025-11-27T08:32:55.972966+00:00,train,1,671,self,1.0,0,99,
2025-11-27T08:32:55.973251+00:00,train,1,672,self,1.0,0,100,
2025-11-27T08:32:55.973411+00:00,train,1,673,self,1.0,0,94,
2025-11-27T08:32:55.973549+00:00,train,1,674,self,1.0,0,95,
2025-11-27T08:32:55.973678+00:00,train,1,675,self,1.0,0,98,
2025-11-27T08:32:55.973805+00:00,train,1,676,self,1.0,0,98,
2025-11-27T08:32:55.973944+00:00,train,1,677,self,1.0,0,97,
2025-11-27T08:32:55.974068+00:00,train,1,678,self,1.0,0,99,
2025-11-27T08:32:55.974315+00:00,train,1,679,self,1.0,0,92,
2025-11-27T08:32:55.974458+00:00,train,1,680,self,1.0,0,100,
2025-11-27T08:32:55.974590+00:00,train,1,681,self,1.0,0,96,
2025-11-27T08:32:55.974718+00:00,train,1,682,self,1.0,0,100,
2025-11-27T08:32:55.974845+00:00,train,1,683,self,1.0,0,79,
2025-11-27T08:32:55.974983+00:00,train,1,684,self,1.0,0,100,
2025-11-27T08:32:55.975106+00:00,train,1,685,self,1.0,0,93,
2025-11-27T08:32:55.975228+00:00,train,1,686,self,1.0,0,97,
2025-11-27T08:32:55.975349+00:00,train,1,687,self,1.0,0,92,
2025-11-27T08:32:55.975469+00:00,train,1,688,self,1.0,0,100,
2025-11-27T08:32:55.975590+00:00,train,1,689,self,1.0,0,98,
2025-11-27T08:32:55.975711+00:00,train,1,690,self,1.0,0,99,
2025-11-27T08:32:55.975830+00:00,train,1,691,self,1.0,0,91,
2025-11-27T08:32:55.975949+00:00,train,1,692,self,1.0,0,94,
2025-11-27T08:32:55.976067+00:00,train,1,693,self,1.0,0,90,
2025-11-27T08:32:55.976187+00:00,train,1,694,self,1.0,0,96,
2025-11-27T08:32:55.976404+00:00,train,1,695,self,1.0,0,95,
2025-11-27T08:32:55.976550+00:00,train,1,696,self,1.0,0,100,
2025-11-27T08:32:55.976688+00:00,train,1,697,self,1.0,0,81,
2025-11-27T08:32:55.976821+00:00,train,1,698,self,1.0,0,99,
2025-11-27T08:32:55.976951+00:00,train,1,699,self,1.0,0,89,
2025-11-27T08:32:55.977080+00:00,train,1,700,self,1.0,0,90,
2025-11-27T08:32:55.977207+00:00,train,1,701,self,1.0,0,95,
2025-11-27T08:32:55.977333+00:00,train,1,702,self,1.0,0,97,
2025-11-27T08:32:55.977465+00:00,train,1,703,self,1.0,0,85,
2025-11-27T08:32:55.977594+00:00,train,1,704,self,1.0,0,94,
2025-11-27T08:32:55.977836+00:00,train,1,705,self,1.0,0,98,
2025-11-27T08:32:55.977984+00:00,train,1,706,self,1.0,0,100,
2025-11-27T08:32:55.978117+00:00,train,1,707,self,1.0,0,99,
2025-11-27T08:32:55.978246+00:00,train,1,708,self,1.0,0,99,
2025-11-27T08:32:55.978374+00:00,train,1,709,self,1.0,0,98,
2025-11-27T08:32:55.978503+00:00,train,1,710,self,1.0,0,99,
2025-11-27T08:32:55.978631+00:00,train,1,711,self,1.0,0,89,
2025-11-27T08:32:55.978805+00:00,train,1,712,self,1.0,0,92,
2025-11-27T08:32:55.978946+00:00,train,1,713,self,1.0,0,90,
2025-11-27T08:32:55.979077+00:00,train,1,714,self,1.0,0,96,
2025-11-27T08:32:55.979203+00:00,train,1,715,self,1.0,0,97,
2025-11-27T08:32:55.979348+00:00,train,1,716,self,1.0,0,98,
2025-11-27T08:32:55.979472+00:00,train,1,717,self,1.0,0,90,
2025-11-27T08:32:55.979594+00:00,train,1,718,self,1.0,0,100,
2025-11-27T08:32:55.979715+00:00,train,1,719,self,1.0,0,95,
2025-11-27T08:32:55.979984+00:00,train,1,720,self,1.0,0,100,
2025-11-27T08:32:55.980207+00:00,train,1,721,self,1.0,0,92,
2025-11-27T08:32:55.980359+00:00,train,1,722,self,1.0,0,99,
2025-11-27T08:32:55.980498+00:00,train,1,723,self,1.0,0,97,
2025-11-27T08:32:55.980631+00:00,train,1,724,self,1.0,0,100,
2025-11-27T08:32:55.980780+00:00,train,1,725,self,1.0,0,92,
2025-11-27T08:32:55.980915+00:00,train,1,726,self,1.0,0,98,
2025-11-27T08:32:55.981101+00:00,train,1,727,self,1.0,0,90,
2025-11-27T08:32:55.981250+00:00,train,1,728,self,1.0,0,96,
2025-11-27T08:32:55.981390+00:00,train,1,729,self,1.0,0,95,
2025-11-27T08:32:55.981525+00:00,train,1,730,self,1.0,0,97,
2025-11-27T08:32:55.981656+00:00,train,1,731,self,1.0,0,91,
2025-11-27T08:32:55.981787+00:00,train,1,732,self,1.0,0,97,
2025-11-27T08:32:55.981917+00:00,train,1,733,self,1.0,0,97,
2025-11-27T08:32:55.982045+00:00,train,1,734,self,1.0,0,98,
2025-11-27T08:32:55.982239+00:00,train,1,735,self,1.0,0,99,
2025-11-27T08:32:55.982386+00:00,train,1,736,self,1.0,0,100,
2025-11-27T08:32:55.982525+00:00,train,1,737,self,1.0,0,94,
2025-11-27T08:32:55.982727+00:00,train,1,738,self,1.0,0,95,
2025-11-27T08:32:55.982860+00:00,train,1,739,self,1.0,0,99,
2025-11-27T08:32:55.983002+00:00,train,1,740,self,1.0,0,100,
2025-11-27T08:32:55.983130+00:00,train,1,741,self,1.0,0,99,
2025-11-27T08:32:55.983319+00:00,train,1,742,self,1.0,0,99,
2025-11-27T08:32:55.983470+00:00,train,1,743,self,1.0,0,96,
2025-11-27T08:32:55.983613+00:00,train,1,744,self,1.0,0,97,
2025-11-27T08:32:55.983749+00:00,train,1,745,self,1.0,0,100,
2025-11-27T08:32:55.983883+00:00,train,1,746,self,1.0,0,100,
2025-11-27T08:32:55.984016+00:00,train,1,747,self,1.0,0,93,
2025-11-27T08:32:55.984148+00:00,train,1,748,self,1.0,0,100,
2025-11-27T08:32:55.984278+00:00,train,1,749,self,1.0,0,88,
2025-11-27T08:32:55.984408+00:00,train,1,750,self,1.0,0,100,
2025-11-27T08:32:55.984537+00:00,train,1,751,self,1.0,0,97,
2025-11-27T08:32:55.984666+00:00,train,1,752,self,1.0,0,99,
2025-11-27T08:32:55.984795+00:00,train,1,753,self,1.0,0,98,
2025-11-27T08:32:55.984925+00:00,train,1,754,self,1.0,0,100,
2025-11-27T08:32:55.985055+00:00,train,1,755,self,1.0,0,91,
2025-11-27T08:32:55.985185+00:00,train,1,756,self,1.0,0,96,
2025-11-27T08:32:55.985314+00:00,train,1,757,self,1.0,0,96,
2025-11-27T08:32:55.985443+00:00,train,1,758,self,1.0,0,97,
2025-11-27T08:32:55.985572+00:00,train,1,759,self,1.0,0,97,
2025-11-27T08:32:55.985715+00:00,train,1,760,self,1.0,0,99,
2025-11-27T08:32:55.985839+00:00,train,1,761,self,1.0,0,96,
2025-11-27T08:32:55.985965+00:00,train,1,762,self,1.0,0,100,
2025-11-27T08:32:55.986090+00:00,train,1,763,self,1.0,0,95,
2025-11-27T08:32:55.986215+00:00,train,1,764,self,1.0,0,99,
2025-11-27T08:32:55.986344+00:00,train,1,765,self,1.0,0,87,
2025-11-27T08:32:55.986547+00:00,train,1,766,self,1.0,0,97,
2025-11-27T08:32:55.986687+00:00,train,1,767,self,1.0,0,89,
2025-11-27T08:32:55.986837+00:00,train,1,768,self,1.0,0,99,
2025-11-27T08:32:55.986968+00:00,train,1,769,self,1.0,0,87,
2025-11-27T08:32:55.987097+00:00,train,1,770,self,1.0,0,96,
2025-11-27T08:32:55.987238+00:00,train,1,771,self,1.0,0,86,
2025-11-27T08:32:55.987366+00:00,train,1,772,self,1.0,0,99,
2025-11-27T08:32:55.987545+00:00,train,1,773,self,1.0,0,93,
2025-11-27T08:32:55.987697+00:00,train,1,774,self,1.0,0,98,
2025-11-27T08:32:55.987849+00:00,train,1,775,self,1.0,0,90,
2025-11-27T08:32:55.987977+00:00,train,1,776,self,1.0,0,96,
2025-11-27T08:32:55.988155+00:00,train,1,777,self,1.0,0,93,
2025-11-27T08:32:55.988303+00:00,train,1,778,self,1.0,0,96,
2025-11-27T08:32:55.988441+00:00,train,1,779,self,1.0,0,100,
2025-11-27T08:32:55.988574+00:00,train,1,780,self,1.0,0,100,
2025-11-27T08:32:55.988704+00:00,train,1,781,self,1.0,0,97,
2025-11-27T08:32:55.988905+00:00,train,1,782,self,1.0,0,97,
2025-11-27T08:32:55.989072+00:00,train,1,783,self,1.0,0,85,
2025-11-27T08:32:55.989212+00:00,train,1,784,self,1.0,0,96,
2025-11-27T08:32:55.989342+00:00,train,1,785,self,1.0,0,98,
2025-11-27T08:32:55.989484+00:00,train,1,786,self,1.0,0,100,
2025-11-27T08:32:55.989612+00:00,train,1,787,self,1.0,0,90,
2025-11-27T08:32:55.989736+00:00,train,1,788,self,1.0,0,97,
2025-11-27T08:32:55.989860+00:00,train,1,789,self,1.0,0,98,
2025-11-27T08:32:55.989983+00:00,train,1,790,self,1.0,0,99,
2025-11-27T08:32:55.990106+00:00,train,1,791,self,1.0,0,99,
2025-11-27T08:32:55.990228+00:00,train,1,792,self,1.0,0,100,
2025-11-27T08:32:55.990350+00:00,train,1,793,self,1.0,0,90,
2025-11-27T08:32:55.990471+00:00,train,1,794,self,1.0,0,99,
2025-11-27T08:32:55.990593+00:00,train,1,795,self,1.0,0,93,
2025-11-27T08:32:55.990715+00:00,train,1,796,self,1.0,0,98,
2025-11-27T08:32:55.990837+00:00,train,1,797,self,1.0,0,95,
2025-11-27T08:32:55.990958+00:00,train,1,798,self,1.0,0,100,
2025-11-27T08:32:55.991080+00:00,train,1,799,self,1.0,0,98,
2025-11-27T08:32:55.991201+00:00,train,1,800,self,1.0,0,98,
2025-11-27T08:32:55.991322+00:00,train,1,801,self,1.0,0,100,
2025-11-27T08:32:55.991444+00:00,train,1,802,self,1.0,0,100,
2025-11-27T08:32:55.991565+00:00,train,1,803,self,1.0,0,91,
2025-11-27T08:32:55.991704+00:00,train,1,804,self,1.0,0,99,
2025-11-27T08:32:55.992021+00:00,train,1,805,self,1.0,0,86,
2025-11-27T08:32:55.992288+00:00,train,1,806,self,1.0,0,99,
2025-11-27T08:32:55.992777+00:00,train,1,807,self,1.0,0,90,
2025-11-27T08:32:55.993151+00:00,train,1,808,self,1.0,0,95,
2025-11-27T08:32:55.993381+00:00,train,1,809,self,1.0,0,95,
2025-11-27T08:32:55.993547+00:00,train,1,810,self,1.0,0,99,
2025-11-27T08:32:55.993691+00:00,train,1,811,self,1.0,0,94,
2025-11-27T08:32:55.993828+00:00,train,1,812,self,1.0,0,96,
2025-11-27T08:32:55.993961+00:00,train,1,813,self,1.0,0,92,
2025-11-27T08:32:55.994151+00:00,train,1,814,self,1.0,0,95,
2025-11-27T08:32:55.994416+00:00,train,1,815,self,1.0,0,90,
2025-11-27T08:32:55.994580+00:00,train,1,816,self,1.0,0,97,
2025-11-27T08:32:55.994827+00:00,train,1,817,self,1.0,0,95,
2025-11-27T08:32:55.995181+00:00,train,1,818,self,1.0,0,100,
2025-11-27T08:32:55.995372+00:00,train,1,819,self,1.0,0,80,
2025-11-27T08:32:55.995518+00:00,train,1,820,self,1.0,0,98,
2025-11-27T08:32:55.995689+00:00,train,1,821,self,1.0,0,97,
2025-11-27T08:32:55.995923+00:00,train,1,822,self,1.0,0,99,
2025-11-27T08:32:55.996152+00:00,train,1,823,self,1.0,0,85,
2025-11-27T08:32:55.996302+00:00,train,1,824,self,1.0,0,96,
2025-11-27T08:32:55.996437+00:00,train,1,825,self,1.0,0,98,
2025-11-27T08:32:55.996567+00:00,train,1,826,self,1.0,0,99,
2025-11-27T08:32:55.996879+00:00,train,1,827,self,1.0,0,69,
2025-11-27T08:32:55.997078+00:00,train,1,828,self,1.0,0,90,
2025-11-27T08:32:55.997331+00:00,train,1,829,self,1.0,0,95,
2025-11-27T08:32:55.997494+00:00,train,1,830,self,1.0,0,100,
2025-11-27T08:32:55.997664+00:00,train,1,831,self,1.0,0,96,
2025-11-27T08:32:55.997969+00:00,train,1,832,self,1.0,0,96,
2025-11-27T08:32:55.998327+00:00,train,1,833,self,1.0,0,97,
2025-11-27T08:32:55.998539+00:00,train,1,834,self,1.0,0,100,
2025-11-27T08:32:55.998729+00:00,train,1,835,self,1.0,0,99,
2025-11-27T08:32:55.999018+00:00,train,1,836,self,1.0,0,100,
2025-11-27T08:32:55.999191+00:00,train,1,837,self,1.0,0,96,
2025-11-27T08:32:55.999379+00:00,train,1,838,self,1.0,0,99,
2025-11-27T08:32:55.999538+00:00,train,1,839,self,1.0,0,93,
2025-11-27T08:32:55.999682+00:00,train,1,840,self,1.0,0,98,
2025-11-27T08:32:55.999820+00:00,train,1,841,self,1.0,0,98,
2025-11-27T08:32:55.999957+00:00,train,1,842,self,1.0,0,98,
2025-11-27T08:32:56.000349+00:00,train,1,843,self,1.0,0,95,
2025-11-27T08:32:56.000570+00:00,train,1,844,self,1.0,0,97,
2025-11-27T08:32:56.000829+00:00,train,1,845,self,1.0,0,96,
2025-11-27T08:32:56.001035+00:00,train,1,846,self,1.0,0,100,
2025-11-27T08:32:56.001183+00:00,train,1,847,self,1.0,0,94,
2025-11-27T08:32:56.001320+00:00,train,1,848,self,1.0,0,95,
2025-11-27T08:32:56.001452+00:00,train,1,849,self,1.0,0,97,
2025-11-27T08:32:56.001581+00:00,train,1,850,self,1.0,0,98,
2025-11-27T08:32:56.001710+00:00,train,1,851,self,1.0,0,95,
2025-11-27T08:32:56.001836+00:00,train,1,852,self,1.0,0,96,
2025-11-27T08:32:56.002022+00:00,train,1,853,self,1.0,0,92,
2025-11-27T08:32:56.002169+00:00,train,1,854,self,1.0,0,96,
2025-11-27T08:32:56.002303+00:00,train,1,855,self,1.0,0,97,
2025-11-27T08:32:56.002433+00:00,train,1,856,self,1.0,0,98,
2025-11-27T08:32:56.002560+00:00,train,1,857,self,1.0,0,95,
2025-11-27T08:32:56.002687+00:00,train,1,858,self,1.0,0,100,
2025-11-27T08:32:56.002812+00:00,train,1,859,self,1.0,0,99,
2025-11-27T08:32:56.002936+00:00,train,1,860,self,1.0,0,100,
2025-11-27T08:32:56.003059+00:00,train,1,861,self,1.0,0,99,
2025-11-27T08:32:56.003182+00:00,train,1,862,self,1.0,0,100,
2025-11-27T08:32:56.003304+00:00,train,1,863,self,1.0,0,99,
2025-11-27T08:32:56.003428+00:00,train,1,864,self,1.0,0,100,
2025-11-27T08:32:56.003551+00:00,train,1,865,self,1.0,0,98,
2025-11-27T08:32:56.003675+00:00,train,1,866,self,1.0,0,100,
2025-11-27T08:32:56.003803+00:00,train,1,867,self,1.0,0,99,
2025-11-27T08:32:56.003926+00:00,train,1,868,self,1.0,0,100,
2025-11-27T08:32:56.004049+00:00,train,1,869,self,1.0,0,92,
2025-11-27T08:32:56.004185+00:00,train,1,870,self,1.0,0,100,
2025-11-27T08:32:56.004309+00:00,train,1,871,self,1.0,0,91,
2025-11-27T08:32:56.004497+00:00,train,1,872,self,1.0,0,99,
2025-11-27T08:32:56.004622+00:00,train,1,873,self,1.0,0,92,
2025-11-27T08:32:56.004797+00:00,train,1,874,self,1.0,0,97,
2025-11-27T08:32:56.004943+00:00,train,1,875,self,1.0,0,83,
2025-11-27T08:32:56.005080+00:00,train,1,876,self,1.0,0,99,
2025-11-27T08:32:56.005211+00:00,train,1,877,self,1.0,0,92,
2025-11-27T08:32:56.005337+00:00,train,1,878,self,1.0,0,99,
2025-11-27T08:32:56.005476+00:00,train,1,879,self,1.0,0,98,
2025-11-27T08:32:56.005601+00:00,train,1,880,self,1.0,0,99,
2025-11-27T08:32:56.005739+00:00,train,1,881,self,1.0,0,97,
2025-11-27T08:32:56.005862+00:00,train,1,882,self,1.0,0,98,
2025-11-27T08:32:56.005983+00:00,train,1,883,self,1.0,0,78,
2025-11-27T08:32:56.006105+00:00,train,1,884,self,1.0,0,94,
2025-11-27T08:32:56.006227+00:00,train,1,885,self,1.0,0,96,
2025-11-27T08:32:56.006350+00:00,train,1,886,self,1.0,0,100,
2025-11-27T08:32:56.006472+00:00,train,1,887,self,1.0,0,89,
2025-11-27T08:32:56.006594+00:00,train,1,888,self,1.0,0,96,
2025-11-27T08:32:56.006716+00:00,train,1,889,self,1.0,0,96,
2025-11-27T08:32:56.006838+00:00,train,1,890,self,1.0,0,98,
2025-11-27T08:32:56.006966+00:00,train,1,891,self,1.0,0,94,
2025-11-27T08:32:56.007089+00:00,train,1,892,self,1.0,0,99,
2025-11-27T08:32:56.007211+00:00,train,1,893,self,1.0,0,91,
2025-11-27T08:32:56.007332+00:00,train,1,894,self,1.0,0,98,
2025-11-27T08:32:56.007454+00:00,train,1,895,self,1.0,0,93,
2025-11-27T08:32:56.007575+00:00,train,1,896,self,1.0,0,100,
2025-11-27T08:32:56.007696+00:00,train,1,897,self,1.0,0,97,
2025-11-27T08:32:56.007817+00:00,train,1,898,self,1.0,0,100,
2025-11-27T08:32:56.007938+00:00,train,1,899,self,1.0,0,96,
2025-11-27T08:32:56.008059+00:00,train,1,900,self,1.0,0,97,
2025-11-27T08:32:56.008182+00:00,train,1,901,self,1.0,0,94,
2025-11-27T08:32:56.008360+00:00,train,1,902,self,1.0,0,100,
2025-11-27T08:32:56.008505+00:00,train,1,903,self,1.0,0,94,
2025-11-27T08:32:56.008641+00:00,train,1,904,self,1.0,0,95,
2025-11-27T08:32:56.008774+00:00,train,1,905,self,1.0,0,93,
2025-11-27T08:32:56.008902+00:00,train,1,906,self,1.0,0,96,
2025-11-27T08:32:56.009028+00:00,train,1,907,self,1.0,0,95,
2025-11-27T08:32:56.009153+00:00,train,1,908,self,1.0,0,98,
2025-11-27T08:32:56.009347+00:00,train,1,909,self,1.0,0,97,
2025-11-27T08:32:56.009492+00:00,train,1,910,self,1.0,0,99,
2025-11-27T08:32:56.009626+00:00,train,1,911,self,1.0,0,86,
2025-11-27T08:32:56.009760+00:00,train,1,912,self,1.0,0,96,
2025-11-27T08:32:56.009962+00:00,train,1,913,self,1.0,0,95,
2025-11-27T08:32:56.010132+00:00,train,1,914,self,1.0,0,97,
2025-11-27T08:32:56.010280+00:00,train,1,915,self,1.0,0,98,
2025-11-27T08:32:56.010419+00:00,train,1,916,self,1.0,0,100,
2025-11-27T08:32:56.010556+00:00,train,1,917,self,1.0,0,94,
2025-11-27T08:32:56.010690+00:00,train,1,918,self,1.0,0,100,
2025-11-27T08:32:56.010823+00:00,train,1,919,self,1.0,0,96,
2025-11-27T08:32:56.010957+00:00,train,1,920,self,1.0,0,97,
2025-11-27T08:32:56.011088+00:00,train,1,921,self,1.0,0,84,
2025-11-27T08:32:56.011219+00:00,train,1,922,self,1.0,0,96,
2025-11-27T08:32:56.011349+00:00,train,1,923,self,1.0,0,99,
2025-11-27T08:32:56.011480+00:00,train,1,924,self,1.0,0,100,
2025-11-27T08:32:56.011610+00:00,train,1,925,self,1.0,0,98,
2025-11-27T08:32:56.011741+00:00,train,1,926,self,1.0,0,100,
2025-11-27T08:32:56.011871+00:00,train,1,927,self,1.0,0,92,
2025-11-27T08:32:56.012000+00:00,train,1,928,self,1.0,0,94,
2025-11-27T08:32:56.012129+00:00,train,1,929,self,1.0,0,93,
2025-11-27T08:32:56.012263+00:00,train,1,930,self,1.0,0,97,
2025-11-27T08:32:56.012394+00:00,train,1,931,self,1.0,0,90,
2025-11-27T08:32:56.012524+00:00,train,1,932,self,1.0,0,94,
2025-11-27T08:32:56.012654+00:00,train,1,933,self,1.0,0,97,
2025-11-27T08:32:56.012784+00:00,train,1,934,self,1.0,0,98,
2025-11-27T08:32:56.012914+00:00,train,1,935,self,1.0,0,98,
2025-11-27T08:32:56.013046+00:00,train,1,936,self,1.0,0,100,
2025-11-27T08:32:56.013176+00:00,train,1,937,self,1.0,0,93,
2025-11-27T08:32:56.013305+00:00,train,1,938,self,1.0,0,94,
2025-11-27T08:32:56.013504+00:00,train,1,939,self,1.0,0,93,
2025-11-27T08:32:56.013638+00:00,train,1,940,self,1.0,0,100,
2025-11-27T08:32:56.013776+00:00,train,1,941,self,1.0,0,93,
2025-11-27T08:32:56.013907+00:00,train,1,942,self,1.0,0,100,
2025-11-27T08:32:56.014037+00:00,train,1,943,self,1.0,0,90,
2025-11-27T08:32:56.014170+00:00,train,1,944,self,1.0,0,93,
2025-11-27T08:32:56.014300+00:00,train,1,945,self,1.0,0,84,
2025-11-27T08:32:56.014430+00:00,train,1,946,self,1.0,0,94,
2025-11-27T08:32:56.014559+00:00,train,1,947,self,1.0,0,87,
2025-11-27T08:32:56.014689+00:00,train,1,948,self,1.0,0,97,
2025-11-27T08:32:56.014818+00:00,train,1,949,self,1.0,0,88,
2025-11-27T08:32:56.014948+00:00,train,1,950,self,1.0,0,99,
2025-11-27T08:32:56.015077+00:00,train,1,951,self,1.0,0,90,
2025-11-27T08:32:56.015206+00:00,train,1,952,self,1.0,0,98,
2025-11-27T08:32:56.015335+00:00,train,1,953,self,1.0,0,96,
2025-11-27T08:32:56.015465+00:00,train,1,954,self,1.0,0,96,
2025-11-27T08:32:56.015594+00:00,train,1,955,self,1.0,0,97,
2025-11-27T08:32:56.015724+00:00,train,1,956,self,1.0,0,98,
2025-11-27T08:32:56.015854+00:00,train,1,957,self,1.0,0,91,
2025-11-27T08:32:56.015984+00:00,train,1,958,self,1.0,0,98,
2025-11-27T08:32:56.016115+00:00,train,1,959,self,1.0,0,98,
2025-11-27T08:32:56.016245+00:00,train,1,960,self,1.0,0,99,
2025-11-27T08:32:56.016375+00:00,train,1,961,self,1.0,0,90,
2025-11-27T08:32:56.016505+00:00,train,1,962,self,1.0,0,99,
2025-11-27T08:32:56.016635+00:00,train,1,963,self,1.0,0,85,
2025-11-27T08:32:56.016765+00:00,train,1,964,self,1.0,0,97,
2025-11-27T08:32:56.016896+00:00,train,1,965,self,1.0,0,95,
2025-11-27T08:32:56.017027+00:00,train,1,966,self,1.0,0,96,
2025-11-27T08:32:56.017157+00:00,train,1,967,self,1.0,0,96,
2025-11-27T08:32:56.017287+00:00,train,1,968,self,1.0,0,99,
2025-11-27T08:32:56.017417+00:00,train,1,969,self,1.0,0,88,
2025-11-27T08:32:56.017547+00:00,train,1,970,self,1.0,0,96,
2025-11-27T08:32:56.017703+00:00,train,1,971,self,1.0,0,88,
2025-11-27T08:32:56.017845+00:00,train,1,972,self,1.0,0,95,
2025-11-27T08:32:56.017976+00:00,train,1,973,self,1.0,0,91,
2025-11-27T08:32:56.018107+00:00,train,1,974,self,1.0,0,95,
2025-11-27T08:32:56.018237+00:00,train,1,975,self,1.0,0,94,
2025-11-27T08:32:56.018369+00:00,train,1,976,self,1.0,0,100,
2025-11-27T08:32:56.018564+00:00,train,1,977,self,1.0,0,96,
2025-11-27T08:32:56.018717+00:00,train,1,978,self,1.0,0,98,
2025-11-27T08:32:56.018873+00:00,train,1,979,self,1.0,0,97,
2025-11-27T08:32:56.019021+00:00,train,1,980,self,1.0,0,99,
2025-11-27T08:32:56.019162+00:00,train,1,981,self,1.0,0,91,
2025-11-27T08:32:56.019331+00:00,train,1,982,self,1.0,0,98,
2025-11-27T08:32:56.019487+00:00,train,1,983,self,1.0,0,81,
2025-11-27T08:32:56.019691+00:00,train,1,984,self,1.0,0,96,
2025-11-27T08:32:56.019877+00:00,train,1,985,self,1.0,0,93,
2025-11-27T08:32:56.020056+00:00,train,1,986,self,1.0,0,99,
2025-11-27T08:32:56.020208+00:00,train,1,987,self,1.0,0,96,
2025-11-27T08:32:56.020343+00:00,train,1,988,self,1.0,0,98,
2025-11-27T08:32:56.020523+00:00,train,1,989,self,1.0,0,93,
2025-11-27T08:32:56.020670+00:00,train,1,990,self,1.0,0,99,
2025-11-27T08:32:56.020900+00:00,train,1,991,self,1.0,0,96,
2025-11-27T08:32:56.021130+00:00,train,1,992,self,1.0,0,97,
2025-11-27T08:32:56.021351+00:00,train,1,993,self,1.0,0,93,
2025-11-27T08:32:56.021615+00:00,train,1,994,self,1.0,0,97,
2025-11-27T08:32:56.021877+00:00,train,1,995,self,1.0,0,96,
2025-11-27T08:32:56.022043+00:00,train,1,996,self,1.0,0,97,
2025-11-27T08:32:56.022193+00:00,train,1,997,self,1.0,0,90,
2025-11-27T08:32:56.022332+00:00,train,1,998,self,1.0,0,100,
2025-11-27T08:32:56.022468+00:00,train,1,999,self,1.0,0,94,
2025-11-27T08:32:56.022604+00:00,train,1,1000,self,1.0,0,100,
2025-11-27T08:32:56.026427+00:00,train,1,1001,self,1.0,0,90,
2025-11-27T08:32:56.026732+00:00,train,1,1002,self,1.0,0,96,
2025-11-27T08:32:56.026905+00:00,train,1,1003,self,1.0,0,98,
2025-11-27T08:32:56.027074+00:00,train,1,1004,self,1.0,0,100,
2025-11-27T08:32:56.027291+00:00,train,1,1005,self,1.0,0,100,
2025-11-27T08:32:56.028048+00:00,train,1,1006,self,1.0,0,100,
2025-11-27T08:32:56.028702+00:00,train,1,1007,self,1.0,0,85,
2025-11-27T08:32:56.028947+00:00,train,1,1008,self,1.0,0,96,
2025-11-27T08:32:56.029128+00:00,train,1,1009,self,1.0,0,88,
2025-11-27T08:32:56.029289+00:00,train,1,1010,self,1.0,0,98,
2025-11-27T08:32:56.029439+00:00,train,1,1011,self,1.0,0,92,
2025-11-27T08:32:56.029585+00:00,train,1,1012,self,1.0,0,97,
2025-11-27T08:32:56.029728+00:00,train,1,1013,self,1.0,0,83,
2025-11-27T08:32:56.029868+00:00,train,1,1014,self,1.0,0,85,
2025-11-27T08:32:56.030024+00:00,train,1,1015,self,1.0,0,97,
2025-11-27T08:32:56.030164+00:00,train,1,1016,self,1.0,0,100,
2025-11-27T08:32:56.030301+00:00,train,1,1017,self,1.0,0,92,
2025-11-27T08:32:56.030440+00:00,train,1,1018,self,1.0,0,100,
2025-11-27T08:32:56.030577+00:00,train,1,1019,self,1.0,0,96,
2025-11-27T08:32:56.030714+00:00,train,1,1020,self,1.0,0,100,
2025-11-27T08:32:56.030851+00:00,train,1,1021,self,1.0,0,96,
2025-11-27T08:32:56.030992+00:00,train,1,1022,self,1.0,0,100,
2025-11-27T08:32:56.031143+00:00,train,1,1023,self,1.0,0,95,
2025-11-27T08:32:56.031281+00:00,train,1,1024,self,1.0,0,100,
2025-11-27T08:32:56.031418+00:00,train,1,1025,self,1.0,0,58,
2025-11-27T08:32:56.031556+00:00,train,1,1026,self,1.0,0,87,
2025-11-27T08:32:56.031693+00:00,train,1,1027,self,1.0,0,90,
2025-11-27T08:32:56.031860+00:00,train,1,1028,self,1.0,0,97,
2025-11-27T08:32:56.031999+00:00,train,1,1029,self,1.0,0,98,
2025-11-27T08:32:56.032137+00:00,train,1,1030,self,1.0,0,100,
2025-11-27T08:32:56.032373+00:00,train,1,1031,self,1.0,0,99,
2025-11-27T08:32:56.032572+00:00,train,1,1032,self,1.0,0,99,
2025-11-27T08:32:56.032785+00:00,train,1,1033,self,1.0,0,96,
2025-11-27T08:32:56.032964+00:00,train,1,1034,self,1.0,0,98,
2025-11-27T08:32:56.033120+00:00,train,1,1035,self,1.0,0,97,
2025-11-27T08:32:56.033271+00:00,train,1,1036,self,1.0,0,100,
2025-11-27T08:32:56.033414+00:00,train,1,1037,self,1.0,0,91,
2025-11-27T08:32:56.033555+00:00,train,1,1038,self,1.0,0,99,
2025-11-27T08:32:56.033692+00:00,train,1,1039,self,1.0,0,92,
2025-11-27T08:32:56.033827+00:00,train,1,1040,self,1.0,0,99,
2025-11-27T08:32:56.033963+00:00,train,1,1041,self,1.0,0,91,
2025-11-27T08:32:56.034099+00:00,train,1,1042,self,1.0,0,91,
2025-11-27T08:32:56.034234+00:00,train,1,1043,self,1.0,0,98,
2025-11-27T08:32:56.034369+00:00,train,1,1044,self,1.0,0,100,
2025-11-27T08:32:56.034507+00:00,train,1,1045,self,1.0,0,99,
2025-11-27T08:32:56.034646+00:00,train,1,1046,self,1.0,0,100,
2025-11-27T08:32:56.034787+00:00,train,1,1047,self,1.0,0,96,
2025-11-27T08:32:56.034926+00:00,train,1,1048,self,1.0,0,98,
2025-11-27T08:32:56.035078+00:00,train,1,1049,self,1.0,0,86,
2025-11-27T08:32:56.035228+00:00,train,1,1050,self,1.0,0,97,
2025-11-27T08:32:56.035378+00:00,train,1,1051,self,1.0,0,97,
2025-11-27T08:32:56.035528+00:00,train,1,1052,self,1.0,0,98,
2025-11-27T08:32:56.035676+00:00,train,1,1053,self,1.0,0,91,
2025-11-27T08:32:56.035817+00:00,train,1,1054,self,1.0,0,98,
2025-11-27T08:32:56.035954+00:00,train,1,1055,self,1.0,0,91,
2025-11-27T08:32:56.036178+00:00,train,1,1056,self,1.0,0,99,
2025-11-27T08:32:56.036410+00:00,train,1,1057,self,1.0,0,80,
2025-11-27T08:32:56.036586+00:00,train,1,1058,self,1.0,0,98,
2025-11-27T08:32:56.036743+00:00,train,1,1059,self,1.0,0,85,
2025-11-27T08:32:56.036897+00:00,train,1,1060,self,1.0,0,95,
2025-11-27T08:32:56.037048+00:00,train,1,1061,self,1.0,0,96,
2025-11-27T08:32:56.037205+00:00,train,1,1062,self,1.0,0,100,
2025-11-27T08:32:56.037353+00:00,train,1,1063,self,1.0,0,96,
2025-11-27T08:32:56.037501+00:00,train,1,1064,self,1.0,0,97,
2025-11-27T08:32:56.037647+00:00,train,1,1065,self,1.0,0,97,
2025-11-27T08:32:56.037810+00:00,train,1,1066,self,1.0,0,99,
2025-11-27T08:32:56.037955+00:00,train,1,1067,self,1.0,0,93,
2025-11-27T08:32:56.038100+00:00,train,1,1068,self,1.0,0,96,
2025-11-27T08:32:56.038245+00:00,train,1,1069,self,1.0,0,88,
2025-11-27T08:32:56.038393+00:00,train,1,1070,self,1.0,0,96,
2025-11-27T08:32:56.038629+00:00,train,1,1071,self,1.0,0,98,
2025-11-27T08:32:56.038790+00:00,train,1,1072,self,1.0,0,100,
2025-11-27T08:32:56.038943+00:00,train,1,1073,self,1.0,0,86,
2025-11-27T08:32:56.039092+00:00,train,1,1074,self,1.0,0,95,
2025-11-27T08:32:56.039240+00:00,train,1,1075,self,1.0,0,98,
2025-11-27T08:32:56.039390+00:00,train,1,1076,self,1.0,0,100,
2025-11-27T08:32:56.039540+00:00,train,1,1077,self,1.0,0,96,
2025-11-27T08:32:56.039689+00:00,train,1,1078,self,1.0,0,99,
2025-11-27T08:32:56.039836+00:00,train,1,1079,self,1.0,0,97,
2025-11-27T08:32:56.039980+00:00,train,1,1080,self,1.0,0,100,
2025-11-27T08:32:56.040126+00:00,train,1,1081,self,1.0,0,91,
2025-11-27T08:32:56.040273+00:00,train,1,1082,self,1.0,0,96,
2025-11-27T08:32:56.040421+00:00,train,1,1083,self,1.0,0,94,
2025-11-27T08:32:56.040566+00:00,train,1,1084,self,1.0,0,100,
2025-11-27T08:32:56.040713+00:00,train,1,1085,self,1.0,0,90,
2025-11-27T08:32:56.040870+00:00,train,1,1086,self,1.0,0,99,
2025-11-27T08:32:56.041016+00:00,train,1,1087,self,1.0,0,96,
2025-11-27T08:32:56.041159+00:00,train,1,1088,self,1.0,0,99,
2025-11-27T08:32:56.041302+00:00,train,1,1089,self,1.0,0,99,
2025-11-27T08:32:56.041449+00:00,train,1,1090,self,1.0,0,100,
2025-11-27T08:32:56.041592+00:00,train,1,1091,self,1.0,0,98,
2025-11-27T08:32:56.041735+00:00,train,1,1092,self,1.0,0,100,
2025-11-27T08:32:56.041887+00:00,train,1,1093,self,1.0,0,89,
2025-11-27T08:32:56.042030+00:00,train,1,1094,self,1.0,0,96,
2025-11-27T08:32:56.042177+00:00,train,1,1095,self,1.0,0,94,
2025-11-27T08:32:56.042325+00:00,train,1,1096,self,1.0,0,99,
2025-11-27T08:32:56.042470+00:00,train,1,1097,self,1.0,0,93,
2025-11-27T08:32:56.042615+00:00,train,1,1098,self,1.0,0,93,
2025-11-27T08:32:56.042760+00:00,train,1,1099,self,1.0,0,93,
2025-11-27T08:32:56.042905+00:00,train,1,1100,self,1.0,0,94,
2025-11-27T08:32:56.043050+00:00,train,1,1101,self,1.0,0,97,
2025-11-27T08:32:56.043197+00:00,train,1,1102,self,1.0,0,99,
2025-11-27T08:32:56.043343+00:00,train,1,1103,self,1.0,0,91,
2025-11-27T08:32:56.043493+00:00,train,1,1104,self,1.0,0,93,
2025-11-27T08:32:56.043639+00:00,train,1,1105,self,1.0,0,97,
2025-11-27T08:32:56.043783+00:00,train,1,1106,self,1.0,0,100,
2025-11-27T08:32:56.043928+00:00,train,1,1107,self,1.0,0,96,
2025-11-27T08:32:56.044073+00:00,train,1,1108,self,1.0,0,99,
2025-11-27T08:32:56.044228+00:00,train,1,1109,self,1.0,0,81,
2025-11-27T08:32:56.044435+00:00,train,1,1110,self,1.0,0,95,
2025-11-27T08:32:56.044599+00:00,train,1,1111,self,1.0,0,92,
2025-11-27T08:32:56.044749+00:00,train,1,1112,self,1.0,0,95,
2025-11-27T08:32:56.044895+00:00,train,1,1113,self,1.0,0,87,
2025-11-27T08:32:56.045038+00:00,train,1,1114,self,1.0,0,95,
2025-11-27T08:32:56.045178+00:00,train,1,1115,self,1.0,0,91,
2025-11-27T08:32:56.045315+00:00,train,1,1116,self,1.0,0,97,
2025-11-27T08:32:56.045455+00:00,train,1,1117,self,1.0,0,90,
2025-11-27T08:32:56.045593+00:00,train,1,1118,self,1.0,0,97,
2025-11-27T08:32:56.045730+00:00,train,1,1119,self,1.0,0,98,
2025-11-27T08:32:56.045867+00:00,train,1,1120,self,1.0,0,99,
2025-11-27T08:32:56.046003+00:00,train,1,1121,self,1.0,0,99,
2025-11-27T08:32:56.046137+00:00,train,1,1122,self,1.0,0,99,
2025-11-27T08:32:56.046276+00:00,train,1,1123,self,1.0,0,98,
2025-11-27T08:32:56.046413+00:00,train,1,1124,self,1.0,0,98,
2025-11-27T08:32:56.046549+00:00,train,1,1125,self,1.0,0,77,
2025-11-27T08:32:56.046685+00:00,train,1,1126,self,1.0,0,97,
2025-11-27T08:32:56.046820+00:00,train,1,1127,self,1.0,0,88,
2025-11-27T08:32:56.046956+00:00,train,1,1128,self,1.0,0,96,
2025-11-27T08:32:56.047091+00:00,train,1,1129,self,1.0,0,85,
2025-11-27T08:32:56.047224+00:00,train,1,1130,self,1.0,0,97,
2025-11-27T08:32:56.047358+00:00,train,1,1131,self,1.0,0,92,
2025-11-27T08:32:56.047491+00:00,train,1,1132,self,1.0,0,97,
2025-11-27T08:32:56.047627+00:00,train,1,1133,self,1.0,0,91,
2025-11-27T08:32:56.047761+00:00,train,1,1134,self,1.0,0,93,
2025-11-27T08:32:56.047894+00:00,train,1,1135,self,1.0,0,92,
2025-11-27T08:32:56.048026+00:00,train,1,1136,self,1.0,0,95,
2025-11-27T08:32:56.048268+00:00,train,1,1137,self,1.0,0,98,
2025-11-27T08:32:56.048405+00:00,train,1,1138,self,1.0,0,98,
2025-11-27T08:32:56.048539+00:00,train,1,1139,self,1.0,0,99,
2025-11-27T08:32:56.048675+00:00,train,1,1140,self,1.0,0,100,
2025-11-27T08:32:56.048815+00:00,train,1,1141,self,1.0,0,98,
2025-11-27T08:32:56.048948+00:00,train,1,1142,self,1.0,0,98,
2025-11-27T08:32:56.049080+00:00,train,1,1143,self,1.0,0,86,
2025-11-27T08:32:56.049212+00:00,train,1,1144,self,1.0,0,97,
2025-11-27T08:32:56.049343+00:00,train,1,1145,self,1.0,0,98,
2025-11-27T08:32:56.049476+00:00,train,1,1146,self,1.0,0,99,
2025-11-27T08:32:56.049607+00:00,train,1,1147,self,1.0,0,90,
2025-11-27T08:32:56.049739+00:00,train,1,1148,self,1.0,0,91,
2025-11-27T08:32:56.049872+00:00,train,1,1149,self,1.0,0,92,
2025-11-27T08:32:56.050006+00:00,train,1,1150,self,1.0,0,96,
2025-11-27T08:32:56.050139+00:00,train,1,1151,self,1.0,0,90,
2025-11-27T08:32:56.050272+00:00,train,1,1152,self,1.0,0,96,
2025-11-27T08:32:56.050404+00:00,train,1,1153,self,1.0,0,91,
2025-11-27T08:32:56.050537+00:00,train,1,1154,self,1.0,0,92,
2025-11-27T08:32:56.050669+00:00,train,1,1155,self,1.0,0,96,
2025-11-27T08:32:56.050802+00:00,train,1,1156,self,1.0,0,100,
2025-11-27T08:32:56.050934+00:00,train,1,1157,self,1.0,0,93,
2025-11-27T08:32:56.051066+00:00,train,1,1158,self,1.0,0,97,
2025-11-27T08:32:56.051197+00:00,train,1,1159,self,1.0,0,93,
2025-11-27T08:32:56.051328+00:00,train,1,1160,self,1.0,0,99,
2025-11-27T08:32:56.051459+00:00,train,1,1161,self,1.0,0,98,
2025-11-27T08:32:56.051590+00:00,train,1,1162,self,1.0,0,100,
2025-11-27T08:32:56.051722+00:00,train,1,1163,self,1.0,0,89,
2025-11-27T08:32:56.051853+00:00,train,1,1164,self,1.0,0,95,
2025-11-27T08:32:56.051984+00:00,train,1,1165,self,1.0,0,82,
2025-11-27T08:32:56.052115+00:00,train,1,1166,self,1.0,0,100,
2025-11-27T08:32:56.052246+00:00,train,1,1167,self,1.0,0,96,
2025-11-27T08:32:56.052378+00:00,train,1,1168,self,1.0,0,99,
2025-11-27T08:32:56.052509+00:00,train,1,1169,self,1.0,0,97,
2025-11-27T08:32:56.052640+00:00,train,1,1170,self,1.0,0,100,
2025-11-27T08:32:56.052771+00:00,train,1,1171,self,1.0,0,99,
2025-11-27T08:32:56.052902+00:00,train,1,1172,self,1.0,0,100,
2025-11-27T08:32:56.053034+00:00,train,1,1173,self,1.0,0,97,
2025-11-27T08:32:56.053165+00:00,train,1,1174,self,1.0,0,99,
2025-11-27T08:32:56.053295+00:00,train,1,1175,self,1.0,0,95,
2025-11-27T08:32:56.053425+00:00,train,1,1176,self,1.0,0,99,
2025-11-27T08:32:56.053562+00:00,train,1,1177,self,1.0,0,90,
2025-11-27T08:32:56.053693+00:00,train,1,1178,self,1.0,0,100,
2025-11-27T08:32:56.053836+00:00,train,1,1179,self,1.0,0,86,
2025-11-27T08:32:56.053963+00:00,train,1,1180,self,1.0,0,98,
2025-11-27T08:32:56.054090+00:00,train,1,1181,self,1.0,0,95,
2025-11-27T08:32:56.054216+00:00,train,1,1182,self,1.0,0,96,
2025-11-27T08:32:56.054345+00:00,train,1,1183,self,1.0,0,78,
2025-11-27T08:32:56.054473+00:00,train,1,1184,self,1.0,0,96,
2025-11-27T08:32:56.054600+00:00,train,1,1185,self,1.0,0,86,
2025-11-27T08:32:56.054726+00:00,train,1,1186,self,1.0,0,95,
2025-11-27T08:32:56.054853+00:00,train,1,1187,self,1.0,0,91,
2025-11-27T08:32:56.054980+00:00,train,1,1188,self,1.0,0,94,
2025-11-27T08:32:56.055108+00:00,train,1,1189,self,1.0,0,99,
2025-11-27T08:32:56.055235+00:00,train,1,1190,self,1.0,0,99,
2025-11-27T08:32:56.055431+00:00,train,1,1191,self,1.0,0,97,
2025-11-27T08:32:56.055620+00:00,train,1,1192,self,1.0,0,98,
2025-11-27T08:32:56.055792+00:00,train,1,1193,self,1.0,0,91,
2025-11-27T08:32:56.055940+00:00,train,1,1194,self,1.0,0,99,
2025-11-27T08:32:56.056081+00:00,train,1,1195,self,1.0,0,94,
2025-11-27T08:32:56.056221+00:00,train,1,1196,self,1.0,0,99,
2025-11-27T08:32:56.056356+00:00,train,1,1197,self,1.0,0,92,
2025-11-27T08:32:56.056491+00:00,train,1,1198,self,1.0,0,97,
2025-11-27T08:32:56.056624+00:00,train,1,1199,self,1.0,0,90,
2025-11-27T08:32:56.056756+00:00,train,1,1200,self,1.0,0,96,
2025-11-27T08:32:56.056887+00:00,train,1,1201,self,1.0,0,93,
2025-11-27T08:32:56.057018+00:00,train,1,1202,self,1.0,0,100,
2025-11-27T08:32:56.057155+00:00,train,1,1203,self,1.0,0,90,
2025-11-27T08:32:56.057289+00:00,train,1,1204,self,1.0,0,95,
2025-11-27T08:32:56.057423+00:00,train,1,1205,self,1.0,0,94,
2025-11-27T08:32:56.057557+00:00,train,1,1206,self,1.0,0,97,
2025-11-27T08:32:56.057690+00:00,train,1,1207,self,1.0,0,87,
2025-11-27T08:32:56.057837+00:00,train,1,1208,self,1.0,0,90,
2025-11-27T08:32:56.057967+00:00,train,1,1209,self,1.0,0,87,
2025-11-27T08:32:56.058097+00:00,train,1,1210,self,1.0,0,100,
2025-11-27T08:32:56.058226+00:00,train,1,1211,self,1.0,0,93,
2025-11-27T08:32:56.058355+00:00,train,1,1212,self,1.0,0,95,
2025-11-27T08:32:56.058484+00:00,train,1,1213,self,1.0,0,94,
2025-11-27T08:32:56.058613+00:00,train,1,1214,self,1.0,0,98,
2025-11-27T08:32:56.058741+00:00,train,1,1215,self,1.0,0,98,
2025-11-27T08:32:56.058886+00:00,train,1,1216,self,1.0,0,99,
2025-11-27T08:32:56.059017+00:00,train,1,1217,self,1.0,0,96,
2025-11-27T08:32:56.059226+00:00,train,1,1218,self,1.0,0,97,
2025-11-27T08:32:56.059398+00:00,train,1,1219,self,1.0,0,95,
2025-11-27T08:32:56.059542+00:00,train,1,1220,self,1.0,0,98,
2025-11-27T08:32:56.059678+00:00,train,1,1221,self,1.0,0,95,
2025-11-27T08:32:56.059812+00:00,train,1,1222,self,1.0,0,97,
2025-11-27T08:32:56.059944+00:00,train,1,1223,self,1.0,0,86,
2025-11-27T08:32:56.060138+00:00,train,1,1224,self,1.0,0,97,
2025-11-27T08:32:56.060289+00:00,train,1,1225,self,1.0,0,97,
2025-11-27T08:32:56.060430+00:00,train,1,1226,self,1.0,0,100,
2025-11-27T08:32:56.060563+00:00,train,1,1227,self,1.0,0,99,
2025-11-27T08:32:56.060694+00:00,train,1,1228,self,1.0,0,100,
2025-11-27T08:32:56.060824+00:00,train,1,1229,self,1.0,0,99,
2025-11-27T08:32:56.060953+00:00,train,1,1230,self,1.0,0,100,
2025-11-27T08:32:56.061081+00:00,train,1,1231,self,1.0,0,92,
2025-11-27T08:32:56.061208+00:00,train,1,1232,self,1.0,0,100,
2025-11-27T08:32:56.061335+00:00,train,1,1233,self,1.0,0,95,
2025-11-27T08:32:56.061462+00:00,train,1,1234,self,1.0,0,96,
2025-11-27T08:32:56.061588+00:00,train,1,1235,self,1.0,0,95,
2025-11-27T08:32:56.061714+00:00,train,1,1236,self,1.0,0,99,
2025-11-27T08:32:56.061840+00:00,train,1,1237,self,1.0,0,97,
2025-11-27T08:32:56.061966+00:00,train,1,1238,self,1.0,0,98,
2025-11-27T08:32:56.062092+00:00,train,1,1239,self,1.0,0,92,
2025-11-27T08:32:56.062220+00:00,train,1,1240,self,1.0,0,92,
2025-11-27T08:32:56.062346+00:00,train,1,1241,self,1.0,0,87,
2025-11-27T08:32:56.062472+00:00,train,1,1242,self,1.0,0,96,
2025-11-27T08:32:56.062597+00:00,train,1,1243,self,1.0,0,86,
2025-11-27T08:32:56.062723+00:00,train,1,1244,self,1.0,0,97,
2025-11-27T08:32:56.062848+00:00,train,1,1245,self,1.0,0,92,
2025-11-27T08:32:56.062974+00:00,train,1,1246,self,1.0,0,100,
2025-11-27T08:32:56.063100+00:00,train,1,1247,self,1.0,0,98,
2025-11-27T08:32:56.063226+00:00,train,1,1248,self,1.0,0,100,
2025-11-27T08:32:56.063352+00:00,train,1,1249,self,1.0,0,82,
2025-11-27T08:32:56.063477+00:00,train,1,1250,self,1.0,0,95,
2025-11-27T08:32:56.063603+00:00,train,1,1251,self,1.0,0,95,
2025-11-27T08:32:56.063729+00:00,train,1,1252,self,1.0,0,99,
2025-11-27T08:32:56.063857+00:00,train,1,1253,self,1.0,0,94,
2025-11-27T08:32:56.064002+00:00,train,1,1254,self,1.0,0,94,
2025-11-27T08:32:56.064131+00:00,train,1,1255,self,1.0,0,89,
2025-11-27T08:32:56.064260+00:00,train,1,1256,self,1.0,0,100,
2025-11-27T08:32:56.064386+00:00,train,1,1257,self,1.0,0,96,
2025-11-27T08:32:56.064514+00:00,train,1,1258,self,1.0,0,100,
2025-11-27T08:32:56.064641+00:00,train,1,1259,self,1.0,0,92,
2025-11-27T08:32:56.064767+00:00,train,1,1260,self,1.0,0,96,
2025-11-27T08:32:56.064894+00:00,train,1,1261,self,1.0,0,92,
2025-11-27T08:32:56.065020+00:00,train,1,1262,self,1.0,0,98,
2025-11-27T08:32:56.065147+00:00,train,1,1263,self,1.0,0,96,
2025-11-27T08:32:56.065273+00:00,train,1,1264,self,1.0,0,100,
2025-11-27T08:32:56.065399+00:00,train,1,1265,self,1.0,0,98,
2025-11-27T08:32:56.065525+00:00,train,1,1266,self,1.0,0,98,
2025-11-27T08:32:56.065651+00:00,train,1,1267,self,1.0,0,93,
2025-11-27T08:32:56.065777+00:00,train,1,1268,self,1.0,0,98,
2025-11-27T08:32:56.065907+00:00,train,1,1269,self,1.0,0,92,
2025-11-27T08:32:56.066033+00:00,train,1,1270,self,1.0,0,98,
2025-11-27T08:32:56.066159+00:00,train,1,1271,self,1.0,0,89,
2025-11-27T08:32:56.066286+00:00,train,1,1272,self,1.0,0,99,
2025-11-27T08:32:56.066412+00:00,train,1,1273,self,1.0,0,100,
2025-11-27T08:32:56.066538+00:00,train,1,1274,self,1.0,0,100,
2025-11-27T08:32:56.066664+00:00,train,1,1275,self,1.0,0,90,
2025-11-27T08:32:56.066802+00:00,train,1,1276,self,1.0,0,96,
2025-11-27T08:32:56.066923+00:00,train,1,1277,self,1.0,0,86,
2025-11-27T08:32:56.067045+00:00,train,1,1278,self,1.0,0,100,
2025-11-27T08:32:56.067167+00:00,train,1,1279,self,1.0,0,98,
2025-11-27T08:32:56.067289+00:00,train,1,1280,self,1.0,0,98,
2025-11-27T08:32:56.067411+00:00,train,1,1281,self,1.0,0,96,
2025-11-27T08:32:56.067533+00:00,train,1,1282,self,1.0,0,97,
2025-11-27T08:32:56.067655+00:00,train,1,1283,self,1.0,0,94,
2025-11-27T08:32:56.067777+00:00,train,1,1284,self,1.0,0,97,
2025-11-27T08:32:56.067898+00:00,train,1,1285,self,1.0,0,98,
2025-11-27T08:32:56.068020+00:00,train,1,1286,self,1.0,0,100,
2025-11-27T08:32:56.068142+00:00,train,1,1287,self,1.0,0,98,
2025-11-27T08:32:56.068264+00:00,train,1,1288,self,1.0,0,100,
2025-11-27T08:32:56.068386+00:00,train,1,1289,self,1.0,0,92,
2025-11-27T08:32:56.068508+00:00,train,1,1290,self,1.0,0,96,
2025-11-27T08:32:56.068630+00:00,train,1,1291,self,1.0,0,86,
2025-11-27T08:32:56.068752+00:00,train,1,1292,self,1.0,0,97,
2025-11-27T08:32:56.068874+00:00,train,1,1293,self,1.0,0,95,
2025-11-27T08:32:56.068997+00:00,train,1,1294,self,1.0,0,100,
2025-11-27T08:32:56.069125+00:00,train,1,1295,self,1.0,0,88,
2025-11-27T08:32:56.069253+00:00,train,1,1296,self,1.0,0,94,
2025-11-27T08:32:56.069375+00:00,train,1,1297,self,1.0,0,87,
2025-11-27T08:32:56.069498+00:00,train,1,1298,self,1.0,0,99,
2025-11-27T08:32:56.069621+00:00,train,1,1299,self,1.0,0,99,
2025-11-27T08:32:56.069743+00:00,train,1,1300,self,1.0,0,100,
2025-11-27T08:32:56.069866+00:00,train,1,1301,self,1.0,0,93,
2025-11-27T08:32:56.069988+00:00,train,1,1302,self,1.0,0,99,
2025-11-27T08:32:56.070111+00:00,train,1,1303,self,1.0,0,76,
2025-11-27T08:32:56.070235+00:00,train,1,1304,self,1.0,0,99,
2025-11-27T08:32:56.070447+00:00,train,1,1305,self,1.0,0,97,
2025-11-27T08:32:56.070703+00:00,train,1,1306,self,1.0,0,99,
2025-11-27T08:32:56.070839+00:00,train,1,1307,self,1.0,0,92,
2025-11-27T08:32:56.070971+00:00,train,1,1308,self,1.0,0,94,
2025-11-27T08:32:56.071100+00:00,train,1,1309,self,1.0,0,86,
2025-11-27T08:32:56.071229+00:00,train,1,1310,self,1.0,0,94,
2025-11-27T08:32:56.071355+00:00,train,1,1311,self,1.0,0,93,
2025-11-27T08:32:56.071480+00:00,train,1,1312,self,1.0,0,97,
2025-11-27T08:32:56.071605+00:00,train,1,1313,self,1.0,0,96,
2025-11-27T08:32:56.071791+00:00,train,1,1314,self,1.0,0,97,
2025-11-27T08:32:56.071937+00:00,train,1,1315,self,1.0,0,93,
2025-11-27T08:32:56.072072+00:00,train,1,1316,self,1.0,0,95,
2025-11-27T08:32:56.072239+00:00,train,1,1317,self,1.0,0,96,
2025-11-27T08:32:56.072449+00:00,train,1,1318,self,1.0,0,99,
2025-11-27T08:32:56.072625+00:00,train,1,1319,self,1.0,0,95,
2025-11-27T08:32:56.072776+00:00,train,1,1320,self,1.0,0,100,
2025-11-27T08:32:56.072919+00:00,train,1,1321,self,1.0,0,86,
2025-11-27T08:32:56.073060+00:00,train,1,1322,self,1.0,0,96,
2025-11-27T08:32:56.073197+00:00,train,1,1323,self,1.0,0,82,
2025-11-27T08:32:56.073336+00:00,train,1,1324,self,1.0,0,97,
2025-11-27T08:32:56.073472+00:00,train,1,1325,self,1.0,0,87,
2025-11-27T08:32:56.073612+00:00,train,1,1326,self,1.0,0,100,
2025-11-27T08:32:56.073745+00:00,train,1,1327,self,1.0,0,99,
2025-11-27T08:32:56.073878+00:00,train,1,1328,self,1.0,0,100,
2025-11-27T08:32:56.074009+00:00,train,1,1329,self,1.0,0,98,
2025-11-27T08:32:56.074142+00:00,train,1,1330,self,1.0,0,99,
2025-11-27T08:32:56.074273+00:00,train,1,1331,self,1.0,0,82,
2025-11-27T08:32:56.074403+00:00,train,1,1332,self,1.0,0,96,
2025-11-27T08:32:56.074534+00:00,train,1,1333,self,1.0,0,97,
2025-11-27T08:32:56.074670+00:00,train,1,1334,self,1.0,0,100,
2025-11-27T08:32:56.074805+00:00,train,1,1335,self,1.0,0,98,
2025-11-27T08:32:56.074937+00:00,train,1,1336,self,1.0,0,98,
2025-11-27T08:32:56.075068+00:00,train,1,1337,self,1.0,0,92,
2025-11-27T08:32:56.075201+00:00,train,1,1338,self,1.0,0,99,
2025-11-27T08:32:56.075332+00:00,train,1,1339,self,1.0,0,93,
2025-11-27T08:32:56.075463+00:00,train,1,1340,self,1.0,0,96,
2025-11-27T08:32:56.075596+00:00,train,1,1341,self,1.0,0,98,
2025-11-27T08:32:56.075727+00:00,train,1,1342,self,1.0,0,100,
2025-11-27T08:32:56.075859+00:00,train,1,1343,self,1.0,0,93,
2025-11-27T08:32:56.075989+00:00,train,1,1344,self,1.0,0,99,
2025-11-27T08:32:56.076120+00:00,train,1,1345,self,1.0,0,92,
2025-11-27T08:32:56.076255+00:00,train,1,1346,self,1.0,0,96,
2025-11-27T08:32:56.076386+00:00,train,1,1347,self,1.0,0,94,
2025-11-27T08:32:56.076517+00:00,train,1,1348,self,1.0,0,95,
2025-11-27T08:32:56.076647+00:00,train,1,1349,self,1.0,0,96,
2025-11-27T08:32:56.076776+00:00,train,1,1350,self,1.0,0,100,
2025-11-27T08:32:56.076906+00:00,train,1,1351,self,1.0,0,74,
2025-11-27T08:32:56.077036+00:00,train,1,1352,self,1.0,0,99,
2025-11-27T08:32:56.077166+00:00,train,1,1353,self,1.0,0,87,
2025-11-27T08:32:56.077332+00:00,train,1,1354,self,1.0,0,100,
2025-11-27T08:32:56.077510+00:00,train,1,1355,self,1.0,0,86,
2025-11-27T08:32:56.077651+00:00,train,1,1356,self,1.0,0,97,
2025-11-27T08:32:56.077785+00:00,train,1,1357,self,1.0,0,99,
2025-11-27T08:32:56.077914+00:00,train,1,1358,self,1.0,0,100,
2025-11-27T08:32:56.078056+00:00,train,1,1359,self,1.0,0,91,
2025-11-27T08:32:56.078182+00:00,train,1,1360,self,1.0,0,95,
2025-11-27T08:32:56.078323+00:00,train,1,1361,self,1.0,0,89,
2025-11-27T08:32:56.078447+00:00,train,1,1362,self,1.0,0,99,
2025-11-27T08:32:56.078627+00:00,train,1,1363,self,1.0,0,97,
2025-11-27T08:32:56.078751+00:00,train,1,1364,self,1.0,0,100,
2025-11-27T08:32:56.078889+00:00,train,1,1365,self,1.0,0,94,
2025-11-27T08:32:56.079011+00:00,train,1,1366,self,1.0,0,96,
2025-11-27T08:32:56.079160+00:00,train,1,1367,self,1.0,0,97,
2025-11-27T08:32:56.079286+00:00,train,1,1368,self,1.0,0,98,
2025-11-27T08:32:56.079408+00:00,train,1,1369,self,1.0,0,90,
2025-11-27T08:32:56.079529+00:00,train,1,1370,self,1.0,0,97,
2025-11-27T08:32:56.079650+00:00,train,1,1371,self,1.0,0,95,
2025-11-27T08:32:56.079772+00:00,train,1,1372,self,1.0,0,100,
2025-11-27T08:32:56.079893+00:00,train,1,1373,self,1.0,0,90,
2025-11-27T08:32:56.080013+00:00,train,1,1374,self,1.0,0,95,
2025-11-27T08:32:56.080135+00:00,train,1,1375,self,1.0,0,98,
2025-11-27T08:32:56.080256+00:00,train,1,1376,self,1.0,0,100,
2025-11-27T08:32:56.080378+00:00,train,1,1377,self,1.0,0,97,
2025-11-27T08:32:56.080565+00:00,train,1,1378,self,1.0,0,100,
2025-11-27T08:32:56.080713+00:00,train,1,1379,self,1.0,0,100,
2025-11-27T08:32:56.080848+00:00,train,1,1380,self,1.0,0,100,
2025-11-27T08:32:56.080979+00:00,train,1,1381,self,1.0,0,79,
2025-11-27T08:32:56.081108+00:00,train,1,1382,self,1.0,0,96,
2025-11-27T08:32:56.081236+00:00,train,1,1383,self,1.0,0,99,
2025-11-27T08:32:56.081364+00:00,train,1,1384,self,1.0,0,100,
2025-11-27T08:32:56.081491+00:00,train,1,1385,self,1.0,0,97,
2025-11-27T08:32:56.081617+00:00,train,1,1386,self,1.0,0,99,
2025-11-27T08:32:56.081742+00:00,train,1,1387,self,1.0,0,90,
2025-11-27T08:32:56.081866+00:00,train,1,1388,self,1.0,0,97,
2025-11-27T08:32:56.081990+00:00,train,1,1389,self,1.0,0,97,
2025-11-27T08:32:56.082113+00:00,train,1,1390,self,1.0,0,98,
2025-11-27T08:32:56.082237+00:00,train,1,1391,self,1.0,0,89,
2025-11-27T08:32:56.082360+00:00,train,1,1392,self,1.0,0,91,
2025-11-27T08:32:56.082483+00:00,train,1,1393,self,1.0,0,98,
2025-11-27T08:32:56.082606+00:00,train,1,1394,self,1.0,0,98,
2025-11-27T08:32:56.082728+00:00,train,1,1395,self,1.0,0,97,
2025-11-27T08:32:56.082851+00:00,train,1,1396,self,1.0,0,98,
2025-11-27T08:32:56.082974+00:00,train,1,1397,self,1.0,0,91,
2025-11-27T08:32:56.083098+00:00,train,1,1398,self,1.0,0,100,
2025-11-27T08:32:56.083221+00:00,train,1,1399,self,1.0,0,87,
2025-11-27T08:32:56.083344+00:00,train,1,1400,self,1.0,0,98,
2025-11-27T08:32:56.083470+00:00,train,1,1401,self,1.0,0,89,
2025-11-27T08:32:56.083594+00:00,train,1,1402,self,1.0,0,100,
2025-11-27T08:32:56.083718+00:00,train,1,1403,self,1.0,0,92,
2025-11-27T08:32:56.083842+00:00,train,1,1404,self,1.0,0,100,
2025-11-27T08:32:56.083964+00:00,train,1,1405,self,1.0,0,79,
2025-11-27T08:32:56.084087+00:00,train,1,1406,self,1.0,0,98,
2025-11-27T08:32:56.084210+00:00,train,1,1407,self,1.0,0,97,
2025-11-27T08:32:56.084333+00:00,train,1,1408,self,1.0,0,100,
2025-11-27T08:32:56.084455+00:00,train,1,1409,self,1.0,0,100,
2025-11-27T08:32:56.084578+00:00,train,1,1410,self,1.0,0,100,
2025-11-27T08:32:56.084701+00:00,train,1,1411,self,1.0,0,98,
2025-11-27T08:32:56.084823+00:00,train,1,1412,self,1.0,0,100,
2025-11-27T08:32:56.084945+00:00,train,1,1413,self,1.0,0,95,
2025-11-27T08:32:56.085068+00:00,train,1,1414,self,1.0,0,100,
2025-11-27T08:32:56.085190+00:00,train,1,1415,self,1.0,0,98,
2025-11-27T08:32:56.085317+00:00,train,1,1416,self,1.0,0,100,
2025-11-27T08:32:56.085439+00:00,train,1,1417,self,1.0,0,97,
2025-11-27T08:32:56.085649+00:00,train,1,1418,self,1.0,0,98,
2025-11-27T08:32:56.085795+00:00,train,1,1419,self,1.0,0,90,
2025-11-27T08:32:56.085930+00:00,train,1,1420,self,1.0,0,99,
2025-11-27T08:32:56.086062+00:00,train,1,1421,self,1.0,0,97,
2025-11-27T08:32:56.086189+00:00,train,1,1422,self,1.0,0,100,
2025-11-27T08:32:56.086315+00:00,train,1,1423,self,1.0,0,97,
2025-11-27T08:32:56.086440+00:00,train,1,1424,self,1.0,0,97,
2025-11-27T08:32:56.086565+00:00,train,1,1425,self,1.0,0,98,
2025-11-27T08:32:56.086689+00:00,train,1,1426,self,1.0,0,98,
2025-11-27T08:32:56.086811+00:00,train,1,1427,self,1.0,0,87,
2025-11-27T08:32:56.086934+00:00,train,1,1428,self,1.0,0,91,
2025-11-27T08:32:56.087057+00:00,train,1,1429,self,1.0,0,79,
2025-11-27T08:32:56.087179+00:00,train,1,1430,self,1.0,0,89,
2025-11-27T08:32:56.087301+00:00,train,1,1431,self,1.0,0,96,
2025-11-27T08:32:56.087422+00:00,train,1,1432,self,1.0,0,96,
2025-11-27T08:32:56.087544+00:00,train,1,1433,self,1.0,0,92,
2025-11-27T08:32:56.087666+00:00,train,1,1434,self,1.0,0,99,
2025-11-27T08:32:56.087814+00:00,train,1,1435,self,1.0,0,91,
2025-11-27T08:32:56.087959+00:00,train,1,1436,self,1.0,0,91,
2025-11-27T08:32:56.088079+00:00,train,1,1437,self,1.0,0,94,
2025-11-27T08:32:56.088198+00:00,train,1,1438,self,1.0,0,100,
2025-11-27T08:32:56.088318+00:00,train,1,1439,self,1.0,0,98,
2025-11-27T08:32:56.088437+00:00,train,1,1440,self,1.0,0,99,
2025-11-27T08:32:56.088556+00:00,train,1,1441,self,1.0,0,88,
2025-11-27T08:32:56.088697+00:00,train,1,1442,self,1.0,0,98,
2025-11-27T08:32:56.088820+00:00,train,1,1443,self,1.0,0,93,
2025-11-27T08:32:56.089008+00:00,train,1,1444,self,1.0,0,100,
2025-11-27T08:32:56.089163+00:00,train,1,1445,self,1.0,0,94,
2025-11-27T08:32:56.089303+00:00,train,1,1446,self,1.0,0,97,
2025-11-27T08:32:56.089437+00:00,train,1,1447,self,1.0,0,92,
2025-11-27T08:32:56.089566+00:00,train,1,1448,self,1.0,0,94,
2025-11-27T08:32:56.089695+00:00,train,1,1449,self,1.0,0,89,
2025-11-27T08:32:56.089822+00:00,train,1,1450,self,1.0,0,96,
2025-11-27T08:32:56.090001+00:00,train,1,1451,self,1.0,0,97,
2025-11-27T08:32:56.090176+00:00,train,1,1452,self,1.0,0,98,
2025-11-27T08:32:56.090312+00:00,train,1,1453,self,1.0,0,89,
2025-11-27T08:32:56.090441+00:00,train,1,1454,self,1.0,0,100,
2025-11-27T08:32:56.090567+00:00,train,1,1455,self,1.0,0,93,
2025-11-27T08:32:56.090690+00:00,train,1,1456,self,1.0,0,97,
2025-11-27T08:32:56.090812+00:00,train,1,1457,self,1.0,0,87,
2025-11-27T08:32:56.090933+00:00,train,1,1458,self,1.0,0,100,
2025-11-27T08:32:56.091052+00:00,train,1,1459,self,1.0,0,96,
2025-11-27T08:32:56.091172+00:00,train,1,1460,self,1.0,0,98,
2025-11-27T08:32:56.091297+00:00,train,1,1461,self,1.0,0,94,
2025-11-27T08:32:56.091417+00:00,train,1,1462,self,1.0,0,98,
2025-11-27T08:32:56.091536+00:00,train,1,1463,self,1.0,0,84,
2025-11-27T08:32:56.091655+00:00,train,1,1464,self,1.0,0,92,
2025-11-27T08:32:56.091772+00:00,train,1,1465,self,1.0,0,98,
2025-11-27T08:32:56.091890+00:00,train,1,1466,self,1.0,0,98,
2025-11-27T08:32:56.092012+00:00,train,1,1467,self,1.0,0,95,
2025-11-27T08:32:56.092131+00:00,train,1,1468,self,1.0,0,98,
2025-11-27T08:32:56.092250+00:00,train,1,1469,self,1.0,0,86,
2025-11-27T08:32:56.092368+00:00,train,1,1470,self,1.0,0,93,
2025-11-27T08:32:56.092486+00:00,train,1,1471,self,1.0,0,93,
2025-11-27T08:32:56.092603+00:00,train,1,1472,self,1.0,0,98,
2025-11-27T08:32:56.092721+00:00,train,1,1473,self,1.0,0,86,
2025-11-27T08:32:56.092838+00:00,train,1,1474,self,1.0,0,99,
2025-11-27T08:32:56.092956+00:00,train,1,1475,self,1.0,0,93,
2025-11-27T08:32:56.093074+00:00,train,1,1476,self,1.0,0,99,
2025-11-27T08:32:56.093193+00:00,train,1,1477,self,1.0,0,96,
2025-11-27T08:32:56.093310+00:00,train,1,1478,self,1.0,0,98,
2025-11-27T08:32:56.093428+00:00,train,1,1479,self,1.0,0,95,
2025-11-27T08:32:56.093547+00:00,train,1,1480,self,1.0,0,99,
2025-11-27T08:32:56.093665+00:00,train,1,1481,self,1.0,0,98,
2025-11-27T08:32:56.093782+00:00,train,1,1482,self,1.0,0,99,
2025-11-27T08:32:56.093899+00:00,train,1,1483,self,1.0,0,97,
2025-11-27T08:32:56.094017+00:00,train,1,1484,self,1.0,0,99,
2025-11-27T08:32:56.094135+00:00,train,1,1485,self,1.0,0,93,
2025-11-27T08:32:56.094252+00:00,train,1,1486,self,1.0,0,100,
2025-11-27T08:32:56.094385+00:00,train,1,1487,self,1.0,0,98,
2025-11-27T08:32:56.094504+00:00,train,1,1488,self,1.0,0,98,
2025-11-27T08:32:56.094645+00:00,train,1,1489,self,1.0,0,83,
2025-11-27T08:32:56.094764+00:00,train,1,1490,self,1.0,0,92,
2025-11-27T08:32:56.094883+00:00,train,1,1491,self,1.0,0,87,
2025-11-27T08:32:56.095003+00:00,train,1,1492,self,1.0,0,100,
2025-11-27T08:32:56.095121+00:00,train,1,1493,self,1.0,0,84,
2025-11-27T08:32:56.095293+00:00,train,1,1494,self,1.0,0,97,
2025-11-27T08:32:56.095435+00:00,train,1,1495,self,1.0,0,93,
2025-11-27T08:32:56.095567+00:00,train,1,1496,self,1.0,0,97,
2025-11-27T08:32:56.095694+00:00,train,1,1497,self,1.0,0,85,
2025-11-27T08:32:56.095824+00:00,train,1,1498,self,1.0,0,92,
2025-11-27T08:32:56.095948+00:00,train,1,1499,self,1.0,0,86,
2025-11-27T08:32:56.096070+00:00,train,1,1500,self,1.0,0,99,
2025-11-27T08:32:56.098927+00:00,train,1,1501,self,1.0,0,88,
2025-11-27T08:32:56.099071+00:00,train,1,1502,self,1.0,0,93,
2025-11-27T08:32:56.099202+00:00,train,1,1503,self,1.0,0,89,
2025-11-27T08:32:56.099332+00:00,train,1,1504,self,1.0,0,100,
2025-11-27T08:32:56.099536+00:00,train,1,1505,self,1.0,0,100,
2025-11-27T08:32:56.099692+00:00,train,1,1506,self,1.0,0,100,
2025-11-27T08:32:56.099864+00:00,train,1,1507,self,1.0,0,97,
2025-11-27T08:32:56.100010+00:00,train,1,1508,self,1.0,0,99,
2025-11-27T08:32:56.100157+00:00,train,1,1509,self,1.0,0,92,
2025-11-27T08:32:56.100307+00:00,train,1,1510,self,1.0,0,100,
2025-11-27T08:32:56.100449+00:00,train,1,1511,self,1.0,0,92,
2025-11-27T08:32:56.100590+00:00,train,1,1512,self,1.0,0,95,
2025-11-27T08:32:56.100742+00:00,train,1,1513,self,1.0,0,90,
2025-11-27T08:32:56.100876+00:00,train,1,1514,self,1.0,0,98,
2025-11-27T08:32:56.101010+00:00,train,1,1515,self,1.0,0,98,
2025-11-27T08:32:56.101197+00:00,train,1,1516,self,1.0,0,100,
2025-11-27T08:32:56.101346+00:00,train,1,1517,self,1.0,0,96,
2025-11-27T08:32:56.101488+00:00,train,1,1518,self,1.0,0,97,
2025-11-27T08:32:56.101625+00:00,train,1,1519,self,1.0,0,94,
2025-11-27T08:32:56.101755+00:00,train,1,1520,self,1.0,0,100,
2025-11-27T08:32:56.101889+00:00,train,1,1521,self,1.0,0,90,
2025-11-27T08:32:56.102016+00:00,train,1,1522,self,1.0,0,96,
2025-11-27T08:32:56.102210+00:00,train,1,1523,self,1.0,0,98,
2025-11-27T08:32:56.102367+00:00,train,1,1524,self,1.0,0,100,
2025-11-27T08:32:56.102512+00:00,train,1,1525,self,1.0,0,98,
2025-11-27T08:32:56.102654+00:00,train,1,1526,self,1.0,0,100,
2025-11-27T08:32:56.102792+00:00,train,1,1527,self,1.0,0,97,
2025-11-27T08:32:56.102927+00:00,train,1,1528,self,1.0,0,99,
2025-11-27T08:32:56.103123+00:00,train,1,1529,self,1.0,0,91,
2025-11-27T08:32:56.103274+00:00,train,1,1530,self,1.0,0,93,
2025-11-27T08:32:56.103413+00:00,train,1,1531,self,1.0,0,98,
2025-11-27T08:32:56.103546+00:00,train,1,1532,self,1.0,0,100,
2025-11-27T08:32:56.103752+00:00,train,1,1533,self,1.0,0,91,
2025-11-27T08:32:56.103903+00:00,train,1,1534,self,1.0,0,94,
2025-11-27T08:32:56.104045+00:00,train,1,1535,self,1.0,0,96,
2025-11-27T08:32:56.104183+00:00,train,1,1536,self,1.0,0,98,
2025-11-27T08:32:56.104317+00:00,train,1,1537,self,1.0,0,91,
2025-11-27T08:32:56.104462+00:00,train,1,1538,self,1.0,0,95,
2025-11-27T08:32:56.104593+00:00,train,1,1539,self,1.0,0,92,
2025-11-27T08:32:56.104774+00:00,train,1,1540,self,1.0,0,95,
2025-11-27T08:32:56.104921+00:00,train,1,1541,self,1.0,0,97,
2025-11-27T08:32:56.105055+00:00,train,1,1542,self,1.0,0,98,
2025-11-27T08:32:56.105185+00:00,train,1,1543,self,1.0,0,98,
2025-11-27T08:32:56.105314+00:00,train,1,1544,self,1.0,0,98,
2025-11-27T08:32:56.105442+00:00,train,1,1545,self,1.0,0,88,
2025-11-27T08:32:56.105567+00:00,train,1,1546,self,1.0,0,93,
2025-11-27T08:32:56.105689+00:00,train,1,1547,self,1.0,0,98,
2025-11-27T08:32:56.105904+00:00,train,1,1548,self,1.0,0,98,
2025-11-27T08:32:56.106056+00:00,train,1,1549,self,1.0,0,96,
2025-11-27T08:32:56.106196+00:00,train,1,1550,self,1.0,0,99,
2025-11-27T08:32:56.106334+00:00,train,1,1551,self,1.0,0,97,
2025-11-27T08:32:56.106468+00:00,train,1,1552,self,1.0,0,100,
2025-11-27T08:32:56.106603+00:00,train,1,1553,self,1.0,0,99,
2025-11-27T08:32:56.106736+00:00,train,1,1554,self,1.0,0,100,
2025-11-27T08:32:56.106867+00:00,train,1,1555,self,1.0,0,91,
2025-11-27T08:32:56.106997+00:00,train,1,1556,self,1.0,0,100,
2025-11-27T08:32:56.107127+00:00,train,1,1557,self,1.0,0,98,
2025-11-27T08:32:56.107257+00:00,train,1,1558,self,1.0,0,100,
2025-11-27T08:32:56.107387+00:00,train,1,1559,self,1.0,0,84,
2025-11-27T08:32:56.107517+00:00,train,1,1560,self,1.0,0,94,
2025-11-27T08:32:56.107649+00:00,train,1,1561,self,1.0,0,95,
2025-11-27T08:32:56.107780+00:00,train,1,1562,self,1.0,0,100,
2025-11-27T08:32:56.107910+00:00,train,1,1563,self,1.0,0,98,
2025-11-27T08:32:56.108039+00:00,train,1,1564,self,1.0,0,100,
2025-11-27T08:32:56.108169+00:00,train,1,1565,self,1.0,0,86,
2025-11-27T08:32:56.108298+00:00,train,1,1566,self,1.0,0,89,
2025-11-27T08:32:56.108428+00:00,train,1,1567,self,1.0,0,99,
2025-11-27T08:32:56.108558+00:00,train,1,1568,self,1.0,0,100,
2025-11-27T08:32:56.108687+00:00,train,1,1569,self,1.0,0,88,
2025-11-27T08:32:56.108817+00:00,train,1,1570,self,1.0,0,98,
2025-11-27T08:32:56.108945+00:00,train,1,1571,self,1.0,0,93,
2025-11-27T08:32:56.109074+00:00,train,1,1572,self,1.0,0,95,
2025-11-27T08:32:56.109202+00:00,train,1,1573,self,1.0,0,82,
2025-11-27T08:32:56.109332+00:00,train,1,1574,self,1.0,0,96,
2025-11-27T08:32:56.109461+00:00,train,1,1575,self,1.0,0,96,
2025-11-27T08:32:56.109592+00:00,train,1,1576,self,1.0,0,97,
2025-11-27T08:32:56.109721+00:00,train,1,1577,self,1.0,0,91,
2025-11-27T08:32:56.109851+00:00,train,1,1578,self,1.0,0,98,
2025-11-27T08:32:56.109980+00:00,train,1,1579,self,1.0,0,100,
2025-11-27T08:32:56.110109+00:00,train,1,1580,self,1.0,0,100,
2025-11-27T08:32:56.110241+00:00,train,1,1581,self,1.0,0,92,
2025-11-27T08:32:56.110375+00:00,train,1,1582,self,1.0,0,99,
2025-11-27T08:32:56.110505+00:00,train,1,1583,self,1.0,0,99,
2025-11-27T08:32:56.110635+00:00,train,1,1584,self,1.0,0,99,
2025-11-27T08:32:56.110763+00:00,train,1,1585,self,1.0,0,93,
2025-11-27T08:32:56.110892+00:00,train,1,1586,self,1.0,0,98,
2025-11-27T08:32:56.111021+00:00,train,1,1587,self,1.0,0,94,
2025-11-27T08:32:56.111150+00:00,train,1,1588,self,1.0,0,97,
2025-11-27T08:32:56.111279+00:00,train,1,1589,self,1.0,0,63,
2025-11-27T08:32:56.111407+00:00,train,1,1590,self,1.0,0,100,
2025-11-27T08:32:56.111537+00:00,train,1,1591,self,1.0,0,99,
2025-11-27T08:32:56.111688+00:00,train,1,1592,self,1.0,0,100,
2025-11-27T08:32:56.111822+00:00,train,1,1593,self,1.0,0,95,
2025-11-27T08:32:56.111951+00:00,train,1,1594,self,1.0,0,99,
2025-11-27T08:32:56.112080+00:00,train,1,1595,self,1.0,0,98,
2025-11-27T08:32:56.112209+00:00,train,1,1596,self,1.0,0,99,
2025-11-27T08:32:56.112338+00:00,train,1,1597,self,1.0,0,94,
2025-11-27T08:32:56.112468+00:00,train,1,1598,self,1.0,0,99,
2025-11-27T08:32:56.112601+00:00,train,1,1599,self,1.0,0,95,
2025-11-27T08:32:56.112730+00:00,train,1,1600,self,1.0,0,97,
2025-11-27T08:32:56.112859+00:00,train,1,1601,self,1.0,0,94,
2025-11-27T08:32:56.112988+00:00,train,1,1602,self,1.0,0,94,
2025-11-27T08:32:56.113116+00:00,train,1,1603,self,1.0,0,78,
2025-11-27T08:32:56.113245+00:00,train,1,1604,self,1.0,0,98,
2025-11-27T08:32:56.113375+00:00,train,1,1605,self,1.0,0,99,
2025-11-27T08:32:56.113504+00:00,train,1,1606,self,1.0,0,100,
2025-11-27T08:32:56.113632+00:00,train,1,1607,self,1.0,0,95,
2025-11-27T08:32:56.113768+00:00,train,1,1608,self,1.0,0,100,
2025-11-27T08:32:56.113898+00:00,train,1,1609,self,1.0,0,90,
2025-11-27T08:32:56.114026+00:00,train,1,1610,self,1.0,0,99,
2025-11-27T08:32:56.114155+00:00,train,1,1611,self,1.0,0,95,
2025-11-27T08:32:56.114288+00:00,train,1,1612,self,1.0,0,97,
2025-11-27T08:32:56.114417+00:00,train,1,1613,self,1.0,0,98,
2025-11-27T08:32:56.114547+00:00,train,1,1614,self,1.0,0,99,
2025-11-27T08:32:56.114677+00:00,train,1,1615,self,1.0,0,96,
2025-11-27T08:32:56.114806+00:00,train,1,1616,self,1.0,0,99,
2025-11-27T08:32:56.114935+00:00,train,1,1617,self,1.0,0,84,
2025-11-27T08:32:56.115064+00:00,train,1,1618,self,1.0,0,99,
2025-11-27T08:32:56.115193+00:00,train,1,1619,self,1.0,0,97,
2025-11-27T08:32:56.115324+00:00,train,1,1620,self,1.0,0,97,
2025-11-27T08:32:56.115469+00:00,train,1,1621,self,1.0,0,96,
2025-11-27T08:32:56.115655+00:00,train,1,1622,self,1.0,0,99,
2025-11-27T08:32:56.115811+00:00,train,1,1623,self,1.0,0,92,
2025-11-27T08:32:56.115949+00:00,train,1,1624,self,1.0,0,95,
2025-11-27T08:32:56.116081+00:00,train,1,1625,self,1.0,0,97,
2025-11-27T08:32:56.116283+00:00,train,1,1626,self,1.0,0,99,
2025-11-27T08:32:56.116436+00:00,train,1,1627,self,1.0,0,87,
2025-11-27T08:32:56.116577+00:00,train,1,1628,self,1.0,0,93,
2025-11-27T08:32:56.116714+00:00,train,1,1629,self,1.0,0,87,
2025-11-27T08:32:56.116853+00:00,train,1,1630,self,1.0,0,100,
2025-11-27T08:32:56.116987+00:00,train,1,1631,self,1.0,0,99,
2025-11-27T08:32:56.117119+00:00,train,1,1632,self,1.0,0,100,
2025-11-27T08:32:56.117251+00:00,train,1,1633,self,1.0,0,96,
2025-11-27T08:32:56.117381+00:00,train,1,1634,self,1.0,0,96,
2025-11-27T08:32:56.117511+00:00,train,1,1635,self,1.0,0,94,
2025-11-27T08:32:56.117641+00:00,train,1,1636,self,1.0,0,100,
2025-11-27T08:32:56.117772+00:00,train,1,1637,self,1.0,0,74,
2025-11-27T08:32:56.117906+00:00,train,1,1638,self,1.0,0,97,
2025-11-27T08:32:56.118036+00:00,train,1,1639,self,1.0,0,92,
2025-11-27T08:32:56.118165+00:00,train,1,1640,self,1.0,0,93,
2025-11-27T08:32:56.118295+00:00,train,1,1641,self,1.0,0,91,
2025-11-27T08:32:56.118424+00:00,train,1,1642,self,1.0,0,100,
2025-11-27T08:32:56.118555+00:00,train,1,1643,self,1.0,0,93,
2025-11-27T08:32:56.118684+00:00,train,1,1644,self,1.0,0,99,
2025-11-27T08:32:56.118813+00:00,train,1,1645,self,1.0,0,91,
2025-11-27T08:32:56.118953+00:00,train,1,1646,self,1.0,0,96,
2025-11-27T08:32:56.119084+00:00,train,1,1647,self,1.0,0,90,
2025-11-27T08:32:56.119214+00:00,train,1,1648,self,1.0,0,99,
2025-11-27T08:32:56.119343+00:00,train,1,1649,self,1.0,0,86,
2025-11-27T08:32:56.119473+00:00,train,1,1650,self,1.0,0,99,
2025-11-27T08:32:56.119602+00:00,train,1,1651,self,1.0,0,91,
2025-11-27T08:32:56.119731+00:00,train,1,1652,self,1.0,0,97,
2025-11-27T08:32:56.119860+00:00,train,1,1653,self,1.0,0,95,
2025-11-27T08:32:56.119989+00:00,train,1,1654,self,1.0,0,100,
2025-11-27T08:32:56.120118+00:00,train,1,1655,self,1.0,0,96,
2025-11-27T08:32:56.120248+00:00,train,1,1656,self,1.0,0,98,
2025-11-27T08:32:56.120379+00:00,train,1,1657,self,1.0,0,94,
2025-11-27T08:32:56.120519+00:00,train,1,1658,self,1.0,0,94,
2025-11-27T08:32:56.120650+00:00,train,1,1659,self,1.0,0,99,
2025-11-27T08:32:56.120779+00:00,train,1,1660,self,1.0,0,100,
2025-11-27T08:32:56.120908+00:00,train,1,1661,self,1.0,0,95,
2025-11-27T08:32:56.121048+00:00,train,1,1662,self,1.0,0,97,
2025-11-27T08:32:56.121178+00:00,train,1,1663,self,1.0,0,84,
2025-11-27T08:32:56.121306+00:00,train,1,1664,self,1.0,0,98,
2025-11-27T08:32:56.121439+00:00,train,1,1665,self,1.0,0,93,
2025-11-27T08:32:56.121574+00:00,train,1,1666,self,1.0,0,98,
2025-11-27T08:32:56.121705+00:00,train,1,1667,self,1.0,0,93,
2025-11-27T08:32:56.121887+00:00,train,1,1668,self,1.0,0,96,
2025-11-27T08:32:56.122046+00:00,train,1,1669,self,1.0,0,98,
2025-11-27T08:32:56.122258+00:00,train,1,1670,self,1.0,0,100,
2025-11-27T08:32:56.122424+00:00,train,1,1671,self,1.0,0,99,
2025-11-27T08:32:56.122603+00:00,train,1,1672,self,1.0,0,100,
2025-11-27T08:32:56.122754+00:00,train,1,1673,self,1.0,0,100,
2025-11-27T08:32:56.122889+00:00,train,1,1674,self,1.0,0,100,
2025-11-27T08:32:56.123020+00:00,train,1,1675,self,1.0,0,98,
2025-11-27T08:32:56.123147+00:00,train,1,1676,self,1.0,0,100,
2025-11-27T08:32:56.123272+00:00,train,1,1677,self,1.0,0,97,
2025-11-27T08:32:56.123413+00:00,train,1,1678,self,1.0,0,98,
2025-11-27T08:32:56.123536+00:00,train,1,1679,self,1.0,0,88,
2025-11-27T08:32:56.123719+00:00,train,1,1680,self,1.0,0,91,
2025-11-27T08:32:56.123864+00:00,train,1,1681,self,1.0,0,97,
2025-11-27T08:32:56.124002+00:00,train,1,1682,self,1.0,0,99,
2025-11-27T08:32:56.124158+00:00,train,1,1683,self,1.0,0,97,
2025-11-27T08:32:56.124298+00:00,train,1,1684,self,1.0,0,98,
2025-11-27T08:32:56.124478+00:00,train,1,1685,self,1.0,0,94,
2025-11-27T08:32:56.124716+00:00,train,1,1686,self,1.0,0,98,
2025-11-27T08:32:56.124885+00:00,train,1,1687,self,1.0,0,96,
2025-11-27T08:32:56.125094+00:00,train,1,1688,self,1.0,0,100,
2025-11-27T08:32:56.125284+00:00,train,1,1689,self,1.0,0,96,
2025-11-27T08:32:56.125441+00:00,train,1,1690,self,1.0,0,97,
2025-11-27T08:32:56.125596+00:00,train,1,1691,self,1.0,0,99,
2025-11-27T08:32:56.125747+00:00,train,1,1692,self,1.0,0,99,
2025-11-27T08:32:56.125889+00:00,train,1,1693,self,1.0,0,84,
2025-11-27T08:32:56.126021+00:00,train,1,1694,self,1.0,0,93,
2025-11-27T08:32:56.126151+00:00,train,1,1695,self,1.0,0,91,
2025-11-27T08:32:56.126303+00:00,train,1,1696,self,1.0,0,100,
2025-11-27T08:32:56.126434+00:00,train,1,1697,self,1.0,0,93,
2025-11-27T08:32:56.126562+00:00,train,1,1698,self,1.0,0,98,
2025-11-27T08:32:56.126753+00:00,train,1,1699,self,1.0,0,99,
2025-11-27T08:32:56.126916+00:00,train,1,1700,self,1.0,0,100,
2025-11-27T08:32:56.127060+00:00,train,1,1701,self,1.0,0,94,
2025-11-27T08:32:56.127198+00:00,train,1,1702,self,1.0,0,100,
2025-11-27T08:32:56.127333+00:00,train,1,1703,self,1.0,0,93,
2025-11-27T08:32:56.127466+00:00,train,1,1704,self,1.0,0,100,
2025-11-27T08:32:56.127598+00:00,train,1,1705,self,1.0,0,96,
2025-11-27T08:32:56.127729+00:00,train,1,1706,self,1.0,0,100,
2025-11-27T08:32:56.127860+00:00,train,1,1707,self,1.0,0,97,
2025-11-27T08:32:56.127991+00:00,train,1,1708,self,1.0,0,100,
2025-11-27T08:32:56.128120+00:00,train,1,1709,self,1.0,0,88,
2025-11-27T08:32:56.128257+00:00,train,1,1710,self,1.0,0,100,
2025-11-27T08:32:56.128394+00:00,train,1,1711,self,1.0,0,99,
2025-11-27T08:32:56.128528+00:00,train,1,1712,self,1.0,0,100,
2025-11-27T08:32:56.128663+00:00,train,1,1713,self,1.0,0,98,
2025-11-27T08:32:56.128795+00:00,train,1,1714,self,1.0,0,99,
2025-11-27T08:32:56.128936+00:00,train,1,1715,self,1.0,0,95,
2025-11-27T08:32:56.129083+00:00,train,1,1716,self,1.0,0,96,
2025-11-27T08:32:56.129224+00:00,train,1,1717,self,1.0,0,80,
2025-11-27T08:32:56.129360+00:00,train,1,1718,self,1.0,0,98,
2025-11-27T08:32:56.129494+00:00,train,1,1719,self,1.0,0,97,
2025-11-27T08:32:56.129624+00:00,train,1,1720,self,1.0,0,99,
2025-11-27T08:32:56.129762+00:00,train,1,1721,self,1.0,0,83,
2025-11-27T08:32:56.129899+00:00,train,1,1722,self,1.0,0,95,
2025-11-27T08:32:56.130032+00:00,train,1,1723,self,1.0,0,97,
2025-11-27T08:32:56.130161+00:00,train,1,1724,self,1.0,0,100,
2025-11-27T08:32:56.130302+00:00,train,1,1725,self,1.0,0,96,
2025-11-27T08:32:56.130440+00:00,train,1,1726,self,1.0,0,96,
2025-11-27T08:32:56.130571+00:00,train,1,1727,self,1.0,0,77,
2025-11-27T08:32:56.130701+00:00,train,1,1728,self,1.0,0,98,
2025-11-27T08:32:56.130830+00:00,train,1,1729,self,1.0,0,91,
2025-11-27T08:32:56.130962+00:00,train,1,1730,self,1.0,0,97,
2025-11-27T08:32:56.131108+00:00,train,1,1731,self,1.0,0,91,
2025-11-27T08:32:56.131247+00:00,train,1,1732,self,1.0,0,98,
2025-11-27T08:32:56.131382+00:00,train,1,1733,self,1.0,0,96,
2025-11-27T08:32:56.131515+00:00,train,1,1734,self,1.0,0,100,
2025-11-27T08:32:56.131651+00:00,train,1,1735,self,1.0,0,81,
2025-11-27T08:32:56.131783+00:00,train,1,1736,self,1.0,0,99,
2025-11-27T08:32:56.131916+00:00,train,1,1737,self,1.0,0,97,
2025-11-27T08:32:56.132054+00:00,train,1,1738,self,1.0,0,99,
2025-11-27T08:32:56.132190+00:00,train,1,1739,self,1.0,0,78,
2025-11-27T08:32:56.132323+00:00,train,1,1740,self,1.0,0,88,
2025-11-27T08:32:56.132518+00:00,train,1,1741,self,1.0,0,86,
2025-11-27T08:32:56.132669+00:00,train,1,1742,self,1.0,0,99,
2025-11-27T08:32:56.132806+00:00,train,1,1743,self,1.0,0,91,
2025-11-27T08:32:56.132946+00:00,train,1,1744,self,1.0,0,100,
2025-11-27T08:32:56.133089+00:00,train,1,1745,self,1.0,0,97,
2025-11-27T08:32:56.133229+00:00,train,1,1746,self,1.0,0,98,
2025-11-27T08:32:56.133366+00:00,train,1,1747,self,1.0,0,85,
2025-11-27T08:32:56.133550+00:00,train,1,1748,self,1.0,0,87,
2025-11-27T08:32:56.133709+00:00,train,1,1749,self,1.0,0,87,
2025-11-27T08:32:56.133849+00:00,train,1,1750,self,1.0,0,95,
2025-11-27T08:32:56.133994+00:00,train,1,1751,self,1.0,0,96,
2025-11-27T08:32:56.134128+00:00,train,1,1752,self,1.0,0,99,
2025-11-27T08:32:56.134260+00:00,train,1,1753,self,1.0,0,97,
2025-11-27T08:32:56.134400+00:00,train,1,1754,self,1.0,0,97,
2025-11-27T08:32:56.134562+00:00,train,1,1755,self,1.0,0,75,
2025-11-27T08:32:56.134698+00:00,train,1,1756,self,1.0,0,95,
2025-11-27T08:32:56.134828+00:00,train,1,1757,self,1.0,0,97,
2025-11-27T08:32:56.134963+00:00,train,1,1758,self,1.0,0,99,
2025-11-27T08:32:56.135101+00:00,train,1,1759,self,1.0,0,95,
2025-11-27T08:32:56.135240+00:00,train,1,1760,self,1.0,0,97,
2025-11-27T08:32:56.135377+00:00,train,1,1761,self,1.0,0,99,
2025-11-27T08:32:56.135511+00:00,train,1,1762,self,1.0,0,100,
2025-11-27T08:32:56.135647+00:00,train,1,1763,self,1.0,0,97,
2025-11-27T08:32:56.135782+00:00,train,1,1764,self,1.0,0,100,
2025-11-27T08:32:56.135918+00:00,train,1,1765,self,1.0,0,93,
2025-11-27T08:32:56.136052+00:00,train,1,1766,self,1.0,0,100,
2025-11-27T08:32:56.136188+00:00,train,1,1767,self,1.0,0,89,
2025-11-27T08:32:56.136318+00:00,train,1,1768,self,1.0,0,100,
2025-11-27T08:32:56.136449+00:00,train,1,1769,self,1.0,0,93,
2025-11-27T08:32:56.136579+00:00,train,1,1770,self,1.0,0,98,
2025-11-27T08:32:56.136710+00:00,train,1,1771,self,1.0,0,98,
2025-11-27T08:32:56.136840+00:00,train,1,1772,self,1.0,0,99,
2025-11-27T08:32:56.136969+00:00,train,1,1773,self,1.0,0,98,
2025-11-27T08:32:56.137102+00:00,train,1,1774,self,1.0,0,100,
2025-11-27T08:32:56.137232+00:00,train,1,1775,self,1.0,0,87,
2025-11-27T08:32:56.137360+00:00,train,1,1776,self,1.0,0,88,
2025-11-27T08:32:56.137490+00:00,train,1,1777,self,1.0,0,92,
2025-11-27T08:32:56.137619+00:00,train,1,1778,self,1.0,0,94,
2025-11-27T08:32:56.137791+00:00,train,1,1779,self,1.0,0,96,
2025-11-27T08:32:56.137962+00:00,train,1,1780,self,1.0,0,98,
2025-11-27T08:32:56.138106+00:00,train,1,1781,self,1.0,0,95,
2025-11-27T08:32:56.138243+00:00,train,1,1782,self,1.0,0,96,
2025-11-27T08:32:56.138429+00:00,train,1,1783,self,1.0,0,98,
2025-11-27T08:32:56.138591+00:00,train,1,1784,self,1.0,0,100,
2025-11-27T08:32:56.138748+00:00,train,1,1785,self,1.0,0,96,
2025-11-27T08:32:56.138892+00:00,train,1,1786,self,1.0,0,100,
2025-11-27T08:32:56.139028+00:00,train,1,1787,self,1.0,0,95,
2025-11-27T08:32:56.139161+00:00,train,1,1788,self,1.0,0,98,
2025-11-27T08:32:56.139294+00:00,train,1,1789,self,1.0,0,93,
2025-11-27T08:32:56.139426+00:00,train,1,1790,self,1.0,0,95,
2025-11-27T08:32:56.139557+00:00,train,1,1791,self,1.0,0,92,
2025-11-27T08:32:56.139689+00:00,train,1,1792,self,1.0,0,94,
2025-11-27T08:32:56.139819+00:00,train,1,1793,self,1.0,0,98,
2025-11-27T08:32:56.139950+00:00,train,1,1794,self,1.0,0,100,
2025-11-27T08:32:56.140081+00:00,train,1,1795,self,1.0,0,94,
2025-11-27T08:32:56.140216+00:00,train,1,1796,self,1.0,0,99,
2025-11-27T08:32:56.140347+00:00,train,1,1797,self,1.0,0,98,
2025-11-27T08:32:56.140477+00:00,train,1,1798,self,1.0,0,100,
2025-11-27T08:32:56.140608+00:00,train,1,1799,self,1.0,0,96,
2025-11-27T08:32:56.140739+00:00,train,1,1800,self,1.0,0,100,
2025-11-27T08:32:56.140870+00:00,train,1,1801,self,1.0,0,89,
2025-11-27T08:32:56.141001+00:00,train,1,1802,self,1.0,0,100,
2025-11-27T08:32:56.141131+00:00,train,1,1803,self,1.0,0,98,
2025-11-27T08:32:56.141265+00:00,train,1,1804,self,1.0,0,100,
2025-11-27T08:32:56.141464+00:00,train,1,1805,self,1.0,0,87,
2025-11-27T08:32:56.141609+00:00,train,1,1806,self,1.0,0,99,
2025-11-27T08:32:56.141742+00:00,train,1,1807,self,1.0,0,97,
2025-11-27T08:32:56.141874+00:00,train,1,1808,self,1.0,0,100,
2025-11-27T08:32:56.142006+00:00,train,1,1809,self,1.0,0,95,
2025-11-27T08:32:56.142136+00:00,train,1,1810,self,1.0,0,100,
2025-11-27T08:32:56.142324+00:00,train,1,1811,self,1.0,0,99,
2025-11-27T08:32:56.142491+00:00,train,1,1812,self,1.0,0,100,
2025-11-27T08:32:56.142638+00:00,train,1,1813,self,1.0,0,93,
2025-11-27T08:32:56.142779+00:00,train,1,1814,self,1.0,0,100,
2025-11-27T08:32:56.142914+00:00,train,1,1815,self,1.0,0,93,
2025-11-27T08:32:56.143048+00:00,train,1,1816,self,1.0,0,96,
2025-11-27T08:32:56.143181+00:00,train,1,1817,self,1.0,0,92,
2025-11-27T08:32:56.143313+00:00,train,1,1818,self,1.0,0,97,
2025-11-27T08:32:56.143444+00:00,train,1,1819,self,1.0,0,99,
2025-11-27T08:32:56.143582+00:00,train,1,1820,self,1.0,0,100,
2025-11-27T08:32:56.143722+00:00,train,1,1821,self,1.0,0,97,
2025-11-27T08:32:56.143856+00:00,train,1,1822,self,1.0,0,99,
2025-11-27T08:32:56.143987+00:00,train,1,1823,self,1.0,0,88,
2025-11-27T08:32:56.144118+00:00,train,1,1824,self,1.0,0,100,
2025-11-27T08:32:56.144248+00:00,train,1,1825,self,1.0,0,87,
2025-11-27T08:32:56.144380+00:00,train,1,1826,self,1.0,0,100,
2025-11-27T08:32:56.144509+00:00,train,1,1827,self,1.0,0,86,
2025-11-27T08:32:56.144640+00:00,train,1,1828,self,1.0,0,97,
2025-11-27T08:32:56.144769+00:00,train,1,1829,self,1.0,0,95,
2025-11-27T08:32:56.144899+00:00,train,1,1830,self,1.0,0,100,
2025-11-27T08:32:56.145029+00:00,train,1,1831,self,1.0,0,85,
2025-11-27T08:32:56.145163+00:00,train,1,1832,self,1.0,0,97,
2025-11-27T08:32:56.145293+00:00,train,1,1833,self,1.0,0,98,
2025-11-27T08:32:56.145424+00:00,train,1,1834,self,1.0,0,98,
2025-11-27T08:32:56.145554+00:00,train,1,1835,self,1.0,0,95,
2025-11-27T08:32:56.145689+00:00,train,1,1836,self,1.0,0,100,
2025-11-27T08:32:56.145819+00:00,train,1,1837,self,1.0,0,91,
2025-11-27T08:32:56.145948+00:00,train,1,1838,self,1.0,0,99,
2025-11-27T08:32:56.146079+00:00,train,1,1839,self,1.0,0,94,
2025-11-27T08:32:56.146208+00:00,train,1,1840,self,1.0,0,97,
2025-11-27T08:32:56.146337+00:00,train,1,1841,self,1.0,0,97,
2025-11-27T08:32:56.146515+00:00,train,1,1842,self,1.0,0,99,
2025-11-27T08:32:56.146695+00:00,train,1,1843,self,1.0,0,91,
2025-11-27T08:32:56.146842+00:00,train,1,1844,self,1.0,0,99,
2025-11-27T08:32:56.146978+00:00,train,1,1845,self,1.0,0,94,
2025-11-27T08:32:56.147109+00:00,train,1,1846,self,1.0,0,100,
2025-11-27T08:32:56.147303+00:00,train,1,1847,self,1.0,0,96,
2025-11-27T08:32:56.147458+00:00,train,1,1848,self,1.0,0,99,
2025-11-27T08:32:56.147601+00:00,train,1,1849,self,1.0,0,99,
2025-11-27T08:32:56.147739+00:00,train,1,1850,self,1.0,0,99,
2025-11-27T08:32:56.147874+00:00,train,1,1851,self,1.0,0,92,
2025-11-27T08:32:56.148007+00:00,train,1,1852,self,1.0,0,94,
2025-11-27T08:32:56.148140+00:00,train,1,1853,self,1.0,0,99,
2025-11-27T08:32:56.148272+00:00,train,1,1854,self,1.0,0,100,
2025-11-27T08:32:56.148405+00:00,train,1,1855,self,1.0,0,98,
2025-11-27T08:32:56.148536+00:00,train,1,1856,self,1.0,0,98,
2025-11-27T08:32:56.148665+00:00,train,1,1857,self,1.0,0,93,
2025-11-27T08:32:56.148796+00:00,train,1,1858,self,1.0,0,94,
2025-11-27T08:32:56.148927+00:00,train,1,1859,self,1.0,0,94,
2025-11-27T08:32:56.149056+00:00,train,1,1860,self,1.0,0,98,
2025-11-27T08:32:56.149186+00:00,train,1,1861,self,1.0,0,99,
2025-11-27T08:32:56.149319+00:00,train,1,1862,self,1.0,0,100,
2025-11-27T08:32:56.149450+00:00,train,1,1863,self,1.0,0,90,
2025-11-27T08:32:56.149581+00:00,train,1,1864,self,1.0,0,100,
2025-11-27T08:32:56.149711+00:00,train,1,1865,self,1.0,0,92,
2025-11-27T08:32:56.149841+00:00,train,1,1866,self,1.0,0,98,
2025-11-27T08:32:56.149971+00:00,train,1,1867,self,1.0,0,97,
2025-11-27T08:32:56.150101+00:00,train,1,1868,self,1.0,0,100,
2025-11-27T08:32:56.150232+00:00,train,1,1869,self,1.0,0,93,
2025-11-27T08:32:56.150362+00:00,train,1,1870,self,1.0,0,97,
2025-11-27T08:32:56.150491+00:00,train,1,1871,self,1.0,0,99,
2025-11-27T08:32:56.150621+00:00,train,1,1872,self,1.0,0,100,
2025-11-27T08:32:56.150751+00:00,train,1,1873,self,1.0,0,88,
2025-11-27T08:32:56.150882+00:00,train,1,1874,self,1.0,0,96,
2025-11-27T08:32:56.151012+00:00,train,1,1875,self,1.0,0,77,
2025-11-27T08:32:56.151142+00:00,train,1,1876,self,1.0,0,90,
2025-11-27T08:32:56.151273+00:00,train,1,1877,self,1.0,0,95,
2025-11-27T08:32:56.151406+00:00,train,1,1878,self,1.0,0,100,
2025-11-27T08:32:56.151549+00:00,train,1,1879,self,1.0,0,85,
2025-11-27T08:32:56.151684+00:00,train,1,1880,self,1.0,0,98,
2025-11-27T08:32:56.151839+00:00,train,1,1881,self,1.0,0,97,
2025-11-27T08:32:56.151974+00:00,train,1,1882,self,1.0,0,97,
2025-11-27T08:32:56.152121+00:00,train,1,1883,self,1.0,0,99,
2025-11-27T08:32:56.152264+00:00,train,1,1884,self,1.0,0,100,
2025-11-27T08:32:56.152410+00:00,train,1,1885,self,1.0,0,93,
2025-11-27T08:32:56.152546+00:00,train,1,1886,self,1.0,0,97,
2025-11-27T08:32:56.152681+00:00,train,1,1887,self,1.0,0,92,
2025-11-27T08:32:56.152827+00:00,train,1,1888,self,1.0,0,100,
2025-11-27T08:32:56.152968+00:00,train,1,1889,self,1.0,0,99,
2025-11-27T08:32:56.153109+00:00,train,1,1890,self,1.0,0,99,
2025-11-27T08:32:56.153244+00:00,train,1,1891,self,1.0,0,97,
2025-11-27T08:32:56.153378+00:00,train,1,1892,self,1.0,0,100,
2025-11-27T08:32:56.153511+00:00,train,1,1893,self,1.0,0,95,
2025-11-27T08:32:56.153645+00:00,train,1,1894,self,1.0,0,98,
2025-11-27T08:32:56.153791+00:00,train,1,1895,self,1.0,0,97,
2025-11-27T08:32:56.153921+00:00,train,1,1896,self,1.0,0,99,
2025-11-27T08:32:56.154050+00:00,train,1,1897,self,1.0,0,98,
2025-11-27T08:32:56.154180+00:00,train,1,1898,self,1.0,0,99,
2025-11-27T08:32:56.154309+00:00,train,1,1899,self,1.0,0,96,
2025-11-27T08:32:56.154438+00:00,train,1,1900,self,1.0,0,99,
2025-11-27T08:32:56.154567+00:00,train,1,1901,self,1.0,0,98,
2025-11-27T08:32:56.154696+00:00,train,1,1902,self,1.0,0,100,
2025-11-27T08:32:56.154825+00:00,train,1,1903,self,1.0,0,98,
2025-11-27T08:32:56.154955+00:00,train,1,1904,self,1.0,0,98,
2025-11-27T08:32:56.155084+00:00,train,1,1905,self,1.0,0,84,
2025-11-27T08:32:56.155213+00:00,train,1,1906,self,1.0,0,96,
2025-11-27T08:32:56.155343+00:00,train,1,1907,self,1.0,0,83,
2025-11-27T08:32:56.155473+00:00,train,1,1908,self,1.0,0,99,
2025-11-27T08:32:56.155602+00:00,train,1,1909,self,1.0,0,95,
2025-11-27T08:32:56.155730+00:00,train,1,1910,self,1.0,0,96,
2025-11-27T08:32:56.155859+00:00,train,1,1911,self,1.0,0,95,
2025-11-27T08:32:56.155988+00:00,train,1,1912,self,1.0,0,99,
2025-11-27T08:32:56.156116+00:00,train,1,1913,self,1.0,0,85,
2025-11-27T08:32:56.156245+00:00,train,1,1914,self,1.0,0,96,
2025-11-27T08:32:56.156375+00:00,train,1,1915,self,1.0,0,99,
2025-11-27T08:32:56.156504+00:00,train,1,1916,self,1.0,0,99,
2025-11-27T08:32:56.156634+00:00,train,1,1917,self,1.0,0,78,
2025-11-27T08:32:56.156762+00:00,train,1,1918,self,1.0,0,96,
2025-11-27T08:32:56.156893+00:00,train,1,1919,self,1.0,0,98,
2025-11-27T08:32:56.157022+00:00,train,1,1920,self,1.0,0,100,
2025-11-27T08:32:56.157154+00:00,train,1,1921,self,1.0,0,100,
2025-11-27T08:32:56.157289+00:00,train,1,1922,self,1.0,0,100,
2025-11-27T08:32:56.157419+00:00,train,1,1923,self,1.0,0,94,
2025-11-27T08:32:56.157549+00:00,train,1,1924,self,1.0,0,97,
2025-11-27T08:32:56.157680+00:00,train,1,1925,self,1.0,0,93,
2025-11-27T08:32:56.157810+00:00,train,1,1926,self,1.0,0,100,
2025-11-27T08:32:56.157939+00:00,train,1,1927,self,1.0,0,100,
2025-11-27T08:32:56.158074+00:00,train,1,1928,self,1.0,0,100,
2025-11-27T08:32:56.158204+00:00,train,1,1929,self,1.0,0,95,
2025-11-27T08:32:56.158339+00:00,train,1,1930,self,1.0,0,99,
2025-11-27T08:32:56.158468+00:00,train,1,1931,self,1.0,0,96,
2025-11-27T08:32:56.158655+00:00,train,1,1932,self,1.0,0,99,
2025-11-27T08:32:56.158801+00:00,train,1,1933,self,1.0,0,96,
2025-11-27T08:32:56.158936+00:00,train,1,1934,self,1.0,0,96,
2025-11-27T08:32:56.159066+00:00,train,1,1935,self,1.0,0,94,
2025-11-27T08:32:56.159259+00:00,train,1,1936,self,1.0,0,97,
2025-11-27T08:32:56.159411+00:00,train,1,1937,self,1.0,0,95,
2025-11-27T08:32:56.159550+00:00,train,1,1938,self,1.0,0,95,
2025-11-27T08:32:56.159685+00:00,train,1,1939,self,1.0,0,94,
2025-11-27T08:32:56.159818+00:00,train,1,1940,self,1.0,0,96,
2025-11-27T08:32:56.159948+00:00,train,1,1941,self,1.0,0,93,
2025-11-27T08:32:56.160126+00:00,train,1,1942,self,1.0,0,96,
2025-11-27T08:32:56.160271+00:00,train,1,1943,self,1.0,0,96,
2025-11-27T08:32:56.160407+00:00,train,1,1944,self,1.0,0,97,
2025-11-27T08:32:56.160589+00:00,train,1,1945,self,1.0,0,86,
2025-11-27T08:32:56.160741+00:00,train,1,1946,self,1.0,0,98,
2025-11-27T08:32:56.160881+00:00,train,1,1947,self,1.0,0,98,
2025-11-27T08:32:56.161018+00:00,train,1,1948,self,1.0,0,100,
2025-11-27T08:32:56.161152+00:00,train,1,1949,self,1.0,0,99,
2025-11-27T08:32:56.161285+00:00,train,1,1950,self,1.0,0,99,
2025-11-27T08:32:56.161416+00:00,train,1,1951,self,1.0,0,85,
2025-11-27T08:32:56.161550+00:00,train,1,1952,self,1.0,0,87,
2025-11-27T08:32:56.161688+00:00,train,1,1953,self,1.0,0,97,
2025-11-27T08:32:56.161819+00:00,train,1,1954,self,1.0,0,98,
2025-11-27T08:32:56.161949+00:00,train,1,1955,self,1.0,0,93,
2025-11-27T08:32:56.162078+00:00,train,1,1956,self,1.0,0,100,
2025-11-27T08:32:56.162207+00:00,train,1,1957,self,1.0,0,96,
2025-11-27T08:32:56.162337+00:00,train,1,1958,self,1.0,0,98,
2025-11-27T08:32:56.162466+00:00,train,1,1959,self,1.0,0,70,
2025-11-27T08:32:56.162599+00:00,train,1,1960,self,1.0,0,99,
2025-11-27T08:32:56.162730+00:00,train,1,1961,self,1.0,0,95,
2025-11-27T08:32:56.162860+00:00,train,1,1962,self,1.0,0,99,
2025-11-27T08:32:56.162990+00:00,train,1,1963,self,1.0,0,80,
2025-11-27T08:32:56.163119+00:00,train,1,1964,self,1.0,0,93,
2025-11-27T08:32:56.163248+00:00,train,1,1965,self,1.0,0,94,
2025-11-27T08:32:56.163377+00:00,train,1,1966,self,1.0,0,99,
2025-11-27T08:32:56.163505+00:00,train,1,1967,self,1.0,0,99,
2025-11-27T08:32:56.163634+00:00,train,1,1968,self,1.0,0,100,
2025-11-27T08:32:56.163771+00:00,train,1,1969,self,1.0,0,96,
2025-11-27T08:32:56.163943+00:00,train,1,1970,self,1.0,0,98,
2025-11-27T08:32:56.164084+00:00,train,1,1971,self,1.0,0,97,
2025-11-27T08:32:56.164217+00:00,train,1,1972,self,1.0,0,98,
2025-11-27T08:32:56.164347+00:00,train,1,1973,self,1.0,0,81,
2025-11-27T08:32:56.164533+00:00,train,1,1974,self,1.0,0,100,
2025-11-27T08:32:56.164686+00:00,train,1,1975,self,1.0,0,82,
2025-11-27T08:32:56.164829+00:00,train,1,1976,self,1.0,0,96,
2025-11-27T08:32:56.164966+00:00,train,1,1977,self,1.0,0,96,
2025-11-27T08:32:56.165102+00:00,train,1,1978,self,1.0,0,100,
2025-11-27T08:32:56.165236+00:00,train,1,1979,self,1.0,0,95,
2025-11-27T08:32:56.165376+00:00,train,1,1980,self,1.0,0,96,
2025-11-27T08:32:56.165507+00:00,train,1,1981,self,1.0,0,97,
2025-11-27T08:32:56.165638+00:00,train,1,1982,self,1.0,0,99,
2025-11-27T08:32:56.165771+00:00,train,1,1983,self,1.0,0,91,
2025-11-27T08:32:56.165908+00:00,train,1,1984,self,1.0,0,97,
2025-11-27T08:32:56.166046+00:00,train,1,1985,self,1.0,0,93,
2025-11-27T08:32:56.166176+00:00,train,1,1986,self,1.0,0,96,
2025-11-27T08:32:56.166306+00:00,train,1,1987,self,1.0,0,92,
2025-11-27T08:32:56.166442+00:00,train,1,1988,self,1.0,0,100,
2025-11-27T08:32:56.166573+00:00,train,1,1989,self,1.0,0,99,
2025-11-27T08:32:56.166702+00:00,train,1,1990,self,1.0,0,100,
2025-11-27T08:32:56.166833+00:00,train,1,1991,self,1.0,0,99,
2025-11-27T08:32:56.166970+00:00,train,1,1992,self,1.0,0,100,
2025-11-27T08:32:56.167100+00:00,train,1,1993,self,1.0,0,86,
2025-11-27T08:32:56.167232+00:00,train,1,1994,self,1.0,0,100,
2025-11-27T08:32:56.167376+00:00,train,1,1995,self,1.0,0,76,
2025-11-27T08:32:56.167507+00:00,train,1,1996,self,1.0,0,89,
2025-11-27T08:32:56.167637+00:00,train,1,1997,self,1.0,0,94,
2025-11-27T08:32:56.167766+00:00,train,1,1998,self,1.0,0,100,
2025-11-27T08:32:56.167895+00:00,train,1,1999,self,1.0,0,88,
2025-11-27T08:32:56.168030+00:00,train,1,2000,self,1.0,0,97,
2025-11-27T08:43:04.588634+00:00,baseline_eval,1,2001,baseline,0.0509499999999937,1,95,96
2025-11-27T08:43:04.588877+00:00,baseline_eval,1,2002,baseline,0.0509499999999937,1,96,97
2025-11-27T08:43:04.589211+00:00,baseline_eval,1,2003,baseline,0.0509499999999937,1,98,99
2025-11-27T08:43:04.589359+00:00,baseline_eval,1,2004,baseline,0.0509499999999937,1,92,93
2025-11-27T08:43:04.589499+00:00,baseline_eval,1,2005,baseline,0.0509499999999937,1,98,99
2025-11-27T08:43:04.589641+00:00,baseline_eval,1,2006,baseline,0.0509499999999937,1,99,100
2025-11-27T08:43:04.589790+00:00,baseline_eval,1,2007,baseline,0.0509499999999937,1,80,81
2025-11-27T08:43:04.589925+00:00,baseline_eval,1,2008,baseline,0.0509499999999937,1,96,97
2025-11-27T08:43:04.590107+00:00,baseline_eval,1,2009,baseline,0.0509499999999937,1,99,100
2025-11-27T08:43:04.590255+00:00,baseline_eval,1,2010,baseline,0.0509499999999937,1,96,97
2025-11-27T08:43:04.590391+00:00,baseline_eval,1,2011,baseline,0.0509499999999937,1,95,96
2025-11-27T08:43:04.590521+00:00,baseline_eval,1,2012,baseline,0.0509499999999937,1,97,98
2025-11-27T08:43:04.590711+00:00,baseline_eval,1,2013,baseline,0.0509499999999937,1,95,96
2025-11-27T08:43:04.590865+00:00,baseline_eval,1,2014,baseline,0.0509499999999937,1,99,100
2025-11-27T08:43:04.591009+00:00,baseline_eval,1,2015,baseline,0.0509499999999937,1,96,97
2025-11-27T08:43:04.591147+00:00,baseline_eval,1,2016,baseline,0.0509499999999937,1,99,100
2025-11-27T08:43:04.591283+00:00,baseline_eval,1,2017,baseline,0.0509499999999937,1,96,97
2025-11-27T08:43:04.591464+00:00,baseline_eval,1,2018,baseline,0.0509499999999937,1,89,90
2025-11-27T08:43:04.591613+00:00,baseline_eval,1,2019,baseline,0.0509499999999937,1,87,88
2025-11-27T08:43:04.591751+00:00,baseline_eval,1,2020,baseline,0.0509499999999937,1,99,100
2025-11-27T08:43:04.591886+00:00,baseline_eval,1,2021,baseline,0.0509499999999937,1,99,100
2025-11-27T08:43:04.592123+00:00,baseline_eval,1,2022,baseline,0.0509499999999937,1,95,96
2025-11-27T08:43:04.592273+00:00,baseline_eval,1,2023,baseline,0.0509499999999937,1,98,99
2025-11-27T08:43:04.592410+00:00,baseline_eval,1,2024,baseline,0.0509499999999937,1,98,99
2025-11-27T08:43:04.592541+00:00,baseline_eval,1,2025,baseline,0.0509499999999937,1,95,96
2025-11-27T08:43:04.592691+00:00,baseline_eval,1,2026,baseline,0.0509499999999937,1,99,100
2025-11-27T08:43:04.592820+00:00,baseline_eval,1,2027,baseline,0.0509499999999937,1,91,92
2025-11-27T08:43:04.593010+00:00,baseline_eval,1,2028,baseline,0.0509499999999937,1,97,98
2025-11-27T08:43:04.593164+00:00,baseline_eval,1,2029,baseline,0.0509499999999937,1,89,90
2025-11-27T08:43:04.593309+00:00,baseline_eval,1,2030,baseline,0.0509499999999937,1,98,99
2025-11-27T08:43:04.593448+00:00,baseline_eval,1,2031,baseline,0.0509499999999937,1,89,90
2025-11-27T08:43:04.593584+00:00,baseline_eval,1,2032,baseline,0.0509499999999937,1,96,97
2025-11-27T08:43:04.593718+00:00,baseline_eval,1,2033,baseline,0.0509499999999937,1,88,89
2025-11-27T08:43:04.593850+00:00,baseline_eval,1,2034,baseline,0.0509499999999937,1,99,100
2025-11-27T08:43:04.593984+00:00,baseline_eval,1,2035,baseline,0.0509499999999937,1,97,98
2025-11-27T08:43:04.594116+00:00,baseline_eval,1,2036,baseline,0.0509499999999937,1,97,98
2025-11-27T08:43:04.594248+00:00,baseline_eval,1,2037,baseline,0.0509499999999937,1,99,100
2025-11-27T08:43:04.594379+00:00,baseline_eval,1,2038,baseline,0.0509499999999937,1,99,100
2025-11-27T08:43:04.594510+00:00,baseline_eval,1,2039,baseline,0.0509499999999937,1,99,100
2025-11-27T08:43:04.594641+00:00,baseline_eval,1,2040,baseline,0.0509499999999937,1,90,91
2025-11-27T08:43:04.594808+00:00,baseline_eval,1,2041,baseline,0.0509499999999937,1,95,96
2025-11-27T08:43:04.594981+00:00,baseline_eval,1,2042,baseline,0.0509499999999937,1,99,100
2025-11-27T08:43:04.595127+00:00,baseline_eval,1,2043,baseline,0.0509499999999937,1,99,100
2025-11-27T08:43:04.595267+00:00,baseline_eval,1,2044,baseline,0.0509499999999937,1,99,100
2025-11-27T08:43:04.595403+00:00,baseline_eval,1,2045,baseline,0.0509499999999937,1,89,90
2025-11-27T08:43:04.595535+00:00,baseline_eval,1,2046,baseline,0.0509499999999937,1,91,92
2025-11-27T08:43:04.595666+00:00,baseline_eval,1,2047,baseline,0.0509499999999937,1,97,98
2025-11-27T08:43:04.595796+00:00,baseline_eval,1,2048,baseline,0.0509499999999937,1,82,83
2025-11-27T08:43:04.595923+00:00,baseline_eval,1,2049,baseline,0.0509499999999937,1,98,99
2025-11-27T08:43:04.596180+00:00,baseline_eval,1,2050,baseline,0.0509499999999937,1,89,90
2025-11-27T08:43:04.596355+00:00,baseline_eval,1,2051,baseline,0.0509499999999937,1,96,97
2025-11-27T08:43:04.596504+00:00,baseline_eval,1,2052,baseline,0.0509499999999937,1,98,99
2025-11-27T08:43:04.596645+00:00,baseline_eval,1,2053,baseline,0.0509499999999937,1,79,80
2025-11-27T08:43:04.596782+00:00,baseline_eval,1,2054,baseline,0.0509499999999937,1,99,100
2025-11-27T08:43:04.596919+00:00,baseline_eval,1,2055,baseline,0.0509499999999937,1,89,90
2025-11-27T08:43:04.597053+00:00,baseline_eval,1,2056,baseline,0.0509499999999937,1,99,100
2025-11-27T08:43:04.597187+00:00,baseline_eval,1,2057,baseline,0.0509499999999937,1,84,85
2025-11-27T08:43:04.597321+00:00,baseline_eval,1,2058,baseline,0.0509499999999937,1,96,97
2025-11-27T08:43:04.597454+00:00,baseline_eval,1,2059,baseline,0.0509499999999937,1,96,97
2025-11-27T08:43:04.597587+00:00,baseline_eval,1,2060,baseline,0.0509499999999937,1,99,100
2025-11-27T08:43:04.597719+00:00,baseline_eval,1,2061,baseline,0.0509499999999937,1,99,100
2025-11-27T08:43:04.597851+00:00,baseline_eval,1,2062,baseline,0.0509499999999937,1,95,96
2025-11-27T08:43:04.597982+00:00,baseline_eval,1,2063,baseline,0.0509499999999937,1,84,85
2025-11-27T08:43:04.598113+00:00,baseline_eval,1,2064,baseline,0.0509499999999937,1,99,100
2025-11-27T08:43:04.598244+00:00,baseline_eval,1,2065,baseline,0.0509499999999937,1,95,96
2025-11-27T08:43:04.598376+00:00,baseline_eval,1,2066,baseline,0.0509499999999937,1,97,98
2025-11-27T08:43:04.598507+00:00,baseline_eval,1,2067,baseline,0.0509499999999937,1,84,85
2025-11-27T08:43:04.598638+00:00,baseline_eval,1,2068,baseline,0.0509499999999937,1,95,96
2025-11-27T08:43:04.598769+00:00,baseline_eval,1,2069,baseline,0.0509499999999937,1,99,100
2025-11-27T08:43:04.598903+00:00,baseline_eval,1,2070,baseline,0.0509499999999937,1,97,98
2025-11-27T08:43:04.599134+00:00,baseline_eval,1,2071,baseline,0.0509499999999937,1,99,100
2025-11-27T08:43:04.599288+00:00,baseline_eval,1,2072,baseline,0.0509499999999937,1,94,95
2025-11-27T08:43:04.599428+00:00,baseline_eval,1,2073,baseline,0.0509499999999937,1,98,99
2025-11-27T08:43:04.599636+00:00,baseline_eval,1,2074,baseline,0.0509499999999937,1,95,96
2025-11-27T08:43:04.599837+00:00,baseline_eval,1,2075,baseline,0.0509499999999937,1,88,89
2025-11-27T08:43:04.600020+00:00,baseline_eval,1,2076,baseline,0.0509499999999937,1,92,93
2025-11-27T08:43:04.600267+00:00,baseline_eval,1,2077,baseline,0.0509499999999937,1,95,96
2025-11-27T08:43:04.600464+00:00,baseline_eval,1,2078,baseline,0.0509499999999937,1,91,92
2025-11-27T08:43:04.600619+00:00,baseline_eval,1,2079,baseline,0.0509499999999937,1,94,95
2025-11-27T08:43:04.600760+00:00,baseline_eval,1,2080,baseline,0.0509499999999937,1,94,95
2025-11-27T08:43:04.600896+00:00,baseline_eval,1,2081,baseline,0.0509499999999937,1,98,99
2025-11-27T08:43:04.601091+00:00,baseline_eval,1,2082,baseline,0.0509499999999937,1,92,93
2025-11-27T08:43:04.601246+00:00,baseline_eval,1,2083,baseline,0.0509499999999937,1,99,100
2025-11-27T08:43:04.601388+00:00,baseline_eval,1,2084,baseline,0.0509499999999937,1,96,97
2025-11-27T08:43:04.601527+00:00,baseline_eval,1,2085,baseline,0.0509499999999937,1,95,96
2025-11-27T08:43:04.601663+00:00,baseline_eval,1,2086,baseline,0.0509499999999937,1,96,97
2025-11-27T08:43:04.601794+00:00,baseline_eval,1,2087,baseline,0.0509499999999937,1,99,100
2025-11-27T08:43:04.601924+00:00,baseline_eval,1,2088,baseline,0.0509499999999937,1,99,100
2025-11-27T08:43:04.602068+00:00,baseline_eval,1,2089,baseline,0.0509499999999937,1,88,89
2025-11-27T08:43:04.602213+00:00,baseline_eval,1,2090,baseline,0.0509499999999937,1,92,93
2025-11-27T08:43:04.602349+00:00,baseline_eval,1,2091,baseline,0.0509499999999937,1,95,96
2025-11-27T08:43:04.602481+00:00,baseline_eval,1,2092,baseline,0.0509499999999937,1,94,95
2025-11-27T08:43:04.602631+00:00,baseline_eval,1,2093,baseline,0.0509499999999937,1,98,99
2025-11-27T08:43:04.602767+00:00,baseline_eval,1,2094,baseline,0.0509499999999937,1,94,95
2025-11-27T08:43:04.602901+00:00,baseline_eval,1,2095,baseline,0.0509499999999937,1,90,91
2025-11-27T08:43:04.603031+00:00,baseline_eval,1,2096,baseline,0.0509499999999937,1,98,99
2025-11-27T08:43:04.603229+00:00,baseline_eval,1,2097,baseline,0.0509499999999937,1,90,91
2025-11-27T08:43:04.603384+00:00,baseline_eval,1,2098,baseline,0.0509499999999937,1,99,100
2025-11-27T08:43:04.603523+00:00,baseline_eval,1,2099,baseline,0.0509499999999937,1,97,98
2025-11-27T08:43:04.603655+00:00,baseline_eval,1,2100,baseline,0.0509499999999937,1,94,95
2025-11-27T08:46:31.788806+00:00,selfplay_eval,1,2101,selfplay_eval,0.0509499999999937,0,94,94
2025-11-27T08:46:31.789059+00:00,selfplay_eval,1,2102,selfplay_eval,0.0509499999999937,0,84,84
2025-11-27T08:46:31.789616+00:00,selfplay_eval,1,2103,selfplay_eval,0.0509499999999937,0,86,86
2025-11-27T08:46:31.789802+00:00,selfplay_eval,1,2104,selfplay_eval,0.0509499999999937,1,96,97
2025-11-27T08:46:31.789962+00:00,selfplay_eval,1,2105,selfplay_eval,0.0509499999999937,1,87,88
2025-11-27T08:46:31.790118+00:00,selfplay_eval,1,2106,selfplay_eval,0.0509499999999937,0,90,90
2025-11-27T08:46:31.790269+00:00,selfplay_eval,1,2107,selfplay_eval,0.0509499999999937,0,91,91
2025-11-27T08:46:31.790420+00:00,selfplay_eval,1,2108,selfplay_eval,0.0509499999999937,0,95,95
2025-11-27T08:46:31.790566+00:00,selfplay_eval,1,2109,selfplay_eval,0.0509499999999937,1,88,89
2025-11-27T08:46:31.790712+00:00,selfplay_eval,1,2110,selfplay_eval,0.0509499999999937,1,92,93
2025-11-27T08:46:31.790865+00:00,selfplay_eval,1,2111,selfplay_eval,0.0509499999999937,1,93,94
2025-11-27T08:46:31.791020+00:00,selfplay_eval,1,2112,selfplay_eval,0.0509499999999937,0,84,84
2025-11-27T08:46:31.791168+00:00,selfplay_eval,1,2113,selfplay_eval,0.0509499999999937,1,96,97
2025-11-27T08:46:31.791321+00:00,selfplay_eval,1,2114,selfplay_eval,0.0509499999999937,0,95,95
2025-11-27T08:46:31.791468+00:00,selfplay_eval,1,2115,selfplay_eval,0.0509499999999937,1,83,84
2025-11-27T08:46:31.791613+00:00,selfplay_eval,1,2116,selfplay_eval,0.0509499999999937,1,94,95
2025-11-27T08:46:31.791760+00:00,selfplay_eval,1,2117,selfplay_eval,0.0509499999999937,0,96,96
2025-11-27T08:46:31.791906+00:00,selfplay_eval,1,2118,selfplay_eval,0.0509499999999937,0,91,91
2025-11-27T08:46:31.792061+00:00,selfplay_eval,1,2119,selfplay_eval,0.0509499999999937,1,97,98
2025-11-27T08:46:31.792209+00:00,selfplay_eval,1,2120,selfplay_eval,0.0509499999999937,1,97,98
2025-11-27T08:46:31.792354+00:00,selfplay_eval,1,2121,selfplay_eval,0.0509499999999937,1,97,98
2025-11-27T08:46:31.792498+00:00,selfplay_eval,1,2122,selfplay_eval,0.0509499999999937,1,96,97
2025-11-27T08:46:31.792643+00:00,selfplay_eval,1,2123,selfplay_eval,0.0509499999999937,1,99,100
2025-11-27T08:46:31.792788+00:00,selfplay_eval,1,2124,selfplay_eval,0.0509499999999937,1,99,100
2025-11-27T08:46:31.792933+00:00,selfplay_eval,1,2125,selfplay_eval,0.0509499999999937,1,95,96
2025-11-27T08:46:31.793079+00:00,selfplay_eval,1,2126,selfplay_eval,0.0509499999999937,1,89,90
2025-11-27T08:46:31.793227+00:00,selfplay_eval,1,2127,selfplay_eval,0.0509499999999937,1,88,89
2025-11-27T08:46:31.793373+00:00,selfplay_eval,1,2128,selfplay_eval,0.0509499999999937,1,91,92
2025-11-27T08:46:31.793626+00:00,selfplay_eval,1,2129,selfplay_eval,0.0509499999999937,0,85,85
2025-11-27T08:46:31.793773+00:00,selfplay_eval,1,2130,selfplay_eval,0.0509499999999937,0,91,91
2025-11-27T08:46:31.793917+00:00,selfplay_eval,1,2131,selfplay_eval,0.0509499999999937,0,96,96
2025-11-27T08:46:31.794059+00:00,selfplay_eval,1,2132,selfplay_eval,0.0509499999999937,1,69,70
2025-11-27T08:46:31.794206+00:00,selfplay_eval,1,2133,selfplay_eval,0.0509499999999937,1,81,82
2025-11-27T08:46:31.794349+00:00,selfplay_eval,1,2134,selfplay_eval,0.0509499999999937,1,89,90
2025-11-27T08:46:31.794492+00:00,selfplay_eval,1,2135,selfplay_eval,0.0509499999999937,1,96,97
2025-11-27T08:46:31.794634+00:00,selfplay_eval,1,2136,selfplay_eval,0.0509499999999937,1,84,85
2025-11-27T08:46:31.794775+00:00,selfplay_eval,1,2137,selfplay_eval,0.0509499999999937,0,93,93
2025-11-27T08:46:31.794917+00:00,selfplay_eval,1,2138,selfplay_eval,0.0509499999999937,0,88,88
2025-11-27T08:46:31.795059+00:00,selfplay_eval,1,2139,selfplay_eval,0.0509499999999937,0,93,93
2025-11-27T08:46:31.795201+00:00,selfplay_eval,1,2140,selfplay_eval,0.0509499999999937,0,94,94
2025-11-27T08:46:31.795342+00:00,selfplay_eval,1,2141,selfplay_eval,0.0509499999999937,1,86,87
2025-11-27T08:46:31.795484+00:00,selfplay_eval,1,2142,selfplay_eval,0.0509499999999937,1,94,95
2025-11-27T08:46:31.795635+00:00,selfplay_eval,1,2143,selfplay_eval,0.0509499999999937,1,86,87
2025-11-27T08:46:31.795778+00:00,selfplay_eval,1,2144,selfplay_eval,0.0509499999999937,1,88,89
2025-11-27T08:46:31.795920+00:00,selfplay_eval,1,2145,selfplay_eval,0.0509499999999937,1,98,99
2025-11-27T08:46:31.796062+00:00,selfplay_eval,1,2146,selfplay_eval,0.0509499999999937,1,87,88
2025-11-27T08:46:31.796205+00:00,selfplay_eval,1,2147,selfplay_eval,0.0509499999999937,0,99,99
2025-11-27T08:46:31.796348+00:00,selfplay_eval,1,2148,selfplay_eval,0.0509499999999937,0,96,96
2025-11-27T08:46:31.796489+00:00,selfplay_eval,1,2149,selfplay_eval,0.0509499999999937,1,89,90
2025-11-27T08:46:31.796631+00:00,selfplay_eval,1,2150,selfplay_eval,0.0509499999999937,1,89,90
2025-11-27T08:46:31.796774+00:00,selfplay_eval,1,2151,selfplay_eval,0.0509499999999937,1,90,91
2025-11-27T08:46:31.796916+00:00,selfplay_eval,1,2152,selfplay_eval,0.0509499999999937,1,86,87
2025-11-27T08:46:31.797097+00:00,selfplay_eval,1,2153,selfplay_eval,0.0509499999999937,1,95,96
2025-11-27T08:46:31.797334+00:00,selfplay_eval,1,2154,selfplay_eval,0.0509499999999937,0,91,91
2025-11-27T08:46:31.797495+00:00,selfplay_eval,1,2155,selfplay_eval,0.0509499999999937,1,97,98
2025-11-27T08:46:31.797645+00:00,selfplay_eval,1,2156,selfplay_eval,0.0509499999999937,0,97,97
2025-11-27T08:46:31.797791+00:00,selfplay_eval,1,2157,selfplay_eval,0.0509499999999937,1,90,91
2025-11-27T08:46:31.797931+00:00,selfplay_eval,1,2158,selfplay_eval,0.0509499999999937,0,83,83
2025-11-27T08:46:31.798071+00:00,selfplay_eval,1,2159,selfplay_eval,0.0509499999999937,1,96,97
2025-11-27T08:46:31.798210+00:00,selfplay_eval,1,2160,selfplay_eval,0.0509499999999937,0,90,90
2025-11-27T08:46:31.798347+00:00,selfplay_eval,1,2161,selfplay_eval,0.0509499999999937,0,96,96
2025-11-27T08:46:31.798483+00:00,selfplay_eval,1,2162,selfplay_eval,0.0509499999999937,1,88,89
2025-11-27T08:46:31.798705+00:00,selfplay_eval,1,2163,selfplay_eval,0.0509499999999937,0,99,99
2025-11-27T08:46:31.798882+00:00,selfplay_eval,1,2164,selfplay_eval,0.0509499999999937,0,78,78
2025-11-27T08:46:31.799105+00:00,selfplay_eval,1,2165,selfplay_eval,0.0509499999999937,1,93,94
2025-11-27T08:46:31.799361+00:00,selfplay_eval,1,2166,selfplay_eval,0.0509499999999937,0,82,82
2025-11-27T08:46:31.799572+00:00,selfplay_eval,1,2167,selfplay_eval,0.0509499999999937,1,90,91
2025-11-27T08:46:31.799726+00:00,selfplay_eval,1,2168,selfplay_eval,0.0509499999999937,1,87,88
2025-11-27T08:46:31.799871+00:00,selfplay_eval,1,2169,selfplay_eval,0.0509499999999937,0,84,84
2025-11-27T08:46:31.800013+00:00,selfplay_eval,1,2170,selfplay_eval,0.0509499999999937,1,93,94
2025-11-27T08:46:31.800152+00:00,selfplay_eval,1,2171,selfplay_eval,0.0509499999999937,0,87,87
2025-11-27T08:46:31.800293+00:00,selfplay_eval,1,2172,selfplay_eval,0.0509499999999937,1,98,99
2025-11-27T08:46:31.800500+00:00,selfplay_eval,1,2173,selfplay_eval,0.0509499999999937,1,94,95
2025-11-27T08:46:31.800674+00:00,selfplay_eval,1,2174,selfplay_eval,0.0509499999999937,0,94,94
2025-11-27T08:46:31.800833+00:00,selfplay_eval,1,2175,selfplay_eval,0.0509499999999937,0,91,91
2025-11-27T08:46:31.800988+00:00,selfplay_eval,1,2176,selfplay_eval,0.0509499999999937,1,87,88
2025-11-27T08:46:31.801138+00:00,selfplay_eval,1,2177,selfplay_eval,0.0509499999999937,1,92,93
2025-11-27T08:46:31.801290+00:00,selfplay_eval,1,2178,selfplay_eval,0.0509499999999937,1,84,85
2025-11-27T08:46:31.801444+00:00,selfplay_eval,1,2179,selfplay_eval,0.0509499999999937,1,91,92
2025-11-27T08:46:31.801595+00:00,selfplay_eval,1,2180,selfplay_eval,0.0509499999999937,0,92,92
2025-11-27T08:46:31.801742+00:00,selfplay_eval,1,2181,selfplay_eval,0.0509499999999937,0,93,93
2025-11-27T08:46:31.801898+00:00,selfplay_eval,1,2182,selfplay_eval,0.0509499999999937,0,93,93
2025-11-27T08:46:31.802049+00:00,selfplay_eval,1,2183,selfplay_eval,0.0509499999999937,1,98,99
2025-11-27T08:46:31.802193+00:00,selfplay_eval,1,2184,selfplay_eval,0.0509499999999937,1,99,100
2025-11-27T08:46:31.802339+00:00,selfplay_eval,1,2185,selfplay_eval,0.0509499999999937,0,90,90
2025-11-27T08:46:31.802488+00:00,selfplay_eval,1,2186,selfplay_eval,0.0509499999999937,0,74,74
2025-11-27T08:46:31.802634+00:00,selfplay_eval,1,2187,selfplay_eval,0.0509499999999937,1,97,98
2025-11-27T08:46:31.802780+00:00,selfplay_eval,1,2188,selfplay_eval,0.0509499999999937,1,94,95
2025-11-27T08:46:31.802925+00:00,selfplay_eval,1,2189,selfplay_eval,0.0509499999999937,0,95,95
2025-11-27T08:46:31.803070+00:00,selfplay_eval,1,2190,selfplay_eval,0.0509499999999937,0,84,84
2025-11-27T08:46:31.803215+00:00,selfplay_eval,1,2191,selfplay_eval,0.0509499999999937,1,77,78
2025-11-27T08:46:31.803362+00:00,selfplay_eval,1,2192,selfplay_eval,0.0509499999999937,0,98,98
2025-11-27T08:46:31.803508+00:00,selfplay_eval,1,2193,selfplay_eval,0.0509499999999937,0,87,87
2025-11-27T08:46:31.803653+00:00,selfplay_eval,1,2194,selfplay_eval,0.0509499999999937,0,91,91
2025-11-27T08:46:31.803797+00:00,selfplay_eval,1,2195,selfplay_eval,0.0509499999999937,0,93,93
2025-11-27T08:46:31.803942+00:00,selfplay_eval,1,2196,selfplay_eval,0.0509499999999937,1,97,98
2025-11-27T08:46:31.804085+00:00,selfplay_eval,1,2197,selfplay_eval,0.0509499999999937,1,99,100
2025-11-27T08:46:31.804231+00:00,selfplay_eval,1,2198,selfplay_eval,0.0509499999999937,0,77,77
2025-11-27T08:46:31.804375+00:00,selfplay_eval,1,2199,selfplay_eval,0.0509499999999937,1,84,85
2025-11-27T08:46:31.804520+00:00,selfplay_eval,1,2200,selfplay_eval,0.0509499999999937,1,93,94
2025-11-27T08:46:31.804673+00:00,selfplay_eval,1,2201,selfplay_eval,0.0509499999999937,0,86,86
2025-11-27T08:46:31.804817+00:00,selfplay_eval,1,2202,selfplay_eval,0.0509499999999937,0,82,82
2025-11-27T08:46:31.804962+00:00,selfplay_eval,1,2203,selfplay_eval,0.0509499999999937,0,90,90
2025-11-27T08:46:31.805107+00:00,selfplay_eval,1,2204,selfplay_eval,0.0509499999999937,1,98,99
2025-11-27T08:46:31.805252+00:00,selfplay_eval,1,2205,selfplay_eval,0.0509499999999937,0,95,95
2025-11-27T08:46:31.805399+00:00,selfplay_eval,1,2206,selfplay_eval,0.0509499999999937,1,95,96
2025-11-27T08:46:31.805546+00:00,selfplay_eval,1,2207,selfplay_eval,0.0509499999999937,0,91,91
2025-11-27T08:46:31.805695+00:00,selfplay_eval,1,2208,selfplay_eval,0.0509499999999937,0,92,92
2025-11-27T08:46:31.805841+00:00,selfplay_eval,1,2209,selfplay_eval,0.0509499999999937,1,97,98
2025-11-27T08:46:31.805996+00:00,selfplay_eval,1,2210,selfplay_eval,0.0509499999999937,1,88,89
2025-11-27T08:46:31.806145+00:00,selfplay_eval,1,2211,selfplay_eval,0.0509499999999937,0,91,91
2025-11-27T08:46:31.806342+00:00,selfplay_eval,1,2212,selfplay_eval,0.0509499999999937,0,87,87
2025-11-27T08:46:31.806536+00:00,selfplay_eval,1,2213,selfplay_eval,0.0509499999999937,0,92,92
2025-11-27T08:46:31.806694+00:00,selfplay_eval,1,2214,selfplay_eval,0.0509499999999937,0,93,93
2025-11-27T08:46:31.806852+00:00,selfplay_eval,1,2215,selfplay_eval,0.0509499999999937,1,85,86
2025-11-27T08:46:31.807000+00:00,selfplay_eval,1,2216,selfplay_eval,0.0509499999999937,0,94,94
2025-11-27T08:46:31.807145+00:00,selfplay_eval,1,2217,selfplay_eval,0.0509499999999937,1,99,100
2025-11-27T08:46:31.807288+00:00,selfplay_eval,1,2218,selfplay_eval,0.0509499999999937,0,94,94
2025-11-27T08:46:31.807428+00:00,selfplay_eval,1,2219,selfplay_eval,0.0509499999999937,1,90,91
2025-11-27T08:46:31.807570+00:00,selfplay_eval,1,2220,selfplay_eval,0.0509499999999937,1,96,97
2025-11-27T08:46:31.807710+00:00,selfplay_eval,1,2221,selfplay_eval,0.0509499999999937,1,92,93
2025-11-27T08:46:31.807850+00:00,selfplay_eval,1,2222,selfplay_eval,0.0509499999999937,1,93,94
2025-11-27T08:46:31.807989+00:00,selfplay_eval,1,2223,selfplay_eval,0.0509499999999937,1,93,94
2025-11-27T08:46:31.808128+00:00,selfplay_eval,1,2224,selfplay_eval,0.0509499999999937,0,87,87
2025-11-27T08:46:31.808269+00:00,selfplay_eval,1,2225,selfplay_eval,0.0509499999999937,0,95,95
2025-11-27T08:46:31.808407+00:00,selfplay_eval,1,2226,selfplay_eval,0.0509499999999937,1,94,95
2025-11-27T08:46:31.808548+00:00,selfplay_eval,1,2227,selfplay_eval,0.0509499999999937,0,86,86
2025-11-27T08:46:31.808689+00:00,selfplay_eval,1,2228,selfplay_eval,0.0509499999999937,1,84,85
2025-11-27T08:46:31.808829+00:00,selfplay_eval,1,2229,selfplay_eval,0.0509499999999937,1,94,95
2025-11-27T08:46:31.808967+00:00,selfplay_eval,1,2230,selfplay_eval,0.0509499999999937,1,96,97
2025-11-27T08:46:31.809107+00:00,selfplay_eval,1,2231,selfplay_eval,0.0509499999999937,1,85,86
2025-11-27T08:46:31.809247+00:00,selfplay_eval,1,2232,selfplay_eval,0.0509499999999937,1,93,94
2025-11-27T08:46:31.809480+00:00,selfplay_eval,1,2233,selfplay_eval,0.0509499999999937,1,85,86
2025-11-27T08:46:31.809646+00:00,selfplay_eval,1,2234,selfplay_eval,0.0509499999999937,1,74,75
2025-11-27T08:46:31.809802+00:00,selfplay_eval,1,2235,selfplay_eval,0.0509499999999937,1,93,94
2025-11-27T08:46:31.809954+00:00,selfplay_eval,1,2236,selfplay_eval,0.0509499999999937,1,90,91
2025-11-27T08:46:31.810116+00:00,selfplay_eval,1,2237,selfplay_eval,0.0509499999999937,1,97,98
2025-11-27T08:46:31.810258+00:00,selfplay_eval,1,2238,selfplay_eval,0.0509499999999937,1,87,88
2025-11-27T08:46:31.810428+00:00,selfplay_eval,1,2239,selfplay_eval,0.0509499999999937,1,92,93
2025-11-27T08:46:31.810623+00:00,selfplay_eval,1,2240,selfplay_eval,0.0509499999999937,1,89,90
2025-11-27T08:46:31.810784+00:00,selfplay_eval,1,2241,selfplay_eval,0.0509499999999937,1,99,100
2025-11-27T08:46:31.810932+00:00,selfplay_eval,1,2242,selfplay_eval,0.0509499999999937,0,96,96
2025-11-27T08:46:31.811072+00:00,selfplay_eval,1,2243,selfplay_eval,0.0509499999999937,1,90,91
2025-11-27T08:46:31.811286+00:00,selfplay_eval,1,2244,selfplay_eval,0.0509499999999937,0,91,91
2025-11-27T08:46:31.811462+00:00,selfplay_eval,1,2245,selfplay_eval,0.0509499999999937,1,95,96
2025-11-27T08:46:31.811727+00:00,selfplay_eval,1,2246,selfplay_eval,0.0509499999999937,1,95,96
2025-11-27T08:46:31.811957+00:00,selfplay_eval,1,2247,selfplay_eval,0.0509499999999937,1,86,87
2025-11-27T08:46:31.812204+00:00,selfplay_eval,1,2248,selfplay_eval,0.0509499999999937,1,94,95
2025-11-27T08:46:31.812367+00:00,selfplay_eval,1,2249,selfplay_eval,0.0509499999999937,0,93,93
2025-11-27T08:46:31.812516+00:00,selfplay_eval,1,2250,selfplay_eval,0.0509499999999937,1,99,100
2025-11-27T08:46:31.812661+00:00,selfplay_eval,1,2251,selfplay_eval,0.0509499999999937,1,86,87
2025-11-27T08:46:31.812804+00:00,selfplay_eval,1,2252,selfplay_eval,0.0509499999999937,1,98,99
2025-11-27T08:46:31.812944+00:00,selfplay_eval,1,2253,selfplay_eval,0.0509499999999937,1,98,99
2025-11-27T08:46:31.813084+00:00,selfplay_eval,1,2254,selfplay_eval,0.0509499999999937,1,87,88
2025-11-27T08:46:31.813224+00:00,selfplay_eval,1,2255,selfplay_eval,0.0509499999999937,1,93,94
2025-11-27T08:46:31.813363+00:00,selfplay_eval,1,2256,selfplay_eval,0.0509499999999937,1,89,90
2025-11-27T08:46:31.813506+00:00,selfplay_eval,1,2257,selfplay_eval,0.0509499999999937,0,98,98
2025-11-27T08:46:31.813645+00:00,selfplay_eval,1,2258,selfplay_eval,0.0509499999999937,1,94,95
2025-11-27T08:46:31.813783+00:00,selfplay_eval,1,2259,selfplay_eval,0.0509499999999937,0,94,94
2025-11-27T08:46:31.813922+00:00,selfplay_eval,1,2260,selfplay_eval,0.0509499999999937,0,90,90
2025-11-27T08:46:31.814073+00:00,selfplay_eval,1,2261,selfplay_eval,0.0509499999999937,1,85,86
2025-11-27T08:46:31.814207+00:00,selfplay_eval,1,2262,selfplay_eval,0.0509499999999937,1,96,97
2025-11-27T08:46:31.814341+00:00,selfplay_eval,1,2263,selfplay_eval,0.0509499999999937,1,90,91
2025-11-27T08:46:31.814475+00:00,selfplay_eval,1,2264,selfplay_eval,0.0509499999999937,1,99,100
2025-11-27T08:46:31.814608+00:00,selfplay_eval,1,2265,selfplay_eval,0.0509499999999937,0,93,93
2025-11-27T08:46:31.814742+00:00,selfplay_eval,1,2266,selfplay_eval,0.0509499999999937,1,91,92
2025-11-27T08:46:31.814875+00:00,selfplay_eval,1,2267,selfplay_eval,0.0509499999999937,0,98,98
2025-11-27T08:46:31.815009+00:00,selfplay_eval,1,2268,selfplay_eval,0.0509499999999937,0,92,92
2025-11-27T08:46:31.815142+00:00,selfplay_eval,1,2269,selfplay_eval,0.0509499999999937,0,98,98
2025-11-27T08:46:31.815275+00:00,selfplay_eval,1,2270,selfplay_eval,0.0509499999999937,1,91,92
2025-11-27T08:46:31.815407+00:00,selfplay_eval,1,2271,selfplay_eval,0.0509499999999937,1,97,98
2025-11-27T08:46:31.815540+00:00,selfplay_eval,1,2272,selfplay_eval,0.0509499999999937,1,98,99
2025-11-27T08:46:31.815673+00:00,selfplay_eval,1,2273,selfplay_eval,0.0509499999999937,1,99,100
2025-11-27T08:46:31.815807+00:00,selfplay_eval,1,2274,selfplay_eval,0.0509499999999937,1,99,100
2025-11-27T08:46:31.815954+00:00,selfplay_eval,1,2275,selfplay_eval,0.0509499999999937,1,97,98
2025-11-27T08:46:31.816082+00:00,selfplay_eval,1,2276,selfplay_eval,0.0509499999999937,1,93,94
2025-11-27T08:46:31.816211+00:00,selfplay_eval,1,2277,selfplay_eval,0.0509499999999937,1,86,87
2025-11-27T08:46:31.816340+00:00,selfplay_eval,1,2278,selfplay_eval,0.0509499999999937,0,88,88
2025-11-27T08:46:31.816469+00:00,selfplay_eval,1,2279,selfplay_eval,0.0509499999999937,1,96,97
2025-11-27T08:46:31.816598+00:00,selfplay_eval,1,2280,selfplay_eval,0.0509499999999937,1,97,98
2025-11-27T08:46:31.816727+00:00,selfplay_eval,1,2281,selfplay_eval,0.0509499999999937,1,96,97
2025-11-27T08:46:31.816857+00:00,selfplay_eval,1,2282,selfplay_eval,0.0509499999999937,0,82,82
2025-11-27T08:46:31.816986+00:00,selfplay_eval,1,2283,selfplay_eval,0.0509499999999937,0,95,95
2025-11-27T08:46:31.817114+00:00,selfplay_eval,1,2284,selfplay_eval,0.0509499999999937,1,93,94
2025-11-27T08:46:31.817243+00:00,selfplay_eval,1,2285,selfplay_eval,0.0509499999999937,1,86,87
2025-11-27T08:46:31.817372+00:00,selfplay_eval,1,2286,selfplay_eval,0.0509499999999937,1,92,93
2025-11-27T08:46:31.817501+00:00,selfplay_eval,1,2287,selfplay_eval,0.0509499999999937,1,94,95
2025-11-27T08:46:31.817629+00:00,selfplay_eval,1,2288,selfplay_eval,0.0509499999999937,0,96,96
2025-11-27T08:46:31.817759+00:00,selfplay_eval,1,2289,selfplay_eval,0.0509499999999937,1,98,99
2025-11-27T08:46:31.817887+00:00,selfplay_eval,1,2290,selfplay_eval,0.0509499999999937,0,95,95
2025-11-27T08:46:31.818016+00:00,selfplay_eval,1,2291,selfplay_eval,0.0509499999999937,0,91,91
2025-11-27T08:46:31.818145+00:00,selfplay_eval,1,2292,selfplay_eval,0.0509499999999937,1,90,91
2025-11-27T08:46:31.818274+00:00,selfplay_eval,1,2293,selfplay_eval,0.0509499999999937,0,90,90
2025-11-27T08:46:31.818402+00:00,selfplay_eval,1,2294,selfplay_eval,0.0509499999999937,1,84,85
2025-11-27T08:46:31.818531+00:00,selfplay_eval,1,2295,selfplay_eval,0.0509499999999937,0,74,74
2025-11-27T08:46:31.818660+00:00,selfplay_eval,1,2296,selfplay_eval,0.0509499999999937,1,89,90
2025-11-27T08:46:31.818788+00:00,selfplay_eval,1,2297,selfplay_eval,0.0509499999999937,0,88,88
2025-11-27T08:46:31.818917+00:00,selfplay_eval,1,2298,selfplay_eval,0.0509499999999937,1,85,86
2025-11-27T08:46:31.819046+00:00,selfplay_eval,1,2299,selfplay_eval,0.0509499999999937,0,86,86
2025-11-27T08:46:31.819177+00:00,selfplay_eval,1,2300,selfplay_eval,0.0509499999999937,1,93,94
2025-11-27T08:46:31.819305+00:00,selfplay_eval,1,2301,selfplay_eval,0.0509499999999937,0,98,98
2025-11-27T08:46:31.819434+00:00,selfplay_eval,1,2302,selfplay_eval,0.0509499999999937,0,86,86
2025-11-27T08:46:31.819562+00:00,selfplay_eval,1,2303,selfplay_eval,0.0509499999999937,0,92,92
2025-11-27T08:46:31.819691+00:00,selfplay_eval,1,2304,selfplay_eval,0.0509499999999937,1,96,97
2025-11-27T08:46:31.819900+00:00,selfplay_eval,1,2305,selfplay_eval,0.0509499999999937,1,90,91
2025-11-27T08:46:31.820051+00:00,selfplay_eval,1,2306,selfplay_eval,0.0509499999999937,0,92,92
2025-11-27T08:46:31.820192+00:00,selfplay_eval,1,2307,selfplay_eval,0.0509499999999937,1,91,92
2025-11-27T08:46:31.820329+00:00,selfplay_eval,1,2308,selfplay_eval,0.0509499999999937,1,94,95
2025-11-27T08:46:31.820464+00:00,selfplay_eval,1,2309,selfplay_eval,0.0509499999999937,1,89,90
2025-11-27T08:46:31.820605+00:00,selfplay_eval,1,2310,selfplay_eval,0.0509499999999937,1,97,98
2025-11-27T08:46:31.820737+00:00,selfplay_eval,1,2311,selfplay_eval,0.0509499999999937,1,99,100
2025-11-27T08:46:31.820868+00:00,selfplay_eval,1,2312,selfplay_eval,0.0509499999999937,0,96,96
2025-11-27T08:46:31.821001+00:00,selfplay_eval,1,2313,selfplay_eval,0.0509499999999937,1,95,96
2025-11-27T08:46:31.821135+00:00,selfplay_eval,1,2314,selfplay_eval,0.0509499999999937,0,92,92
2025-11-27T08:46:31.821264+00:00,selfplay_eval,1,2315,selfplay_eval,0.0509499999999937,0,84,84
2025-11-27T08:46:31.821394+00:00,selfplay_eval,1,2316,selfplay_eval,0.0509499999999937,1,91,92
2025-11-27T08:46:31.821524+00:00,selfplay_eval,1,2317,selfplay_eval,0.0509499999999937,1,89,90
2025-11-27T08:46:31.821653+00:00,selfplay_eval,1,2318,selfplay_eval,0.0509499999999937,1,83,84
2025-11-27T08:46:31.821787+00:00,selfplay_eval,1,2319,selfplay_eval,0.0509499999999937,1,88,89
2025-11-27T08:46:31.821917+00:00,selfplay_eval,1,2320,selfplay_eval,0.0509499999999937,1,87,88
2025-11-27T08:46:31.822045+00:00,selfplay_eval,1,2321,selfplay_eval,0.0509499999999937,1,93,94
2025-11-27T08:46:31.822174+00:00,selfplay_eval,1,2322,selfplay_eval,0.0509499999999937,0,92,92
2025-11-27T08:46:31.822366+00:00,selfplay_eval,1,2323,selfplay_eval,0.0509499999999937,0,85,85
2025-11-27T08:46:31.822519+00:00,selfplay_eval,1,2324,selfplay_eval,0.0509499999999937,1,95,96
2025-11-27T08:46:31.822670+00:00,selfplay_eval,1,2325,selfplay_eval,0.0509499999999937,0,92,92
2025-11-27T08:46:31.822838+00:00,selfplay_eval,1,2326,selfplay_eval,0.0509499999999937,0,95,95
2025-11-27T08:46:31.823032+00:00,selfplay_eval,1,2327,selfplay_eval,0.0509499999999937,0,96,96
2025-11-27T08:46:31.823222+00:00,selfplay_eval,1,2328,selfplay_eval,0.0509499999999937,0,84,84
2025-11-27T08:46:31.823400+00:00,selfplay_eval,1,2329,selfplay_eval,0.0509499999999937,1,96,97
2025-11-27T08:46:31.823560+00:00,selfplay_eval,1,2330,selfplay_eval,0.0509499999999937,1,89,90
2025-11-27T08:46:31.823709+00:00,selfplay_eval,1,2331,selfplay_eval,0.0509499999999937,0,92,92
2025-11-27T08:46:31.823854+00:00,selfplay_eval,1,2332,selfplay_eval,0.0509499999999937,1,96,97
2025-11-27T08:46:31.823995+00:00,selfplay_eval,1,2333,selfplay_eval,0.0509499999999937,1,79,80
2025-11-27T08:46:31.824154+00:00,selfplay_eval,1,2334,selfplay_eval,0.0509499999999937,0,90,90
2025-11-27T08:46:31.824292+00:00,selfplay_eval,1,2335,selfplay_eval,0.0509499999999937,0,88,88
2025-11-27T08:46:31.824428+00:00,selfplay_eval,1,2336,selfplay_eval,0.0509499999999937,0,92,92
2025-11-27T08:46:31.824582+00:00,selfplay_eval,1,2337,selfplay_eval,0.0509499999999937,1,95,96
2025-11-27T08:46:31.824812+00:00,selfplay_eval,1,2338,selfplay_eval,0.0509499999999937,1,92,93
2025-11-27T08:46:31.824961+00:00,selfplay_eval,1,2339,selfplay_eval,0.0509499999999937,1,72,73
2025-11-27T08:46:31.825099+00:00,selfplay_eval,1,2340,selfplay_eval,0.0509499999999937,0,93,93
2025-11-27T08:46:31.825232+00:00,selfplay_eval,1,2341,selfplay_eval,0.0509499999999937,0,82,82
2025-11-27T08:46:31.825427+00:00,selfplay_eval,1,2342,selfplay_eval,0.0509499999999937,1,93,94
2025-11-27T08:46:31.825585+00:00,selfplay_eval,1,2343,selfplay_eval,0.0509499999999937,0,85,85
2025-11-27T08:46:31.825728+00:00,selfplay_eval,1,2344,selfplay_eval,0.0509499999999937,0,96,96
2025-11-27T08:46:31.825866+00:00,selfplay_eval,1,2345,selfplay_eval,0.0509499999999937,0,87,87
2025-11-27T08:46:31.826003+00:00,selfplay_eval,1,2346,selfplay_eval,0.0509499999999937,0,95,95
2025-11-27T08:46:31.826136+00:00,selfplay_eval,1,2347,selfplay_eval,0.0509499999999937,0,94,94
2025-11-27T08:46:31.826269+00:00,selfplay_eval,1,2348,selfplay_eval,0.0509499999999937,1,91,92
2025-11-27T08:46:31.826402+00:00,selfplay_eval,1,2349,selfplay_eval,0.0509499999999937,0,88,88
2025-11-27T08:46:31.826545+00:00,selfplay_eval,1,2350,selfplay_eval,0.0509499999999937,1,95,96
2025-11-27T08:46:31.826678+00:00,selfplay_eval,1,2351,selfplay_eval,0.0509499999999937,0,95,95
2025-11-27T08:46:31.826811+00:00,selfplay_eval,1,2352,selfplay_eval,0.0509499999999937,1,97,98
2025-11-27T08:46:31.826943+00:00,selfplay_eval,1,2353,selfplay_eval,0.0509499999999937,0,95,95
2025-11-27T08:46:31.827075+00:00,selfplay_eval,1,2354,selfplay_eval,0.0509499999999937,1,93,94
2025-11-27T08:46:31.827206+00:00,selfplay_eval,1,2355,selfplay_eval,0.0509499999999937,0,97,97
2025-11-27T08:46:31.827337+00:00,selfplay_eval,1,2356,selfplay_eval,0.0509499999999937,0,88,88
2025-11-27T08:46:31.827469+00:00,selfplay_eval,1,2357,selfplay_eval,0.0509499999999937,1,89,90
2025-11-27T08:46:31.827600+00:00,selfplay_eval,1,2358,selfplay_eval,0.0509499999999937,1,88,89
2025-11-27T08:46:31.827730+00:00,selfplay_eval,1,2359,selfplay_eval,0.0509499999999937,1,96,97
2025-11-27T08:46:31.827916+00:00,selfplay_eval,1,2360,selfplay_eval,0.0509499999999937,1,77,78
2025-11-27T08:46:31.828062+00:00,selfplay_eval,1,2361,selfplay_eval,0.0509499999999937,0,91,91
2025-11-27T08:46:31.828197+00:00,selfplay_eval,1,2362,selfplay_eval,0.0509499999999937,1,92,93
2025-11-27T08:46:31.828327+00:00,selfplay_eval,1,2363,selfplay_eval,0.0509499999999937,1,85,86
2025-11-27T08:46:31.828455+00:00,selfplay_eval,1,2364,selfplay_eval,0.0509499999999937,1,91,92
2025-11-27T08:46:31.828581+00:00,selfplay_eval,1,2365,selfplay_eval,0.0509499999999937,1,94,95
2025-11-27T08:46:31.828707+00:00,selfplay_eval,1,2366,selfplay_eval,0.0509499999999937,1,88,89
2025-11-27T08:46:31.828832+00:00,selfplay_eval,1,2367,selfplay_eval,0.0509499999999937,0,98,98
2025-11-27T08:46:31.828971+00:00,selfplay_eval,1,2368,selfplay_eval,0.0509499999999937,1,94,95
2025-11-27T08:46:31.829097+00:00,selfplay_eval,1,2369,selfplay_eval,0.0509499999999937,1,92,93
2025-11-27T08:46:31.829235+00:00,selfplay_eval,1,2370,selfplay_eval,0.0509499999999937,0,97,97
2025-11-27T08:46:31.829359+00:00,selfplay_eval,1,2371,selfplay_eval,0.0509499999999937,0,90,90
2025-11-27T08:46:31.829495+00:00,selfplay_eval,1,2372,selfplay_eval,0.0509499999999937,0,94,94
2025-11-27T08:46:31.829620+00:00,selfplay_eval,1,2373,selfplay_eval,0.0509499999999937,0,93,93
2025-11-27T08:46:31.829745+00:00,selfplay_eval,1,2374,selfplay_eval,0.0509499999999937,0,98,98
2025-11-27T08:46:31.829868+00:00,selfplay_eval,1,2375,selfplay_eval,0.0509499999999937,0,83,83
2025-11-27T08:46:31.830048+00:00,selfplay_eval,1,2376,selfplay_eval,0.0509499999999937,1,95,96
2025-11-27T08:46:31.830190+00:00,selfplay_eval,1,2377,selfplay_eval,0.0509499999999937,1,90,91
2025-11-27T08:46:31.830329+00:00,selfplay_eval,1,2378,selfplay_eval,0.0509499999999937,0,83,83
2025-11-27T08:46:31.830459+00:00,selfplay_eval,1,2379,selfplay_eval,0.0509499999999937,1,90,91
2025-11-27T08:46:31.830587+00:00,selfplay_eval,1,2380,selfplay_eval,0.0509499999999937,1,89,90
2025-11-27T08:46:31.830716+00:00,selfplay_eval,1,2381,selfplay_eval,0.0509499999999937,0,82,82
2025-11-27T08:46:31.830843+00:00,selfplay_eval,1,2382,selfplay_eval,0.0509499999999937,0,91,91
2025-11-27T08:46:31.830969+00:00,selfplay_eval,1,2383,selfplay_eval,0.0509499999999937,1,94,95
2025-11-27T08:46:31.831095+00:00,selfplay_eval,1,2384,selfplay_eval,0.0509499999999937,1,90,91
2025-11-27T08:46:31.831225+00:00,selfplay_eval,1,2385,selfplay_eval,0.0509499999999937,0,99,99
2025-11-27T08:46:31.831352+00:00,selfplay_eval,1,2386,selfplay_eval,0.0509499999999937,1,95,96
2025-11-27T08:46:31.831539+00:00,selfplay_eval,1,2387,selfplay_eval,0.0509499999999937,1,86,87
2025-11-27T08:46:31.831687+00:00,selfplay_eval,1,2388,selfplay_eval,0.0509499999999937,1,72,73
2025-11-27T08:46:31.831822+00:00,selfplay_eval,1,2389,selfplay_eval,0.0509499999999937,0,86,86
2025-11-27T08:46:31.831954+00:00,selfplay_eval,1,2390,selfplay_eval,0.0509499999999937,1,99,100
2025-11-27T08:46:31.832084+00:00,selfplay_eval,1,2391,selfplay_eval,0.0509499999999937,0,90,90
2025-11-27T08:46:31.832211+00:00,selfplay_eval,1,2392,selfplay_eval,0.0509499999999937,0,95,95
2025-11-27T08:46:31.832337+00:00,selfplay_eval,1,2393,selfplay_eval,0.0509499999999937,1,99,100
2025-11-27T08:46:31.832462+00:00,selfplay_eval,1,2394,selfplay_eval,0.0509499999999937,0,89,89
2025-11-27T08:46:31.832586+00:00,selfplay_eval,1,2395,selfplay_eval,0.0509499999999937,1,90,91
2025-11-27T08:46:31.832710+00:00,selfplay_eval,1,2396,selfplay_eval,0.0509499999999937,0,76,76
2025-11-27T08:46:31.832838+00:00,selfplay_eval,1,2397,selfplay_eval,0.0509499999999937,1,95,96
2025-11-27T08:46:31.832962+00:00,selfplay_eval,1,2398,selfplay_eval,0.0509499999999937,1,92,93
2025-11-27T08:46:31.833087+00:00,selfplay_eval,1,2399,selfplay_eval,0.0509499999999937,0,95,95
2025-11-27T08:46:31.833211+00:00,selfplay_eval,1,2400,selfplay_eval,0.0509499999999937,1,79,80
2025-11-27T08:46:31.833334+00:00,selfplay_eval,1,2401,selfplay_eval,0.0509499999999937,1,97,98
2025-11-27T08:46:31.833458+00:00,selfplay_eval,1,2402,selfplay_eval,0.0509499999999937,1,90,91
2025-11-27T08:46:31.833581+00:00,selfplay_eval,1,2403,selfplay_eval,0.0509499999999937,1,97,98
2025-11-27T08:46:31.833705+00:00,selfplay_eval,1,2404,selfplay_eval,0.0509499999999937,0,86,86
2025-11-27T08:46:31.833830+00:00,selfplay_eval,1,2405,selfplay_eval,0.0509499999999937,1,91,92
2025-11-27T08:46:31.833954+00:00,selfplay_eval,1,2406,selfplay_eval,0.0509499999999937,1,94,95
2025-11-27T08:46:31.834078+00:00,selfplay_eval,1,2407,selfplay_eval,0.0509499999999937,0,96,96
2025-11-27T08:46:31.834201+00:00,selfplay_eval,1,2408,selfplay_eval,0.0509499999999937,1,93,94
2025-11-27T08:46:31.834325+00:00,selfplay_eval,1,2409,selfplay_eval,0.0509499999999937,1,86,87
2025-11-27T08:46:31.834448+00:00,selfplay_eval,1,2410,selfplay_eval,0.0509499999999937,1,98,99
2025-11-27T08:46:31.834572+00:00,selfplay_eval,1,2411,selfplay_eval,0.0509499999999937,1,92,93
2025-11-27T08:46:31.834696+00:00,selfplay_eval,1,2412,selfplay_eval,0.0509499999999937,1,86,87
2025-11-27T08:46:31.834819+00:00,selfplay_eval,1,2413,selfplay_eval,0.0509499999999937,1,95,96
2025-11-27T08:46:31.834942+00:00,selfplay_eval,1,2414,selfplay_eval,0.0509499999999937,1,93,94
2025-11-27T08:46:31.835066+00:00,selfplay_eval,1,2415,selfplay_eval,0.0509499999999937,1,94,95
2025-11-27T08:46:31.835189+00:00,selfplay_eval,1,2416,selfplay_eval,0.0509499999999937,0,92,92
2025-11-27T08:46:31.835312+00:00,selfplay_eval,1,2417,selfplay_eval,0.0509499999999937,0,89,89
2025-11-27T08:46:31.835435+00:00,selfplay_eval,1,2418,selfplay_eval,0.0509499999999937,0,96,96
2025-11-27T08:46:31.835559+00:00,selfplay_eval,1,2419,selfplay_eval,0.0509499999999937,1,84,85
2025-11-27T08:46:31.835682+00:00,selfplay_eval,1,2420,selfplay_eval,0.0509499999999937,0,98,98
2025-11-27T08:46:31.835806+00:00,selfplay_eval,1,2421,selfplay_eval,0.0509499999999937,0,85,85
2025-11-27T08:46:31.835929+00:00,selfplay_eval,1,2422,selfplay_eval,0.0509499999999937,1,95,96
2025-11-27T08:46:31.836052+00:00,selfplay_eval,1,2423,selfplay_eval,0.0509499999999937,0,95,95
2025-11-27T08:46:31.836176+00:00,selfplay_eval,1,2424,selfplay_eval,0.0509499999999937,1,89,90
2025-11-27T08:46:31.836299+00:00,selfplay_eval,1,2425,selfplay_eval,0.0509499999999937,0,94,94
2025-11-27T08:46:31.836421+00:00,selfplay_eval,1,2426,selfplay_eval,0.0509499999999937,0,86,86
2025-11-27T08:46:31.836545+00:00,selfplay_eval,1,2427,selfplay_eval,0.0509499999999937,1,96,97
2025-11-27T08:46:31.836671+00:00,selfplay_eval,1,2428,selfplay_eval,0.0509499999999937,0,96,96
2025-11-27T08:46:31.836795+00:00,selfplay_eval,1,2429,selfplay_eval,0.0509499999999937,0,91,91
2025-11-27T08:46:31.836919+00:00,selfplay_eval,1,2430,selfplay_eval,0.0509499999999937,1,83,84
2025-11-27T08:46:31.837043+00:00,selfplay_eval,1,2431,selfplay_eval,0.0509499999999937,1,84,85
2025-11-27T08:46:31.837167+00:00,selfplay_eval,1,2432,selfplay_eval,0.0509499999999937,1,93,94
2025-11-27T08:46:31.837290+00:00,selfplay_eval,1,2433,selfplay_eval,0.0509499999999937,1,96,97
2025-11-27T08:46:31.837413+00:00,selfplay_eval,1,2434,selfplay_eval,0.0509499999999937,1,82,83
2025-11-27T08:46:31.837536+00:00,selfplay_eval,1,2435,selfplay_eval,0.0509499999999937,0,93,93
2025-11-27T08:46:31.837659+00:00,selfplay_eval,1,2436,selfplay_eval,0.0509499999999937,1,85,86
2025-11-27T08:46:31.837782+00:00,selfplay_eval,1,2437,selfplay_eval,0.0509499999999937,1,93,94
2025-11-27T08:46:31.837906+00:00,selfplay_eval,1,2438,selfplay_eval,0.0509499999999937,1,86,87
2025-11-27T08:46:31.838041+00:00,selfplay_eval,1,2439,selfplay_eval,0.0509499999999937,1,92,93
2025-11-27T08:46:31.838160+00:00,selfplay_eval,1,2440,selfplay_eval,0.0509499999999937,1,93,94
2025-11-27T08:46:31.838279+00:00,selfplay_eval,1,2441,selfplay_eval,0.0509499999999937,1,94,95
2025-11-27T08:46:31.838399+00:00,selfplay_eval,1,2442,selfplay_eval,0.0509499999999937,0,97,97
2025-11-27T08:46:31.838518+00:00,selfplay_eval,1,2443,selfplay_eval,0.0509499999999937,1,93,94
2025-11-27T08:46:31.838642+00:00,selfplay_eval,1,2444,selfplay_eval,0.0509499999999937,0,87,87
2025-11-27T08:46:31.838762+00:00,selfplay_eval,1,2445,selfplay_eval,0.0509499999999937,1,94,95
2025-11-27T08:46:31.838881+00:00,selfplay_eval,1,2446,selfplay_eval,0.0509499999999937,0,92,92
2025-11-27T08:46:31.839000+00:00,selfplay_eval,1,2447,selfplay_eval,0.0509499999999937,1,86,87
2025-11-27T08:46:31.839119+00:00,selfplay_eval,1,2448,selfplay_eval,0.0509499999999937,1,81,82
2025-11-27T08:46:31.839238+00:00,selfplay_eval,1,2449,selfplay_eval,0.0509499999999937,0,97,97
2025-11-27T08:46:31.839358+00:00,selfplay_eval,1,2450,selfplay_eval,0.0509499999999937,1,92,93
2025-11-27T08:46:31.839481+00:00,selfplay_eval,1,2451,selfplay_eval,0.0509499999999937,0,98,98
2025-11-27T08:46:31.839600+00:00,selfplay_eval,1,2452,selfplay_eval,0.0509499999999937,1,97,98
2025-11-27T08:46:31.839720+00:00,selfplay_eval,1,2453,selfplay_eval,0.0509499999999937,1,89,90
2025-11-27T08:46:31.839839+00:00,selfplay_eval,1,2454,selfplay_eval,0.0509499999999937,0,86,86
2025-11-27T08:46:31.839959+00:00,selfplay_eval,1,2455,selfplay_eval,0.0509499999999937,0,94,94
2025-11-27T08:46:31.840078+00:00,selfplay_eval,1,2456,selfplay_eval,0.0509499999999937,0,97,97
2025-11-27T08:46:31.840197+00:00,selfplay_eval,1,2457,selfplay_eval,0.0509499999999937,1,98,99
2025-11-27T08:46:31.840317+00:00,selfplay_eval,1,2458,selfplay_eval,0.0509499999999937,0,90,90
2025-11-27T08:46:31.840485+00:00,selfplay_eval,1,2459,selfplay_eval,0.0509499999999937,0,95,95
2025-11-27T08:46:31.840652+00:00,selfplay_eval,1,2460,selfplay_eval,0.0509499999999937,0,84,84
2025-11-27T08:46:31.840795+00:00,selfplay_eval,1,2461,selfplay_eval,0.0509499999999937,0,87,87
2025-11-27T08:46:31.840934+00:00,selfplay_eval,1,2462,selfplay_eval,0.0509499999999937,1,99,100
2025-11-27T08:46:31.841069+00:00,selfplay_eval,1,2463,selfplay_eval,0.0509499999999937,1,99,100
2025-11-27T08:46:31.841211+00:00,selfplay_eval,1,2464,selfplay_eval,0.0509499999999937,1,89,90
2025-11-27T08:46:31.841382+00:00,selfplay_eval,1,2465,selfplay_eval,0.0509499999999937,1,97,98
2025-11-27T08:46:31.841545+00:00,selfplay_eval,1,2466,selfplay_eval,0.0509499999999937,0,99,99
2025-11-27T08:46:31.841681+00:00,selfplay_eval,1,2467,selfplay_eval,0.0509499999999937,0,99,99
2025-11-27T08:46:31.841858+00:00,selfplay_eval,1,2468,selfplay_eval,0.0509499999999937,0,91,91
2025-11-27T08:46:31.842000+00:00,selfplay_eval,1,2469,selfplay_eval,0.0509499999999937,1,92,93
2025-11-27T08:46:31.842133+00:00,selfplay_eval,1,2470,selfplay_eval,0.0509499999999937,1,94,95
2025-11-27T08:46:31.842264+00:00,selfplay_eval,1,2471,selfplay_eval,0.0509499999999937,1,97,98
2025-11-27T08:46:31.842389+00:00,selfplay_eval,1,2472,selfplay_eval,0.0509499999999937,1,97,98
2025-11-27T08:46:31.842512+00:00,selfplay_eval,1,2473,selfplay_eval,0.0509499999999937,1,88,89
2025-11-27T08:46:31.842635+00:00,selfplay_eval,1,2474,selfplay_eval,0.0509499999999937,1,88,89
2025-11-27T08:46:31.842757+00:00,selfplay_eval,1,2475,selfplay_eval,0.0509499999999937,1,99,100
2025-11-27T08:46:31.842878+00:00,selfplay_eval,1,2476,selfplay_eval,0.0509499999999937,0,93,93
2025-11-27T08:46:31.842999+00:00,selfplay_eval,1,2477,selfplay_eval,0.0509499999999937,0,83,83
2025-11-27T08:46:31.843118+00:00,selfplay_eval,1,2478,selfplay_eval,0.0509499999999937,1,89,90
2025-11-27T08:46:31.843238+00:00,selfplay_eval,1,2479,selfplay_eval,0.0509499999999937,0,82,82
2025-11-27T08:46:31.843359+00:00,selfplay_eval,1,2480,selfplay_eval,0.0509499999999937,1,98,99
2025-11-27T08:46:31.843479+00:00,selfplay_eval,1,2481,selfplay_eval,0.0509499999999937,1,92,93
2025-11-27T08:46:31.843599+00:00,selfplay_eval,1,2482,selfplay_eval,0.0509499999999937,0,94,94
2025-11-27T08:46:31.843720+00:00,selfplay_eval,1,2483,selfplay_eval,0.0509499999999937,1,89,90
2025-11-27T08:46:31.843840+00:00,selfplay_eval,1,2484,selfplay_eval,0.0509499999999937,0,97,97
2025-11-27T08:46:31.843973+00:00,selfplay_eval,1,2485,selfplay_eval,0.0509499999999937,0,90,90
2025-11-27T08:46:31.844088+00:00,selfplay_eval,1,2486,selfplay_eval,0.0509499999999937,1,98,99
2025-11-27T08:46:31.844204+00:00,selfplay_eval,1,2487,selfplay_eval,0.0509499999999937,1,86,87
2025-11-27T08:46:31.844320+00:00,selfplay_eval,1,2488,selfplay_eval,0.0509499999999937,1,95,96
2025-11-27T08:46:31.844435+00:00,selfplay_eval,1,2489,selfplay_eval,0.0509499999999937,1,97,98
2025-11-27T08:46:31.844550+00:00,selfplay_eval,1,2490,selfplay_eval,0.0509499999999937,1,88,89
2025-11-27T08:46:31.844666+00:00,selfplay_eval,1,2491,selfplay_eval,0.0509499999999937,1,89,90
2025-11-27T08:46:31.844782+00:00,selfplay_eval,1,2492,selfplay_eval,0.0509499999999937,1,99,100
2025-11-27T08:46:31.844899+00:00,selfplay_eval,1,2493,selfplay_eval,0.0509499999999937,0,88,88
2025-11-27T08:46:31.845027+00:00,selfplay_eval,1,2494,selfplay_eval,0.0509499999999937,1,90,91
2025-11-27T08:46:31.845141+00:00,selfplay_eval,1,2495,selfplay_eval,0.0509499999999937,0,91,91
2025-11-27T08:46:31.845253+00:00,selfplay_eval,1,2496,selfplay_eval,0.0509499999999937,1,96,97
2025-11-27T08:46:31.845366+00:00,selfplay_eval,1,2497,selfplay_eval,0.0509499999999937,1,97,98
2025-11-27T08:46:31.845479+00:00,selfplay_eval,1,2498,selfplay_eval,0.0509499999999937,1,88,89
2025-11-27T08:46:31.845630+00:00,selfplay_eval,1,2499,selfplay_eval,0.0509499999999937,0,90,90
2025-11-27T08:46:31.845748+00:00,selfplay_eval,1,2500,selfplay_eval,0.0509499999999937,1,94,95
2025-11-27T08:46:31.845861+00:00,selfplay_eval,1,2501,selfplay_eval,0.0509499999999937,1,84,85
2025-11-27T08:46:31.845987+00:00,selfplay_eval,1,2502,selfplay_eval,0.0509499999999937,0,85,85
2025-11-27T08:46:31.846097+00:00,selfplay_eval,1,2503,selfplay_eval,0.0509499999999937,1,94,95
2025-11-27T08:46:31.846207+00:00,selfplay_eval,1,2504,selfplay_eval,0.0509499999999937,0,95,95
2025-11-27T08:46:31.846316+00:00,selfplay_eval,1,2505,selfplay_eval,0.0509499999999937,1,93,94
2025-11-27T08:46:31.846426+00:00,selfplay_eval,1,2506,selfplay_eval,0.0509499999999937,0,89,89
2025-11-27T08:46:31.846535+00:00,selfplay_eval,1,2507,selfplay_eval,0.0509499999999937,1,93,94
2025-11-27T08:46:31.846645+00:00,selfplay_eval,1,2508,selfplay_eval,0.0509499999999937,1,94,95
2025-11-27T08:46:31.846755+00:00,selfplay_eval,1,2509,selfplay_eval,0.0509499999999937,1,82,83
2025-11-27T08:46:31.846864+00:00,selfplay_eval,1,2510,selfplay_eval,0.0509499999999937,1,96,97
2025-11-27T08:46:31.846986+00:00,selfplay_eval,1,2511,selfplay_eval,0.0509499999999937,0,95,95
2025-11-27T08:46:31.847093+00:00,selfplay_eval,1,2512,selfplay_eval,0.0509499999999937,0,90,90
2025-11-27T08:46:31.847223+00:00,selfplay_eval,1,2513,selfplay_eval,0.0509499999999937,0,94,94
2025-11-27T08:46:31.847333+00:00,selfplay_eval,1,2514,selfplay_eval,0.0509499999999937,1,99,100
2025-11-27T08:46:31.847493+00:00,selfplay_eval,1,2515,selfplay_eval,0.0509499999999937,0,96,96
2025-11-27T08:46:31.847621+00:00,selfplay_eval,1,2516,selfplay_eval,0.0509499999999937,1,99,100
2025-11-27T08:46:31.847739+00:00,selfplay_eval,1,2517,selfplay_eval,0.0509499999999937,1,96,97
2025-11-27T08:46:31.847853+00:00,selfplay_eval,1,2518,selfplay_eval,0.0509499999999937,0,95,95
2025-11-27T08:46:31.847977+00:00,selfplay_eval,1,2519,selfplay_eval,0.0509499999999937,1,82,83
2025-11-27T08:46:31.848084+00:00,selfplay_eval,1,2520,selfplay_eval,0.0509499999999937,0,95,95
2025-11-27T08:46:31.848191+00:00,selfplay_eval,1,2521,selfplay_eval,0.0509499999999937,1,99,100
2025-11-27T08:46:31.848297+00:00,selfplay_eval,1,2522,selfplay_eval,0.0509499999999937,0,88,88
2025-11-27T08:46:31.848402+00:00,selfplay_eval,1,2523,selfplay_eval,0.0509499999999937,1,98,99
2025-11-27T08:46:31.848507+00:00,selfplay_eval,1,2524,selfplay_eval,0.0509499999999937,1,94,95
2025-11-27T08:46:31.848611+00:00,selfplay_eval,1,2525,selfplay_eval,0.0509499999999937,0,93,93
2025-11-27T08:46:31.848716+00:00,selfplay_eval,1,2526,selfplay_eval,0.0509499999999937,1,90,91
2025-11-27T08:46:31.848821+00:00,selfplay_eval,1,2527,selfplay_eval,0.0509499999999937,0,85,85
2025-11-27T08:46:31.848925+00:00,selfplay_eval,1,2528,selfplay_eval,0.0509499999999937,0,96,96
2025-11-27T08:46:31.849041+00:00,selfplay_eval,1,2529,selfplay_eval,0.0509499999999937,1,93,94
2025-11-27T08:46:31.849143+00:00,selfplay_eval,1,2530,selfplay_eval,0.0509499999999937,1,75,76
2025-11-27T08:46:31.849244+00:00,selfplay_eval,1,2531,selfplay_eval,0.0509499999999937,1,89,90
2025-11-27T08:46:31.849345+00:00,selfplay_eval,1,2532,selfplay_eval,0.0509499999999937,1,96,97
2025-11-27T08:46:31.849447+00:00,selfplay_eval,1,2533,selfplay_eval,0.0509499999999937,0,84,84
2025-11-27T08:46:31.849549+00:00,selfplay_eval,1,2534,selfplay_eval,0.0509499999999937,1,93,94
2025-11-27T08:46:31.849651+00:00,selfplay_eval,1,2535,selfplay_eval,0.0509499999999937,0,97,97
2025-11-27T08:46:31.849752+00:00,selfplay_eval,1,2536,selfplay_eval,0.0509499999999937,1,96,97
2025-11-27T08:46:31.849854+00:00,selfplay_eval,1,2537,selfplay_eval,0.0509499999999937,1,88,89
2025-11-27T08:46:31.849968+00:00,selfplay_eval,1,2538,selfplay_eval,0.0509499999999937,1,98,99
2025-11-27T08:46:31.850067+00:00,selfplay_eval,1,2539,selfplay_eval,0.0509499999999937,1,97,98
2025-11-27T08:46:31.850166+00:00,selfplay_eval,1,2540,selfplay_eval,0.0509499999999937,1,96,97
2025-11-27T08:46:31.850265+00:00,selfplay_eval,1,2541,selfplay_eval,0.0509499999999937,1,87,88
2025-11-27T08:46:31.850363+00:00,selfplay_eval,1,2542,selfplay_eval,0.0509499999999937,0,86,86
2025-11-27T08:46:31.850462+00:00,selfplay_eval,1,2543,selfplay_eval,0.0509499999999937,1,89,90
2025-11-27T08:46:31.850561+00:00,selfplay_eval,1,2544,selfplay_eval,0.0509499999999937,0,98,98
2025-11-27T08:46:31.850660+00:00,selfplay_eval,1,2545,selfplay_eval,0.0509499999999937,1,99,100
2025-11-27T08:46:31.850760+00:00,selfplay_eval,1,2546,selfplay_eval,0.0509499999999937,1,91,92
2025-11-27T08:46:31.850859+00:00,selfplay_eval,1,2547,selfplay_eval,0.0509499999999937,0,97,97
2025-11-27T08:46:31.850975+00:00,selfplay_eval,1,2548,selfplay_eval,0.0509499999999937,1,99,100
2025-11-27T08:46:31.851091+00:00,selfplay_eval,1,2549,selfplay_eval,0.0509499999999937,0,91,91
2025-11-27T08:46:31.851192+00:00,selfplay_eval,1,2550,selfplay_eval,0.0509499999999937,1,86,87
2025-11-27T08:46:31.851293+00:00,selfplay_eval,1,2551,selfplay_eval,0.0509499999999937,1,95,96
2025-11-27T08:46:31.851394+00:00,selfplay_eval,1,2552,selfplay_eval,0.0509499999999937,0,92,92
2025-11-27T08:46:31.851568+00:00,selfplay_eval,1,2553,selfplay_eval,0.0509499999999937,1,94,95
2025-11-27T08:46:31.851698+00:00,selfplay_eval,1,2554,selfplay_eval,0.0509499999999937,1,91,92
2025-11-27T08:46:31.851814+00:00,selfplay_eval,1,2555,selfplay_eval,0.0509499999999937,0,79,79
2025-11-27T08:46:31.851928+00:00,selfplay_eval,1,2556,selfplay_eval,0.0509499999999937,1,88,89
2025-11-27T08:46:31.852047+00:00,selfplay_eval,1,2557,selfplay_eval,0.0509499999999937,1,95,96
2025-11-27T08:46:31.852151+00:00,selfplay_eval,1,2558,selfplay_eval,0.0509499999999937,1,89,90
2025-11-27T08:46:31.852253+00:00,selfplay_eval,1,2559,selfplay_eval,0.0509499999999937,1,84,85
2025-11-27T08:46:31.852356+00:00,selfplay_eval,1,2560,selfplay_eval,0.0509499999999937,1,86,87
2025-11-27T08:46:31.852457+00:00,selfplay_eval,1,2561,selfplay_eval,0.0509499999999937,1,98,99
2025-11-27T08:46:31.852558+00:00,selfplay_eval,1,2562,selfplay_eval,0.0509499999999937,0,92,92
2025-11-27T08:46:31.852659+00:00,selfplay_eval,1,2563,selfplay_eval,0.0509499999999937,1,96,97
2025-11-27T08:46:31.852762+00:00,selfplay_eval,1,2564,selfplay_eval,0.0509499999999937,0,94,94
2025-11-27T08:46:31.852904+00:00,selfplay_eval,1,2565,selfplay_eval,0.0509499999999937,1,99,100
2025-11-27T08:46:31.853022+00:00,selfplay_eval,1,2566,selfplay_eval,0.0509499999999937,1,96,97
2025-11-27T08:46:31.853131+00:00,selfplay_eval,1,2567,selfplay_eval,0.0509499999999937,1,93,94
2025-11-27T08:46:31.853237+00:00,selfplay_eval,1,2568,selfplay_eval,0.0509499999999937,0,93,93
2025-11-27T08:46:31.853340+00:00,selfplay_eval,1,2569,selfplay_eval,0.0509499999999937,0,79,79
2025-11-27T08:46:31.853441+00:00,selfplay_eval,1,2570,selfplay_eval,0.0509499999999937,0,96,96
2025-11-27T08:46:31.853542+00:00,selfplay_eval,1,2571,selfplay_eval,0.0509499999999937,1,84,85
2025-11-27T08:46:31.853643+00:00,selfplay_eval,1,2572,selfplay_eval,0.0509499999999937,1,96,97
2025-11-27T08:46:31.853743+00:00,selfplay_eval,1,2573,selfplay_eval,0.0509499999999937,1,92,93
2025-11-27T08:46:31.853843+00:00,selfplay_eval,1,2574,selfplay_eval,0.0509499999999937,1,99,100
2025-11-27T08:46:31.853943+00:00,selfplay_eval,1,2575,selfplay_eval,0.0509499999999937,0,94,94
2025-11-27T08:46:31.854043+00:00,selfplay_eval,1,2576,selfplay_eval,0.0509499999999937,1,90,91
2025-11-27T08:46:31.854142+00:00,selfplay_eval,1,2577,selfplay_eval,0.0509499999999937,0,85,85
2025-11-27T08:46:31.854241+00:00,selfplay_eval,1,2578,selfplay_eval,0.0509499999999937,0,88,88
2025-11-27T08:46:31.854341+00:00,selfplay_eval,1,2579,selfplay_eval,0.0509499999999937,1,94,95
2025-11-27T08:46:31.854441+00:00,selfplay_eval,1,2580,selfplay_eval,0.0509499999999937,0,93,93
2025-11-27T08:46:31.854541+00:00,selfplay_eval,1,2581,selfplay_eval,0.0509499999999937,0,98,98
2025-11-27T08:46:31.854640+00:00,selfplay_eval,1,2582,selfplay_eval,0.0509499999999937,1,99,100
2025-11-27T08:46:31.854739+00:00,selfplay_eval,1,2583,selfplay_eval,0.0509499999999937,1,89,90
2025-11-27T08:46:31.854838+00:00,selfplay_eval,1,2584,selfplay_eval,0.0509499999999937,0,84,84
2025-11-27T08:46:31.854937+00:00,selfplay_eval,1,2585,selfplay_eval,0.0509499999999937,0,93,93
2025-11-27T08:46:31.855035+00:00,selfplay_eval,1,2586,selfplay_eval,0.0509499999999937,1,89,90
2025-11-27T08:46:31.855135+00:00,selfplay_eval,1,2587,selfplay_eval,0.0509499999999937,1,92,93
2025-11-27T08:46:31.855234+00:00,selfplay_eval,1,2588,selfplay_eval,0.0509499999999937,0,90,90
2025-11-27T08:46:31.855333+00:00,selfplay_eval,1,2589,selfplay_eval,0.0509499999999937,0,82,82
2025-11-27T08:46:31.855432+00:00,selfplay_eval,1,2590,selfplay_eval,0.0509499999999937,1,94,95
2025-11-27T08:46:31.855532+00:00,selfplay_eval,1,2591,selfplay_eval,0.0509499999999937,1,91,92
2025-11-27T08:46:31.855631+00:00,selfplay_eval,1,2592,selfplay_eval,0.0509499999999937,1,94,95
2025-11-27T08:46:31.855729+00:00,selfplay_eval,1,2593,selfplay_eval,0.0509499999999937,1,87,88
2025-11-27T08:46:31.855828+00:00,selfplay_eval,1,2594,selfplay_eval,0.0509499999999937,0,94,94
2025-11-27T08:46:31.855927+00:00,selfplay_eval,1,2595,selfplay_eval,0.0509499999999937,1,93,94
2025-11-27T08:46:31.856025+00:00,selfplay_eval,1,2596,selfplay_eval,0.0509499999999937,1,82,83
2025-11-27T08:46:31.856123+00:00,selfplay_eval,1,2597,selfplay_eval,0.0509499999999937,1,82,83
2025-11-27T08:46:31.856222+00:00,selfplay_eval,1,2598,selfplay_eval,0.0509499999999937,1,93,94
2025-11-27T08:46:31.856324+00:00,selfplay_eval,1,2599,selfplay_eval,0.0509499999999937,0,77,77
2025-11-27T08:46:31.856423+00:00,selfplay_eval,1,2600,selfplay_eval,0.0509499999999937,0,93,93
2025-11-27T08:46:31.856521+00:00,selfplay_eval,1,2601,selfplay_eval,0.0509499999999937,0,80,80
2025-11-27T08:46:31.856620+00:00,selfplay_eval,1,2602,selfplay_eval,0.0509499999999937,1,97,98
2025-11-27T08:46:31.856719+00:00,selfplay_eval,1,2603,selfplay_eval,0.0509499999999937,0,99,99
2025-11-27T08:46:31.856818+00:00,selfplay_eval,1,2604,selfplay_eval,0.0509499999999937,1,87,88
2025-11-27T08:46:31.856917+00:00,selfplay_eval,1,2605,selfplay_eval,0.0509499999999937,0,99,99
2025-11-27T08:46:31.857015+00:00,selfplay_eval,1,2606,selfplay_eval,0.0509499999999937,1,94,95
2025-11-27T08:46:31.857113+00:00,selfplay_eval,1,2607,selfplay_eval,0.0509499999999937,0,98,98
2025-11-27T08:46:31.857211+00:00,selfplay_eval,1,2608,selfplay_eval,0.0509499999999937,1,99,100
2025-11-27T08:46:31.857310+00:00,selfplay_eval,1,2609,selfplay_eval,0.0509499999999937,1,95,96
2025-11-27T08:46:31.857409+00:00,selfplay_eval,1,2610,selfplay_eval,0.0509499999999937,0,84,84
2025-11-27T08:46:31.857508+00:00,selfplay_eval,1,2611,selfplay_eval,0.0509499999999937,0,82,82
2025-11-27T08:46:31.857607+00:00,selfplay_eval,1,2612,selfplay_eval,0.0509499999999937,1,94,95
2025-11-27T08:46:31.857705+00:00,selfplay_eval,1,2613,selfplay_eval,0.0509499999999937,1,94,95
2025-11-27T08:46:31.857804+00:00,selfplay_eval,1,2614,selfplay_eval,0.0509499999999937,1,93,94
2025-11-27T08:46:31.857903+00:00,selfplay_eval,1,2615,selfplay_eval,0.0509499999999937,1,78,79
2025-11-27T08:46:31.858002+00:00,selfplay_eval,1,2616,selfplay_eval,0.0509499999999937,0,93,93
2025-11-27T08:46:31.858100+00:00,selfplay_eval,1,2617,selfplay_eval,0.0509499999999937,1,88,89
2025-11-27T08:46:31.858199+00:00,selfplay_eval,1,2618,selfplay_eval,0.0509499999999937,1,86,87
2025-11-27T08:46:31.858298+00:00,selfplay_eval,1,2619,selfplay_eval,0.0509499999999937,1,93,94
2025-11-27T08:46:31.858397+00:00,selfplay_eval,1,2620,selfplay_eval,0.0509499999999937,1,86,87
2025-11-27T08:46:31.858496+00:00,selfplay_eval,1,2621,selfplay_eval,0.0509499999999937,0,89,89
2025-11-27T08:46:31.858594+00:00,selfplay_eval,1,2622,selfplay_eval,0.0509499999999937,1,97,98
2025-11-27T08:46:31.858692+00:00,selfplay_eval,1,2623,selfplay_eval,0.0509499999999937,0,89,89
2025-11-27T08:46:31.858791+00:00,selfplay_eval,1,2624,selfplay_eval,0.0509499999999937,0,89,89
2025-11-27T08:46:31.858890+00:00,selfplay_eval,1,2625,selfplay_eval,0.0509499999999937,1,90,91
2025-11-27T08:46:31.858988+00:00,selfplay_eval,1,2626,selfplay_eval,0.0509499999999937,1,96,97
2025-11-27T08:46:31.859087+00:00,selfplay_eval,1,2627,selfplay_eval,0.0509499999999937,0,93,93
2025-11-27T08:46:31.859185+00:00,selfplay_eval,1,2628,selfplay_eval,0.0509499999999937,0,92,92
2025-11-27T08:46:31.859284+00:00,selfplay_eval,1,2629,selfplay_eval,0.0509499999999937,0,86,86
2025-11-27T08:46:31.859383+00:00,selfplay_eval,1,2630,selfplay_eval,0.0509499999999937,1,95,96
2025-11-27T08:46:31.859481+00:00,selfplay_eval,1,2631,selfplay_eval,0.0509499999999937,0,93,93
2025-11-27T08:46:31.859579+00:00,selfplay_eval,1,2632,selfplay_eval,0.0509499999999937,0,91,91
2025-11-27T08:46:31.859678+00:00,selfplay_eval,1,2633,selfplay_eval,0.0509499999999937,1,92,93
2025-11-27T08:46:31.859777+00:00,selfplay_eval,1,2634,selfplay_eval,0.0509499999999937,0,98,98
2025-11-27T08:46:31.859876+00:00,selfplay_eval,1,2635,selfplay_eval,0.0509499999999937,0,91,91
2025-11-27T08:46:31.859975+00:00,selfplay_eval,1,2636,selfplay_eval,0.0509499999999937,1,99,100
2025-11-27T08:46:31.860073+00:00,selfplay_eval,1,2637,selfplay_eval,0.0509499999999937,0,89,89
2025-11-27T08:46:31.860172+00:00,selfplay_eval,1,2638,selfplay_eval,0.0509499999999937,0,94,94
2025-11-27T08:46:31.860270+00:00,selfplay_eval,1,2639,selfplay_eval,0.0509499999999937,1,91,92
2025-11-27T08:46:31.860368+00:00,selfplay_eval,1,2640,selfplay_eval,0.0509499999999937,1,76,77
2025-11-27T08:46:31.860470+00:00,selfplay_eval,1,2641,selfplay_eval,0.0509499999999937,0,98,98
2025-11-27T08:46:31.860569+00:00,selfplay_eval,1,2642,selfplay_eval,0.0509499999999937,1,97,98
2025-11-27T08:46:31.860673+00:00,selfplay_eval,1,2643,selfplay_eval,0.0509499999999937,0,93,93
2025-11-27T08:46:31.860772+00:00,selfplay_eval,1,2644,selfplay_eval,0.0509499999999937,1,94,95
2025-11-27T08:46:31.860871+00:00,selfplay_eval,1,2645,selfplay_eval,0.0509499999999937,1,93,94
2025-11-27T08:46:31.861012+00:00,selfplay_eval,1,2646,selfplay_eval,0.0509499999999937,1,96,97
2025-11-27T08:46:31.861110+00:00,selfplay_eval,1,2647,selfplay_eval,0.0509499999999937,1,95,96
2025-11-27T08:46:31.861209+00:00,selfplay_eval,1,2648,selfplay_eval,0.0509499999999937,1,92,93
2025-11-27T08:46:31.861307+00:00,selfplay_eval,1,2649,selfplay_eval,0.0509499999999937,1,84,85
2025-11-27T08:46:31.861406+00:00,selfplay_eval,1,2650,selfplay_eval,0.0509499999999937,1,97,98
2025-11-27T08:46:31.861511+00:00,selfplay_eval,1,2651,selfplay_eval,0.0509499999999937,0,83,83
2025-11-27T08:46:31.861610+00:00,selfplay_eval,1,2652,selfplay_eval,0.0509499999999937,0,85,85
2025-11-27T08:46:31.861709+00:00,selfplay_eval,1,2653,selfplay_eval,0.0509499999999937,0,92,92
2025-11-27T08:46:31.861808+00:00,selfplay_eval,1,2654,selfplay_eval,0.0509499999999937,0,98,98
2025-11-27T08:46:31.861907+00:00,selfplay_eval,1,2655,selfplay_eval,0.0509499999999937,0,97,97
2025-11-27T08:46:31.862005+00:00,selfplay_eval,1,2656,selfplay_eval,0.0509499999999937,0,93,93
2025-11-27T08:46:31.862206+00:00,selfplay_eval,1,2657,selfplay_eval,0.0509499999999937,1,93,94
2025-11-27T08:46:31.862330+00:00,selfplay_eval,1,2658,selfplay_eval,0.0509499999999937,1,90,91
2025-11-27T08:46:31.862445+00:00,selfplay_eval,1,2659,selfplay_eval,0.0509499999999937,1,94,95
2025-11-27T08:46:31.862575+00:00,selfplay_eval,1,2660,selfplay_eval,0.0509499999999937,0,91,91
2025-11-27T08:46:31.862683+00:00,selfplay_eval,1,2661,selfplay_eval,0.0509499999999937,0,87,87
2025-11-27T08:46:31.862811+00:00,selfplay_eval,1,2662,selfplay_eval,0.0509499999999937,1,94,95
2025-11-27T08:46:31.862917+00:00,selfplay_eval,1,2663,selfplay_eval,0.0509499999999937,0,94,94
2025-11-27T08:46:31.863043+00:00,selfplay_eval,1,2664,selfplay_eval,0.0509499999999937,1,97,98
2025-11-27T08:46:31.863148+00:00,selfplay_eval,1,2665,selfplay_eval,0.0509499999999937,1,87,88
2025-11-27T08:46:31.863325+00:00,selfplay_eval,1,2666,selfplay_eval,0.0509499999999937,0,80,80
2025-11-27T08:46:31.863433+00:00,selfplay_eval,1,2667,selfplay_eval,0.0509499999999937,1,93,94
2025-11-27T08:46:31.863537+00:00,selfplay_eval,1,2668,selfplay_eval,0.0509499999999937,1,95,96
2025-11-27T08:46:31.863662+00:00,selfplay_eval,1,2669,selfplay_eval,0.0509499999999937,1,97,98
2025-11-27T08:46:31.863769+00:00,selfplay_eval,1,2670,selfplay_eval,0.0509499999999937,0,93,93
2025-11-27T08:46:31.863923+00:00,selfplay_eval,1,2671,selfplay_eval,0.0509499999999937,0,95,95
2025-11-27T08:46:31.864043+00:00,selfplay_eval,1,2672,selfplay_eval,0.0509499999999937,0,99,99
2025-11-27T08:46:31.864152+00:00,selfplay_eval,1,2673,selfplay_eval,0.0509499999999937,1,99,100
2025-11-27T08:46:31.864258+00:00,selfplay_eval,1,2674,selfplay_eval,0.0509499999999937,1,99,100
2025-11-27T08:46:31.864363+00:00,selfplay_eval,1,2675,selfplay_eval,0.0509499999999937,1,82,83
2025-11-27T08:46:31.864466+00:00,selfplay_eval,1,2676,selfplay_eval,0.0509499999999937,1,86,87
2025-11-27T08:46:31.864567+00:00,selfplay_eval,1,2677,selfplay_eval,0.0509499999999937,1,94,95
2025-11-27T08:46:31.864668+00:00,selfplay_eval,1,2678,selfplay_eval,0.0509499999999937,0,84,84
2025-11-27T08:46:31.864769+00:00,selfplay_eval,1,2679,selfplay_eval,0.0509499999999937,0,84,84
2025-11-27T08:46:31.864869+00:00,selfplay_eval,1,2680,selfplay_eval,0.0509499999999937,0,91,91
2025-11-27T08:46:31.864973+00:00,selfplay_eval,1,2681,selfplay_eval,0.0509499999999937,1,85,86
2025-11-27T08:46:31.865073+00:00,selfplay_eval,1,2682,selfplay_eval,0.0509499999999937,1,95,96
2025-11-27T08:46:31.865174+00:00,selfplay_eval,1,2683,selfplay_eval,0.0509499999999937,0,91,91
2025-11-27T08:46:31.865277+00:00,selfplay_eval,1,2684,selfplay_eval,0.0509499999999937,1,97,98
2025-11-27T08:46:31.865377+00:00,selfplay_eval,1,2685,selfplay_eval,0.0509499999999937,0,97,97
2025-11-27T08:46:31.865477+00:00,selfplay_eval,1,2686,selfplay_eval,0.0509499999999937,1,88,89
2025-11-27T08:46:31.865577+00:00,selfplay_eval,1,2687,selfplay_eval,0.0509499999999937,1,95,96
2025-11-27T08:46:31.865677+00:00,selfplay_eval,1,2688,selfplay_eval,0.0509499999999937,1,96,97
2025-11-27T08:46:31.865776+00:00,selfplay_eval,1,2689,selfplay_eval,0.0509499999999937,1,99,100
2025-11-27T08:46:31.865876+00:00,selfplay_eval,1,2690,selfplay_eval,0.0509499999999937,1,90,91
2025-11-27T08:46:31.865976+00:00,selfplay_eval,1,2691,selfplay_eval,0.0509499999999937,1,87,88
2025-11-27T08:46:31.866076+00:00,selfplay_eval,1,2692,selfplay_eval,0.0509499999999937,0,86,86
2025-11-27T08:46:31.866176+00:00,selfplay_eval,1,2693,selfplay_eval,0.0509499999999937,0,95,95
2025-11-27T08:46:31.866276+00:00,selfplay_eval,1,2694,selfplay_eval,0.0509499999999937,1,91,92
2025-11-27T08:46:31.866376+00:00,selfplay_eval,1,2695,selfplay_eval,0.0509499999999937,0,83,83
2025-11-27T08:46:31.866476+00:00,selfplay_eval,1,2696,selfplay_eval,0.0509499999999937,0,98,98
2025-11-27T08:46:31.866576+00:00,selfplay_eval,1,2697,selfplay_eval,0.0509499999999937,1,95,96
2025-11-27T08:46:31.866676+00:00,selfplay_eval,1,2698,selfplay_eval,0.0509499999999937,0,86,86
2025-11-27T08:46:31.866776+00:00,selfplay_eval,1,2699,selfplay_eval,0.0509499999999937,0,88,88
2025-11-27T08:46:31.866876+00:00,selfplay_eval,1,2700,selfplay_eval,0.0509499999999937,0,97,97
2025-11-27T08:49:51.899226+00:00,train,2,2701,self,0.0509499999999937,0,91,
2025-11-27T08:49:51.900393+00:00,train,2,2702,self,0.0509499999999937,0,99,
2025-11-27T08:49:51.900607+00:00,train,2,2703,self,0.0509499999999937,0,95,
2025-11-27T08:49:51.900791+00:00,train,2,2704,self,0.0509499999999937,0,96,
2025-11-27T08:49:51.900967+00:00,train,2,2705,self,0.0509499999999937,0,99,
2025-11-27T08:49:51.901139+00:00,train,2,2706,self,0.0509499999999937,0,100,
2025-11-27T08:49:51.901290+00:00,train,2,2707,self,0.0509499999999937,0,97,
2025-11-27T08:49:51.901437+00:00,train,2,2708,self,0.0509499999999937,0,97,
2025-11-27T08:49:51.901581+00:00,train,2,2709,self,0.0509499999999937,0,94,
2025-11-27T08:49:51.901726+00:00,train,2,2710,self,0.0509499999999937,0,100,
2025-11-27T08:49:51.901872+00:00,train,2,2711,self,0.0509499999999937,0,96,
2025-11-27T08:49:51.902016+00:00,train,2,2712,self,0.0509499999999937,0,96,
2025-11-27T08:49:51.902160+00:00,train,2,2713,self,0.0509499999999937,0,99,
2025-11-27T08:49:51.902305+00:00,train,2,2714,self,0.0509499999999937,0,100,
2025-11-27T08:49:51.902459+00:00,train,2,2715,self,0.0509499999999937,0,77,
2025-11-27T08:49:51.902605+00:00,train,2,2716,self,0.0509499999999937,0,99,
2025-11-27T08:49:51.902749+00:00,train,2,2717,self,0.0509499999999937,0,96,
2025-11-27T08:49:51.902894+00:00,train,2,2718,self,0.0509499999999937,0,98,
2025-11-27T08:49:51.903039+00:00,train,2,2719,self,0.0509499999999937,0,82,
2025-11-27T08:49:51.903184+00:00,train,2,2720,self,0.0509499999999937,0,95,
2025-11-27T08:49:51.903332+00:00,train,2,2721,self,0.0509499999999937,0,84,
2025-11-27T08:49:51.903476+00:00,train,2,2722,self,0.0509499999999937,0,98,
2025-11-27T08:49:51.903620+00:00,train,2,2723,self,0.0509499999999937,0,91,
2025-11-27T08:49:51.903763+00:00,train,2,2724,self,0.0509499999999937,0,100,
2025-11-27T08:49:51.903907+00:00,train,2,2725,self,0.0509499999999937,0,95,
2025-11-27T08:49:51.904050+00:00,train,2,2726,self,0.0509499999999937,0,100,
2025-11-27T08:49:51.904194+00:00,train,2,2727,self,0.0509499999999937,0,99,
2025-11-27T08:49:51.904338+00:00,train,2,2728,self,0.0509499999999937,0,100,
2025-11-27T08:49:51.904481+00:00,train,2,2729,self,0.0509499999999937,0,100,
2025-11-27T08:49:51.904624+00:00,train,2,2730,self,0.0509499999999937,0,100,
2025-11-27T08:49:51.904768+00:00,train,2,2731,self,0.0509499999999937,0,97,
2025-11-27T08:49:51.904911+00:00,train,2,2732,self,0.0509499999999937,0,99,
2025-11-27T08:49:51.905058+00:00,train,2,2733,self,0.0509499999999937,0,94,
2025-11-27T08:49:51.905202+00:00,train,2,2734,self,0.0509499999999937,0,100,
2025-11-27T08:49:51.905346+00:00,train,2,2735,self,0.0509499999999937,0,99,
2025-11-27T08:49:51.905488+00:00,train,2,2736,self,0.0509499999999937,0,100,
2025-11-27T08:49:51.905632+00:00,train,2,2737,self,0.0509499999999937,0,98,
2025-11-27T08:49:51.905777+00:00,train,2,2738,self,0.0509499999999937,0,98,
2025-11-27T08:49:51.905921+00:00,train,2,2739,self,0.0509499999999937,0,84,
2025-11-27T08:49:51.906064+00:00,train,2,2740,self,0.0509499999999937,0,100,
2025-11-27T08:49:51.906208+00:00,train,2,2741,self,0.0509499999999937,0,97,
2025-11-27T08:49:51.906351+00:00,train,2,2742,self,0.0509499999999937,0,100,
2025-11-27T08:49:51.906495+00:00,train,2,2743,self,0.0509499999999937,0,86,
2025-11-27T08:49:51.906639+00:00,train,2,2744,self,0.0509499999999937,0,87,
2025-11-27T08:49:51.906782+00:00,train,2,2745,self,0.0509499999999937,0,98,
2025-11-27T08:49:51.906926+00:00,train,2,2746,self,0.0509499999999937,0,99,
2025-11-27T08:49:51.907070+00:00,train,2,2747,self,0.0509499999999937,0,98,
2025-11-27T08:49:51.907213+00:00,train,2,2748,self,0.0509499999999937,0,100,
2025-11-27T08:49:51.907358+00:00,train,2,2749,self,0.0509499999999937,0,90,
2025-11-27T08:49:51.907502+00:00,train,2,2750,self,0.0509499999999937,0,94,
2025-11-27T08:49:51.907645+00:00,train,2,2751,self,0.0509499999999937,0,97,
2025-11-27T08:49:51.907789+00:00,train,2,2752,self,0.0509499999999937,0,100,
2025-11-27T08:49:51.907936+00:00,train,2,2753,self,0.0509499999999937,0,97,
2025-11-27T08:49:51.908080+00:00,train,2,2754,self,0.0509499999999937,0,99,
2025-11-27T08:49:51.908223+00:00,train,2,2755,self,0.0509499999999937,0,94,
2025-11-27T08:49:51.908367+00:00,train,2,2756,self,0.0509499999999937,0,100,
2025-11-27T08:49:51.908510+00:00,train,2,2757,self,0.0509499999999937,0,90,
2025-11-27T08:49:51.908654+00:00,train,2,2758,self,0.0509499999999937,0,93,
2025-11-27T08:49:51.908797+00:00,train,2,2759,self,0.0509499999999937,0,94,
2025-11-27T08:49:51.908941+00:00,train,2,2760,self,0.0509499999999937,0,99,
2025-11-27T08:49:51.909084+00:00,train,2,2761,self,0.0509499999999937,0,90,
2025-11-27T08:49:51.909228+00:00,train,2,2762,self,0.0509499999999937,0,100,
2025-11-27T08:49:51.909371+00:00,train,2,2763,self,0.0509499999999937,0,88,
2025-11-27T08:49:51.909515+00:00,train,2,2764,self,0.0509499999999937,0,96,
2025-11-27T08:49:51.909658+00:00,train,2,2765,self,0.0509499999999937,0,86,
2025-11-27T08:49:51.909801+00:00,train,2,2766,self,0.0509499999999937,0,95,
2025-11-27T08:49:51.909944+00:00,train,2,2767,self,0.0509499999999937,0,94,
2025-11-27T08:49:51.910088+00:00,train,2,2768,self,0.0509499999999937,0,100,
2025-11-27T08:49:51.910240+00:00,train,2,2769,self,0.0509499999999937,0,87,
2025-11-27T08:49:51.910392+00:00,train,2,2770,self,0.0509499999999937,0,97,
2025-11-27T08:49:51.910553+00:00,train,2,2771,self,0.0509499999999937,0,92,
2025-11-27T08:49:51.910694+00:00,train,2,2772,self,0.0509499999999937,0,97,
2025-11-27T08:49:51.910838+00:00,train,2,2773,self,0.0509499999999937,0,95,
2025-11-27T08:49:51.910980+00:00,train,2,2774,self,0.0509499999999937,0,99,
2025-11-27T08:49:51.911127+00:00,train,2,2775,self,0.0509499999999937,0,88,
2025-11-27T08:49:51.911269+00:00,train,2,2776,self,0.0509499999999937,0,100,
2025-11-27T08:49:51.911416+00:00,train,2,2777,self,0.0509499999999937,0,99,
2025-11-27T08:49:51.911559+00:00,train,2,2778,self,0.0509499999999937,0,100,
2025-11-27T08:49:51.911702+00:00,train,2,2779,self,0.0509499999999937,0,85,
2025-11-27T08:49:51.911843+00:00,train,2,2780,self,0.0509499999999937,0,95,
2025-11-27T08:49:51.911983+00:00,train,2,2781,self,0.0509499999999937,0,100,
2025-11-27T08:49:51.912123+00:00,train,2,2782,self,0.0509499999999937,0,100,
2025-11-27T08:49:51.912263+00:00,train,2,2783,self,0.0509499999999937,0,94,
2025-11-27T08:49:51.912404+00:00,train,2,2784,self,0.0509499999999937,0,97,
2025-11-27T08:49:51.912544+00:00,train,2,2785,self,0.0509499999999937,0,94,
2025-11-27T08:49:51.912687+00:00,train,2,2786,self,0.0509499999999937,0,100,
2025-11-27T08:49:51.912827+00:00,train,2,2787,self,0.0509499999999937,0,98,
2025-11-27T08:49:51.912968+00:00,train,2,2788,self,0.0509499999999937,0,99,
2025-11-27T08:49:51.913108+00:00,train,2,2789,self,0.0509499999999937,0,93,
2025-11-27T08:49:51.913247+00:00,train,2,2790,self,0.0509499999999937,0,100,
2025-11-27T08:49:51.913390+00:00,train,2,2791,self,0.0509499999999937,0,93,
2025-11-27T08:49:51.913529+00:00,train,2,2792,self,0.0509499999999937,0,95,
2025-11-27T08:49:51.913670+00:00,train,2,2793,self,0.0509499999999937,0,96,
2025-11-27T08:49:51.913811+00:00,train,2,2794,self,0.0509499999999937,0,99,
2025-11-27T08:49:51.913952+00:00,train,2,2795,self,0.0509499999999937,0,95,
2025-11-27T08:49:51.914091+00:00,train,2,2796,self,0.0509499999999937,0,100,
2025-11-27T08:49:51.914231+00:00,train,2,2797,self,0.0509499999999937,0,96,
2025-11-27T08:49:51.914372+00:00,train,2,2798,self,0.0509499999999937,0,99,
2025-11-27T08:49:51.914511+00:00,train,2,2799,self,0.0509499999999937,0,95,
2025-11-27T08:49:51.914658+00:00,train,2,2800,self,0.0509499999999937,0,99,
2025-11-27T08:49:51.914799+00:00,train,2,2801,self,0.0509499999999937,0,93,
2025-11-27T08:49:51.914940+00:00,train,2,2802,self,0.0509499999999937,0,99,
2025-11-27T08:49:51.915079+00:00,train,2,2803,self,0.0509499999999937,0,93,
2025-11-27T08:49:51.915218+00:00,train,2,2804,self,0.0509499999999937,0,98,
2025-11-27T08:49:51.915359+00:00,train,2,2805,self,0.0509499999999937,0,87,
2025-11-27T08:49:51.915499+00:00,train,2,2806,self,0.0509499999999937,0,99,
2025-11-27T08:49:51.915639+00:00,train,2,2807,self,0.0509499999999937,0,96,
2025-11-27T08:49:51.915779+00:00,train,2,2808,self,0.0509499999999937,0,99,
2025-11-27T08:49:51.915920+00:00,train,2,2809,self,0.0509499999999937,0,90,
2025-11-27T08:49:51.916062+00:00,train,2,2810,self,0.0509499999999937,0,93,
2025-11-27T08:49:51.916202+00:00,train,2,2811,self,0.0509499999999937,0,99,
2025-11-27T08:49:51.916343+00:00,train,2,2812,self,0.0509499999999937,0,100,
2025-11-27T08:49:51.916495+00:00,train,2,2813,self,0.0509499999999937,0,94,
2025-11-27T08:49:51.916631+00:00,train,2,2814,self,0.0509499999999937,0,100,
2025-11-27T08:49:51.916767+00:00,train,2,2815,self,0.0509499999999937,0,96,
2025-11-27T08:49:51.916904+00:00,train,2,2816,self,0.0509499999999937,0,100,
2025-11-27T08:49:51.917039+00:00,train,2,2817,self,0.0509499999999937,0,100,
2025-11-27T08:49:51.917177+00:00,train,2,2818,self,0.0509499999999937,0,100,
2025-11-27T08:49:51.917314+00:00,train,2,2819,self,0.0509499999999937,0,98,
2025-11-27T08:49:51.917449+00:00,train,2,2820,self,0.0509499999999937,0,99,
2025-11-27T08:49:51.917584+00:00,train,2,2821,self,0.0509499999999937,0,89,
2025-11-27T08:49:51.917721+00:00,train,2,2822,self,0.0509499999999937,0,94,
2025-11-27T08:49:51.917857+00:00,train,2,2823,self,0.0509499999999937,0,93,
2025-11-27T08:49:51.917993+00:00,train,2,2824,self,0.0509499999999937,0,98,
2025-11-27T08:49:51.918128+00:00,train,2,2825,self,0.0509499999999937,0,94,
2025-11-27T08:49:51.918264+00:00,train,2,2826,self,0.0509499999999937,0,98,
2025-11-27T08:49:51.918399+00:00,train,2,2827,self,0.0509499999999937,0,90,
2025-11-27T08:49:51.918533+00:00,train,2,2828,self,0.0509499999999937,0,97,
2025-11-27T08:49:51.918669+00:00,train,2,2829,self,0.0509499999999937,0,98,
2025-11-27T08:49:51.918805+00:00,train,2,2830,self,0.0509499999999937,0,99,
2025-11-27T08:49:51.918941+00:00,train,2,2831,self,0.0509499999999937,0,95,
2025-11-27T08:49:51.919078+00:00,train,2,2832,self,0.0509499999999937,0,100,
2025-11-27T08:49:51.919214+00:00,train,2,2833,self,0.0509499999999937,0,85,
2025-11-27T08:49:51.919349+00:00,train,2,2834,self,0.0509499999999937,0,94,
2025-11-27T08:49:51.919488+00:00,train,2,2835,self,0.0509499999999937,0,71,
2025-11-27T08:49:51.919624+00:00,train,2,2836,self,0.0509499999999937,0,100,
2025-11-27T08:49:51.919760+00:00,train,2,2837,self,0.0509499999999937,0,98,
2025-11-27T08:49:51.919896+00:00,train,2,2838,self,0.0509499999999937,0,98,
2025-11-27T08:49:51.920101+00:00,train,2,2839,self,0.0509499999999937,0,92,
2025-11-27T08:49:51.920237+00:00,train,2,2840,self,0.0509499999999937,0,96,
2025-11-27T08:49:51.920374+00:00,train,2,2841,self,0.0509499999999937,0,99,
2025-11-27T08:49:51.920513+00:00,train,2,2842,self,0.0509499999999937,0,100,
2025-11-27T08:49:51.920647+00:00,train,2,2843,self,0.0509499999999937,0,91,
2025-11-27T08:49:51.920781+00:00,train,2,2844,self,0.0509499999999937,0,92,
2025-11-27T08:49:51.920913+00:00,train,2,2845,self,0.0509499999999937,0,88,
2025-11-27T08:49:51.921045+00:00,train,2,2846,self,0.0509499999999937,0,99,
2025-11-27T08:49:51.921201+00:00,train,2,2847,self,0.0509499999999937,0,84,
2025-11-27T08:49:51.921340+00:00,train,2,2848,self,0.0509499999999937,0,95,
2025-11-27T08:49:51.921481+00:00,train,2,2849,self,0.0509499999999937,0,91,
2025-11-27T08:49:51.921626+00:00,train,2,2850,self,0.0509499999999937,0,100,
2025-11-27T08:49:51.921797+00:00,train,2,2851,self,0.0509499999999937,0,90,
2025-11-27T08:49:51.921977+00:00,train,2,2852,self,0.0509499999999937,0,100,
2025-11-27T08:49:51.922123+00:00,train,2,2853,self,0.0509499999999937,0,97,
2025-11-27T08:49:51.922259+00:00,train,2,2854,self,0.0509499999999937,0,100,
2025-11-27T08:49:51.922392+00:00,train,2,2855,self,0.0509499999999937,0,97,
2025-11-27T08:49:51.922521+00:00,train,2,2856,self,0.0509499999999937,0,100,
2025-11-27T08:49:51.922649+00:00,train,2,2857,self,0.0509499999999937,0,95,
2025-11-27T08:49:51.922776+00:00,train,2,2858,self,0.0509499999999937,0,96,
2025-11-27T08:49:51.922901+00:00,train,2,2859,self,0.0509499999999937,0,83,
2025-11-27T08:49:51.923027+00:00,train,2,2860,self,0.0509499999999937,0,100,
2025-11-27T08:49:51.923151+00:00,train,2,2861,self,0.0509499999999937,0,83,
2025-11-27T08:49:51.923277+00:00,train,2,2862,self,0.0509499999999937,0,100,
2025-11-27T08:49:51.923405+00:00,train,2,2863,self,0.0509499999999937,0,93,
2025-11-27T08:49:51.923544+00:00,train,2,2864,self,0.0509499999999937,0,94,
2025-11-27T08:49:51.923670+00:00,train,2,2865,self,0.0509499999999937,0,82,
2025-11-27T08:49:51.923795+00:00,train,2,2866,self,0.0509499999999937,0,94,
2025-11-27T08:49:51.923920+00:00,train,2,2867,self,0.0509499999999937,0,93,
2025-11-27T08:49:51.924044+00:00,train,2,2868,self,0.0509499999999937,0,98,
2025-11-27T08:49:51.924170+00:00,train,2,2869,self,0.0509499999999937,0,93,
2025-11-27T08:49:51.924295+00:00,train,2,2870,self,0.0509499999999937,0,97,
2025-11-27T08:49:51.924419+00:00,train,2,2871,self,0.0509499999999937,0,95,
2025-11-27T08:49:51.924554+00:00,train,2,2872,self,0.0509499999999937,0,98,
2025-11-27T08:49:51.924675+00:00,train,2,2873,self,0.0509499999999937,0,91,
2025-11-27T08:49:51.924796+00:00,train,2,2874,self,0.0509499999999937,0,98,
2025-11-27T08:49:51.924917+00:00,train,2,2875,self,0.0509499999999937,0,86,
2025-11-27T08:49:51.925038+00:00,train,2,2876,self,0.0509499999999937,0,97,
2025-11-27T08:49:51.925158+00:00,train,2,2877,self,0.0509499999999937,0,84,
2025-11-27T08:49:51.925279+00:00,train,2,2878,self,0.0509499999999937,0,97,
2025-11-27T08:49:51.925400+00:00,train,2,2879,self,0.0509499999999937,0,98,
2025-11-27T08:49:51.925521+00:00,train,2,2880,self,0.0509499999999937,0,100,
2025-11-27T08:49:51.925643+00:00,train,2,2881,self,0.0509499999999937,0,93,
2025-11-27T08:49:51.925764+00:00,train,2,2882,self,0.0509499999999937,0,100,
2025-11-27T08:49:51.925885+00:00,train,2,2883,self,0.0509499999999937,0,86,
2025-11-27T08:49:51.926006+00:00,train,2,2884,self,0.0509499999999937,0,96,
2025-11-27T08:49:51.926126+00:00,train,2,2885,self,0.0509499999999937,0,92,
2025-11-27T08:49:51.926247+00:00,train,2,2886,self,0.0509499999999937,0,99,
2025-11-27T08:49:51.926368+00:00,train,2,2887,self,0.0509499999999937,0,92,
2025-11-27T08:49:51.926488+00:00,train,2,2888,self,0.0509499999999937,0,92,
2025-11-27T08:49:51.926608+00:00,train,2,2889,self,0.0509499999999937,0,90,
2025-11-27T08:49:51.926729+00:00,train,2,2890,self,0.0509499999999937,0,94,
2025-11-27T08:49:51.926850+00:00,train,2,2891,self,0.0509499999999937,0,84,
2025-11-27T08:49:51.926973+00:00,train,2,2892,self,0.0509499999999937,0,93,
2025-11-27T08:49:51.927097+00:00,train,2,2893,self,0.0509499999999937,0,96,
2025-11-27T08:49:51.927220+00:00,train,2,2894,self,0.0509499999999937,0,100,
2025-11-27T08:49:51.927343+00:00,train,2,2895,self,0.0509499999999937,0,98,
2025-11-27T08:49:51.927465+00:00,train,2,2896,self,0.0509499999999937,0,100,
2025-11-27T08:49:51.927587+00:00,train,2,2897,self,0.0509499999999937,0,78,
2025-11-27T08:49:51.927709+00:00,train,2,2898,self,0.0509499999999937,0,96,
2025-11-27T08:49:51.927831+00:00,train,2,2899,self,0.0509499999999937,0,89,
2025-11-27T08:49:51.927954+00:00,train,2,2900,self,0.0509499999999937,0,100,
2025-11-27T08:49:51.928077+00:00,train,2,2901,self,0.0509499999999937,0,91,
2025-11-27T08:49:51.928200+00:00,train,2,2902,self,0.0509499999999937,0,91,
2025-11-27T08:49:51.928323+00:00,train,2,2903,self,0.0509499999999937,0,99,
2025-11-27T08:49:51.928447+00:00,train,2,2904,self,0.0509499999999937,0,100,
2025-11-27T08:49:51.928570+00:00,train,2,2905,self,0.0509499999999937,0,96,
2025-11-27T08:49:51.928692+00:00,train,2,2906,self,0.0509499999999937,0,98,
2025-11-27T08:49:51.928815+00:00,train,2,2907,self,0.0509499999999937,0,92,
2025-11-27T08:49:51.928938+00:00,train,2,2908,self,0.0509499999999937,0,95,
2025-11-27T08:49:51.929060+00:00,train,2,2909,self,0.0509499999999937,0,97,
2025-11-27T08:49:51.929183+00:00,train,2,2910,self,0.0509499999999937,0,98,
2025-11-27T08:49:51.929305+00:00,train,2,2911,self,0.0509499999999937,0,88,
2025-11-27T08:49:51.929428+00:00,train,2,2912,self,0.0509499999999937,0,93,
2025-11-27T08:49:51.929551+00:00,train,2,2913,self,0.0509499999999937,0,90,
2025-11-27T08:49:51.929674+00:00,train,2,2914,self,0.0509499999999937,0,99,
2025-11-27T08:49:51.929797+00:00,train,2,2915,self,0.0509499999999937,0,93,
2025-11-27T08:49:51.929919+00:00,train,2,2916,self,0.0509499999999937,0,99,
2025-11-27T08:49:51.930042+00:00,train,2,2917,self,0.0509499999999937,0,92,
2025-11-27T08:49:51.930166+00:00,train,2,2918,self,0.0509499999999937,0,97,
2025-11-27T08:49:51.930288+00:00,train,2,2919,self,0.0509499999999937,0,77,
2025-11-27T08:49:51.930411+00:00,train,2,2920,self,0.0509499999999937,0,94,
2025-11-27T08:49:51.930533+00:00,train,2,2921,self,0.0509499999999937,0,78,
2025-11-27T08:49:51.930656+00:00,train,2,2922,self,0.0509499999999937,0,87,
2025-11-27T08:49:51.930778+00:00,train,2,2923,self,0.0509499999999937,0,77,
2025-11-27T08:49:51.930901+00:00,train,2,2924,self,0.0509499999999937,0,99,
2025-11-27T08:49:51.931075+00:00,train,2,2925,self,0.0509499999999937,0,92,
2025-11-27T08:49:51.931256+00:00,train,2,2926,self,0.0509499999999937,0,99,
2025-11-27T08:49:51.931407+00:00,train,2,2927,self,0.0509499999999937,0,94,
2025-11-27T08:49:51.931549+00:00,train,2,2928,self,0.0509499999999937,0,99,
2025-11-27T08:49:51.931689+00:00,train,2,2929,self,0.0509499999999937,0,99,
2025-11-27T08:49:51.931824+00:00,train,2,2930,self,0.0509499999999937,0,100,
2025-11-27T08:49:51.931959+00:00,train,2,2931,self,0.0509499999999937,0,96,
2025-11-27T08:49:51.932092+00:00,train,2,2932,self,0.0509499999999937,0,99,
2025-11-27T08:49:51.932225+00:00,train,2,2933,self,0.0509499999999937,0,95,
2025-11-27T08:49:51.932359+00:00,train,2,2934,self,0.0509499999999937,0,99,
2025-11-27T08:49:51.932494+00:00,train,2,2935,self,0.0509499999999937,0,94,
2025-11-27T08:49:51.932626+00:00,train,2,2936,self,0.0509499999999937,0,97,
2025-11-27T08:49:51.932818+00:00,train,2,2937,self,0.0509499999999937,0,90,
2025-11-27T08:49:51.932965+00:00,train,2,2938,self,0.0509499999999937,0,93,
2025-11-27T08:49:51.933101+00:00,train,2,2939,self,0.0509499999999937,0,94,
2025-11-27T08:49:51.933231+00:00,train,2,2940,self,0.0509499999999937,0,100,
2025-11-27T08:49:51.933358+00:00,train,2,2941,self,0.0509499999999937,0,83,
2025-11-27T08:49:51.933487+00:00,train,2,2942,self,0.0509499999999937,0,94,
2025-11-27T08:49:51.933612+00:00,train,2,2943,self,0.0509499999999937,0,97,
2025-11-27T08:49:51.933736+00:00,train,2,2944,self,0.0509499999999937,0,99,
2025-11-27T08:49:51.933863+00:00,train,2,2945,self,0.0509499999999937,0,98,
2025-11-27T08:49:51.933986+00:00,train,2,2946,self,0.0509499999999937,0,99,
2025-11-27T08:49:51.934109+00:00,train,2,2947,self,0.0509499999999937,0,89,
2025-11-27T08:49:51.934232+00:00,train,2,2948,self,0.0509499999999937,0,99,
2025-11-27T08:49:51.934355+00:00,train,2,2949,self,0.0509499999999937,0,96,
2025-11-27T08:49:51.934478+00:00,train,2,2950,self,0.0509499999999937,0,100,
2025-11-27T08:49:51.934601+00:00,train,2,2951,self,0.0509499999999937,0,88,
2025-11-27T08:49:51.934723+00:00,train,2,2952,self,0.0509499999999937,0,100,
2025-11-27T08:49:51.934846+00:00,train,2,2953,self,0.0509499999999937,0,99,
2025-11-27T08:49:51.934969+00:00,train,2,2954,self,0.0509499999999937,0,100,
2025-11-27T08:49:51.935092+00:00,train,2,2955,self,0.0509499999999937,0,100,
2025-11-27T08:49:51.935214+00:00,train,2,2956,self,0.0509499999999937,0,100,
2025-11-27T08:49:51.935337+00:00,train,2,2957,self,0.0509499999999937,0,93,
2025-11-27T08:49:51.935459+00:00,train,2,2958,self,0.0509499999999937,0,100,
2025-11-27T08:49:51.935582+00:00,train,2,2959,self,0.0509499999999937,0,99,
2025-11-27T08:49:51.935705+00:00,train,2,2960,self,0.0509499999999937,0,100,
2025-11-27T08:49:51.935827+00:00,train,2,2961,self,0.0509499999999937,0,100,
2025-11-27T08:49:51.935950+00:00,train,2,2962,self,0.0509499999999937,0,100,
2025-11-27T08:49:51.936072+00:00,train,2,2963,self,0.0509499999999937,0,92,
2025-11-27T08:49:51.936194+00:00,train,2,2964,self,0.0509499999999937,0,99,
2025-11-27T08:49:51.936317+00:00,train,2,2965,self,0.0509499999999937,0,87,
2025-11-27T08:49:51.936453+00:00,train,2,2966,self,0.0509499999999937,0,98,
2025-11-27T08:49:51.936571+00:00,train,2,2967,self,0.0509499999999937,0,97,
2025-11-27T08:49:51.936691+00:00,train,2,2968,self,0.0509499999999937,0,98,
2025-11-27T08:49:51.936809+00:00,train,2,2969,self,0.0509499999999937,0,91,
2025-11-27T08:49:51.936927+00:00,train,2,2970,self,0.0509499999999937,0,100,
2025-11-27T08:49:51.937046+00:00,train,2,2971,self,0.0509499999999937,0,98,
2025-11-27T08:49:51.937164+00:00,train,2,2972,self,0.0509499999999937,0,98,
2025-11-27T08:49:51.937282+00:00,train,2,2973,self,0.0509499999999937,0,78,
2025-11-27T08:49:51.937400+00:00,train,2,2974,self,0.0509499999999937,0,98,
2025-11-27T08:49:51.937519+00:00,train,2,2975,self,0.0509499999999937,0,93,
2025-11-27T08:49:51.937638+00:00,train,2,2976,self,0.0509499999999937,0,93,
2025-11-27T08:49:51.937757+00:00,train,2,2977,self,0.0509499999999937,0,85,
2025-11-27T08:49:51.937876+00:00,train,2,2978,self,0.0509499999999937,0,95,
2025-11-27T08:49:51.937994+00:00,train,2,2979,self,0.0509499999999937,0,77,
2025-11-27T08:49:51.938113+00:00,train,2,2980,self,0.0509499999999937,0,88,
2025-11-27T08:49:51.938232+00:00,train,2,2981,self,0.0509499999999937,0,95,
2025-11-27T08:49:51.938350+00:00,train,2,2982,self,0.0509499999999937,0,100,
2025-11-27T08:49:51.938468+00:00,train,2,2983,self,0.0509499999999937,0,95,
2025-11-27T08:49:51.938587+00:00,train,2,2984,self,0.0509499999999937,0,100,
2025-11-27T08:49:51.938705+00:00,train,2,2985,self,0.0509499999999937,0,85,
2025-11-27T08:49:51.938824+00:00,train,2,2986,self,0.0509499999999937,0,96,
2025-11-27T08:49:51.938942+00:00,train,2,2987,self,0.0509499999999937,0,96,
2025-11-27T08:49:51.939061+00:00,train,2,2988,self,0.0509499999999937,0,98,
2025-11-27T08:49:51.939180+00:00,train,2,2989,self,0.0509499999999937,0,95,
2025-11-27T08:49:51.939299+00:00,train,2,2990,self,0.0509499999999937,0,95,
2025-11-27T08:49:51.939418+00:00,train,2,2991,self,0.0509499999999937,0,92,
2025-11-27T08:49:51.939536+00:00,train,2,2992,self,0.0509499999999937,0,96,
2025-11-27T08:49:51.939655+00:00,train,2,2993,self,0.0509499999999937,0,98,
2025-11-27T08:49:51.939773+00:00,train,2,2994,self,0.0509499999999937,0,99,
2025-11-27T08:49:51.939892+00:00,train,2,2995,self,0.0509499999999937,0,96,
2025-11-27T08:49:51.940010+00:00,train,2,2996,self,0.0509499999999937,0,99,
2025-11-27T08:49:51.940193+00:00,train,2,2997,self,0.0509499999999937,0,96,
2025-11-27T08:49:51.940338+00:00,train,2,2998,self,0.0509499999999937,0,100,
2025-11-27T08:49:51.940472+00:00,train,2,2999,self,0.0509499999999937,0,96,
2025-11-27T08:49:51.940600+00:00,train,2,3000,self,0.0509499999999937,0,98,
2025-11-27T08:49:51.940726+00:00,train,2,3001,self,0.0509499999999937,0,96,
2025-11-27T08:49:51.940849+00:00,train,2,3002,self,0.0509499999999937,0,97,
2025-11-27T08:49:51.940972+00:00,train,2,3003,self,0.0509499999999937,0,93,
2025-11-27T08:49:51.941095+00:00,train,2,3004,self,0.0509499999999937,0,97,
2025-11-27T08:49:51.941216+00:00,train,2,3005,self,0.0509499999999937,0,93,
2025-11-27T08:49:51.941344+00:00,train,2,3006,self,0.0509499999999937,0,99,
2025-11-27T08:49:51.941467+00:00,train,2,3007,self,0.0509499999999937,0,95,
2025-11-27T08:49:51.941589+00:00,train,2,3008,self,0.0509499999999937,0,99,
2025-11-27T08:49:51.941711+00:00,train,2,3009,self,0.0509499999999937,0,94,
2025-11-27T08:49:51.941832+00:00,train,2,3010,self,0.0509499999999937,0,99,
2025-11-27T08:49:51.941953+00:00,train,2,3011,self,0.0509499999999937,0,88,
2025-11-27T08:49:51.942074+00:00,train,2,3012,self,0.0509499999999937,0,93,
2025-11-27T08:49:51.942196+00:00,train,2,3013,self,0.0509499999999937,0,98,
2025-11-27T08:49:51.942318+00:00,train,2,3014,self,0.0509499999999937,0,98,
2025-11-27T08:49:51.942441+00:00,train,2,3015,self,0.0509499999999937,0,93,
2025-11-27T08:49:51.942576+00:00,train,2,3016,self,0.0509499999999937,0,100,
2025-11-27T08:49:51.942694+00:00,train,2,3017,self,0.0509499999999937,0,80,
2025-11-27T08:49:51.942812+00:00,train,2,3018,self,0.0509499999999937,0,87,
2025-11-27T08:49:51.942930+00:00,train,2,3019,self,0.0509499999999937,0,100,
2025-11-27T08:49:51.943048+00:00,train,2,3020,self,0.0509499999999937,0,100,
2025-11-27T08:49:51.943166+00:00,train,2,3021,self,0.0509499999999937,0,98,
2025-11-27T08:49:51.943283+00:00,train,2,3022,self,0.0509499999999937,0,99,
2025-11-27T08:49:51.943402+00:00,train,2,3023,self,0.0509499999999937,0,94,
2025-11-27T08:49:51.943532+00:00,train,2,3024,self,0.0509499999999937,0,97,
2025-11-27T08:49:51.943647+00:00,train,2,3025,self,0.0509499999999937,0,100,
2025-11-27T08:49:51.943763+00:00,train,2,3026,self,0.0509499999999937,0,100,
2025-11-27T08:49:51.943878+00:00,train,2,3027,self,0.0509499999999937,0,84,
2025-11-27T08:49:51.943993+00:00,train,2,3028,self,0.0509499999999937,0,89,
2025-11-27T08:49:51.944108+00:00,train,2,3029,self,0.0509499999999937,0,90,
2025-11-27T08:49:51.944223+00:00,train,2,3030,self,0.0509499999999937,0,92,
2025-11-27T08:49:51.944338+00:00,train,2,3031,self,0.0509499999999937,0,93,
2025-11-27T08:49:51.944466+00:00,train,2,3032,self,0.0509499999999937,0,96,
2025-11-27T08:49:51.944634+00:00,train,2,3033,self,0.0509499999999937,0,94,
2025-11-27T08:49:51.944761+00:00,train,2,3034,self,0.0509499999999937,0,100,
2025-11-27T08:49:51.944881+00:00,train,2,3035,self,0.0509499999999937,0,94,
2025-11-27T08:49:51.944997+00:00,train,2,3036,self,0.0509499999999937,0,97,
2025-11-27T08:49:51.945111+00:00,train,2,3037,self,0.0509499999999937,0,91,
2025-11-27T08:49:51.945223+00:00,train,2,3038,self,0.0509499999999937,0,100,
2025-11-27T08:49:51.945334+00:00,train,2,3039,self,0.0509499999999937,0,98,
2025-11-27T08:49:51.945458+00:00,train,2,3040,self,0.0509499999999937,0,100,
2025-11-27T08:49:51.945579+00:00,train,2,3041,self,0.0509499999999937,0,99,
2025-11-27T08:49:51.945727+00:00,train,2,3042,self,0.0509499999999937,0,100,
2025-11-27T08:49:51.945856+00:00,train,2,3043,self,0.0509499999999937,0,95,
2025-11-27T08:49:51.945980+00:00,train,2,3044,self,0.0509499999999937,0,100,
2025-11-27T08:49:51.946117+00:00,train,2,3045,self,0.0509499999999937,0,84,
2025-11-27T08:49:51.946235+00:00,train,2,3046,self,0.0509499999999937,0,99,
2025-11-27T08:49:51.946369+00:00,train,2,3047,self,0.0509499999999937,0,81,
2025-11-27T08:49:51.946497+00:00,train,2,3048,self,0.0509499999999937,0,94,
2025-11-27T08:49:51.946622+00:00,train,2,3049,self,0.0509499999999937,0,98,
2025-11-27T08:49:51.946734+00:00,train,2,3050,self,0.0509499999999937,0,98,
2025-11-27T08:49:51.946909+00:00,train,2,3051,self,0.0509499999999937,0,94,
2025-11-27T08:49:51.947035+00:00,train,2,3052,self,0.0509499999999937,0,97,
2025-11-27T08:49:51.947151+00:00,train,2,3053,self,0.0509499999999937,0,96,
2025-11-27T08:49:51.947262+00:00,train,2,3054,self,0.0509499999999937,0,99,
2025-11-27T08:49:51.947371+00:00,train,2,3055,self,0.0509499999999937,0,98,
2025-11-27T08:49:51.947489+00:00,train,2,3056,self,0.0509499999999937,0,100,
2025-11-27T08:49:51.947593+00:00,train,2,3057,self,0.0509499999999937,0,98,
2025-11-27T08:49:51.947697+00:00,train,2,3058,self,0.0509499999999937,0,99,
2025-11-27T08:49:51.947800+00:00,train,2,3059,self,0.0509499999999937,0,94,
2025-11-27T08:49:51.947903+00:00,train,2,3060,self,0.0509499999999937,0,100,
2025-11-27T08:49:51.948007+00:00,train,2,3061,self,0.0509499999999937,0,94,
2025-11-27T08:49:51.948110+00:00,train,2,3062,self,0.0509499999999937,0,97,
2025-11-27T08:49:51.948212+00:00,train,2,3063,self,0.0509499999999937,0,97,
2025-11-27T08:49:51.948315+00:00,train,2,3064,self,0.0509499999999937,0,98,
2025-11-27T08:49:51.948418+00:00,train,2,3065,self,0.0509499999999937,0,86,
2025-11-27T08:49:51.948532+00:00,train,2,3066,self,0.0509499999999937,0,95,
2025-11-27T08:49:51.948631+00:00,train,2,3067,self,0.0509499999999937,0,95,
2025-11-27T08:49:51.948731+00:00,train,2,3068,self,0.0509499999999937,0,98,
2025-11-27T08:49:51.948831+00:00,train,2,3069,self,0.0509499999999937,0,86,
2025-11-27T08:49:51.948930+00:00,train,2,3070,self,0.0509499999999937,0,99,
2025-11-27T08:49:51.949031+00:00,train,2,3071,self,0.0509499999999937,0,87,
2025-11-27T08:49:51.949131+00:00,train,2,3072,self,0.0509499999999937,0,93,
2025-11-27T08:49:51.949230+00:00,train,2,3073,self,0.0509499999999937,0,88,
2025-11-27T08:49:51.949330+00:00,train,2,3074,self,0.0509499999999937,0,99,
2025-11-27T08:49:51.949429+00:00,train,2,3075,self,0.0509499999999937,0,93,
2025-11-27T08:49:51.949529+00:00,train,2,3076,self,0.0509499999999937,0,99,
2025-11-27T08:49:51.949629+00:00,train,2,3077,self,0.0509499999999937,0,94,
2025-11-27T08:49:51.949728+00:00,train,2,3078,self,0.0509499999999937,0,97,
2025-11-27T08:49:51.949828+00:00,train,2,3079,self,0.0509499999999937,0,86,
2025-11-27T08:49:51.949927+00:00,train,2,3080,self,0.0509499999999937,0,98,
2025-11-27T08:49:51.950028+00:00,train,2,3081,self,0.0509499999999937,0,95,
2025-11-27T08:49:51.950175+00:00,train,2,3082,self,0.0509499999999937,0,99,
2025-11-27T08:49:51.950293+00:00,train,2,3083,self,0.0509499999999937,0,95,
2025-11-27T08:49:51.950402+00:00,train,2,3084,self,0.0509499999999937,0,100,
2025-11-27T08:49:51.950584+00:00,train,2,3085,self,0.0509499999999937,0,94,
2025-11-27T08:49:51.950698+00:00,train,2,3086,self,0.0509499999999937,0,100,
2025-11-27T08:49:51.950825+00:00,train,2,3087,self,0.0509499999999937,0,89,
2025-11-27T08:49:51.950931+00:00,train,2,3088,self,0.0509499999999937,0,99,
2025-11-27T08:49:51.951056+00:00,train,2,3089,self,0.0509499999999937,0,95,
2025-11-27T08:49:51.951161+00:00,train,2,3090,self,0.0509499999999937,0,99,
2025-11-27T08:49:51.951285+00:00,train,2,3091,self,0.0509499999999937,0,100,
2025-11-27T08:49:51.951389+00:00,train,2,3092,self,0.0509499999999937,0,100,
2025-11-27T08:49:51.951582+00:00,train,2,3093,self,0.0509499999999937,0,99,
2025-11-27T08:49:51.951691+00:00,train,2,3094,self,0.0509499999999937,0,100,
2025-11-27T08:49:51.951794+00:00,train,2,3095,self,0.0509499999999937,0,93,
2025-11-27T08:49:51.951918+00:00,train,2,3096,self,0.0509499999999937,0,100,
2025-11-27T08:49:51.952022+00:00,train,2,3097,self,0.0509499999999937,0,96,
2025-11-27T08:49:51.952131+00:00,train,2,3098,self,0.0509499999999937,0,99,
2025-11-27T08:49:51.952234+00:00,train,2,3099,self,0.0509499999999937,0,96,
2025-11-27T08:49:51.952343+00:00,train,2,3100,self,0.0509499999999937,0,100,
2025-11-27T08:49:51.952446+00:00,train,2,3101,self,0.0509499999999937,0,99,
2025-11-27T08:49:51.952555+00:00,train,2,3102,self,0.0509499999999937,0,100,
2025-11-27T08:49:51.952658+00:00,train,2,3103,self,0.0509499999999937,0,86,
2025-11-27T08:49:51.952770+00:00,train,2,3104,self,0.0509499999999937,0,94,
2025-11-27T08:49:51.952873+00:00,train,2,3105,self,0.0509499999999937,0,97,
2025-11-27T08:49:51.952980+00:00,train,2,3106,self,0.0509499999999937,0,99,
2025-11-27T08:49:51.953083+00:00,train,2,3107,self,0.0509499999999937,0,78,
2025-11-27T08:49:51.953192+00:00,train,2,3108,self,0.0509499999999937,0,96,
2025-11-27T08:49:51.953294+00:00,train,2,3109,self,0.0509499999999937,0,99,
2025-11-27T08:49:51.953402+00:00,train,2,3110,self,0.0509499999999937,0,100,
2025-11-27T08:49:51.953505+00:00,train,2,3111,self,0.0509499999999937,0,95,
2025-11-27T08:49:51.953612+00:00,train,2,3112,self,0.0509499999999937,0,97,
2025-11-27T08:49:51.953717+00:00,train,2,3113,self,0.0509499999999937,0,99,
2025-11-27T08:49:51.953819+00:00,train,2,3114,self,0.0509499999999937,0,100,
2025-11-27T08:49:51.953927+00:00,train,2,3115,self,0.0509499999999937,0,92,
2025-11-27T08:49:51.954029+00:00,train,2,3116,self,0.0509499999999937,0,100,
2025-11-27T08:49:51.954138+00:00,train,2,3117,self,0.0509499999999937,0,90,
2025-11-27T08:49:51.954241+00:00,train,2,3118,self,0.0509499999999937,0,95,
2025-11-27T08:49:51.954348+00:00,train,2,3119,self,0.0509499999999937,0,94,
2025-11-27T08:49:51.954451+00:00,train,2,3120,self,0.0509499999999937,0,99,
2025-11-27T08:49:51.954558+00:00,train,2,3121,self,0.0509499999999937,0,96,
2025-11-27T08:49:51.954664+00:00,train,2,3122,self,0.0509499999999937,0,98,
2025-11-27T08:49:51.954766+00:00,train,2,3123,self,0.0509499999999937,0,98,
2025-11-27T08:49:51.954873+00:00,train,2,3124,self,0.0509499999999937,0,100,
2025-11-27T08:49:51.954975+00:00,train,2,3125,self,0.0509499999999937,0,92,
2025-11-27T08:49:51.955083+00:00,train,2,3126,self,0.0509499999999937,0,94,
2025-11-27T08:49:51.955185+00:00,train,2,3127,self,0.0509499999999937,0,90,
2025-11-27T08:49:51.955293+00:00,train,2,3128,self,0.0509499999999937,0,93,
2025-11-27T08:49:51.955395+00:00,train,2,3129,self,0.0509499999999937,0,95,
2025-11-27T08:49:51.955503+00:00,train,2,3130,self,0.0509499999999937,0,97,
2025-11-27T08:49:51.955605+00:00,train,2,3131,self,0.0509499999999937,0,99,
2025-11-27T08:49:51.955713+00:00,train,2,3132,self,0.0509499999999937,0,99,
2025-11-27T08:49:51.955818+00:00,train,2,3133,self,0.0509499999999937,0,87,
2025-11-27T08:49:51.955920+00:00,train,2,3134,self,0.0509499999999937,0,99,
2025-11-27T08:49:51.956027+00:00,train,2,3135,self,0.0509499999999937,0,97,
2025-11-27T08:49:51.956130+00:00,train,2,3136,self,0.0509499999999937,0,99,
2025-11-27T08:49:51.956237+00:00,train,2,3137,self,0.0509499999999937,0,91,
2025-11-27T08:49:51.956339+00:00,train,2,3138,self,0.0509499999999937,0,96,
2025-11-27T08:49:51.956447+00:00,train,2,3139,self,0.0509499999999937,0,87,
2025-11-27T08:49:51.956549+00:00,train,2,3140,self,0.0509499999999937,0,93,
2025-11-27T08:49:51.956656+00:00,train,2,3141,self,0.0509499999999937,0,94,
2025-11-27T08:49:51.956758+00:00,train,2,3142,self,0.0509499999999937,0,100,
2025-11-27T08:49:51.956865+00:00,train,2,3143,self,0.0509499999999937,0,90,
2025-11-27T08:49:51.956972+00:00,train,2,3144,self,0.0509499999999937,0,95,
2025-11-27T08:49:51.957074+00:00,train,2,3145,self,0.0509499999999937,0,85,
2025-11-27T08:49:51.957182+00:00,train,2,3146,self,0.0509499999999937,0,94,
2025-11-27T08:49:51.957283+00:00,train,2,3147,self,0.0509499999999937,0,91,
2025-11-27T08:49:51.957391+00:00,train,2,3148,self,0.0509499999999937,0,100,
2025-11-27T08:49:51.957493+00:00,train,2,3149,self,0.0509499999999937,0,98,
2025-11-27T08:49:51.957601+00:00,train,2,3150,self,0.0509499999999937,0,100,
2025-11-27T08:49:51.957703+00:00,train,2,3151,self,0.0509499999999937,0,96,
2025-11-27T08:49:51.957810+00:00,train,2,3152,self,0.0509499999999937,0,100,
2025-11-27T08:49:51.957912+00:00,train,2,3153,self,0.0509499999999937,0,92,
2025-11-27T08:49:51.958020+00:00,train,2,3154,self,0.0509499999999937,0,94,
2025-11-27T08:49:51.958125+00:00,train,2,3155,self,0.0509499999999937,0,98,
2025-11-27T08:49:51.958228+00:00,train,2,3156,self,0.0509499999999937,0,99,
2025-11-27T08:49:51.958337+00:00,train,2,3157,self,0.0509499999999937,0,90,
2025-11-27T08:49:51.958439+00:00,train,2,3158,self,0.0509499999999937,0,100,
2025-11-27T08:49:51.958547+00:00,train,2,3159,self,0.0509499999999937,0,92,
2025-11-27T08:49:51.958649+00:00,train,2,3160,self,0.0509499999999937,0,97,
2025-11-27T08:49:51.958757+00:00,train,2,3161,self,0.0509499999999937,0,89,
2025-11-27T08:49:51.958859+00:00,train,2,3162,self,0.0509499999999937,0,97,
2025-11-27T08:49:51.958967+00:00,train,2,3163,self,0.0509499999999937,0,93,
2025-11-27T08:49:51.959069+00:00,train,2,3164,self,0.0509499999999937,0,99,
2025-11-27T08:49:51.959177+00:00,train,2,3165,self,0.0509499999999937,0,99,
2025-11-27T08:49:51.959282+00:00,train,2,3166,self,0.0509499999999937,0,100,
2025-11-27T08:49:51.959384+00:00,train,2,3167,self,0.0509499999999937,0,95,
2025-11-27T08:49:51.959492+00:00,train,2,3168,self,0.0509499999999937,0,99,
2025-11-27T08:49:51.959594+00:00,train,2,3169,self,0.0509499999999937,0,89,
2025-11-27T08:49:51.959701+00:00,train,2,3170,self,0.0509499999999937,0,99,
2025-11-27T08:49:51.959803+00:00,train,2,3171,self,0.0509499999999937,0,92,
2025-11-27T08:49:51.959910+00:00,train,2,3172,self,0.0509499999999937,0,100,
2025-11-27T08:49:51.960013+00:00,train,2,3173,self,0.0509499999999937,0,96,
2025-11-27T08:49:51.960123+00:00,train,2,3174,self,0.0509499999999937,0,100,
2025-11-27T08:49:51.960227+00:00,train,2,3175,self,0.0509499999999937,0,90,
2025-11-27T08:49:51.960335+00:00,train,2,3176,self,0.0509499999999937,0,98,
2025-11-27T08:49:51.960440+00:00,train,2,3177,self,0.0509499999999937,0,99,
2025-11-27T08:49:51.960542+00:00,train,2,3178,self,0.0509499999999937,0,100,
2025-11-27T08:49:51.960649+00:00,train,2,3179,self,0.0509499999999937,0,85,
2025-11-27T08:49:51.960751+00:00,train,2,3180,self,0.0509499999999937,0,99,
2025-11-27T08:49:51.960859+00:00,train,2,3181,self,0.0509499999999937,0,96,
2025-11-27T08:49:51.960961+00:00,train,2,3182,self,0.0509499999999937,0,99,
2025-11-27T08:49:51.961071+00:00,train,2,3183,self,0.0509499999999937,0,96,
2025-11-27T08:49:51.961219+00:00,train,2,3184,self,0.0509499999999937,0,99,
2025-11-27T08:49:51.961327+00:00,train,2,3185,self,0.0509499999999937,0,95,
2025-11-27T08:49:51.961428+00:00,train,2,3186,self,0.0509499999999937,0,100,
2025-11-27T08:49:51.961536+00:00,train,2,3187,self,0.0509499999999937,0,99,
2025-11-27T08:49:51.961641+00:00,train,2,3188,self,0.0509499999999937,0,100,
2025-11-27T08:49:51.961743+00:00,train,2,3189,self,0.0509499999999937,0,96,
2025-11-27T08:49:51.961853+00:00,train,2,3190,self,0.0509499999999937,0,99,
2025-11-27T08:49:51.961955+00:00,train,2,3191,self,0.0509499999999937,0,83,
2025-11-27T08:49:51.962133+00:00,train,2,3192,self,0.0509499999999937,0,97,
2025-11-27T08:49:51.962247+00:00,train,2,3193,self,0.0509499999999937,0,85,
2025-11-27T08:49:51.962351+00:00,train,2,3194,self,0.0509499999999937,0,100,
2025-11-27T08:49:51.962459+00:00,train,2,3195,self,0.0509499999999937,0,84,
2025-11-27T08:49:51.962563+00:00,train,2,3196,self,0.0509499999999937,0,99,
2025-11-27T08:49:51.962671+00:00,train,2,3197,self,0.0509499999999937,0,97,
2025-11-27T08:49:51.962773+00:00,train,2,3198,self,0.0509499999999937,0,98,
2025-11-27T08:49:51.962881+00:00,train,2,3199,self,0.0509499999999937,0,99,
2025-11-27T08:49:51.962984+00:00,train,2,3200,self,0.0509499999999937,0,100,
2025-11-27T08:49:51.965244+00:00,train,2,3201,self,0.0509499999999937,0,88,
2025-11-27T08:49:51.965380+00:00,train,2,3202,self,0.0509499999999937,0,97,
2025-11-27T08:49:51.965487+00:00,train,2,3203,self,0.0509499999999937,0,98,
2025-11-27T08:49:51.965591+00:00,train,2,3204,self,0.0509499999999937,0,99,
2025-11-27T08:49:51.965700+00:00,train,2,3205,self,0.0509499999999937,0,98,
2025-11-27T08:49:51.965803+00:00,train,2,3206,self,0.0509499999999937,0,100,
2025-11-27T08:49:51.965912+00:00,train,2,3207,self,0.0509499999999937,0,91,
2025-11-27T08:49:51.966014+00:00,train,2,3208,self,0.0509499999999937,0,99,
2025-11-27T08:49:51.966200+00:00,train,2,3209,self,0.0509499999999937,0,92,
2025-11-27T08:49:51.966306+00:00,train,2,3210,self,0.0509499999999937,0,100,
2025-11-27T08:49:51.966432+00:00,train,2,3211,self,0.0509499999999937,0,95,
2025-11-27T08:49:51.966551+00:00,train,2,3212,self,0.0509499999999937,0,96,
2025-11-27T08:49:51.966722+00:00,train,2,3213,self,0.0509499999999937,0,92,
2025-11-27T08:49:51.966863+00:00,train,2,3214,self,0.0509499999999937,0,100,
2025-11-27T08:49:51.967019+00:00,train,2,3215,self,0.0509499999999937,0,95,
2025-11-27T08:49:51.967144+00:00,train,2,3216,self,0.0509499999999937,0,100,
2025-11-27T08:49:51.967305+00:00,train,2,3217,self,0.0509499999999937,0,96,
2025-11-27T08:49:51.967445+00:00,train,2,3218,self,0.0509499999999937,0,100,
2025-11-27T08:49:51.967602+00:00,train,2,3219,self,0.0509499999999937,0,81,
2025-11-27T08:49:51.967726+00:00,train,2,3220,self,0.0509499999999937,0,98,
2025-11-27T08:49:51.967841+00:00,train,2,3221,self,0.0509499999999937,0,80,
2025-11-27T08:49:51.968009+00:00,train,2,3222,self,0.0509499999999937,0,99,
2025-11-27T08:49:51.968139+00:00,train,2,3223,self,0.0509499999999937,0,90,
2025-11-27T08:49:51.968260+00:00,train,2,3224,self,0.0509499999999937,0,100,
2025-11-27T08:49:51.968378+00:00,train,2,3225,self,0.0509499999999937,0,94,
2025-11-27T08:49:51.968508+00:00,train,2,3226,self,0.0509499999999937,0,99,
2025-11-27T08:49:51.968623+00:00,train,2,3227,self,0.0509499999999937,0,97,
2025-11-27T08:49:51.968738+00:00,train,2,3228,self,0.0509499999999937,0,98,
2025-11-27T08:49:51.968852+00:00,train,2,3229,self,0.0509499999999937,0,95,
2025-11-27T08:49:51.968966+00:00,train,2,3230,self,0.0509499999999937,0,100,
2025-11-27T08:49:51.969081+00:00,train,2,3231,self,0.0509499999999937,0,93,
2025-11-27T08:49:51.969195+00:00,train,2,3232,self,0.0509499999999937,0,100,
2025-11-27T08:49:51.969310+00:00,train,2,3233,self,0.0509499999999937,0,88,
2025-11-27T08:49:51.969439+00:00,train,2,3234,self,0.0509499999999937,0,100,
2025-11-27T08:49:51.969559+00:00,train,2,3235,self,0.0509499999999937,0,91,
2025-11-27T08:49:51.969676+00:00,train,2,3236,self,0.0509499999999937,0,100,
2025-11-27T08:49:51.969793+00:00,train,2,3237,self,0.0509499999999937,0,84,
2025-11-27T08:49:51.969909+00:00,train,2,3238,self,0.0509499999999937,0,95,
2025-11-27T08:49:51.970026+00:00,train,2,3239,self,0.0509499999999937,0,84,
2025-11-27T08:49:51.970142+00:00,train,2,3240,self,0.0509499999999937,0,99,
2025-11-27T08:49:51.970258+00:00,train,2,3241,self,0.0509499999999937,0,98,
2025-11-27T08:49:51.970377+00:00,train,2,3242,self,0.0509499999999937,0,100,
2025-11-27T08:49:51.970511+00:00,train,2,3243,self,0.0509499999999937,0,91,
2025-11-27T08:49:51.970632+00:00,train,2,3244,self,0.0509499999999937,0,100,
2025-11-27T08:49:51.970752+00:00,train,2,3245,self,0.0509499999999937,0,98,
2025-11-27T08:49:51.970872+00:00,train,2,3246,self,0.0509499999999937,0,100,
2025-11-27T08:49:51.970992+00:00,train,2,3247,self,0.0509499999999937,0,94,
2025-11-27T08:49:51.971111+00:00,train,2,3248,self,0.0509499999999937,0,97,
2025-11-27T08:49:51.971231+00:00,train,2,3249,self,0.0509499999999937,0,97,
2025-11-27T08:49:51.971351+00:00,train,2,3250,self,0.0509499999999937,0,98,
2025-11-27T08:49:51.971488+00:00,train,2,3251,self,0.0509499999999937,0,95,
2025-11-27T08:49:51.971611+00:00,train,2,3252,self,0.0509499999999937,0,97,
2025-11-27T08:49:51.971735+00:00,train,2,3253,self,0.0509499999999937,0,96,
2025-11-27T08:49:51.971858+00:00,train,2,3254,self,0.0509499999999937,0,98,
2025-11-27T08:49:51.971981+00:00,train,2,3255,self,0.0509499999999937,0,85,
2025-11-27T08:49:51.972103+00:00,train,2,3256,self,0.0509499999999937,0,96,
2025-11-27T08:49:51.972230+00:00,train,2,3257,self,0.0509499999999937,0,93,
2025-11-27T08:49:51.972422+00:00,train,2,3258,self,0.0509499999999937,0,97,
2025-11-27T08:49:51.972575+00:00,train,2,3259,self,0.0509499999999937,0,98,
2025-11-27T08:49:51.972706+00:00,train,2,3260,self,0.0509499999999937,0,98,
2025-11-27T08:49:51.972830+00:00,train,2,3261,self,0.0509499999999937,0,89,
2025-11-27T08:49:51.973015+00:00,train,2,3262,self,0.0509499999999937,0,100,
2025-11-27T08:49:51.973166+00:00,train,2,3263,self,0.0509499999999937,0,91,
2025-11-27T08:49:51.973308+00:00,train,2,3264,self,0.0509499999999937,0,94,
2025-11-27T08:49:51.973445+00:00,train,2,3265,self,0.0509499999999937,0,98,
2025-11-27T08:49:51.973578+00:00,train,2,3266,self,0.0509499999999937,0,100,
2025-11-27T08:49:51.973708+00:00,train,2,3267,self,0.0509499999999937,0,93,
2025-11-27T08:49:51.973841+00:00,train,2,3268,self,0.0509499999999937,0,99,
2025-11-27T08:49:51.973970+00:00,train,2,3269,self,0.0509499999999937,0,98,
2025-11-27T08:49:51.974099+00:00,train,2,3270,self,0.0509499999999937,0,99,
2025-11-27T08:49:51.974227+00:00,train,2,3271,self,0.0509499999999937,0,96,
2025-11-27T08:49:51.974354+00:00,train,2,3272,self,0.0509499999999937,0,98,
2025-11-27T08:49:51.974481+00:00,train,2,3273,self,0.0509499999999937,0,95,
2025-11-27T08:49:51.974608+00:00,train,2,3274,self,0.0509499999999937,0,100,
2025-11-27T08:49:51.974736+00:00,train,2,3275,self,0.0509499999999937,0,87,
2025-11-27T08:49:51.974864+00:00,train,2,3276,self,0.0509499999999937,0,100,
2025-11-27T08:49:51.974991+00:00,train,2,3277,self,0.0509499999999937,0,85,
2025-11-27T08:49:51.975118+00:00,train,2,3278,self,0.0509499999999937,0,93,
2025-11-27T08:49:51.975246+00:00,train,2,3279,self,0.0509499999999937,0,86,
2025-11-27T08:49:51.975373+00:00,train,2,3280,self,0.0509499999999937,0,100,
2025-11-27T08:49:51.975500+00:00,train,2,3281,self,0.0509499999999937,0,92,
2025-11-27T08:49:51.975627+00:00,train,2,3282,self,0.0509499999999937,0,100,
2025-11-27T08:49:51.975755+00:00,train,2,3283,self,0.0509499999999937,0,93,
2025-11-27T08:49:51.975882+00:00,train,2,3284,self,0.0509499999999937,0,96,
2025-11-27T08:49:51.976009+00:00,train,2,3285,self,0.0509499999999937,0,89,
2025-11-27T08:49:51.976135+00:00,train,2,3286,self,0.0509499999999937,0,91,
2025-11-27T08:49:51.976262+00:00,train,2,3287,self,0.0509499999999937,0,98,
2025-11-27T08:49:51.976389+00:00,train,2,3288,self,0.0509499999999937,0,100,
2025-11-27T08:49:51.976517+00:00,train,2,3289,self,0.0509499999999937,0,94,
2025-11-27T08:49:51.976644+00:00,train,2,3290,self,0.0509499999999937,0,99,
2025-11-27T08:49:51.976771+00:00,train,2,3291,self,0.0509499999999937,0,92,
2025-11-27T08:49:51.976898+00:00,train,2,3292,self,0.0509499999999937,0,99,
2025-11-27T08:49:51.977025+00:00,train,2,3293,self,0.0509499999999937,0,90,
2025-11-27T08:49:51.977152+00:00,train,2,3294,self,0.0509499999999937,0,97,
2025-11-27T08:49:51.977279+00:00,train,2,3295,self,0.0509499999999937,0,95,
2025-11-27T08:49:51.977406+00:00,train,2,3296,self,0.0509499999999937,0,100,
2025-11-27T08:49:51.977533+00:00,train,2,3297,self,0.0509499999999937,0,91,
2025-11-27T08:49:51.977660+00:00,train,2,3298,self,0.0509499999999937,0,100,
2025-11-27T08:49:51.977790+00:00,train,2,3299,self,0.0509499999999937,0,86,
2025-11-27T08:49:51.977917+00:00,train,2,3300,self,0.0509499999999937,0,99,
2025-11-27T08:49:51.978044+00:00,train,2,3301,self,0.0509499999999937,0,96,
2025-11-27T08:49:51.978171+00:00,train,2,3302,self,0.0509499999999937,0,100,
2025-11-27T08:49:51.978298+00:00,train,2,3303,self,0.0509499999999937,0,98,
2025-11-27T08:49:51.978425+00:00,train,2,3304,self,0.0509499999999937,0,98,
2025-11-27T08:49:51.978553+00:00,train,2,3305,self,0.0509499999999937,0,90,
2025-11-27T08:49:51.978680+00:00,train,2,3306,self,0.0509499999999937,0,99,
2025-11-27T08:49:51.978807+00:00,train,2,3307,self,0.0509499999999937,0,97,
2025-11-27T08:49:51.978934+00:00,train,2,3308,self,0.0509499999999937,0,100,
2025-11-27T08:49:51.979060+00:00,train,2,3309,self,0.0509499999999937,0,87,
2025-11-27T08:49:51.979187+00:00,train,2,3310,self,0.0509499999999937,0,93,
2025-11-27T08:49:51.979313+00:00,train,2,3311,self,0.0509499999999937,0,87,
2025-11-27T08:49:51.979453+00:00,train,2,3312,self,0.0509499999999937,0,99,
2025-11-27T08:49:51.979576+00:00,train,2,3313,self,0.0509499999999937,0,96,
2025-11-27T08:49:51.979699+00:00,train,2,3314,self,0.0509499999999937,0,100,
2025-11-27T08:49:51.979822+00:00,train,2,3315,self,0.0509499999999937,0,98,
2025-11-27T08:49:51.979947+00:00,train,2,3316,self,0.0509499999999937,0,100,
2025-11-27T08:49:51.980071+00:00,train,2,3317,self,0.0509499999999937,0,82,
2025-11-27T08:49:51.980195+00:00,train,2,3318,self,0.0509499999999937,0,100,
2025-11-27T08:49:51.980320+00:00,train,2,3319,self,0.0509499999999937,0,95,
2025-11-27T08:49:51.980444+00:00,train,2,3320,self,0.0509499999999937,0,99,
2025-11-27T08:49:51.980577+00:00,train,2,3321,self,0.0509499999999937,0,89,
2025-11-27T08:49:51.980697+00:00,train,2,3322,self,0.0509499999999937,0,98,
2025-11-27T08:49:51.980817+00:00,train,2,3323,self,0.0509499999999937,0,96,
2025-11-27T08:49:51.980937+00:00,train,2,3324,self,0.0509499999999937,0,99,
2025-11-27T08:49:51.981056+00:00,train,2,3325,self,0.0509499999999937,0,96,
2025-11-27T08:49:51.981176+00:00,train,2,3326,self,0.0509499999999937,0,98,
2025-11-27T08:49:51.981296+00:00,train,2,3327,self,0.0509499999999937,0,93,
2025-11-27T08:49:51.981416+00:00,train,2,3328,self,0.0509499999999937,0,96,
2025-11-27T08:49:51.981548+00:00,train,2,3329,self,0.0509499999999937,0,99,
2025-11-27T08:49:51.981665+00:00,train,2,3330,self,0.0509499999999937,0,99,
2025-11-27T08:49:51.981781+00:00,train,2,3331,self,0.0509499999999937,0,100,
2025-11-27T08:49:51.981899+00:00,train,2,3332,self,0.0509499999999937,0,100,
2025-11-27T08:49:51.982015+00:00,train,2,3333,self,0.0509499999999937,0,85,
2025-11-27T08:49:51.982132+00:00,train,2,3334,self,0.0509499999999937,0,89,
2025-11-27T08:49:51.982249+00:00,train,2,3335,self,0.0509499999999937,0,92,
2025-11-27T08:49:51.982368+00:00,train,2,3336,self,0.0509499999999937,0,100,
2025-11-27T08:49:51.982502+00:00,train,2,3337,self,0.0509499999999937,0,99,
2025-11-27T08:49:51.982618+00:00,train,2,3338,self,0.0509499999999937,0,99,
2025-11-27T08:49:51.982732+00:00,train,2,3339,self,0.0509499999999937,0,95,
2025-11-27T08:49:51.982846+00:00,train,2,3340,self,0.0509499999999937,0,97,
2025-11-27T08:49:51.982962+00:00,train,2,3341,self,0.0509499999999937,0,99,
2025-11-27T08:49:51.983076+00:00,train,2,3342,self,0.0509499999999937,0,100,
2025-11-27T08:49:51.983191+00:00,train,2,3343,self,0.0509499999999937,0,93,
2025-11-27T08:49:51.983305+00:00,train,2,3344,self,0.0509499999999937,0,100,
2025-11-27T08:49:51.983418+00:00,train,2,3345,self,0.0509499999999937,0,77,
2025-11-27T08:49:51.983549+00:00,train,2,3346,self,0.0509499999999937,0,97,
2025-11-27T08:49:51.983657+00:00,train,2,3347,self,0.0509499999999937,0,87,
2025-11-27T08:49:51.983819+00:00,train,2,3348,self,0.0509499999999937,0,87,
2025-11-27T08:49:51.983946+00:00,train,2,3349,self,0.0509499999999937,0,100,
2025-11-27T08:49:51.984114+00:00,train,2,3350,self,0.0509499999999937,0,100,
2025-11-27T08:49:51.984245+00:00,train,2,3351,self,0.0509499999999937,0,98,
2025-11-27T08:49:51.984366+00:00,train,2,3352,self,0.0509499999999937,0,100,
2025-11-27T08:49:51.984508+00:00,train,2,3353,self,0.0509499999999937,0,97,
2025-11-27T08:49:51.984620+00:00,train,2,3354,self,0.0509499999999937,0,99,
2025-11-27T08:49:51.984727+00:00,train,2,3355,self,0.0509499999999937,0,95,
2025-11-27T08:49:51.984838+00:00,train,2,3356,self,0.0509499999999937,0,99,
2025-11-27T08:49:51.984954+00:00,train,2,3357,self,0.0509499999999937,0,94,
2025-11-27T08:49:51.985063+00:00,train,2,3358,self,0.0509499999999937,0,100,
2025-11-27T08:49:51.985169+00:00,train,2,3359,self,0.0509499999999937,0,83,
2025-11-27T08:49:51.985280+00:00,train,2,3360,self,0.0509499999999937,0,90,
2025-11-27T08:49:51.985385+00:00,train,2,3361,self,0.0509499999999937,0,98,
2025-11-27T08:49:51.985510+00:00,train,2,3362,self,0.0509499999999937,0,100,
2025-11-27T08:49:51.985613+00:00,train,2,3363,self,0.0509499999999937,0,93,
2025-11-27T08:49:51.985722+00:00,train,2,3364,self,0.0509499999999937,0,96,
2025-11-27T08:49:51.985824+00:00,train,2,3365,self,0.0509499999999937,0,92,
2025-11-27T08:49:51.985932+00:00,train,2,3366,self,0.0509499999999937,0,100,
2025-11-27T08:49:51.986036+00:00,train,2,3367,self,0.0509499999999937,0,100,
2025-11-27T08:49:51.986139+00:00,train,2,3368,self,0.0509499999999937,0,100,
2025-11-27T08:49:51.986249+00:00,train,2,3369,self,0.0509499999999937,0,98,
2025-11-27T08:49:51.986351+00:00,train,2,3370,self,0.0509499999999937,0,99,
2025-11-27T08:49:51.986458+00:00,train,2,3371,self,0.0509499999999937,0,96,
2025-11-27T08:49:51.986560+00:00,train,2,3372,self,0.0509499999999937,0,96,
2025-11-27T08:49:51.986667+00:00,train,2,3373,self,0.0509499999999937,0,89,
2025-11-27T08:49:51.986769+00:00,train,2,3374,self,0.0509499999999937,0,98,
2025-11-27T08:49:51.986876+00:00,train,2,3375,self,0.0509499999999937,0,81,
2025-11-27T08:49:51.986979+00:00,train,2,3376,self,0.0509499999999937,0,93,
2025-11-27T08:49:51.987087+00:00,train,2,3377,self,0.0509499999999937,0,88,
2025-11-27T08:49:51.987192+00:00,train,2,3378,self,0.0509499999999937,0,99,
2025-11-27T08:49:51.987294+00:00,train,2,3379,self,0.0509499999999937,0,100,
2025-11-27T08:49:51.987401+00:00,train,2,3380,self,0.0509499999999937,0,100,
2025-11-27T08:49:51.987503+00:00,train,2,3381,self,0.0509499999999937,0,100,
2025-11-27T08:49:51.987610+00:00,train,2,3382,self,0.0509499999999937,0,100,
2025-11-27T08:49:51.987712+00:00,train,2,3383,self,0.0509499999999937,0,91,
2025-11-27T08:49:51.987820+00:00,train,2,3384,self,0.0509499999999937,0,100,
2025-11-27T08:49:51.987922+00:00,train,2,3385,self,0.0509499999999937,0,83,
2025-11-27T08:49:51.988030+00:00,train,2,3386,self,0.0509499999999937,0,96,
2025-11-27T08:49:51.988133+00:00,train,2,3387,self,0.0509499999999937,0,96,
2025-11-27T08:49:51.988241+00:00,train,2,3388,self,0.0509499999999937,0,100,
2025-11-27T08:49:51.988345+00:00,train,2,3389,self,0.0509499999999937,0,91,
2025-11-27T08:49:51.988447+00:00,train,2,3390,self,0.0509499999999937,0,99,
2025-11-27T08:49:51.988555+00:00,train,2,3391,self,0.0509499999999937,0,93,
2025-11-27T08:49:51.988657+00:00,train,2,3392,self,0.0509499999999937,0,96,
2025-11-27T08:49:51.988764+00:00,train,2,3393,self,0.0509499999999937,0,89,
2025-11-27T08:49:51.988866+00:00,train,2,3394,self,0.0509499999999937,0,94,
2025-11-27T08:49:51.988974+00:00,train,2,3395,self,0.0509499999999937,0,97,
2025-11-27T08:49:51.989076+00:00,train,2,3396,self,0.0509499999999937,0,99,
2025-11-27T08:49:51.989183+00:00,train,2,3397,self,0.0509499999999937,0,92,
2025-11-27T08:49:51.989285+00:00,train,2,3398,self,0.0509499999999937,0,98,
2025-11-27T08:49:51.989393+00:00,train,2,3399,self,0.0509499999999937,0,94,
2025-11-27T08:49:51.989496+00:00,train,2,3400,self,0.0509499999999937,0,100,
2025-11-27T08:49:51.989598+00:00,train,2,3401,self,0.0509499999999937,0,90,
2025-11-27T08:49:51.989706+00:00,train,2,3402,self,0.0509499999999937,0,94,
2025-11-27T08:49:51.989808+00:00,train,2,3403,self,0.0509499999999937,0,91,
2025-11-27T08:49:51.989914+00:00,train,2,3404,self,0.0509499999999937,0,97,
2025-11-27T08:49:51.990016+00:00,train,2,3405,self,0.0509499999999937,0,94,
2025-11-27T08:49:51.990123+00:00,train,2,3406,self,0.0509499999999937,0,97,
2025-11-27T08:49:51.990225+00:00,train,2,3407,self,0.0509499999999937,0,84,
2025-11-27T08:49:51.990332+00:00,train,2,3408,self,0.0509499999999937,0,92,
2025-11-27T08:49:51.990437+00:00,train,2,3409,self,0.0509499999999937,0,98,
2025-11-27T08:49:51.990538+00:00,train,2,3410,self,0.0509499999999937,0,100,
2025-11-27T08:49:51.990645+00:00,train,2,3411,self,0.0509499999999937,0,98,
2025-11-27T08:49:51.990747+00:00,train,2,3412,self,0.0509499999999937,0,100,
2025-11-27T08:49:51.990855+00:00,train,2,3413,self,0.0509499999999937,0,88,
2025-11-27T08:49:51.990957+00:00,train,2,3414,self,0.0509499999999937,0,89,
2025-11-27T08:49:51.991064+00:00,train,2,3415,self,0.0509499999999937,0,88,
2025-11-27T08:49:51.991166+00:00,train,2,3416,self,0.0509499999999937,0,95,
2025-11-27T08:49:51.991274+00:00,train,2,3417,self,0.0509499999999937,0,93,
2025-11-27T08:49:51.991376+00:00,train,2,3418,self,0.0509499999999937,0,94,
2025-11-27T08:49:51.991483+00:00,train,2,3419,self,0.0509499999999937,0,93,
2025-11-27T08:49:51.991588+00:00,train,2,3420,self,0.0509499999999937,0,93,
2025-11-27T08:49:51.991690+00:00,train,2,3421,self,0.0509499999999937,0,81,
2025-11-27T08:49:51.991800+00:00,train,2,3422,self,0.0509499999999937,0,94,
2025-11-27T08:49:51.991902+00:00,train,2,3423,self,0.0509499999999937,0,99,
2025-11-27T08:49:51.992009+00:00,train,2,3424,self,0.0509499999999937,0,100,
2025-11-27T08:49:51.992111+00:00,train,2,3425,self,0.0509499999999937,0,95,
2025-11-27T08:49:51.992219+00:00,train,2,3426,self,0.0509499999999937,0,99,
2025-11-27T08:49:51.992321+00:00,train,2,3427,self,0.0509499999999937,0,98,
2025-11-27T08:49:51.992430+00:00,train,2,3428,self,0.0509499999999937,0,100,
2025-11-27T08:49:51.992588+00:00,train,2,3429,self,0.0509499999999937,0,100,
2025-11-27T08:49:51.992693+00:00,train,2,3430,self,0.0509499999999937,0,100,
2025-11-27T08:49:51.992799+00:00,train,2,3431,self,0.0509499999999937,0,89,
2025-11-27T08:49:51.992901+00:00,train,2,3432,self,0.0509499999999937,0,100,
2025-11-27T08:49:51.993009+00:00,train,2,3433,self,0.0509499999999937,0,95,
2025-11-27T08:49:51.993112+00:00,train,2,3434,self,0.0509499999999937,0,100,
2025-11-27T08:49:51.993219+00:00,train,2,3435,self,0.0509499999999937,0,88,
2025-11-27T08:49:51.993321+00:00,train,2,3436,self,0.0509499999999937,0,92,
2025-11-27T08:49:51.993428+00:00,train,2,3437,self,0.0509499999999937,0,96,
2025-11-27T08:49:51.993530+00:00,train,2,3438,self,0.0509499999999937,0,100,
2025-11-27T08:49:51.993638+00:00,train,2,3439,self,0.0509499999999937,0,84,
2025-11-27T08:49:51.993760+00:00,train,2,3440,self,0.0509499999999937,0,97,
2025-11-27T08:49:51.993864+00:00,train,2,3441,self,0.0509499999999937,0,85,
2025-11-27T08:49:51.993974+00:00,train,2,3442,self,0.0509499999999937,0,94,
2025-11-27T08:49:51.994077+00:00,train,2,3443,self,0.0509499999999937,0,94,
2025-11-27T08:49:51.994186+00:00,train,2,3444,self,0.0509499999999937,0,98,
2025-11-27T08:49:51.994288+00:00,train,2,3445,self,0.0509499999999937,0,98,
2025-11-27T08:49:51.994396+00:00,train,2,3446,self,0.0509499999999937,0,98,
2025-11-27T08:49:51.994499+00:00,train,2,3447,self,0.0509499999999937,0,79,
2025-11-27T08:49:51.994606+00:00,train,2,3448,self,0.0509499999999937,0,95,
2025-11-27T08:49:51.994716+00:00,train,2,3449,self,0.0509499999999937,0,96,
2025-11-27T08:49:51.994856+00:00,train,2,3450,self,0.0509499999999937,0,98,
2025-11-27T08:49:51.994964+00:00,train,2,3451,self,0.0509499999999937,0,95,
2025-11-27T08:49:51.995070+00:00,train,2,3452,self,0.0509499999999937,0,96,
2025-11-27T08:49:51.995172+00:00,train,2,3453,self,0.0509499999999937,0,96,
2025-11-27T08:49:51.995283+00:00,train,2,3454,self,0.0509499999999937,0,100,
2025-11-27T08:49:51.995385+00:00,train,2,3455,self,0.0509499999999937,0,81,
2025-11-27T08:49:51.995493+00:00,train,2,3456,self,0.0509499999999937,0,93,
2025-11-27T08:49:51.995596+00:00,train,2,3457,self,0.0509499999999937,0,100,
2025-11-27T08:49:51.995704+00:00,train,2,3458,self,0.0509499999999937,0,100,
2025-11-27T08:49:51.995806+00:00,train,2,3459,self,0.0509499999999937,0,94,
2025-11-27T08:49:51.995914+00:00,train,2,3460,self,0.0509499999999937,0,99,
2025-11-27T08:49:51.996016+00:00,train,2,3461,self,0.0509499999999937,0,100,
2025-11-27T08:49:51.996123+00:00,train,2,3462,self,0.0509499999999937,0,100,
2025-11-27T08:49:51.996228+00:00,train,2,3463,self,0.0509499999999937,0,83,
2025-11-27T08:49:51.996330+00:00,train,2,3464,self,0.0509499999999937,0,99,
2025-11-27T08:49:51.996486+00:00,train,2,3465,self,0.0509499999999937,0,95,
2025-11-27T08:49:51.996589+00:00,train,2,3466,self,0.0509499999999937,0,98,
2025-11-27T08:49:51.996697+00:00,train,2,3467,self,0.0509499999999937,0,99,
2025-11-27T08:49:51.996799+00:00,train,2,3468,self,0.0509499999999937,0,100,
2025-11-27T08:49:51.996906+00:00,train,2,3469,self,0.0509499999999937,0,92,
2025-11-27T08:49:51.997008+00:00,train,2,3470,self,0.0509499999999937,0,100,
2025-11-27T08:49:51.997116+00:00,train,2,3471,self,0.0509499999999937,0,97,
2025-11-27T08:49:51.997218+00:00,train,2,3472,self,0.0509499999999937,0,100,
2025-11-27T08:49:51.997326+00:00,train,2,3473,self,0.0509499999999937,0,94,
2025-11-27T08:49:51.997431+00:00,train,2,3474,self,0.0509499999999937,0,98,
2025-11-27T08:49:51.997535+00:00,train,2,3475,self,0.0509499999999937,0,99,
2025-11-27T08:49:51.997643+00:00,train,2,3476,self,0.0509499999999937,0,99,
2025-11-27T08:49:51.997745+00:00,train,2,3477,self,0.0509499999999937,0,94,
2025-11-27T08:49:51.997855+00:00,train,2,3478,self,0.0509499999999937,0,96,
2025-11-27T08:49:51.997956+00:00,train,2,3479,self,0.0509499999999937,0,87,
2025-11-27T08:49:51.998064+00:00,train,2,3480,self,0.0509499999999937,0,100,
2025-11-27T08:49:51.998166+00:00,train,2,3481,self,0.0509499999999937,0,97,
2025-11-27T08:49:51.998274+00:00,train,2,3482,self,0.0509499999999937,0,100,
2025-11-27T08:49:51.998376+00:00,train,2,3483,self,0.0509499999999937,0,95,
2025-11-27T08:49:51.998484+00:00,train,2,3484,self,0.0509499999999937,0,96,
2025-11-27T08:49:51.998589+00:00,train,2,3485,self,0.0509499999999937,0,97,
2025-11-27T08:49:51.998692+00:00,train,2,3486,self,0.0509499999999937,0,97,
2025-11-27T08:49:51.998800+00:00,train,2,3487,self,0.0509499999999937,0,95,
2025-11-27T08:49:51.998934+00:00,train,2,3488,self,0.0509499999999937,0,98,
2025-11-27T08:49:51.999091+00:00,train,2,3489,self,0.0509499999999937,0,82,
2025-11-27T08:49:51.999341+00:00,train,2,3490,self,0.0509499999999937,0,93,
2025-11-27T08:49:51.999471+00:00,train,2,3491,self,0.0509499999999937,0,96,
2025-11-27T08:49:51.999585+00:00,train,2,3492,self,0.0509499999999937,0,99,
2025-11-27T08:49:51.999693+00:00,train,2,3493,self,0.0509499999999937,0,81,
2025-11-27T08:49:51.999841+00:00,train,2,3494,self,0.0509499999999937,0,90,
2025-11-27T08:49:52.000010+00:00,train,2,3495,self,0.0509499999999937,0,99,
2025-11-27T08:49:52.000188+00:00,train,2,3496,self,0.0509499999999937,0,99,
2025-11-27T08:49:52.000290+00:00,train,2,3497,self,0.0509499999999937,0,94,
2025-11-27T08:49:52.000393+00:00,train,2,3498,self,0.0509499999999937,0,99,
2025-11-27T08:49:52.000494+00:00,train,2,3499,self,0.0509499999999937,0,95,
2025-11-27T08:49:52.000658+00:00,train,2,3500,self,0.0509499999999937,0,100,
2025-11-27T08:49:52.000782+00:00,train,2,3501,self,0.0509499999999937,0,97,
2025-11-27T08:49:52.000898+00:00,train,2,3502,self,0.0509499999999937,0,98,
2025-11-27T08:49:52.001010+00:00,train,2,3503,self,0.0509499999999937,0,97,
2025-11-27T08:49:52.001120+00:00,train,2,3504,self,0.0509499999999937,0,97,
2025-11-27T08:49:52.001225+00:00,train,2,3505,self,0.0509499999999937,0,98,
2025-11-27T08:49:52.001336+00:00,train,2,3506,self,0.0509499999999937,0,100,
2025-11-27T08:49:52.001439+00:00,train,2,3507,self,0.0509499999999937,0,94,
2025-11-27T08:49:52.001548+00:00,train,2,3508,self,0.0509499999999937,0,100,
2025-11-27T08:49:52.001651+00:00,train,2,3509,self,0.0509499999999937,0,98,
2025-11-27T08:49:52.001759+00:00,train,2,3510,self,0.0509499999999937,0,100,
2025-11-27T08:49:52.001865+00:00,train,2,3511,self,0.0509499999999937,0,87,
2025-11-27T08:49:52.001968+00:00,train,2,3512,self,0.0509499999999937,0,99,
2025-11-27T08:49:52.002076+00:00,train,2,3513,self,0.0509499999999937,0,99,
2025-11-27T08:49:52.002177+00:00,train,2,3514,self,0.0509499999999937,0,99,
2025-11-27T08:49:52.002285+00:00,train,2,3515,self,0.0509499999999937,0,94,
2025-11-27T08:49:52.002387+00:00,train,2,3516,self,0.0509499999999937,0,98,
2025-11-27T08:49:52.002495+00:00,train,2,3517,self,0.0509499999999937,0,90,
2025-11-27T08:49:52.002597+00:00,train,2,3518,self,0.0509499999999937,0,100,
2025-11-27T08:49:52.002752+00:00,train,2,3519,self,0.0509499999999937,0,89,
2025-11-27T08:49:52.002856+00:00,train,2,3520,self,0.0509499999999937,0,100,
2025-11-27T08:49:52.002964+00:00,train,2,3521,self,0.0509499999999937,0,84,
2025-11-27T08:49:52.003069+00:00,train,2,3522,self,0.0509499999999937,0,99,
2025-11-27T08:49:52.003172+00:00,train,2,3523,self,0.0509499999999937,0,85,
2025-11-27T08:49:52.003280+00:00,train,2,3524,self,0.0509499999999937,0,88,
2025-11-27T08:49:52.003382+00:00,train,2,3525,self,0.0509499999999937,0,81,
2025-11-27T08:49:52.003490+00:00,train,2,3526,self,0.0509499999999937,0,98,
2025-11-27T08:49:52.003592+00:00,train,2,3527,self,0.0509499999999937,0,99,
2025-11-27T08:49:52.003705+00:00,train,2,3528,self,0.0509499999999937,0,100,
2025-11-27T08:49:52.003813+00:00,train,2,3529,self,0.0509499999999937,0,96,
2025-11-27T08:49:52.003916+00:00,train,2,3530,self,0.0509499999999937,0,99,
2025-11-27T08:49:52.004026+00:00,train,2,3531,self,0.0509499999999937,0,93,
2025-11-27T08:49:52.004129+00:00,train,2,3532,self,0.0509499999999937,0,99,
2025-11-27T08:49:52.004236+00:00,train,2,3533,self,0.0509499999999937,0,95,
2025-11-27T08:49:52.004339+00:00,train,2,3534,self,0.0509499999999937,0,100,
2025-11-27T08:49:52.004447+00:00,train,2,3535,self,0.0509499999999937,0,96,
2025-11-27T08:49:52.004549+00:00,train,2,3536,self,0.0509499999999937,0,98,
2025-11-27T08:49:52.004656+00:00,train,2,3537,self,0.0509499999999937,0,98,
2025-11-27T08:49:52.004758+00:00,train,2,3538,self,0.0509499999999937,0,98,
2025-11-27T08:49:52.004866+00:00,train,2,3539,self,0.0509499999999937,0,98,
2025-11-27T08:49:52.004969+00:00,train,2,3540,self,0.0509499999999937,0,99,
2025-11-27T08:49:52.005076+00:00,train,2,3541,self,0.0509499999999937,0,85,
2025-11-27T08:49:52.005181+00:00,train,2,3542,self,0.0509499999999937,0,100,
2025-11-27T08:49:52.005284+00:00,train,2,3543,self,0.0509499999999937,0,100,
2025-11-27T08:49:52.005391+00:00,train,2,3544,self,0.0509499999999937,0,100,
2025-11-27T08:49:52.005493+00:00,train,2,3545,self,0.0509499999999937,0,99,
2025-11-27T08:49:52.005599+00:00,train,2,3546,self,0.0509499999999937,0,99,
2025-11-27T08:49:52.005701+00:00,train,2,3547,self,0.0509499999999937,0,78,
2025-11-27T08:49:52.005809+00:00,train,2,3548,self,0.0509499999999937,0,97,
2025-11-27T08:49:52.005911+00:00,train,2,3549,self,0.0509499999999937,0,94,
2025-11-27T08:49:52.006017+00:00,train,2,3550,self,0.0509499999999937,0,97,
2025-11-27T08:49:52.006119+00:00,train,2,3551,self,0.0509499999999937,0,98,
2025-11-27T08:49:52.006226+00:00,train,2,3552,self,0.0509499999999937,0,100,
2025-11-27T08:49:52.006332+00:00,train,2,3553,self,0.0509499999999937,0,98,
2025-11-27T08:49:52.006434+00:00,train,2,3554,self,0.0509499999999937,0,98,
2025-11-27T08:49:52.006540+00:00,train,2,3555,self,0.0509499999999937,0,91,
2025-11-27T08:49:52.006642+00:00,train,2,3556,self,0.0509499999999937,0,100,
2025-11-27T08:49:52.006749+00:00,train,2,3557,self,0.0509499999999937,0,98,
2025-11-27T08:49:52.006850+00:00,train,2,3558,self,0.0509499999999937,0,99,
2025-11-27T08:49:52.006958+00:00,train,2,3559,self,0.0509499999999937,0,93,
2025-11-27T08:49:52.007060+00:00,train,2,3560,self,0.0509499999999937,0,100,
2025-11-27T08:49:52.007167+00:00,train,2,3561,self,0.0509499999999937,0,97,
2025-11-27T08:49:52.007269+00:00,train,2,3562,self,0.0509499999999937,0,99,
2025-11-27T08:49:52.007377+00:00,train,2,3563,self,0.0509499999999937,0,96,
2025-11-27T08:49:52.007481+00:00,train,2,3564,self,0.0509499999999937,0,96,
2025-11-27T08:49:52.007583+00:00,train,2,3565,self,0.0509499999999937,0,93,
2025-11-27T08:49:52.007690+00:00,train,2,3566,self,0.0509499999999937,0,100,
2025-11-27T08:49:52.007792+00:00,train,2,3567,self,0.0509499999999937,0,94,
2025-11-27T08:49:52.007899+00:00,train,2,3568,self,0.0509499999999937,0,96,
2025-11-27T08:49:52.008002+00:00,train,2,3569,self,0.0509499999999937,0,94,
2025-11-27T08:49:52.008109+00:00,train,2,3570,self,0.0509499999999937,0,95,
2025-11-27T08:49:52.008211+00:00,train,2,3571,self,0.0509499999999937,0,94,
2025-11-27T08:49:52.008319+00:00,train,2,3572,self,0.0509499999999937,0,100,
2025-11-27T08:49:52.008424+00:00,train,2,3573,self,0.0509499999999937,0,92,
2025-11-27T08:49:52.008527+00:00,train,2,3574,self,0.0509499999999937,0,98,
2025-11-27T08:49:52.008634+00:00,train,2,3575,self,0.0509499999999937,0,98,
2025-11-27T08:49:52.008736+00:00,train,2,3576,self,0.0509499999999937,0,99,
2025-11-27T08:49:52.008843+00:00,train,2,3577,self,0.0509499999999937,0,93,
2025-11-27T08:49:52.008945+00:00,train,2,3578,self,0.0509499999999937,0,99,
2025-11-27T08:49:52.009053+00:00,train,2,3579,self,0.0509499999999937,0,79,
2025-11-27T08:49:52.009155+00:00,train,2,3580,self,0.0509499999999937,0,92,
2025-11-27T08:49:52.009266+00:00,train,2,3581,self,0.0509499999999937,0,99,
2025-11-27T08:49:52.009368+00:00,train,2,3582,self,0.0509499999999937,0,100,
2025-11-27T08:49:52.009476+00:00,train,2,3583,self,0.0509499999999937,0,86,
2025-11-27T08:49:52.009578+00:00,train,2,3584,self,0.0509499999999937,0,98,
2025-11-27T08:49:52.009685+00:00,train,2,3585,self,0.0509499999999937,0,98,
2025-11-27T08:49:52.009787+00:00,train,2,3586,self,0.0509499999999937,0,100,
2025-11-27T08:49:52.009895+00:00,train,2,3587,self,0.0509499999999937,0,96,
2025-11-27T08:49:52.010000+00:00,train,2,3588,self,0.0509499999999937,0,98,
2025-11-27T08:49:52.010102+00:00,train,2,3589,self,0.0509499999999937,0,97,
2025-11-27T08:49:52.010210+00:00,train,2,3590,self,0.0509499999999937,0,100,
2025-11-27T08:49:52.010313+00:00,train,2,3591,self,0.0509499999999937,0,92,
2025-11-27T08:49:52.010422+00:00,train,2,3592,self,0.0509499999999937,0,100,
2025-11-27T08:49:52.010524+00:00,train,2,3593,self,0.0509499999999937,0,97,
2025-11-27T08:49:52.010635+00:00,train,2,3594,self,0.0509499999999937,0,99,
2025-11-27T08:49:52.010738+00:00,train,2,3595,self,0.0509499999999937,0,99,
2025-11-27T08:49:52.010845+00:00,train,2,3596,self,0.0509499999999937,0,99,
2025-11-27T08:49:52.010948+00:00,train,2,3597,self,0.0509499999999937,0,89,
2025-11-27T08:49:52.011055+00:00,train,2,3598,self,0.0509499999999937,0,92,
2025-11-27T08:49:52.011162+00:00,train,2,3599,self,0.0509499999999937,0,91,
2025-11-27T08:49:52.011263+00:00,train,2,3600,self,0.0509499999999937,0,96,
2025-11-27T08:49:52.011371+00:00,train,2,3601,self,0.0509499999999937,0,99,
2025-11-27T08:49:52.011473+00:00,train,2,3602,self,0.0509499999999937,0,100,
2025-11-27T08:49:52.011581+00:00,train,2,3603,self,0.0509499999999937,0,93,
2025-11-27T08:49:52.011682+00:00,train,2,3604,self,0.0509499999999937,0,100,
2025-11-27T08:49:52.011790+00:00,train,2,3605,self,0.0509499999999937,0,97,
2025-11-27T08:49:52.011892+00:00,train,2,3606,self,0.0509499999999937,0,100,
2025-11-27T08:49:52.012000+00:00,train,2,3607,self,0.0509499999999937,0,90,
2025-11-27T08:49:52.012105+00:00,train,2,3608,self,0.0509499999999937,0,97,
2025-11-27T08:49:52.012207+00:00,train,2,3609,self,0.0509499999999937,0,98,
2025-11-27T08:49:52.012314+00:00,train,2,3610,self,0.0509499999999937,0,100,
2025-11-27T08:49:52.012416+00:00,train,2,3611,self,0.0509499999999937,0,89,
2025-11-27T08:49:52.012524+00:00,train,2,3612,self,0.0509499999999937,0,96,
2025-11-27T08:49:52.012625+00:00,train,2,3613,self,0.0509499999999937,0,96,
2025-11-27T08:49:52.012819+00:00,train,2,3614,self,0.0509499999999937,0,100,
2025-11-27T08:49:52.012976+00:00,train,2,3615,self,0.0509499999999937,0,93,
2025-11-27T08:49:52.013092+00:00,train,2,3616,self,0.0509499999999937,0,99,
2025-11-27T08:49:52.013201+00:00,train,2,3617,self,0.0509499999999937,0,95,
2025-11-27T08:49:52.013336+00:00,train,2,3618,self,0.0509499999999937,0,98,
2025-11-27T08:49:52.013440+00:00,train,2,3619,self,0.0509499999999937,0,88,
2025-11-27T08:49:52.013573+00:00,train,2,3620,self,0.0509499999999937,0,93,
2025-11-27T08:49:52.013675+00:00,train,2,3621,self,0.0509499999999937,0,96,
2025-11-27T08:49:52.013804+00:00,train,2,3622,self,0.0509499999999937,0,97,
2025-11-27T08:49:52.013905+00:00,train,2,3623,self,0.0509499999999937,0,89,
2025-11-27T08:49:52.014033+00:00,train,2,3624,self,0.0509499999999937,0,100,
2025-11-27T08:49:52.014133+00:00,train,2,3625,self,0.0509499999999937,0,92,
2025-11-27T08:49:52.014288+00:00,train,2,3626,self,0.0509499999999937,0,100,
2025-11-27T08:49:52.014413+00:00,train,2,3627,self,0.0509499999999937,0,96,
2025-11-27T08:49:52.014565+00:00,train,2,3628,self,0.0509499999999937,0,98,
2025-11-27T08:49:52.014685+00:00,train,2,3629,self,0.0509499999999937,0,89,
2025-11-27T08:49:52.014845+00:00,train,2,3630,self,0.0509499999999937,0,91,
2025-11-27T08:49:52.014968+00:00,train,2,3631,self,0.0509499999999937,0,96,
2025-11-27T08:49:52.015100+00:00,train,2,3632,self,0.0509499999999937,0,99,
2025-11-27T08:49:52.015212+00:00,train,2,3633,self,0.0509499999999937,0,85,
2025-11-27T08:49:52.015337+00:00,train,2,3634,self,0.0509499999999937,0,88,
2025-11-27T08:49:52.015445+00:00,train,2,3635,self,0.0509499999999937,0,88,
2025-11-27T08:49:52.015642+00:00,train,2,3636,self,0.0509499999999937,0,98,
2025-11-27T08:49:52.015778+00:00,train,2,3637,self,0.0509499999999937,0,96,
2025-11-27T08:49:52.015942+00:00,train,2,3638,self,0.0509499999999937,0,98,
2025-11-27T08:49:52.016066+00:00,train,2,3639,self,0.0509499999999937,0,78,
2025-11-27T08:49:52.016180+00:00,train,2,3640,self,0.0509499999999937,0,86,
2025-11-27T08:49:52.016291+00:00,train,2,3641,self,0.0509499999999937,0,95,
2025-11-27T08:49:52.016397+00:00,train,2,3642,self,0.0509499999999937,0,99,
2025-11-27T08:49:52.016507+00:00,train,2,3643,self,0.0509499999999937,0,85,
2025-11-27T08:49:52.016611+00:00,train,2,3644,self,0.0509499999999937,0,93,
2025-11-27T08:49:52.016720+00:00,train,2,3645,self,0.0509499999999937,0,86,
2025-11-27T08:49:52.016824+00:00,train,2,3646,self,0.0509499999999937,0,88,
2025-11-27T08:49:52.016933+00:00,train,2,3647,self,0.0509499999999937,0,91,
2025-11-27T08:49:52.017035+00:00,train,2,3648,self,0.0509499999999937,0,98,
2025-11-27T08:49:52.017143+00:00,train,2,3649,self,0.0509499999999937,0,93,
2025-11-27T08:49:52.017246+00:00,train,2,3650,self,0.0509499999999937,0,99,
2025-11-27T08:49:52.017355+00:00,train,2,3651,self,0.0509499999999937,0,95,
2025-11-27T08:49:52.017457+00:00,train,2,3652,self,0.0509499999999937,0,100,
2025-11-27T08:49:52.017565+00:00,train,2,3653,self,0.0509499999999937,0,91,
2025-11-27T08:49:52.017667+00:00,train,2,3654,self,0.0509499999999937,0,99,
2025-11-27T08:49:52.017775+00:00,train,2,3655,self,0.0509499999999937,0,88,
2025-11-27T08:49:52.017878+00:00,train,2,3656,self,0.0509499999999937,0,96,
2025-11-27T08:49:52.017987+00:00,train,2,3657,self,0.0509499999999937,0,96,
2025-11-27T08:49:52.018093+00:00,train,2,3658,self,0.0509499999999937,0,100,
2025-11-27T08:49:52.018195+00:00,train,2,3659,self,0.0509499999999937,0,97,
2025-11-27T08:49:52.018310+00:00,train,2,3660,self,0.0509499999999937,0,98,
2025-11-27T08:49:52.018417+00:00,train,2,3661,self,0.0509499999999937,0,94,
2025-11-27T08:49:52.018521+00:00,train,2,3662,self,0.0509499999999937,0,97,
2025-11-27T08:49:52.018628+00:00,train,2,3663,self,0.0509499999999937,0,85,
2025-11-27T08:49:52.018731+00:00,train,2,3664,self,0.0509499999999937,0,100,
2025-11-27T08:49:52.018839+00:00,train,2,3665,self,0.0509499999999937,0,96,
2025-11-27T08:49:52.018942+00:00,train,2,3666,self,0.0509499999999937,0,100,
2025-11-27T08:49:52.019056+00:00,train,2,3667,self,0.0509499999999937,0,100,
2025-11-27T08:49:52.019159+00:00,train,2,3668,self,0.0509499999999937,0,100,
2025-11-27T08:49:52.019267+00:00,train,2,3669,self,0.0509499999999937,0,96,
2025-11-27T08:49:52.019369+00:00,train,2,3670,self,0.0509499999999937,0,98,
2025-11-27T08:49:52.019477+00:00,train,2,3671,self,0.0509499999999937,0,99,
2025-11-27T08:49:52.019582+00:00,train,2,3672,self,0.0509499999999937,0,100,
2025-11-27T08:49:52.019684+00:00,train,2,3673,self,0.0509499999999937,0,93,
2025-11-27T08:49:52.019795+00:00,train,2,3674,self,0.0509499999999937,0,100,
2025-11-27T08:49:52.019897+00:00,train,2,3675,self,0.0509499999999937,0,92,
2025-11-27T08:49:52.020005+00:00,train,2,3676,self,0.0509499999999937,0,98,
2025-11-27T08:49:52.020106+00:00,train,2,3677,self,0.0509499999999937,0,86,
2025-11-27T08:49:52.020213+00:00,train,2,3678,self,0.0509499999999937,0,98,
2025-11-27T08:49:52.020316+00:00,train,2,3679,self,0.0509499999999937,0,87,
2025-11-27T08:49:52.020424+00:00,train,2,3680,self,0.0509499999999937,0,89,
2025-11-27T08:49:52.020526+00:00,train,2,3681,self,0.0509499999999937,0,88,
2025-11-27T08:49:52.020637+00:00,train,2,3682,self,0.0509499999999937,0,97,
2025-11-27T08:49:52.020742+00:00,train,2,3683,self,0.0509499999999937,0,94,
2025-11-27T08:49:52.020845+00:00,train,2,3684,self,0.0509499999999937,0,100,
2025-11-27T08:49:52.020952+00:00,train,2,3685,self,0.0509499999999937,0,92,
2025-11-27T08:49:52.021055+00:00,train,2,3686,self,0.0509499999999937,0,100,
2025-11-27T08:49:52.021162+00:00,train,2,3687,self,0.0509499999999937,0,99,
2025-11-27T08:49:52.021322+00:00,train,2,3688,self,0.0509499999999937,0,100,
2025-11-27T08:49:52.021427+00:00,train,2,3689,self,0.0509499999999937,0,94,
2025-11-27T08:49:52.021536+00:00,train,2,3690,self,0.0509499999999937,0,100,
2025-11-27T08:49:52.021639+00:00,train,2,3691,self,0.0509499999999937,0,88,
2025-11-27T08:49:52.021747+00:00,train,2,3692,self,0.0509499999999937,0,96,
2025-11-27T08:49:52.021849+00:00,train,2,3693,self,0.0509499999999937,0,79,
2025-11-27T08:49:52.021958+00:00,train,2,3694,self,0.0509499999999937,0,99,
2025-11-27T08:49:52.022060+00:00,train,2,3695,self,0.0509499999999937,0,94,
2025-11-27T08:49:52.022167+00:00,train,2,3696,self,0.0509499999999937,0,99,
2025-11-27T08:49:52.022270+00:00,train,2,3697,self,0.0509499999999937,0,92,
2025-11-27T08:49:52.022378+00:00,train,2,3698,self,0.0509499999999937,0,97,
2025-11-27T08:49:52.022480+00:00,train,2,3699,self,0.0509499999999937,0,96,
2025-11-27T08:49:52.022588+00:00,train,2,3700,self,0.0509499999999937,0,99,
2025-11-27T08:49:52.024867+00:00,train,2,3701,self,0.0509499999999937,0,92,
2025-11-27T08:49:52.025000+00:00,train,2,3702,self,0.0509499999999937,0,100,
2025-11-27T08:49:52.025111+00:00,train,2,3703,self,0.0509499999999937,0,97,
2025-11-27T08:49:52.025216+00:00,train,2,3704,self,0.0509499999999937,0,98,
2025-11-27T08:49:52.025325+00:00,train,2,3705,self,0.0509499999999937,0,96,
2025-11-27T08:49:52.025431+00:00,train,2,3706,self,0.0509499999999937,0,100,
2025-11-27T08:49:52.025535+00:00,train,2,3707,self,0.0509499999999937,0,80,
2025-11-27T08:49:52.025645+00:00,train,2,3708,self,0.0509499999999937,0,94,
2025-11-27T08:49:52.025749+00:00,train,2,3709,self,0.0509499999999937,0,96,
2025-11-27T08:49:52.025860+00:00,train,2,3710,self,0.0509499999999937,0,100,
2025-11-27T08:49:52.025964+00:00,train,2,3711,self,0.0509499999999937,0,98,
2025-11-27T08:49:52.026072+00:00,train,2,3712,self,0.0509499999999937,0,99,
2025-11-27T08:49:52.026175+00:00,train,2,3713,self,0.0509499999999937,0,91,
2025-11-27T08:49:52.026283+00:00,train,2,3714,self,0.0509499999999937,0,95,
2025-11-27T08:49:52.026386+00:00,train,2,3715,self,0.0509499999999937,0,98,
2025-11-27T08:49:52.026507+00:00,train,2,3716,self,0.0509499999999937,0,99,
2025-11-27T08:49:52.026619+00:00,train,2,3717,self,0.0509499999999937,0,95,
2025-11-27T08:49:52.026724+00:00,train,2,3718,self,0.0509499999999937,0,100,
2025-11-27T08:49:52.026836+00:00,train,2,3719,self,0.0509499999999937,0,91,
2025-11-27T08:49:52.026941+00:00,train,2,3720,self,0.0509499999999937,0,95,
2025-11-27T08:49:52.027052+00:00,train,2,3721,self,0.0509499999999937,0,82,
2025-11-27T08:49:52.027157+00:00,train,2,3722,self,0.0509499999999937,0,96,
2025-11-27T08:49:52.027267+00:00,train,2,3723,self,0.0509499999999937,0,89,
2025-11-27T08:49:52.027372+00:00,train,2,3724,self,0.0509499999999937,0,98,
2025-11-27T08:49:52.027498+00:00,train,2,3725,self,0.0509499999999937,0,95,
2025-11-27T08:49:52.027606+00:00,train,2,3726,self,0.0509499999999937,0,99,
2025-11-27T08:49:52.027718+00:00,train,2,3727,self,0.0509499999999937,0,97,
2025-11-27T08:49:52.027831+00:00,train,2,3728,self,0.0509499999999937,0,100,
2025-11-27T08:49:52.027944+00:00,train,2,3729,self,0.0509499999999937,0,98,
2025-11-27T08:49:52.028051+00:00,train,2,3730,self,0.0509499999999937,0,99,
2025-11-27T08:49:52.028165+00:00,train,2,3731,self,0.0509499999999937,0,96,
2025-11-27T08:49:52.028276+00:00,train,2,3732,self,0.0509499999999937,0,98,
2025-11-27T08:49:52.028383+00:00,train,2,3733,self,0.0509499999999937,0,82,
2025-11-27T08:49:52.028513+00:00,train,2,3734,self,0.0509499999999937,0,99,
2025-11-27T08:49:52.028623+00:00,train,2,3735,self,0.0509499999999937,0,89,
2025-11-27T08:49:52.028743+00:00,train,2,3736,self,0.0509499999999937,0,99,
2025-11-27T08:49:52.028857+00:00,train,2,3737,self,0.0509499999999937,0,93,
2025-11-27T08:49:52.028971+00:00,train,2,3738,self,0.0509499999999937,0,98,
2025-11-27T08:49:52.029086+00:00,train,2,3739,self,0.0509499999999937,0,92,
2025-11-27T08:49:52.029201+00:00,train,2,3740,self,0.0509499999999937,0,97,
2025-11-27T08:49:52.029317+00:00,train,2,3741,self,0.0509499999999937,0,96,
2025-11-27T08:49:52.029432+00:00,train,2,3742,self,0.0509499999999937,0,97,
2025-11-27T08:49:52.029562+00:00,train,2,3743,self,0.0509499999999937,0,85,
2025-11-27T08:49:52.029679+00:00,train,2,3744,self,0.0509499999999937,0,100,
2025-11-27T08:49:52.029797+00:00,train,2,3745,self,0.0509499999999937,0,90,
2025-11-27T08:49:52.029915+00:00,train,2,3746,self,0.0509499999999937,0,100,
2025-11-27T08:49:52.030032+00:00,train,2,3747,self,0.0509499999999937,0,88,
2025-11-27T08:49:52.030149+00:00,train,2,3748,self,0.0509499999999937,0,94,
2025-11-27T08:49:52.030266+00:00,train,2,3749,self,0.0509499999999937,0,90,
2025-11-27T08:49:52.030383+00:00,train,2,3750,self,0.0509499999999937,0,95,
2025-11-27T08:49:52.030511+00:00,train,2,3751,self,0.0509499999999937,0,93,
2025-11-27T08:49:52.030624+00:00,train,2,3752,self,0.0509499999999937,0,95,
2025-11-27T08:49:52.030738+00:00,train,2,3753,self,0.0509499999999937,0,95,
2025-11-27T08:49:52.030851+00:00,train,2,3754,self,0.0509499999999937,0,100,
2025-11-27T08:49:52.030965+00:00,train,2,3755,self,0.0509499999999937,0,87,
2025-11-27T08:49:52.031078+00:00,train,2,3756,self,0.0509499999999937,0,100,
2025-11-27T08:49:52.031193+00:00,train,2,3757,self,0.0509499999999937,0,100,
2025-11-27T08:49:52.031307+00:00,train,2,3758,self,0.0509499999999937,0,100,
2025-11-27T08:49:52.031434+00:00,train,2,3759,self,0.0509499999999937,0,95,
2025-11-27T08:49:52.031545+00:00,train,2,3760,self,0.0509499999999937,0,97,
2025-11-27T08:49:52.031656+00:00,train,2,3761,self,0.0509499999999937,0,76,
2025-11-27T08:49:52.031767+00:00,train,2,3762,self,0.0509499999999937,0,100,
2025-11-27T08:49:52.031875+00:00,train,2,3763,self,0.0509499999999937,0,90,
2025-11-27T08:49:52.031989+00:00,train,2,3764,self,0.0509499999999937,0,99,
2025-11-27T08:49:52.032100+00:00,train,2,3765,self,0.0509499999999937,0,94,
2025-11-27T08:49:52.032211+00:00,train,2,3766,self,0.0509499999999937,0,100,
2025-11-27T08:49:52.032322+00:00,train,2,3767,self,0.0509499999999937,0,68,
2025-11-27T08:49:52.032433+00:00,train,2,3768,self,0.0509499999999937,0,91,
2025-11-27T08:49:52.032552+00:00,train,2,3769,self,0.0509499999999937,0,92,
2025-11-27T08:49:52.032663+00:00,train,2,3770,self,0.0509499999999937,0,98,
2025-11-27T08:49:52.032769+00:00,train,2,3771,self,0.0509499999999937,0,96,
2025-11-27T08:49:52.032879+00:00,train,2,3772,self,0.0509499999999937,0,97,
2025-11-27T08:49:52.032984+00:00,train,2,3773,self,0.0509499999999937,0,92,
2025-11-27T08:49:52.033095+00:00,train,2,3774,self,0.0509499999999937,0,95,
2025-11-27T08:49:52.033203+00:00,train,2,3775,self,0.0509499999999937,0,85,
2025-11-27T08:49:52.033308+00:00,train,2,3776,self,0.0509499999999937,0,97,
2025-11-27T08:49:52.033432+00:00,train,2,3777,self,0.0509499999999937,0,79,
2025-11-27T08:49:52.033541+00:00,train,2,3778,self,0.0509499999999937,0,98,
2025-11-27T08:49:52.033646+00:00,train,2,3779,self,0.0509499999999937,0,100,
2025-11-27T08:49:52.033749+00:00,train,2,3780,self,0.0509499999999937,0,100,
2025-11-27T08:49:52.033857+00:00,train,2,3781,self,0.0509499999999937,0,82,
2025-11-27T08:49:52.033959+00:00,train,2,3782,self,0.0509499999999937,0,100,
2025-11-27T08:49:52.034068+00:00,train,2,3783,self,0.0509499999999937,0,93,
2025-11-27T08:49:52.034170+00:00,train,2,3784,self,0.0509499999999937,0,96,
2025-11-27T08:49:52.034278+00:00,train,2,3785,self,0.0509499999999937,0,91,
2025-11-27T08:49:52.034383+00:00,train,2,3786,self,0.0509499999999937,0,98,
2025-11-27T08:49:52.034486+00:00,train,2,3787,self,0.0509499999999937,0,92,
2025-11-27T08:49:52.034593+00:00,train,2,3788,self,0.0509499999999937,0,98,
2025-11-27T08:49:52.034696+00:00,train,2,3789,self,0.0509499999999937,0,95,
2025-11-27T08:49:52.034804+00:00,train,2,3790,self,0.0509499999999937,0,99,
2025-11-27T08:49:52.034906+00:00,train,2,3791,self,0.0509499999999937,0,97,
2025-11-27T08:49:52.035081+00:00,train,2,3792,self,0.0509499999999937,0,100,
2025-11-27T08:49:52.035212+00:00,train,2,3793,self,0.0509499999999937,0,90,
2025-11-27T08:49:52.035318+00:00,train,2,3794,self,0.0509499999999937,0,92,
2025-11-27T08:49:52.035427+00:00,train,2,3795,self,0.0509499999999937,0,80,
2025-11-27T08:49:52.035530+00:00,train,2,3796,self,0.0509499999999937,0,95,
2025-11-27T08:49:52.035641+00:00,train,2,3797,self,0.0509499999999937,0,98,
2025-11-27T08:49:52.035744+00:00,train,2,3798,self,0.0509499999999937,0,100,
2025-11-27T08:49:52.035852+00:00,train,2,3799,self,0.0509499999999937,0,90,
2025-11-27T08:49:52.035955+00:00,train,2,3800,self,0.0509499999999937,0,96,
2025-11-27T08:49:52.036062+00:00,train,2,3801,self,0.0509499999999937,0,89,
2025-11-27T08:49:52.036165+00:00,train,2,3802,self,0.0509499999999937,0,99,
2025-11-27T08:49:52.036273+00:00,train,2,3803,self,0.0509499999999937,0,92,
2025-11-27T08:49:52.036377+00:00,train,2,3804,self,0.0509499999999937,0,98,
2025-11-27T08:49:52.036485+00:00,train,2,3805,self,0.0509499999999937,0,96,
2025-11-27T08:49:52.036588+00:00,train,2,3806,self,0.0509499999999937,0,98,
2025-11-27T08:49:52.036696+00:00,train,2,3807,self,0.0509499999999937,0,90,
2025-11-27T08:49:52.036801+00:00,train,2,3808,self,0.0509499999999937,0,100,
2025-11-27T08:49:52.036903+00:00,train,2,3809,self,0.0509499999999937,0,96,
2025-11-27T08:49:52.037010+00:00,train,2,3810,self,0.0509499999999937,0,98,
2025-11-27T08:49:52.037113+00:00,train,2,3811,self,0.0509499999999937,0,87,
2025-11-27T08:49:52.037221+00:00,train,2,3812,self,0.0509499999999937,0,97,
2025-11-27T08:49:52.037323+00:00,train,2,3813,self,0.0509499999999937,0,98,
2025-11-27T08:49:52.037431+00:00,train,2,3814,self,0.0509499999999937,0,100,
2025-11-27T08:49:52.037534+00:00,train,2,3815,self,0.0509499999999937,0,98,
2025-11-27T08:49:52.037642+00:00,train,2,3816,self,0.0509499999999937,0,99,
2025-11-27T08:49:52.037745+00:00,train,2,3817,self,0.0509499999999937,0,94,
2025-11-27T08:49:52.037854+00:00,train,2,3818,self,0.0509499999999937,0,96,
2025-11-27T08:49:52.037960+00:00,train,2,3819,self,0.0509499999999937,0,94,
2025-11-27T08:49:52.038062+00:00,train,2,3820,self,0.0509499999999937,0,95,
2025-11-27T08:49:52.038170+00:00,train,2,3821,self,0.0509499999999937,0,96,
2025-11-27T08:49:52.038273+00:00,train,2,3822,self,0.0509499999999937,0,100,
2025-11-27T08:49:52.038380+00:00,train,2,3823,self,0.0509499999999937,0,94,
2025-11-27T08:49:52.038482+00:00,train,2,3824,self,0.0509499999999937,0,97,
2025-11-27T08:49:52.038590+00:00,train,2,3825,self,0.0509499999999937,0,93,
2025-11-27T08:49:52.038692+00:00,train,2,3826,self,0.0509499999999937,0,98,
2025-11-27T08:49:52.038800+00:00,train,2,3827,self,0.0509499999999937,0,95,
2025-11-27T08:49:52.038902+00:00,train,2,3828,self,0.0509499999999937,0,96,
2025-11-27T08:49:52.039009+00:00,train,2,3829,self,0.0509499999999937,0,93,
2025-11-27T08:49:52.039115+00:00,train,2,3830,self,0.0509499999999937,0,95,
2025-11-27T08:49:52.039217+00:00,train,2,3831,self,0.0509499999999937,0,99,
2025-11-27T08:49:52.039325+00:00,train,2,3832,self,0.0509499999999937,0,100,
2025-11-27T08:49:52.039427+00:00,train,2,3833,self,0.0509499999999937,0,93,
2025-11-27T08:49:52.039535+00:00,train,2,3834,self,0.0509499999999937,0,100,
2025-11-27T08:49:52.039637+00:00,train,2,3835,self,0.0509499999999937,0,89,
2025-11-27T08:49:52.039744+00:00,train,2,3836,self,0.0509499999999937,0,91,
2025-11-27T08:49:52.039846+00:00,train,2,3837,self,0.0509499999999937,0,100,
2025-11-27T08:49:52.039960+00:00,train,2,3838,self,0.0509499999999937,0,100,
2025-11-27T08:49:52.040111+00:00,train,2,3839,self,0.0509499999999937,0,83,
2025-11-27T08:49:52.040334+00:00,train,2,3840,self,0.0509499999999937,0,95,
2025-11-27T08:49:52.040455+00:00,train,2,3841,self,0.0509499999999937,0,98,
2025-11-27T08:49:52.040587+00:00,train,2,3842,self,0.0509499999999937,0,98,
2025-11-27T08:49:52.040695+00:00,train,2,3843,self,0.0509499999999937,0,96,
2025-11-27T08:49:52.040830+00:00,train,2,3844,self,0.0509499999999937,0,97,
2025-11-27T08:49:52.040934+00:00,train,2,3845,self,0.0509499999999937,0,99,
2025-11-27T08:49:52.041038+00:00,train,2,3846,self,0.0509499999999937,0,100,
2025-11-27T08:49:52.041142+00:00,train,2,3847,self,0.0509499999999937,0,94,
2025-11-27T08:49:52.041285+00:00,train,2,3848,self,0.0509499999999937,0,98,
2025-11-27T08:49:52.041388+00:00,train,2,3849,self,0.0509499999999937,0,89,
2025-11-27T08:49:52.041519+00:00,train,2,3850,self,0.0509499999999937,0,100,
2025-11-27T08:49:52.041622+00:00,train,2,3851,self,0.0509499999999937,0,88,
2025-11-27T08:49:52.041757+00:00,train,2,3852,self,0.0509499999999937,0,97,
2025-11-27T08:49:52.041858+00:00,train,2,3853,self,0.0509499999999937,0,78,
2025-11-27T08:49:52.041970+00:00,train,2,3854,self,0.0509499999999937,0,96,
2025-11-27T08:49:52.042072+00:00,train,2,3855,self,0.0509499999999937,0,91,
2025-11-27T08:49:52.042174+00:00,train,2,3856,self,0.0509499999999937,0,96,
2025-11-27T08:49:52.042275+00:00,train,2,3857,self,0.0509499999999937,0,89,
2025-11-27T08:49:52.042377+00:00,train,2,3858,self,0.0509499999999937,0,100,
2025-11-27T08:49:52.042481+00:00,train,2,3859,self,0.0509499999999937,0,92,
2025-11-27T08:49:52.042583+00:00,train,2,3860,self,0.0509499999999937,0,94,
2025-11-27T08:49:52.042685+00:00,train,2,3861,self,0.0509499999999937,0,99,
2025-11-27T08:49:52.042786+00:00,train,2,3862,self,0.0509499999999937,0,100,
2025-11-27T08:49:52.042888+00:00,train,2,3863,self,0.0509499999999937,0,99,
2025-11-27T08:49:52.042989+00:00,train,2,3864,self,0.0509499999999937,0,100,
2025-11-27T08:49:52.043090+00:00,train,2,3865,self,0.0509499999999937,0,95,
2025-11-27T08:49:52.043191+00:00,train,2,3866,self,0.0509499999999937,0,100,
2025-11-27T08:49:52.043292+00:00,train,2,3867,self,0.0509499999999937,0,100,
2025-11-27T08:49:52.043392+00:00,train,2,3868,self,0.0509499999999937,0,100,
2025-11-27T08:49:52.043494+00:00,train,2,3869,self,0.0509499999999937,0,96,
2025-11-27T08:49:52.043594+00:00,train,2,3870,self,0.0509499999999937,0,98,
2025-11-27T08:49:52.043695+00:00,train,2,3871,self,0.0509499999999937,0,96,
2025-11-27T08:49:52.043796+00:00,train,2,3872,self,0.0509499999999937,0,100,
2025-11-27T08:49:52.043896+00:00,train,2,3873,self,0.0509499999999937,0,89,
2025-11-27T08:49:52.043997+00:00,train,2,3874,self,0.0509499999999937,0,98,
2025-11-27T08:49:52.044098+00:00,train,2,3875,self,0.0509499999999937,0,81,
2025-11-27T08:49:52.044199+00:00,train,2,3876,self,0.0509499999999937,0,98,
2025-11-27T08:49:52.044300+00:00,train,2,3877,self,0.0509499999999937,0,94,
2025-11-27T08:49:52.044400+00:00,train,2,3878,self,0.0509499999999937,0,95,
2025-11-27T08:49:52.044501+00:00,train,2,3879,self,0.0509499999999937,0,89,
2025-11-27T08:49:52.044602+00:00,train,2,3880,self,0.0509499999999937,0,100,
2025-11-27T08:49:52.044703+00:00,train,2,3881,self,0.0509499999999937,0,99,
2025-11-27T08:49:52.044804+00:00,train,2,3882,self,0.0509499999999937,0,100,
2025-11-27T08:49:52.044905+00:00,train,2,3883,self,0.0509499999999937,0,84,
2025-11-27T08:49:52.045007+00:00,train,2,3884,self,0.0509499999999937,0,97,
2025-11-27T08:49:52.045107+00:00,train,2,3885,self,0.0509499999999937,0,75,
2025-11-27T08:49:52.045208+00:00,train,2,3886,self,0.0509499999999937,0,100,
2025-11-27T08:49:52.045309+00:00,train,2,3887,self,0.0509499999999937,0,93,
2025-11-27T08:49:52.045411+00:00,train,2,3888,self,0.0509499999999937,0,100,
2025-11-27T08:49:52.045512+00:00,train,2,3889,self,0.0509499999999937,0,94,
2025-11-27T08:49:52.045614+00:00,train,2,3890,self,0.0509499999999937,0,97,
2025-11-27T08:49:52.045715+00:00,train,2,3891,self,0.0509499999999937,0,85,
2025-11-27T08:49:52.045993+00:00,train,2,3892,self,0.0509499999999937,0,93,
2025-11-27T08:49:52.046096+00:00,train,2,3893,self,0.0509499999999937,0,93,
2025-11-27T08:49:52.046197+00:00,train,2,3894,self,0.0509499999999937,0,98,
2025-11-27T08:49:52.046298+00:00,train,2,3895,self,0.0509499999999937,0,89,
2025-11-27T08:49:52.046399+00:00,train,2,3896,self,0.0509499999999937,0,91,
2025-11-27T08:49:52.046500+00:00,train,2,3897,self,0.0509499999999937,0,97,
2025-11-27T08:49:52.046602+00:00,train,2,3898,self,0.0509499999999937,0,100,
2025-11-27T08:49:52.046703+00:00,train,2,3899,self,0.0509499999999937,0,88,
2025-11-27T08:49:52.046806+00:00,train,2,3900,self,0.0509499999999937,0,99,
2025-11-27T08:49:52.046907+00:00,train,2,3901,self,0.0509499999999937,0,94,
2025-11-27T08:49:52.047011+00:00,train,2,3902,self,0.0509499999999937,0,100,
2025-11-27T08:49:52.047251+00:00,train,2,3903,self,0.0509499999999937,0,97,
2025-11-27T08:49:52.047368+00:00,train,2,3904,self,0.0509499999999937,0,97,
2025-11-27T08:49:52.047478+00:00,train,2,3905,self,0.0509499999999937,0,91,
2025-11-27T08:49:52.047583+00:00,train,2,3906,self,0.0509499999999937,0,98,
2025-11-27T08:49:52.047685+00:00,train,2,3907,self,0.0509499999999937,0,96,
2025-11-27T08:49:52.047786+00:00,train,2,3908,self,0.0509499999999937,0,100,
2025-11-27T08:49:52.047887+00:00,train,2,3909,self,0.0509499999999937,0,97,
2025-11-27T08:49:52.047987+00:00,train,2,3910,self,0.0509499999999937,0,100,
2025-11-27T08:49:52.048144+00:00,train,2,3911,self,0.0509499999999937,0,93,
2025-11-27T08:49:52.048244+00:00,train,2,3912,self,0.0509499999999937,0,98,
2025-11-27T08:49:52.048346+00:00,train,2,3913,self,0.0509499999999937,0,91,
2025-11-27T08:49:52.048445+00:00,train,2,3914,self,0.0509499999999937,0,97,
2025-11-27T08:49:52.048544+00:00,train,2,3915,self,0.0509499999999937,0,85,
2025-11-27T08:49:52.048643+00:00,train,2,3916,self,0.0509499999999937,0,95,
2025-11-27T08:49:52.048742+00:00,train,2,3917,self,0.0509499999999937,0,94,
2025-11-27T08:49:52.048841+00:00,train,2,3918,self,0.0509499999999937,0,100,
2025-11-27T08:49:52.048940+00:00,train,2,3919,self,0.0509499999999937,0,95,
2025-11-27T08:49:52.049039+00:00,train,2,3920,self,0.0509499999999937,0,95,
2025-11-27T08:49:52.049138+00:00,train,2,3921,self,0.0509499999999937,0,88,
2025-11-27T08:49:52.049236+00:00,train,2,3922,self,0.0509499999999937,0,88,
2025-11-27T08:49:52.049335+00:00,train,2,3923,self,0.0509499999999937,0,94,
2025-11-27T08:49:52.049434+00:00,train,2,3924,self,0.0509499999999937,0,100,
2025-11-27T08:49:52.049532+00:00,train,2,3925,self,0.0509499999999937,0,97,
2025-11-27T08:49:52.049631+00:00,train,2,3926,self,0.0509499999999937,0,100,
2025-11-27T08:49:52.049730+00:00,train,2,3927,self,0.0509499999999937,0,99,
2025-11-27T08:49:52.049828+00:00,train,2,3928,self,0.0509499999999937,0,100,
2025-11-27T08:49:52.049926+00:00,train,2,3929,self,0.0509499999999937,0,98,
2025-11-27T08:49:52.050024+00:00,train,2,3930,self,0.0509499999999937,0,100,
2025-11-27T08:49:52.050122+00:00,train,2,3931,self,0.0509499999999937,0,99,
2025-11-27T08:49:52.050221+00:00,train,2,3932,self,0.0509499999999937,0,100,
2025-11-27T08:49:52.050320+00:00,train,2,3933,self,0.0509499999999937,0,87,
2025-11-27T08:49:52.050418+00:00,train,2,3934,self,0.0509499999999937,0,100,
2025-11-27T08:49:52.050516+00:00,train,2,3935,self,0.0509499999999937,0,93,
2025-11-27T08:49:52.050711+00:00,train,2,3936,self,0.0509499999999937,0,96,
2025-11-27T08:49:52.050825+00:00,train,2,3937,self,0.0509499999999937,0,92,
2025-11-27T08:49:52.050923+00:00,train,2,3938,self,0.0509499999999937,0,95,
2025-11-27T08:49:52.051021+00:00,train,2,3939,self,0.0509499999999937,0,81,
2025-11-27T08:49:52.051120+00:00,train,2,3940,self,0.0509499999999937,0,89,
2025-11-27T08:49:52.051218+00:00,train,2,3941,self,0.0509499999999937,0,91,
2025-11-27T08:49:52.051317+00:00,train,2,3942,self,0.0509499999999937,0,94,
2025-11-27T08:49:52.051415+00:00,train,2,3943,self,0.0509499999999937,0,88,
2025-11-27T08:49:52.051514+00:00,train,2,3944,self,0.0509499999999937,0,100,
2025-11-27T08:49:52.051612+00:00,train,2,3945,self,0.0509499999999937,0,85,
2025-11-27T08:49:52.051710+00:00,train,2,3946,self,0.0509499999999937,0,99,
2025-11-27T08:49:52.051809+00:00,train,2,3947,self,0.0509499999999937,0,83,
2025-11-27T08:49:52.051907+00:00,train,2,3948,self,0.0509499999999937,0,88,
2025-11-27T08:49:52.052006+00:00,train,2,3949,self,0.0509499999999937,0,94,
2025-11-27T08:49:52.052105+00:00,train,2,3950,self,0.0509499999999937,0,98,
2025-11-27T08:49:52.052203+00:00,train,2,3951,self,0.0509499999999937,0,98,
2025-11-27T08:49:52.052302+00:00,train,2,3952,self,0.0509499999999937,0,98,
2025-11-27T08:49:52.052403+00:00,train,2,3953,self,0.0509499999999937,0,84,
2025-11-27T08:49:52.052502+00:00,train,2,3954,self,0.0509499999999937,0,95,
2025-11-27T08:49:52.052601+00:00,train,2,3955,self,0.0509499999999937,0,95,
2025-11-27T08:49:52.052699+00:00,train,2,3956,self,0.0509499999999937,0,97,
2025-11-27T08:49:52.052798+00:00,train,2,3957,self,0.0509499999999937,0,93,
2025-11-27T08:49:52.052896+00:00,train,2,3958,self,0.0509499999999937,0,95,
2025-11-27T08:49:52.052995+00:00,train,2,3959,self,0.0509499999999937,0,96,
2025-11-27T08:49:52.053093+00:00,train,2,3960,self,0.0509499999999937,0,98,
2025-11-27T08:49:52.053192+00:00,train,2,3961,self,0.0509499999999937,0,100,
2025-11-27T08:49:52.053290+00:00,train,2,3962,self,0.0509499999999937,0,100,
2025-11-27T08:49:52.053389+00:00,train,2,3963,self,0.0509499999999937,0,95,
2025-11-27T08:49:52.053487+00:00,train,2,3964,self,0.0509499999999937,0,99,
2025-11-27T08:49:52.053585+00:00,train,2,3965,self,0.0509499999999937,0,91,
2025-11-27T08:49:52.053683+00:00,train,2,3966,self,0.0509499999999937,0,100,
2025-11-27T08:49:52.053782+00:00,train,2,3967,self,0.0509499999999937,0,94,
2025-11-27T08:49:52.053932+00:00,train,2,3968,self,0.0509499999999937,0,100,
2025-11-27T08:49:52.054030+00:00,train,2,3969,self,0.0509499999999937,0,87,
2025-11-27T08:49:52.054180+00:00,train,2,3970,self,0.0509499999999937,0,94,
2025-11-27T08:49:52.054296+00:00,train,2,3971,self,0.0509499999999937,0,91,
2025-11-27T08:49:52.054395+00:00,train,2,3972,self,0.0509499999999937,0,100,
2025-11-27T08:49:52.054493+00:00,train,2,3973,self,0.0509499999999937,0,98,
2025-11-27T08:49:52.054592+00:00,train,2,3974,self,0.0509499999999937,0,99,
2025-11-27T08:49:52.054690+00:00,train,2,3975,self,0.0509499999999937,0,90,
2025-11-27T08:49:52.054789+00:00,train,2,3976,self,0.0509499999999937,0,99,
2025-11-27T08:49:52.054887+00:00,train,2,3977,self,0.0509499999999937,0,81,
2025-11-27T08:49:52.054986+00:00,train,2,3978,self,0.0509499999999937,0,88,
2025-11-27T08:49:52.055085+00:00,train,2,3979,self,0.0509499999999937,0,95,
2025-11-27T08:49:52.055184+00:00,train,2,3980,self,0.0509499999999937,0,100,
2025-11-27T08:49:52.055282+00:00,train,2,3981,self,0.0509499999999937,0,94,
2025-11-27T08:49:52.055381+00:00,train,2,3982,self,0.0509499999999937,0,97,
2025-11-27T08:49:52.055479+00:00,train,2,3983,self,0.0509499999999937,0,97,
2025-11-27T08:49:52.055578+00:00,train,2,3984,self,0.0509499999999937,0,97,
2025-11-27T08:49:52.055677+00:00,train,2,3985,self,0.0509499999999937,0,94,
2025-11-27T08:49:52.055775+00:00,train,2,3986,self,0.0509499999999937,0,98,
2025-11-27T08:49:52.055873+00:00,train,2,3987,self,0.0509499999999937,0,94,
2025-11-27T08:49:52.056124+00:00,train,2,3988,self,0.0509499999999937,0,95,
2025-11-27T08:49:52.056276+00:00,train,2,3989,self,0.0509499999999937,0,91,
2025-11-27T08:49:52.056395+00:00,train,2,3990,self,0.0509499999999937,0,94,
2025-11-27T08:49:52.056509+00:00,train,2,3991,self,0.0509499999999937,0,98,
2025-11-27T08:49:52.056638+00:00,train,2,3992,self,0.0509499999999937,0,99,
2025-11-27T08:49:52.056745+00:00,train,2,3993,self,0.0509499999999937,0,91,
2025-11-27T08:49:52.056912+00:00,train,2,3994,self,0.0509499999999937,0,100,
2025-11-27T08:49:52.057031+00:00,train,2,3995,self,0.0509499999999937,0,92,
2025-11-27T08:49:52.057141+00:00,train,2,3996,self,0.0509499999999937,0,98,
2025-11-27T08:49:52.057268+00:00,train,2,3997,self,0.0509499999999937,0,97,
2025-11-27T08:49:52.057373+00:00,train,2,3998,self,0.0509499999999937,0,100,
2025-11-27T08:49:52.057476+00:00,train,2,3999,self,0.0509499999999937,0,87,
2025-11-27T08:49:52.057578+00:00,train,2,4000,self,0.0509499999999937,0,100,
2025-11-27T08:49:52.057680+00:00,train,2,4001,self,0.0509499999999937,0,96,
2025-11-27T08:49:52.057781+00:00,train,2,4002,self,0.0509499999999937,0,99,
2025-11-27T08:49:52.057882+00:00,train,2,4003,self,0.0509499999999937,0,97,
2025-11-27T08:49:52.057982+00:00,train,2,4004,self,0.0509499999999937,0,98,
2025-11-27T08:49:52.058082+00:00,train,2,4005,self,0.0509499999999937,0,96,
2025-11-27T08:49:52.058184+00:00,train,2,4006,self,0.0509499999999937,0,100,
2025-11-27T08:49:52.058285+00:00,train,2,4007,self,0.0509499999999937,0,95,
2025-11-27T08:49:52.058386+00:00,train,2,4008,self,0.0509499999999937,0,96,
2025-11-27T08:49:52.058486+00:00,train,2,4009,self,0.0509499999999937,0,99,
2025-11-27T08:49:52.058585+00:00,train,2,4010,self,0.0509499999999937,0,100,
2025-11-27T08:49:52.058686+00:00,train,2,4011,self,0.0509499999999937,0,97,
2025-11-27T08:49:52.058786+00:00,train,2,4012,self,0.0509499999999937,0,97,
2025-11-27T08:49:52.058886+00:00,train,2,4013,self,0.0509499999999937,0,95,
2025-11-27T08:49:52.058987+00:00,train,2,4014,self,0.0509499999999937,0,99,
2025-11-27T08:49:52.059087+00:00,train,2,4015,self,0.0509499999999937,0,78,
2025-11-27T08:49:52.059187+00:00,train,2,4016,self,0.0509499999999937,0,98,
2025-11-27T08:49:52.059286+00:00,train,2,4017,self,0.0509499999999937,0,96,
2025-11-27T08:49:52.059386+00:00,train,2,4018,self,0.0509499999999937,0,100,
2025-11-27T08:49:52.059486+00:00,train,2,4019,self,0.0509499999999937,0,97,
2025-11-27T08:49:52.059585+00:00,train,2,4020,self,0.0509499999999937,0,100,
2025-11-27T08:49:52.059686+00:00,train,2,4021,self,0.0509499999999937,0,93,
2025-11-27T08:49:52.059786+00:00,train,2,4022,self,0.0509499999999937,0,97,
2025-11-27T08:49:52.059886+00:00,train,2,4023,self,0.0509499999999937,0,92,
2025-11-27T08:49:52.059986+00:00,train,2,4024,self,0.0509499999999937,0,96,
2025-11-27T08:49:52.060086+00:00,train,2,4025,self,0.0509499999999937,0,86,
2025-11-27T08:49:52.060186+00:00,train,2,4026,self,0.0509499999999937,0,93,
2025-11-27T08:49:52.060286+00:00,train,2,4027,self,0.0509499999999937,0,97,
2025-11-27T08:49:52.060386+00:00,train,2,4028,self,0.0509499999999937,0,98,
2025-11-27T08:49:52.060486+00:00,train,2,4029,self,0.0509499999999937,0,98,
2025-11-27T08:49:52.060586+00:00,train,2,4030,self,0.0509499999999937,0,100,
2025-11-27T08:49:52.060685+00:00,train,2,4031,self,0.0509499999999937,0,95,
2025-11-27T08:49:52.060784+00:00,train,2,4032,self,0.0509499999999937,0,97,
2025-11-27T08:49:52.060885+00:00,train,2,4033,self,0.0509499999999937,0,97,
2025-11-27T08:49:52.060985+00:00,train,2,4034,self,0.0509499999999937,0,100,
2025-11-27T08:49:52.061085+00:00,train,2,4035,self,0.0509499999999937,0,96,
2025-11-27T08:49:52.061185+00:00,train,2,4036,self,0.0509499999999937,0,97,
2025-11-27T08:49:52.061285+00:00,train,2,4037,self,0.0509499999999937,0,98,
2025-11-27T08:49:52.061573+00:00,train,2,4038,self,0.0509499999999937,0,100,
2025-11-27T08:49:52.061699+00:00,train,2,4039,self,0.0509499999999937,0,89,
2025-11-27T08:49:52.061811+00:00,train,2,4040,self,0.0509499999999937,0,94,
2025-11-27T08:49:52.061918+00:00,train,2,4041,self,0.0509499999999937,0,82,
2025-11-27T08:49:52.062023+00:00,train,2,4042,self,0.0509499999999937,0,97,
2025-11-27T08:49:52.062126+00:00,train,2,4043,self,0.0509499999999937,0,93,
2025-11-27T08:49:52.062228+00:00,train,2,4044,self,0.0509499999999937,0,100,
2025-11-27T08:49:52.062329+00:00,train,2,4045,self,0.0509499999999937,0,99,
2025-11-27T08:49:52.062430+00:00,train,2,4046,self,0.0509499999999937,0,100,
2025-11-27T08:49:52.062529+00:00,train,2,4047,self,0.0509499999999937,0,94,
2025-11-27T08:49:52.062629+00:00,train,2,4048,self,0.0509499999999937,0,100,
2025-11-27T08:49:52.062729+00:00,train,2,4049,self,0.0509499999999937,0,89,
2025-11-27T08:49:52.062829+00:00,train,2,4050,self,0.0509499999999937,0,94,
2025-11-27T08:49:52.062929+00:00,train,2,4051,self,0.0509499999999937,0,87,
2025-11-27T08:49:52.063028+00:00,train,2,4052,self,0.0509499999999937,0,100,
2025-11-27T08:49:52.063129+00:00,train,2,4053,self,0.0509499999999937,0,96,
2025-11-27T08:49:52.063228+00:00,train,2,4054,self,0.0509499999999937,0,99,
2025-11-27T08:49:52.063328+00:00,train,2,4055,self,0.0509499999999937,0,92,
2025-11-27T08:49:52.063427+00:00,train,2,4056,self,0.0509499999999937,0,92,
2025-11-27T08:49:52.063527+00:00,train,2,4057,self,0.0509499999999937,0,97,
2025-11-27T08:49:52.063627+00:00,train,2,4058,self,0.0509499999999937,0,99,
2025-11-27T08:49:52.063729+00:00,train,2,4059,self,0.0509499999999937,0,62,
2025-11-27T08:49:52.063829+00:00,train,2,4060,self,0.0509499999999937,0,95,
2025-11-27T08:49:52.063929+00:00,train,2,4061,self,0.0509499999999937,0,92,
2025-11-27T08:49:52.064028+00:00,train,2,4062,self,0.0509499999999937,0,97,
2025-11-27T08:49:52.064128+00:00,train,2,4063,self,0.0509499999999937,0,91,
2025-11-27T08:49:52.064227+00:00,train,2,4064,self,0.0509499999999937,0,96,
2025-11-27T08:49:52.064326+00:00,train,2,4065,self,0.0509499999999937,0,87,
2025-11-27T08:49:52.064425+00:00,train,2,4066,self,0.0509499999999937,0,99,
2025-11-27T08:49:52.064525+00:00,train,2,4067,self,0.0509499999999937,0,79,
2025-11-27T08:49:52.064624+00:00,train,2,4068,self,0.0509499999999937,0,92,
2025-11-27T08:49:52.064724+00:00,train,2,4069,self,0.0509499999999937,0,96,
2025-11-27T08:49:52.064822+00:00,train,2,4070,self,0.0509499999999937,0,98,
2025-11-27T08:49:52.064921+00:00,train,2,4071,self,0.0509499999999937,0,94,
2025-11-27T08:49:52.065020+00:00,train,2,4072,self,0.0509499999999937,0,98,
2025-11-27T08:49:52.065119+00:00,train,2,4073,self,0.0509499999999937,0,98,
2025-11-27T08:49:52.065218+00:00,train,2,4074,self,0.0509499999999937,0,99,
2025-11-27T08:49:52.065317+00:00,train,2,4075,self,0.0509499999999937,0,95,
2025-11-27T08:49:52.065416+00:00,train,2,4076,self,0.0509499999999937,0,98,
2025-11-27T08:49:52.065516+00:00,train,2,4077,self,0.0509499999999937,0,93,
2025-11-27T08:49:52.065615+00:00,train,2,4078,self,0.0509499999999937,0,96,
2025-11-27T08:49:52.065714+00:00,train,2,4079,self,0.0509499999999937,0,95,
2025-11-27T08:49:52.065814+00:00,train,2,4080,self,0.0509499999999937,0,96,
2025-11-27T08:49:52.065914+00:00,train,2,4081,self,0.0509499999999937,0,88,
2025-11-27T08:49:52.066014+00:00,train,2,4082,self,0.0509499999999937,0,97,
2025-11-27T08:49:52.066114+00:00,train,2,4083,self,0.0509499999999937,0,84,
2025-11-27T08:49:52.066214+00:00,train,2,4084,self,0.0509499999999937,0,100,
2025-11-27T08:49:52.066313+00:00,train,2,4085,self,0.0509499999999937,0,87,
2025-11-27T08:49:52.066413+00:00,train,2,4086,self,0.0509499999999937,0,97,
2025-11-27T08:49:52.066517+00:00,train,2,4087,self,0.0509499999999937,0,91,
2025-11-27T08:49:52.066618+00:00,train,2,4088,self,0.0509499999999937,0,95,
2025-11-27T08:49:52.066717+00:00,train,2,4089,self,0.0509499999999937,0,94,
2025-11-27T08:49:52.066910+00:00,train,2,4090,self,0.0509499999999937,0,98,
2025-11-27T08:49:52.067030+00:00,train,2,4091,self,0.0509499999999937,0,95,
2025-11-27T08:49:52.067191+00:00,train,2,4092,self,0.0509499999999937,0,98,
2025-11-27T08:49:52.067319+00:00,train,2,4093,self,0.0509499999999937,0,99,
2025-11-27T08:49:52.067426+00:00,train,2,4094,self,0.0509499999999937,0,99,
2025-11-27T08:49:52.067594+00:00,train,2,4095,self,0.0509499999999937,0,94,
2025-11-27T08:49:52.067713+00:00,train,2,4096,self,0.0509499999999937,0,99,
2025-11-27T08:49:52.067822+00:00,train,2,4097,self,0.0509499999999937,0,83,
2025-11-27T08:49:52.067929+00:00,train,2,4098,self,0.0509499999999937,0,98,
2025-11-27T08:49:52.068054+00:00,train,2,4099,self,0.0509499999999937,0,93,
2025-11-27T08:49:52.068159+00:00,train,2,4100,self,0.0509499999999937,0,99,
2025-11-27T08:49:52.068262+00:00,train,2,4101,self,0.0509499999999937,0,96,
2025-11-27T08:49:52.068365+00:00,train,2,4102,self,0.0509499999999937,0,98,
2025-11-27T08:49:52.068466+00:00,train,2,4103,self,0.0509499999999937,0,99,
2025-11-27T08:49:52.068567+00:00,train,2,4104,self,0.0509499999999937,0,100,
2025-11-27T08:49:52.068669+00:00,train,2,4105,self,0.0509499999999937,0,99,
2025-11-27T08:49:52.068770+00:00,train,2,4106,self,0.0509499999999937,0,100,
2025-11-27T08:49:52.068870+00:00,train,2,4107,self,0.0509499999999937,0,98,
2025-11-27T08:49:52.068971+00:00,train,2,4108,self,0.0509499999999937,0,100,
2025-11-27T08:49:52.069072+00:00,train,2,4109,self,0.0509499999999937,0,96,
2025-11-27T08:49:52.069173+00:00,train,2,4110,self,0.0509499999999937,0,98,
2025-11-27T08:49:52.069273+00:00,train,2,4111,self,0.0509499999999937,0,82,
2025-11-27T08:49:52.069376+00:00,train,2,4112,self,0.0509499999999937,0,98,
2025-11-27T08:49:52.069476+00:00,train,2,4113,self,0.0509499999999937,0,93,
2025-11-27T08:49:52.069576+00:00,train,2,4114,self,0.0509499999999937,0,100,
2025-11-27T08:49:52.069676+00:00,train,2,4115,self,0.0509499999999937,0,82,
2025-11-27T08:49:52.069776+00:00,train,2,4116,self,0.0509499999999937,0,100,
2025-11-27T08:49:52.069876+00:00,train,2,4117,self,0.0509499999999937,0,86,
2025-11-27T08:49:52.069976+00:00,train,2,4118,self,0.0509499999999937,0,98,
2025-11-27T08:49:52.070076+00:00,train,2,4119,self,0.0509499999999937,0,87,
2025-11-27T08:49:52.070176+00:00,train,2,4120,self,0.0509499999999937,0,100,
2025-11-27T08:49:52.070275+00:00,train,2,4121,self,0.0509499999999937,0,97,
2025-11-27T08:49:52.070375+00:00,train,2,4122,self,0.0509499999999937,0,97,
2025-11-27T08:49:52.070475+00:00,train,2,4123,self,0.0509499999999937,0,88,
2025-11-27T08:49:52.070575+00:00,train,2,4124,self,0.0509499999999937,0,94,
2025-11-27T08:49:52.070675+00:00,train,2,4125,self,0.0509499999999937,0,94,
2025-11-27T08:49:52.070775+00:00,train,2,4126,self,0.0509499999999937,0,96,
2025-11-27T08:49:52.070875+00:00,train,2,4127,self,0.0509499999999937,0,97,
2025-11-27T08:49:52.070975+00:00,train,2,4128,self,0.0509499999999937,0,100,
2025-11-27T08:49:52.071075+00:00,train,2,4129,self,0.0509499999999937,0,86,
2025-11-27T08:49:52.071175+00:00,train,2,4130,self,0.0509499999999937,0,92,
2025-11-27T08:49:52.071274+00:00,train,2,4131,self,0.0509499999999937,0,93,
2025-11-27T08:49:52.071374+00:00,train,2,4132,self,0.0509499999999937,0,95,
2025-11-27T08:49:52.071474+00:00,train,2,4133,self,0.0509499999999937,0,82,
2025-11-27T08:49:52.071574+00:00,train,2,4134,self,0.0509499999999937,0,83,
2025-11-27T08:49:52.071673+00:00,train,2,4135,self,0.0509499999999937,0,94,
2025-11-27T08:49:52.071773+00:00,train,2,4136,self,0.0509499999999937,0,97,
2025-11-27T08:49:52.071874+00:00,train,2,4137,self,0.0509499999999937,0,97,
2025-11-27T08:49:52.071974+00:00,train,2,4138,self,0.0509499999999937,0,100,
2025-11-27T08:49:52.072074+00:00,train,2,4139,self,0.0509499999999937,0,96,
2025-11-27T08:49:52.072174+00:00,train,2,4140,self,0.0509499999999937,0,100,
2025-11-27T08:49:52.072274+00:00,train,2,4141,self,0.0509499999999937,0,89,
2025-11-27T08:49:52.072373+00:00,train,2,4142,self,0.0509499999999937,0,99,
2025-11-27T08:49:52.072473+00:00,train,2,4143,self,0.0509499999999937,0,94,
2025-11-27T08:49:52.072573+00:00,train,2,4144,self,0.0509499999999937,0,96,
2025-11-27T08:49:52.072672+00:00,train,2,4145,self,0.0509499999999937,0,89,
2025-11-27T08:49:52.072772+00:00,train,2,4146,self,0.0509499999999937,0,91,
2025-11-27T08:49:52.072872+00:00,train,2,4147,self,0.0509499999999937,0,89,
2025-11-27T08:49:52.072972+00:00,train,2,4148,self,0.0509499999999937,0,94,
2025-11-27T08:49:52.073071+00:00,train,2,4149,self,0.0509499999999937,0,96,
2025-11-27T08:49:52.073171+00:00,train,2,4150,self,0.0509499999999937,0,97,
2025-11-27T08:49:52.073271+00:00,train,2,4151,self,0.0509499999999937,0,98,
2025-11-27T08:49:52.073371+00:00,train,2,4152,self,0.0509499999999937,0,100,
2025-11-27T08:49:52.073470+00:00,train,2,4153,self,0.0509499999999937,0,91,
2025-11-27T08:49:52.073570+00:00,train,2,4154,self,0.0509499999999937,0,99,
2025-11-27T08:49:52.073670+00:00,train,2,4155,self,0.0509499999999937,0,90,
2025-11-27T08:49:52.073770+00:00,train,2,4156,self,0.0509499999999937,0,100,
2025-11-27T08:49:52.073870+00:00,train,2,4157,self,0.0509499999999937,0,88,
2025-11-27T08:49:52.073970+00:00,train,2,4158,self,0.0509499999999937,0,95,
2025-11-27T08:49:52.074070+00:00,train,2,4159,self,0.0509499999999937,0,95,
2025-11-27T08:49:52.074170+00:00,train,2,4160,self,0.0509499999999937,0,99,
2025-11-27T08:49:52.074269+00:00,train,2,4161,self,0.0509499999999937,0,93,
2025-11-27T08:49:52.074369+00:00,train,2,4162,self,0.0509499999999937,0,96,
2025-11-27T08:49:52.074470+00:00,train,2,4163,self,0.0509499999999937,0,99,
2025-11-27T08:49:52.074569+00:00,train,2,4164,self,0.0509499999999937,0,100,
2025-11-27T08:49:52.074671+00:00,train,2,4165,self,0.0509499999999937,0,93,
2025-11-27T08:49:52.074771+00:00,train,2,4166,self,0.0509499999999937,0,94,
2025-11-27T08:49:52.074871+00:00,train,2,4167,self,0.0509499999999937,0,91,
2025-11-27T08:49:52.074971+00:00,train,2,4168,self,0.0509499999999937,0,93,
2025-11-27T08:49:52.075071+00:00,train,2,4169,self,0.0509499999999937,0,90,
2025-11-27T08:49:52.075170+00:00,train,2,4170,self,0.0509499999999937,0,100,
2025-11-27T08:49:52.075270+00:00,train,2,4171,self,0.0509499999999937,0,96,
2025-11-27T08:49:52.075412+00:00,train,2,4172,self,0.0509499999999937,0,98,
2025-11-27T08:49:52.075511+00:00,train,2,4173,self,0.0509499999999937,0,97,
2025-11-27T08:49:52.075610+00:00,train,2,4174,self,0.0509499999999937,0,97,
2025-11-27T08:49:52.075789+00:00,train,2,4175,self,0.0509499999999937,0,97,
2025-11-27T08:49:52.075888+00:00,train,2,4176,self,0.0509499999999937,0,99,
2025-11-27T08:49:52.075988+00:00,train,2,4177,self,0.0509499999999937,0,86,
2025-11-27T08:49:52.076087+00:00,train,2,4178,self,0.0509499999999937,0,91,
2025-11-27T08:49:52.076187+00:00,train,2,4179,self,0.0509499999999937,0,90,
2025-11-27T08:49:52.076286+00:00,train,2,4180,self,0.0509499999999937,0,97,
2025-11-27T08:49:52.076386+00:00,train,2,4181,self,0.0509499999999937,0,96,
2025-11-27T08:49:52.076486+00:00,train,2,4182,self,0.0509499999999937,0,100,
2025-11-27T08:49:52.076586+00:00,train,2,4183,self,0.0509499999999937,0,99,
2025-11-27T08:49:52.076685+00:00,train,2,4184,self,0.0509499999999937,0,100,
2025-11-27T08:49:52.076785+00:00,train,2,4185,self,0.0509499999999937,0,95,
2025-11-27T08:49:52.076885+00:00,train,2,4186,self,0.0509499999999937,0,97,
2025-11-27T08:49:52.077033+00:00,train,2,4187,self,0.0509499999999937,0,99,
2025-11-27T08:49:52.077133+00:00,train,2,4188,self,0.0509499999999937,0,100,
2025-11-27T08:49:52.077233+00:00,train,2,4189,self,0.0509499999999937,0,82,
2025-11-27T08:49:52.077337+00:00,train,2,4190,self,0.0509499999999937,0,100,
2025-11-27T08:49:52.077437+00:00,train,2,4191,self,0.0509499999999937,0,85,
2025-11-27T08:49:52.077537+00:00,train,2,4192,self,0.0509499999999937,0,95,
2025-11-27T08:49:52.077637+00:00,train,2,4193,self,0.0509499999999937,0,95,
2025-11-27T08:49:52.077737+00:00,train,2,4194,self,0.0509499999999937,0,100,
2025-11-27T08:49:52.077837+00:00,train,2,4195,self,0.0509499999999937,0,97,
2025-11-27T08:49:52.077937+00:00,train,2,4196,self,0.0509499999999937,0,98,
2025-11-27T08:49:52.078039+00:00,train,2,4197,self,0.0509499999999937,0,56,
2025-11-27T08:49:52.078186+00:00,train,2,4198,self,0.0509499999999937,0,95,
2025-11-27T08:49:52.078287+00:00,train,2,4199,self,0.0509499999999937,0,98,
2025-11-27T08:49:52.078387+00:00,train,2,4200,self,0.0509499999999937,0,98,
2025-11-27T08:49:52.080986+00:00,train,2,4201,self,0.0509499999999937,0,96,
2025-11-27T08:49:52.081106+00:00,train,2,4202,self,0.0509499999999937,0,100,
2025-11-27T08:49:52.081207+00:00,train,2,4203,self,0.0509499999999937,0,93,
2025-11-27T08:49:52.081422+00:00,train,2,4204,self,0.0509499999999937,0,100,
2025-11-27T08:49:52.081562+00:00,train,2,4205,self,0.0509499999999937,0,98,
2025-11-27T08:49:52.081695+00:00,train,2,4206,self,0.0509499999999937,0,100,
2025-11-27T08:49:52.081807+00:00,train,2,4207,self,0.0509499999999937,0,96,
2025-11-27T08:49:52.081960+00:00,train,2,4208,self,0.0509499999999937,0,99,
2025-11-27T08:49:52.082078+00:00,train,2,4209,self,0.0509499999999937,0,96,
2025-11-27T08:49:52.082285+00:00,train,2,4210,self,0.0509499999999937,0,96,
2025-11-27T08:49:52.082444+00:00,train,2,4211,self,0.0509499999999937,0,89,
2025-11-27T08:49:52.082562+00:00,train,2,4212,self,0.0509499999999937,0,98,
2025-11-27T08:49:52.082677+00:00,train,2,4213,self,0.0509499999999937,0,95,
2025-11-27T08:49:52.082829+00:00,train,2,4214,self,0.0509499999999937,0,100,
2025-11-27T08:49:52.082958+00:00,train,2,4215,self,0.0509499999999937,0,98,
2025-11-27T08:49:52.083068+00:00,train,2,4216,self,0.0509499999999937,0,99,
2025-11-27T08:49:52.083225+00:00,train,2,4217,self,0.0509499999999937,0,93,
2025-11-27T08:49:52.083348+00:00,train,2,4218,self,0.0509499999999937,0,97,
2025-11-27T08:49:52.083558+00:00,train,2,4219,self,0.0509499999999937,0,84,
2025-11-27T08:49:52.083708+00:00,train,2,4220,self,0.0509499999999937,0,86,
2025-11-27T08:49:52.083829+00:00,train,2,4221,self,0.0509499999999937,0,97,
2025-11-27T08:49:52.083946+00:00,train,2,4222,self,0.0509499999999937,0,97,
2025-11-27T08:49:52.084097+00:00,train,2,4223,self,0.0509499999999937,0,92,
2025-11-27T08:49:52.084227+00:00,train,2,4224,self,0.0509499999999937,0,98,
2025-11-27T08:49:52.084339+00:00,train,2,4225,self,0.0509499999999937,0,98,
2025-11-27T08:49:52.084465+00:00,train,2,4226,self,0.0509499999999937,0,99,
2025-11-27T08:49:52.084579+00:00,train,2,4227,self,0.0509499999999937,0,100,
2025-11-27T08:49:52.084693+00:00,train,2,4228,self,0.0509499999999937,0,100,
2025-11-27T08:49:52.084807+00:00,train,2,4229,self,0.0509499999999937,0,96,
2025-11-27T08:49:52.084918+00:00,train,2,4230,self,0.0509499999999937,0,99,
2025-11-27T08:49:52.085034+00:00,train,2,4231,self,0.0509499999999937,0,98,
2025-11-27T08:49:52.085148+00:00,train,2,4232,self,0.0509499999999937,0,98,
2025-11-27T08:49:52.085262+00:00,train,2,4233,self,0.0509499999999937,0,86,
2025-11-27T08:49:52.085375+00:00,train,2,4234,self,0.0509499999999937,0,91,
2025-11-27T08:49:52.085503+00:00,train,2,4235,self,0.0509499999999937,0,96,
2025-11-27T08:49:52.085620+00:00,train,2,4236,self,0.0509499999999937,0,100,
2025-11-27T08:49:52.085737+00:00,train,2,4237,self,0.0509499999999937,0,96,
2025-11-27T08:49:52.085854+00:00,train,2,4238,self,0.0509499999999937,0,100,
2025-11-27T08:49:52.085970+00:00,train,2,4239,self,0.0509499999999937,0,87,
2025-11-27T08:49:52.086086+00:00,train,2,4240,self,0.0509499999999937,0,91,
2025-11-27T08:49:52.086202+00:00,train,2,4241,self,0.0509499999999937,0,92,
2025-11-27T08:49:52.086321+00:00,train,2,4242,self,0.0509499999999937,0,100,
2025-11-27T08:49:52.086437+00:00,train,2,4243,self,0.0509499999999937,0,96,
2025-11-27T08:49:52.086570+00:00,train,2,4244,self,0.0509499999999937,0,100,
2025-11-27T08:49:52.086691+00:00,train,2,4245,self,0.0509499999999937,0,99,
2025-11-27T08:49:52.086811+00:00,train,2,4246,self,0.0509499999999937,0,100,
2025-11-27T08:49:52.086931+00:00,train,2,4247,self,0.0509499999999937,0,90,
2025-11-27T08:49:52.087053+00:00,train,2,4248,self,0.0509499999999937,0,97,
2025-11-27T08:49:52.087177+00:00,train,2,4249,self,0.0509499999999937,0,94,
2025-11-27T08:49:52.087297+00:00,train,2,4250,self,0.0509499999999937,0,94,
2025-11-27T08:49:52.087417+00:00,train,2,4251,self,0.0509499999999937,0,89,
2025-11-27T08:49:52.087552+00:00,train,2,4252,self,0.0509499999999937,0,96,
2025-11-27T08:49:52.087676+00:00,train,2,4253,self,0.0509499999999937,0,96,
2025-11-27T08:49:52.087798+00:00,train,2,4254,self,0.0509499999999937,0,97,
2025-11-27T08:49:52.087921+00:00,train,2,4255,self,0.0509499999999937,0,94,
2025-11-27T08:49:52.088045+00:00,train,2,4256,self,0.0509499999999937,0,100,
2025-11-27T08:49:52.088170+00:00,train,2,4257,self,0.0509499999999937,0,91,
2025-11-27T08:49:52.088295+00:00,train,2,4258,self,0.0509499999999937,0,96,
2025-11-27T08:49:52.088479+00:00,train,2,4259,self,0.0509499999999937,0,96,
2025-11-27T08:49:52.088621+00:00,train,2,4260,self,0.0509499999999937,0,98,
2025-11-27T08:49:52.088800+00:00,train,2,4261,self,0.0509499999999937,0,93,
2025-11-27T08:49:52.088950+00:00,train,2,4262,self,0.0509499999999937,0,98,
2025-11-27T08:49:52.089094+00:00,train,2,4263,self,0.0509499999999937,0,86,
2025-11-27T08:49:52.089229+00:00,train,2,4264,self,0.0509499999999937,0,100,
2025-11-27T08:49:52.089361+00:00,train,2,4265,self,0.0509499999999937,0,99,
2025-11-27T08:49:52.089502+00:00,train,2,4266,self,0.0509499999999937,0,100,
2025-11-27T08:49:52.089627+00:00,train,2,4267,self,0.0509499999999937,0,89,
2025-11-27T08:49:52.089752+00:00,train,2,4268,self,0.0509499999999937,0,92,
2025-11-27T08:49:52.089876+00:00,train,2,4269,self,0.0509499999999937,0,97,
2025-11-27T08:49:52.090000+00:00,train,2,4270,self,0.0509499999999937,0,99,
2025-11-27T08:49:52.090126+00:00,train,2,4271,self,0.0509499999999937,0,96,
2025-11-27T08:49:52.090251+00:00,train,2,4272,self,0.0509499999999937,0,100,
2025-11-27T08:49:52.090374+00:00,train,2,4273,self,0.0509499999999937,0,95,
2025-11-27T08:49:52.090509+00:00,train,2,4274,self,0.0509499999999937,0,100,
2025-11-27T08:49:52.090629+00:00,train,2,4275,self,0.0509499999999937,0,87,
2025-11-27T08:49:52.090750+00:00,train,2,4276,self,0.0509499999999937,0,91,
2025-11-27T08:49:52.090869+00:00,train,2,4277,self,0.0509499999999937,0,85,
2025-11-27T08:49:52.090990+00:00,train,2,4278,self,0.0509499999999937,0,98,
2025-11-27T08:49:52.091109+00:00,train,2,4279,self,0.0509499999999937,0,87,
2025-11-27T08:49:52.091230+00:00,train,2,4280,self,0.0509499999999937,0,100,
2025-11-27T08:49:52.091350+00:00,train,2,4281,self,0.0509499999999937,0,93,
2025-11-27T08:49:52.091483+00:00,train,2,4282,self,0.0509499999999937,0,100,
2025-11-27T08:49:52.091600+00:00,train,2,4283,self,0.0509499999999937,0,92,
2025-11-27T08:49:52.091716+00:00,train,2,4284,self,0.0509499999999937,0,99,
2025-11-27T08:49:52.091832+00:00,train,2,4285,self,0.0509499999999937,0,94,
2025-11-27T08:49:52.091948+00:00,train,2,4286,self,0.0509499999999937,0,97,
2025-11-27T08:49:52.092065+00:00,train,2,4287,self,0.0509499999999937,0,97,
2025-11-27T08:49:52.092181+00:00,train,2,4288,self,0.0509499999999937,0,97,
2025-11-27T08:49:52.092297+00:00,train,2,4289,self,0.0509499999999937,0,83,
2025-11-27T08:49:52.092428+00:00,train,2,4290,self,0.0509499999999937,0,93,
2025-11-27T08:49:52.092541+00:00,train,2,4291,self,0.0509499999999937,0,97,
2025-11-27T08:49:52.092654+00:00,train,2,4292,self,0.0509499999999937,0,98,
2025-11-27T08:49:52.092769+00:00,train,2,4293,self,0.0509499999999937,0,84,
2025-11-27T08:49:52.092883+00:00,train,2,4294,self,0.0509499999999937,0,97,
2025-11-27T08:49:52.092997+00:00,train,2,4295,self,0.0509499999999937,0,84,
2025-11-27T08:49:52.093110+00:00,train,2,4296,self,0.0509499999999937,0,93,
2025-11-27T08:49:52.093223+00:00,train,2,4297,self,0.0509499999999937,0,97,
2025-11-27T08:49:52.093340+00:00,train,2,4298,self,0.0509499999999937,0,98,
2025-11-27T08:49:52.093478+00:00,train,2,4299,self,0.0509499999999937,0,95,
2025-11-27T08:49:52.093588+00:00,train,2,4300,self,0.0509499999999937,0,100,
2025-11-27T08:49:52.093696+00:00,train,2,4301,self,0.0509499999999937,0,86,
2025-11-27T08:49:52.093810+00:00,train,2,4302,self,0.0509499999999937,0,100,
2025-11-27T08:49:52.093917+00:00,train,2,4303,self,0.0509499999999937,0,94,
2025-11-27T08:49:52.094031+00:00,train,2,4304,self,0.0509499999999937,0,99,
2025-11-27T08:49:52.094146+00:00,train,2,4305,self,0.0509499999999937,0,89,
2025-11-27T08:49:52.094290+00:00,train,2,4306,self,0.0509499999999937,0,100,
2025-11-27T08:49:52.094403+00:00,train,2,4307,self,0.0509499999999937,0,89,
2025-11-27T08:49:52.094529+00:00,train,2,4308,self,0.0509499999999937,0,98,
2025-11-27T08:49:52.094634+00:00,train,2,4309,self,0.0509499999999937,0,96,
2025-11-27T08:49:52.094745+00:00,train,2,4310,self,0.0509499999999937,0,100,
2025-11-27T08:49:52.094850+00:00,train,2,4311,self,0.0509499999999937,0,93,
2025-11-27T08:49:52.094961+00:00,train,2,4312,self,0.0509499999999937,0,96,
2025-11-27T08:49:52.095066+00:00,train,2,4313,self,0.0509499999999937,0,92,
2025-11-27T08:49:52.095177+00:00,train,2,4314,self,0.0509499999999937,0,96,
2025-11-27T08:49:52.095282+00:00,train,2,4315,self,0.0509499999999937,0,96,
2025-11-27T08:49:52.095394+00:00,train,2,4316,self,0.0509499999999937,0,99,
2025-11-27T08:49:52.095520+00:00,train,2,4317,self,0.0509499999999937,0,94,
2025-11-27T08:49:52.095629+00:00,train,2,4318,self,0.0509499999999937,0,96,
2025-11-27T08:49:52.095731+00:00,train,2,4319,self,0.0509499999999937,0,94,
2025-11-27T08:49:52.095839+00:00,train,2,4320,self,0.0509499999999937,0,98,
2025-11-27T08:49:52.095945+00:00,train,2,4321,self,0.0509499999999937,0,93,
2025-11-27T08:49:52.096047+00:00,train,2,4322,self,0.0509499999999937,0,100,
2025-11-27T08:49:52.096155+00:00,train,2,4323,self,0.0509499999999937,0,93,
2025-11-27T08:49:52.096259+00:00,train,2,4324,self,0.0509499999999937,0,96,
2025-11-27T08:49:52.096367+00:00,train,2,4325,self,0.0509499999999937,0,97,
2025-11-27T08:49:52.096469+00:00,train,2,4326,self,0.0509499999999937,0,98,
2025-11-27T08:49:52.096576+00:00,train,2,4327,self,0.0509499999999937,0,96,
2025-11-27T08:49:52.096679+00:00,train,2,4328,self,0.0509499999999937,0,97,
2025-11-27T08:49:52.096787+00:00,train,2,4329,self,0.0509499999999937,0,95,
2025-11-27T08:49:52.096889+00:00,train,2,4330,self,0.0509499999999937,0,98,
2025-11-27T08:49:52.096997+00:00,train,2,4331,self,0.0509499999999937,0,98,
2025-11-27T08:49:52.097102+00:00,train,2,4332,self,0.0509499999999937,0,99,
2025-11-27T08:49:52.097204+00:00,train,2,4333,self,0.0509499999999937,0,100,
2025-11-27T08:49:52.097312+00:00,train,2,4334,self,0.0509499999999937,0,100,
2025-11-27T08:49:52.097415+00:00,train,2,4335,self,0.0509499999999937,0,94,
2025-11-27T08:49:52.097523+00:00,train,2,4336,self,0.0509499999999937,0,100,
2025-11-27T08:49:52.097624+00:00,train,2,4337,self,0.0509499999999937,0,96,
2025-11-27T08:49:52.097825+00:00,train,2,4338,self,0.0509499999999937,0,100,
2025-11-27T08:49:52.097954+00:00,train,2,4339,self,0.0509499999999937,0,89,
2025-11-27T08:49:52.098064+00:00,train,2,4340,self,0.0509499999999937,0,100,
2025-11-27T08:49:52.098198+00:00,train,2,4341,self,0.0509499999999937,0,86,
2025-11-27T08:49:52.098302+00:00,train,2,4342,self,0.0509499999999937,0,97,
2025-11-27T08:49:52.098436+00:00,train,2,4343,self,0.0509499999999937,0,87,
2025-11-27T08:49:52.098538+00:00,train,2,4344,self,0.0509499999999937,0,98,
2025-11-27T08:49:52.098671+00:00,train,2,4345,self,0.0509499999999937,0,96,
2025-11-27T08:49:52.098775+00:00,train,2,4346,self,0.0509499999999937,0,100,
2025-11-27T08:49:52.098877+00:00,train,2,4347,self,0.0509499999999937,0,91,
2025-11-27T08:49:52.098979+00:00,train,2,4348,self,0.0509499999999937,0,100,
2025-11-27T08:49:52.099111+00:00,train,2,4349,self,0.0509499999999937,0,86,
2025-11-27T08:49:52.099212+00:00,train,2,4350,self,0.0509499999999937,0,88,
2025-11-27T08:49:52.099342+00:00,train,2,4351,self,0.0509499999999937,0,89,
2025-11-27T08:49:52.099443+00:00,train,2,4352,self,0.0509499999999937,0,98,
2025-11-27T08:49:52.099564+00:00,train,2,4353,self,0.0509499999999937,0,78,
2025-11-27T08:49:52.099665+00:00,train,2,4354,self,0.0509499999999937,0,98,
2025-11-27T08:49:52.099786+00:00,train,2,4355,self,0.0509499999999937,0,96,
2025-11-27T08:49:52.099887+00:00,train,2,4356,self,0.0509499999999937,0,97,
2025-11-27T08:49:52.099988+00:00,train,2,4357,self,0.0509499999999937,0,84,
2025-11-27T08:49:52.100089+00:00,train,2,4358,self,0.0509499999999937,0,90,
2025-11-27T08:49:52.100190+00:00,train,2,4359,self,0.0509499999999937,0,96,
2025-11-27T08:49:52.100291+00:00,train,2,4360,self,0.0509499999999937,0,97,
2025-11-27T08:49:52.100393+00:00,train,2,4361,self,0.0509499999999937,0,98,
2025-11-27T08:49:52.100494+00:00,train,2,4362,self,0.0509499999999937,0,99,
2025-11-27T08:49:52.100594+00:00,train,2,4363,self,0.0509499999999937,0,92,
2025-11-27T08:49:52.100695+00:00,train,2,4364,self,0.0509499999999937,0,100,
2025-11-27T08:49:52.100795+00:00,train,2,4365,self,0.0509499999999937,0,85,
2025-11-27T08:49:52.100896+00:00,train,2,4366,self,0.0509499999999937,0,96,
2025-11-27T08:49:52.100996+00:00,train,2,4367,self,0.0509499999999937,0,96,
2025-11-27T08:49:52.101097+00:00,train,2,4368,self,0.0509499999999937,0,97,
2025-11-27T08:49:52.101197+00:00,train,2,4369,self,0.0509499999999937,0,93,
2025-11-27T08:49:52.101298+00:00,train,2,4370,self,0.0509499999999937,0,95,
2025-11-27T08:49:52.101398+00:00,train,2,4371,self,0.0509499999999937,0,92,
2025-11-27T08:49:52.101499+00:00,train,2,4372,self,0.0509499999999937,0,99,
2025-11-27T08:49:52.101599+00:00,train,2,4373,self,0.0509499999999937,0,86,
2025-11-27T08:49:52.101699+00:00,train,2,4374,self,0.0509499999999937,0,99,
2025-11-27T08:49:52.101800+00:00,train,2,4375,self,0.0509499999999937,0,92,
2025-11-27T08:49:52.101900+00:00,train,2,4376,self,0.0509499999999937,0,100,
2025-11-27T08:49:52.102000+00:00,train,2,4377,self,0.0509499999999937,0,94,
2025-11-27T08:49:52.102103+00:00,train,2,4378,self,0.0509499999999937,0,95,
2025-11-27T08:49:52.102205+00:00,train,2,4379,self,0.0509499999999937,0,92,
2025-11-27T08:49:52.102306+00:00,train,2,4380,self,0.0509499999999937,0,98,
2025-11-27T08:49:52.102406+00:00,train,2,4381,self,0.0509499999999937,0,94,
2025-11-27T08:49:52.102506+00:00,train,2,4382,self,0.0509499999999937,0,99,
2025-11-27T08:49:52.102607+00:00,train,2,4383,self,0.0509499999999937,0,97,
2025-11-27T08:49:52.102707+00:00,train,2,4384,self,0.0509499999999937,0,99,
2025-11-27T08:49:52.102808+00:00,train,2,4385,self,0.0509499999999937,0,97,
2025-11-27T08:49:52.102909+00:00,train,2,4386,self,0.0509499999999937,0,100,
2025-11-27T08:49:52.103009+00:00,train,2,4387,self,0.0509499999999937,0,96,
2025-11-27T08:49:52.103110+00:00,train,2,4388,self,0.0509499999999937,0,100,
2025-11-27T08:49:52.103210+00:00,train,2,4389,self,0.0509499999999937,0,94,
2025-11-27T08:49:52.103311+00:00,train,2,4390,self,0.0509499999999937,0,99,
2025-11-27T08:49:52.103413+00:00,train,2,4391,self,0.0509499999999937,0,85,
2025-11-27T08:49:52.103513+00:00,train,2,4392,self,0.0509499999999937,0,100,
2025-11-27T08:49:52.103614+00:00,train,2,4393,self,0.0509499999999937,0,94,
2025-11-27T08:49:52.103715+00:00,train,2,4394,self,0.0509499999999937,0,100,
2025-11-27T08:49:52.103815+00:00,train,2,4395,self,0.0509499999999937,0,99,
2025-11-27T08:49:52.103916+00:00,train,2,4396,self,0.0509499999999937,0,100,
2025-11-27T08:49:52.104017+00:00,train,2,4397,self,0.0509499999999937,0,94,
2025-11-27T08:49:52.104117+00:00,train,2,4398,self,0.0509499999999937,0,94,
2025-11-27T08:49:52.104218+00:00,train,2,4399,self,0.0509499999999937,0,99,
2025-11-27T08:49:52.104318+00:00,train,2,4400,self,0.0509499999999937,0,100,
2025-11-27T08:49:52.104418+00:00,train,2,4401,self,0.0509499999999937,0,99,
2025-11-27T08:49:52.104519+00:00,train,2,4402,self,0.0509499999999937,0,99,
2025-11-27T08:49:52.104618+00:00,train,2,4403,self,0.0509499999999937,0,95,
2025-11-27T08:49:52.104719+00:00,train,2,4404,self,0.0509499999999937,0,100,
2025-11-27T08:49:52.104819+00:00,train,2,4405,self,0.0509499999999937,0,99,
2025-11-27T08:49:52.104919+00:00,train,2,4406,self,0.0509499999999937,0,100,
2025-11-27T08:49:52.105019+00:00,train,2,4407,self,0.0509499999999937,0,97,
2025-11-27T08:49:52.105120+00:00,train,2,4408,self,0.0509499999999937,0,100,
2025-11-27T08:49:52.105220+00:00,train,2,4409,self,0.0509499999999937,0,100,
2025-11-27T08:49:52.105320+00:00,train,2,4410,self,0.0509499999999937,0,100,
2025-11-27T08:49:52.105421+00:00,train,2,4411,self,0.0509499999999937,0,96,
2025-11-27T08:49:52.105521+00:00,train,2,4412,self,0.0509499999999937,0,100,
2025-11-27T08:49:52.105622+00:00,train,2,4413,self,0.0509499999999937,0,98,
2025-11-27T08:49:52.105722+00:00,train,2,4414,self,0.0509499999999937,0,100,
2025-11-27T08:49:52.105823+00:00,train,2,4415,self,0.0509499999999937,0,94,
2025-11-27T08:49:52.105923+00:00,train,2,4416,self,0.0509499999999937,0,100,
2025-11-27T08:49:52.106024+00:00,train,2,4417,self,0.0509499999999937,0,84,
2025-11-27T08:49:52.106124+00:00,train,2,4418,self,0.0509499999999937,0,100,
2025-11-27T08:49:52.106224+00:00,train,2,4419,self,0.0509499999999937,0,88,
2025-11-27T08:49:52.106324+00:00,train,2,4420,self,0.0509499999999937,0,97,
2025-11-27T08:49:52.106424+00:00,train,2,4421,self,0.0509499999999937,0,89,
2025-11-27T08:49:52.106525+00:00,train,2,4422,self,0.0509499999999937,0,100,
2025-11-27T08:49:52.106625+00:00,train,2,4423,self,0.0509499999999937,0,95,
2025-11-27T08:49:52.106726+00:00,train,2,4424,self,0.0509499999999937,0,100,
2025-11-27T08:49:52.106826+00:00,train,2,4425,self,0.0509499999999937,0,92,
2025-11-27T08:49:52.106927+00:00,train,2,4426,self,0.0509499999999937,0,100,
2025-11-27T08:49:52.107027+00:00,train,2,4427,self,0.0509499999999937,0,99,
2025-11-27T08:49:52.107127+00:00,train,2,4428,self,0.0509499999999937,0,99,
2025-11-27T08:49:52.107228+00:00,train,2,4429,self,0.0509499999999937,0,96,
2025-11-27T08:49:52.107327+00:00,train,2,4430,self,0.0509499999999937,0,99,
2025-11-27T08:49:52.107429+00:00,train,2,4431,self,0.0509499999999937,0,99,
2025-11-27T08:49:52.107531+00:00,train,2,4432,self,0.0509499999999937,0,100,
2025-11-27T08:49:52.107649+00:00,train,2,4433,self,0.0509499999999937,0,83,
2025-11-27T08:49:52.107751+00:00,train,2,4434,self,0.0509499999999937,0,100,
2025-11-27T08:49:52.107996+00:00,train,2,4435,self,0.0509499999999937,0,88,
2025-11-27T08:49:52.108126+00:00,train,2,4436,self,0.0509499999999937,0,98,
2025-11-27T08:49:52.108237+00:00,train,2,4437,self,0.0509499999999937,0,95,
2025-11-27T08:49:52.108344+00:00,train,2,4438,self,0.0509499999999937,0,99,
2025-11-27T08:49:52.108447+00:00,train,2,4439,self,0.0509499999999937,0,92,
2025-11-27T08:49:52.108550+00:00,train,2,4440,self,0.0509499999999937,0,97,
2025-11-27T08:49:52.108650+00:00,train,2,4441,self,0.0509499999999937,0,90,
2025-11-27T08:49:52.108749+00:00,train,2,4442,self,0.0509499999999937,0,98,
2025-11-27T08:49:52.108849+00:00,train,2,4443,self,0.0509499999999937,0,98,
2025-11-27T08:49:52.108948+00:00,train,2,4444,self,0.0509499999999937,0,100,
2025-11-27T08:49:52.109049+00:00,train,2,4445,self,0.0509499999999937,0,89,
2025-11-27T08:49:52.109149+00:00,train,2,4446,self,0.0509499999999937,0,94,
2025-11-27T08:49:52.109248+00:00,train,2,4447,self,0.0509499999999937,0,86,
2025-11-27T08:49:52.109348+00:00,train,2,4448,self,0.0509499999999937,0,98,
2025-11-27T08:49:52.109448+00:00,train,2,4449,self,0.0509499999999937,0,87,
2025-11-27T08:49:52.109550+00:00,train,2,4450,self,0.0509499999999937,0,98,
2025-11-27T08:49:52.109649+00:00,train,2,4451,self,0.0509499999999937,0,92,
2025-11-27T08:49:52.109748+00:00,train,2,4452,self,0.0509499999999937,0,97,
2025-11-27T08:49:52.109847+00:00,train,2,4453,self,0.0509499999999937,0,93,
2025-11-27T08:49:52.109945+00:00,train,2,4454,self,0.0509499999999937,0,98,
2025-11-27T08:49:52.110043+00:00,train,2,4455,self,0.0509499999999937,0,78,
2025-11-27T08:49:52.110142+00:00,train,2,4456,self,0.0509499999999937,0,94,
2025-11-27T08:49:52.110241+00:00,train,2,4457,self,0.0509499999999937,0,97,
2025-11-27T08:49:52.110339+00:00,train,2,4458,self,0.0509499999999937,0,100,
2025-11-27T08:49:52.110438+00:00,train,2,4459,self,0.0509499999999937,0,94,
2025-11-27T08:49:52.110537+00:00,train,2,4460,self,0.0509499999999937,0,95,
2025-11-27T08:49:52.110636+00:00,train,2,4461,self,0.0509499999999937,0,95,
2025-11-27T08:49:52.110734+00:00,train,2,4462,self,0.0509499999999937,0,100,
2025-11-27T08:49:52.110833+00:00,train,2,4463,self,0.0509499999999937,0,85,
2025-11-27T08:49:52.110932+00:00,train,2,4464,self,0.0509499999999937,0,91,
2025-11-27T08:49:52.111030+00:00,train,2,4465,self,0.0509499999999937,0,100,
2025-11-27T08:49:52.111128+00:00,train,2,4466,self,0.0509499999999937,0,100,
2025-11-27T08:49:52.111227+00:00,train,2,4467,self,0.0509499999999937,0,96,
2025-11-27T08:49:52.111325+00:00,train,2,4468,self,0.0509499999999937,0,96,
2025-11-27T08:49:52.111423+00:00,train,2,4469,self,0.0509499999999937,0,90,
2025-11-27T08:49:52.111522+00:00,train,2,4470,self,0.0509499999999937,0,96,
2025-11-27T08:49:52.111621+00:00,train,2,4471,self,0.0509499999999937,0,90,
2025-11-27T08:49:52.111719+00:00,train,2,4472,self,0.0509499999999937,0,92,
2025-11-27T08:49:52.111878+00:00,train,2,4473,self,0.0509499999999937,0,94,
2025-11-27T08:49:52.111979+00:00,train,2,4474,self,0.0509499999999937,0,94,
2025-11-27T08:49:52.112078+00:00,train,2,4475,self,0.0509499999999937,0,93,
2025-11-27T08:49:52.112178+00:00,train,2,4476,self,0.0509499999999937,0,99,
2025-11-27T08:49:52.112276+00:00,train,2,4477,self,0.0509499999999937,0,84,
2025-11-27T08:49:52.112375+00:00,train,2,4478,self,0.0509499999999937,0,98,
2025-11-27T08:49:52.112474+00:00,train,2,4479,self,0.0509499999999937,0,98,
2025-11-27T08:49:52.112573+00:00,train,2,4480,self,0.0509499999999937,0,100,
2025-11-27T08:49:52.112672+00:00,train,2,4481,self,0.0509499999999937,0,93,
2025-11-27T08:49:52.112770+00:00,train,2,4482,self,0.0509499999999937,0,95,
2025-11-27T08:49:52.112869+00:00,train,2,4483,self,0.0509499999999937,0,92,
2025-11-27T08:49:52.112971+00:00,train,2,4484,self,0.0509499999999937,0,99,
2025-11-27T08:49:52.113070+00:00,train,2,4485,self,0.0509499999999937,0,78,
2025-11-27T08:49:52.113169+00:00,train,2,4486,self,0.0509499999999937,0,100,
2025-11-27T08:49:52.113268+00:00,train,2,4487,self,0.0509499999999937,0,88,
2025-11-27T08:49:52.113366+00:00,train,2,4488,self,0.0509499999999937,0,96,
2025-11-27T08:49:52.113465+00:00,train,2,4489,self,0.0509499999999937,0,89,
2025-11-27T08:49:52.113563+00:00,train,2,4490,self,0.0509499999999937,0,95,
2025-11-27T08:49:52.113662+00:00,train,2,4491,self,0.0509499999999937,0,92,
2025-11-27T08:49:52.113761+00:00,train,2,4492,self,0.0509499999999937,0,98,
2025-11-27T08:49:52.113859+00:00,train,2,4493,self,0.0509499999999937,0,93,
2025-11-27T08:49:52.113957+00:00,train,2,4494,self,0.0509499999999937,0,100,
2025-11-27T08:49:52.114056+00:00,train,2,4495,self,0.0509499999999937,0,89,
2025-11-27T08:49:52.114154+00:00,train,2,4496,self,0.0509499999999937,0,100,
2025-11-27T08:49:52.114252+00:00,train,2,4497,self,0.0509499999999937,0,93,
2025-11-27T08:49:52.114350+00:00,train,2,4498,self,0.0509499999999937,0,98,
2025-11-27T08:49:52.114449+00:00,train,2,4499,self,0.0509499999999937,0,94,
2025-11-27T08:49:52.114548+00:00,train,2,4500,self,0.0509499999999937,0,100,
2025-11-27T08:49:52.114646+00:00,train,2,4501,self,0.0509499999999937,0,97,
2025-11-27T08:49:52.114745+00:00,train,2,4502,self,0.0509499999999937,0,98,
2025-11-27T08:49:52.114844+00:00,train,2,4503,self,0.0509499999999937,0,87,
2025-11-27T08:49:52.114943+00:00,train,2,4504,self,0.0509499999999937,0,93,
2025-11-27T08:49:52.115041+00:00,train,2,4505,self,0.0509499999999937,0,90,
2025-11-27T08:49:52.115140+00:00,train,2,4506,self,0.0509499999999937,0,100,
2025-11-27T08:49:52.115238+00:00,train,2,4507,self,0.0509499999999937,0,79,
2025-11-27T08:49:52.115337+00:00,train,2,4508,self,0.0509499999999937,0,96,
2025-11-27T08:49:52.115436+00:00,train,2,4509,self,0.0509499999999937,0,92,
2025-11-27T08:49:52.115534+00:00,train,2,4510,self,0.0509499999999937,0,99,
2025-11-27T08:49:52.115633+00:00,train,2,4511,self,0.0509499999999937,0,98,
2025-11-27T08:49:52.115732+00:00,train,2,4512,self,0.0509499999999937,0,99,
2025-11-27T08:49:52.115830+00:00,train,2,4513,self,0.0509499999999937,0,96,
2025-11-27T08:49:52.115928+00:00,train,2,4514,self,0.0509499999999937,0,98,
2025-11-27T08:49:52.116027+00:00,train,2,4515,self,0.0509499999999937,0,82,
2025-11-27T08:49:52.116125+00:00,train,2,4516,self,0.0509499999999937,0,94,
2025-11-27T08:49:52.116224+00:00,train,2,4517,self,0.0509499999999937,0,90,
2025-11-27T08:49:52.116324+00:00,train,2,4518,self,0.0509499999999937,0,94,
2025-11-27T08:49:52.116422+00:00,train,2,4519,self,0.0509499999999937,0,99,
2025-11-27T08:49:52.116520+00:00,train,2,4520,self,0.0509499999999937,0,100,
2025-11-27T08:49:52.116619+00:00,train,2,4521,self,0.0509499999999937,0,94,
2025-11-27T08:49:52.116717+00:00,train,2,4522,self,0.0509499999999937,0,95,
2025-11-27T08:49:52.116815+00:00,train,2,4523,self,0.0509499999999937,0,98,
2025-11-27T08:49:52.116913+00:00,train,2,4524,self,0.0509499999999937,0,98,
2025-11-27T08:49:52.117012+00:00,train,2,4525,self,0.0509499999999937,0,92,
2025-11-27T08:49:52.117111+00:00,train,2,4526,self,0.0509499999999937,0,95,
2025-11-27T08:49:52.117209+00:00,train,2,4527,self,0.0509499999999937,0,96,
2025-11-27T08:49:52.117307+00:00,train,2,4528,self,0.0509499999999937,0,99,
2025-11-27T08:49:52.117405+00:00,train,2,4529,self,0.0509499999999937,0,93,
2025-11-27T08:49:52.117503+00:00,train,2,4530,self,0.0509499999999937,0,94,
2025-11-27T08:49:52.117602+00:00,train,2,4531,self,0.0509499999999937,0,94,
2025-11-27T08:49:52.117701+00:00,train,2,4532,self,0.0509499999999937,0,99,
2025-11-27T08:49:52.117799+00:00,train,2,4533,self,0.0509499999999937,0,96,
2025-11-27T08:49:52.117897+00:00,train,2,4534,self,0.0509499999999937,0,98,
2025-11-27T08:49:52.117996+00:00,train,2,4535,self,0.0509499999999937,0,88,
2025-11-27T08:49:52.118094+00:00,train,2,4536,self,0.0509499999999937,0,100,
2025-11-27T08:49:52.118368+00:00,train,2,4537,self,0.0509499999999937,0,94,
2025-11-27T08:49:52.118486+00:00,train,2,4538,self,0.0509499999999937,0,100,
2025-11-27T08:49:52.118596+00:00,train,2,4539,self,0.0509499999999937,0,86,
2025-11-27T08:49:52.118702+00:00,train,2,4540,self,0.0509499999999937,0,90,
2025-11-27T08:49:52.118807+00:00,train,2,4541,self,0.0509499999999937,0,91,
2025-11-27T08:49:52.118909+00:00,train,2,4542,self,0.0509499999999937,0,95,
2025-11-27T08:49:52.119011+00:00,train,2,4543,self,0.0509499999999937,0,96,
2025-11-27T08:49:52.119112+00:00,train,2,4544,self,0.0509499999999937,0,97,
2025-11-27T08:49:52.119212+00:00,train,2,4545,self,0.0509499999999937,0,95,
2025-11-27T08:49:52.119313+00:00,train,2,4546,self,0.0509499999999937,0,100,
2025-11-27T08:49:52.119415+00:00,train,2,4547,self,0.0509499999999937,0,98,
2025-11-27T08:49:52.119516+00:00,train,2,4548,self,0.0509499999999937,0,100,
2025-11-27T08:49:52.119619+00:00,train,2,4549,self,0.0509499999999937,0,81,
2025-11-27T08:49:52.119720+00:00,train,2,4550,self,0.0509499999999937,0,100,
2025-11-27T08:49:52.119821+00:00,train,2,4551,self,0.0509499999999937,0,81,
2025-11-27T08:49:52.119921+00:00,train,2,4552,self,0.0509499999999937,0,95,
2025-11-27T08:49:52.120021+00:00,train,2,4553,self,0.0509499999999937,0,96,
2025-11-27T08:49:52.120121+00:00,train,2,4554,self,0.0509499999999937,0,100,
2025-11-27T08:49:52.120221+00:00,train,2,4555,self,0.0509499999999937,0,86,
2025-11-27T08:49:52.120321+00:00,train,2,4556,self,0.0509499999999937,0,100,
2025-11-27T08:49:52.120468+00:00,train,2,4557,self,0.0509499999999937,0,90,
2025-11-27T08:49:52.120568+00:00,train,2,4558,self,0.0509499999999937,0,99,
2025-11-27T08:49:52.120668+00:00,train,2,4559,self,0.0509499999999937,0,67,
2025-11-27T08:49:52.120768+00:00,train,2,4560,self,0.0509499999999937,0,96,
2025-11-27T08:49:52.120869+00:00,train,2,4561,self,0.0509499999999937,0,95,
2025-11-27T08:49:52.120969+00:00,train,2,4562,self,0.0509499999999937,0,98,
2025-11-27T08:49:52.121068+00:00,train,2,4563,self,0.0509499999999937,0,97,
2025-11-27T08:49:52.121168+00:00,train,2,4564,self,0.0509499999999937,0,100,
2025-11-27T08:49:52.121268+00:00,train,2,4565,self,0.0509499999999937,0,82,
2025-11-27T08:49:52.121368+00:00,train,2,4566,self,0.0509499999999937,0,100,
2025-11-27T08:49:52.121467+00:00,train,2,4567,self,0.0509499999999937,0,93,
2025-11-27T08:49:52.121568+00:00,train,2,4568,self,0.0509499999999937,0,97,
2025-11-27T08:49:52.121668+00:00,train,2,4569,self,0.0509499999999937,0,96,
2025-11-27T08:49:52.121768+00:00,train,2,4570,self,0.0509499999999937,0,96,
2025-11-27T08:49:52.121868+00:00,train,2,4571,self,0.0509499999999937,0,89,
2025-11-27T08:49:52.121968+00:00,train,2,4572,self,0.0509499999999937,0,94,
2025-11-27T08:49:52.122068+00:00,train,2,4573,self,0.0509499999999937,0,98,
2025-11-27T08:49:52.122168+00:00,train,2,4574,self,0.0509499999999937,0,99,
2025-11-27T08:49:52.122268+00:00,train,2,4575,self,0.0509499999999937,0,94,
2025-11-27T08:49:52.122368+00:00,train,2,4576,self,0.0509499999999937,0,96,
2025-11-27T08:49:52.122468+00:00,train,2,4577,self,0.0509499999999937,0,92,
2025-11-27T08:49:52.122569+00:00,train,2,4578,self,0.0509499999999937,0,99,
2025-11-27T08:49:52.122689+00:00,train,2,4579,self,0.0509499999999937,0,96,
2025-11-27T08:49:52.122790+00:00,train,2,4580,self,0.0509499999999937,0,98,
2025-11-27T08:49:52.122891+00:00,train,2,4581,self,0.0509499999999937,0,92,
2025-11-27T08:49:52.122991+00:00,train,2,4582,self,0.0509499999999937,0,99,
2025-11-27T08:49:52.123091+00:00,train,2,4583,self,0.0509499999999937,0,99,
2025-11-27T08:49:52.123191+00:00,train,2,4584,self,0.0509499999999937,0,100,
2025-11-27T08:49:52.123291+00:00,train,2,4585,self,0.0509499999999937,0,81,
2025-11-27T08:49:52.123391+00:00,train,2,4586,self,0.0509499999999937,0,100,
2025-11-27T08:49:52.123491+00:00,train,2,4587,self,0.0509499999999937,0,92,
2025-11-27T08:49:52.123591+00:00,train,2,4588,self,0.0509499999999937,0,95,
2025-11-27T08:49:52.123691+00:00,train,2,4589,self,0.0509499999999937,0,78,
2025-11-27T08:49:52.123809+00:00,train,2,4590,self,0.0509499999999937,0,89,
2025-11-27T08:49:52.123911+00:00,train,2,4591,self,0.0509499999999937,0,75,
2025-11-27T08:49:52.124013+00:00,train,2,4592,self,0.0509499999999937,0,93,
2025-11-27T08:49:52.124114+00:00,train,2,4593,self,0.0509499999999937,0,86,
2025-11-27T08:49:52.124214+00:00,train,2,4594,self,0.0509499999999937,0,98,
2025-11-27T08:49:52.124315+00:00,train,2,4595,self,0.0509499999999937,0,91,
2025-11-27T08:49:52.124415+00:00,train,2,4596,self,0.0509499999999937,0,96,
2025-11-27T08:49:52.124516+00:00,train,2,4597,self,0.0509499999999937,0,94,
2025-11-27T08:49:52.124616+00:00,train,2,4598,self,0.0509499999999937,0,99,
2025-11-27T08:49:52.124716+00:00,train,2,4599,self,0.0509499999999937,0,88,
2025-11-27T08:49:52.124816+00:00,train,2,4600,self,0.0509499999999937,0,88,
2025-11-27T08:49:52.124917+00:00,train,2,4601,self,0.0509499999999937,0,95,
2025-11-27T08:49:52.125017+00:00,train,2,4602,self,0.0509499999999937,0,96,
2025-11-27T08:49:52.125118+00:00,train,2,4603,self,0.0509499999999937,0,79,
2025-11-27T08:49:52.125218+00:00,train,2,4604,self,0.0509499999999937,0,94,
2025-11-27T08:49:52.125318+00:00,train,2,4605,self,0.0509499999999937,0,99,
2025-11-27T08:49:52.125418+00:00,train,2,4606,self,0.0509499999999937,0,100,
2025-11-27T08:49:52.125519+00:00,train,2,4607,self,0.0509499999999937,0,93,
2025-11-27T08:49:52.125618+00:00,train,2,4608,self,0.0509499999999937,0,99,
2025-11-27T08:49:52.125719+00:00,train,2,4609,self,0.0509499999999937,0,94,
2025-11-27T08:49:52.125819+00:00,train,2,4610,self,0.0509499999999937,0,98,
2025-11-27T08:49:52.125920+00:00,train,2,4611,self,0.0509499999999937,0,96,
2025-11-27T08:49:52.126020+00:00,train,2,4612,self,0.0509499999999937,0,96,
2025-11-27T08:49:52.126120+00:00,train,2,4613,self,0.0509499999999937,0,88,
2025-11-27T08:49:52.126220+00:00,train,2,4614,self,0.0509499999999937,0,88,
2025-11-27T08:49:52.126321+00:00,train,2,4615,self,0.0509499999999937,0,87,
2025-11-27T08:49:52.126421+00:00,train,2,4616,self,0.0509499999999937,0,97,
2025-11-27T08:49:52.126522+00:00,train,2,4617,self,0.0509499999999937,0,90,
2025-11-27T08:49:52.126622+00:00,train,2,4618,self,0.0509499999999937,0,97,
2025-11-27T08:49:52.126722+00:00,train,2,4619,self,0.0509499999999937,0,100,
2025-11-27T08:49:52.126867+00:00,train,2,4620,self,0.0509499999999937,0,100,
2025-11-27T08:49:52.126967+00:00,train,2,4621,self,0.0509499999999937,0,97,
2025-11-27T08:49:52.127067+00:00,train,2,4622,self,0.0509499999999937,0,100,
2025-11-27T08:49:52.127167+00:00,train,2,4623,self,0.0509499999999937,0,94,
2025-11-27T08:49:52.127268+00:00,train,2,4624,self,0.0509499999999937,0,99,
2025-11-27T08:49:52.127368+00:00,train,2,4625,self,0.0509499999999937,0,96,
2025-11-27T08:49:52.127467+00:00,train,2,4626,self,0.0509499999999937,0,100,
2025-11-27T08:49:52.127567+00:00,train,2,4627,self,0.0509499999999937,0,98,
2025-11-27T08:49:52.127667+00:00,train,2,4628,self,0.0509499999999937,0,100,
2025-11-27T08:49:52.127768+00:00,train,2,4629,self,0.0509499999999937,0,93,
2025-11-27T08:49:52.127868+00:00,train,2,4630,self,0.0509499999999937,0,98,
2025-11-27T08:49:52.127968+00:00,train,2,4631,self,0.0509499999999937,0,91,
2025-11-27T08:49:52.128068+00:00,train,2,4632,self,0.0509499999999937,0,95,
2025-11-27T08:49:52.128168+00:00,train,2,4633,self,0.0509499999999937,0,89,
2025-11-27T08:49:52.128268+00:00,train,2,4634,self,0.0509499999999937,0,95,
2025-11-27T08:49:52.128369+00:00,train,2,4635,self,0.0509499999999937,0,89,
2025-11-27T08:49:52.128558+00:00,train,2,4636,self,0.0509499999999937,0,96,
2025-11-27T08:49:52.128660+00:00,train,2,4637,self,0.0509499999999937,0,99,
2025-11-27T08:49:52.128760+00:00,train,2,4638,self,0.0509499999999937,0,100,
2025-11-27T08:49:52.128860+00:00,train,2,4639,self,0.0509499999999937,0,99,
2025-11-27T08:49:52.128961+00:00,train,2,4640,self,0.0509499999999937,0,99,
2025-11-27T08:49:52.129060+00:00,train,2,4641,self,0.0509499999999937,0,90,
2025-11-27T08:49:52.129160+00:00,train,2,4642,self,0.0509499999999937,0,100,
2025-11-27T08:49:52.129263+00:00,train,2,4643,self,0.0509499999999937,0,97,
2025-11-27T08:49:52.129364+00:00,train,2,4644,self,0.0509499999999937,0,99,
2025-11-27T08:49:52.129463+00:00,train,2,4645,self,0.0509499999999937,0,94,
2025-11-27T08:49:52.129567+00:00,train,2,4646,self,0.0509499999999937,0,99,
2025-11-27T08:49:52.129667+00:00,train,2,4647,self,0.0509499999999937,0,86,
2025-11-27T08:49:52.129768+00:00,train,2,4648,self,0.0509499999999937,0,92,
2025-11-27T08:49:52.129867+00:00,train,2,4649,self,0.0509499999999937,0,95,
2025-11-27T08:49:52.129968+00:00,train,2,4650,self,0.0509499999999937,0,96,
2025-11-27T08:49:52.130068+00:00,train,2,4651,self,0.0509499999999937,0,85,
2025-11-27T08:49:52.130168+00:00,train,2,4652,self,0.0509499999999937,0,92,
2025-11-27T08:49:52.130267+00:00,train,2,4653,self,0.0509499999999937,0,81,
2025-11-27T08:49:52.130367+00:00,train,2,4654,self,0.0509499999999937,0,98,
2025-11-27T08:49:52.130467+00:00,train,2,4655,self,0.0509499999999937,0,93,
2025-11-27T08:49:52.130567+00:00,train,2,4656,self,0.0509499999999937,0,96,
2025-11-27T08:49:52.130667+00:00,train,2,4657,self,0.0509499999999937,0,97,
2025-11-27T08:49:52.130767+00:00,train,2,4658,self,0.0509499999999937,0,98,
2025-11-27T08:49:52.130867+00:00,train,2,4659,self,0.0509499999999937,0,88,
2025-11-27T08:49:52.130966+00:00,train,2,4660,self,0.0509499999999937,0,96,
2025-11-27T08:49:52.131066+00:00,train,2,4661,self,0.0509499999999937,0,82,
2025-11-27T08:49:52.131166+00:00,train,2,4662,self,0.0509499999999937,0,100,
2025-11-27T08:49:52.131266+00:00,train,2,4663,self,0.0509499999999937,0,95,
2025-11-27T08:49:52.131366+00:00,train,2,4664,self,0.0509499999999937,0,100,
2025-11-27T08:49:52.131466+00:00,train,2,4665,self,0.0509499999999937,0,92,
2025-11-27T08:49:52.131566+00:00,train,2,4666,self,0.0509499999999937,0,94,
2025-11-27T08:49:52.131665+00:00,train,2,4667,self,0.0509499999999937,0,100,
2025-11-27T08:49:52.131765+00:00,train,2,4668,self,0.0509499999999937,0,100,
2025-11-27T08:49:52.131864+00:00,train,2,4669,self,0.0509499999999937,0,88,
2025-11-27T08:49:52.131964+00:00,train,2,4670,self,0.0509499999999937,0,100,
2025-11-27T08:49:52.132064+00:00,train,2,4671,self,0.0509499999999937,0,99,
2025-11-27T08:49:52.132164+00:00,train,2,4672,self,0.0509499999999937,0,99,
2025-11-27T08:49:52.132264+00:00,train,2,4673,self,0.0509499999999937,0,93,
2025-11-27T08:49:52.132363+00:00,train,2,4674,self,0.0509499999999937,0,100,
2025-11-27T08:49:52.132463+00:00,train,2,4675,self,0.0509499999999937,0,98,
2025-11-27T08:49:52.132562+00:00,train,2,4676,self,0.0509499999999937,0,100,
2025-11-27T08:49:52.132662+00:00,train,2,4677,self,0.0509499999999937,0,93,
2025-11-27T08:49:52.132762+00:00,train,2,4678,self,0.0509499999999937,0,99,
2025-11-27T08:49:52.132862+00:00,train,2,4679,self,0.0509499999999937,0,95,
2025-11-27T08:49:52.132962+00:00,train,2,4680,self,0.0509499999999937,0,96,
2025-11-27T08:49:52.133062+00:00,train,2,4681,self,0.0509499999999937,0,95,
2025-11-27T08:49:52.133162+00:00,train,2,4682,self,0.0509499999999937,0,98,
2025-11-27T08:49:52.133261+00:00,train,2,4683,self,0.0509499999999937,0,93,
2025-11-27T08:49:52.133362+00:00,train,2,4684,self,0.0509499999999937,0,99,
2025-11-27T08:49:52.133462+00:00,train,2,4685,self,0.0509499999999937,0,94,
2025-11-27T08:49:52.133562+00:00,train,2,4686,self,0.0509499999999937,0,97,
2025-11-27T08:49:52.133661+00:00,train,2,4687,self,0.0509499999999937,0,92,
2025-11-27T08:49:52.133765+00:00,train,2,4688,self,0.0509499999999937,0,100,
2025-11-27T08:49:52.133865+00:00,train,2,4689,self,0.0509499999999937,0,86,
2025-11-27T08:49:52.133965+00:00,train,2,4690,self,0.0509499999999937,0,96,
2025-11-27T08:49:52.134064+00:00,train,2,4691,self,0.0509499999999937,0,91,
2025-11-27T08:49:52.134164+00:00,train,2,4692,self,0.0509499999999937,0,94,
2025-11-27T08:49:52.134263+00:00,train,2,4693,self,0.0509499999999937,0,98,
2025-11-27T08:49:52.134363+00:00,train,2,4694,self,0.0509499999999937,0,99,
2025-11-27T08:49:52.134463+00:00,train,2,4695,self,0.0509499999999937,0,97,
2025-11-27T08:49:52.134565+00:00,train,2,4696,self,0.0509499999999937,0,97,
2025-11-27T08:49:52.134665+00:00,train,2,4697,self,0.0509499999999937,0,83,
2025-11-27T08:49:52.134765+00:00,train,2,4698,self,0.0509499999999937,0,99,
2025-11-27T08:49:52.134865+00:00,train,2,4699,self,0.0509499999999937,0,93,
2025-11-27T08:49:52.134965+00:00,train,2,4700,self,0.0509499999999937,0,97,
